           443	2024-07-01 05:38:57	1	1	1	0
           124	2024-07-01 06:06:54	1	1	15	0
           418	2024-07-01 06:16:50	1	1	1	0
           196	2024-07-01 06:28:50	1	1	1	0
           632	2024-07-01 06:29:03	1	1	1	0
           387	2024-07-01 06:29:12	1	1	15	0
           119	2024-07-01 06:29:25	1	1	15	0
           422	2024-07-01 06:37:05	1	1	1	0
           305	2024-07-01 06:37:14	1	1	1	0
           370	2024-07-01 06:38:06	1	1	15	0
           366	2024-07-01 06:48:26	1	1	1	0
           556	2024-07-01 06:52:57	1	1	1	0
           460	2024-07-01 06:57:32	1	1	1	0
           600	2024-07-01 06:59:18	1	1	1	0
           567	2024-07-01 07:00:37	1	1	1	0
           566	2024-07-01 07:01:31	1	1	1	0
           581	2024-07-01 07:01:46	1	1	1	0
           582	2024-07-01 07:03:44	1	1	1	0
           149	2024-07-01 07:04:56	1	1	1	0
           398	2024-07-01 07:07:40	1	1	1	0
           360	2024-07-01 07:07:53	1	1	1	0
            38	2024-07-01 07:10:08	1	1	1	0
           397	2024-07-01 07:16:21	1	1	1	0
           523	2024-07-01 07:16:58	1	1	1	0
           123	2024-07-01 07:20:50	1	1	1	0
            27	2024-07-01 07:23:05	1	1	15	0
           453	2024-07-01 07:23:12	1	1	1	0
           348	2024-07-01 07:23:30	1	1	15	0
           604	2024-07-01 07:23:41	1	1	1	0
           601	2024-07-01 07:23:48	1	1	1	0
           125	2024-07-01 07:24:06	1	1	1	0
           492	2024-07-01 07:24:11	1	1	1	0
           573	2024-07-01 07:24:33	1	1	1	0
           434	2024-07-01 07:29:55	1	1	1	0
           101	2024-07-01 07:30:09	1	1	1	0
           631	2024-07-01 07:33:12	1	1	1	0
           355	2024-07-01 07:33:27	1	1	1	0
           115	2024-07-01 07:34:08	1	1	1	0
           485	2024-07-01 07:34:46	1	1	1	0
           408	2024-07-01 07:37:11	1	1	1	0
            43	2024-07-01 07:39:19	1	1	1	0
           184	2024-07-01 07:39:47	1	1	1	0
            69	2024-07-01 07:41:33	1	1	1	0
           620	2024-07-01 07:42:02	1	1	1	0
           363	2024-07-01 07:42:48	1	1	1	0
           252	2024-07-01 07:43:18	1	1	15	0
           580	2024-07-01 07:45:30	1	1	1	0
           589	2024-07-01 07:45:37	1	1	1	0
           361	2024-07-01 07:46:26	1	1	1	0
           444	2024-07-01 07:46:37	1	1	1	0
           200	2024-07-01 07:47:06	1	1	1	0
           338	2024-07-01 07:48:21	1	1	1	0
           403	2024-07-01 07:49:08	1	1	1	0
           493	2024-07-01 07:50:00	1	1	1	0
           331	2024-07-01 07:50:09	1	1	1	0
           182	2024-07-01 07:51:20	1	1	1	0
            40	2024-07-01 07:51:51	1	1	1	0
           609	2024-07-01 07:51:58	1	1	1	0
           465	2024-07-01 07:53:48	1	1	1	0
           375	2024-07-01 07:54:14	1	1	1	0
           114	2024-07-01 07:54:39	1	1	1	0
           529	2024-07-01 07:56:35	1	1	1	0
           603	2024-07-01 07:56:38	1	1	1	0
           541	2024-07-01 07:57:57	1	1	1	0
           335	2024-07-01 07:58:03	1	1	1	0
           467	2024-07-01 07:59:12	1	1	1	0
           575	2024-07-01 08:04:03	1	1	1	0
           194	2024-07-01 08:11:41	1	1	1	0
           516	2024-07-01 08:13:07	1	1	1	0
           584	2024-07-01 08:14:33	1	1	1	0
           249	2024-07-01 08:15:03	1	1	1	0
           236	2024-07-01 08:19:30	1	1	1	0
           183	2024-07-01 08:25:39	1	0	1	0
           583	2024-07-01 08:27:04	1	0	1	0
            77	2024-07-01 08:33:40	1	0	1	0
           405	2024-07-01 08:56:29	1	0	1	0
           460	2024-07-01 11:05:56	1	0	1	0
           410	2024-07-01 11:06:09	1	0	15	0
           460	2024-07-01 11:23:28	1	0	1	0
           366	2024-07-01 11:32:17	1	0	1	0
           123	2024-07-01 11:32:35	1	0	1	0
           600	2024-07-01 11:32:42	1	0	1	0
           196	2024-07-01 11:32:59	1	0	1	0
           566	2024-07-01 11:33:09	1	0	1	0
           119	2024-07-01 11:33:36	1	0	15	0
           387	2024-07-01 11:33:55	1	0	15	0
           582	2024-07-01 11:34:01	1	0	1	0
           443	2024-07-01 11:34:14	1	0	1	0
           422	2024-07-01 11:34:55	1	0	1	0
           581	2024-07-01 11:35:32	1	0	15	0
           360	2024-07-01 11:35:40	1	0	1	0
           632	2024-07-01 11:35:44	1	0	1	0
           573	2024-07-01 11:58:22	1	0	1	0
           366	2024-07-01 11:58:35	1	0	1	0
           600	2024-07-01 11:58:40	1	0	1	0
           115	2024-07-01 11:58:44	1	0	1	0
           582	2024-07-01 12:00:18	1	0	1	0
           556	2024-07-01 12:00:29	1	0	1	0
           443	2024-07-01 12:00:36	1	0	1	0
           119	2024-07-01 12:01:05	1	0	15	0
           236	2024-07-01 12:01:16	1	0	1	0
           370	2024-07-01 12:01:24	1	0	15	0
           635	2024-07-01 12:01:31	1	0	1	0
           541	2024-07-01 12:01:36	1	0	1	0
           467	2024-07-01 12:01:40	1	0	1	0
           422	2024-07-01 12:01:49	1	0	1	0
           387	2024-07-01 12:01:57	1	0	15	0
           196	2024-07-01 12:02:02	1	0	1	0
           604	2024-07-01 12:02:09	1	0	1	0
           125	2024-07-01 12:02:15	1	0	1	0
           101	2024-07-01 12:02:21	1	0	1	0
           252	2024-07-01 12:02:35	1	0	15	0
           580	2024-07-01 12:02:41	1	0	1	0
            38	2024-07-01 12:02:48	1	0	1	0
           601	2024-07-01 12:02:53	1	0	1	0
           453	2024-07-01 12:03:00	1	0	1	0
            27	2024-07-01 12:03:06	1	0	15	0
           184	2024-07-01 12:03:12	1	0	1	0
           182	2024-07-01 12:03:17	1	0	15	0
           493	2024-07-01 12:03:34	1	0	1	0
           631	2024-07-01 12:03:42	1	0	1	0
           403	2024-07-01 12:04:43	1	0	1	0
           121	2024-07-01 12:04:46	1	0	1	0
           249	2024-07-01 12:04:55	1	0	1	0
           589	2024-07-01 12:05:03	1	0	1	0
           529	2024-07-01 12:05:09	1	0	1	0
           583	2024-07-01 12:05:13	1	0	1	0
           603	2024-07-01 12:05:18	1	0	1	0
           331	2024-07-01 12:06:25	1	0	1	0
           149	2024-07-01 12:06:38	1	0	1	0
           355	2024-07-01 12:06:47	1	0	1	0
           523	2024-07-01 12:06:53	1	0	1	0
           360	2024-07-01 12:07:07	1	0	1	0
           348	2024-07-01 12:07:58	1	0	1	0
           609	2024-07-01 12:08:32	1	0	1	0
           194	2024-07-01 12:10:06	1	0	1	0
           444	2024-07-01 12:10:09	1	0	1	0
           312	2024-07-01 12:10:20	1	0	1	0
           584	2024-07-01 12:10:28	1	0	1	0
           200	2024-07-01 12:10:54	1	0	1	0
            69	2024-07-01 12:12:47	1	0	1	0
           465	2024-07-01 12:13:42	1	0	1	0
           575	2024-07-01 12:14:18	1	0	1	0
           573	2024-07-01 12:14:34	1	0	1	0
           115	2024-07-01 12:14:52	1	0	1	0
           123	2024-07-01 12:15:51	1	0	1	0
           586	2024-07-01 12:15:57	1	0	1	0
           541	2024-07-01 12:16:58	1	0	15	0
           467	2024-07-01 12:17:03	1	0	1	0
           434	2024-07-01 12:20:07	1	0	1	0
           335	2024-07-01 12:20:10	1	0	1	0
            77	2024-07-01 12:20:30	1	0	1	0
           583	2024-07-01 12:21:28	1	0	1	0
           581	2024-07-01 12:21:31	1	0	1	0
           331	2024-07-01 12:22:44	1	0	1	0
           101	2024-07-01 12:23:01	1	0	1	0
           149	2024-07-01 12:23:21	1	0	1	0
           249	2024-07-01 12:24:41	1	0	1	0
           121	2024-07-01 12:24:47	1	0	1	0
            38	2024-07-01 12:24:54	1	0	1	0
           589	2024-07-01 12:25:02	1	0	1	0
           492	2024-07-01 12:26:12	1	0	1	0
            27	2024-07-01 12:26:34	1	0	15	0
           493	2024-07-01 12:27:05	1	0	1	0
           453	2024-07-01 12:27:34	1	0	1	0
           375	2024-07-01 12:27:49	1	0	1	0
           363	2024-07-01 12:27:55	1	0	1	0
           361	2024-07-01 12:28:00	1	0	1	0
           183	2024-07-01 12:28:09	1	0	1	0
           631	2024-07-01 12:28:19	1	0	1	0
           417	2024-07-01 12:28:30	1	0	1	0
           405	2024-07-01 12:28:37	1	0	1	0
           338	2024-07-01 12:28:40	1	0	1	0
           516	2024-07-01 12:28:46	1	0	15	0
           523	2024-07-01 12:29:12	1	0	1	0
            69	2024-07-01 12:29:48	1	0	1	0
           635	2024-07-01 12:31:10	1	0	1	0
           465	2024-07-01 12:32:54	1	0	1	0
           414	2024-07-01 12:33:11	1	0	1	0
           403	2024-07-01 12:34:05	1	0	1	0
           236	2024-07-01 12:34:45	1	0	1	0
            77	2024-07-01 12:36:13	1	0	1	0
           335	2024-07-01 12:37:18	1	0	1	0
           184	2024-07-01 12:38:08	1	0	1	0
           601	2024-07-01 12:38:12	1	0	1	0
           348	2024-07-01 12:39:25	1	0	1	0
           604	2024-07-01 12:41:28	1	0	1	0
           125	2024-07-01 12:41:34	1	0	1	0
           580	2024-07-01 12:41:40	1	0	1	0
           556	2024-07-01 12:41:44	1	0	1	0
           575	2024-07-01 12:41:49	1	0	1	0
           492	2024-07-01 12:42:03	1	0	1	0
           566	2024-07-01 12:42:45	1	0	1	0
           609	2024-07-01 12:43:10	1	0	1	0
           516	2024-07-01 12:44:23	1	0	1	0
           252	2024-07-01 12:45:13	1	0	15	0
            43	2024-07-01 12:46:36	1	0	1	0
           312	2024-07-01 12:47:19	1	0	1	0
           183	2024-07-01 12:47:23	1	0	1	0
           529	2024-07-01 12:47:51	1	0	1	0
           603	2024-07-01 12:48:00	1	0	1	0
           194	2024-07-01 12:48:26	1	0	1	0
           584	2024-07-01 12:50:20	1	0	1	0
           586	2024-07-01 12:52:24	1	0	1	0
           444	2024-07-01 12:53:36	1	0	1	0
           434	2024-07-01 12:55:51	1	0	1	0
           375	2024-07-01 12:57:12	1	0	1	0
           405	2024-07-01 12:57:18	1	0	1	0
           363	2024-07-01 12:57:23	1	0	1	0
           417	2024-07-01 12:57:39	1	0	15	0
           361	2024-07-01 12:57:47	1	0	1	0
           370	2024-07-01 12:57:54	1	0	15	0
           200	2024-07-01 12:58:07	1	0	1	0
           182	2024-07-01 12:59:01	1	0	1	0
            40	2024-07-01 13:07:14	1	0	1	0
           485	2024-07-01 13:11:27	1	0	1	0
           485	2024-07-01 13:29:06	1	0	1	0
            40	2024-07-01 13:54:51	1	0	1	0
           418	2024-07-01 14:05:10	1	0	1	0
           124	2024-07-01 14:42:04	1	0	15	0
           305	2024-07-01 15:06:26	1	0	1	0
           620	2024-07-01 16:07:59	1	0	1	0
           460	2024-07-01 16:19:37	1	0	1	0
           581	2024-07-01 17:00:04	1	0	1	0
           123	2024-07-01 17:00:10	1	0	1	0
           582	2024-07-01 17:00:14	1	0	1	0
           566	2024-07-01 17:00:23	1	0	1	0
           600	2024-07-01 17:00:31	1	0	1	0
           366	2024-07-01 17:00:37	1	0	1	0
           443	2024-07-01 17:00:43	1	0	1	0
           387	2024-07-01 17:00:53	1	0	15	0
           422	2024-07-01 17:01:00	1	0	1	0
           493	2024-07-01 17:01:04	1	0	1	0
           604	2024-07-01 17:01:10	1	0	1	0
           125	2024-07-01 17:01:16	1	0	1	0
           397	2024-07-01 17:01:21	1	0	1	0
           252	2024-07-01 17:01:27	1	0	1	0
           119	2024-07-01 17:01:37	1	0	15	0
           348	2024-07-01 17:01:44	1	0	1	0
           601	2024-07-01 17:01:55	1	0	1	0
           586	2024-07-01 17:02:36	1	0	1	0
           236	2024-07-01 17:02:52	1	0	1	0
           609	2024-07-01 17:03:16	1	0	1	0
           453	2024-07-01 17:03:26	1	0	1	0
           635	2024-07-01 17:03:35	1	0	1	0
           580	2024-07-01 17:03:50	1	0	1	0
            77	2024-07-01 17:04:02	1	0	1	0
           575	2024-07-01 17:04:26	1	0	1	0
           196	2024-07-01 17:04:31	1	0	1	0
           370	2024-07-01 17:04:38	1	0	15	0
           149	2024-07-01 17:04:45	1	0	1	0
            38	2024-07-01 17:05:07	1	0	1	0
           631	2024-07-01 17:05:27	1	0	1	0
           182	2024-07-01 17:05:39	1	0	1	0
           467	2024-07-01 17:06:43	1	0	1	0
           573	2024-07-01 17:07:00	1	0	1	0
           541	2024-07-01 17:07:05	1	0	1	0
           115	2024-07-01 17:07:16	1	0	1	0
           194	2024-07-01 17:08:39	1	0	1	0
           583	2024-07-01 17:09:01	1	0	1	0
           523	2024-07-01 17:09:06	1	0	1	0
           403	2024-07-01 17:11:41	1	0	1	0
           360	2024-07-01 17:11:50	1	0	1	0
           398	2024-07-01 17:11:56	1	0	1	0
            69	2024-07-01 17:12:14	1	0	1	0
           331	2024-07-01 17:16:19	1	0	1	0
           121	2024-07-01 17:17:01	1	0	1	0
           375	2024-07-01 17:17:08	1	0	1	0
           405	2024-07-01 17:17:16	1	0	1	0
           249	2024-07-01 17:17:24	1	0	1	0
           589	2024-07-01 17:17:53	1	0	1	0
           417	2024-07-01 17:20:02	1	0	15	0
           361	2024-07-01 17:20:35	1	0	1	0
           363	2024-07-01 17:20:58	1	0	1	0
           434	2024-07-01 17:21:27	1	0	1	0
           355	2024-07-01 17:23:05	1	0	1	0
           529	2024-07-01 17:25:15	1	0	1	0
           603	2024-07-01 17:25:23	1	0	1	0
           183	2024-07-01 17:25:37	1	0	1	0
            43	2024-07-01 17:33:58	1	0	1	0
           584	2024-07-01 17:34:30	1	0	1	0
           556	2024-07-01 17:46:48	1	0	1	0
           408	2024-07-01 17:59:42	1	0	1	0
           338	2024-07-01 17:59:48	1	0	1	0
           184	2024-07-01 18:09:00	1	0	1	0
           485	2024-07-01 18:11:57	1	0	1	0
           312	2024-07-01 18:16:35	1	0	1	0
           101	2024-07-01 18:33:42	1	0	1	0
           444	2024-07-01 18:34:38	1	0	1	0
           200	2024-07-01 18:35:52	1	0	1	0
           335	2024-07-01 19:14:42	1	0	1	0
           492	2024-07-01 19:17:50	1	0	1	0
            40	2024-07-01 19:40:29	1	0	1	0
           414	2024-07-01 20:01:21	1	0	1	0
           516	2024-07-01 20:01:28	1	0	1	0
           465	2024-07-01 20:20:05	1	0	1	0
           567	2024-07-01 21:48:23	1	0	1	0
           124	2024-07-01 23:00:53	1	0	15	0
           305	2024-07-02 05:49:46	1	0	1	0
           567	2024-07-02 06:00:45	1	0	1	0
           387	2024-07-02 06:26:05	1	0	15	0
           453	2024-07-02 06:32:52	1	0	1	0
            27	2024-07-02 06:33:02	1	0	15	0
           348	2024-07-02 06:33:25	1	0	15	0
            40	2024-07-02 06:35:42	1	0	1	0
           355	2024-07-02 06:35:52	1	0	1	0
           422	2024-07-02 06:38:14	1	0	1	0
           196	2024-07-02 06:41:20	1	0	1	0
           119	2024-07-02 06:41:33	1	0	15	0
           632	2024-07-02 06:41:41	1	0	1	0
           476	2024-07-02 06:42:03	1	0	1	0
           312	2024-07-02 06:42:54	1	0	1	0
           397	2024-07-02 06:46:32	1	0	1	0
           443	2024-07-02 06:57:47	1	0	1	0
           600	2024-07-02 06:58:35	1	0	1	0
           460	2024-07-02 07:08:52	1	0	1	0
           366	2024-07-02 07:09:41	1	0	1	0
           523	2024-07-02 07:11:23	1	0	1	0
           360	2024-07-02 07:12:02	1	0	1	0
           566	2024-07-02 07:13:08	1	0	1	0
           123	2024-07-02 07:18:03	1	0	1	0
           182	2024-07-02 07:19:37	1	0	1	0
           493	2024-07-02 07:23:00	1	0	1	0
           434	2024-07-02 07:23:35	1	0	1	0
           149	2024-07-02 07:26:24	1	0	1	0
           582	2024-07-02 07:26:51	1	0	1	0
           603	2024-07-02 07:29:02	1	0	1	0
           115	2024-07-02 07:29:11	1	0	1	0
           529	2024-07-02 07:29:21	1	0	1	0
           620	2024-07-02 07:32:18	1	0	1	0
           444	2024-07-02 07:36:51	1	0	1	0
           584	2024-07-02 07:37:23	1	0	1	0
           601	2024-07-02 07:37:55	1	0	1	0
           101	2024-07-02 07:39:09	1	0	1	0
           408	2024-07-02 07:39:59	1	0	1	0
           492	2024-07-02 07:42:19	1	0	1	0
           573	2024-07-02 07:43:22	1	0	1	0
           631	2024-07-02 07:44:03	1	0	1	0
           589	2024-07-02 07:44:08	1	0	1	0
            69	2024-07-02 07:45:16	1	0	1	0
            43	2024-07-02 07:47:32	1	0	1	0
           467	2024-07-02 07:51:15	1	0	1	0
           604	2024-07-02 07:52:44	1	0	1	0
           194	2024-07-02 07:52:51	1	0	1	0
            38	2024-07-02 07:53:18	1	0	1	0
           575	2024-07-02 07:53:35	1	0	1	0
           502	2024-07-02 07:54:38	1	0	1	0
           583	2024-07-02 07:54:53	1	0	1	0
           580	2024-07-02 07:54:58	1	0	1	0
           398	2024-07-02 07:55:15	1	0	1	0
           465	2024-07-02 07:55:30	1	0	1	0
            75	2024-07-02 07:55:49	1	0	1	0
           205	2024-07-02 07:55:55	1	0	1	0
           338	2024-07-02 07:56:06	1	0	1	0
           370	2024-07-02 07:56:53	1	0	15	0
           609	2024-07-02 07:58:27	1	0	1	0
           361	2024-07-02 07:58:32	1	0	1	0
           331	2024-07-02 07:59:04	1	0	1	0
           363	2024-07-02 08:01:10	1	0	1	0
           541	2024-07-02 08:02:20	1	0	1	0
           184	2024-07-02 08:03:25	1	0	1	0
           586	2024-07-02 08:04:07	1	0	1	0
           252	2024-07-02 08:05:22	1	0	15	0
           556	2024-07-02 08:06:29	1	0	1	0
           183	2024-07-02 08:08:09	1	0	1	0
           236	2024-07-02 08:10:16	1	0	1	0
           516	2024-07-02 08:17:44	1	0	1	0
           405	2024-07-02 08:21:30	1	0	1	0
           485	2024-07-02 08:38:07	1	0	1	0
           460	2024-07-02 11:11:03	1	0	1	0
           360	2024-07-02 11:30:12	1	0	1	0
           600	2024-07-02 11:30:34	1	0	1	0
           632	2024-07-02 11:30:45	1	0	1	0
           582	2024-07-02 11:31:21	1	0	1	0
           119	2024-07-02 11:31:27	1	0	15	0
           123	2024-07-02 11:32:19	1	0	1	0
           566	2024-07-02 11:32:26	1	0	1	0
           196	2024-07-02 11:32:33	1	0	1	0
           443	2024-07-02 11:33:18	1	0	1	0
           366	2024-07-02 11:35:50	1	0	1	0
           387	2024-07-02 11:36:20	1	0	15	0
           422	2024-07-02 11:36:58	1	0	1	0
           460	2024-07-02 11:38:01	1	0	1	0
           366	2024-07-02 11:55:21	1	0	1	0
           600	2024-07-02 11:55:25	1	0	1	0
           123	2024-07-02 11:59:13	1	0	1	0
           114	2024-07-02 12:00:08	1	0	1	0
           453	2024-07-02 12:00:18	1	0	1	0
           183	2024-07-02 12:00:25	1	0	1	0
           493	2024-07-02 12:00:45	1	0	1	0
           196	2024-07-02 12:00:51	1	0	1	0
           387	2024-07-02 12:01:01	1	0	15	0
           422	2024-07-02 12:01:10	1	0	1	0
           586	2024-07-02 12:01:16	1	0	1	0
           609	2024-07-02 12:01:25	1	0	1	0
           119	2024-07-02 12:01:33	1	0	15	0
           566	2024-07-02 12:01:40	1	0	1	0
           556	2024-07-02 12:01:51	1	0	1	0
           443	2024-07-02 12:01:56	1	0	1	0
            38	2024-07-02 12:02:01	1	0	1	0
           149	2024-07-02 12:02:11	1	0	1	0
           236	2024-07-02 12:02:26	1	0	1	0
           604	2024-07-02 12:04:13	1	0	1	0
           583	2024-07-02 12:04:32	1	0	1	0
           631	2024-07-02 12:05:21	1	0	1	0
           434	2024-07-02 12:06:31	1	0	1	0
           348	2024-07-02 12:06:42	1	0	1	0
           465	2024-07-02 12:06:52	1	0	1	0
            75	2024-07-02 12:07:01	1	0	1	0
           205	2024-07-02 12:07:07	1	0	1	0
           184	2024-07-02 12:07:15	1	0	1	0
           182	2024-07-02 12:07:31	1	0	1	0
           589	2024-07-02 12:07:40	1	0	1	0
           492	2024-07-02 12:07:47	1	0	1	0
           516	2024-07-02 12:07:56	1	0	1	0
           194	2024-07-02 12:08:02	1	0	1	0
           121	2024-07-02 12:08:25	1	0	1	0
            43	2024-07-02 12:08:35	1	0	1	0
           252	2024-07-02 12:09:38	1	0	15	0
           115	2024-07-02 12:09:50	1	0	1	0
           601	2024-07-02 12:10:46	1	0	1	0
           584	2024-07-02 12:11:12	1	0	1	0
           580	2024-07-02 12:13:09	1	0	1	0
           370	2024-07-02 12:13:38	1	0	15	0
           331	2024-07-02 12:15:01	1	0	1	0
           523	2024-07-02 12:15:07	1	0	1	0
           493	2024-07-02 12:15:55	1	0	1	0
           453	2024-07-02 12:16:03	1	0	1	0
           467	2024-07-02 12:16:13	1	0	1	0
           573	2024-07-02 12:16:20	1	0	1	0
           586	2024-07-02 12:19:52	1	0	1	0
           583	2024-07-02 12:20:13	1	0	1	0
           604	2024-07-02 12:20:31	1	0	1	0
           101	2024-07-02 12:20:57	1	0	1	0
           465	2024-07-02 12:22:05	1	0	1	0
           205	2024-07-02 12:22:10	1	0	1	0
           114	2024-07-02 12:22:16	1	0	1	0
           541	2024-07-02 12:22:47	1	0	1	0
            75	2024-07-02 12:22:55	1	0	1	0
           492	2024-07-02 12:23:03	1	0	1	0
           516	2024-07-02 12:23:09	1	0	1	0
            38	2024-07-02 12:23:51	1	0	1	0
           444	2024-07-02 12:24:27	1	0	1	0
           529	2024-07-02 12:26:09	1	0	1	0
           603	2024-07-02 12:26:22	1	0	1	0
           115	2024-07-02 12:26:34	1	0	1	0
           149	2024-07-02 12:26:47	1	0	1	0
           338	2024-07-02 12:28:40	1	0	1	0
           408	2024-07-02 12:28:49	1	0	1	0
           631	2024-07-02 12:29:13	1	0	1	0
           183	2024-07-02 12:29:41	1	0	1	0
            43	2024-07-02 12:30:33	1	0	1	0
           601	2024-07-02 12:30:51	1	0	1	0
           331	2024-07-02 12:32:19	1	0	1	0
           184	2024-07-02 12:34:00	1	0	1	0
           360	2024-07-02 12:34:52	1	0	1	0
           434	2024-07-02 12:35:08	1	0	1	0
           182	2024-07-02 12:35:21	1	0	1	0
           584	2024-07-02 12:35:26	1	0	1	0
           609	2024-07-02 12:35:31	1	0	1	0
           121	2024-07-02 12:35:35	1	0	1	0
           589	2024-07-02 12:35:42	1	0	1	0
           573	2024-07-02 12:35:52	1	0	1	0
           467	2024-07-02 12:35:57	1	0	1	0
           502	2024-07-02 12:36:06	1	0	1	0
           580	2024-07-02 12:37:56	1	0	1	0
           575	2024-07-02 12:41:42	1	0	1	0
           405	2024-07-02 12:42:12	1	0	1	0
           361	2024-07-02 12:42:18	1	0	1	0
           363	2024-07-02 12:42:26	1	0	1	0
           194	2024-07-02 12:44:08	1	0	1	0
           252	2024-07-02 12:44:15	1	0	15	0
           236	2024-07-02 12:48:02	1	0	1	0
           348	2024-07-02 12:48:48	1	0	15	0
           556	2024-07-02 12:49:40	1	0	1	0
           370	2024-07-02 12:49:50	1	0	15	0
           529	2024-07-02 12:50:56	1	0	1	0
           603	2024-07-02 12:51:00	1	0	1	0
           444	2024-07-02 12:51:06	1	0	1	0
           338	2024-07-02 12:53:28	1	0	1	0
           502	2024-07-02 12:55:02	1	0	1	0
           523	2024-07-02 12:57:01	1	0	1	0
           541	2024-07-02 12:57:13	1	0	1	0
           575	2024-07-02 12:57:19	1	0	1	0
           363	2024-07-02 12:57:52	1	0	1	0
           361	2024-07-02 12:58:13	1	0	1	0
           405	2024-07-02 12:58:24	1	0	1	0
           101	2024-07-02 12:59:18	1	0	1	0
           485	2024-07-02 13:06:01	1	0	1	0
           485	2024-07-02 13:23:44	1	0	1	0
           305	2024-07-02 14:01:36	1	0	1	0
           124	2024-07-02 14:18:28	1	0	15	0
           567	2024-07-02 14:29:04	1	0	1	0
           620	2024-07-02 16:02:03	1	0	1	0
           460	2024-07-02 16:26:06	1	0	1	0
           397	2024-07-02 17:00:05	1	0	1	0
           422	2024-07-02 17:00:12	1	0	1	0
           493	2024-07-02 17:00:16	1	0	1	0
           387	2024-07-02 17:00:22	1	0	15	0
           115	2024-07-02 17:00:30	1	0	1	0
           443	2024-07-02 17:00:37	1	0	1	0
           600	2024-07-02 17:00:41	1	0	1	0
           149	2024-07-02 17:00:47	1	0	1	0
           366	2024-07-02 17:00:59	1	0	1	0
           603	2024-07-02 17:01:03	1	0	1	0
           194	2024-07-02 17:01:07	1	0	1	0
           331	2024-07-02 17:01:11	1	0	1	0
           123	2024-07-02 17:01:15	1	0	1	0
           631	2024-07-02 17:01:30	1	0	1	0
           556	2024-07-02 17:01:43	1	0	1	0
           196	2024-07-02 17:01:51	1	0	1	0
           252	2024-07-02 17:01:58	1	0	15	0
           119	2024-07-02 17:02:06	1	0	15	0
           582	2024-07-02 17:02:12	1	0	1	0
           604	2024-07-02 17:02:23	1	0	1	0
           575	2024-07-02 17:02:29	1	0	1	0
           502	2024-07-02 17:02:33	1	0	1	0
           583	2024-07-02 17:02:39	1	0	1	0
           601	2024-07-02 17:02:58	1	0	1	0
            38	2024-07-02 17:03:09	1	0	1	0
           541	2024-07-02 17:03:29	1	0	1	0
           609	2024-07-02 17:03:36	1	0	1	0
           444	2024-07-02 17:04:08	1	0	1	0
           529	2024-07-02 17:04:11	1	0	1	0
           476	2024-07-02 17:04:21	1	0	1	0
           182	2024-07-02 17:04:57	1	0	1	0
           586	2024-07-02 17:05:05	1	0	1	0
           360	2024-07-02 17:06:25	1	0	1	0
           398	2024-07-02 17:06:30	1	0	1	0
            27	2024-07-02 17:06:42	1	0	15	0
           348	2024-07-02 17:06:52	1	0	15	0
           453	2024-07-02 17:07:56	1	0	1	0
           523	2024-07-02 17:09:04	1	0	1	0
           183	2024-07-02 17:09:47	1	0	1	0
           405	2024-07-02 17:10:40	1	0	1	0
           370	2024-07-02 17:10:52	1	0	15	0
           361	2024-07-02 17:11:03	1	0	1	0
           467	2024-07-02 17:12:26	1	0	1	0
            69	2024-07-02 17:12:32	1	0	1	0
           114	2024-07-02 17:12:41	1	0	1	0
           584	2024-07-02 17:12:49	1	0	1	0
           573	2024-07-02 17:13:49	1	0	1	0
           363	2024-07-02 17:14:36	1	0	1	0
           589	2024-07-02 17:15:05	1	0	1	0
           121	2024-07-02 17:15:50	1	0	1	0
           580	2024-07-02 17:16:08	1	0	1	0
           249	2024-07-02 17:16:17	1	0	1	0
           434	2024-07-02 17:17:19	1	0	1	0
           566	2024-07-02 17:17:58	1	0	1	0
           101	2024-07-02 17:18:09	1	0	1	0
           335	2024-07-02 17:20:00	1	0	1	0
            43	2024-07-02 17:20:29	1	0	1	0
           236	2024-07-02 17:20:50	1	0	1	0
           105	2024-07-02 17:33:09	1	0	1	0
           338	2024-07-02 17:33:17	1	0	1	0
           408	2024-07-02 17:33:21	1	0	1	0
           184	2024-07-02 17:36:04	1	0	1	0
           492	2024-07-02 17:46:25	1	0	1	0
           312	2024-07-02 17:46:31	1	0	1	0
           355	2024-07-02 17:52:02	1	0	1	0
           485	2024-07-02 18:01:26	1	0	1	0
           465	2024-07-02 18:24:19	1	0	1	0
            75	2024-07-02 18:24:35	1	0	1	0
           516	2024-07-02 19:16:55	1	0	1	0
           124	2024-07-02 22:03:20	1	0	15	0
            70	2024-07-02 22:36:55	1	0	1	0
           567	2024-07-02 23:01:16	1	0	1	0
           119	2024-07-03 06:24:18	1	0	15	0
           196	2024-07-03 06:24:28	1	0	1	0
           632	2024-07-03 06:24:48	1	0	1	0
           422	2024-07-03 06:27:00	1	0	1	0
           387	2024-07-03 06:28:08	1	0	15	0
           124	2024-07-03 06:36:00	1	0	15	0
           408	2024-07-03 06:36:17	1	0	1	0
           443	2024-07-03 06:44:34	1	0	15	0
           405	2024-07-03 06:51:42	1	0	1	0
           361	2024-07-03 06:53:58	1	0	1	0
           398	2024-07-03 06:54:16	1	0	1	0
           600	2024-07-03 06:54:31	1	0	1	0
           363	2024-07-03 06:55:47	1	0	1	0
            70	2024-07-03 07:00:18	1	0	1	0
           149	2024-07-03 07:02:00	1	0	1	0
           582	2024-07-03 07:03:31	1	0	1	0
           366	2024-07-03 07:07:02	1	0	1	0
           360	2024-07-03 07:08:02	1	0	1	0
           460	2024-07-03 07:08:14	1	0	1	0
           434	2024-07-03 07:14:33	1	0	1	0
           370	2024-07-03 07:17:27	1	0	15	0
           573	2024-07-03 07:18:55	1	0	1	0
           581	2024-07-03 07:21:14	1	0	1	0
           123	2024-07-03 07:22:04	1	0	1	0
           523	2024-07-03 07:24:06	1	0	15	0
           375	2024-07-03 07:24:14	1	0	1	0
            38	2024-07-03 07:25:37	1	0	1	0
           603	2024-07-03 07:25:53	1	0	1	0
           620	2024-07-03 07:26:35	1	0	1	0
            27	2024-07-03 07:27:03	1	0	15	0
           453	2024-07-03 07:27:08	1	0	15	0
           115	2024-07-03 07:28:28	1	0	1	0
           348	2024-07-03 07:28:42	1	0	15	0
           403	2024-07-03 07:29:39	1	0	1	0
           631	2024-07-03 07:33:08	1	0	1	0
           492	2024-07-03 07:35:52	1	0	1	0
           338	2024-07-03 07:36:06	1	0	1	0
           444	2024-07-03 07:36:36	1	0	1	0
           584	2024-07-03 07:37:52	1	0	1	0
            43	2024-07-03 07:38:50	1	0	1	0
           624	2024-07-03 07:39:54	1	0	1	0
           114	2024-07-03 07:39:58	1	0	1	0
           397	2024-07-03 07:40:16	1	0	1	0
           601	2024-07-03 07:40:37	1	0	1	0
           105	2024-07-03 07:41:18	1	0	1	0
           493	2024-07-03 07:41:48	1	0	1	0
           355	2024-07-03 07:43:13	1	0	1	0
           580	2024-07-03 07:43:19	1	0	1	0
           331	2024-07-03 07:44:23	1	0	1	0
           236	2024-07-03 07:45:25	1	0	1	0
           101	2024-07-03 07:45:30	1	0	1	0
           335	2024-07-03 07:45:38	1	0	1	0
           556	2024-07-03 07:46:06	1	0	1	0
           575	2024-07-03 07:46:35	1	0	1	0
           194	2024-07-03 07:47:27	1	0	1	0
           417	2024-07-03 07:48:01	1	0	1	0
           589	2024-07-03 07:48:10	1	0	1	0
           635	2024-07-03 07:48:17	1	0	1	0
            69	2024-07-03 07:48:43	1	0	1	0
           529	2024-07-03 07:51:05	1	0	1	0
           541	2024-07-03 07:51:57	1	0	1	0
           467	2024-07-03 07:52:05	1	0	1	0
           609	2024-07-03 07:52:17	1	0	1	0
           476	2024-07-03 07:53:26	1	0	1	0
           312	2024-07-03 07:54:15	1	0	1	0
           586	2024-07-03 07:55:12	1	0	1	0
           502	2024-07-03 07:55:29	1	0	1	0
            40	2024-07-03 07:56:13	1	0	1	0
           200	2024-07-03 07:56:33	1	0	1	0
           516	2024-07-03 07:57:42	1	0	1	0
           184	2024-07-03 07:57:51	1	0	1	0
           146	2024-07-03 07:58:08	1	0	15	0
           252	2024-07-03 07:58:14	1	0	15	0
           182	2024-07-03 07:59:54	1	0	1	0
           121	2024-07-03 08:01:18	1	0	1	0
           465	2024-07-03 08:01:28	1	0	1	0
            75	2024-07-03 08:01:36	1	0	1	0
           183	2024-07-03 08:10:44	1	0	1	0
           583	2024-07-03 08:13:50	1	0	1	0
           249	2024-07-03 08:14:18	1	0	1	0
           485	2024-07-03 08:32:26	1	0	1	0
            77	2024-07-03 08:43:22	1	0	1	0
           460	2024-07-03 11:05:18	1	0	1	0
           460	2024-07-03 11:30:12	1	0	1	0
           600	2024-07-03 11:33:06	1	0	1	0
           581	2024-07-03 11:33:32	1	0	1	0
           632	2024-07-03 11:33:42	1	0	1	0
           119	2024-07-03 11:34:07	1	0	15	0
           582	2024-07-03 11:35:23	1	0	1	0
           360	2024-07-03 11:35:32	1	0	1	0
           196	2024-07-03 11:35:42	1	0	1	0
           422	2024-07-03 11:35:50	1	0	1	0
           123	2024-07-03 11:36:03	1	0	1	0
           366	2024-07-03 11:36:26	1	0	1	0
           443	2024-07-03 11:36:32	1	0	1	0
           387	2024-07-03 11:36:46	1	0	15	0
           123	2024-07-03 11:55:43	1	0	1	0
           600	2024-07-03 11:55:49	1	0	1	0
           443	2024-07-03 11:57:15	1	0	1	0
           366	2024-07-03 12:00:08	1	0	1	0
           387	2024-07-03 12:00:19	1	0	15	0
           338	2024-07-03 12:00:23	1	0	1	0
           422	2024-07-03 12:00:56	1	0	1	0
           196	2024-07-03 12:01:02	1	0	1	0
           119	2024-07-03 12:01:10	1	0	15	0
           236	2024-07-03 12:01:19	1	0	1	0
           581	2024-07-03 12:01:30	1	0	1	0
           184	2024-07-03 12:01:39	1	0	1	0
           397	2024-07-03 12:01:45	1	0	1	0
           582	2024-07-03 12:01:51	1	0	1	0
            69	2024-07-03 12:01:56	1	0	1	0
           589	2024-07-03 12:02:24	1	0	1	0
           121	2024-07-03 12:02:33	1	0	1	0
           556	2024-07-03 12:03:26	1	0	1	0
           493	2024-07-03 12:03:30	1	0	1	0
           631	2024-07-03 12:03:35	1	0	1	0
            27	2024-07-03 12:03:58	1	0	15	0
           453	2024-07-03 12:04:16	1	0	1	0
           601	2024-07-03 12:04:23	1	0	1	0
           331	2024-07-03 12:04:28	1	0	1	0
           194	2024-07-03 12:04:35	1	0	1	0
           603	2024-07-03 12:04:42	1	0	1	0
           529	2024-07-03 12:04:48	1	0	1	0
           149	2024-07-03 12:05:00	1	0	1	0
           360	2024-07-03 12:05:16	1	0	1	0
           403	2024-07-03 12:05:40	1	0	1	0
            75	2024-07-03 12:06:09	1	0	1	0
           414	2024-07-03 12:06:14	1	0	1	0
           465	2024-07-03 12:06:21	1	0	1	0
           635	2024-07-03 12:06:28	1	0	1	0
            38	2024-07-03 12:06:37	1	0	1	0
            77	2024-07-03 12:06:43	1	0	1	0
           476	2024-07-03 12:06:54	1	0	1	0
            43	2024-07-03 12:06:59	1	0	1	0
           624	2024-07-03 12:07:06	1	0	1	0
           249	2024-07-03 12:07:11	1	0	1	0
           584	2024-07-03 12:07:27	1	0	1	0
           467	2024-07-03 12:09:02	1	0	1	0
           101	2024-07-03 12:09:09	1	0	1	0
           573	2024-07-03 12:09:18	1	0	1	0
           541	2024-07-03 12:09:36	1	0	1	0
           355	2024-07-03 12:10:16	1	0	1	0
           523	2024-07-03 12:10:23	1	0	1	0
           586	2024-07-03 12:10:43	1	0	1	0
           182	2024-07-03 12:11:14	1	0	1	0
           370	2024-07-03 12:12:56	1	0	15	0
           114	2024-07-03 12:13:02	1	0	1	0
           348	2024-07-03 12:13:07	1	0	1	0
           609	2024-07-03 12:14:17	1	0	1	0
           146	2024-07-03 12:17:37	1	0	15	0
           338	2024-07-03 12:18:08	1	0	1	0
            40	2024-07-03 12:18:26	1	0	1	0
           492	2024-07-03 12:21:41	1	0	1	0
           516	2024-07-03 12:21:45	1	0	1	0
           575	2024-07-03 12:21:51	1	0	1	0
            75	2024-07-03 12:22:05	1	0	1	0
            77	2024-07-03 12:22:16	1	0	1	0
           414	2024-07-03 12:22:22	1	0	1	0
            43	2024-07-03 12:22:47	1	0	1	0
           465	2024-07-03 12:23:16	1	0	1	0
           105	2024-07-03 12:24:06	1	0	1	0
           408	2024-07-03 12:24:13	1	0	1	0
           149	2024-07-03 12:24:29	1	0	1	0
           493	2024-07-03 12:24:35	1	0	1	0
           453	2024-07-03 12:24:43	1	0	1	0
           541	2024-07-03 12:25:00	1	0	1	0
            27	2024-07-03 12:25:14	1	0	15	0
           467	2024-07-03 12:25:21	1	0	1	0
           252	2024-07-03 12:25:43	1	0	15	0
           312	2024-07-03 12:25:49	1	0	1	0
           200	2024-07-03 12:25:56	1	0	1	0
           573	2024-07-03 12:25:59	1	0	1	0
           101	2024-07-03 12:26:43	1	0	1	0
            38	2024-07-03 12:27:05	1	0	1	0
           584	2024-07-03 12:27:15	1	0	1	0
           624	2024-07-03 12:27:37	1	0	1	0
           476	2024-07-03 12:27:47	1	0	1	0
           589	2024-07-03 12:28:36	1	0	1	0
           355	2024-07-03 12:29:13	1	0	1	0
           523	2024-07-03 12:29:17	1	0	1	0
           335	2024-07-03 12:32:25	1	0	1	0
           631	2024-07-03 12:32:47	1	0	1	0
           331	2024-07-03 12:33:34	1	0	1	0
           375	2024-07-03 12:34:15	1	0	1	0
           405	2024-07-03 12:34:20	1	0	1	0
           363	2024-07-03 12:34:26	1	0	1	0
           361	2024-07-03 12:34:30	1	0	1	0
           434	2024-07-03 12:35:24	1	0	1	0
           556	2024-07-03 12:35:32	1	0	1	0
           184	2024-07-03 12:35:48	1	0	1	0
           417	2024-07-03 12:37:08	1	0	15	0
           586	2024-07-03 12:38:05	1	0	1	0
           403	2024-07-03 12:38:14	1	0	1	0
           249	2024-07-03 12:39:36	1	0	1	0
           121	2024-07-03 12:39:43	1	0	1	0
           492	2024-07-03 12:41:31	1	0	1	0
           516	2024-07-03 12:41:36	1	0	1	0
           502	2024-07-03 12:41:51	1	0	1	0
           444	2024-07-03 12:42:14	1	0	1	0
           609	2024-07-03 12:43:19	1	0	1	0
            40	2024-07-03 12:43:57	1	0	1	0
           397	2024-07-03 12:44:45	1	0	1	0
           635	2024-07-03 12:44:56	1	0	1	0
           575	2024-07-03 12:45:49	1	0	1	0
           601	2024-07-03 12:45:54	1	0	1	0
           105	2024-07-03 12:46:04	1	0	1	0
           408	2024-07-03 12:46:08	1	0	1	0
           335	2024-07-03 12:48:21	1	0	1	0
           194	2024-07-03 12:48:29	1	0	1	0
           200	2024-07-03 12:48:33	1	0	1	0
           603	2024-07-03 12:49:19	1	0	1	0
           114	2024-07-03 12:49:36	1	0	1	0
           375	2024-07-03 12:51:14	1	0	1	0
           252	2024-07-03 12:51:30	1	0	15	0
           405	2024-07-03 12:53:02	1	0	1	0
           361	2024-07-03 12:53:41	1	0	1	0
           417	2024-07-03 12:53:48	1	0	1	0
           363	2024-07-03 12:54:03	1	0	1	0
           182	2024-07-03 12:54:33	1	0	1	0
           370	2024-07-03 12:54:39	1	0	15	0
           529	2024-07-03 12:54:47	1	0	1	0
           183	2024-07-03 12:55:36	1	0	1	0
           502	2024-07-03 12:56:51	1	0	1	0
           312	2024-07-03 12:57:30	1	0	1	0
           444	2024-07-03 12:57:55	1	0	1	0
           434	2024-07-03 12:59:28	1	0	1	0
           236	2024-07-03 13:13:09	1	0	1	0
           485	2024-07-03 13:20:42	1	0	1	0
           567	2024-07-03 13:45:54	1	0	1	0
           485	2024-07-03 13:56:16	1	0	1	0
           124	2024-07-03 15:00:29	1	0	15	0
           620	2024-07-03 16:04:44	1	0	1	0
           460	2024-07-03 16:08:14	1	0	1	0
           581	2024-07-03 17:00:05	1	0	1	0
           397	2024-07-03 17:00:13	1	0	1	0
           493	2024-07-03 17:00:33	1	0	1	0
           631	2024-07-03 17:00:42	1	0	1	0
           609	2024-07-03 17:00:49	1	0	1	0
           194	2024-07-03 17:01:19	1	0	1	0
           603	2024-07-03 17:01:58	1	0	1	0
           387	2024-07-03 17:02:15	1	0	15	0
           443	2024-07-03 17:02:22	1	0	1	0
           600	2024-07-03 17:02:27	1	0	1	0
           422	2024-07-03 17:02:32	1	0	1	0
           601	2024-07-03 17:02:41	1	0	1	0
           366	2024-07-03 17:02:50	1	0	1	0
           582	2024-07-03 17:03:03	1	0	1	0
            77	2024-07-03 17:03:18	1	0	1	0
           252	2024-07-03 17:03:24	1	0	15	0
           502	2024-07-03 17:03:44	1	0	1	0
           575	2024-07-03 17:03:50	1	0	1	0
           149	2024-07-03 17:03:56	1	0	1	0
           398	2024-07-03 17:04:05	1	0	1	0
           360	2024-07-03 17:04:12	1	0	1	0
           182	2024-07-03 17:04:21	1	0	1	0
           101	2024-07-03 17:05:07	1	0	1	0
           123	2024-07-03 17:05:34	1	0	1	0
           236	2024-07-03 17:05:42	1	0	1	0
           586	2024-07-03 17:05:51	1	0	1	0
           624	2024-07-03 17:06:04	1	0	1	0
           403	2024-07-03 17:06:11	1	0	1	0
           467	2024-07-03 17:06:19	1	0	1	0
           541	2024-07-03 17:06:43	1	0	1	0
           573	2024-07-03 17:06:50	1	0	1	0
           348	2024-07-03 17:07:02	1	0	1	0
           476	2024-07-03 17:07:07	1	0	1	0
           370	2024-07-03 17:07:23	1	0	15	0
           523	2024-07-03 17:07:50	1	0	1	0
           119	2024-07-03 17:08:07	1	0	15	0
            38	2024-07-03 17:09:08	1	0	1	0
           635	2024-07-03 17:09:46	1	0	1	0
           375	2024-07-03 17:12:00	1	0	1	0
           363	2024-07-03 17:12:23	1	0	1	0
           361	2024-07-03 17:12:31	1	0	1	0
           417	2024-07-03 17:12:38	1	0	1	0
           453	2024-07-03 17:12:52	1	0	1	0
           331	2024-07-03 17:13:10	1	0	1	0
           405	2024-07-03 17:13:22	1	0	1	0
           196	2024-07-03 17:15:49	1	0	1	0
            69	2024-07-03 17:16:10	1	0	1	0
           434	2024-07-03 17:17:11	1	0	1	0
           580	2024-07-03 17:17:22	1	0	1	0
           249	2024-07-03 17:18:36	1	0	1	0
           408	2024-07-03 17:19:06	1	0	1	0
           583	2024-07-03 17:19:23	1	0	1	0
           105	2024-07-03 17:19:50	1	0	1	0
           355	2024-07-03 17:20:30	1	0	1	0
           114	2024-07-03 17:27:30	1	0	1	0
           529	2024-07-03 17:27:45	1	0	1	0
           556	2024-07-03 17:28:11	1	0	1	0
           121	2024-07-03 17:28:24	1	0	1	0
           146	2024-07-03 17:30:13	1	0	15	0
           184	2024-07-03 17:30:55	1	0	1	0
           589	2024-07-03 17:32:12	1	0	1	0
           335	2024-07-03 17:34:47	1	0	1	0
            43	2024-07-03 17:35:48	1	0	1	0
           584	2024-07-03 17:44:48	1	0	1	0
           312	2024-07-03 17:53:34	1	0	1	0
           485	2024-07-03 18:00:04	1	0	1	0
            40	2024-07-03 18:09:52	1	0	1	0
           465	2024-07-03 18:23:01	1	0	1	0
            75	2024-07-03 18:23:12	1	0	1	0
           414	2024-07-03 18:39:07	1	0	1	0
           444	2024-07-03 18:47:00	1	0	1	0
           200	2024-07-03 18:47:05	1	0	1	0
           516	2024-07-03 20:04:06	1	0	1	0
           418	2024-07-03 20:47:56	1	0	1	0
           492	2024-07-03 21:02:26	1	0	1	0
            70	2024-07-03 21:29:18	1	0	1	0
           567	2024-07-03 22:00:21	1	0	1	0
            70	2024-07-04 06:00:12	1	0	1	0
           124	2024-07-04 06:18:55	1	0	15	0
           387	2024-07-04 06:31:13	1	0	15	0
           196	2024-07-04 06:31:22	1	0	1	0
           119	2024-07-04 06:31:29	1	0	15	0
           632	2024-07-04 06:31:44	1	0	1	0
           252	2024-07-04 06:33:19	1	0	15	0
           567	2024-07-04 06:33:27	1	0	1	0
           422	2024-07-04 06:35:51	1	0	1	0
            27	2024-07-04 06:36:33	1	0	15	0
           453	2024-07-04 06:36:47	1	0	15	0
           600	2024-07-04 06:41:27	1	0	1	0
           443	2024-07-04 06:49:43	1	0	15	0
           460	2024-07-04 06:53:37	1	0	1	0
           398	2024-07-04 06:58:12	1	0	1	0
           418	2024-07-04 07:00:27	1	0	1	0
           603	2024-07-04 07:00:52	1	0	1	0
           149	2024-07-04 07:03:13	1	0	1	0
           335	2024-07-04 07:05:18	1	0	1	0
           582	2024-07-04 07:07:08	1	0	1	0
           182	2024-07-04 07:08:14	1	0	15	0
           360	2024-07-04 07:11:56	1	0	1	0
           414	2024-07-04 07:12:59	1	0	1	0
           123	2024-07-04 07:16:35	1	0	1	0
           620	2024-07-04 07:19:11	1	0	1	0
           434	2024-07-04 07:19:35	1	0	1	0
           566	2024-07-04 07:21:43	1	0	1	0
           581	2024-07-04 07:21:49	1	0	1	0
           114	2024-07-04 07:22:22	1	0	1	0
           573	2024-07-04 07:23:09	1	0	1	0
           408	2024-07-04 07:24:38	1	0	1	0
           492	2024-07-04 07:24:47	1	0	1	0
           575	2024-07-04 07:25:30	1	0	1	0
           631	2024-07-04 07:25:39	1	0	1	0
           366	2024-07-04 07:25:46	1	0	1	0
           355	2024-07-04 07:25:55	1	0	1	0
           584	2024-07-04 07:26:43	1	0	1	0
           601	2024-07-04 07:29:46	1	0	1	0
           444	2024-07-04 07:31:20	1	0	1	0
           338	2024-07-04 07:33:59	1	0	1	0
           375	2024-07-04 07:34:30	1	0	1	0
           370	2024-07-04 07:37:17	1	0	15	0
            69	2024-07-04 07:38:44	1	0	1	0
           397	2024-07-04 07:40:18	1	0	1	0
           604	2024-07-04 07:41:35	1	0	1	0
           101	2024-07-04 07:42:20	1	0	1	0
           589	2024-07-04 07:43:11	1	0	1	0
           529	2024-07-04 07:43:35	1	0	1	0
           556	2024-07-04 07:43:39	1	0	1	0
           635	2024-07-04 07:44:29	1	0	1	0
            43	2024-07-04 07:47:05	1	0	1	0
           516	2024-07-04 07:47:23	1	0	1	0
           583	2024-07-04 07:47:28	1	0	1	0
           541	2024-07-04 07:48:09	1	0	1	0
           363	2024-07-04 07:49:38	1	0	1	0
           476	2024-07-04 07:49:57	1	0	1	0
           609	2024-07-04 07:51:19	1	0	1	0
           493	2024-07-04 07:51:33	1	0	1	0
           465	2024-07-04 07:52:45	1	0	1	0
            75	2024-07-04 07:53:01	1	0	1	0
           586	2024-07-04 07:53:29	1	0	1	0
           105	2024-07-04 07:54:07	1	0	1	0
           502	2024-07-04 07:54:33	1	0	1	0
           121	2024-07-04 07:54:55	1	0	1	0
           194	2024-07-04 07:55:14	1	0	1	0
           361	2024-07-04 07:55:20	1	0	1	0
           417	2024-07-04 07:55:48	1	0	1	0
           348	2024-07-04 07:56:48	1	0	1	0
           513	2024-07-04 07:57:12	1	0	1	0
           403	2024-07-04 07:58:08	1	0	1	0
           125	2024-07-04 07:58:58	1	0	1	0
            38	2024-07-04 08:01:25	1	0	1	0
           331	2024-07-04 08:01:29	1	0	1	0
           236	2024-07-04 08:04:17	1	0	1	0
           312	2024-07-04 08:04:33	1	0	1	0
            40	2024-07-04 08:07:56	1	0	1	0
           200	2024-07-04 08:08:18	1	0	1	0
           523	2024-07-04 08:14:24	1	0	1	0
           184	2024-07-04 08:16:28	1	0	1	0
           580	2024-07-04 08:17:23	1	0	1	0
           249	2024-07-04 08:22:21	1	0	1	0
           205	2024-07-04 08:38:05	1	0	1	0
           460	2024-07-04 11:06:24	1	0	1	0
           460	2024-07-04 11:25:33	1	0	1	0
           581	2024-07-04 11:30:03	1	0	1	0
           360	2024-07-04 11:30:09	1	0	1	0
           600	2024-07-04 11:30:21	1	0	1	0
           582	2024-07-04 11:30:24	1	0	1	0
           632	2024-07-04 11:30:45	1	0	1	0
           443	2024-07-04 11:31:08	1	0	1	0
           119	2024-07-04 11:31:17	1	0	15	0
           566	2024-07-04 11:31:25	1	0	1	0
           422	2024-07-04 11:31:35	1	0	1	0
           196	2024-07-04 11:31:44	1	0	1	0
           387	2024-07-04 11:31:52	1	0	15	0
           123	2024-07-04 11:32:39	1	0	1	0
           366	2024-07-04 11:33:28	1	0	15	0
           366	2024-07-04 12:00:09	1	0	1	0
           600	2024-07-04 12:00:17	1	0	1	0
           434	2024-07-04 12:00:32	1	0	1	0
           335	2024-07-04 12:00:35	1	0	1	0
           556	2024-07-04 12:00:41	1	0	1	0
           422	2024-07-04 12:00:50	1	0	1	0
           387	2024-07-04 12:00:59	1	0	15	0
           196	2024-07-04 12:01:05	1	0	1	0
           348	2024-07-04 12:01:11	1	0	1	0
           397	2024-07-04 12:01:16	1	0	1	0
           249	2024-07-04 12:01:21	1	0	1	0
           589	2024-07-04 12:01:27	1	0	1	0
           121	2024-07-04 12:01:35	1	0	1	0
            69	2024-07-04 12:01:40	1	0	1	0
           123	2024-07-04 12:01:45	1	0	1	0
           465	2024-07-04 12:01:54	1	0	1	0
           119	2024-07-04 12:02:06	1	0	15	0
           580	2024-07-04 12:02:15	1	0	1	0
           604	2024-07-04 12:02:20	1	0	1	0
           125	2024-07-04 12:02:29	1	0	1	0
            75	2024-07-04 12:02:35	1	0	1	0
           331	2024-07-04 12:02:50	1	0	1	0
           584	2024-07-04 12:02:55	1	0	1	0
           583	2024-07-04 12:02:58	1	0	1	0
           370	2024-07-04 12:03:05	1	0	15	0
            43	2024-07-04 12:03:22	1	0	1	0
           631	2024-07-04 12:03:31	1	0	1	0
           443	2024-07-04 12:04:28	1	0	1	0
           453	2024-07-04 12:04:40	1	0	1	0
           375	2024-07-04 12:04:54	1	0	1	0
           541	2024-07-04 12:05:23	1	0	1	0
           467	2024-07-04 12:05:27	1	0	1	0
           573	2024-07-04 12:05:30	1	0	1	0
           609	2024-07-04 12:05:36	1	0	1	0
           355	2024-07-04 12:05:42	1	0	1	0
           523	2024-07-04 12:05:47	1	0	1	0
           586	2024-07-04 12:05:58	1	0	1	0
           476	2024-07-04 12:06:22	1	0	1	0
           516	2024-07-04 12:06:35	1	0	1	0
           492	2024-07-04 12:06:40	1	0	1	0
           493	2024-07-04 12:07:15	1	0	1	0
           635	2024-07-04 12:07:40	1	0	1	0
            38	2024-07-04 12:08:31	1	0	1	0
           403	2024-07-04 12:08:37	1	0	1	0
           236	2024-07-04 12:08:58	1	0	1	0
           603	2024-07-04 12:09:01	1	0	1	0
           601	2024-07-04 12:09:14	1	0	1	0
           252	2024-07-04 12:10:17	1	0	15	0
           200	2024-07-04 12:10:40	1	0	1	0
           194	2024-07-04 12:10:43	1	0	1	0
           184	2024-07-04 12:12:43	1	0	1	0
           581	2024-07-04 12:12:52	1	0	1	0
           149	2024-07-04 12:13:21	1	0	1	0
            40	2024-07-04 12:16:28	1	0	1	0
           114	2024-07-04 12:16:41	1	0	1	0
           604	2024-07-04 12:17:38	1	0	1	0
           182	2024-07-04 12:18:18	1	0	1	0
           335	2024-07-04 12:18:42	1	0	1	0
           348	2024-07-04 12:18:49	1	0	1	0
           589	2024-07-04 12:18:53	1	0	1	0
           360	2024-07-04 12:19:54	1	0	1	0
           125	2024-07-04 12:20:03	1	0	1	0
           249	2024-07-04 12:20:10	1	0	1	0
           121	2024-07-04 12:20:24	1	0	1	0
           467	2024-07-04 12:21:51	1	0	1	0
            69	2024-07-04 12:22:00	1	0	1	0
           573	2024-07-04 12:22:03	1	0	1	0
           529	2024-07-04 12:22:28	1	0	1	0
           541	2024-07-04 12:22:37	1	0	1	0
           575	2024-07-04 12:23:21	1	0	1	0
           331	2024-07-04 12:23:32	1	0	1	0
           338	2024-07-04 12:23:50	1	0	1	0
            75	2024-07-04 12:23:55	1	0	1	0
           492	2024-07-04 12:24:28	1	0	1	0
           465	2024-07-04 12:24:36	1	0	1	0
           603	2024-07-04 12:24:43	1	0	1	0
           252	2024-07-04 12:25:45	1	0	15	0
           453	2024-07-04 12:25:57	1	0	1	0
           476	2024-07-04 12:26:12	1	0	1	0
           516	2024-07-04 12:26:48	1	0	1	0
            38	2024-07-04 12:27:11	1	0	1	0
           584	2024-07-04 12:27:25	1	0	1	0
           556	2024-07-04 12:27:32	1	0	1	0
           355	2024-07-04 12:27:40	1	0	1	0
           523	2024-07-04 12:27:46	1	0	1	0
           635	2024-07-04 12:29:17	1	0	1	0
           101	2024-07-04 12:30:06	1	0	1	0
           601	2024-07-04 12:31:26	1	0	1	0
           361	2024-07-04 12:31:51	1	0	1	0
           363	2024-07-04 12:31:54	1	0	1	0
           375	2024-07-04 12:32:07	1	0	1	0
           417	2024-07-04 12:32:15	1	0	1	0
           434	2024-07-04 12:33:39	1	0	1	0
           105	2024-07-04 12:34:50	1	0	1	0
           513	2024-07-04 12:36:08	1	0	1	0
           586	2024-07-04 12:36:40	1	0	1	0
           502	2024-07-04 12:36:56	1	0	1	0
           444	2024-07-04 12:37:48	1	0	1	0
           583	2024-07-04 12:38:39	1	0	1	0
            43	2024-07-04 12:38:51	1	0	1	0
           631	2024-07-04 12:38:57	1	0	1	0
           397	2024-07-04 12:41:27	1	0	1	0
           408	2024-07-04 12:41:47	1	0	1	0
           609	2024-07-04 12:41:51	1	0	1	0
           338	2024-07-04 12:41:53	1	0	1	0
           403	2024-07-04 12:42:27	1	0	1	0
           184	2024-07-04 12:42:51	1	0	1	0
           580	2024-07-04 12:44:28	1	0	1	0
           529	2024-07-04 12:44:59	1	0	1	0
           149	2024-07-04 12:45:50	1	0	1	0
           182	2024-07-04 12:48:34	1	0	1	0
           370	2024-07-04 12:48:42	1	0	15	0
           493	2024-07-04 12:49:43	1	0	1	0
           114	2024-07-04 12:49:49	1	0	1	0
            40	2024-07-04 12:51:17	1	0	1	0
           105	2024-07-04 12:52:23	1	0	1	0
           502	2024-07-04 12:52:31	1	0	1	0
           194	2024-07-04 12:54:37	1	0	1	0
           575	2024-07-04 12:56:12	1	0	1	0
           101	2024-07-04 12:56:31	1	0	1	0
           363	2024-07-04 12:56:58	1	0	1	0
           361	2024-07-04 12:57:02	1	0	1	0
           417	2024-07-04 12:57:09	1	0	1	0
           513	2024-07-04 12:58:32	1	0	1	0
           444	2024-07-04 12:58:54	1	0	1	0
           236	2024-07-04 13:03:18	1	0	1	0
           124	2024-07-04 14:01:52	1	0	15	0
            70	2024-07-04 14:46:34	1	0	15	0
           567	2024-07-04 15:00:12	1	0	1	0
           620	2024-07-04 16:00:50	1	0	1	0
           398	2024-07-04 17:00:06	1	0	1	0
           581	2024-07-04 17:00:10	1	0	1	0
           360	2024-07-04 17:00:18	1	0	1	0
           603	2024-07-04 17:00:23	1	0	1	0
           460	2024-07-04 17:00:29	1	0	1	0
           397	2024-07-04 17:00:33	1	0	1	0
           149	2024-07-04 17:00:39	1	0	1	0
           366	2024-07-04 17:00:48	1	0	1	0
           580	2024-07-04 17:00:54	1	0	1	0
           600	2024-07-04 17:01:00	1	0	1	0
           631	2024-07-04 17:01:04	1	0	1	0
           331	2024-07-04 17:01:10	1	0	1	0
           583	2024-07-04 17:01:17	1	0	1	0
           604	2024-07-04 17:01:25	1	0	1	0
           125	2024-07-04 17:01:35	1	0	1	0
           348	2024-07-04 17:01:46	1	0	15	0
           252	2024-07-04 17:01:52	1	0	15	0
           601	2024-07-04 17:01:59	1	0	1	0
           101	2024-07-04 17:02:06	1	0	1	0
           387	2024-07-04 17:02:19	1	0	15	0
           422	2024-07-04 17:02:24	1	0	1	0
           443	2024-07-04 17:02:28	1	0	1	0
           123	2024-07-04 17:02:34	1	0	1	0
            40	2024-07-04 17:02:40	1	0	1	0
           582	2024-07-04 17:02:44	1	0	1	0
           541	2024-07-04 17:02:49	1	0	1	0
           573	2024-07-04 17:02:52	1	0	1	0
           467	2024-07-04 17:02:57	1	0	1	0
           182	2024-07-04 17:03:00	1	0	1	0
           196	2024-07-04 17:03:06	1	0	1	0
           586	2024-07-04 17:03:10	1	0	1	0
           523	2024-07-04 17:03:16	1	0	1	0
           476	2024-07-04 17:03:21	1	0	1	0
           361	2024-07-04 17:03:27	1	0	1	0
           417	2024-07-04 17:03:35	1	0	1	0
           363	2024-07-04 17:03:43	1	0	1	0
           375	2024-07-04 17:03:47	1	0	1	0
           575	2024-07-04 17:03:53	1	0	1	0
            38	2024-07-04 17:04:06	1	0	1	0
           119	2024-07-04 17:04:17	1	0	15	0
           502	2024-07-04 17:04:24	1	0	1	0
           635	2024-07-04 17:04:44	1	0	1	0
           453	2024-07-04 17:04:59	1	0	1	0
           493	2024-07-04 17:06:44	1	0	1	0
           403	2024-07-04 17:07:25	1	0	1	0
            43	2024-07-04 17:07:46	1	0	1	0
           121	2024-07-04 17:07:59	1	0	1	0
           584	2024-07-04 17:08:12	1	0	1	0
           434	2024-07-04 17:08:23	1	0	1	0
           249	2024-07-04 17:09:52	1	0	1	0
            69	2024-07-04 17:10:51	1	0	1	0
           589	2024-07-04 17:11:14	1	0	1	0
           184	2024-07-04 17:13:09	1	0	1	0
           194	2024-07-04 17:15:48	1	0	1	0
           370	2024-07-04 17:17:51	1	0	15	0
           335	2024-07-04 17:19:23	1	0	1	0
           338	2024-07-04 17:28:57	1	0	1	0
           105	2024-07-04 17:29:13	1	0	1	0
           408	2024-07-04 17:29:20	1	0	1	0
           513	2024-07-04 17:29:26	1	0	1	0
           236	2024-07-04 17:29:38	1	0	1	0
           355	2024-07-04 17:36:50	1	0	1	0
           414	2024-07-04 17:49:01	1	0	1	0
           556	2024-07-04 17:51:06	1	0	1	0
           312	2024-07-04 17:53:21	1	0	1	0
           200	2024-07-04 18:20:27	1	0	1	0
           444	2024-07-04 18:20:56	1	0	1	0
           529	2024-07-04 18:21:10	1	0	1	0
           465	2024-07-04 18:24:46	1	0	1	0
            75	2024-07-04 18:24:59	1	0	1	0
           114	2024-07-04 18:42:27	1	0	1	0
           516	2024-07-04 18:48:36	1	0	1	0
           492	2024-07-04 21:14:00	1	0	1	0
           418	2024-07-04 21:46:11	1	0	1	0
           305	2024-07-04 22:40:00	1	0	1	0
            70	2024-07-04 23:01:02	1	0	1	0
           567	2024-07-05 05:40:00	1	0	1	0
           418	2024-07-05 06:17:01	1	0	1	0
           387	2024-07-05 06:21:11	1	0	15	0
           196	2024-07-05 06:36:12	1	0	1	0
           119	2024-07-05 06:36:18	1	0	15	0
           632	2024-07-05 06:36:32	1	0	1	0
           422	2024-07-05 06:39:06	1	0	1	0
           600	2024-07-05 06:46:18	1	0	1	0
           443	2024-07-05 06:49:06	1	0	1	0
           305	2024-07-05 07:01:07	1	0	1	0
           149	2024-07-05 07:06:34	1	0	1	0
           366	2024-07-05 07:07:47	1	0	1	0
           360	2024-07-05 07:11:42	1	0	1	0
           370	2024-07-05 07:13:04	1	0	15	0
           123	2024-07-05 07:16:58	1	0	1	0
           434	2024-07-05 07:18:29	1	0	1	0
           101	2024-07-05 07:20:01	1	0	1	0
           601	2024-07-05 07:21:31	1	0	1	0
           582	2024-07-05 07:22:23	1	0	1	0
           375	2024-07-05 07:23:55	1	0	1	0
           492	2024-07-05 07:24:31	1	0	1	0
           581	2024-07-05 07:28:00	1	0	1	0
           566	2024-07-05 07:28:17	1	0	1	0
           556	2024-07-05 07:29:07	1	0	1	0
           453	2024-07-05 07:30:16	1	0	1	0
            27	2024-07-05 07:30:44	1	0	15	0
           348	2024-07-05 07:31:06	1	0	15	0
           408	2024-07-05 07:32:29	1	0	1	0
           541	2024-07-05 07:32:45	1	0	1	0
           115	2024-07-05 07:33:03	1	0	1	0
           523	2024-07-05 07:33:55	1	0	1	0
           338	2024-07-05 07:34:14	1	0	1	0
           620	2024-07-05 07:34:29	1	0	1	0
           397	2024-07-05 07:36:07	1	0	1	0
            43	2024-07-05 07:36:25	1	0	1	0
           355	2024-07-05 07:37:12	1	0	1	0
           631	2024-07-05 07:37:15	1	0	1	0
           182	2024-07-05 07:38:14	1	0	1	0
           414	2024-07-05 07:39:38	1	0	1	0
           584	2024-07-05 07:39:47	1	0	1	0
           493	2024-07-05 07:40:15	1	0	1	0
            69	2024-07-05 07:44:52	1	0	1	0
           589	2024-07-05 07:45:14	1	0	1	0
           604	2024-07-05 07:45:22	1	0	1	0
           502	2024-07-05 07:46:31	1	0	1	0
           573	2024-07-05 07:47:15	1	0	1	0
           361	2024-07-05 07:48:36	1	0	1	0
            38	2024-07-05 07:50:57	1	0	1	0
           529	2024-07-05 07:51:13	1	0	1	0
           105	2024-07-05 07:52:07	1	0	1	0
           403	2024-07-05 07:52:19	1	0	1	0
           194	2024-07-05 07:54:16	1	0	1	0
           586	2024-07-05 07:54:50	1	0	1	0
           363	2024-07-05 07:55:06	1	0	1	0
           114	2024-07-05 07:55:34	1	0	1	0
           312	2024-07-05 07:55:48	1	0	1	0
           465	2024-07-05 07:56:12	1	0	1	0
           476	2024-07-05 07:56:50	1	0	1	0
           467	2024-07-05 07:57:01	1	0	1	0
           624	2024-07-05 07:57:16	1	0	1	0
           331	2024-07-05 07:57:59	1	0	1	0
           575	2024-07-05 07:59:10	1	0	1	0
           236	2024-07-05 07:59:27	1	0	1	0
           513	2024-07-05 07:59:45	1	0	1	0
           583	2024-07-05 07:59:51	1	0	1	0
           125	2024-07-05 08:00:23	1	0	1	0
           417	2024-07-05 08:02:18	1	0	1	0
           252	2024-07-05 08:02:33	1	0	15	0
           200	2024-07-05 08:03:03	1	0	1	0
           121	2024-07-05 08:07:14	1	0	1	0
           184	2024-07-05 08:07:41	1	0	1	0
           183	2024-07-05 08:13:02	1	0	1	0
           516	2024-07-05 08:15:00	1	0	1	0
           580	2024-07-05 08:15:51	1	0	1	0
           485	2024-07-05 08:26:58	1	0	1	0
           249	2024-07-05 08:32:20	1	0	1	0
           387	2024-07-05 11:30:26	1	0	15	0
           632	2024-07-05 11:30:36	1	0	1	0
           582	2024-07-05 11:31:18	1	0	1	0
           360	2024-07-05 11:31:26	1	0	1	0
           366	2024-07-05 11:31:33	1	0	1	0
           600	2024-07-05 11:31:38	1	0	1	0
           422	2024-07-05 11:31:54	1	0	1	0
           196	2024-07-05 11:32:26	1	0	1	0
           119	2024-07-05 11:32:35	1	0	15	0
           566	2024-07-05 11:33:11	1	0	15	0
           443	2024-07-05 11:33:27	1	0	1	0
           123	2024-07-05 11:34:03	1	0	1	0
           581	2024-07-05 11:34:09	1	0	1	0
           115	2024-07-05 11:51:31	1	0	1	0
           600	2024-07-05 11:58:41	1	0	1	0
           566	2024-07-05 11:58:45	1	0	15	0
           397	2024-07-05 12:00:07	1	0	1	0
           387	2024-07-05 12:00:13	1	0	15	0
           196	2024-07-05 12:00:20	1	0	1	0
           422	2024-07-05 12:00:26	1	0	1	0
           184	2024-07-05 12:00:33	1	0	1	0
           582	2024-07-05 12:00:46	1	0	1	0
           443	2024-07-05 12:00:50	1	0	15	0
           366	2024-07-05 12:00:57	1	0	1	0
           123	2024-07-05 12:01:03	1	0	1	0
           149	2024-07-05 12:01:11	1	0	1	0
           121	2024-07-05 12:01:21	1	0	1	0
           583	2024-07-05 12:01:26	1	0	1	0
           119	2024-07-05 12:01:36	1	0	15	0
           331	2024-07-05 12:01:41	1	0	1	0
           601	2024-07-05 12:01:49	1	0	1	0
            69	2024-07-05 12:01:59	1	0	1	0
            43	2024-07-05 12:02:18	1	0	1	0
           370	2024-07-05 12:02:28	1	0	1	0
           541	2024-07-05 12:02:37	1	0	1	0
           467	2024-07-05 12:02:42	1	0	1	0
           573	2024-07-05 12:02:47	1	0	1	0
           405	2024-07-05 12:02:54	1	0	1	0
           375	2024-07-05 12:03:00	1	0	1	0
           249	2024-07-05 12:03:08	1	0	1	0
           589	2024-07-05 12:03:13	1	0	1	0
           556	2024-07-05 12:03:18	1	0	1	0
           363	2024-07-05 12:03:44	1	0	1	0
           417	2024-07-05 12:03:54	1	0	1	0
           361	2024-07-05 12:04:12	1	0	1	0
           586	2024-07-05 12:04:20	1	0	1	0
           624	2024-07-05 12:04:28	1	0	1	0
           631	2024-07-05 12:04:37	1	0	1	0
           403	2024-07-05 12:05:04	1	0	1	0
           476	2024-07-05 12:05:23	1	0	1	0
           584	2024-07-05 12:06:11	1	0	1	0
           523	2024-07-05 12:07:34	1	0	1	0
           434	2024-07-05 12:08:25	1	0	1	0
            38	2024-07-05 12:08:37	1	0	1	0
           182	2024-07-05 12:08:43	1	0	1	0
           604	2024-07-05 12:08:53	1	0	1	0
           125	2024-07-05 12:09:01	1	0	1	0
           414	2024-07-05 12:09:11	1	0	1	0
           465	2024-07-05 12:09:15	1	0	1	0
           183	2024-07-05 12:09:27	1	0	1	0
           355	2024-07-05 12:09:35	1	0	1	0
           101	2024-07-05 12:10:10	1	0	1	0
           493	2024-07-05 12:10:48	1	0	1	0
           348	2024-07-05 12:11:20	1	0	15	0
           335	2024-07-05 12:11:43	1	0	1	0
            27	2024-07-05 12:12:28	1	0	15	0
           580	2024-07-05 12:13:05	1	0	1	0
           252	2024-07-05 12:13:11	1	0	15	0
           115	2024-07-05 12:14:50	1	0	1	0
           453	2024-07-05 12:15:06	1	0	1	0
           184	2024-07-05 12:16:06	1	0	1	0
           121	2024-07-05 12:16:28	1	0	1	0
           583	2024-07-05 12:16:44	1	0	1	0
           236	2024-07-05 12:17:31	1	0	1	0
           589	2024-07-05 12:18:17	1	0	1	0
           312	2024-07-05 12:18:26	1	0	1	0
            69	2024-07-05 12:18:54	1	0	1	0
           467	2024-07-05 12:19:06	1	0	1	0
           573	2024-07-05 12:19:11	1	0	1	0
           541	2024-07-05 12:19:18	1	0	1	0
           492	2024-07-05 12:19:52	1	0	1	0
           516	2024-07-05 12:19:59	1	0	1	0
           360	2024-07-05 12:20:32	1	0	1	0
           575	2024-07-05 12:21:25	1	0	1	0
           581	2024-07-05 12:21:30	1	0	1	0
           375	2024-07-05 12:22:34	1	0	1	0
           405	2024-07-05 12:22:47	1	0	1	0
           529	2024-07-05 12:22:52	1	0	1	0
           363	2024-07-05 12:22:57	1	0	1	0
           361	2024-07-05 12:23:05	1	0	1	0
           417	2024-07-05 12:24:14	1	0	1	0
           502	2024-07-05 12:25:05	1	0	1	0
           586	2024-07-05 12:27:18	1	0	1	0
           624	2024-07-05 12:27:26	1	0	1	0
           348	2024-07-05 12:28:17	1	0	1	0
           149	2024-07-05 12:29:32	1	0	1	0
           584	2024-07-05 12:30:07	1	0	1	0
           556	2024-07-05 12:31:34	1	0	1	0
            27	2024-07-05 12:31:54	1	0	15	0
           580	2024-07-05 12:32:03	1	0	1	0
           631	2024-07-05 12:32:09	1	0	1	0
           338	2024-07-05 12:33:42	1	0	1	0
           105	2024-07-05 12:35:11	1	0	1	0
            43	2024-07-05 12:35:21	1	0	1	0
           493	2024-07-05 12:35:36	1	0	1	0
           434	2024-07-05 12:35:42	1	0	1	0
           513	2024-07-05 12:35:47	1	0	1	0
           453	2024-07-05 12:35:56	1	0	1	0
           465	2024-07-05 12:36:03	1	0	1	0
           249	2024-07-05 12:36:10	1	0	1	0
           414	2024-07-05 12:36:15	1	0	1	0
           492	2024-07-05 12:37:02	1	0	1	0
           516	2024-07-05 12:37:28	1	0	1	0
           604	2024-07-05 12:39:04	1	0	1	0
           125	2024-07-05 12:39:10	1	0	1	0
           335	2024-07-05 12:39:33	1	0	1	0
           397	2024-07-05 12:39:37	1	0	1	0
           182	2024-07-05 12:40:03	1	0	1	0
           502	2024-07-05 12:40:11	1	0	1	0
           444	2024-07-05 12:40:26	1	0	1	0
           331	2024-07-05 12:40:40	1	0	1	0
           370	2024-07-05 12:40:47	1	0	15	0
           601	2024-07-05 12:42:39	1	0	1	0
           575	2024-07-05 12:43:31	1	0	1	0
           523	2024-07-05 12:44:32	1	0	1	0
           355	2024-07-05 12:44:35	1	0	1	0
           403	2024-07-05 12:47:59	1	0	1	0
           101	2024-07-05 12:49:33	1	0	1	0
           200	2024-07-05 12:52:29	1	0	1	0
            38	2024-07-05 12:53:26	1	0	1	0
           252	2024-07-05 12:54:18	1	0	15	0
           236	2024-07-05 12:54:38	1	0	1	0
           312	2024-07-05 12:57:12	1	0	1	0
           529	2024-07-05 12:57:39	1	0	1	0
           444	2024-07-05 12:57:45	1	0	1	0
           485	2024-07-05 13:00:03	1	0	1	0
           194	2024-07-05 13:15:49	1	0	1	0
           485	2024-07-05 13:35:14	1	0	1	0
            70	2024-07-05 13:37:38	1	0	1	0
           567	2024-07-05 14:00:11	1	0	1	0
           623	2024-07-05 14:45:16	1	0	1	0
           418	2024-07-05 14:45:21	1	0	1	0
           620	2024-07-05 16:01:34	1	0	1	0
           361	2024-07-05 17:00:12	1	0	1	0
           405	2024-07-05 17:00:18	1	0	1	0
           375	2024-07-05 17:00:23	1	0	1	0
           581	2024-07-05 17:00:27	1	0	1	0
           566	2024-07-05 17:00:32	1	0	1	0
           443	2024-07-05 17:00:36	1	0	1	0
           331	2024-07-05 17:00:41	1	0	1	0
           115	2024-07-05 17:00:49	1	0	1	0
           184	2024-07-05 17:00:53	1	0	1	0
           601	2024-07-05 17:00:58	1	0	1	0
           604	2024-07-05 17:01:04	1	0	1	0
           125	2024-07-05 17:01:14	1	0	1	0
           397	2024-07-05 17:01:30	1	0	1	0
            27	2024-07-05 17:01:48	1	0	15	0
           493	2024-07-05 17:01:54	1	0	1	0
           366	2024-07-05 17:02:00	1	0	1	0
           523	2024-07-05 17:02:05	1	0	1	0
           149	2024-07-05 17:02:13	1	0	1	0
           414	2024-07-05 17:02:20	1	0	1	0
           600	2024-07-05 17:02:33	1	0	1	0
           182	2024-07-05 17:02:53	1	0	1	0
           101	2024-07-05 17:03:04	1	0	1	0
           348	2024-07-05 17:03:20	1	0	15	0
           387	2024-07-05 17:03:32	1	0	15	0
           422	2024-07-05 17:03:37	1	0	1	0
           575	2024-07-05 17:03:42	1	0	1	0
           453	2024-07-05 17:03:50	1	0	1	0
           363	2024-07-05 17:04:00	1	0	1	0
           417	2024-07-05 17:04:10	1	0	1	0
           502	2024-07-05 17:04:18	1	0	1	0
           586	2024-07-05 17:05:03	1	0	1	0
           624	2024-07-05 17:05:11	1	0	1	0
           556	2024-07-05 17:05:18	1	0	1	0
           370	2024-07-05 17:05:24	1	0	15	0
           476	2024-07-05 17:05:31	1	0	1	0
            69	2024-07-05 17:05:45	1	0	1	0
           252	2024-07-05 17:05:50	1	0	15	0
           580	2024-07-05 17:05:56	1	0	1	0
           541	2024-07-05 17:06:01	1	0	1	0
           467	2024-07-05 17:06:05	1	0	1	0
           360	2024-07-05 17:07:47	1	0	1	0
           398	2024-07-05 17:07:54	1	0	1	0
           529	2024-07-05 17:07:57	1	0	1	0
           123	2024-07-05 17:08:07	1	0	1	0
           582	2024-07-05 17:08:43	1	0	1	0
            38	2024-07-05 17:08:53	1	0	1	0
           403	2024-07-05 17:12:27	1	0	1	0
           183	2024-07-05 17:12:49	1	0	1	0
           492	2024-07-05 17:12:58	1	0	1	0
           516	2024-07-05 17:13:03	1	0	1	0
           631	2024-07-05 17:13:16	1	0	1	0
           119	2024-07-05 17:15:39	1	0	15	0
           236	2024-07-05 17:16:27	1	0	1	0
           196	2024-07-05 17:18:06	1	0	1	0
           434	2024-07-05 17:18:32	1	0	1	0
           121	2024-07-05 17:19:52	1	0	1	0
           589	2024-07-05 17:22:10	1	0	1	0
           513	2024-07-05 17:22:43	1	0	1	0
           114	2024-07-05 17:24:19	1	0	1	0
           408	2024-07-05 17:24:26	1	0	1	0
           338	2024-07-05 17:24:29	1	0	1	0
           584	2024-07-05 17:25:30	1	0	1	0
            43	2024-07-05 17:28:31	1	0	1	0
           355	2024-07-05 17:32:29	1	0	1	0
           105	2024-07-05 17:41:15	1	0	1	0
           249	2024-07-05 17:58:59	1	0	1	0
           485	2024-07-05 18:10:50	1	0	1	0
           465	2024-07-05 18:56:39	1	0	1	0
           485	2024-07-05 19:09:48	1	0	1	0
           312	2024-07-05 19:10:04	1	0	1	0
           444	2024-07-05 19:10:45	1	0	1	0
           200	2024-07-05 19:12:06	1	0	1	0
           305	2024-07-05 21:35:23	1	0	1	0
            70	2024-07-05 22:00:16	1	0	1	0
           335	2024-07-05 22:10:15	1	0	1	0
           418	2024-07-05 23:00:05	1	0	1	0
           305	2024-07-06 06:01:04	1	0	1	0
            70	2024-07-06 06:29:31	1	0	15	0
           460	2024-07-06 06:48:12	1	0	1	0
           620	2024-07-06 07:33:58	1	0	1	0
           460	2024-07-06 12:06:54	1	0	1	0
           460	2024-07-06 12:32:41	1	0	1	0
           418	2024-07-06 13:14:26	1	0	1	0
           305	2024-07-06 14:39:20	1	0	1	0
            70	2024-07-06 15:00:13	1	0	1	0
           620	2024-07-06 16:01:26	1	0	1	0
           460	2024-07-06 17:00:04	1	0	1	0
           398	2024-07-06 17:49:30	1	0	1	0
           418	2024-07-06 22:07:12	1	0	1	0
           124	2024-07-06 22:22:03	1	0	15	0
           305	2024-07-06 23:02:28	1	0	1	0
            70	2024-07-07 05:49:34	1	0	15	0
           418	2024-07-07 06:32:34	1	0	1	0
           124	2024-07-07 07:21:04	1	0	15	0
           305	2024-07-07 13:33:25	1	0	1	0
            70	2024-07-07 14:02:21	1	0	1	0
           418	2024-07-07 15:00:46	1	0	1	0
           124	2024-07-07 21:34:20	1	0	15	0
           567	2024-07-07 21:42:03	1	0	1	0
           305	2024-07-07 22:01:18	1	0	1	0
           620	2024-07-08 05:31:52	1	0	1	0
           124	2024-07-08 06:11:31	1	0	15	0
           387	2024-07-08 06:26:44	1	0	15	0
           600	2024-07-08 06:29:40	1	0	1	0
           196	2024-07-08 06:30:38	1	0	1	0
           119	2024-07-08 06:30:48	1	0	15	0
           632	2024-07-08 06:31:05	1	0	1	0
           422	2024-07-08 06:35:39	1	0	1	0
            70	2024-07-08 06:47:03	1	0	15	0
           453	2024-07-08 06:47:21	1	0	1	0
            27	2024-07-08 06:47:35	1	0	15	0
           603	2024-07-08 06:51:18	1	0	1	0
           460	2024-07-08 06:55:58	1	0	1	0
           366	2024-07-08 06:56:52	1	0	1	0
           567	2024-07-08 07:01:19	1	0	1	0
           566	2024-07-08 07:03:45	1	0	1	0
           581	2024-07-08 07:04:22	1	0	15	0
           582	2024-07-08 07:09:23	1	0	1	0
           529	2024-07-08 07:13:38	1	0	15	0
           123	2024-07-08 07:16:02	1	0	1	0
           493	2024-07-08 07:19:33	1	0	1	0
           584	2024-07-08 07:19:44	1	0	1	0
           556	2024-07-08 07:20:24	1	0	1	0
           434	2024-07-08 07:20:53	1	0	1	0
           375	2024-07-08 07:22:19	1	0	1	0
           624	2024-07-08 07:22:28	1	0	1	0
            43	2024-07-08 07:22:37	1	0	1	0
           397	2024-07-08 07:23:49	1	0	1	0
           573	2024-07-08 07:24:49	1	0	1	0
           149	2024-07-08 07:25:23	1	0	1	0
           476	2024-07-08 07:26:07	1	0	1	0
           523	2024-07-08 07:29:30	1	0	1	0
           101	2024-07-08 07:30:10	1	0	1	0
           200	2024-07-08 07:34:34	1	0	1	0
           601	2024-07-08 07:35:00	1	0	1	0
            39	2024-07-08 07:36:26	1	0	1	0
           444	2024-07-08 07:37:27	1	0	1	0
           125	2024-07-08 07:37:42	1	0	1	0
           114	2024-07-08 07:38:41	1	0	1	0
           604	2024-07-08 07:39:49	1	0	1	0
           398	2024-07-08 07:40:04	1	0	1	0
           631	2024-07-08 07:42:11	1	0	1	0
           492	2024-07-08 07:42:24	1	0	1	0
           502	2024-07-08 07:43:20	1	0	1	0
           586	2024-07-08 07:44:47	1	0	1	0
           467	2024-07-08 07:45:42	1	0	1	0
            38	2024-07-08 07:46:02	1	0	1	0
           338	2024-07-08 07:47:30	1	0	1	0
           403	2024-07-08 07:47:45	1	0	1	0
           182	2024-07-08 07:48:04	1	0	1	0
           194	2024-07-08 07:48:10	1	0	1	0
           575	2024-07-08 07:48:15	1	0	1	0
           580	2024-07-08 07:48:41	1	0	1	0
           417	2024-07-08 07:49:11	1	0	15	0
           589	2024-07-08 07:49:25	1	0	1	0
           252	2024-07-08 07:49:30	1	0	15	0
           312	2024-07-08 07:50:46	1	0	1	0
            40	2024-07-08 07:50:54	1	0	1	0
           361	2024-07-08 07:51:25	1	0	1	0
           408	2024-07-08 07:51:29	1	0	1	0
           465	2024-07-08 07:53:24	1	0	1	0
           121	2024-07-08 07:53:40	1	0	1	0
           404	2024-07-08 07:54:45	1	0	1	0
           249	2024-07-08 07:54:51	1	0	1	0
           414	2024-07-08 07:56:22	1	0	1	0
           348	2024-07-08 07:57:18	1	0	15	0
           635	2024-07-08 07:57:59	1	0	1	0
           236	2024-07-08 07:59:00	1	0	1	0
           405	2024-07-08 07:59:27	1	0	1	0
           583	2024-07-08 08:01:54	1	0	1	0
           132	2024-07-08 08:02:50	1	0	1	0
           205	2024-07-08 08:03:43	1	0	1	0
           370	2024-07-08 08:04:17	1	0	15	0
           516	2024-07-08 08:14:56	1	0	1	0
           513	2024-07-08 08:23:04	1	0	1	0
           485	2024-07-08 08:42:05	1	0	1	0
           637	2024-07-08 09:09:56	1	0	1	0
           460	2024-07-08 11:06:30	1	0	1	0
           460	2024-07-08 11:28:42	1	0	1	0
           581	2024-07-08 11:30:15	1	0	1	0
           632	2024-07-08 11:31:41	1	0	1	0
           566	2024-07-08 11:33:27	1	0	15	0
           600	2024-07-08 11:33:37	1	0	1	0
           119	2024-07-08 11:33:43	1	0	15	0
           582	2024-07-08 11:33:49	1	0	1	0
           123	2024-07-08 11:33:57	1	0	1	0
           196	2024-07-08 11:35:49	1	0	1	0
           387	2024-07-08 11:36:18	1	0	15	0
           422	2024-07-08 11:36:26	1	0	1	0
           366	2024-07-08 11:38:30	1	0	1	0
           123	2024-07-08 11:59:01	1	0	1	0
           600	2024-07-08 11:59:05	1	0	1	0
           582	2024-07-08 11:59:08	1	0	1	0
           581	2024-07-08 12:00:04	1	0	1	0
           397	2024-07-08 12:00:09	1	0	1	0
           603	2024-07-08 12:00:15	1	0	1	0
           387	2024-07-08 12:00:25	1	0	15	0
           196	2024-07-08 12:00:31	1	0	1	0
           422	2024-07-08 12:00:36	1	0	1	0
           583	2024-07-08 12:00:42	1	0	1	0
           348	2024-07-08 12:00:50	1	0	15	0
           493	2024-07-08 12:00:56	1	0	1	0
           453	2024-07-08 12:01:04	1	0	1	0
           132	2024-07-08 12:01:13	1	0	1	0
           575	2024-07-08 12:01:19	1	0	1	0
           604	2024-07-08 12:01:24	1	0	1	0
           125	2024-07-08 12:01:31	1	0	1	0
           119	2024-07-08 12:01:45	1	0	15	0
           631	2024-07-08 12:01:51	1	0	1	0
           589	2024-07-08 12:02:14	1	0	1	0
           556	2024-07-08 12:02:25	1	0	1	0
           637	2024-07-08 12:02:30	1	0	1	0
           467	2024-07-08 12:02:42	1	0	1	0
           573	2024-07-08 12:02:48	1	0	1	0
           249	2024-07-08 12:02:52	1	0	1	0
           121	2024-07-08 12:02:59	1	0	1	0
           434	2024-07-08 12:03:07	1	0	1	0
           194	2024-07-08 12:03:25	1	0	1	0
           635	2024-07-08 12:03:53	1	0	1	0
           361	2024-07-08 12:03:59	1	0	1	0
           403	2024-07-08 12:04:03	1	0	1	0
           476	2024-07-08 12:05:04	1	0	1	0
           624	2024-07-08 12:05:10	1	0	1	0
           586	2024-07-08 12:05:15	1	0	1	0
           149	2024-07-08 12:05:24	1	0	15	0
           236	2024-07-08 12:07:42	1	0	1	0
           523	2024-07-08 12:07:50	1	0	1	0
           580	2024-07-08 12:08:01	1	0	1	0
           584	2024-07-08 12:08:13	1	0	1	0
            38	2024-07-08 12:08:29	1	0	1	0
           408	2024-07-08 12:09:13	1	0	1	0
           513	2024-07-08 12:09:17	1	0	1	0
           338	2024-07-08 12:09:22	1	0	1	0
           252	2024-07-08 12:09:29	1	0	15	0
           601	2024-07-08 12:09:41	1	0	1	0
           541	2024-07-08 12:09:58	1	0	1	0
           182	2024-07-08 12:10:12	1	0	1	0
           502	2024-07-08 12:12:03	1	0	1	0
           370	2024-07-08 12:13:10	1	0	15	0
           312	2024-07-08 12:13:25	1	0	1	0
           205	2024-07-08 12:14:12	1	0	1	0
           465	2024-07-08 12:14:19	1	0	1	0
           414	2024-07-08 12:14:23	1	0	1	0
            43	2024-07-08 12:14:32	1	0	1	0
           529	2024-07-08 12:15:26	1	0	1	0
           566	2024-07-08 12:15:51	1	0	1	0
           604	2024-07-08 12:16:40	1	0	1	0
           125	2024-07-08 12:16:45	1	0	1	0
           575	2024-07-08 12:16:50	1	0	1	0
            39	2024-07-08 12:18:06	1	0	1	0
           348	2024-07-08 12:18:34	1	0	15	0
           573	2024-07-08 12:18:51	1	0	1	0
           467	2024-07-08 12:18:56	1	0	1	0
           101	2024-07-08 12:20:30	1	0	1	0
           556	2024-07-08 12:20:44	1	0	1	0
           631	2024-07-08 12:21:15	1	0	1	0
           132	2024-07-08 12:21:35	1	0	1	0
           476	2024-07-08 12:24:18	1	0	1	0
           589	2024-07-08 12:24:24	1	0	1	0
           249	2024-07-08 12:24:39	1	0	1	0
           121	2024-07-08 12:24:44	1	0	1	0
           114	2024-07-08 12:24:53	1	0	1	0
           541	2024-07-08 12:25:10	1	0	1	0
           635	2024-07-08 12:26:07	1	0	1	0
           375	2024-07-08 12:26:58	1	0	1	0
           405	2024-07-08 12:27:04	1	0	1	0
           417	2024-07-08 12:27:13	1	0	1	0
           361	2024-07-08 12:27:24	1	0	1	0
           434	2024-07-08 12:30:02	1	0	1	0
           465	2024-07-08 12:30:20	1	0	1	0
           370	2024-07-08 12:30:40	1	0	15	0
           637	2024-07-08 12:31:55	1	0	1	0
           492	2024-07-08 12:32:04	1	0	1	0
           414	2024-07-08 12:32:11	1	0	1	0
           516	2024-07-08 12:32:18	1	0	1	0
           149	2024-07-08 12:33:22	1	0	1	0
           205	2024-07-08 12:33:40	1	0	1	0
            39	2024-07-08 12:34:00	1	0	1	0
           493	2024-07-08 12:34:45	1	0	1	0
           586	2024-07-08 12:36:27	1	0	1	0
           624	2024-07-08 12:36:33	1	0	1	0
            38	2024-07-08 12:36:44	1	0	1	0
           338	2024-07-08 12:37:08	1	0	1	0
           200	2024-07-08 12:37:19	1	0	1	0
           404	2024-07-08 12:38:02	1	0	1	0
           227	2024-07-08 12:38:16	1	0	15	0
           252	2024-07-08 12:38:50	1	0	15	0
           397	2024-07-08 12:39:22	1	0	1	0
           603	2024-07-08 12:39:27	1	0	1	0
           584	2024-07-08 12:39:39	1	0	1	0
            43	2024-07-08 12:39:57	1	0	1	0
           444	2024-07-08 12:40:45	1	0	1	0
           580	2024-07-08 12:42:21	1	0	1	0
           403	2024-07-08 12:43:52	1	0	1	0
           182	2024-07-08 12:45:15	1	0	1	0
           513	2024-07-08 12:45:21	1	0	1	0
           101	2024-07-08 12:45:47	1	0	1	0
           312	2024-07-08 12:46:26	1	0	1	0
            40	2024-07-08 12:48:27	1	0	1	0
           523	2024-07-08 12:48:33	1	0	1	0
           529	2024-07-08 12:48:57	1	0	1	0
           516	2024-07-08 12:50:03	1	0	1	0
           492	2024-07-08 12:50:11	1	0	1	0
           601	2024-07-08 12:50:45	1	0	1	0
           114	2024-07-08 12:52:29	1	0	1	0
           502	2024-07-08 12:52:39	1	0	1	0
           375	2024-07-08 12:52:45	1	0	1	0
           405	2024-07-08 12:52:52	1	0	1	0
           417	2024-07-08 12:52:57	1	0	15	0
           404	2024-07-08 12:57:35	1	0	1	0
           453	2024-07-08 12:58:38	1	0	1	0
           200	2024-07-08 12:58:46	1	0	1	0
           194	2024-07-08 12:58:50	1	0	1	0
           444	2024-07-08 12:58:54	1	0	1	0
           236	2024-07-08 12:59:49	1	0	1	0
           485	2024-07-08 13:07:51	1	0	1	0
           485	2024-07-08 13:46:22	1	0	1	0
           620	2024-07-08 14:03:46	1	0	1	0
           567	2024-07-08 14:33:27	1	0	15	0
            70	2024-07-08 15:00:08	1	0	1	0
           460	2024-07-08 16:54:28	1	0	1	0
           581	2024-07-08 17:00:03	1	0	1	0
           348	2024-07-08 17:00:10	1	0	1	0
           603	2024-07-08 17:00:14	1	0	1	0
           566	2024-07-08 17:00:17	1	0	1	0
           397	2024-07-08 17:00:20	1	0	1	0
           582	2024-07-08 17:00:25	1	0	1	0
           600	2024-07-08 17:00:30	1	0	1	0
           123	2024-07-08 17:00:33	1	0	1	0
           631	2024-07-08 17:00:39	1	0	1	0
           601	2024-07-08 17:00:44	1	0	1	0
            38	2024-07-08 17:00:50	1	0	1	0
           366	2024-07-08 17:00:57	1	0	1	0
           493	2024-07-08 17:01:05	1	0	1	0
           604	2024-07-08 17:01:43	1	0	1	0
           149	2024-07-08 17:01:52	1	0	1	0
           387	2024-07-08 17:02:02	1	0	15	0
           125	2024-07-08 17:02:08	1	0	1	0
           580	2024-07-08 17:02:12	1	0	1	0
           637	2024-07-08 17:02:16	1	0	1	0
            39	2024-07-08 17:02:32	1	0	1	0
           119	2024-07-08 17:02:55	1	0	15	0
           422	2024-07-08 17:03:02	1	0	1	0
           453	2024-07-08 17:03:12	1	0	1	0
           196	2024-07-08 17:03:19	1	0	1	0
           182	2024-07-08 17:03:27	1	0	1	0
           573	2024-07-08 17:03:48	1	0	1	0
           249	2024-07-08 17:03:55	1	0	1	0
           541	2024-07-08 17:04:01	1	0	1	0
           121	2024-07-08 17:04:06	1	0	1	0
           467	2024-07-08 17:04:14	1	0	1	0
           101	2024-07-08 17:04:42	1	0	1	0
           476	2024-07-08 17:06:03	1	0	1	0
           236	2024-07-08 17:06:19	1	0	1	0
           405	2024-07-08 17:06:48	1	0	1	0
           375	2024-07-08 17:07:01	1	0	1	0
           417	2024-07-08 17:07:16	1	0	1	0
           361	2024-07-08 17:07:22	1	0	1	0
           635	2024-07-08 17:09:01	1	0	1	0
           523	2024-07-08 17:09:31	1	0	1	0
           584	2024-07-08 17:09:38	1	0	1	0
           589	2024-07-08 17:10:17	1	0	1	0
           132	2024-07-08 17:10:52	1	0	15	0
           370	2024-07-08 17:10:59	1	0	15	0
           586	2024-07-08 17:11:14	1	0	1	0
           624	2024-07-08 17:11:22	1	0	1	0
           252	2024-07-08 17:12:19	1	0	15	0
           403	2024-07-08 17:12:28	1	0	1	0
           114	2024-07-08 17:13:52	1	0	1	0
            40	2024-07-08 17:15:33	1	0	1	0
           404	2024-07-08 17:17:59	1	0	1	0
           434	2024-07-08 17:18:31	1	0	1	0
           575	2024-07-08 17:20:07	1	0	1	0
           502	2024-07-08 17:20:15	1	0	1	0
            43	2024-07-08 17:25:59	1	0	1	0
           205	2024-07-08 17:34:18	1	0	1	0
           227	2024-07-08 17:47:13	1	0	15	0
           194	2024-07-08 17:55:36	1	0	1	0
           529	2024-07-08 17:57:14	1	0	1	0
           485	2024-07-08 18:05:44	1	0	1	0
           312	2024-07-08 18:05:50	1	0	1	0
           398	2024-07-08 18:26:09	1	0	1	0
           200	2024-07-08 18:43:25	1	0	1	0
           444	2024-07-08 18:43:50	1	0	1	0
           556	2024-07-08 18:45:43	1	0	1	0
           513	2024-07-08 18:49:43	1	0	1	0
           492	2024-07-08 18:51:25	1	0	1	0
           408	2024-07-08 19:22:58	1	0	1	0
           338	2024-07-08 19:23:08	1	0	1	0
           465	2024-07-08 20:08:36	1	0	1	0
           516	2024-07-08 20:31:39	1	0	1	0
           305	2024-07-08 21:53:26	1	0	1	0
           567	2024-07-08 23:02:30	1	0	1	0
            70	2024-07-09 05:43:45	1	0	1	0
           387	2024-07-09 06:30:01	1	0	15	0
           422	2024-07-09 06:38:38	1	0	1	0
           600	2024-07-09 06:41:08	1	0	1	0
           196	2024-07-09 06:45:06	1	0	1	0
           119	2024-07-09 06:45:19	1	0	15	0
           632	2024-07-09 06:45:35	1	0	1	0
           460	2024-07-09 07:00:33	1	0	1	0
           305	2024-07-09 07:02:36	1	0	1	0
           529	2024-07-09 07:07:31	1	0	1	0
           366	2024-07-09 07:07:39	1	0	1	0
           603	2024-07-09 07:13:14	1	0	1	0
           149	2024-07-09 07:14:03	1	0	1	0
           601	2024-07-09 07:16:33	1	0	1	0
           360	2024-07-09 07:17:29	1	0	1	0
           123	2024-07-09 07:17:56	1	0	1	0
           227	2024-07-09 07:18:29	1	0	15	0
           573	2024-07-09 07:22:47	1	0	1	0
           124	2024-07-09 07:25:30	1	0	15	0
           408	2024-07-09 07:26:00	1	0	1	0
           556	2024-07-09 07:26:19	1	0	1	0
           465	2024-07-09 07:26:24	1	0	1	0
            43	2024-07-09 07:31:29	1	0	1	0
           434	2024-07-09 07:32:47	1	0	1	0
           566	2024-07-09 07:33:43	1	0	1	0
            39	2024-07-09 07:34:25	1	0	1	0
           355	2024-07-09 07:34:33	1	0	1	0
           582	2024-07-09 07:35:17	1	0	1	0
           584	2024-07-09 07:35:27	1	0	1	0
           397	2024-07-09 07:36:31	1	0	1	0
           101	2024-07-09 07:37:01	1	0	1	0
           637	2024-07-09 07:37:15	1	0	1	0
           444	2024-07-09 07:37:32	1	0	1	0
           631	2024-07-09 07:39:16	1	0	1	0
           624	2024-07-09 07:41:46	1	0	1	0
           589	2024-07-09 07:42:35	1	0	1	0
           581	2024-07-09 07:43:33	1	0	1	0
           492	2024-07-09 07:44:05	1	0	1	0
           417	2024-07-09 07:44:25	1	0	1	0
           523	2024-07-09 07:44:51	1	0	1	0
           338	2024-07-09 07:46:18	1	0	1	0
           476	2024-07-09 07:46:30	1	0	1	0
            38	2024-07-09 07:46:37	1	0	1	0
           404	2024-07-09 07:46:59	1	0	1	0
           453	2024-07-09 07:48:40	1	0	1	0
            27	2024-07-09 07:49:03	1	0	15	0
           502	2024-07-09 07:49:11	1	0	1	0
           493	2024-07-09 07:49:20	1	0	1	0
           541	2024-07-09 07:49:45	1	0	1	0
           194	2024-07-09 07:50:40	1	0	1	0
           586	2024-07-09 07:51:03	1	0	1	0
           604	2024-07-09 07:51:13	1	0	1	0
           361	2024-07-09 07:51:47	1	0	1	0
           467	2024-07-09 07:51:52	1	0	1	0
           403	2024-07-09 07:52:59	1	0	1	0
           252	2024-07-09 07:55:10	1	0	15	0
           635	2024-07-09 07:55:25	1	0	1	0
           580	2024-07-09 07:56:04	1	0	1	0
           348	2024-07-09 07:59:09	1	0	1	0
           513	2024-07-09 08:00:38	1	0	1	0
           132	2024-07-09 08:03:49	1	0	1	0
           114	2024-07-09 08:04:02	1	0	1	0
           575	2024-07-09 08:05:01	1	0	1	0
           182	2024-07-09 08:05:05	1	0	1	0
           370	2024-07-09 08:05:36	1	0	15	0
           236	2024-07-09 08:06:22	1	0	1	0
           312	2024-07-09 08:08:09	1	0	1	0
           414	2024-07-09 08:09:05	1	0	1	0
            68	2024-07-09 08:10:06	1	0	15	0
           516	2024-07-09 08:12:14	1	0	1	0
           485	2024-07-09 08:15:35	1	0	1	0
           200	2024-07-09 08:21:57	1	0	1	0
           249	2024-07-09 08:27:01	1	0	15	0
           205	2024-07-09 08:28:57	1	0	1	0
           183	2024-07-09 09:46:49	1	0	1	0
           460	2024-07-09 11:13:15	1	0	1	0
            38	2024-07-09 11:30:03	1	0	1	0
           360	2024-07-09 11:30:19	1	0	1	0
           387	2024-07-09 11:30:32	1	0	15	0
           582	2024-07-09 11:30:45	1	0	1	0
           422	2024-07-09 11:30:59	1	0	1	0
           366	2024-07-09 11:31:10	1	0	1	0
           227	2024-07-09 11:31:22	1	0	15	0
           581	2024-07-09 11:31:27	1	0	1	0
           460	2024-07-09 11:31:34	1	0	1	0
           632	2024-07-09 11:31:40	1	0	1	0
           119	2024-07-09 11:33:05	1	0	15	0
           600	2024-07-09 11:34:21	1	0	1	0
           123	2024-07-09 11:34:29	1	0	1	0
           196	2024-07-09 11:36:46	1	0	1	0
           566	2024-07-09 11:38:47	1	0	1	0
           600	2024-07-09 12:00:06	1	0	1	0
           422	2024-07-09 12:00:42	1	0	1	0
           387	2024-07-09 12:00:50	1	0	15	0
           196	2024-07-09 12:00:56	1	0	1	0
           541	2024-07-09 12:01:03	1	0	1	0
           360	2024-07-09 12:01:22	1	0	1	0
           397	2024-07-09 12:01:26	1	0	1	0
           366	2024-07-09 12:01:31	1	0	1	0
           434	2024-07-09 12:01:38	1	0	1	0
           631	2024-07-09 12:01:46	1	0	1	0
           398	2024-07-09 12:01:51	1	0	1	0
           603	2024-07-09 12:02:00	1	0	1	0
           584	2024-07-09 12:02:11	1	0	1	0
           581	2024-07-09 12:02:41	1	0	15	0
           249	2024-07-09 12:02:59	1	0	1	0
           121	2024-07-09 12:03:04	1	0	1	0
           589	2024-07-09 12:03:30	1	0	1	0
           101	2024-07-09 12:03:37	1	0	1	0
           403	2024-07-09 12:04:00	1	0	1	0
           149	2024-07-09 12:04:10	1	0	1	0
           119	2024-07-09 12:04:21	1	0	15	0
           205	2024-07-09 12:04:27	1	0	1	0
           476	2024-07-09 12:04:34	1	0	1	0
           414	2024-07-09 12:04:40	1	0	1	0
           465	2024-07-09 12:04:43	1	0	1	0
           635	2024-07-09 12:04:48	1	0	1	0
           556	2024-07-09 12:04:54	1	0	1	0
           132	2024-07-09 12:05:05	1	0	1	0
           624	2024-07-09 12:05:10	1	0	1	0
           586	2024-07-09 12:05:19	1	0	1	0
           637	2024-07-09 12:06:19	1	0	1	0
           601	2024-07-09 12:06:31	1	0	1	0
           182	2024-07-09 12:06:39	1	0	1	0
           252	2024-07-09 12:07:15	1	0	15	0
           236	2024-07-09 12:07:36	1	0	1	0
           492	2024-07-09 12:09:10	1	0	1	0
           516	2024-07-09 12:09:16	1	0	1	0
           370	2024-07-09 12:09:24	1	0	15	0
           114	2024-07-09 12:09:40	1	0	1	0
            39	2024-07-09 12:10:11	1	0	1	0
           467	2024-07-09 12:10:27	1	0	1	0
           573	2024-07-09 12:10:30	1	0	1	0
           355	2024-07-09 12:10:45	1	0	1	0
           523	2024-07-09 12:10:53	1	0	1	0
           604	2024-07-09 12:11:47	1	0	1	0
           125	2024-07-09 12:11:53	1	0	1	0
           493	2024-07-09 12:11:58	1	0	1	0
           580	2024-07-09 12:12:04	1	0	1	0
           361	2024-07-09 12:12:09	1	0	1	0
           417	2024-07-09 12:12:53	1	0	15	0
           123	2024-07-09 12:14:25	1	0	1	0
           338	2024-07-09 12:14:44	1	0	1	0
           348	2024-07-09 12:15:34	1	0	15	0
           183	2024-07-09 12:16:51	1	0	1	0
           194	2024-07-09 12:20:03	1	0	1	0
           556	2024-07-09 12:20:09	1	0	1	0
           404	2024-07-09 12:20:18	1	0	1	0
           541	2024-07-09 12:22:24	1	0	1	0
            43	2024-07-09 12:22:34	1	0	1	0
           529	2024-07-09 12:25:54	1	0	1	0
           200	2024-07-09 12:26:09	1	0	1	0
           444	2024-07-09 12:26:26	1	0	1	0
           492	2024-07-09 12:26:36	1	0	1	0
           573	2024-07-09 12:26:39	1	0	1	0
           467	2024-07-09 12:26:47	1	0	1	0
           252	2024-07-09 12:26:53	1	0	15	0
           516	2024-07-09 12:27:10	1	0	1	0
           205	2024-07-09 12:27:22	1	0	1	0
           414	2024-07-09 12:27:32	1	0	1	0
           465	2024-07-09 12:28:00	1	0	1	0
           149	2024-07-09 12:28:52	1	0	1	0
           397	2024-07-09 12:29:19	1	0	1	0
           603	2024-07-09 12:29:24	1	0	1	0
           631	2024-07-09 12:31:05	1	0	1	0
           589	2024-07-09 12:31:15	1	0	1	0
           121	2024-07-09 12:31:17	1	0	1	0
           249	2024-07-09 12:31:25	1	0	1	0
           338	2024-07-09 12:32:36	1	0	1	0
           493	2024-07-09 12:32:49	1	0	1	0
           523	2024-07-09 12:32:57	1	0	1	0
            39	2024-07-09 12:33:22	1	0	1	0
           101	2024-07-09 12:33:29	1	0	1	0
           132	2024-07-09 12:34:39	1	0	1	0
           476	2024-07-09 12:36:38	1	0	1	0
           403	2024-07-09 12:36:45	1	0	1	0
           370	2024-07-09 12:37:08	1	0	15	0
           453	2024-07-09 12:38:24	1	0	1	0
           624	2024-07-09 12:38:59	1	0	1	0
           586	2024-07-09 12:39:04	1	0	1	0
           604	2024-07-09 12:39:12	1	0	1	0
           125	2024-07-09 12:39:20	1	0	1	0
           635	2024-07-09 12:40:01	1	0	1	0
           580	2024-07-09 12:40:41	1	0	1	0
           637	2024-07-09 12:41:29	1	0	1	0
           584	2024-07-09 12:41:50	1	0	1	0
            43	2024-07-09 12:42:09	1	0	1	0
           361	2024-07-09 12:42:26	1	0	1	0
           417	2024-07-09 12:42:35	1	0	1	0
           575	2024-07-09 12:43:04	1	0	1	0
           601	2024-07-09 12:44:49	1	0	1	0
           355	2024-07-09 12:45:24	1	0	1	0
           502	2024-07-09 12:48:23	1	0	1	0
           182	2024-07-09 12:49:08	1	0	1	0
           194	2024-07-09 12:49:33	1	0	1	0
           404	2024-07-09 12:49:36	1	0	1	0
           529	2024-07-09 12:49:41	1	0	1	0
           444	2024-07-09 12:49:55	1	0	1	0
           200	2024-07-09 12:50:10	1	0	1	0
           434	2024-07-09 12:52:41	1	0	1	0
           348	2024-07-09 12:54:02	1	0	1	0
           114	2024-07-09 12:54:08	1	0	1	0
           582	2024-07-09 12:56:31	1	0	1	0
           566	2024-07-09 12:56:42	1	0	1	0
           183	2024-07-09 12:57:29	1	0	1	0
           575	2024-07-09 12:59:38	1	0	1	0
           236	2024-07-09 12:59:50	1	0	1	0
           485	2024-07-09 13:02:28	1	0	1	0
           502	2024-07-09 13:03:28	1	0	1	0
           485	2024-07-09 13:21:54	1	0	1	0
           418	2024-07-09 13:36:21	1	0	1	0
            70	2024-07-09 14:00:11	1	0	1	0
           124	2024-07-09 16:00:24	1	0	15	0
           183	2024-07-09 16:13:58	1	0	1	0
           460	2024-07-09 16:20:58	1	0	1	0
           581	2024-07-09 17:00:04	1	0	1	0
           123	2024-07-09 17:00:11	1	1	1	0
           566	2024-07-09 17:00:15	1	1	1	0
           582	2024-07-09 17:00:23	1	1	1	0
           600	2024-07-09 17:00:29	1	1	1	0
           422	2024-07-09 17:00:34	1	1	1	0
           387	2024-07-09 17:00:42	1	1	15	0
           366	2024-07-09 17:00:46	1	1	1	0
           348	2024-07-09 17:00:54	1	1	15	0
           493	2024-07-09 17:01:00	1	1	1	0
           101	2024-07-09 17:01:08	1	1	1	0
           417	2024-07-09 17:01:19	1	1	1	0
           149	2024-07-09 17:01:28	1	1	1	0
           361	2024-07-09 17:01:34	1	1	1	0
           580	2024-07-09 17:01:40	1	1	1	0
            39	2024-07-09 17:01:46	1	1	1	0
           637	2024-07-09 17:01:53	1	1	1	0
           604	2024-07-09 17:02:01	1	1	1	0
           125	2024-07-09 17:02:15	1	1	1	0
           196	2024-07-09 17:02:21	1	1	1	0
           370	2024-07-09 17:02:32	1	1	15	0
           453	2024-07-09 17:02:40	1	1	1	0
           584	2024-07-09 17:02:46	1	1	1	0
           631	2024-07-09 17:02:51	1	1	1	0
           523	2024-07-09 17:02:57	1	1	1	0
           119	2024-07-09 17:03:05	1	1	15	0
           236	2024-07-09 17:03:42	1	1	1	0
           397	2024-07-09 17:03:48	1	1	1	0
           434	2024-07-09 17:04:16	1	1	1	0
           121	2024-07-09 17:04:29	1	1	1	0
           603	2024-07-09 17:04:38	1	1	1	0
           601	2024-07-09 17:04:41	1	1	1	0
           589	2024-07-09 17:04:50	1	1	1	0
           249	2024-07-09 17:05:08	1	1	1	0
           403	2024-07-09 17:05:27	1	1	1	0
           355	2024-07-09 17:05:50	1	1	1	0
           575	2024-07-09 17:06:05	1	1	1	0
           556	2024-07-09 17:06:13	1	1	1	0
           635	2024-07-09 17:06:31	1	1	1	0
           502	2024-07-09 17:07:37	1	1	1	0
           182	2024-07-09 17:08:40	1	1	1	0
           476	2024-07-09 17:09:57	1	1	1	0
           624	2024-07-09 17:10:26	1	1	1	0
           586	2024-07-09 17:10:32	1	1	1	0
           132	2024-07-09 17:10:51	1	1	1	0
           529	2024-07-09 17:14:21	1	1	1	0
           467	2024-07-09 17:15:04	1	1	1	0
           573	2024-07-09 17:15:30	1	1	1	0
           541	2024-07-09 17:15:42	1	1	1	0
           252	2024-07-09 17:20:36	1	1	15	0
           404	2024-07-09 17:25:39	1	1	1	0
           194	2024-07-09 17:25:47	1	1	1	0
           114	2024-07-09 17:28:11	1	1	1	0
            43	2024-07-09 17:30:09	1	1	1	0
           360	2024-07-09 17:37:15	1	1	1	0
           398	2024-07-09 17:37:21	1	1	1	0
           492	2024-07-09 17:51:38	1	1	1	0
           408	2024-07-09 17:53:51	1	1	1	0
           338	2024-07-09 17:53:57	1	1	1	0
           485	2024-07-09 18:01:02	1	1	1	0
           205	2024-07-09 18:07:19	1	1	1	0
           465	2024-07-09 18:20:00	1	1	1	0
           227	2024-07-09 18:36:47	1	1	15	0
           513	2024-07-09 18:42:33	1	1	1	0
           312	2024-07-09 18:54:46	1	1	1	0
           444	2024-07-09 18:58:31	1	1	1	0
           200	2024-07-09 18:59:12	1	1	1	0
           516	2024-07-09 19:04:34	1	1	1	0
           305	2024-07-09 21:38:23	1	1	1	0
           567	2024-07-09 22:02:12	1	1	1	0
           418	2024-07-09 22:03:12	1	1	1	0
           620	2024-07-10 05:40:33	1	1	1	0
           305	2024-07-10 06:00:09	1	1	1	0
           114	2024-07-10 06:28:45	1	1	1	0
           387	2024-07-10 06:29:31	1	1	15	0
            70	2024-07-10 06:34:52	1	1	15	0
           422	2024-07-10 06:39:35	1	1	1	0
           196	2024-07-10 06:41:04	1	1	1	0
           119	2024-07-10 06:41:11	1	1	15	0
           632	2024-07-10 06:41:19	1	1	1	0
           600	2024-07-10 06:41:28	1	1	1	0
           460	2024-07-10 06:41:45	1	1	1	0
           366	2024-07-10 06:59:07	1	1	1	0
           567	2024-07-10 07:01:59	1	1	1	0
           149	2024-07-10 07:06:56	1	1	1	0
           582	2024-07-10 07:14:35	1	1	1	0
           227	2024-07-10 07:16:11	1	1	15	0
           453	2024-07-10 07:17:06	1	1	1	0
           348	2024-07-10 07:17:35	1	1	15	0
            27	2024-07-10 07:17:45	1	1	15	0
           573	2024-07-10 07:24:03	1	1	1	0
           601	2024-07-10 07:26:23	1	1	1	0
           575	2024-07-10 07:26:37	1	1	1	0
           434	2024-07-10 07:26:51	1	1	1	0
           355	2024-07-10 07:29:17	1	1	1	0
            39	2024-07-10 07:30:21	1	1	1	0
           516	2024-07-10 07:31:00	1	1	1	0
           124	2024-07-10 07:34:13	1	1	15	0
           408	2024-07-10 07:34:39	1	1	1	0
           397	2024-07-10 07:35:11	1	1	1	0
           444	2024-07-10 07:35:53	1	1	1	0
            43	2024-07-10 07:36:30	1	1	1	0
           637	2024-07-10 07:37:02	1	1	1	0
           631	2024-07-10 07:39:36	1	1	1	0
           123	2024-07-10 07:40:38	1	1	1	0
           492	2024-07-10 07:41:32	1	1	1	0
           467	2024-07-10 07:43:01	1	1	1	0
           331	2024-07-10 07:44:23	1	1	1	0
           101	2024-07-10 07:47:43	1	1	1	0
           465	2024-07-10 07:48:21	1	1	1	0
           589	2024-07-10 07:48:38	1	1	1	0
           404	2024-07-10 07:48:45	1	1	1	0
           194	2024-07-10 07:51:37	1	1	1	0
           529	2024-07-10 07:51:51	1	1	1	0
           604	2024-07-10 07:52:05	1	1	1	0
           252	2024-07-10 07:52:36	1	1	15	0
           476	2024-07-10 07:53:00	1	1	1	0
           502	2024-07-10 07:53:14	1	1	1	0
           586	2024-07-10 07:55:26	1	1	1	0
           603	2024-07-10 07:55:49	1	1	1	0
           523	2024-07-10 07:56:45	1	1	1	0
           405	2024-07-10 07:57:44	1	1	1	0
           584	2024-07-10 07:59:05	1	1	1	0
           375	2024-07-10 08:00:28	1	1	1	0
           635	2024-07-10 08:00:48	1	1	1	0
           200	2024-07-10 08:01:02	1	1	1	0
           182	2024-07-10 08:01:23	1	1	1	0
           417	2024-07-10 08:05:04	1	1	1	0
           403	2024-07-10 08:07:00	1	1	1	0
           580	2024-07-10 08:08:08	1	1	1	0
           370	2024-07-10 08:08:27	1	1	15	0
           556	2024-07-10 08:11:42	1	1	1	0
           121	2024-07-10 08:12:01	1	1	15	0
           398	2024-07-10 08:12:20	1	1	1	0
           583	2024-07-10 08:14:21	1	1	1	0
           624	2024-07-10 08:14:37	1	1	1	0
            74	2024-07-10 08:18:52	1	1	1	0
           249	2024-07-10 08:19:54	1	1	1	0
           541	2024-07-10 08:20:32	1	1	1	0
           360	2024-07-10 08:22:40	1	1	1	0
           236	2024-07-10 08:23:10	1	1	1	0
           513	2024-07-10 08:29:55	1	1	1	0
           338	2024-07-10 08:39:39	1	1	15	0
           493	2024-07-10 09:27:49	1	1	1	0
           485	2024-07-10 09:32:30	1	1	1	0
           460	2024-07-10 11:04:26	1	1	1	0
           460	2024-07-10 11:23:05	1	1	1	0
           387	2024-07-10 11:30:12	1	1	15	0
           422	2024-07-10 11:30:22	1	1	1	0
           227	2024-07-10 11:30:30	1	1	15	0
           632	2024-07-10 11:30:43	1	1	1	0
           366	2024-07-10 11:31:05	1	1	1	0
           360	2024-07-10 11:31:40	1	1	1	0
           600	2024-07-10 11:31:51	1	1	1	0
           119	2024-07-10 11:32:02	1	1	15	0
           196	2024-07-10 11:35:21	1	1	1	0
           582	2024-07-10 11:35:32	1	1	1	0
           123	2024-07-10 11:36:00	1	1	1	0
           600	2024-07-10 11:54:16	1	1	1	0
           366	2024-07-10 11:54:42	1	1	1	0
           123	2024-07-10 11:57:14	1	1	1	0
           582	2024-07-10 11:57:21	1	1	1	0
           397	2024-07-10 12:00:06	1	1	1	0
           493	2024-07-10 12:00:10	1	1	1	0
           529	2024-07-10 12:00:28	1	1	1	0
           453	2024-07-10 12:00:36	1	1	1	0
            39	2024-07-10 12:00:52	1	1	1	0
           375	2024-07-10 12:00:59	1	1	1	0
           603	2024-07-10 12:01:04	1	1	1	0
           119	2024-07-10 12:01:14	1	1	15	0
           513	2024-07-10 12:01:33	1	1	1	0
           556	2024-07-10 12:01:36	1	1	1	0
           476	2024-07-10 12:01:48	1	1	1	0
           624	2024-07-10 12:01:59	1	1	1	0
           586	2024-07-10 12:02:06	1	1	1	0
           403	2024-07-10 12:02:16	1	1	1	0
           575	2024-07-10 12:02:44	1	1	1	0
           604	2024-07-10 12:03:01	1	1	1	0
           125	2024-07-10 12:03:08	1	1	1	0
           635	2024-07-10 12:03:35	1	1	1	0
           249	2024-07-10 12:03:45	1	1	1	0
           589	2024-07-10 12:03:53	1	1	1	0
           121	2024-07-10 12:03:56	1	1	1	0
           601	2024-07-10 12:04:05	1	1	1	0
           360	2024-07-10 12:04:39	1	1	1	0
           502	2024-07-10 12:04:48	1	1	1	0
           631	2024-07-10 12:05:19	1	1	1	0
           584	2024-07-10 12:05:30	1	1	1	0
           408	2024-07-10 12:05:32	1	1	1	0
           338	2024-07-10 12:05:35	1	1	1	0
           355	2024-07-10 12:05:39	1	1	1	0
           523	2024-07-10 12:05:42	1	1	1	0
           196	2024-07-10 12:05:48	1	1	1	0
           422	2024-07-10 12:05:52	1	1	1	0
           387	2024-07-10 12:06:04	1	1	15	0
           637	2024-07-10 12:06:13	1	1	1	0
           252	2024-07-10 12:06:16	1	1	15	0
           348	2024-07-10 12:06:40	1	1	1	0
           312	2024-07-10 12:06:48	1	1	1	0
           467	2024-07-10 12:07:42	1	1	1	0
           573	2024-07-10 12:07:46	1	1	1	0
           541	2024-07-10 12:07:50	1	1	1	0
            74	2024-07-10 12:07:54	1	1	1	0
           361	2024-07-10 12:09:05	1	1	1	0
           405	2024-07-10 12:09:12	1	1	1	0
           434	2024-07-10 12:09:18	1	1	1	0
           414	2024-07-10 12:09:57	1	1	1	0
           465	2024-07-10 12:10:03	1	1	1	0
           492	2024-07-10 12:10:09	1	1	1	0
           417	2024-07-10 12:11:16	1	1	15	0
           194	2024-07-10 12:12:54	1	1	1	0
           182	2024-07-10 12:13:09	1	1	1	0
            43	2024-07-10 12:15:27	1	1	1	0
           397	2024-07-10 12:15:33	1	1	1	0
           101	2024-07-10 12:16:02	1	1	1	0
           603	2024-07-10 12:16:12	1	1	1	0
           149	2024-07-10 12:16:19	1	1	1	0
           453	2024-07-10 12:16:35	1	1	1	0
           331	2024-07-10 12:17:06	1	1	1	0
           493	2024-07-10 12:18:18	1	1	1	0
           556	2024-07-10 12:18:37	1	1	1	0
           236	2024-07-10 12:20:24	1	1	1	0
           513	2024-07-10 12:20:58	1	1	1	0
           200	2024-07-10 12:23:35	1	1	1	0
           631	2024-07-10 12:23:43	1	1	1	0
           635	2024-07-10 12:23:48	1	1	1	0
           573	2024-07-10 12:25:51	1	1	1	0
           467	2024-07-10 12:26:05	1	1	1	0
           541	2024-07-10 12:26:29	1	1	1	0
           370	2024-07-10 12:27:19	1	1	15	0
           465	2024-07-10 12:28:15	1	1	1	0
           414	2024-07-10 12:28:21	1	1	1	0
           492	2024-07-10 12:28:45	1	1	1	0
           121	2024-07-10 12:29:09	1	1	1	0
           249	2024-07-10 12:29:26	1	1	1	0
           516	2024-07-10 12:29:38	1	1	1	0
            74	2024-07-10 12:29:50	1	1	1	0
           476	2024-07-10 12:31:43	1	1	1	0
           624	2024-07-10 12:31:51	1	1	1	0
           586	2024-07-10 12:31:58	1	1	1	0
           375	2024-07-10 12:34:13	1	1	1	0
           405	2024-07-10 12:34:19	1	1	1	0
           361	2024-07-10 12:34:24	1	1	1	0
           182	2024-07-10 12:34:29	1	1	1	0
           637	2024-07-10 12:34:34	1	1	1	0
           417	2024-07-10 12:35:01	1	1	15	0
           227	2024-07-10 12:35:12	1	1	15	0
            43	2024-07-10 12:36:24	1	1	1	0
           403	2024-07-10 12:38:06	1	1	1	0
           584	2024-07-10 12:40:12	1	1	1	0
           575	2024-07-10 12:40:44	1	1	1	0
           604	2024-07-10 12:42:35	1	1	1	0
           125	2024-07-10 12:42:43	1	1	1	0
           398	2024-07-10 12:44:12	1	1	1	0
           404	2024-07-10 12:44:49	1	1	1	0
           252	2024-07-10 12:45:16	1	1	15	0
           589	2024-07-10 12:45:31	1	1	1	0
           601	2024-07-10 12:45:35	1	1	1	0
           444	2024-07-10 12:45:55	1	1	1	0
           516	2024-07-10 12:47:00	1	1	1	0
           312	2024-07-10 12:48:09	1	1	1	0
            39	2024-07-10 12:49:00	1	1	1	0
           355	2024-07-10 12:49:56	1	1	1	0
           523	2024-07-10 12:50:01	1	1	1	0
           502	2024-07-10 12:52:08	1	1	1	0
           434	2024-07-10 12:52:21	1	1	1	0
           370	2024-07-10 12:53:47	1	1	15	0
           331	2024-07-10 12:55:04	1	1	1	0
           348	2024-07-10 12:58:16	1	1	1	0
           194	2024-07-10 12:58:51	1	1	1	0
           200	2024-07-10 12:58:55	1	1	1	0
           101	2024-07-10 13:00:31	1	1	1	0
           149	2024-07-10 13:00:43	1	1	1	0
           338	2024-07-10 13:01:02	1	1	1	0
           485	2024-07-10 13:01:26	1	1	1	0
           444	2024-07-10 13:01:34	1	1	1	0
           485	2024-07-10 13:52:24	1	1	1	0
           620	2024-07-10 14:08:29	1	1	1	0
            70	2024-07-10 15:00:08	1	1	1	0
            74	2024-07-10 16:00:15	1	1	1	0
           124	2024-07-10 16:00:24	1	1	15	0
           460	2024-07-10 16:14:14	1	1	1	0
           493	2024-07-10 17:00:08	1	1	1	0
           397	2024-07-10 17:00:14	1	1	1	0
           600	2024-07-10 17:00:30	1	1	1	0
           149	2024-07-10 17:01:07	1	1	1	0
           348	2024-07-10 17:01:19	1	1	1	0
           101	2024-07-10 17:01:27	1	1	1	0
           604	2024-07-10 17:01:37	1	1	1	0
           125	2024-07-10 17:01:42	1	1	1	0
           603	2024-07-10 17:01:51	1	1	1	0
           375	2024-07-10 17:02:00	1	1	1	0
            39	2024-07-10 17:02:05	1	1	1	0
           370	2024-07-10 17:02:12	1	1	15	0
           637	2024-07-10 17:02:17	1	1	1	0
           601	2024-07-10 17:02:21	1	1	1	0
           635	2024-07-10 17:02:26	1	1	1	0
           453	2024-07-10 17:02:35	1	1	1	0
           361	2024-07-10 17:02:39	1	1	1	0
           123	2024-07-10 17:02:43	1	1	1	0
           580	2024-07-10 17:02:48	1	1	1	0
           366	2024-07-10 17:02:56	1	1	1	0
           405	2024-07-10 17:03:12	1	1	1	0
           523	2024-07-10 17:03:18	1	1	1	0
           387	2024-07-10 17:03:26	1	1	15	0
           417	2024-07-10 17:03:38	1	1	1	0
           422	2024-07-10 17:03:46	1	1	1	0
           252	2024-07-10 17:03:52	1	1	15	0
           573	2024-07-10 17:04:21	1	1	1	0
           467	2024-07-10 17:04:27	1	1	1	0
           541	2024-07-10 17:04:38	1	1	1	0
           583	2024-07-10 17:04:42	1	1	1	0
           582	2024-07-10 17:04:48	1	1	1	0
           403	2024-07-10 17:05:02	1	1	1	0
           119	2024-07-10 17:05:26	1	1	15	0
           196	2024-07-10 17:05:32	1	1	1	0
           631	2024-07-10 17:05:38	1	1	1	0
           476	2024-07-10 17:06:52	1	1	1	0
           624	2024-07-10 17:07:23	1	1	1	0
           586	2024-07-10 17:07:30	1	1	1	0
           227	2024-07-10 17:07:38	1	1	15	0
           513	2024-07-10 17:07:51	1	1	1	0
           589	2024-07-10 17:07:55	1	1	1	0
           408	2024-07-10 17:08:01	1	1	1	0
           249	2024-07-10 17:08:10	1	1	1	0
           121	2024-07-10 17:08:17	1	1	1	0
           338	2024-07-10 17:09:17	1	1	1	0
           182	2024-07-10 17:10:54	1	1	1	0
           331	2024-07-10 17:11:07	1	1	1	0
           236	2024-07-10 17:12:07	1	1	1	0
           312	2024-07-10 17:13:30	1	1	1	0
           434	2024-07-10 17:15:47	1	1	1	0
           398	2024-07-10 17:17:46	1	1	1	0
           360	2024-07-10 17:17:58	1	1	1	0
           584	2024-07-10 17:24:43	1	1	1	0
           114	2024-07-10 17:25:49	1	1	1	0
           355	2024-07-10 17:27:31	1	1	1	0
            43	2024-07-10 17:32:05	1	1	1	0
           575	2024-07-10 17:38:30	1	1	1	0
           502	2024-07-10 17:39:17	1	1	1	0
           492	2024-07-10 17:53:26	1	1	1	0
           529	2024-07-10 17:54:38	1	1	1	0
           194	2024-07-10 18:00:17	1	1	1	0
           404	2024-07-10 18:02:04	1	1	1	0
           485	2024-07-10 18:03:47	1	1	1	0
           556	2024-07-10 18:55:38	1	1	1	0
           516	2024-07-10 18:59:54	1	1	1	0
           465	2024-07-10 19:10:07	1	1	1	0
           200	2024-07-10 19:22:44	1	1	1	0
           444	2024-07-10 19:22:56	1	1	1	0
           414	2024-07-10 20:39:26	1	1	1	0
           418	2024-07-10 21:07:36	1	1	1	0
           305	2024-07-10 21:37:46	1	1	1	0
           567	2024-07-11 05:50:08	1	1	1	0
           305	2024-07-11 06:03:34	1	1	1	0
           418	2024-07-11 06:08:21	1	1	1	0
           387	2024-07-11 06:26:33	1	1	15	0
           196	2024-07-11 06:32:20	1	1	1	0
           119	2024-07-11 06:32:29	1	1	15	0
           632	2024-07-11 06:32:47	1	1	1	0
           422	2024-07-11 06:34:44	1	1	1	0
           620	2024-07-11 06:38:12	1	1	1	0
           600	2024-07-11 06:43:11	1	1	1	0
           348	2024-07-11 06:43:42	1	1	15	0
           194	2024-07-11 06:53:11	1	1	1	0
           582	2024-07-11 07:04:27	1	1	1	0
           460	2024-07-11 07:05:41	1	1	1	0
           566	2024-07-11 07:05:56	1	1	1	0
           581	2024-07-11 07:05:59	1	1	1	0
           360	2024-07-11 07:10:07	1	1	1	0
           149	2024-07-11 07:10:20	1	1	1	0
           123	2024-07-11 07:18:06	1	1	1	0
           434	2024-07-11 07:20:15	1	1	1	0
           124	2024-07-11 07:21:45	1	1	15	0
           408	2024-07-11 07:22:01	1	1	1	0
           366	2024-07-11 07:22:19	1	1	1	0
           573	2024-07-11 07:23:38	1	1	1	0
           584	2024-07-11 07:25:16	1	1	1	0
           403	2024-07-11 07:25:35	1	1	1	0
           227	2024-07-11 07:26:25	1	1	15	0
            39	2024-07-11 07:26:34	1	1	1	0
           586	2024-07-11 07:26:51	1	1	1	0
           575	2024-07-11 07:27:03	1	1	1	0
           502	2024-07-11 07:27:15	1	1	1	0
           184	2024-07-11 07:28:07	1	1	1	0
           101	2024-07-11 07:28:30	1	1	1	0
           492	2024-07-11 07:29:42	1	1	1	0
           637	2024-07-11 07:29:58	1	1	1	0
           523	2024-07-11 07:30:33	1	1	1	0
           444	2024-07-11 07:31:24	1	1	1	0
           601	2024-07-11 07:31:48	1	1	1	0
           631	2024-07-11 07:33:32	1	1	1	0
           541	2024-07-11 07:34:33	1	1	1	0
           397	2024-07-11 07:35:59	1	1	1	0
            43	2024-07-11 07:37:17	1	1	1	0
           467	2024-07-11 07:39:20	1	1	1	0
           114	2024-07-11 07:40:10	1	1	1	0
           404	2024-07-11 07:40:48	1	1	1	0
           529	2024-07-11 07:41:42	1	1	1	0
           252	2024-07-11 07:42:00	1	1	15	0
           493	2024-07-11 07:45:53	1	1	1	0
           182	2024-07-11 07:46:14	1	1	1	0
           355	2024-07-11 07:46:24	1	1	1	0
           453	2024-07-11 07:47:40	1	1	15	0
           604	2024-07-11 07:47:52	1	1	1	0
           125	2024-07-11 07:47:59	1	1	1	0
           635	2024-07-11 07:48:05	1	1	1	0
           398	2024-07-11 07:48:12	1	1	1	0
            27	2024-07-11 07:48:31	1	1	15	0
           375	2024-07-11 07:48:56	1	1	1	0
           476	2024-07-11 07:50:13	1	1	1	0
           556	2024-07-11 07:50:55	1	1	1	0
           331	2024-07-11 07:51:05	1	1	1	0
           589	2024-07-11 07:51:46	1	1	1	0
           516	2024-07-11 07:51:55	1	1	1	0
           338	2024-07-11 07:52:43	1	1	1	0
           624	2024-07-11 07:54:14	1	1	1	0
           417	2024-07-11 07:56:49	1	1	15	0
           361	2024-07-11 07:58:40	1	1	1	0
           465	2024-07-11 08:00:41	1	1	1	0
           200	2024-07-11 08:01:33	1	1	1	0
           236	2024-07-11 08:02:43	1	1	1	0
           370	2024-07-11 08:03:24	1	1	15	0
