            70	2023-08-01 05:51:07	1	0	1	0
           124	2023-08-01 06:00:56	1	0	15	0
           119	2023-08-01 06:33:45	1	0	15	0
           196	2023-08-01 06:33:53	1	0	1	0
           387	2023-08-01 06:35:14	1	0	15	0
           395	2023-08-01 06:43:09	1	0	1	0
           422	2023-08-01 06:43:37	1	0	1	0
           385	2023-08-01 06:46:12	1	0	1	0
           224	2023-08-01 06:49:25	1	0	15	0
           566	2023-08-01 06:56:46	1	0	1	0
           581	2023-08-01 06:56:50	1	0	1	0
           425	2023-08-01 06:57:23	1	0	1	0
           366	2023-08-01 06:59:25	1	0	1	0
           576	2023-08-01 06:59:33	1	0	1	0
           582	2023-08-01 07:04:16	1	0	1	0
           574	2023-08-01 07:04:32	1	0	15	0
           460	2023-08-01 07:07:41	1	0	1	0
           223	2023-08-01 07:14:58	1	0	1	0
           533	2023-08-01 07:15:52	1	0	1	0
           360	2023-08-01 07:17:10	1	0	15	0
           559	2023-08-01 07:17:54	1	0	1	0
           123	2023-08-01 07:18:40	1	0	1	0
           335	2023-08-01 07:19:40	1	0	1	0
           492	2023-08-01 07:22:42	1	0	1	0
           418	2023-08-01 07:26:55	1	0	1	0
           149	2023-08-01 07:27:39	1	0	15	0
           556	2023-08-01 07:27:49	1	0	1	0
           467	2023-08-01 07:27:56	1	0	1	0
            66	2023-08-01 07:28:10	1	0	15	0
           434	2023-08-01 07:28:50	1	0	1	0
           493	2023-08-01 07:29:20	1	0	1	0
           397	2023-08-01 07:30:25	1	0	1	0
           125	2023-08-01 07:30:42	1	0	1	0
           579	2023-08-01 07:30:55	1	0	1	0
           355	2023-08-01 07:32:14	1	0	1	0
           352	2023-08-01 07:33:57	1	0	1	0
            43	2023-08-01 07:34:06	1	0	1	0
           573	2023-08-01 07:34:38	1	0	1	0
            39	2023-08-01 07:35:16	1	0	1	0
           101	2023-08-01 07:35:22	1	0	1	0
            91	2023-08-01 07:37:33	1	0	1	0
           374	2023-08-01 07:38:33	1	0	1	0
           405	2023-08-01 07:38:54	1	0	1	0
           182	2023-08-01 07:39:20	1	0	1	0
           331	2023-08-01 07:39:32	1	0	1	0
           530	2023-08-01 07:39:45	1	0	1	0
           583	2023-08-01 07:39:57	1	0	1	0
           570	2023-08-01 07:40:23	1	0	1	0
           525	2023-08-01 07:40:32	1	0	1	0
           413	2023-08-01 07:42:07	1	0	4	0
           118	2023-08-01 07:44:14	1	0	1	0
           546	2023-08-01 07:45:06	1	0	1	0
           444	2023-08-01 07:45:11	1	0	1	0
           121	2023-08-01 07:46:13	1	0	15	0
            69	2023-08-01 07:46:25	1	0	1	0
           527	2023-08-01 07:47:13	1	0	1	0
           580	2023-08-01 07:47:19	1	0	1	0
           540	2023-08-01 07:47:27	1	0	1	0
           403	2023-08-01 07:48:03	1	0	1	0
           568	2023-08-01 07:48:31	1	0	1	0
           265	2023-08-01 07:49:12	1	0	1	0
           571	2023-08-01 07:49:17	1	0	1	0
           472	2023-08-01 07:49:31	1	0	1	0
           471	2023-08-01 07:49:37	1	0	1	0
           473	2023-08-01 07:49:45	1	0	1	0
           547	2023-08-01 07:49:57	1	0	1	0
           502	2023-08-01 07:50:03	1	0	1	0
           465	2023-08-01 07:50:19	1	0	1	0
            75	2023-08-01 07:50:26	1	0	1	0
           259	2023-08-01 07:51:00	1	0	1	0
           541	2023-08-01 07:51:30	1	0	1	0
           562	2023-08-01 07:51:51	1	0	1	0
           520	2023-08-01 07:52:32	1	0	15	0
           114	2023-08-01 07:52:36	1	0	1	0
           375	2023-08-01 07:52:43	1	0	1	0
           399	2023-08-01 07:53:36	1	0	1	0
           338	2023-08-01 07:53:48	1	0	1	0
           145	2023-08-01 07:53:52	1	0	1	0
           575	2023-08-01 07:54:06	1	0	1	0
           401	2023-08-01 07:54:14	1	0	1	0
           551	2023-08-01 07:54:20	1	0	1	0
            40	2023-08-01 07:54:28	1	0	1	0
           370	2023-08-01 07:55:48	1	0	1	0
           105	2023-08-01 07:55:59	1	0	1	0
           511	2023-08-01 07:56:45	1	0	1	0
           241	2023-08-01 07:56:51	1	0	1	0
           363	2023-08-01 07:56:57	1	0	1	0
           476	2023-08-01 07:57:03	1	0	1	0
           417	2023-08-01 07:57:43	1	0	15	0
           529	2023-08-01 07:58:05	1	0	1	0
            27	2023-08-01 07:59:58	1	0	1	0
           348	2023-08-01 08:00:08	1	0	1	0
           453	2023-08-01 08:00:19	1	0	1	0
           361	2023-08-01 08:01:00	1	0	1	0
           404	2023-08-01 08:01:04	1	0	1	0
           194	2023-08-01 08:01:40	1	0	1	0
           249	2023-08-01 08:02:37	1	0	1	0
           536	2023-08-01 08:03:07	1	0	1	0
           475	2023-08-01 08:03:54	1	0	1	0
           200	2023-08-01 08:05:17	1	0	1	0
           410	2023-08-01 08:06:38	1	0	1	0
           312	2023-08-01 08:08:06	1	0	1	0
           513	2023-08-01 08:23:05	1	0	1	0
            73	2023-08-01 08:27:10	1	0	1	0
           398	2023-08-01 08:34:17	1	0	1	0
           485	2023-08-01 08:47:53	1	0	1	0
           460	2023-08-01 11:03:49	1	0	1	0
           425	2023-08-01 11:03:54	1	0	1	0
           224	2023-08-01 11:30:17	1	0	15	0
           475	2023-08-01 11:30:27	1	0	15	0
           366	2023-08-01 11:30:41	1	0	1	0
           559	2023-08-01 11:30:46	1	0	1	0
           576	2023-08-01 11:30:49	1	0	1	0
           123	2023-08-01 11:30:56	1	0	1	0
           422	2023-08-01 11:31:05	1	0	1	0
           395	2023-08-01 11:31:10	1	0	1	0
           387	2023-08-01 11:31:18	1	0	15	0
           533	2023-08-01 11:31:29	1	0	1	0
           581	2023-08-01 11:31:33	1	0	1	0
           566	2023-08-01 11:31:37	1	0	1	0
           582	2023-08-01 11:31:42	1	0	1	0
           223	2023-08-01 11:31:51	1	0	1	0
           196	2023-08-01 11:31:57	1	0	1	0
           119	2023-08-01 11:32:05	1	0	15	0
           385	2023-08-01 11:32:24	1	0	1	0
           360	2023-08-01 11:37:13	1	0	1	0
           460	2023-08-01 11:47:49	1	0	1	0
           425	2023-08-01 11:47:57	1	0	1	0
           562	2023-08-01 12:00:03	1	0	1	0
           397	2023-08-01 12:00:07	1	0	1	0
           405	2023-08-01 12:00:11	1	0	1	0
           375	2023-08-01 12:00:15	1	0	1	0
           422	2023-08-01 12:00:30	1	0	15	0
           196	2023-08-01 12:00:35	1	0	1	0
           571	2023-08-01 12:00:39	1	0	1	0
           387	2023-08-01 12:00:45	1	0	15	0
           453	2023-08-01 12:00:52	1	0	1	0
           395	2023-08-01 12:00:59	1	0	1	0
            43	2023-08-01 12:01:04	1	0	1	0
           385	2023-08-01 12:01:08	1	0	1	0
           366	2023-08-01 12:01:15	1	0	1	0
           576	2023-08-01 12:01:20	1	0	1	0
           224	2023-08-01 12:01:26	1	0	15	0
           123	2023-08-01 12:01:31	1	0	1	0
           556	2023-08-01 12:01:36	1	0	1	0
           265	2023-08-01 12:01:43	1	0	1	0
           536	2023-08-01 12:01:48	1	0	1	0
           527	2023-08-01 12:01:56	1	0	1	0
           370	2023-08-01 12:02:02	1	0	1	0
           119	2023-08-01 12:02:09	1	0	15	0
           582	2023-08-01 12:02:14	1	0	1	0
           434	2023-08-01 12:02:20	1	0	1	0
           559	2023-08-01 12:02:24	1	0	1	0
           551	2023-08-01 12:02:29	1	0	1	0
           361	2023-08-01 12:02:34	1	0	1	0
           399	2023-08-01 12:02:39	1	0	1	0
           335	2023-08-01 12:02:47	1	0	1	0
           241	2023-08-01 12:02:51	1	0	1	0
           575	2023-08-01 12:02:57	1	0	1	0
           417	2023-08-01 12:03:01	1	0	1	0
           568	2023-08-01 12:03:09	1	0	1	0
           570	2023-08-01 12:03:13	1	0	1	0
           502	2023-08-01 12:03:22	1	0	1	0
           331	2023-08-01 12:03:28	1	0	1	0
           403	2023-08-01 12:03:33	1	0	1	0
            91	2023-08-01 12:03:37	1	0	1	0
           249	2023-08-01 12:03:46	1	0	1	0
           363	2023-08-01 12:03:53	1	0	1	0
           493	2023-08-01 12:03:57	1	0	1	0
           121	2023-08-01 12:04:09	1	0	1	0
           547	2023-08-01 12:04:15	1	0	1	0
           530	2023-08-01 12:04:31	1	0	1	0
           520	2023-08-01 12:04:37	1	0	15	0
           145	2023-08-01 12:04:51	1	0	1	0
            73	2023-08-01 12:04:58	1	0	1	0
           355	2023-08-01 12:05:04	1	0	1	0
           101	2023-08-01 12:05:22	1	0	1	0
           259	2023-08-01 12:06:53	1	0	1	0
           114	2023-08-01 12:06:57	1	0	1	0
           465	2023-08-01 12:07:07	1	0	1	0
           492	2023-08-01 12:07:15	1	0	1	0
            69	2023-08-01 12:07:19	1	0	1	0
           475	2023-08-01 12:07:26	1	0	1	0
           471	2023-08-01 12:07:45	1	0	1	0
           473	2023-08-01 12:07:49	1	0	1	0
           472	2023-08-01 12:07:52	1	0	1	0
           580	2023-08-01 12:11:18	1	0	1	0
           583	2023-08-01 12:11:28	1	0	1	0
           149	2023-08-01 12:12:12	1	0	15	0
           476	2023-08-01 12:14:40	1	0	1	0
           352	2023-08-01 12:14:48	1	0	1	0
           540	2023-08-01 12:15:07	1	0	1	0
           410	2023-08-01 12:15:15	1	0	1	0
           338	2023-08-01 12:15:33	1	0	1	0
           527	2023-08-01 12:17:00	1	0	1	0
           118	2023-08-01 12:17:06	1	0	1	0
           536	2023-08-01 12:17:09	1	0	1	0
            40	2023-08-01 12:17:17	1	0	1	0
           417	2023-08-01 12:18:28	1	0	15	0
           125	2023-08-01 12:18:35	1	0	1	0
           513	2023-08-01 12:18:42	1	0	1	0
           401	2023-08-01 12:18:47	1	0	15	0
           241	2023-08-01 12:18:53	1	0	1	0
            39	2023-08-01 12:19:00	1	0	1	0
            91	2023-08-01 12:19:07	1	0	1	0
           568	2023-08-01 12:19:12	1	0	1	0
           363	2023-08-01 12:19:26	1	0	1	0
           502	2023-08-01 12:19:37	1	0	1	0
           575	2023-08-01 12:19:42	1	0	1	0
           361	2023-08-01 12:19:48	1	0	1	0
           312	2023-08-01 12:20:04	1	0	1	0
           355	2023-08-01 12:21:11	1	0	1	0
           551	2023-08-01 12:21:15	1	0	1	0
            27	2023-08-01 12:21:37	1	0	1	0
           348	2023-08-01 12:22:00	1	0	1	0
           404	2023-08-01 12:22:15	1	0	1	0
           467	2023-08-01 12:22:43	1	0	1	0
           573	2023-08-01 12:22:50	1	0	1	0
           574	2023-08-01 12:22:58	1	0	1	0
           492	2023-08-01 12:23:17	1	0	1	0
           105	2023-08-01 12:23:25	1	0	1	0
           579	2023-08-01 12:23:34	1	0	1	0
           546	2023-08-01 12:23:37	1	0	1	0
           465	2023-08-01 12:23:44	1	0	1	0
           571	2023-08-01 12:24:26	1	0	1	0
           205	2023-08-01 12:24:49	1	0	1	0
           473	2023-08-01 12:25:32	1	0	1	0
           556	2023-08-01 12:25:41	1	0	1	0
           471	2023-08-01 12:25:46	1	0	1	0
           472	2023-08-01 12:25:56	1	0	1	0
           453	2023-08-01 12:28:21	1	0	1	0
           493	2023-08-01 12:28:29	1	0	1	0
           121	2023-08-01 12:28:35	1	0	1	0
           249	2023-08-01 12:28:42	1	0	1	0
           580	2023-08-01 12:28:48	1	0	1	0
           149	2023-08-01 12:29:03	1	0	15	0
           259	2023-08-01 12:29:16	1	0	15	0
           434	2023-08-01 12:29:57	1	0	1	0
           194	2023-08-01 12:30:02	1	0	1	0
            43	2023-08-01 12:30:09	1	0	1	0
           374	2023-08-01 12:30:13	1	0	1	0
           114	2023-08-01 12:30:18	1	0	1	0
           541	2023-08-01 12:30:24	1	0	1	0
           530	2023-08-01 12:30:30	1	0	1	0
           520	2023-08-01 12:30:36	1	0	15	0
           118	2023-08-01 12:34:14	1	0	1	0
           370	2023-08-01 12:34:19	1	0	1	0
            66	2023-08-01 12:34:25	1	0	15	0
           101	2023-08-01 12:35:03	1	0	1	0
           401	2023-08-01 12:35:25	1	0	15	0
           476	2023-08-01 12:35:43	1	0	1	0
           444	2023-08-01 12:36:16	1	0	1	0
           529	2023-08-01 12:36:49	1	0	1	0
            39	2023-08-01 12:37:59	1	0	1	0
           331	2023-08-01 12:39:52	1	0	1	0
           403	2023-08-01 12:40:12	1	0	1	0
           570	2023-08-01 12:41:08	1	0	1	0
            75	2023-08-01 12:41:19	1	0	1	0
            27	2023-08-01 12:42:00	1	0	1	0
           574	2023-08-01 12:42:04	1	0	1	0
           562	2023-08-01 12:42:12	1	0	1	0
           348	2023-08-01 12:42:21	1	0	1	0
           404	2023-08-01 12:42:31	1	0	1	0
            69	2023-08-01 12:43:00	1	0	1	0
           467	2023-08-01 12:43:05	1	0	1	0
           573	2023-08-01 12:43:09	1	0	1	0
           546	2023-08-01 12:43:14	1	0	1	0
           579	2023-08-01 12:43:20	1	0	1	0
           182	2023-08-01 12:44:08	1	0	1	0
           397	2023-08-01 12:44:20	1	0	1	0
           513	2023-08-01 12:45:12	1	0	1	0
           540	2023-08-01 12:45:33	1	0	1	0
           352	2023-08-01 12:45:36	1	0	1	0
           410	2023-08-01 12:45:43	1	0	1	0
           541	2023-08-01 12:45:52	1	0	1	0
           374	2023-08-01 12:45:55	1	0	1	0
           114	2023-08-01 12:46:12	1	0	1	0
           145	2023-08-01 12:46:24	1	0	1	0
            73	2023-08-01 12:46:40	1	0	1	0
           375	2023-08-01 12:47:48	1	0	1	0
           413	2023-08-01 12:47:51	1	0	4	0
           405	2023-08-01 12:48:05	1	0	1	0
           583	2023-08-01 12:48:11	1	0	1	0
           223	2023-08-01 12:49:29	1	0	1	0
           533	2023-08-01 12:52:13	1	0	1	0
           125	2023-08-01 12:54:23	1	0	1	0
            40	2023-08-01 12:54:51	1	0	1	0
           529	2023-08-01 12:54:57	1	0	1	0
           444	2023-08-01 12:55:01	1	0	1	0
           335	2023-08-01 12:55:47	1	0	1	0
            75	2023-08-01 12:58:20	1	0	1	0
           182	2023-08-01 12:59:10	1	0	1	0
           485	2023-08-01 13:07:31	1	0	1	0
           567	2023-08-01 13:44:24	1	0	1	0
           485	2023-08-01 13:46:02	1	0	1	0
            70	2023-08-01 13:54:38	1	0	1	0
           124	2023-08-01 14:26:58	1	0	15	0
           418	2023-08-01 16:02:37	1	0	1	0
           460	2023-08-01 16:09:18	1	0	1	0
           425	2023-08-01 16:09:31	1	0	1	0
            73	2023-08-01 16:26:45	1	0	1	0
            40	2023-08-01 16:46:26	1	0	1	0
           562	2023-08-01 17:00:17	1	0	1	0
           559	2023-08-01 17:00:24	1	0	1	0
           571	2023-08-01 17:00:28	1	0	1	0
           223	2023-08-01 17:00:34	1	0	1	0
           387	2023-08-01 17:00:43	1	0	15	0
           422	2023-08-01 17:00:48	1	0	1	0
           536	2023-08-01 17:00:55	1	0	1	0
           249	2023-08-01 17:01:02	1	0	1	0
           259	2023-08-01 17:01:13	1	0	1	0
           568	2023-08-01 17:01:18	1	0	1	0
           527	2023-08-01 17:01:23	1	0	1	0
           395	2023-08-01 17:01:30	1	0	1	0
           331	2023-08-01 17:01:34	1	0	1	0
           533	2023-08-01 17:01:43	1	0	1	0
           123	2023-08-01 17:01:52	1	0	1	0
           576	2023-08-01 17:01:57	1	0	1	0
           582	2023-08-01 17:02:02	1	0	1	0
           475	2023-08-01 17:02:07	1	0	1	0
           366	2023-08-01 17:02:47	1	0	15	0
           121	2023-08-01 17:02:53	1	0	1	0
           397	2023-08-01 17:03:00	1	0	1	0
           551	2023-08-01 17:03:04	1	0	1	0
           119	2023-08-01 17:03:12	1	0	15	0
           224	2023-08-01 17:03:22	1	0	15	0
           530	2023-08-01 17:03:29	1	0	1	0
            39	2023-08-01 17:03:33	1	0	1	0
           473	2023-08-01 17:03:38	1	0	1	0
           471	2023-08-01 17:03:45	1	0	1	0
           125	2023-08-01 17:03:50	1	0	1	0
           520	2023-08-01 17:03:59	1	0	15	0
           453	2023-08-01 17:04:10	1	0	1	0
           399	2023-08-01 17:04:16	1	0	1	0
           472	2023-08-01 17:04:38	1	0	1	0
           149	2023-08-01 17:04:52	1	0	1	0
           511	2023-08-01 17:05:26	1	0	1	0
           529	2023-08-01 17:05:42	1	0	1	0
           580	2023-08-01 17:05:54	1	0	1	0
           583	2023-08-01 17:06:18	1	0	1	0
           375	2023-08-01 17:06:34	1	0	1	0
           405	2023-08-01 17:06:43	1	0	1	0
           417	2023-08-01 17:06:49	1	0	1	0
           118	2023-08-01 17:06:59	1	0	1	0
           575	2023-08-01 17:07:05	1	0	1	0
           476	2023-08-01 17:07:09	1	0	1	0
           348	2023-08-01 17:07:27	1	0	15	0
           352	2023-08-01 17:07:32	1	0	1	0
           196	2023-08-01 17:07:38	1	0	1	0
           385	2023-08-01 17:07:45	1	0	1	0
           513	2023-08-01 17:07:47	1	0	1	0
           361	2023-08-01 17:07:52	1	0	1	0
            27	2023-08-01 17:07:56	1	0	1	0
           493	2023-08-01 17:08:02	1	0	1	0
           114	2023-08-01 17:08:09	1	0	1	0
           101	2023-08-01 17:08:48	1	0	1	0
           403	2023-08-01 17:09:01	1	0	1	0
           363	2023-08-01 17:09:39	1	0	1	0
           398	2023-08-01 17:10:05	1	0	1	0
           547	2023-08-01 17:10:22	1	0	1	0
           370	2023-08-01 17:11:04	1	0	1	0
           434	2023-08-01 17:12:49	1	0	15	0
           194	2023-08-01 17:13:22	1	0	1	0
           401	2023-08-01 17:14:18	1	0	1	0
           502	2023-08-01 17:18:02	1	0	1	0
           105	2023-08-01 17:18:06	1	0	1	0
           241	2023-08-01 17:18:20	1	0	1	0
           492	2023-08-01 17:19:17	1	0	1	0
           556	2023-08-01 17:19:28	1	0	1	0
           525	2023-08-01 17:19:36	1	0	1	0
           338	2023-08-01 17:19:41	1	0	1	0
           374	2023-08-01 17:20:20	1	0	1	0
            91	2023-08-01 17:20:48	1	0	1	0
           579	2023-08-01 17:22:48	1	0	1	0
           541	2023-08-01 17:22:52	1	0	1	0
           573	2023-08-01 17:22:57	1	0	1	0
           467	2023-08-01 17:23:03	1	0	1	0
           546	2023-08-01 17:23:09	1	0	1	0
           540	2023-08-01 17:23:48	1	0	15	0
           410	2023-08-01 17:23:56	1	0	1	0
            69	2023-08-01 17:32:40	1	0	1	0
            66	2023-08-01 17:37:45	1	0	15	0
           404	2023-08-01 17:38:50	1	0	1	0
            43	2023-08-01 17:39:47	1	0	1	0
           312	2023-08-01 17:40:46	1	0	1	0
           335	2023-08-01 17:41:59	1	0	1	0
           265	2023-08-01 17:59:15	1	0	1	0
           413	2023-08-01 17:59:23	1	0	4	0
           444	2023-08-01 18:00:29	1	0	1	0
           355	2023-08-01 18:03:45	1	0	1	0
           485	2023-08-01 18:03:50	1	0	1	0
           574	2023-08-01 18:22:43	1	0	1	0
           182	2023-08-01 18:26:24	1	0	1	0
           145	2023-08-01 18:34:55	1	0	1	0
           205	2023-08-01 18:35:39	1	0	1	0
           465	2023-08-01 18:49:28	1	0	1	0
            75	2023-08-01 18:50:02	1	0	1	0
           114	2023-08-01 18:52:08	1	0	1	0
           200	2023-08-01 19:58:59	1	0	1	0
           567	2023-08-01 22:00:47	1	0	1	0
           124	2023-08-01 23:07:21	1	0	15	0
           107	2023-08-01 23:45:32	1	0	1	0
           387	2023-08-02 06:37:53	1	0	15	0
           567	2023-08-02 06:38:54	1	0	1	0
           422	2023-08-02 06:42:24	1	0	1	0
           196	2023-08-02 06:46:45	1	0	1	0
           224	2023-08-02 06:46:58	1	0	15	0
           395	2023-08-02 06:47:22	1	0	1	0
           119	2023-08-02 06:47:47	1	0	15	0
           460	2023-08-02 06:52:07	1	0	1	0
           107	2023-08-02 07:00:12	1	0	1	0
           425	2023-08-02 07:01:15	1	0	1	0
           385	2023-08-02 07:03:09	1	0	1	0
           366	2023-08-02 07:03:44	1	0	1	0
           576	2023-08-02 07:03:51	1	0	1	0
           582	2023-08-02 07:06:46	1	0	1	0
           559	2023-08-02 07:08:14	1	0	1	0
           348	2023-08-02 07:10:57	1	0	1	0
            27	2023-08-02 07:11:01	1	0	1	0
           453	2023-08-02 07:11:12	1	0	1	0
           533	2023-08-02 07:11:18	1	0	1	0
           574	2023-08-02 07:11:59	1	0	1	0
           573	2023-08-02 07:13:11	1	0	1	0
            66	2023-08-02 07:17:45	1	0	15	0
           493	2023-08-02 07:19:25	1	0	1	0
           123	2023-08-02 07:20:30	1	0	1	0
           475	2023-08-02 07:21:09	1	0	1	0
           125	2023-08-02 07:21:33	1	0	1	0
           182	2023-08-02 07:21:46	1	0	1	0
           443	2023-08-02 07:22:08	1	0	1	0
           434	2023-08-02 07:22:55	1	0	1	0
           492	2023-08-02 07:23:23	1	0	1	0
           397	2023-08-02 07:24:05	1	0	1	0
           444	2023-08-02 07:26:54	1	0	1	0
           360	2023-08-02 07:27:40	1	0	1	0
           335	2023-08-02 07:27:51	1	0	1	0
            39	2023-08-02 07:29:00	1	0	1	0
           541	2023-08-02 07:32:20	1	0	1	0
           579	2023-08-02 07:34:00	1	0	1	0
           410	2023-08-02 07:34:32	1	0	1	0
            91	2023-08-02 07:35:11	1	0	1	0
           575	2023-08-02 07:35:16	1	0	1	0
           370	2023-08-02 07:35:52	1	0	1	0
           265	2023-08-02 07:35:58	1	0	1	0
           355	2023-08-02 07:36:20	1	0	1	0
           259	2023-08-02 07:39:18	1	0	15	0
           547	2023-08-02 07:39:44	1	0	1	0
           502	2023-08-02 07:39:49	1	0	1	0
           149	2023-08-02 07:40:13	1	0	15	0
           374	2023-08-02 07:40:35	1	0	1	0
           556	2023-08-02 07:41:16	1	0	1	0
           101	2023-08-02 07:41:37	1	0	1	0
           145	2023-08-02 07:41:54	1	0	1	0
            43	2023-08-02 07:42:33	1	0	1	0
           418	2023-08-02 07:43:01	1	0	1	0
           375	2023-08-02 07:43:35	1	0	1	0
           467	2023-08-02 07:44:48	1	0	1	0
           465	2023-08-02 07:45:47	1	0	1	0
           331	2023-08-02 07:45:54	1	0	1	0
           530	2023-08-02 07:46:42	1	0	1	0
           118	2023-08-02 07:46:50	1	0	1	0
           529	2023-08-02 07:47:10	1	0	1	0
           520	2023-08-02 07:47:20	1	0	15	0
           114	2023-08-02 07:47:26	1	0	1	0
           546	2023-08-02 07:48:12	1	0	1	0
           194	2023-08-02 07:48:52	1	0	1	0
           540	2023-08-02 07:48:59	1	0	15	0
           568	2023-08-02 07:49:14	1	0	1	0
           252	2023-08-02 07:49:25	1	0	15	0
            69	2023-08-02 07:49:33	1	0	1	0
           403	2023-08-02 07:49:46	1	0	1	0
           527	2023-08-02 07:50:10	1	0	1	0
           473	2023-08-02 07:50:39	1	0	1	0
           205	2023-08-02 07:51:40	1	0	1	0
           571	2023-08-02 07:51:46	1	0	1	0
           121	2023-08-02 07:52:08	1	0	1	0
           583	2023-08-02 07:52:34	1	0	1	0
           404	2023-08-02 07:53:42	1	0	1	0
           405	2023-08-02 07:53:52	1	0	1	0
            73	2023-08-02 07:55:21	1	0	1	0
           536	2023-08-02 07:55:46	1	0	1	0
           413	2023-08-02 07:55:49	1	0	4	0
           399	2023-08-02 07:56:02	1	0	1	0
           525	2023-08-02 07:56:11	1	0	1	0
           105	2023-08-02 07:56:22	1	0	1	0
           363	2023-08-02 07:56:39	1	0	1	0
           361	2023-08-02 07:57:05	1	0	1	0
           551	2023-08-02 07:57:11	1	0	1	0
           471	2023-08-02 07:57:16	1	0	1	0
           472	2023-08-02 07:57:20	1	0	1	0
           241	2023-08-02 07:57:31	1	0	1	0
           511	2023-08-02 07:58:22	1	0	1	0
           580	2023-08-02 07:58:34	1	0	1	0
           476	2023-08-02 07:58:43	1	0	1	0
           417	2023-08-02 07:59:08	1	0	15	0
           312	2023-08-02 07:59:46	1	0	1	0
           352	2023-08-02 08:08:50	1	0	1	0
           114	2023-08-02 08:09:48	1	0	1	0
           249	2023-08-02 08:10:06	1	0	1	0
           408	2023-08-02 08:10:35	1	0	1	0
           401	2023-08-02 08:11:08	1	0	1	0
           516	2023-08-02 08:13:52	1	0	1	0
           513	2023-08-02 08:14:44	1	0	1	0
           338	2023-08-02 08:22:48	1	0	1	0
           562	2023-08-02 08:24:15	1	0	1	0
           485	2023-08-02 08:57:28	1	0	1	0
           425	2023-08-02 11:05:38	1	0	1	0
           460	2023-08-02 11:05:45	1	0	1	0
           224	2023-08-02 11:30:32	1	0	15	0
           387	2023-08-02 11:30:41	1	0	15	0
           475	2023-08-02 11:30:54	1	0	15	0
           582	2023-08-02 11:31:31	1	0	1	0
           576	2023-08-02 11:31:47	1	0	1	0
           119	2023-08-02 11:31:58	1	0	15	0
           366	2023-08-02 11:32:07	1	0	1	0
           123	2023-08-02 11:32:14	1	0	1	0
           422	2023-08-02 11:32:22	1	0	1	0
           196	2023-08-02 11:32:29	1	0	1	0
           460	2023-08-02 11:32:39	1	0	1	0
           425	2023-08-02 11:32:48	1	0	1	0
           533	2023-08-02 11:32:54	1	0	1	0
           443	2023-08-02 11:33:07	1	0	1	0
           385	2023-08-02 11:33:12	1	0	1	0
           360	2023-08-02 11:35:14	1	0	1	0
           559	2023-08-02 11:35:20	1	0	1	0
           562	2023-08-02 12:00:04	1	0	1	0
           397	2023-08-02 12:00:10	1	0	1	0
           559	2023-08-02 12:00:14	1	0	1	0
           123	2023-08-02 12:00:20	1	0	1	0
           422	2023-08-02 12:00:49	1	0	1	0
           196	2023-08-02 12:01:10	1	0	1	0
           385	2023-08-02 12:01:24	1	0	1	0
           443	2023-08-02 12:01:40	1	0	1	0
           576	2023-08-02 12:01:59	1	0	1	0
           366	2023-08-02 12:02:05	1	0	1	0
           511	2023-08-02 12:02:11	1	0	1	0
           387	2023-08-02 12:02:17	1	0	15	0
           582	2023-08-02 12:02:23	1	0	1	0
           224	2023-08-02 12:02:30	1	0	15	0
           551	2023-08-02 12:02:39	1	0	1	0
           259	2023-08-02 12:02:48	1	0	1	0
           119	2023-08-02 12:03:01	1	0	15	0
           568	2023-08-02 12:03:07	1	0	1	0
           145	2023-08-02 12:03:14	1	0	1	0
           401	2023-08-02 12:03:18	1	0	1	0
           331	2023-08-02 12:03:26	1	0	1	0
           360	2023-08-02 12:03:31	1	0	1	0
           471	2023-08-02 12:03:37	1	0	1	0
           472	2023-08-02 12:03:40	1	0	1	0
           249	2023-08-02 12:03:50	1	0	1	0
           404	2023-08-02 12:03:55	1	0	1	0
           556	2023-08-02 12:04:02	1	0	1	0
           536	2023-08-02 12:04:07	1	0	1	0
           527	2023-08-02 12:04:13	1	0	1	0
           575	2023-08-02 12:04:19	1	0	1	0
           580	2023-08-02 12:04:24	1	0	1	0
           121	2023-08-02 12:04:32	1	0	1	0
           413	2023-08-02 12:04:35	1	0	4	0
           525	2023-08-02 12:04:43	1	0	1	0
           513	2023-08-02 12:04:49	1	0	1	0
           571	2023-08-02 12:04:54	1	0	1	0
           493	2023-08-02 12:05:03	1	0	1	0
           363	2023-08-02 12:05:07	1	0	1	0
           149	2023-08-02 12:05:18	1	0	1	0
           546	2023-08-02 12:05:23	1	0	1	0
           579	2023-08-02 12:05:28	1	0	1	0
           114	2023-08-02 12:05:34	1	0	1	0
           374	2023-08-02 12:05:39	1	0	1	0
           473	2023-08-02 12:05:44	1	0	15	0
           118	2023-08-02 12:05:55	1	0	1	0
           541	2023-08-02 12:06:00	1	0	1	0
           467	2023-08-02 12:06:06	1	0	1	0
           573	2023-08-02 12:06:11	1	0	1	0
           194	2023-08-02 12:06:18	1	0	1	0
           403	2023-08-02 12:06:23	1	0	1	0
            69	2023-08-02 12:06:30	1	0	1	0
           265	2023-08-02 12:06:35	1	0	1	0
           583	2023-08-02 12:06:39	1	0	1	0
           125	2023-08-02 12:06:46	1	0	1	0
           453	2023-08-02 12:06:52	1	0	1	0
           547	2023-08-02 12:08:22	1	0	1	0
           101	2023-08-02 12:09:42	1	0	1	0
           348	2023-08-02 12:10:00	1	0	1	0
           530	2023-08-02 12:10:20	1	0	1	0
           520	2023-08-02 12:10:27	1	0	15	0
           370	2023-08-02 12:10:48	1	0	1	0
           200	2023-08-02 12:10:56	1	0	1	0
            39	2023-08-02 12:11:01	1	0	1	0
            91	2023-08-02 12:11:09	1	0	1	0
           434	2023-08-02 12:11:13	1	0	1	0
           241	2023-08-02 12:11:28	1	0	1	0
           105	2023-08-02 12:11:33	1	0	1	0
           312	2023-08-02 12:11:39	1	0	1	0
           399	2023-08-02 12:11:50	1	0	1	0
           252	2023-08-02 12:11:59	1	0	15	0
           205	2023-08-02 12:12:14	1	0	1	0
           182	2023-08-02 12:12:31	1	0	1	0
           465	2023-08-02 12:12:47	1	0	1	0
           338	2023-08-02 12:13:27	1	0	1	0
           476	2023-08-02 12:14:52	1	0	1	0
           352	2023-08-02 12:15:02	1	0	1	0
           410	2023-08-02 12:15:07	1	0	1	0
           540	2023-08-02 12:15:12	1	0	1	0
           397	2023-08-02 12:16:22	1	0	1	0
           398	2023-08-02 12:17:02	1	0	1	0
           574	2023-08-02 12:18:31	1	0	1	0
            73	2023-08-02 12:19:32	1	0	1	0
           259	2023-08-02 12:19:43	1	0	1	0
           568	2023-08-02 12:20:18	1	0	1	0
           471	2023-08-02 12:20:43	1	0	1	0
           472	2023-08-02 12:20:57	1	0	1	0
           473	2023-08-02 12:21:02	1	0	1	0
           492	2023-08-02 12:21:08	1	0	1	0
           118	2023-08-02 12:21:12	1	0	1	0
           516	2023-08-02 12:21:16	1	0	1	0
           546	2023-08-02 12:21:20	1	0	1	0
           413	2023-08-02 12:21:23	1	0	4	0
           467	2023-08-02 12:21:34	1	0	1	0
           573	2023-08-02 12:21:43	1	0	1	0
           579	2023-08-02 12:21:51	1	0	1	0
           541	2023-08-02 12:22:01	1	0	1	0
           374	2023-08-02 12:22:04	1	0	1	0
           114	2023-08-02 12:22:09	1	0	1	0
           405	2023-08-02 12:22:16	1	0	1	0
           375	2023-08-02 12:22:23	1	0	1	0
           556	2023-08-02 12:22:27	1	0	1	0
           361	2023-08-02 12:22:33	1	0	1	0
           536	2023-08-02 12:22:39	1	0	1	0
           527	2023-08-02 12:22:50	1	0	1	0
           249	2023-08-02 12:23:00	1	0	1	0
           121	2023-08-02 12:23:05	1	0	1	0
           417	2023-08-02 12:23:25	1	0	15	0
            27	2023-08-02 12:23:42	1	0	1	0
           355	2023-08-02 12:23:54	1	0	1	0
           401	2023-08-02 12:25:14	1	0	1	0
           575	2023-08-02 12:25:19	1	0	1	0
           145	2023-08-02 12:25:28	1	0	1	0
           513	2023-08-02 12:25:36	1	0	1	0
           241	2023-08-02 12:26:30	1	0	1	0
            91	2023-08-02 12:26:35	1	0	1	0
            43	2023-08-02 12:27:08	1	0	1	0
           335	2023-08-02 12:28:04	1	0	1	0
           312	2023-08-02 12:28:44	1	0	1	0
           200	2023-08-02 12:30:12	1	0	1	0
           370	2023-08-02 12:30:15	1	0	1	0
           511	2023-08-02 12:30:32	1	0	1	0
           502	2023-08-02 12:30:44	1	0	1	0
           149	2023-08-02 12:30:55	1	0	1	0
           493	2023-08-02 12:32:29	1	0	1	0
            69	2023-08-02 12:32:37	1	0	1	0
           403	2023-08-02 12:33:42	1	0	1	0
           465	2023-08-02 12:33:46	1	0	1	0
           492	2023-08-02 12:36:24	1	0	1	0
           529	2023-08-02 12:36:30	1	0	1	0
           516	2023-08-02 12:36:39	1	0	1	0
           562	2023-08-02 12:37:00	1	0	1	0
           571	2023-08-02 12:37:07	1	0	1	0
           444	2023-08-02 12:37:13	1	0	1	0
           405	2023-08-02 12:37:48	1	0	1	0
           375	2023-08-02 12:37:53	1	0	1	0
           361	2023-08-02 12:38:04	1	0	1	0
           194	2023-08-02 12:38:35	1	0	1	0
           265	2023-08-02 12:39:02	1	0	1	0
           101	2023-08-02 12:41:04	1	0	1	0
           551	2023-08-02 12:41:30	1	0	1	0
           348	2023-08-02 12:42:04	1	0	1	0
           335	2023-08-02 12:43:51	1	0	1	0
           417	2023-08-02 12:44:16	1	0	1	0
            43	2023-08-02 12:44:29	1	0	1	0
            27	2023-08-02 12:44:56	1	0	1	0
           530	2023-08-02 12:45:49	1	0	1	0
           520	2023-08-02 12:45:56	1	0	15	0
           363	2023-08-02 12:46:29	1	0	1	0
           547	2023-08-02 12:47:00	1	0	1	0
           525	2023-08-02 12:48:03	1	0	1	0
           252	2023-08-02 12:48:09	1	0	1	0
            39	2023-08-02 12:48:36	1	0	1	0
           399	2023-08-02 12:48:43	1	0	1	0
           125	2023-08-02 12:48:53	1	0	1	0
           502	2023-08-02 12:49:04	1	0	1	0
           476	2023-08-02 12:49:20	1	0	1	0
           410	2023-08-02 12:49:34	1	0	1	0
           352	2023-08-02 12:49:37	1	0	1	0
           540	2023-08-02 12:49:42	1	0	1	0
           434	2023-08-02 12:50:57	1	0	1	0
           453	2023-08-02 12:51:36	1	0	1	0
           580	2023-08-02 12:52:12	1	0	1	0
           583	2023-08-02 12:52:53	1	0	1	0
           529	2023-08-02 12:53:14	1	0	1	0
           105	2023-08-02 12:53:21	1	0	1	0
           533	2023-08-02 12:53:26	1	0	1	0
           574	2023-08-02 12:53:33	1	0	1	0
           355	2023-08-02 12:54:18	1	0	1	0
           404	2023-08-02 12:54:54	1	0	1	0
           444	2023-08-02 12:55:19	1	0	1	0
           485	2023-08-02 13:04:01	1	0	1	0
           124	2023-08-02 13:41:29	1	0	15	0
           485	2023-08-02 13:42:55	1	0	1	0
           567	2023-08-02 15:01:03	1	0	1	0
            73	2023-08-02 15:47:11	1	0	1	0
           418	2023-08-02 16:00:19	1	0	1	0
           460	2023-08-02 16:11:44	1	0	1	0
           425	2023-08-02 16:11:51	1	0	1	0
           114	2023-08-02 16:55:16	1	0	1	0
           414	2023-08-02 16:59:32	1	0	1	0
           473	2023-08-02 17:00:05	1	0	1	0
           387	2023-08-02 17:00:13	1	0	15	0
           453	2023-08-02 17:00:22	1	0	1	0
           422	2023-08-02 17:00:27	1	0	1	0
           493	2023-08-02 17:00:32	1	0	1	0
           370	2023-08-02 17:00:41	1	0	1	0
           475	2023-08-02 17:00:47	1	0	1	0
           571	2023-08-02 17:00:53	1	0	1	0
           366	2023-08-02 17:01:10	1	0	1	0
           149	2023-08-02 17:01:16	1	0	1	0
           101	2023-08-02 17:01:19	1	0	1	0
           331	2023-08-02 17:01:27	1	0	1	0
           576	2023-08-02 17:01:31	1	0	1	0
           559	2023-08-02 17:01:36	1	0	1	0
           582	2023-08-02 17:01:46	1	0	1	0
           551	2023-08-02 17:01:54	1	0	1	0
           546	2023-08-02 17:01:59	1	0	1	0
            39	2023-08-02 17:02:06	1	0	1	0
           568	2023-08-02 17:02:12	1	0	1	0
           513	2023-08-02 17:02:16	1	0	1	0
           533	2023-08-02 17:02:22	1	0	1	0
           434	2023-08-02 17:02:25	1	0	1	0
           395	2023-08-02 17:02:31	1	0	1	0
           472	2023-08-02 17:02:37	1	0	1	0
           471	2023-08-02 17:02:42	1	0	1	0
           443	2023-08-02 17:02:53	1	0	1	0
           123	2023-08-02 17:03:03	1	0	1	0
           536	2023-08-02 17:03:09	1	0	1	0
           529	2023-08-02 17:03:16	1	0	1	0
           574	2023-08-02 17:03:20	1	0	1	0
           404	2023-08-02 17:03:24	1	0	1	0
           224	2023-08-02 17:03:31	1	0	15	0
           397	2023-08-02 17:03:35	1	0	1	0
           125	2023-08-02 17:03:43	1	0	1	0
           562	2023-08-02 17:03:47	1	0	1	0
           556	2023-08-02 17:03:51	1	0	1	0
            27	2023-08-02 17:03:56	1	0	1	0
           530	2023-08-02 17:04:01	1	0	1	0
           360	2023-08-02 17:04:06	1	0	1	0
           520	2023-08-02 17:04:13	1	0	15	0
           540	2023-08-02 17:04:25	1	0	1	0
           403	2023-08-02 17:04:31	1	0	1	0
           252	2023-08-02 17:04:53	1	0	15	0
           259	2023-08-02 17:04:58	1	0	1	0
           119	2023-08-02 17:05:06	1	0	15	0
           476	2023-08-02 17:05:11	1	0	1	0
           511	2023-08-02 17:05:16	1	0	1	0
           398	2023-08-02 17:05:25	1	0	1	0
           405	2023-08-02 17:05:54	1	0	1	0
           352	2023-08-02 17:05:59	1	0	1	0
           417	2023-08-02 17:06:04	1	0	15	0
           348	2023-08-02 17:06:13	1	0	1	0
           385	2023-08-02 17:06:24	1	0	1	0
           361	2023-08-02 17:06:29	1	0	1	0
           410	2023-08-02 17:06:35	1	0	1	0
           196	2023-08-02 17:06:44	1	0	1	0
           580	2023-08-02 17:06:51	1	0	1	0
           375	2023-08-02 17:06:58	1	0	1	0
           363	2023-08-02 17:07:12	1	0	1	0
           121	2023-08-02 17:07:20	1	0	1	0
           249	2023-08-02 17:07:35	1	0	1	0
           583	2023-08-02 17:08:13	1	0	1	0
           335	2023-08-02 17:08:33	1	0	1	0
           118	2023-08-02 17:09:05	1	0	1	0
           527	2023-08-02 17:09:11	1	0	1	0
           265	2023-08-02 17:11:48	1	0	1	0
           444	2023-08-02 17:12:55	1	0	1	0
           413	2023-08-02 17:13:02	1	0	4	0
           502	2023-08-02 17:15:06	1	0	1	0
           575	2023-08-02 17:15:11	1	0	1	0
           374	2023-08-02 17:15:54	1	0	1	0
            91	2023-08-02 17:16:03	1	0	1	0
           194	2023-08-02 17:17:47	1	0	1	0
           541	2023-08-02 17:20:21	1	0	1	0
           579	2023-08-02 17:20:26	1	0	1	0
           467	2023-08-02 17:20:33	1	0	1	0
           573	2023-08-02 17:20:39	1	0	1	0
           105	2023-08-02 17:26:12	1	0	1	0
           408	2023-08-02 17:26:18	1	0	1	0
           525	2023-08-02 17:26:26	1	0	1	0
           338	2023-08-02 17:26:42	1	0	1	0
           312	2023-08-02 17:27:28	1	0	15	0
            69	2023-08-02 17:28:21	1	0	1	0
           404	2023-08-02 17:28:37	1	0	1	0
            43	2023-08-02 17:38:16	1	0	1	0
           182	2023-08-02 17:41:09	1	0	1	0
           205	2023-08-02 17:41:49	1	0	1	0
           241	2023-08-02 17:48:51	1	0	1	0
           574	2023-08-02 17:51:48	1	0	1	0
           529	2023-08-02 17:51:59	1	0	1	0
           355	2023-08-02 18:00:52	1	0	1	0
           485	2023-08-02 18:20:21	1	0	1	0
           145	2023-08-02 18:32:23	1	0	1	0
           401	2023-08-02 18:32:30	1	0	1	0
           547	2023-08-02 18:38:46	1	0	1	0
           399	2023-08-02 18:38:56	1	0	1	0
           465	2023-08-02 18:51:04	1	0	1	0
           516	2023-08-02 19:37:16	1	0	1	0
           492	2023-08-02 19:38:25	1	0	1	0
           200	2023-08-02 20:38:23	1	0	1	0
           107	2023-08-02 21:33:29	1	0	1	0
           574	2023-08-02 22:00:13	1	0	1	0
           529	2023-08-02 22:00:17	1	0	1	0
           404	2023-08-02 22:00:24	1	0	1	0
           124	2023-08-02 22:00:42	1	0	15	0
           305	2023-08-02 22:04:50	1	0	1	0
           335	2023-08-03 05:10:20	1	0	1	0
           567	2023-08-03 05:49:44	1	0	1	0
           107	2023-08-03 06:00:29	1	0	1	0
           395	2023-08-03 06:38:02	1	0	1	0
           387	2023-08-03 06:40:34	1	0	15	0
           422	2023-08-03 06:42:16	1	0	1	0
           443	2023-08-03 06:46:04	1	0	1	0
           224	2023-08-03 06:48:46	1	0	15	0
           196	2023-08-03 06:48:57	1	0	1	0
           119	2023-08-03 06:49:09	1	0	15	0
           366	2023-08-03 06:54:28	1	0	1	0
           425	2023-08-03 06:56:43	1	0	1	0
           385	2023-08-03 06:59:24	1	0	1	0
           460	2023-08-03 07:00:19	1	0	1	0
           582	2023-08-03 07:04:37	1	0	1	0
           305	2023-08-03 07:05:01	1	0	1	0
           492	2023-08-03 07:07:51	1	0	1	0
           223	2023-08-03 07:08:49	1	0	1	0
           533	2023-08-03 07:15:35	1	0	1	0
           398	2023-08-03 07:20:02	1	0	1	0
           418	2023-08-03 07:24:44	1	0	1	0
           573	2023-08-03 07:25:10	1	0	1	0
           259	2023-08-03 07:27:30	1	0	1	0
           397	2023-08-03 07:28:18	1	0	1	0
           434	2023-08-03 07:28:29	1	0	1	0
            27	2023-08-03 07:28:49	1	0	1	0
           348	2023-08-03 07:28:54	1	0	1	0
           453	2023-08-03 07:29:08	1	0	1	0
           241	2023-08-03 07:29:15	1	0	1	0
           101	2023-08-03 07:31:11	1	0	1	0
           579	2023-08-03 07:32:42	1	0	1	0
           149	2023-08-03 07:33:24	1	0	15	0
           370	2023-08-03 07:34:19	1	0	1	0
           493	2023-08-03 07:34:42	1	0	1	0
           355	2023-08-03 07:34:54	1	0	1	0
           556	2023-08-03 07:38:07	1	0	1	0
            39	2023-08-03 07:39:48	1	0	1	0
           541	2023-08-03 07:40:18	1	0	1	0
           265	2023-08-03 07:40:31	1	0	1	0
           570	2023-08-03 07:41:28	1	0	1	0
           540	2023-08-03 07:41:41	1	0	1	0
            66	2023-08-03 07:43:49	1	0	15	0
           118	2023-08-03 07:44:42	1	0	1	0
           114	2023-08-03 07:45:32	1	0	1	0
           574	2023-08-03 07:45:37	1	0	1	0
            43	2023-08-03 07:45:52	1	0	1	0
           414	2023-08-03 07:45:57	1	0	1	0
            40	2023-08-03 07:46:33	1	0	1	0
           568	2023-08-03 07:47:57	1	0	1	0
           374	2023-08-03 07:48:39	1	0	1	0
           562	2023-08-03 07:49:07	1	0	1	0
           571	2023-08-03 07:49:18	1	0	1	0
           520	2023-08-03 07:49:27	1	0	15	0
           352	2023-08-03 07:49:36	1	0	1	0
           182	2023-08-03 07:49:48	1	0	1	0
           105	2023-08-03 07:49:55	1	0	1	0
           404	2023-08-03 07:49:59	1	0	1	0
           472	2023-08-03 07:50:31	1	0	1	0
           527	2023-08-03 07:50:36	1	0	1	0
           546	2023-08-03 07:50:41	1	0	1	0
           471	2023-08-03 07:50:51	1	0	1	0
           502	2023-08-03 07:51:02	1	0	1	0
           547	2023-08-03 07:51:16	1	0	1	0
           530	2023-08-03 07:51:37	1	0	1	0
           338	2023-08-03 07:52:44	1	0	1	0
           529	2023-08-03 07:53:40	1	0	1	0
           467	2023-08-03 07:53:47	1	0	1	0
            91	2023-08-03 07:54:38	1	0	1	0
           473	2023-08-03 07:54:47	1	0	1	0
           551	2023-08-03 07:54:51	1	0	1	0
           575	2023-08-03 07:54:56	1	0	1	0
           145	2023-08-03 07:55:01	1	0	1	0
           360	2023-08-03 07:55:37	1	0	1	0
           465	2023-08-03 07:55:45	1	0	1	0
           399	2023-08-03 07:56:17	1	0	1	0
           184	2023-08-03 07:56:29	1	0	1	0
           121	2023-08-03 07:56:37	1	0	1	0
           583	2023-08-03 07:56:43	1	0	1	0
           401	2023-08-03 07:56:48	1	0	1	0
           331	2023-08-03 07:57:21	1	0	1	0
           125	2023-08-03 07:57:30	1	0	1	0
           476	2023-08-03 07:57:44	1	0	1	0
           410	2023-08-03 07:58:37	1	0	1	0
           252	2023-08-03 07:58:46	1	0	15	0
           363	2023-08-03 07:59:05	1	0	1	0
           403	2023-08-03 07:59:33	1	0	1	0
           115	2023-08-03 07:59:45	1	0	1	0
           511	2023-08-03 08:00:03	1	0	1	0
           413	2023-08-03 08:00:44	1	0	4	0
           516	2023-08-03 08:01:09	1	0	1	0
           525	2023-08-03 08:02:23	1	0	1	0
           361	2023-08-03 08:02:56	1	0	1	0
           312	2023-08-03 08:03:46	1	0	1	0
           536	2023-08-03 08:04:36	1	0	1	0
           417	2023-08-03 08:04:46	1	0	1	0
           475	2023-08-03 08:07:33	1	0	1	0
           408	2023-08-03 08:07:40	1	0	1	0
           444	2023-08-03 08:07:55	1	0	1	0
           205	2023-08-03 08:08:43	1	0	1	0
           513	2023-08-03 08:11:34	1	0	1	0
           249	2023-08-03 08:14:56	1	0	1	0
           580	2023-08-03 08:17:03	1	0	1	0
           200	2023-08-03 08:19:57	1	0	1	0
           485	2023-08-03 08:42:14	1	0	1	0
           460	2023-08-03 11:06:51	1	0	1	0
           425	2023-08-03 11:06:54	1	0	1	0
           387	2023-08-03 11:30:25	1	0	15	0
           223	2023-08-03 11:30:38	1	0	1	0
           360	2023-08-03 11:30:54	1	0	1	0
           533	2023-08-03 11:31:27	1	0	1	0
           475	2023-08-03 11:31:36	1	0	1	0
           582	2023-08-03 11:31:45	1	0	1	0
           196	2023-08-03 11:32:03	1	0	1	0
           366	2023-08-03 11:32:10	1	0	1	0
           395	2023-08-03 11:32:17	1	0	1	0
           119	2023-08-03 11:32:28	1	0	15	0
           224	2023-08-03 11:32:41	1	0	15	0
           443	2023-08-03 11:32:50	1	0	1	0
           422	2023-08-03 11:33:04	1	0	1	0
           385	2023-08-03 11:33:10	1	0	1	0
           425	2023-08-03 11:41:30	1	0	1	0
           460	2023-08-03 11:41:42	1	0	1	0
           397	2023-08-03 12:00:05	1	0	1	0
           224	2023-08-03 12:00:10	1	0	15	0
           422	2023-08-03 12:00:16	1	0	1	0
           196	2023-08-03 12:00:24	1	0	1	0
           443	2023-08-03 12:00:30	1	0	1	0
           366	2023-08-03 12:00:37	1	0	1	0
           101	2023-08-03 12:00:45	1	0	1	0
           582	2023-08-03 12:00:52	1	0	1	0
           387	2023-08-03 12:00:59	1	0	15	0
           562	2023-08-03 12:01:03	1	0	1	0
           568	2023-08-03 12:01:07	1	0	1	0
           547	2023-08-03 12:01:12	1	0	1	0
           119	2023-08-03 12:01:20	1	0	15	0
           121	2023-08-03 12:01:25	1	0	1	0
           249	2023-08-03 12:01:30	1	0	1	0
           385	2023-08-03 12:01:35	1	0	1	0
           149	2023-08-03 12:01:42	1	0	1	0
           331	2023-08-03 12:01:48	1	0	1	0
           395	2023-08-03 12:01:55	1	0	1	0
           556	2023-08-03 12:02:05	1	0	1	0
           413	2023-08-03 12:02:07	1	0	4	0
           513	2023-08-03 12:02:13	1	0	1	0
           471	2023-08-03 12:02:18	1	0	1	0
           472	2023-08-03 12:02:22	1	0	1	0
           118	2023-08-03 12:02:26	1	0	1	0
           570	2023-08-03 12:02:31	1	0	1	0
           125	2023-08-03 12:02:36	1	0	1	0
           511	2023-08-03 12:03:02	1	0	1	0
           551	2023-08-03 12:03:07	1	0	1	0
           182	2023-08-03 12:03:21	1	0	1	0
           403	2023-08-03 12:03:27	1	0	1	0
           527	2023-08-03 12:03:48	1	0	1	0
            27	2023-08-03 12:03:56	1	0	1	0
           536	2023-08-03 12:04:07	1	0	1	0
           453	2023-08-03 12:04:15	1	0	1	0
           348	2023-08-03 12:04:32	1	0	15	0
            39	2023-08-03 12:04:42	1	0	1	0
           571	2023-08-03 12:04:58	1	0	1	0
           467	2023-08-03 12:05:58	1	0	1	0
           579	2023-08-03 12:06:02	1	0	1	0
           546	2023-08-03 12:06:06	1	0	1	0
           573	2023-08-03 12:06:10	1	0	1	0
           541	2023-08-03 12:06:15	1	0	1	0
           114	2023-08-03 12:06:21	1	0	1	0
           374	2023-08-03 12:06:24	1	0	1	0
           355	2023-08-03 12:06:30	1	0	1	0
           444	2023-08-03 12:07:26	1	0	1	0
           200	2023-08-03 12:07:31	1	0	1	0
           252	2023-08-03 12:09:32	1	0	15	0
            43	2023-08-03 12:09:45	1	0	1	0
           493	2023-08-03 12:09:51	1	0	1	0
           265	2023-08-03 12:10:19	1	0	1	0
           583	2023-08-03 12:11:53	1	0	1	0
           580	2023-08-03 12:11:58	1	0	1	0
            91	2023-08-03 12:12:02	1	0	1	0
           241	2023-08-03 12:12:10	1	0	1	0
           476	2023-08-03 12:12:16	1	0	1	0
           352	2023-08-03 12:12:24	1	0	1	0
           410	2023-08-03 12:12:30	1	0	1	0
           398	2023-08-03 12:14:06	1	0	1	0
           473	2023-08-03 12:14:35	1	0	15	0
           363	2023-08-03 12:14:51	1	0	1	0
           259	2023-08-03 12:15:27	1	0	1	0
           540	2023-08-03 12:16:05	1	0	1	0
           568	2023-08-03 12:16:10	1	0	1	0
           121	2023-08-03 12:16:34	1	0	1	0
           399	2023-08-03 12:17:05	1	0	1	0
           249	2023-08-03 12:17:38	1	0	1	0
           520	2023-08-03 12:17:57	1	0	15	0
           511	2023-08-03 12:18:12	1	0	1	0
           530	2023-08-03 12:18:16	1	0	1	0
           513	2023-08-03 12:18:20	1	0	1	0
            40	2023-08-03 12:19:09	1	0	1	0
           465	2023-08-03 12:19:31	1	0	1	0
           414	2023-08-03 12:19:38	1	0	1	0
           205	2023-08-03 12:19:47	1	0	1	0
           434	2023-08-03 12:19:53	1	0	1	0
           403	2023-08-03 12:19:57	1	0	1	0
           556	2023-08-03 12:20:04	1	0	1	0
           184	2023-08-03 12:20:12	1	0	1	0
           370	2023-08-03 12:20:17	1	0	1	0
           551	2023-08-03 12:20:22	1	0	1	0
           536	2023-08-03 12:20:28	1	0	1	0
           467	2023-08-03 12:21:30	1	0	1	0
           579	2023-08-03 12:21:36	1	0	1	0
           546	2023-08-03 12:21:43	1	0	1	0
           573	2023-08-03 12:21:55	1	0	1	0
           471	2023-08-03 12:22:06	1	0	1	0
           118	2023-08-03 12:22:10	1	0	1	0
           472	2023-08-03 12:22:13	1	0	1	0
           114	2023-08-03 12:22:20	1	0	1	0
           541	2023-08-03 12:22:25	1	0	1	0
           374	2023-08-03 12:22:28	1	0	1	0
           525	2023-08-03 12:23:16	1	0	1	0
           105	2023-08-03 12:23:28	1	0	1	0
           413	2023-08-03 12:23:33	1	0	4	0
           360	2023-08-03 12:23:41	1	0	1	0
           348	2023-08-03 12:23:50	1	0	1	0
           149	2023-08-03 12:24:00	1	0	1	0
           574	2023-08-03 12:24:08	1	0	1	0
           265	2023-08-03 12:25:31	1	0	1	0
           335	2023-08-03 12:25:47	1	0	1	0
           493	2023-08-03 12:25:54	1	0	1	0
            39	2023-08-03 12:26:31	1	0	1	0
            91	2023-08-03 12:27:07	1	0	1	0
           241	2023-08-03 12:27:15	1	0	1	0
           404	2023-08-03 12:28:03	1	0	1	0
           361	2023-08-03 12:29:25	1	0	1	0
           417	2023-08-03 12:29:35	1	0	1	0
           516	2023-08-03 12:32:35	1	0	1	0
           492	2023-08-03 12:32:40	1	0	1	0
           529	2023-08-03 12:33:06	1	0	1	0
           101	2023-08-03 12:33:51	1	0	1	0
           527	2023-08-03 12:34:34	1	0	1	0
           502	2023-08-03 12:35:06	1	0	1	0
           575	2023-08-03 12:35:13	1	0	1	0
           562	2023-08-03 12:36:29	1	0	1	0
            27	2023-08-03 12:37:00	1	0	1	0
           453	2023-08-03 12:37:08	1	0	1	0
           363	2023-08-03 12:37:56	1	0	1	0
           125	2023-08-03 12:38:03	1	0	1	0
           259	2023-08-03 12:38:50	1	0	1	0
           520	2023-08-03 12:40:21	1	0	15	0
           571	2023-08-03 12:40:31	1	0	15	0
           530	2023-08-03 12:40:38	1	0	1	0
           547	2023-08-03 12:40:49	1	0	1	0
           476	2023-08-03 12:41:02	1	0	1	0
           398	2023-08-03 12:41:17	1	0	1	0
           105	2023-08-03 12:42:05	1	0	1	0
           252	2023-08-03 12:42:26	1	0	15	0
           434	2023-08-03 12:42:47	1	0	1	0
           145	2023-08-03 12:43:10	1	0	1	0
           401	2023-08-03 12:43:14	1	0	1	0
           580	2023-08-03 12:43:20	1	0	1	0
           583	2023-08-03 12:43:49	1	0	1	0
           444	2023-08-03 12:44:01	1	0	1	0
           574	2023-08-03 12:44:08	1	0	1	0
           397	2023-08-03 12:44:13	1	0	1	0
           570	2023-08-03 12:45:13	1	0	1	0
            40	2023-08-03 12:45:38	1	0	1	0
           184	2023-08-03 12:47:23	1	0	1	0
           370	2023-08-03 12:47:29	1	0	1	0
           182	2023-08-03 12:48:00	1	0	1	0
           540	2023-08-03 12:48:26	1	0	1	0
           352	2023-08-03 12:48:37	1	0	1	0
           410	2023-08-03 12:48:41	1	0	1	0
           355	2023-08-03 12:48:52	1	0	1	0
           200	2023-08-03 12:49:55	1	0	1	0
           404	2023-08-03 12:50:14	1	0	1	0
           502	2023-08-03 12:50:28	1	0	1	0
           465	2023-08-03 12:50:39	1	0	1	0
           575	2023-08-03 12:50:43	1	0	1	0
           417	2023-08-03 12:50:54	1	0	15	0
           361	2023-08-03 12:51:31	1	0	1	0
           223	2023-08-03 12:52:50	1	0	1	0
           533	2023-08-03 12:54:04	1	0	1	0
           529	2023-08-03 12:58:03	1	0	1	0
           145	2023-08-03 12:58:35	1	0	1	0
           401	2023-08-03 12:58:41	1	0	1	0
           516	2023-08-03 12:58:46	1	0	1	0
           492	2023-08-03 12:58:54	1	0	1	0
           525	2023-08-03 12:58:57	1	0	1	0
           485	2023-08-03 13:11:36	1	0	1	0
           485	2023-08-03 13:37:08	1	0	1	0
           567	2023-08-03 14:01:29	1	0	1	0
           107	2023-08-03 15:14:20	1	0	1	0
           418	2023-08-03 16:00:05	1	0	1	0
           425	2023-08-03 16:16:20	1	0	1	0
           460	2023-08-03 16:16:28	1	0	1	0
           241	2023-08-03 17:00:03	1	0	1	0
            40	2023-08-03 17:00:09	1	0	1	0
           422	2023-08-03 17:00:18	1	0	1	0
           387	2023-08-03 17:00:24	1	0	15	0
           570	2023-08-03 17:00:30	1	0	1	0
           472	2023-08-03 17:00:35	1	0	1	0
           471	2023-08-03 17:00:41	1	0	1	0
           125	2023-08-03 17:00:45	1	0	1	0
           536	2023-08-03 17:00:51	1	0	1	0
           527	2023-08-03 17:01:02	1	0	1	0
           149	2023-08-03 17:01:16	1	0	1	0
           582	2023-08-03 17:01:27	1	0	1	0
           101	2023-08-03 17:01:31	1	0	1	0
            39	2023-08-03 17:01:49	1	0	1	0
           562	2023-08-03 17:01:54	1	0	1	0
           568	2023-08-03 17:01:58	1	0	1	0
           571	2023-08-03 17:02:17	1	0	1	0
           397	2023-08-03 17:02:22	1	0	1	0
            91	2023-08-03 17:02:27	1	0	1	0
           366	2023-08-03 17:02:36	1	0	1	0
           331	2023-08-03 17:02:42	1	0	1	0
           473	2023-08-03 17:02:47	1	0	1	0
           249	2023-08-03 17:03:04	1	0	1	0
           121	2023-08-03 17:03:10	1	0	1	0
           533	2023-08-03 17:03:28	1	0	1	0
           114	2023-08-03 17:03:58	1	0	1	0
           443	2023-08-03 17:04:08	1	0	1	0
           223	2023-08-03 17:04:30	1	0	1	0
           541	2023-08-03 17:04:44	1	0	1	0
           467	2023-08-03 17:04:49	1	0	1	0
           546	2023-08-03 17:04:54	1	0	1	0
           579	2023-08-03 17:04:59	1	0	1	0
           573	2023-08-03 17:05:05	1	0	1	0
           374	2023-08-03 17:05:11	1	0	1	0
           453	2023-08-03 17:05:18	1	0	1	0
           520	2023-08-03 17:05:25	1	0	15	0
           475	2023-08-03 17:05:32	1	0	1	0
           119	2023-08-03 17:05:39	1	0	15	0
           224	2023-08-03 17:05:46	1	0	15	0
           530	2023-08-03 17:06:03	1	0	1	0
           434	2023-08-03 17:06:36	1	0	1	0
           511	2023-08-03 17:08:02	1	0	1	0
           338	2023-08-03 17:08:32	1	0	1	0
           348	2023-08-03 17:09:02	1	0	1	0
           575	2023-08-03 17:09:08	1	0	1	0
           399	2023-08-03 17:09:24	1	0	1	0
           360	2023-08-03 17:10:02	1	0	1	0
           398	2023-08-03 17:10:07	1	0	1	0
           395	2023-08-03 17:10:21	1	0	1	0
           118	2023-08-03 17:10:27	1	0	1	0
           252	2023-08-03 17:10:33	1	0	15	0
           513	2023-08-03 17:11:51	1	0	1	0
           403	2023-08-03 17:12:01	1	0	1	0
           417	2023-08-03 17:12:42	1	0	15	0
           493	2023-08-03 17:13:00	1	0	1	0
            27	2023-08-03 17:13:05	1	0	1	0
           408	2023-08-03 17:13:10	1	0	1	0
           196	2023-08-03 17:14:17	1	0	1	0
           385	2023-08-03 17:14:25	1	0	1	0
           361	2023-08-03 17:14:40	1	0	1	0
           363	2023-08-03 17:15:29	1	0	1	0
            66	2023-08-03 17:16:52	1	0	15	0
           370	2023-08-03 17:17:06	1	0	1	0
           265	2023-08-03 17:20:19	1	0	1	0
           413	2023-08-03 17:21:03	1	0	4	0
           259	2023-08-03 17:23:40	1	0	1	0
           540	2023-08-03 17:24:39	1	0	1	0
           410	2023-08-03 17:24:47	1	0	1	0
           352	2023-08-03 17:25:26	1	0	1	0
           476	2023-08-03 17:25:31	1	0	1	0
           404	2023-08-03 17:26:28	1	0	1	0
           502	2023-08-03 17:27:22	1	0	1	0
           547	2023-08-03 17:27:29	1	0	1	0
           580	2023-08-03 17:28:33	1	0	1	0
           525	2023-08-03 17:30:40	1	0	1	0
           401	2023-08-03 17:35:34	1	0	1	0
           312	2023-08-03 17:37:07	1	0	1	0
           583	2023-08-03 17:37:19	1	0	1	0
            43	2023-08-03 17:49:43	1	0	1	0
           529	2023-08-03 17:50:03	1	0	1	0
           335	2023-08-03 17:58:35	1	0	1	0
           355	2023-08-03 18:01:58	1	0	1	0
           485	2023-08-03 18:02:04	1	0	1	0
           205	2023-08-03 18:27:20	1	0	1	0
           338	2023-08-03 18:49:34	1	0	1	0
           492	2023-08-03 18:50:18	1	0	1	0
           200	2023-08-03 18:51:31	1	0	1	0
           465	2023-08-03 18:57:19	1	0	1	0
           145	2023-08-03 19:01:36	1	0	1	0
           574	2023-08-03 19:03:37	1	0	1	0
           444	2023-08-03 19:03:54	1	0	1	0
           182	2023-08-03 19:11:20	1	0	1	0
           516	2023-08-03 20:09:47	1	0	1	0
           184	2023-08-03 20:18:34	1	0	1	0
           305	2023-08-03 21:47:32	1	0	1	0
            70	2023-08-03 22:05:08	1	0	1	0
           107	2023-08-03 23:04:24	1	0	1	0
           305	2023-08-04 06:00:11	1	0	1	0
           124	2023-08-04 06:15:51	1	0	15	0
           387	2023-08-04 06:32:13	1	0	15	0
           414	2023-08-04 06:37:19	1	0	1	0
           574	2023-08-04 06:37:26	1	0	1	0
           395	2023-08-04 06:40:52	1	0	1	0
           196	2023-08-04 06:41:22	1	0	1	0
           119	2023-08-04 06:42:09	1	0	15	0
           224	2023-08-04 06:42:46	1	0	15	0
           422	2023-08-04 06:45:00	1	0	1	0
           582	2023-08-04 06:50:41	1	0	1	0
           425	2023-08-04 06:57:14	1	0	1	0
           460	2023-08-04 06:57:27	1	0	1	0
           443	2023-08-04 06:59:35	1	0	1	0
            70	2023-08-04 07:00:09	1	0	1	0
           385	2023-08-04 07:01:29	1	0	1	0
           573	2023-08-04 07:07:37	1	0	1	0
           559	2023-08-04 07:10:16	1	0	1	0
           366	2023-08-04 07:11:09	1	0	1	0
           576	2023-08-04 07:11:16	1	0	1	0
           123	2023-08-04 07:13:05	1	0	1	0
           223	2023-08-04 07:13:12	1	0	1	0
           533	2023-08-04 07:15:29	1	0	1	0
            27	2023-08-04 07:20:38	1	0	1	0
           348	2023-08-04 07:20:49	1	0	1	0
           434	2023-08-04 07:20:55	1	0	1	0
           556	2023-08-04 07:21:00	1	0	1	0
           453	2023-08-04 07:24:10	1	0	1	0
           546	2023-08-04 07:26:05	1	0	1	0
            39	2023-08-04 07:27:03	1	0	1	0
           527	2023-08-04 07:27:28	1	0	1	0
           547	2023-08-04 07:29:27	1	0	1	0
           502	2023-08-04 07:29:32	1	0	1	0
           252	2023-08-04 07:29:47	1	0	15	0
           205	2023-08-04 07:30:03	1	0	1	0
           492	2023-08-04 07:30:10	1	0	1	0
           570	2023-08-04 07:30:17	1	0	1	0
           398	2023-08-04 07:30:32	1	0	1	0
           149	2023-08-04 07:30:39	1	0	1	0
           352	2023-08-04 07:31:02	1	0	1	0
           397	2023-08-04 07:32:52	1	0	1	0
           101	2023-08-04 07:34:10	1	0	1	0
           579	2023-08-04 07:34:20	1	0	1	0
           355	2023-08-04 07:34:26	1	0	1	0
           513	2023-08-04 07:34:30	1	0	1	0
           360	2023-08-04 07:34:55	1	0	1	0
           568	2023-08-04 07:38:30	1	0	1	0
           571	2023-08-04 07:38:49	1	0	1	0
           493	2023-08-04 07:38:51	1	0	1	0
            91	2023-08-04 07:39:48	1	0	1	0
            66	2023-08-04 07:39:58	1	0	15	0
           335	2023-08-04 07:41:16	1	0	1	0
            43	2023-08-04 07:42:28	1	0	1	0
           530	2023-08-04 07:45:13	1	0	1	0
           338	2023-08-04 07:45:42	1	0	1	0
           265	2023-08-04 07:46:50	1	0	1	0
           472	2023-08-04 07:47:16	1	0	1	0
           471	2023-08-04 07:47:22	1	0	1	0
           541	2023-08-04 07:47:26	1	0	1	0
           418	2023-08-04 07:48:23	1	0	1	0
           200	2023-08-04 07:48:29	1	0	1	0
           241	2023-08-04 07:48:43	1	0	1	0
           562	2023-08-04 07:49:51	1	0	1	0
           551	2023-08-04 07:50:05	1	0	1	0
           114	2023-08-04 07:50:38	1	0	1	0
           476	2023-08-04 07:50:44	1	0	1	0
           575	2023-08-04 07:50:51	1	0	1	0
           408	2023-08-04 07:50:58	1	0	1	0
           520	2023-08-04 07:51:04	1	0	1	0
            40	2023-08-04 07:51:39	1	0	1	0
           403	2023-08-04 07:51:44	1	0	1	0
           529	2023-08-04 07:51:51	1	0	1	0
           374	2023-08-04 07:51:56	1	0	1	0
           444	2023-08-04 07:52:02	1	0	1	0
           118	2023-08-04 07:52:35	1	0	1	0
           473	2023-08-04 07:52:42	1	0	1	0
           467	2023-08-04 07:53:34	1	0	1	0
           465	2023-08-04 07:54:16	1	0	1	0
           363	2023-08-04 07:54:23	1	0	1	0
           583	2023-08-04 07:54:30	1	0	1	0
           370	2023-08-04 07:54:45	1	0	1	0
           404	2023-08-04 07:55:08	1	0	1	0
           194	2023-08-04 07:56:14	1	0	1	0
           511	2023-08-04 07:57:08	1	0	1	0
           410	2023-08-04 07:57:33	1	0	1	0
           525	2023-08-04 07:57:40	1	0	1	0
           399	2023-08-04 07:58:08	1	0	1	0
           536	2023-08-04 07:59:57	1	0	1	0
           417	2023-08-04 08:00:41	1	0	15	0
           405	2023-08-04 08:01:05	1	0	1	0
           361	2023-08-04 08:01:10	1	0	1	0
           580	2023-08-04 08:01:37	1	0	1	0
           413	2023-08-04 08:02:39	1	0	4	0
           516	2023-08-04 08:03:59	1	0	1	0
           184	2023-08-04 08:04:05	1	0	1	0
           182	2023-08-04 08:04:16	1	0	1	0
           312	2023-08-04 08:07:18	1	0	1	0
           401	2023-08-04 08:08:19	1	0	1	0
           249	2023-08-04 08:16:39	1	0	1	0
           125	2023-08-04 08:19:13	1	0	1	0
           485	2023-08-04 08:53:03	1	0	1	0
           425	2023-08-04 11:06:19	1	0	1	0
           460	2023-08-04 11:06:27	1	0	1	0
           559	2023-08-04 11:30:18	1	0	1	0
           224	2023-08-04 11:30:26	1	0	15	0
           223	2023-08-04 11:30:36	1	0	1	0
           123	2023-08-04 11:30:40	1	0	1	0
           533	2023-08-04 11:30:46	1	0	1	0
           422	2023-08-04 11:30:54	1	0	1	0
           576	2023-08-04 11:31:03	1	0	1	0
           582	2023-08-04 11:31:09	1	0	1	0
           119	2023-08-04 11:31:14	1	0	15	0
           366	2023-08-04 11:31:24	1	0	1	0
           196	2023-08-04 11:31:29	1	0	1	0
           385	2023-08-04 11:31:33	1	0	1	0
           360	2023-08-04 11:31:39	1	0	1	0
           443	2023-08-04 11:33:14	1	0	1	0
           425	2023-08-04 11:42:42	1	0	1	0
           460	2023-08-04 11:42:49	1	0	1	0
           363	2023-08-04 12:00:08	1	0	1	0
           556	2023-08-04 12:00:18	1	0	1	0
           493	2023-08-04 12:00:22	1	0	1	0
           413	2023-08-04 12:00:23	1	0	4	0
           422	2023-08-04 12:00:28	1	0	1	0
           571	2023-08-04 12:00:31	1	0	1	0
           403	2023-08-04 12:00:37	1	0	1	0
           408	2023-08-04 12:00:44	1	0	1	0
           385	2023-08-04 12:00:47	1	0	15	0
            27	2023-08-04 12:00:54	1	0	1	0
           453	2023-08-04 12:01:01	1	0	1	0
           196	2023-08-04 12:01:07	1	0	1	0
           348	2023-08-04 12:01:14	1	0	1	0
           123	2023-08-04 12:01:19	1	0	1	0
           366	2023-08-04 12:01:27	1	0	1	0
           443	2023-08-04 12:01:39	1	0	1	0
           224	2023-08-04 12:01:46	1	0	15	0
           559	2023-08-04 12:01:50	1	0	1	0
           582	2023-08-04 12:01:57	1	0	1	0
           119	2023-08-04 12:02:03	1	0	15	0
           576	2023-08-04 12:02:08	1	0	1	0
           471	2023-08-04 12:02:13	1	0	1	0
           118	2023-08-04 12:02:15	1	0	1	0
           551	2023-08-04 12:02:18	1	0	1	0
           511	2023-08-04 12:02:22	1	0	1	0
           473	2023-08-04 12:02:26	1	0	1	0
           472	2023-08-04 12:02:28	1	0	1	0
           536	2023-08-04 12:02:32	1	0	1	0
           352	2023-08-04 12:02:36	1	0	1	0
           410	2023-08-04 12:02:40	1	0	1	0
           476	2023-08-04 12:02:46	1	0	1	0
           527	2023-08-04 12:02:52	1	0	1	0
           249	2023-08-04 12:02:57	1	0	1	0
           562	2023-08-04 12:03:02	1	0	1	0
           397	2023-08-04 12:03:06	1	0	1	0
           513	2023-08-04 12:03:19	1	0	1	0
           580	2023-08-04 12:03:26	1	0	1	0
           265	2023-08-04 12:04:05	1	0	1	0
           570	2023-08-04 12:04:25	1	0	1	0
           370	2023-08-04 12:04:34	1	0	15	0
           312	2023-08-04 12:05:17	1	0	1	0
           252	2023-08-04 12:05:57	1	0	15	0
           547	2023-08-04 12:06:02	1	0	1	0
           125	2023-08-04 12:06:09	1	0	1	0
            43	2023-08-04 12:06:29	1	0	1	0
           465	2023-08-04 12:06:34	1	0	1	0
           355	2023-08-04 12:08:13	1	0	1	0
            91	2023-08-04 12:09:16	1	0	1	0
           241	2023-08-04 12:09:22	1	0	1	0
           530	2023-08-04 12:12:31	1	0	1	0
           583	2023-08-04 12:13:49	1	0	1	0
           568	2023-08-04 12:14:30	1	0	1	0
           516	2023-08-04 12:14:39	1	0	1	0
           579	2023-08-04 12:15:24	1	0	1	0
           467	2023-08-04 12:15:29	1	0	1	0
           546	2023-08-04 12:15:34	1	0	1	0
           573	2023-08-04 12:15:39	1	0	1	0
           541	2023-08-04 12:15:46	1	0	1	0
           374	2023-08-04 12:15:50	1	0	1	0
           493	2023-08-04 12:15:54	1	0	1	0
           114	2023-08-04 12:15:58	1	0	1	0
            27	2023-08-04 12:16:13	1	0	1	0
           571	2023-08-04 12:16:19	1	0	1	0
           413	2023-08-04 12:16:36	1	0	4	0
           118	2023-08-04 12:17:31	1	0	1	0
           471	2023-08-04 12:17:35	1	0	1	0
           472	2023-08-04 12:17:37	1	0	1	0
           551	2023-08-04 12:17:42	1	0	1	0
           473	2023-08-04 12:17:48	1	0	1	0
           149	2023-08-04 12:17:59	1	0	1	0
           410	2023-08-04 12:18:04	1	0	1	0
           536	2023-08-04 12:18:10	1	0	1	0
           249	2023-08-04 12:18:16	1	0	1	0
           101	2023-08-04 12:18:23	1	0	1	0
           556	2023-08-04 12:18:35	1	0	1	0
           145	2023-08-04 12:19:37	1	0	1	0
           401	2023-08-04 12:19:43	1	0	1	0
           492	2023-08-04 12:20:02	1	0	1	0
           465	2023-08-04 12:21:47	1	0	1	0
           547	2023-08-04 12:21:58	1	0	1	0
           363	2023-08-04 12:22:06	1	0	1	0
           562	2023-08-04 12:22:11	1	0	1	0
           370	2023-08-04 12:22:19	1	0	1	0
           182	2023-08-04 12:22:24	1	0	1	0
           184	2023-08-04 12:22:30	1	0	1	0
           476	2023-08-04 12:23:30	1	0	1	0
           352	2023-08-04 12:23:34	1	0	1	0
           404	2023-08-04 12:24:29	1	0	1	0
           570	2023-08-04 12:24:45	1	0	1	0
           241	2023-08-04 12:24:55	1	0	1	0
           403	2023-08-04 12:25:04	1	0	1	0
            39	2023-08-04 12:25:10	1	0	1	0
            91	2023-08-04 12:26:11	1	0	1	0
           502	2023-08-04 12:26:45	1	0	1	0
           575	2023-08-04 12:26:52	1	0	1	0
           194	2023-08-04 12:26:57	1	0	1	0
           434	2023-08-04 12:27:38	1	0	1	0
           252	2023-08-04 12:28:30	1	0	15	0
           583	2023-08-04 12:29:39	1	0	1	0
           568	2023-08-04 12:30:06	1	0	1	0
           573	2023-08-04 12:30:52	1	0	1	0
           546	2023-08-04 12:31:01	1	0	1	0
           579	2023-08-04 12:31:06	1	0	1	0
           541	2023-08-04 12:31:13	1	0	1	0
           374	2023-08-04 12:31:17	1	0	1	0
            43	2023-08-04 12:31:39	1	0	1	0
           114	2023-08-04 12:31:45	1	0	1	0
           467	2023-08-04 12:32:06	1	0	1	0
           405	2023-08-04 12:32:30	1	0	1	0
           417	2023-08-04 12:33:15	1	0	15	0
           516	2023-08-04 12:33:26	1	0	1	0
           529	2023-08-04 12:33:30	1	0	1	0
           200	2023-08-04 12:33:34	1	0	1	0
           265	2023-08-04 12:34:21	1	0	1	0
           361	2023-08-04 12:34:53	1	0	1	0
           492	2023-08-04 12:35:15	1	0	1	0
           408	2023-08-04 12:35:27	1	0	1	0
           511	2023-08-04 12:36:45	1	0	1	0
           360	2023-08-04 12:36:52	1	0	1	0
           149	2023-08-04 12:37:01	1	0	1	0
           513	2023-08-04 12:38:31	1	0	1	0
           530	2023-08-04 12:38:54	1	0	1	0
           125	2023-08-04 12:39:09	1	0	1	0
           444	2023-08-04 12:39:22	1	0	1	0
           574	2023-08-04 12:39:26	1	0	1	0
           205	2023-08-04 12:40:16	1	0	1	0
           145	2023-08-04 12:40:26	1	0	1	0
            39	2023-08-04 12:40:37	1	0	1	0
           401	2023-08-04 12:41:59	1	0	1	0
           184	2023-08-04 12:42:27	1	0	1	0
           182	2023-08-04 12:43:09	1	0	1	0
           404	2023-08-04 12:43:18	1	0	1	0
           525	2023-08-04 12:45:57	1	0	1	0
           105	2023-08-04 12:46:04	1	0	1	0
           101	2023-08-04 12:47:58	1	0	1	0
           405	2023-08-04 12:48:17	1	0	15	0
           417	2023-08-04 12:48:23	1	0	15	0
           355	2023-08-04 12:49:38	1	0	1	0
           361	2023-08-04 12:49:55	1	0	1	0
           575	2023-08-04 12:50:55	1	0	1	0
           502	2023-08-04 12:50:59	1	0	1	0
           527	2023-08-04 12:54:44	1	0	1	0
           223	2023-08-04 12:54:50	1	0	1	0
           533	2023-08-04 12:55:27	1	0	1	0
           434	2023-08-04 12:56:14	1	0	1	0
           574	2023-08-04 12:56:19	1	0	1	0
           444	2023-08-04 12:56:22	1	0	1	0
           529	2023-08-04 12:56:25	1	0	1	0
           200	2023-08-04 12:56:32	1	0	1	0
           194	2023-08-04 12:56:38	1	0	1	0
           335	2023-08-04 12:57:44	1	0	1	0
           525	2023-08-04 13:00:59	1	0	1	0
           485	2023-08-04 13:03:04	1	0	1	0
           485	2023-08-04 13:31:16	1	0	1	0
           107	2023-08-04 13:52:06	1	0	1	0
           124	2023-08-04 14:01:27	1	0	15	0
           305	2023-08-04 14:33:22	1	0	1	0
           418	2023-08-04 16:00:13	1	0	1	0
           460	2023-08-04 16:03:25	1	0	1	0
           425	2023-08-04 16:16:42	1	0	1	0
           562	2023-08-04 17:00:09	1	0	1	0
           473	2023-08-04 17:00:15	1	0	1	0
           387	2023-08-04 17:00:26	1	0	15	0
           422	2023-08-04 17:00:33	1	0	1	0
           471	2023-08-04 17:00:39	1	0	1	0
           472	2023-08-04 17:00:43	1	0	1	0
           118	2023-08-04 17:01:04	1	0	1	0
           568	2023-08-04 17:01:08	1	0	1	0
           571	2023-08-04 17:01:13	1	0	1	0
           397	2023-08-04 17:01:24	1	0	1	0
            40	2023-08-04 17:01:38	1	0	1	0
           547	2023-08-04 17:01:43	1	0	1	0
           348	2023-08-04 17:01:53	1	0	15	0
           360	2023-08-04 17:02:03	1	0	1	0
           149	2023-08-04 17:02:34	1	0	1	0
           559	2023-08-04 17:02:39	1	0	1	0
            27	2023-08-04 17:02:47	1	0	1	0
           398	2023-08-04 17:02:53	1	0	1	0
           551	2023-08-04 17:04:03	1	0	1	0
           527	2023-08-04 17:04:09	1	0	1	0
           570	2023-08-04 17:04:27	1	0	1	0
           536	2023-08-04 17:04:48	1	0	1	0
           582	2023-08-04 17:04:52	1	0	1	0
           223	2023-08-04 17:04:57	1	0	1	0
           576	2023-08-04 17:05:00	1	0	1	0
           241	2023-08-04 17:05:06	1	0	1	0
           404	2023-08-04 17:05:11	1	0	1	0
           511	2023-08-04 17:05:29	1	0	1	0
           114	2023-08-04 17:05:39	1	0	1	0
           476	2023-08-04 17:05:45	1	0	1	0
           374	2023-08-04 17:05:52	1	0	1	0
           453	2023-08-04 17:06:03	1	0	1	0
           101	2023-08-04 17:06:32	1	0	1	0
            91	2023-08-04 17:06:40	1	0	1	0
           434	2023-08-04 17:06:46	1	0	1	0
           493	2023-08-04 17:07:00	1	0	1	0
           366	2023-08-04 17:07:07	1	0	1	0
           579	2023-08-04 17:07:20	1	0	1	0
           467	2023-08-04 17:07:25	1	0	1	0
           541	2023-08-04 17:07:31	1	0	1	0
           580	2023-08-04 17:07:48	1	0	1	0
           530	2023-08-04 17:08:16	1	0	1	0
           575	2023-08-04 17:08:53	1	0	1	0
           385	2023-08-04 17:09:41	1	0	1	0
           403	2023-08-04 17:09:49	1	0	1	0
           513	2023-08-04 17:09:57	1	0	1	0
           196	2023-08-04 17:10:03	1	0	1	0
           533	2023-08-04 17:10:13	1	0	1	0
           123	2023-08-04 17:10:18	1	0	1	0
           252	2023-08-04 17:10:23	1	0	15	0
           443	2023-08-04 17:11:36	1	0	1	0
           352	2023-08-04 17:12:00	1	0	1	0
           410	2023-08-04 17:12:06	1	0	1	0
           224	2023-08-04 17:12:28	1	0	15	0
           119	2023-08-04 17:12:38	1	0	15	0
           249	2023-08-04 17:12:55	1	0	1	0
           125	2023-08-04 17:15:15	1	0	15	0
           516	2023-08-04 17:15:27	1	0	1	0
           413	2023-08-04 17:16:52	1	0	4	0
           556	2023-08-04 17:19:16	1	0	1	0
           194	2023-08-04 17:19:42	1	0	15	0
           105	2023-08-04 17:23:32	1	0	15	0
           417	2023-08-04 17:24:55	1	0	15	0
           583	2023-08-04 17:25:09	1	0	1	0
           408	2023-08-04 17:25:21	1	0	1	0
           529	2023-08-04 17:25:27	1	0	1	0
           370	2023-08-04 17:27:26	1	0	1	0
           444	2023-08-04 17:27:32	1	0	1	0
           574	2023-08-04 17:27:37	1	0	1	0
           546	2023-08-04 17:27:42	1	0	1	0
           265	2023-08-04 17:27:53	1	0	1	0
           395	2023-08-04 17:32:36	1	0	1	0
           405	2023-08-04 17:37:57	1	0	1	0
           361	2023-08-04 17:38:03	1	0	1	0
           363	2023-08-04 17:38:08	1	0	1	0
            39	2023-08-04 17:38:20	1	0	1	0
            43	2023-08-04 17:41:07	1	0	1	0
           401	2023-08-04 17:41:19	1	0	1	0
           399	2023-08-04 17:49:51	1	0	1	0
           574	2023-08-04 17:50:59	1	0	1	0
           529	2023-08-04 17:55:38	1	0	1	0
           444	2023-08-04 17:55:44	1	0	1	0
           404	2023-08-04 17:55:49	1	0	1	0
           355	2023-08-04 18:06:07	1	0	1	0
           485	2023-08-04 18:07:33	1	0	1	0
           312	2023-08-04 18:09:49	1	0	1	0
           184	2023-08-04 18:12:48	1	0	1	0
           182	2023-08-04 18:18:30	1	0	1	0
           492	2023-08-04 18:30:42	1	0	1	0
           414	2023-08-04 18:45:06	1	0	1	0
           205	2023-08-04 18:48:01	1	0	1	0
           145	2023-08-04 19:10:00	1	0	1	0
           502	2023-08-04 19:17:24	1	0	1	0
           200	2023-08-04 19:44:14	1	0	1	0
           335	2023-08-04 19:48:35	1	0	1	0
           465	2023-08-04 20:15:06	1	0	1	0
            70	2023-08-04 20:57:56	1	0	1	0
           107	2023-08-04 21:55:40	1	0	1	0
           529	2023-08-04 22:07:21	1	0	1	0
           574	2023-08-04 22:08:19	1	0	1	0
           305	2023-08-04 23:01:22	1	0	1	0
           444	2023-08-04 23:40:27	1	0	1	0
           404	2023-08-04 23:40:47	1	0	1	0
            70	2023-08-05 06:00:49	1	0	1	0
           107	2023-08-05 06:54:46	1	0	1	0
           418	2023-08-05 07:29:34	1	0	1	0
           460	2023-08-05 07:35:36	1	0	1	0
           574	2023-08-05 07:39:57	1	0	1	0
           404	2023-08-05 07:43:19	1	0	1	0
           194	2023-08-05 08:08:30	1	0	1	0
           529	2023-08-05 08:36:41	1	0	1	0
           404	2023-08-05 12:03:16	1	0	1	0
           460	2023-08-05 12:04:28	1	0	1	0
           194	2023-08-05 12:05:25	1	0	1	0
           460	2023-08-05 12:25:31	1	0	1	0
           404	2023-08-05 12:26:44	1	0	1	0
           574	2023-08-05 12:31:15	1	0	1	0
           194	2023-08-05 12:31:41	1	0	1	0
           529	2023-08-05 12:32:23	1	0	1	0
           529	2023-08-05 12:57:58	1	0	1	0
           574	2023-08-05 12:58:25	1	0	15	0
           305	2023-08-05 13:31:39	1	0	1	0
            70	2023-08-05 15:00:33	1	0	1	0
           107	2023-08-05 15:23:25	1	0	1	0
           418	2023-08-05 16:00:25	1	0	1	0
           460	2023-08-05 17:02:24	1	0	1	0
           529	2023-08-05 17:24:30	1	0	15	0
           574	2023-08-05 17:31:58	1	0	1	0
           404	2023-08-05 17:33:36	1	0	1	0
           194	2023-08-05 17:58:15	1	0	1	0
           567	2023-08-05 21:58:06	1	0	1	0
           305	2023-08-05 22:02:45	1	0	1	0
            70	2023-08-05 22:11:45	1	0	15	0
           305	2023-08-06 06:49:05	1	0	1	0
           567	2023-08-06 07:01:16	1	0	1	0
           574	2023-08-06 07:21:19	1	0	1	0
           404	2023-08-06 07:56:24	1	0	1	0
           194	2023-08-06 08:47:21	1	0	1	0
           574	2023-08-06 12:35:34	1	0	1	0
           404	2023-08-06 12:35:56	1	0	1	0
           404	2023-08-06 12:52:05	1	0	1	0
           574	2023-08-06 12:52:10	1	0	1	0
           194	2023-08-06 13:19:46	1	0	1	0
           567	2023-08-06 14:45:47	1	0	1	0
           305	2023-08-06 15:00:05	1	0	1	0
           404	2023-08-06 17:07:56	1	0	1	0
           574	2023-08-06 17:46:14	1	0	1	0
           124	2023-08-06 22:13:01	1	0	15	0
           567	2023-08-06 23:01:00	1	0	1	0
           305	2023-08-07 05:33:26	1	0	1	0
           395	2023-08-07 06:29:03	1	0	1	0
           422	2023-08-07 06:36:46	1	0	1	0
           387	2023-08-07 06:37:32	1	0	15	0
           196	2023-08-07 06:46:06	1	0	1	0
           119	2023-08-07 06:46:19	1	0	15	0
           224	2023-08-07 06:46:41	1	0	15	0
           425	2023-08-07 06:47:15	1	0	1	0
           556	2023-08-07 06:51:22	1	0	1	0
           398	2023-08-07 06:56:33	1	0	1	0
           460	2023-08-07 06:56:40	1	0	1	0
           124	2023-08-07 07:00:58	1	0	15	0
           366	2023-08-07 07:03:08	1	0	1	0
           576	2023-08-07 07:03:12	1	0	1	0
           223	2023-08-07 07:04:13	1	0	1	0
           574	2023-08-07 07:05:11	1	0	1	0
           443	2023-08-07 07:06:32	1	0	1	0
            43	2023-08-07 07:07:27	1	0	1	0
           533	2023-08-07 07:08:55	1	0	1	0
           118	2023-08-07 07:09:07	1	0	1	0
           566	2023-08-07 07:13:11	1	0	1	0
           581	2023-08-07 07:13:17	1	0	1	0
           570	2023-08-07 07:13:23	1	0	1	0
           559	2023-08-07 07:13:28	1	0	1	0
           123	2023-08-07 07:14:34	1	0	1	0
            70	2023-08-07 07:15:43	1	0	1	0
           582	2023-08-07 07:18:37	1	0	1	0
           335	2023-08-07 07:18:54	1	0	1	0
           352	2023-08-07 07:23:06	1	0	1	0
           149	2023-08-07 07:24:31	1	0	15	0
           472	2023-08-07 07:24:40	1	0	1	0
           434	2023-08-07 07:24:50	1	0	1	0
           471	2023-08-07 07:24:57	1	0	1	0
           573	2023-08-07 07:25:42	1	0	1	0
           546	2023-08-07 07:28:14	1	0	1	0
            39	2023-08-07 07:29:27	1	0	1	0
           492	2023-08-07 07:29:48	1	0	1	0
           579	2023-08-07 07:30:30	1	0	1	0
            27	2023-08-07 07:31:29	1	0	1	0
           348	2023-08-07 07:31:38	1	0	1	0
           453	2023-08-07 07:31:52	1	0	1	0
           540	2023-08-07 07:32:56	1	0	1	0
            91	2023-08-07 07:33:13	1	0	1	0
           408	2023-08-07 07:34:45	1	0	1	0
           355	2023-08-07 07:35:05	1	0	1	0
           493	2023-08-07 07:35:34	1	0	1	0
            66	2023-08-07 07:36:32	1	0	15	0
           418	2023-08-07 07:36:47	1	0	1	0
           465	2023-08-07 07:38:51	1	0	1	0
           101	2023-08-07 07:39:07	1	0	1	0
           530	2023-08-07 07:39:31	1	0	1	0
           547	2023-08-07 07:41:12	1	0	1	0
           502	2023-08-07 07:41:20	1	0	1	0
           513	2023-08-07 07:42:29	1	0	1	0
           525	2023-08-07 07:42:52	1	0	1	0
           375	2023-08-07 07:44:05	1	0	1	0
           331	2023-08-07 07:44:16	1	0	1	0
            69	2023-08-07 07:44:21	1	0	1	0
           182	2023-08-07 07:44:41	1	0	1	0
           265	2023-08-07 07:44:53	1	0	1	0
           121	2023-08-07 07:45:20	1	0	1	0
           520	2023-08-07 07:45:32	1	0	15	0
           114	2023-08-07 07:45:36	1	0	1	0
           541	2023-08-07 07:45:54	1	0	1	0
           527	2023-08-07 07:46:27	1	0	1	0
           571	2023-08-07 07:47:52	1	0	1	0
           475	2023-08-07 07:47:58	1	0	1	0
           417	2023-08-07 07:48:22	1	0	1	0
           259	2023-08-07 07:48:40	1	0	15	0
           583	2023-08-07 07:49:09	1	0	1	0
           145	2023-08-07 07:49:37	1	0	1	0
           568	2023-08-07 07:49:43	1	0	1	0
           405	2023-08-07 07:49:50	1	0	1	0
           399	2023-08-07 07:51:27	1	0	1	0
           473	2023-08-07 07:51:48	1	0	1	0
           404	2023-08-07 07:52:00	1	0	1	0
           413	2023-08-07 07:52:05	1	0	4	0
           370	2023-08-07 07:52:14	1	0	1	0
           205	2023-08-07 07:53:13	1	0	15	0
           184	2023-08-07 07:53:21	1	0	1	0
           551	2023-08-07 07:54:10	1	0	1	0
           105	2023-08-07 07:54:26	1	0	1	0
           194	2023-08-07 07:54:54	1	0	1	0
           562	2023-08-07 07:55:00	1	0	1	0
            40	2023-08-07 07:55:48	1	0	1	0
           200	2023-08-07 07:56:07	1	0	1	0
           580	2023-08-07 07:56:18	1	0	1	0
           575	2023-08-07 07:56:27	1	0	1	0
           401	2023-08-07 07:57:25	1	0	1	0
           511	2023-08-07 07:58:00	1	0	1	0
           361	2023-08-07 07:58:08	1	0	1	0
           536	2023-08-07 07:59:04	1	0	1	0
           410	2023-08-07 07:59:22	1	0	1	0
           312	2023-08-07 08:00:26	1	0	1	0
           485	2023-08-07 08:00:31	1	0	1	0
           252	2023-08-07 08:04:32	1	0	1	0
           241	2023-08-07 08:04:59	1	0	1	0
           249	2023-08-07 08:06:08	1	0	1	0
           516	2023-08-07 08:15:14	1	0	1	0
           529	2023-08-07 08:21:49	1	0	1	0
           425	2023-08-07 11:01:16	1	0	1	0
           460	2023-08-07 11:01:26	1	0	1	0
           566	2023-08-07 11:30:42	1	0	1	0
           581	2023-08-07 11:30:44	1	0	1	0
           224	2023-08-07 11:30:52	1	0	15	0
           559	2023-08-07 11:30:57	1	0	1	0
           123	2023-08-07 11:31:12	1	0	1	0
           533	2023-08-07 11:31:31	1	0	1	0
           576	2023-08-07 11:31:43	1	0	1	0
           475	2023-08-07 11:31:48	1	0	1	0
           366	2023-08-07 11:31:59	1	0	1	0
           223	2023-08-07 11:32:03	1	0	1	0
           119	2023-08-07 11:32:18	1	0	15	0
           196	2023-08-07 11:33:03	1	0	1	0
           443	2023-08-07 11:33:19	1	0	1	0
           582	2023-08-07 11:41:12	1	0	1	0
           425	2023-08-07 11:47:30	1	0	1	0
           460	2023-08-07 11:47:37	1	0	1	0
           562	2023-08-07 12:00:03	1	0	1	0
            91	2023-08-07 12:00:11	1	0	1	0
           241	2023-08-07 12:00:14	1	0	1	0
           513	2023-08-07 12:00:26	1	0	1	0
           404	2023-08-07 12:00:29	1	0	1	0
           559	2023-08-07 12:00:32	1	0	1	0
           570	2023-08-07 12:00:38	1	0	1	0
           576	2023-08-07 12:00:43	1	0	1	0
           434	2023-08-07 12:00:48	1	0	1	0
           196	2023-08-07 12:00:54	1	0	1	0
           582	2023-08-07 12:01:00	1	0	1	0
           551	2023-08-07 12:01:04	1	0	1	0
           511	2023-08-07 12:01:08	1	0	1	0
           249	2023-08-07 12:01:14	1	0	1	0
            27	2023-08-07 12:01:23	1	0	1	0
           493	2023-08-07 12:01:27	1	0	1	0
           568	2023-08-07 12:01:32	1	0	1	0
           571	2023-08-07 12:01:38	1	0	1	0
           453	2023-08-07 12:01:45	1	0	1	0
           123	2023-08-07 12:01:51	1	0	1	0
           224	2023-08-07 12:01:58	1	0	15	0
           547	2023-08-07 12:02:04	1	0	1	0
            69	2023-08-07 12:02:09	1	0	1	0
           119	2023-08-07 12:02:16	1	0	15	0
           580	2023-08-07 12:02:21	1	0	1	0
           583	2023-08-07 12:02:26	1	0	1	0
           352	2023-08-07 12:02:30	1	0	1	0
           540	2023-08-07 12:02:35	1	0	1	0
           410	2023-08-07 12:02:41	1	0	1	0
           556	2023-08-07 12:03:01	1	0	1	0
           443	2023-08-07 12:03:51	1	0	1	0
           259	2023-08-07 12:04:00	1	0	1	0
           121	2023-08-07 12:04:06	1	0	1	0
           101	2023-08-07 12:04:49	1	0	1	0
           149	2023-08-07 12:05:32	1	0	1	0
           366	2023-08-07 12:05:49	1	0	1	0
           536	2023-08-07 12:05:58	1	0	1	0
           530	2023-08-07 12:06:05	1	0	1	0
           520	2023-08-07 12:06:11	1	0	15	0
           527	2023-08-07 12:06:18	1	0	1	0
           348	2023-08-07 12:06:30	1	0	15	0
            39	2023-08-07 12:06:45	1	0	1	0
           471	2023-08-07 12:07:16	1	0	1	0
           473	2023-08-07 12:07:19	1	0	1	0
           472	2023-08-07 12:07:23	1	0	1	0
           118	2023-08-07 12:07:33	1	0	1	0
           355	2023-08-07 12:09:18	1	0	1	0
           465	2023-08-07 12:11:31	1	0	1	0
           492	2023-08-07 12:11:37	1	0	1	0
           516	2023-08-07 12:11:41	1	0	1	0
           205	2023-08-07 12:11:56	1	0	1	0
           265	2023-08-07 12:12:02	1	0	1	0
           145	2023-08-07 12:13:20	1	0	1	0
           401	2023-08-07 12:13:24	1	0	1	0
           312	2023-08-07 12:13:41	1	0	1	0
           335	2023-08-07 12:13:45	1	0	1	0
           194	2023-08-07 12:15:55	1	0	1	0
           574	2023-08-07 12:15:57	1	0	1	0
            91	2023-08-07 12:16:48	1	0	1	0
           241	2023-08-07 12:16:59	1	0	1	0
           404	2023-08-07 12:17:38	1	0	1	0
           529	2023-08-07 12:17:56	1	0	1	0
           398	2023-08-07 12:18:41	1	0	1	0
           513	2023-08-07 12:18:47	1	0	1	0
           475	2023-08-07 12:18:51	1	0	1	0
           370	2023-08-07 12:19:40	1	0	1	0
           184	2023-08-07 12:19:47	1	0	1	0
           182	2023-08-07 12:19:53	1	0	1	0
           399	2023-08-07 12:20:08	1	0	1	0
           249	2023-08-07 12:20:17	1	0	1	0
           570	2023-08-07 12:20:48	1	0	1	0
           331	2023-08-07 12:20:59	1	0	1	0
           200	2023-08-07 12:21:18	1	0	1	0
           568	2023-08-07 12:21:30	1	0	1	0
           375	2023-08-07 12:21:59	1	0	1	0
           405	2023-08-07 12:22:05	1	0	1	0
           101	2023-08-07 12:22:13	1	0	1	0
           259	2023-08-07 12:22:33	1	0	1	0
           527	2023-08-07 12:22:49	1	0	1	0
           536	2023-08-07 12:23:02	1	0	1	0
           546	2023-08-07 12:23:33	1	0	1	0
           573	2023-08-07 12:23:40	1	0	1	0
           579	2023-08-07 12:23:44	1	0	1	0
           473	2023-08-07 12:24:22	1	0	1	0
           472	2023-08-07 12:24:27	1	0	1	0
           471	2023-08-07 12:24:30	1	0	1	0
           118	2023-08-07 12:24:35	1	0	1	0
           417	2023-08-07 12:24:48	1	0	1	0
           114	2023-08-07 12:24:57	1	0	1	0
           541	2023-08-07 12:25:03	1	0	1	0
           355	2023-08-07 12:25:12	1	0	1	0
           361	2023-08-07 12:25:20	1	0	1	0
           551	2023-08-07 12:25:35	1	0	1	0
           149	2023-08-07 12:26:25	1	0	1	0
           556	2023-08-07 12:27:03	1	0	1	0
           252	2023-08-07 12:27:57	1	0	15	0
           145	2023-08-07 12:28:21	1	0	1	0
           401	2023-08-07 12:28:29	1	0	1	0
           335	2023-08-07 12:29:46	1	0	1	0
           348	2023-08-07 12:30:10	1	0	15	0
            27	2023-08-07 12:30:24	1	0	1	0
           453	2023-08-07 12:30:29	1	0	1	0
           493	2023-08-07 12:30:43	1	0	1	0
           265	2023-08-07 12:31:12	1	0	1	0
           205	2023-08-07 12:31:40	1	0	1	0
           492	2023-08-07 12:31:52	1	0	1	0
           516	2023-08-07 12:31:59	1	0	1	0
            69	2023-08-07 12:32:12	1	0	1	0
           121	2023-08-07 12:33:04	1	0	1	0
           571	2023-08-07 12:33:30	1	0	1	0
           312	2023-08-07 12:34:29	1	0	1	0
           575	2023-08-07 12:35:00	1	0	1	0
           408	2023-08-07 12:35:16	1	0	1	0
           502	2023-08-07 12:36:02	1	0	1	0
            40	2023-08-07 12:36:52	1	0	1	0
           105	2023-08-07 12:37:01	1	0	15	0
           525	2023-08-07 12:37:04	1	0	1	0
           405	2023-08-07 12:37:13	1	0	1	0
           375	2023-08-07 12:37:38	1	0	1	0
            43	2023-08-07 12:37:51	1	0	1	0
           546	2023-08-07 12:38:41	1	0	1	0
           579	2023-08-07 12:38:48	1	0	1	0
           573	2023-08-07 12:38:51	1	0	1	0
           352	2023-08-07 12:39:03	1	0	1	0
           410	2023-08-07 12:39:08	1	0	1	0
           540	2023-08-07 12:39:11	1	0	1	0
            39	2023-08-07 12:39:17	1	0	1	0
           399	2023-08-07 12:39:40	1	0	1	0
           541	2023-08-07 12:40:13	1	0	15	0
           114	2023-08-07 12:40:19	1	0	1	0
           562	2023-08-07 12:41:22	1	0	1	0
           413	2023-08-07 12:42:24	1	0	4	0
           434	2023-08-07 12:43:27	1	0	1	0
           361	2023-08-07 12:44:30	1	0	1	0
           417	2023-08-07 12:45:20	1	0	15	0
           370	2023-08-07 12:46:37	1	0	1	0
           200	2023-08-07 12:46:58	1	0	1	0
           252	2023-08-07 12:47:03	1	0	15	0
           583	2023-08-07 12:47:23	1	0	1	0
           529	2023-08-07 12:47:41	1	0	1	0
           511	2023-08-07 12:47:57	1	0	1	0
           574	2023-08-07 12:48:15	1	0	1	0
           194	2023-08-07 12:48:18	1	0	1	0
           125	2023-08-07 12:48:23	1	0	1	0
           580	2023-08-07 12:49:00	1	0	1	0
           530	2023-08-07 12:49:34	1	0	1	0
           520	2023-08-07 12:49:48	1	0	15	0
           566	2023-08-07 12:50:31	1	0	1	0
           581	2023-08-07 12:50:34	1	0	1	0
           184	2023-08-07 12:53:04	1	0	1	0
           182	2023-08-07 12:53:13	1	0	1	0
           547	2023-08-07 12:53:50	1	0	1	0
           502	2023-08-07 12:53:59	1	0	1	0
           575	2023-08-07 12:54:05	1	0	1	0
            43	2023-08-07 12:55:02	1	0	1	0
           533	2023-08-07 12:55:15	1	0	1	0
           331	2023-08-07 12:56:39	1	0	1	0
           413	2023-08-07 12:57:30	1	0	4	0
           105	2023-08-07 12:57:39	1	0	15	0
           223	2023-08-07 13:01:39	1	0	1	0
            40	2023-08-07 13:01:48	1	0	1	0
           485	2023-08-07 13:09:52	1	0	1	0
           485	2023-08-07 13:34:47	1	0	1	0
           305	2023-08-07 14:06:05	1	0	1	0
           567	2023-08-07 14:36:30	1	0	1	0
            70	2023-08-07 14:48:48	1	0	1	0
           418	2023-08-07 16:00:20	1	0	1	0
           425	2023-08-07 16:07:41	1	0	1	0
           460	2023-08-07 16:17:50	1	0	1	0
            27	2023-08-07 17:00:06	1	0	1	0
           387	2023-08-07 17:00:12	1	0	15	0
           453	2023-08-07 17:00:19	1	0	1	0
           399	2023-08-07 17:00:25	1	0	1	0
           547	2023-08-07 17:00:30	1	0	1	0
           422	2023-08-07 17:00:40	1	0	1	0
           493	2023-08-07 17:00:43	1	0	1	0
           370	2023-08-07 17:00:48	1	0	1	0
           562	2023-08-07 17:00:52	1	0	1	0
           571	2023-08-07 17:00:56	1	0	1	0
           149	2023-08-07 17:01:06	1	0	15	0
           101	2023-08-07 17:01:12	1	0	15	0
           348	2023-08-07 17:01:19	1	0	15	0
           443	2023-08-07 17:01:30	1	0	1	0
           581	2023-08-07 17:01:35	1	0	1	0
           475	2023-08-07 17:01:51	1	0	1	0
           559	2023-08-07 17:01:54	1	0	1	0
           125	2023-08-07 17:01:59	1	0	1	0
           570	2023-08-07 17:02:05	1	0	1	0
           259	2023-08-07 17:02:10	1	0	1	0
           566	2023-08-07 17:02:15	1	0	1	0
           398	2023-08-07 17:02:24	1	0	1	0
           366	2023-08-07 17:02:28	1	0	1	0
           223	2023-08-07 17:02:35	1	0	1	0
           533	2023-08-07 17:02:39	1	0	1	0
           582	2023-08-07 17:02:44	1	0	1	0
           576	2023-08-07 17:02:55	1	0	1	0
           556	2023-08-07 17:02:58	1	0	1	0
           568	2023-08-07 17:03:03	1	0	1	0
           241	2023-08-07 17:03:12	1	0	1	0
            40	2023-08-07 17:03:20	1	0	1	0
           249	2023-08-07 17:03:33	1	0	1	0
           121	2023-08-07 17:03:38	1	0	1	0
           224	2023-08-07 17:03:47	1	0	15	0
           527	2023-08-07 17:03:52	1	0	1	0
           123	2023-08-07 17:03:57	1	0	1	0
           196	2023-08-07 17:04:03	1	0	1	0
           331	2023-08-07 17:04:08	1	0	1	0
           352	2023-08-07 17:04:13	1	0	1	0
           119	2023-08-07 17:04:27	1	0	15	0
           540	2023-08-07 17:04:33	1	0	1	0
           410	2023-08-07 17:04:39	1	0	1	0
           551	2023-08-07 17:04:44	1	0	1	0
           529	2023-08-07 17:04:48	1	0	1	0
           530	2023-08-07 17:04:57	1	0	1	0
           573	2023-08-07 17:05:03	1	0	1	0
           575	2023-08-07 17:05:13	1	0	1	0
           502	2023-08-07 17:05:17	1	0	1	0
            91	2023-08-07 17:05:24	1	0	1	0
           511	2023-08-07 17:05:29	1	0	1	0
           114	2023-08-07 17:06:09	1	0	1	0
           375	2023-08-07 17:06:26	1	0	1	0
           417	2023-08-07 17:06:37	1	0	15	0
           405	2023-08-07 17:06:44	1	0	1	0
           580	2023-08-07 17:06:53	1	0	1	0
           520	2023-08-07 17:07:07	1	0	15	0
           546	2023-08-07 17:07:56	1	0	1	0
           516	2023-08-07 17:08:22	1	0	1	0
           361	2023-08-07 17:09:23	1	0	1	0
           434	2023-08-07 17:09:44	1	0	1	0
           413	2023-08-07 17:12:10	1	0	4	0
           513	2023-08-07 17:12:47	1	0	1	0
           265	2023-08-07 17:13:53	1	0	1	0
           194	2023-08-07 17:14:03	1	0	1	0
           404	2023-08-07 17:14:28	1	0	1	0
           574	2023-08-07 17:14:53	1	0	15	0
           473	2023-08-07 17:16:17	1	0	1	0
           118	2023-08-07 17:16:21	1	0	1	0
           471	2023-08-07 17:16:31	1	0	1	0
           472	2023-08-07 17:16:58	1	0	1	0
            39	2023-08-07 17:17:09	1	0	1	0
           583	2023-08-07 17:17:47	1	0	1	0
           408	2023-08-07 17:21:28	1	0	1	0
           105	2023-08-07 17:24:48	1	0	15	0
           338	2023-08-07 17:24:56	1	0	1	0
           525	2023-08-07 17:25:13	1	0	1	0
           541	2023-08-07 17:27:43	1	0	1	0
           579	2023-08-07 17:27:46	1	0	1	0
            69	2023-08-07 17:28:57	1	0	1	0
           205	2023-08-07 17:29:25	1	0	1	0
           194	2023-08-07 17:39:05	1	0	1	0
           574	2023-08-07 17:39:23	1	0	1	0
           513	2023-08-07 17:44:11	1	0	1	0
           404	2023-08-07 17:45:29	1	0	1	0
            43	2023-08-07 17:48:04	1	0	1	0
           395	2023-08-07 17:55:07	1	0	1	0
           492	2023-08-07 17:55:29	1	0	1	0
           312	2023-08-07 17:58:34	1	0	1	0
           355	2023-08-07 18:02:18	1	0	1	0
           485	2023-08-07 18:03:44	1	0	1	0
           335	2023-08-07 18:10:24	1	0	1	0
           465	2023-08-07 18:46:06	1	0	1	0
           145	2023-08-07 20:35:08	1	0	1	0
           401	2023-08-07 20:35:12	1	0	1	0
           182	2023-08-07 20:36:43	1	0	1	0
           124	2023-08-07 21:35:58	1	0	15	0
           513	2023-08-07 22:00:06	1	0	15	0
           252	2023-08-07 22:03:39	1	0	15	0
           194	2023-08-07 22:03:55	1	0	1	0
           574	2023-08-07 22:04:14	1	0	1	0
           529	2023-08-07 22:06:18	1	0	1	0
           404	2023-08-07 22:06:33	1	0	1	0
           200	2023-08-07 22:07:46	1	0	1	0
           184	2023-08-07 22:53:42	1	0	1	0
           567	2023-08-07 23:00:12	1	0	1	0
           124	2023-08-08 06:03:25	1	0	15	0
            70	2023-08-08 06:15:11	1	0	1	0
           443	2023-08-08 06:18:39	1	0	1	0
           395	2023-08-08 06:20:47	1	0	1	0
           387	2023-08-08 06:37:52	1	0	15	0
           422	2023-08-08 06:44:56	1	0	15	0
           196	2023-08-08 06:46:15	1	0	1	0
           119	2023-08-08 06:46:27	1	0	15	0
           385	2023-08-08 06:49:40	1	0	1	0
           460	2023-08-08 06:54:09	1	0	1	0
           366	2023-08-08 06:59:52	1	0	1	0
           576	2023-08-08 07:00:00	1	0	1	0
           453	2023-08-08 07:00:48	1	0	1	0
            27	2023-08-08 07:01:07	1	0	1	0
           348	2023-08-08 07:01:14	1	0	1	0
           467	2023-08-08 07:01:20	1	0	1	0
           360	2023-08-08 07:03:17	1	0	1	0
           581	2023-08-08 07:07:50	1	0	1	0
           566	2023-08-08 07:07:58	1	0	1	0
           410	2023-08-08 07:08:04	1	0	1	0
           200	2023-08-08 07:09:17	1	0	1	0
           335	2023-08-08 07:10:17	1	0	1	0
           533	2023-08-08 07:11:42	1	0	1	0
           223	2023-08-08 07:12:01	1	0	1	0
            39	2023-08-08 07:12:09	1	0	1	0
           575	2023-08-08 07:16:24	1	0	1	0
           582	2023-08-08 07:17:53	1	0	1	0
           123	2023-08-08 07:19:53	1	0	1	0
           559	2023-08-08 07:20:00	1	0	1	0
           540	2023-08-08 07:22:59	1	0	1	0
           182	2023-08-08 07:24:33	1	0	1	0
           444	2023-08-08 07:25:17	1	0	1	0
           541	2023-08-08 07:25:28	1	0	1	0
           492	2023-08-08 07:26:23	1	0	1	0
           252	2023-08-08 07:26:48	1	0	15	0
           397	2023-08-08 07:28:29	1	0	1	0
           434	2023-08-08 07:29:28	1	0	1	0
           331	2023-08-08 07:31:18	1	0	1	0
           149	2023-08-08 07:32:14	1	0	15	0
            91	2023-08-08 07:32:26	1	0	1	0
           579	2023-08-08 07:33:48	1	0	1	0
           418	2023-08-08 07:34:16	1	0	1	0
           101	2023-08-08 07:35:28	1	0	1	0
           556	2023-08-08 07:35:41	1	0	1	0
           546	2023-08-08 07:35:56	1	0	1	0
           352	2023-08-08 07:37:29	1	0	1	0
           114	2023-08-08 07:38:24	1	0	1	0
           414	2023-08-08 07:38:33	1	0	1	0
           574	2023-08-08 07:38:42	1	0	1	0
            69	2023-08-08 07:39:37	1	0	1	0
           562	2023-08-08 07:40:00	1	0	1	0
           573	2023-08-08 07:40:06	1	0	1	0
           465	2023-08-08 07:40:52	1	0	1	0
           472	2023-08-08 07:41:35	1	0	1	0
           473	2023-08-08 07:41:37	1	0	1	0
           355	2023-08-08 07:41:41	1	0	1	0
           471	2023-08-08 07:41:48	1	0	1	0
           205	2023-08-08 07:42:11	1	0	1	0
            43	2023-08-08 07:43:59	1	0	1	0
           583	2023-08-08 07:44:04	1	0	1	0
           568	2023-08-08 07:45:32	1	0	1	0
           570	2023-08-08 07:45:48	1	0	1	0
           118	2023-08-08 07:46:03	1	0	1	0
           121	2023-08-08 07:46:26	1	0	1	0
           404	2023-08-08 07:46:42	1	0	1	0
           105	2023-08-08 07:46:49	1	0	15	0
           145	2023-08-08 07:46:58	1	0	1	0
           502	2023-08-08 07:47:04	1	0	1	0
           547	2023-08-08 07:47:13	1	0	1	0
           476	2023-08-08 07:47:18	1	0	1	0
           259	2023-08-08 07:47:50	1	0	1	0
           398	2023-08-08 07:48:22	1	0	1	0
           530	2023-08-08 07:48:40	1	0	1	0
           520	2023-08-08 07:48:46	1	0	15	0
            66	2023-08-08 07:49:52	1	0	15	0
           527	2023-08-08 07:50:03	1	0	1	0
           338	2023-08-08 07:51:57	1	0	1	0
           511	2023-08-08 07:52:05	1	0	1	0
           241	2023-08-08 07:53:47	1	0	1	0
           403	2023-08-08 07:53:56	1	0	1	0
           399	2023-08-08 07:55:21	1	0	1	0
           249	2023-08-08 07:56:29	1	0	1	0
           551	2023-08-08 07:56:44	1	0	1	0
           265	2023-08-08 07:57:03	1	0	1	0
           401	2023-08-08 07:57:12	1	0	1	0
           529	2023-08-08 07:57:34	1	0	1	0
           580	2023-08-08 07:57:58	1	0	1	0
           370	2023-08-08 07:58:58	1	0	1	0
           413	2023-08-08 07:59:03	1	0	4	0
           312	2023-08-08 07:59:07	1	0	1	0
           408	2023-08-08 07:59:14	1	0	1	0
           361	2023-08-08 07:59:26	1	0	1	0
           417	2023-08-08 08:00:47	1	0	1	0
           536	2023-08-08 08:03:08	1	0	1	0
           374	2023-08-08 08:03:44	1	0	1	0
            40	2023-08-08 08:07:39	1	0	1	0
           194	2023-08-08 08:08:08	1	0	15	0
           525	2023-08-08 08:08:17	1	0	1	0
           513	2023-08-08 08:12:50	1	0	1	0
           184	2023-08-08 08:33:18	1	0	1	0
           571	2023-08-08 08:41:39	1	0	1	0
           485	2023-08-08 08:53:55	1	0	1	0
           460	2023-08-08 11:06:38	1	0	1	0
           460	2023-08-08 11:26:25	1	0	1	0
           360	2023-08-08 11:30:09	1	0	1	0
           387	2023-08-08 11:30:18	1	0	15	0
           422	2023-08-08 11:30:28	1	0	1	0
           566	2023-08-08 11:30:46	1	0	1	0
           581	2023-08-08 11:30:49	1	0	1	0
           443	2023-08-08 11:31:24	1	0	1	0
           576	2023-08-08 11:31:37	1	0	1	0
           366	2023-08-08 11:31:48	1	0	1	0
           533	2023-08-08 11:32:23	1	0	1	0
           196	2023-08-08 11:32:30	1	0	1	0
           385	2023-08-08 11:32:34	1	0	1	0
           123	2023-08-08 11:32:39	1	0	1	0
           223	2023-08-08 11:33:25	1	0	1	0
           582	2023-08-08 11:36:03	1	0	1	0
           119	2023-08-08 11:37:02	1	0	15	0
           559	2023-08-08 11:37:07	1	0	1	0
           562	2023-08-08 12:00:06	1	0	1	0
           397	2023-08-08 12:00:14	1	0	1	0
           249	2023-08-08 12:00:19	1	0	1	0
           101	2023-08-08 12:00:25	1	0	1	0
           422	2023-08-08 12:00:32	1	0	1	0
           196	2023-08-08 12:00:39	1	0	1	0
           387	2023-08-08 12:00:48	1	0	15	0
           556	2023-08-08 12:00:54	1	0	1	0
           472	2023-08-08 12:01:00	1	0	1	0
           118	2023-08-08 12:01:04	1	0	1	0
           580	2023-08-08 12:01:08	1	0	1	0
           453	2023-08-08 12:01:27	1	0	1	0
           366	2023-08-08 12:01:37	1	0	1	0
           123	2023-08-08 12:01:48	1	0	1	0
           385	2023-08-08 12:01:53	1	0	1	0
           582	2023-08-08 12:01:57	1	0	1	0
           568	2023-08-08 12:02:13	1	0	1	0
           194	2023-08-08 12:02:24	1	0	1	0
           404	2023-08-08 12:02:29	1	0	1	0
           414	2023-08-08 12:02:33	1	0	1	0
           119	2023-08-08 12:03:00	1	0	15	0
           265	2023-08-08 12:03:14	1	0	1	0
           121	2023-08-08 12:03:20	1	0	1	0
           465	2023-08-08 12:03:23	1	0	1	0
           259	2023-08-08 12:03:30	1	0	1	0
            69	2023-08-08 12:03:35	1	0	1	0
           571	2023-08-08 12:03:41	1	0	1	0
           570	2023-08-08 12:03:47	1	0	1	0
           205	2023-08-08 12:03:57	1	0	1	0
           471	2023-08-08 12:04:03	1	0	1	0
           473	2023-08-08 12:04:07	1	0	1	0
           551	2023-08-08 12:04:12	1	0	1	0
           443	2023-08-08 12:04:18	1	0	1	0
           536	2023-08-08 12:04:27	1	0	1	0
            27	2023-08-08 12:04:36	1	0	1	0
           527	2023-08-08 12:04:46	1	0	1	0
           492	2023-08-08 12:04:52	1	0	1	0
           184	2023-08-08 12:04:58	1	0	1	0
           513	2023-08-08 12:05:02	1	0	1	0
           546	2023-08-08 12:05:05	1	0	1	0
           467	2023-08-08 12:05:15	1	0	15	0
           579	2023-08-08 12:05:21	1	0	1	0
           573	2023-08-08 12:05:27	1	0	1	0
           583	2023-08-08 12:05:33	1	0	1	0
           403	2023-08-08 12:05:38	1	0	1	0
           114	2023-08-08 12:05:46	1	0	1	0
           374	2023-08-08 12:05:51	1	0	1	0
           541	2023-08-08 12:06:12	1	0	1	0
           547	2023-08-08 12:06:31	1	0	1	0
           434	2023-08-08 12:06:42	1	0	1	0
           529	2023-08-08 12:06:49	1	0	1	0
           525	2023-08-08 12:07:18	1	0	1	0
           252	2023-08-08 12:07:25	1	0	15	0
            39	2023-08-08 12:07:28	1	0	1	0
           511	2023-08-08 12:09:02	1	0	1	0
           502	2023-08-08 12:10:49	1	0	1	0
           575	2023-08-08 12:10:57	1	0	1	0
            91	2023-08-08 12:11:03	1	0	1	0
           241	2023-08-08 12:11:06	1	0	1	0
           355	2023-08-08 12:11:27	1	0	1	0
           335	2023-08-08 12:11:42	1	0	1	0
            43	2023-08-08 12:11:47	1	0	1	0
           105	2023-08-08 12:11:52	1	0	1	0
           312	2023-08-08 12:11:59	1	0	1	0
           145	2023-08-08 12:13:44	1	0	1	0
           401	2023-08-08 12:13:48	1	0	1	0
           149	2023-08-08 12:14:40	1	0	1	0
           476	2023-08-08 12:15:04	1	0	1	0
           410	2023-08-08 12:15:20	1	0	1	0
           540	2023-08-08 12:15:26	1	0	1	0
           348	2023-08-08 12:15:32	1	0	1	0
           352	2023-08-08 12:15:42	1	0	1	0
           556	2023-08-08 12:16:26	1	0	1	0
           453	2023-08-08 12:18:13	1	0	1	0
           338	2023-08-08 12:19:02	1	0	1	0
           182	2023-08-08 12:19:27	1	0	1	0
           520	2023-08-08 12:19:37	1	0	15	0
           530	2023-08-08 12:19:54	1	0	1	0
           551	2023-08-08 12:20:02	1	0	1	0
           472	2023-08-08 12:20:14	1	0	1	0
           473	2023-08-08 12:20:21	1	0	1	0
           571	2023-08-08 12:20:37	1	0	1	0
           471	2023-08-08 12:20:42	1	0	1	0
           546	2023-08-08 12:21:00	1	0	1	0
           467	2023-08-08 12:21:07	1	0	1	0
           184	2023-08-08 12:21:13	1	0	1	0
           118	2023-08-08 12:21:17	1	0	1	0
           573	2023-08-08 12:21:25	1	0	1	0
           579	2023-08-08 12:21:32	1	0	1	0
           547	2023-08-08 12:21:36	1	0	1	0
           374	2023-08-08 12:21:41	1	0	1	0
           404	2023-08-08 12:21:45	1	0	1	0
           527	2023-08-08 12:22:01	1	0	1	0
           536	2023-08-08 12:22:06	1	0	1	0
           249	2023-08-08 12:22:12	1	0	1	0
           121	2023-08-08 12:22:31	1	0	1	0
           541	2023-08-08 12:22:36	1	0	15	0
           114	2023-08-08 12:22:43	1	0	1	0
           101	2023-08-08 12:22:56	1	0	1	0
           568	2023-08-08 12:23:33	1	0	1	0
           444	2023-08-08 12:25:05	1	0	1	0
           574	2023-08-08 12:25:09	1	0	1	0
           513	2023-08-08 12:25:23	1	0	1	0
           200	2023-08-08 12:25:47	1	0	1	0
           194	2023-08-08 12:25:50	1	0	1	0
            40	2023-08-08 12:26:54	1	0	1	0
            91	2023-08-08 12:27:06	1	0	1	0
           241	2023-08-08 12:27:19	1	0	1	0
           502	2023-08-08 12:27:36	1	0	1	0
            43	2023-08-08 12:27:46	1	0	1	0
           413	2023-08-08 12:27:51	1	0	4	0
           575	2023-08-08 12:28:00	1	0	1	0
            69	2023-08-08 12:28:13	1	0	1	0
           105	2023-08-08 12:28:31	1	0	1	0
           312	2023-08-08 12:28:40	1	0	1	0
           265	2023-08-08 12:28:47	1	0	1	0
           145	2023-08-08 12:28:56	1	0	1	0
           401	2023-08-08 12:28:59	1	0	1	0
           399	2023-08-08 12:29:53	1	0	1	0
           562	2023-08-08 12:30:31	1	0	1	0
           361	2023-08-08 12:31:44	1	0	1	0
           417	2023-08-08 12:31:49	1	0	1	0
           149	2023-08-08 12:32:07	1	0	1	0
           583	2023-08-08 12:33:18	1	0	1	0
           434	2023-08-08 12:34:09	1	0	1	0
           125	2023-08-08 12:34:14	1	0	1	0
           465	2023-08-08 12:34:19	1	0	1	0
           403	2023-08-08 12:34:47	1	0	1	0
           492	2023-08-08 12:35:03	1	0	1	0
           540	2023-08-08 12:36:43	1	0	1	0
           352	2023-08-08 12:36:46	1	0	1	0
           410	2023-08-08 12:36:50	1	0	1	0
           476	2023-08-08 12:37:58	1	0	1	0
           525	2023-08-08 12:38:26	1	0	1	0
           370	2023-08-08 12:38:32	1	0	1	0
           397	2023-08-08 12:39:37	1	0	1	0
           223	2023-08-08 12:40:51	1	0	1	0
           200	2023-08-08 12:41:15	1	0	1	0
            39	2023-08-08 12:42:32	1	0	1	0
           530	2023-08-08 12:43:05	1	0	1	0
           520	2023-08-08 12:43:11	1	0	15	0
           570	2023-08-08 12:44:02	1	0	1	0
           335	2023-08-08 12:44:48	1	0	1	0
           511	2023-08-08 12:48:42	1	0	1	0
           355	2023-08-08 12:48:53	1	0	1	0
           529	2023-08-08 12:50:30	1	0	1	0
           348	2023-08-08 12:51:57	1	0	1	0
           252	2023-08-08 12:52:02	1	0	15	0
           444	2023-08-08 12:53:25	1	0	1	0
           574	2023-08-08 12:53:40	1	0	15	0
           361	2023-08-08 12:53:45	1	0	1	0
           417	2023-08-08 12:53:55	1	0	1	0
           370	2023-08-08 12:54:05	1	0	1	0
           533	2023-08-08 12:54:57	1	0	1	0
           576	2023-08-08 12:55:21	1	0	1	0
           413	2023-08-08 12:55:40	1	0	4	0
            40	2023-08-08 12:56:51	1	0	1	0
           580	2023-08-08 13:01:35	1	0	1	0
           360	2023-08-08 13:14:47	1	0	1	0
           485	2023-08-08 13:17:52	1	0	1	0
           567	2023-08-08 13:48:27	1	0	1	0
           485	2023-08-08 13:51:57	1	0	1	0
           124	2023-08-08 14:41:01	1	0	15	0
           418	2023-08-08 16:00:15	1	0	1	0
           460	2023-08-08 16:24:03	1	0	1	0
           397	2023-08-08 17:00:05	1	0	1	0
           387	2023-08-08 17:00:12	1	0	15	0
           422	2023-08-08 17:00:21	1	0	1	0
           570	2023-08-08 17:00:33	1	0	1	0
           562	2023-08-08 17:00:44	1	0	1	0
           125	2023-08-08 17:00:48	1	0	1	0
           399	2023-08-08 17:00:55	1	0	1	0
           149	2023-08-08 17:01:05	1	0	15	0
           101	2023-08-08 17:01:16	1	0	1	0
           513	2023-08-08 17:01:23	1	0	1	0
           568	2023-08-08 17:01:29	1	0	1	0
            39	2023-08-08 17:01:44	1	0	1	0
           571	2023-08-08 17:01:50	1	0	1	0
           413	2023-08-08 17:02:03	1	0	4	0
           575	2023-08-08 17:02:18	1	0	1	0
           476	2023-08-08 17:02:24	1	0	1	0
           121	2023-08-08 17:02:28	1	0	1	0
           249	2023-08-08 17:02:33	1	0	1	0
           404	2023-08-08 17:02:52	1	0	1	0
           443	2023-08-08 17:02:59	1	0	1	0
           352	2023-08-08 17:03:03	1	0	1	0
           533	2023-08-08 17:03:09	1	0	1	0
           530	2023-08-08 17:03:19	1	0	1	0
           223	2023-08-08 17:03:30	1	0	1	0
           366	2023-08-08 17:03:55	1	0	1	0
           582	2023-08-08 17:03:59	1	0	1	0
           541	2023-08-08 17:04:05	1	0	1	0
           361	2023-08-08 17:04:10	1	0	1	0
           417	2023-08-08 17:04:19	1	0	1	0
           546	2023-08-08 17:04:24	1	0	1	0
           410	2023-08-08 17:04:29	1	0	1	0
           540	2023-08-08 17:04:34	1	0	1	0
           472	2023-08-08 17:04:37	1	0	1	0
           385	2023-08-08 17:04:41	1	0	1	0
           471	2023-08-08 17:04:45	1	0	1	0
           360	2023-08-08 17:04:53	1	0	1	0
           374	2023-08-08 17:04:57	1	0	1	0
           119	2023-08-08 17:05:10	1	0	15	0
           196	2023-08-08 17:05:17	1	0	1	0
           520	2023-08-08 17:05:26	1	0	15	0
           398	2023-08-08 17:05:31	1	0	1	0
           114	2023-08-08 17:05:37	1	0	1	0
            40	2023-08-08 17:05:44	1	0	1	0
           511	2023-08-08 17:05:50	1	0	1	0
           370	2023-08-08 17:05:58	1	0	1	0
           573	2023-08-08 17:06:18	1	0	1	0
           123	2023-08-08 17:06:37	1	0	1	0
           434	2023-08-08 17:07:33	1	0	1	0
           473	2023-08-08 17:08:43	1	0	1	0
           118	2023-08-08 17:08:49	1	0	1	0
           403	2023-08-08 17:09:14	1	0	1	0
           580	2023-08-08 17:09:21	1	0	1	0
           527	2023-08-08 17:09:34	1	0	1	0
           583	2023-08-08 17:11:24	1	0	1	0
           331	2023-08-08 17:11:36	1	0	1	0
           556	2023-08-08 17:12:01	1	0	1	0
           335	2023-08-08 17:15:04	1	0	1	0
           194	2023-08-08 17:16:11	1	0	1	0
           252	2023-08-08 17:17:03	1	0	15	0
           404	2023-08-08 17:18:09	1	0	1	0
           408	2023-08-08 17:19:52	1	0	1	0
           265	2023-08-08 17:21:31	1	0	1	0
           547	2023-08-08 17:25:43	1	0	1	0
           502	2023-08-08 17:25:52	1	0	1	0
           467	2023-08-08 17:28:52	1	0	15	0
           338	2023-08-08 17:29:55	1	0	1	0
           525	2023-08-08 17:30:03	1	0	1	0
           492	2023-08-08 17:30:21	1	0	1	0
            69	2023-08-08 17:31:49	1	0	1	0
            27	2023-08-08 17:32:58	1	0	1	0
           348	2023-08-08 17:36:31	1	0	1	0
           453	2023-08-08 17:38:29	1	0	1	0
           536	2023-08-08 17:40:17	1	0	1	0
           241	2023-08-08 17:44:30	1	0	1	0
            91	2023-08-08 17:44:40	1	0	1	0
           105	2023-08-08 17:45:32	1	0	1	0
           182	2023-08-08 17:45:40	1	0	1	0
           312	2023-08-08 17:45:53	1	0	1	0
            66	2023-08-08 17:48:06	1	0	15	0
           529	2023-08-08 17:48:32	1	0	15	0
           444	2023-08-08 17:48:41	1	0	1	0
           574	2023-08-08 17:48:49	1	0	1	0
           205	2023-08-08 17:50:15	1	0	1	0
           401	2023-08-08 18:01:19	1	0	1	0
           529	2023-08-08 18:03:44	1	0	1	0
           444	2023-08-08 18:03:51	1	0	1	0
           574	2023-08-08 18:04:00	1	0	1	0
           485	2023-08-08 18:04:36	1	0	1	0
           355	2023-08-08 18:04:43	1	0	1	0
            43	2023-08-08 18:10:00	1	0	1	0
           145	2023-08-08 18:25:10	1	0	1	0
           184	2023-08-08 19:47:46	1	0	1	0
           107	2023-08-08 21:53:04	1	0	1	0
           567	2023-08-08 22:00:58	1	0	1	0
           529	2023-08-08 22:03:28	1	0	1	0
           200	2023-08-08 22:06:06	1	0	1	0
           444	2023-08-08 22:11:12	1	0	1	0
           404	2023-08-08 22:11:46	1	0	1	0
           574	2023-08-08 22:39:50	1	0	1	0
           124	2023-08-08 23:01:46	1	0	15	0
           414	2023-08-08 23:09:01	1	0	1	0
           107	2023-08-09 06:00:31	1	0	1	0
           453	2023-08-09 06:14:31	1	0	1	0
            27	2023-08-09 06:14:44	1	0	1	0
           348	2023-08-09 06:14:51	1	0	1	0
           387	2023-08-09 06:40:00	1	0	15	0
           196	2023-08-09 06:40:09	1	0	1	0
           224	2023-08-09 06:40:22	1	0	15	0
           119	2023-08-09 06:40:55	1	0	15	0
           422	2023-08-09 06:41:05	1	0	1	0
           567	2023-08-09 06:51:09	1	0	1	0
           385	2023-08-09 06:55:53	1	0	1	0
           425	2023-08-09 06:56:36	1	0	1	0
           443	2023-08-09 07:00:49	1	0	1	0
           366	2023-08-09 07:02:30	1	0	1	0
           576	2023-08-09 07:02:38	1	0	1	0
           460	2023-08-09 07:04:08	1	0	1	0
           566	2023-08-09 07:06:14	1	0	1	0
           581	2023-08-09 07:06:24	1	0	1	0
           395	2023-08-09 07:07:08	1	0	1	0
           533	2023-08-09 07:10:17	1	0	1	0
           123	2023-08-09 07:13:43	1	0	1	0
           149	2023-08-09 07:14:23	1	0	15	0
           397	2023-08-09 07:24:02	1	0	1	0
           573	2023-08-09 07:24:17	1	0	1	0
           223	2023-08-09 07:25:11	1	0	1	0
           582	2023-08-09 07:25:52	1	0	1	0
           559	2023-08-09 07:26:13	1	0	1	0
           360	2023-08-09 07:27:28	1	0	1	0
           182	2023-08-09 07:27:41	1	0	1	0
           418	2023-08-09 07:29:49	1	0	1	0
           492	2023-08-09 07:33:00	1	0	1	0
           265	2023-08-09 07:33:04	1	0	1	0
            43	2023-08-09 07:33:34	1	0	1	0
           252	2023-08-09 07:33:47	1	0	1	0
           540	2023-08-09 07:34:02	1	0	1	0
            39	2023-08-09 07:34:54	1	0	1	0
           101	2023-08-09 07:35:48	1	0	1	0
           556	2023-08-09 07:35:55	1	0	1	0
           355	2023-08-09 07:36:25	1	0	1	0
           541	2023-08-09 07:39:06	1	0	1	0
           473	2023-08-09 07:40:51	1	0	1	0
           434	2023-08-09 07:41:49	1	0	1	0
           562	2023-08-09 07:42:09	1	0	1	0
           513	2023-08-09 07:42:32	1	0	1	0
           547	2023-08-09 07:42:52	1	0	1	0
           502	2023-08-09 07:42:57	1	0	1	0
            91	2023-08-09 07:43:04	1	0	1	0
            66	2023-08-09 07:43:59	1	0	15	0
           374	2023-08-09 07:44:34	1	0	1	0
           575	2023-08-09 07:45:04	1	0	1	0
           105	2023-08-09 07:45:11	1	0	1	0
           145	2023-08-09 07:45:28	1	0	1	0
           404	2023-08-09 07:45:54	1	0	1	0
           352	2023-08-09 07:47:52	1	0	1	0
           530	2023-08-09 07:48:06	1	0	1	0
           259	2023-08-09 07:48:23	1	0	15	0
           467	2023-08-09 07:48:30	1	0	1	0
           398	2023-08-09 07:49:09	1	0	1	0
           568	2023-08-09 07:49:35	1	0	1	0
           571	2023-08-09 07:49:37	1	0	1	0
            69	2023-08-09 07:49:43	1	0	1	0
           414	2023-08-09 07:49:48	1	0	1	0
           444	2023-08-09 07:49:51	1	0	1	0
           574	2023-08-09 07:49:55	1	0	1	0
           118	2023-08-09 07:50:33	1	0	1	0
           125	2023-08-09 07:50:40	1	0	1	0
           520	2023-08-09 07:50:46	1	0	15	0
           114	2023-08-09 07:50:54	1	0	1	0
           471	2023-08-09 07:51:07	1	0	1	0
           472	2023-08-09 07:51:10	1	0	1	0
           408	2023-08-09 07:51:31	1	0	1	0
           527	2023-08-09 07:51:59	1	0	1	0
            40	2023-08-09 07:52:11	1	0	1	0
           205	2023-08-09 07:52:24	1	0	1	0
           375	2023-08-09 07:52:31	1	0	1	0
           546	2023-08-09 07:53:09	1	0	1	0
           338	2023-08-09 07:53:27	1	0	1	0
           570	2023-08-09 07:53:41	1	0	1	0
           410	2023-08-09 07:53:50	1	0	1	0
           331	2023-08-09 07:54:32	1	0	1	0
           403	2023-08-09 07:55:31	1	0	1	0
           551	2023-08-09 07:55:58	1	0	1	0
           200	2023-08-09 07:56:04	1	0	1	0
           312	2023-08-09 07:57:08	1	0	1	0
           476	2023-08-09 07:57:23	1	0	1	0
           399	2023-08-09 07:58:09	1	0	1	0
           413	2023-08-09 07:58:15	1	0	4	0
           511	2023-08-09 07:58:29	1	0	1	0
           361	2023-08-09 07:58:40	1	0	1	0
           525	2023-08-09 07:59:07	1	0	1	0
           536	2023-08-09 07:59:13	1	0	1	0
           583	2023-08-09 07:59:41	1	0	1	0
           121	2023-08-09 07:59:57	1	0	1	0
           405	2023-08-09 08:00:26	1	0	1	0
           370	2023-08-09 08:00:37	1	0	1	0
           529	2023-08-09 08:01:41	1	0	1	0
           249	2023-08-09 08:01:49	1	0	15	0
           184	2023-08-09 08:02:04	1	0	1	0
           417	2023-08-09 08:02:40	1	0	1	0
           401	2023-08-09 08:05:22	1	0	1	0
           241	2023-08-09 08:08:28	1	0	1	0
           580	2023-08-09 08:13:56	1	0	1	0
           335	2023-08-09 08:16:46	1	0	1	0
           194	2023-08-09 08:20:06	1	0	1	0
           516	2023-08-09 08:24:41	1	0	1	0
           485	2023-08-09 08:50:32	1	0	1	0
           460	2023-08-09 11:07:19	1	0	1	0
           425	2023-08-09 11:07:29	1	0	1	0
           559	2023-08-09 11:30:05	1	0	1	0
           395	2023-08-09 11:30:12	1	0	1	0
           576	2023-08-09 11:30:18	1	0	1	0
           123	2023-08-09 11:30:23	1	0	1	0
           566	2023-08-09 11:30:28	1	0	1	0
           581	2023-08-09 11:30:33	1	0	1	0
           224	2023-08-09 11:30:40	1	0	15	0
           366	2023-08-09 11:30:51	1	0	1	0
           422	2023-08-09 11:31:06	1	0	15	0
           223	2023-08-09 11:31:10	1	0	1	0
           387	2023-08-09 11:31:21	1	0	15	0
           533	2023-08-09 11:31:27	1	0	1	0
           443	2023-08-09 11:31:43	1	0	1	0
           119	2023-08-09 11:32:06	1	0	15	0
           360	2023-08-09 11:32:35	1	0	1	0
           582	2023-08-09 11:32:40	1	0	1	0
           196	2023-08-09 11:33:48	1	0	1	0
           385	2023-08-09 11:33:52	1	0	1	0
           460	2023-08-09 11:41:23	1	0	1	0
           425	2023-08-09 11:41:29	1	0	1	0
           360	2023-08-09 11:53:58	1	0	1	0
           562	2023-08-09 12:00:03	1	0	1	0
           397	2023-08-09 12:00:05	1	0	1	0
           196	2023-08-09 12:00:11	1	0	1	0
           422	2023-08-09 12:00:16	1	0	1	0
           385	2023-08-09 12:00:26	1	0	1	0
           405	2023-08-09 12:00:30	1	0	1	0
           417	2023-08-09 12:00:34	1	0	15	0
           366	2023-08-09 12:00:43	1	0	1	0
           387	2023-08-09 12:01:00	1	0	15	0
           123	2023-08-09 12:01:06	1	0	1	0
           224	2023-08-09 12:01:13	1	0	15	0
           375	2023-08-09 12:01:22	1	0	1	0
           361	2023-08-09 12:01:30	1	0	1	0
           556	2023-08-09 12:01:34	1	0	1	0
           119	2023-08-09 12:02:19	1	0	15	0
           582	2023-08-09 12:02:25	1	0	1	0
           576	2023-08-09 12:02:29	1	0	1	0
           546	2023-08-09 12:02:34	1	0	1	0
           541	2023-08-09 12:02:37	1	0	1	0
           374	2023-08-09 12:02:41	1	0	1	0
           467	2023-08-09 12:02:45	1	0	1	0
           573	2023-08-09 12:02:51	1	0	1	0
           114	2023-08-09 12:02:58	1	0	1	0
           568	2023-08-09 12:03:04	1	0	1	0
           259	2023-08-09 12:03:10	1	0	1	0
           511	2023-08-09 12:03:16	1	0	1	0
           476	2023-08-09 12:03:19	1	0	1	0
           540	2023-08-09 12:03:24	1	0	1	0
           410	2023-08-09 12:03:32	1	0	1	0
           352	2023-08-09 12:03:37	1	0	1	0
           513	2023-08-09 12:03:41	1	0	1	0
           570	2023-08-09 12:03:47	1	0	1	0
           125	2023-08-09 12:03:52	1	0	1	0
           559	2023-08-09 12:03:56	1	0	1	0
           580	2023-08-09 12:04:00	1	0	1	0
           547	2023-08-09 12:04:28	1	0	1	0
           443	2023-08-09 12:04:51	1	0	1	0
            69	2023-08-09 12:04:55	1	0	1	0
           403	2023-08-09 12:05:43	1	0	1	0
           551	2023-08-09 12:05:48	1	0	1	0
            43	2023-08-09 12:06:40	1	0	1	0
           434	2023-08-09 12:06:57	1	0	1	0
           527	2023-08-09 12:07:18	1	0	1	0
           536	2023-08-09 12:07:38	1	0	1	0
           249	2023-08-09 12:07:57	1	0	1	0
           121	2023-08-09 12:08:01	1	0	1	0
           571	2023-08-09 12:08:31	1	0	1	0
           525	2023-08-09 12:08:44	1	0	1	0
           492	2023-08-09 12:09:05	1	0	1	0
           516	2023-08-09 12:09:08	1	0	1	0
           101	2023-08-09 12:09:53	1	0	1	0
           355	2023-08-09 12:13:03	1	0	1	0
           475	2023-08-09 12:13:33	1	0	1	0
           312	2023-08-09 12:14:23	1	0	1	0
            91	2023-08-09 12:14:55	1	0	1	0
           241	2023-08-09 12:15:06	1	0	1	0
           370	2023-08-09 12:15:11	1	0	1	0
           184	2023-08-09 12:15:17	1	0	1	0
           182	2023-08-09 12:15:24	1	0	1	0
           583	2023-08-09 12:16:25	1	0	1	0
           375	2023-08-09 12:16:38	1	0	1	0
           404	2023-08-09 12:17:01	1	0	1	0
           335	2023-08-09 12:17:11	1	0	1	0
           399	2023-08-09 12:17:24	1	0	1	0
           149	2023-08-09 12:17:36	1	0	1	0
           361	2023-08-09 12:17:45	1	0	1	0
           194	2023-08-09 12:18:00	1	0	1	0
           200	2023-08-09 12:18:09	1	0	1	0
           529	2023-08-09 12:18:14	1	0	1	0
           573	2023-08-09 12:18:20	1	0	1	0
           467	2023-08-09 12:18:25	1	0	1	0
           252	2023-08-09 12:18:29	1	0	15	0
           414	2023-08-09 12:18:40	1	0	1	0
           205	2023-08-09 12:18:49	1	0	1	0
           265	2023-08-09 12:18:59	1	0	1	0
           413	2023-08-09 12:19:03	1	0	4	0
           556	2023-08-09 12:19:14	1	0	1	0
           568	2023-08-09 12:19:19	1	0	1	0
           541	2023-08-09 12:19:31	1	0	15	0
           114	2023-08-09 12:19:37	1	0	1	0
           374	2023-08-09 12:19:41	1	0	1	0
           574	2023-08-09 12:20:12	1	0	1	0
           444	2023-08-09 12:20:14	1	0	1	0
           348	2023-08-09 12:20:19	1	0	1	0
           520	2023-08-09 12:20:37	1	0	15	0
           511	2023-08-09 12:20:42	1	0	1	0
           405	2023-08-09 12:20:50	1	0	1	0
           530	2023-08-09 12:20:55	1	0	1	0
           473	2023-08-09 12:21:03	1	0	1	0
           472	2023-08-09 12:21:06	1	0	1	0
           471	2023-08-09 12:21:14	1	0	1	0
           259	2023-08-09 12:21:21	1	0	1	0
           118	2023-08-09 12:21:30	1	0	1	0
            69	2023-08-09 12:22:14	1	0	1	0
           352	2023-08-09 12:22:32	1	0	1	0
           410	2023-08-09 12:22:36	1	0	1	0
           540	2023-08-09 12:22:46	1	0	1	0
           476	2023-08-09 12:22:49	1	0	1	0
           536	2023-08-09 12:22:56	1	0	1	0
           417	2023-08-09 12:23:40	1	0	1	0
           453	2023-08-09 12:23:48	1	0	1	0
           546	2023-08-09 12:24:28	1	0	1	0
           492	2023-08-09 12:25:08	1	0	1	0
           516	2023-08-09 12:25:14	1	0	1	0
           338	2023-08-09 12:25:47	1	0	1	0
            43	2023-08-09 12:27:10	1	0	1	0
           403	2023-08-09 12:27:27	1	0	1	0
           395	2023-08-09 12:28:09	1	0	1	0
            91	2023-08-09 12:30:02	1	0	1	0
           241	2023-08-09 12:30:11	1	0	1	0
           527	2023-08-09 12:32:15	1	0	1	0
           331	2023-08-09 12:33:35	1	0	1	0
           149	2023-08-09 12:33:42	1	0	1	0
           551	2023-08-09 12:34:54	1	0	1	0
           145	2023-08-09 12:35:01	1	0	1	0
           401	2023-08-09 12:35:07	1	0	1	0
           413	2023-08-09 12:35:27	1	0	4	0
           101	2023-08-09 12:35:33	1	0	1	0
           312	2023-08-09 12:35:50	1	0	1	0
           265	2023-08-09 12:35:55	1	0	1	0
           249	2023-08-09 12:36:27	1	0	1	0
           121	2023-08-09 12:36:34	1	0	1	0
           194	2023-08-09 12:37:05	1	0	1	0
           513	2023-08-09 12:37:42	1	0	1	0
           252	2023-08-09 12:38:52	1	0	15	0
           530	2023-08-09 12:39:18	1	0	1	0
           125	2023-08-09 12:39:37	1	0	1	0
           570	2023-08-09 12:39:41	1	0	1	0
           520	2023-08-09 12:39:50	1	0	15	0
           571	2023-08-09 12:39:54	1	0	1	0
           562	2023-08-09 12:40:15	1	0	1	0
           575	2023-08-09 12:40:19	1	0	1	0
           434	2023-08-09 12:42:06	1	0	1	0
           502	2023-08-09 12:42:39	1	0	1	0
           525	2023-08-09 12:42:55	1	0	1	0
           471	2023-08-09 12:43:32	1	0	1	0
           473	2023-08-09 12:43:34	1	0	1	0
           472	2023-08-09 12:43:37	1	0	1	0
           118	2023-08-09 12:43:42	1	0	1	0
           397	2023-08-09 12:43:48	1	0	1	0
           370	2023-08-09 12:45:38	1	0	1	0
           184	2023-08-09 12:45:44	1	0	1	0
           182	2023-08-09 12:45:51	1	0	1	0
           566	2023-08-09 12:48:09	1	0	1	0
           581	2023-08-09 12:48:12	1	0	1	0
           335	2023-08-09 12:48:30	1	0	1	0
           348	2023-08-09 12:50:15	1	0	1	0
           529	2023-08-09 12:51:01	1	0	1	0
           583	2023-08-09 12:51:07	1	0	1	0
           580	2023-08-09 12:51:19	1	0	1	0
           200	2023-08-09 12:51:53	1	0	1	0
           453	2023-08-09 12:52:08	1	0	1	0
           355	2023-08-09 12:52:49	1	0	1	0
           547	2023-08-09 12:54:15	1	0	1	0
           401	2023-08-09 12:54:52	1	0	15	0
           223	2023-08-09 12:55:04	1	0	1	0
           145	2023-08-09 12:55:18	1	0	1	0
           575	2023-08-09 12:56:14	1	0	1	0
           533	2023-08-09 12:57:08	1	0	1	0
           502	2023-08-09 12:57:52	1	0	1	0
           105	2023-08-09 12:57:58	1	0	1	0
           574	2023-08-09 12:58:36	1	0	1	0
           404	2023-08-09 12:58:45	1	0	1	0
           444	2023-08-09 13:02:56	1	0	1	0
           485	2023-08-09 13:11:19	1	0	1	0
           124	2023-08-09 13:21:35	1	0	15	0
           485	2023-08-09 13:51:34	1	0	1	0
           567	2023-08-09 15:01:45	1	0	1	0
           418	2023-08-09 16:02:53	1	0	1	0
           460	2023-08-09 16:10:38	1	0	1	0
           425	2023-08-09 16:10:44	1	0	1	0
           397	2023-08-09 17:00:09	1	0	1	0
           387	2023-08-09 17:00:16	1	0	15	0
           422	2023-08-09 17:00:26	1	0	15	0
           562	2023-08-09 17:00:38	1	0	1	0
           571	2023-08-09 17:00:43	1	0	1	0
           581	2023-08-09 17:00:58	1	0	1	0
           348	2023-08-09 17:01:05	1	0	1	0
           568	2023-08-09 17:01:13	1	0	1	0
           149	2023-08-09 17:01:17	1	0	1	0
           511	2023-08-09 17:01:24	1	0	1	0
           259	2023-08-09 17:01:30	1	0	1	0
           443	2023-08-09 17:01:37	1	0	1	0
           582	2023-08-09 17:01:48	1	0	1	0
           398	2023-08-09 17:01:55	1	0	1	0
            39	2023-08-09 17:02:03	1	0	1	0
           101	2023-08-09 17:02:11	1	0	1	0
           366	2023-08-09 17:02:22	1	0	1	0
           576	2023-08-09 17:02:30	1	0	1	0
           223	2023-08-09 17:02:41	1	0	1	0
           566	2023-08-09 17:02:47	1	0	1	0
           533	2023-08-09 17:02:52	1	0	1	0
           475	2023-08-09 17:02:56	1	0	1	0
           125	2023-08-09 17:03:03	1	0	1	0
           570	2023-08-09 17:03:07	1	0	1	0
           476	2023-08-09 17:03:14	1	0	1	0
           405	2023-08-09 17:03:18	1	0	1	0
           375	2023-08-09 17:03:24	1	0	1	0
           536	2023-08-09 17:03:29	1	0	1	0
           360	2023-08-09 17:03:36	1	0	1	0
           224	2023-08-09 17:03:44	1	0	15	0
           417	2023-08-09 17:03:51	1	0	1	0
           123	2023-08-09 17:03:59	1	0	1	0
           119	2023-08-09 17:04:40	1	0	15	0
           121	2023-08-09 17:05:00	1	0	1	0
           249	2023-08-09 17:05:10	1	0	1	0
           530	2023-08-09 17:05:17	1	0	1	0
           551	2023-08-09 17:05:37	1	0	1	0
           573	2023-08-09 17:05:50	1	0	1	0
           546	2023-08-09 17:06:03	1	0	1	0
           413	2023-08-09 17:06:07	1	0	4	0
           385	2023-08-09 17:06:17	1	0	1	0
           196	2023-08-09 17:06:21	1	0	1	0
           374	2023-08-09 17:06:27	1	0	1	0
           575	2023-08-09 17:06:32	1	0	1	0
           502	2023-08-09 17:06:45	1	0	1	0
           114	2023-08-09 17:06:51	1	0	1	0
           403	2023-08-09 17:06:57	1	0	1	0
           513	2023-08-09 17:07:01	1	0	1	0
           541	2023-08-09 17:07:20	1	0	1	0
           467	2023-08-09 17:07:26	1	0	1	0
           520	2023-08-09 17:07:38	1	0	15	0
           118	2023-08-09 17:08:08	1	0	1	0
           473	2023-08-09 17:08:10	1	0	1	0
           331	2023-08-09 17:08:14	1	0	1	0
           352	2023-08-09 17:08:50	1	0	1	0
           472	2023-08-09 17:09:17	1	0	1	0
           471	2023-08-09 17:09:22	1	0	1	0
           395	2023-08-09 17:09:40	1	0	1	0
           556	2023-08-09 17:10:10	1	0	1	0
           453	2023-08-09 17:11:24	1	0	1	0
           399	2023-08-09 17:12:45	1	0	1	0
           434	2023-08-09 17:13:52	1	0	1	0
           370	2023-08-09 17:14:27	1	0	1	0
           547	2023-08-09 17:16:26	1	0	1	0
           361	2023-08-09 17:17:26	1	0	1	0
           527	2023-08-09 17:19:03	1	0	1	0
           194	2023-08-09 17:19:22	1	0	1	0
           105	2023-08-09 17:20:29	1	0	1	0
           408	2023-08-09 17:20:35	1	0	15	0
           338	2023-08-09 17:20:40	1	0	1	0
           241	2023-08-09 17:20:57	1	0	1	0
           525	2023-08-09 17:21:02	1	0	1	0
           580	2023-08-09 17:22:43	1	0	1	0
            91	2023-08-09 17:24:00	1	0	1	0
           252	2023-08-09 17:24:05	1	0	15	0
           583	2023-08-09 17:24:32	1	0	1	0
           559	2023-08-09 17:27:51	1	0	1	0
            69	2023-08-09 17:27:59	1	0	1	0
            43	2023-08-09 17:28:06	1	0	1	0
           265	2023-08-09 17:30:13	1	0	1	0
           312	2023-08-09 17:33:03	1	0	15	0
           335	2023-08-09 17:45:29	1	0	1	0
           401	2023-08-09 17:54:50	1	0	15	0
           540	2023-08-09 18:04:34	1	0	1	0
           410	2023-08-09 18:04:39	1	0	1	0
           485	2023-08-09 18:05:58	1	0	1	0
           355	2023-08-09 18:06:03	1	0	1	0
           529	2023-08-09 18:26:04	1	0	1	0
           200	2023-08-09 18:30:57	1	0	1	0
           444	2023-08-09 18:31:09	1	0	1	0
           404	2023-08-09 18:31:17	1	0	1	0
           145	2023-08-09 18:32:57	1	0	1	0
           574	2023-08-09 19:27:34	1	0	15	0
           205	2023-08-09 19:42:13	1	0	1	0
           414	2023-08-09 19:42:42	1	0	1	0
           516	2023-08-09 19:44:25	1	0	1	0
           492	2023-08-09 20:42:27	1	0	1	0
           182	2023-08-09 20:49:52	1	0	1	0
           107	2023-08-09 21:42:18	1	0	1	0
           305	2023-08-09 21:50:29	1	0	1	0
           124	2023-08-09 22:00:55	1	0	15	0
           184	2023-08-09 23:24:11	1	0	1	0
           335	2023-08-10 03:04:32	1	0	1	0
           567	2023-08-10 05:48:30	1	0	15	0
           107	2023-08-10 06:00:09	1	0	1	0
           387	2023-08-10 06:35:54	1	0	15	0
           124	2023-08-10 06:37:13	1	0	15	0
           422	2023-08-10 06:38:42	1	0	1	0
           196	2023-08-10 06:44:37	1	0	1	0
           119	2023-08-10 06:45:01	1	0	15	0
           224	2023-08-10 06:45:14	1	0	15	0
           395	2023-08-10 06:45:26	1	0	1	0
           425	2023-08-10 06:54:35	1	0	1	0
           453	2023-08-10 06:57:42	1	0	1	0
           348	2023-08-10 06:58:08	1	0	1	0
           385	2023-08-10 06:59:18	1	0	1	0
           460	2023-08-10 07:01:37	1	0	1	0
           305	2023-08-10 07:03:35	1	0	1	0
           366	2023-08-10 07:07:09	1	0	1	0
           576	2023-08-10 07:07:16	1	0	1	0
           352	2023-08-10 07:10:58	1	0	1	0
           582	2023-08-10 07:13:22	1	0	1	0
           581	2023-08-10 07:13:32	1	0	15	0
           533	2023-08-10 07:16:34	1	0	1	0
           223	2023-08-10 07:18:39	1	0	1	0
           145	2023-08-10 07:21:04	1	0	1	0
           559	2023-08-10 07:21:53	1	0	15	0
           556	2023-08-10 07:22:32	1	0	1	0
           493	2023-08-10 07:26:11	1	0	1	0
           101	2023-08-10 07:27:44	1	0	1	0
           418	2023-08-10 07:28:14	1	0	1	0
            39	2023-08-10 07:29:13	1	0	1	0
           434	2023-08-10 07:30:01	1	0	1	0
           149	2023-08-10 07:31:50	1	0	1	0
           200	2023-08-10 07:31:59	1	0	1	0
           417	2023-08-10 07:32:28	1	0	15	0
           355	2023-08-10 07:33:50	1	0	1	0
           541	2023-08-10 07:34:12	1	0	1	0
           408	2023-08-10 07:34:28	1	0	1	0
           492	2023-08-10 07:35:40	1	0	1	0
           573	2023-08-10 07:35:51	1	0	1	0
           568	2023-08-10 07:35:58	1	0	1	0
            66	2023-08-10 07:38:12	1	0	15	0
           397	2023-08-10 07:38:55	1	0	1	0
           265	2023-08-10 07:39:01	1	0	1	0
           546	2023-08-10 07:39:18	1	0	1	0
           259	2023-08-10 07:39:59	1	0	1	0
           525	2023-08-10 07:40:26	1	0	1	0
            91	2023-08-10 07:41:54	1	0	1	0
           574	2023-08-10 07:42:33	1	0	1	0
           540	2023-08-10 07:42:46	1	0	1	0
           472	2023-08-10 07:44:44	1	0	1	0
           471	2023-08-10 07:44:57	1	0	1	0
            43	2023-08-10 07:45:14	1	0	1	0
           205	2023-08-10 07:45:49	1	0	1	0
            40	2023-08-10 07:46:29	1	0	1	0
           527	2023-08-10 07:46:36	1	0	1	0
            69	2023-08-10 07:46:45	1	0	1	0
           194	2023-08-10 07:46:59	1	0	1	0
           444	2023-08-10 07:47:03	1	0	1	0
           398	2023-08-10 07:47:13	1	0	1	0
           575	2023-08-10 07:47:46	1	0	1	0
           331	2023-08-10 07:48:16	1	0	1	0
           118	2023-08-10 07:49:10	1	0	1	0
           370	2023-08-10 07:50:04	1	0	1	0
           571	2023-08-10 07:50:39	1	0	1	0
           547	2023-08-10 07:50:55	1	0	1	0
           502	2023-08-10 07:50:59	1	0	1	0
           530	2023-08-10 07:51:07	1	0	1	0
           414	2023-08-10 07:51:20	1	0	1	0
           121	2023-08-10 07:51:43	1	0	1	0
           570	2023-08-10 07:51:49	1	0	1	0
           252	2023-08-10 07:52:13	1	0	15	0
           583	2023-08-10 07:52:45	1	0	1	0
           520	2023-08-10 07:53:09	1	0	15	0
           114	2023-08-10 07:53:14	1	0	1	0
           105	2023-08-10 07:53:27	1	0	1	0
           404	2023-08-10 07:53:30	1	0	1	0
           536	2023-08-10 07:54:38	1	0	1	0
           338	2023-08-10 07:54:42	1	0	1	0
           182	2023-08-10 07:54:45	1	0	1	0
           473	2023-08-10 07:54:58	1	0	1	0
           513	2023-08-10 07:55:10	1	0	1	0
           399	2023-08-10 07:55:30	1	0	1	0
           476	2023-08-10 07:55:36	1	0	1	0
           361	2023-08-10 07:55:46	1	0	1	0
           551	2023-08-10 07:55:50	1	0	1	0
           511	2023-08-10 07:57:43	1	0	1	0
           529	2023-08-10 07:57:48	1	0	1	0
           516	2023-08-10 07:58:21	1	0	1	0
           374	2023-08-10 08:01:02	1	0	1	0
           410	2023-08-10 08:02:04	1	0	1	0
           403	2023-08-10 08:03:11	1	0	1	0
           580	2023-08-10 08:03:46	1	0	1	0
           475	2023-08-10 08:05:04	1	0	1	0
           241	2023-08-10 08:05:54	1	0	1	0
           249	2023-08-10 08:06:42	1	0	1	0
           125	2023-08-10 08:07:36	1	0	1	0
           562	2023-08-10 08:07:40	1	0	1	0
           413	2023-08-10 08:07:43	1	0	4	0
           312	2023-08-10 08:08:08	1	0	1	0
           401	2023-08-10 08:08:12	1	0	1	0
           579	2023-08-10 08:40:51	1	0	1	0
           485	2023-08-10 08:56:04	1	0	1	0
           467	2023-08-10 08:58:35	1	0	1	0
           460	2023-08-10 11:06:55	1	0	1	0
           425	2023-08-10 11:07:02	1	0	1	0
           387	2023-08-10 11:30:51	1	0	15	0
           581	2023-08-10 11:31:13	1	0	1	0
           533	2023-08-10 11:31:20	1	0	1	0
           223	2023-08-10 11:31:29	1	0	1	0
           366	2023-08-10 11:31:50	1	0	1	0
           576	2023-08-10 11:32:00	1	0	1	0
           196	2023-08-10 11:32:06	1	0	1	0
           224	2023-08-10 11:32:12	1	0	15	0
           385	2023-08-10 11:32:18	1	0	1	0
           559	2023-08-10 11:33:00	1	0	1	0
           582	2023-08-10 11:33:17	1	0	1	0
           422	2023-08-10 11:33:38	1	0	1	0
           475	2023-08-10 11:33:42	1	0	1	0
           119	2023-08-10 11:34:01	1	0	15	0
           425	2023-08-10 11:35:44	1	0	1	0
           460	2023-08-10 11:35:54	1	0	1	0
           352	2023-08-10 12:00:03	1	0	1	0
           581	2023-08-10 12:00:07	1	0	1	0
           397	2023-08-10 12:00:12	1	0	1	0
           473	2023-08-10 12:00:14	1	0	1	0
           562	2023-08-10 12:00:21	1	0	1	0
           571	2023-08-10 12:00:26	1	0	1	0
           366	2023-08-10 12:00:31	1	0	1	0
           453	2023-08-10 12:00:37	1	0	1	0
           568	2023-08-10 12:00:44	1	0	1	0
           582	2023-08-10 12:00:49	1	0	1	0
           118	2023-08-10 12:00:56	1	0	1	0
           249	2023-08-10 12:01:00	1	0	1	0
           536	2023-08-10 12:01:07	1	0	1	0
           527	2023-08-10 12:01:12	1	0	1	0
           125	2023-08-10 12:01:16	1	0	1	0
           121	2023-08-10 12:01:21	1	0	1	0
           576	2023-08-10 12:01:26	1	0	1	0
           525	2023-08-10 12:01:32	1	0	1	0
           472	2023-08-10 12:01:36	1	0	1	0
           387	2023-08-10 12:01:51	1	0	15	0
           422	2023-08-10 12:02:02	1	0	1	0
           196	2023-08-10 12:02:09	1	0	1	0
           385	2023-08-10 12:02:13	1	0	1	0
           224	2023-08-10 12:02:18	1	0	15	0
           471	2023-08-10 12:02:24	1	0	1	0
           575	2023-08-10 12:02:29	1	0	1	0
           502	2023-08-10 12:02:33	1	0	1	0
           556	2023-08-10 12:02:37	1	0	1	0
           547	2023-08-10 12:02:43	1	0	1	0
           331	2023-08-10 12:02:50	1	0	1	0
           551	2023-08-10 12:03:21	1	0	1	0
           511	2023-08-10 12:03:30	1	0	1	0
           493	2023-08-10 12:03:45	1	0	1	0
           241	2023-08-10 12:03:51	1	0	1	0
           570	2023-08-10 12:04:39	1	0	1	0
           403	2023-08-10 12:05:04	1	0	1	0
           338	2023-08-10 12:05:24	1	0	1	0
            91	2023-08-10 12:05:33	1	0	1	0
           404	2023-08-10 12:05:56	1	0	1	0
           476	2023-08-10 12:07:15	1	0	1	0
           348	2023-08-10 12:07:31	1	0	1	0
           194	2023-08-10 12:07:36	1	0	1	0
           410	2023-08-10 12:07:38	1	0	1	0
           475	2023-08-10 12:07:48	1	0	1	0
           119	2023-08-10 12:08:19	1	0	15	0
           355	2023-08-10 12:08:25	1	0	1	0
           520	2023-08-10 12:08:35	1	0	15	0
           530	2023-08-10 12:08:47	1	0	1	0
           259	2023-08-10 12:09:27	1	0	1	0
           101	2023-08-10 12:10:49	1	0	1	0
           467	2023-08-10 12:10:53	1	0	1	0
           252	2023-08-10 12:11:04	1	0	15	0
            43	2023-08-10 12:11:13	1	0	1	0
            69	2023-08-10 12:11:19	1	0	1	0
           492	2023-08-10 12:11:44	1	0	1	0
           513	2023-08-10 12:11:46	1	0	1	0
           398	2023-08-10 12:11:51	1	0	1	0
           516	2023-08-10 12:11:55	1	0	1	0
           370	2023-08-10 12:11:59	1	0	1	0
            40	2023-08-10 12:12:30	1	0	1	0
           335	2023-08-10 12:13:04	1	0	1	0
           583	2023-08-10 12:13:11	1	0	1	0
           580	2023-08-10 12:13:22	1	0	1	0
           559	2023-08-10 12:13:26	1	0	1	0
           579	2023-08-10 12:13:55	1	0	1	0
           374	2023-08-10 12:14:10	1	0	1	0
           573	2023-08-10 12:14:15	1	0	1	0
           546	2023-08-10 12:14:19	1	0	1	0
           114	2023-08-10 12:14:23	1	0	1	0
           541	2023-08-10 12:14:29	1	0	1	0
           312	2023-08-10 12:15:16	1	0	1	0
           149	2023-08-10 12:15:38	1	0	1	0
           568	2023-08-10 12:15:50	1	0	1	0
           473	2023-08-10 12:16:01	1	0	1	0
           118	2023-08-10 12:16:08	1	0	1	0
           205	2023-08-10 12:16:41	1	0	1	0
           414	2023-08-10 12:16:45	1	0	1	0
           434	2023-08-10 12:17:00	1	0	1	0
           265	2023-08-10 12:17:06	1	0	1	0
           413	2023-08-10 12:18:12	1	0	4	0
           556	2023-08-10 12:18:32	1	0	1	0
           527	2023-08-10 12:18:40	1	0	1	0
           536	2023-08-10 12:18:45	1	0	1	0
           472	2023-08-10 12:19:04	1	0	1	0
           471	2023-08-10 12:19:08	1	0	1	0
           540	2023-08-10 12:19:20	1	0	1	0
           403	2023-08-10 12:21:07	1	0	1	0
           404	2023-08-10 12:21:16	1	0	1	0
           525	2023-08-10 12:22:21	1	0	1	0
           241	2023-08-10 12:23:25	1	0	1	0
           529	2023-08-10 12:23:29	1	0	1	0
           200	2023-08-10 12:23:35	1	0	1	0
           410	2023-08-10 12:23:41	1	0	1	0
           249	2023-08-10 12:23:47	1	0	1	0
           121	2023-08-10 12:23:54	1	0	1	0
            91	2023-08-10 12:24:03	1	0	1	0
           399	2023-08-10 12:24:31	1	0	1	0
           574	2023-08-10 12:24:51	1	0	1	0
           355	2023-08-10 12:26:05	1	0	1	0
           476	2023-08-10 12:26:12	1	0	1	0
            69	2023-08-10 12:26:26	1	0	1	0
           259	2023-08-10 12:26:51	1	0	1	0
           516	2023-08-10 12:27:13	1	0	1	0
           492	2023-08-10 12:27:16	1	0	1	0
            43	2023-08-10 12:27:32	1	0	1	0
           579	2023-08-10 12:28:58	1	0	1	0
           546	2023-08-10 12:29:38	1	0	1	0
           374	2023-08-10 12:29:44	1	0	1	0
           573	2023-08-10 12:29:48	1	0	1	0
           541	2023-08-10 12:29:54	1	0	1	0
           114	2023-08-10 12:30:17	1	0	1	0
           511	2023-08-10 12:30:25	1	0	1	0
           352	2023-08-10 12:30:29	1	0	1	0
           467	2023-08-10 12:30:44	1	0	1	0
           571	2023-08-10 12:30:49	1	0	1	0
           530	2023-08-10 12:30:55	1	0	1	0
           520	2023-08-10 12:31:03	1	0	15	0
           562	2023-08-10 12:31:08	1	0	1	0
           252	2023-08-10 12:31:34	1	0	15	0
           361	2023-08-10 12:31:56	1	0	1	0
           182	2023-08-10 12:32:05	1	0	1	0
            39	2023-08-10 12:32:12	1	0	1	0
           417	2023-08-10 12:32:22	1	0	1	0
           335	2023-08-10 12:32:28	1	0	1	0
           145	2023-08-10 12:32:39	1	0	1	0
            40	2023-08-10 12:32:57	1	0	1	0
           493	2023-08-10 12:34:19	1	0	1	0
           453	2023-08-10 12:35:55	1	0	1	0
           312	2023-08-10 12:36:53	1	0	1	0
           265	2023-08-10 12:37:00	1	0	1	0
           551	2023-08-10 12:37:19	1	0	1	0
           513	2023-08-10 12:37:27	1	0	1	0
           125	2023-08-10 12:39:54	1	0	1	0
           101	2023-08-10 12:40:09	1	0	1	0
           348	2023-08-10 12:40:43	1	0	1	0
           370	2023-08-10 12:41:30	1	0	1	0
           397	2023-08-10 12:43:57	1	0	1	0
           574	2023-08-10 12:45:43	1	0	1	0
           529	2023-08-10 12:45:48	1	0	1	0
           194	2023-08-10 12:46:02	1	0	1	0
           547	2023-08-10 12:46:47	1	0	1	0
           583	2023-08-10 12:47:11	1	0	1	0
           200	2023-08-10 12:48:41	1	0	1	0
           361	2023-08-10 12:51:14	1	0	1	0
           149	2023-08-10 12:51:21	1	0	1	0
           417	2023-08-10 12:51:29	1	0	1	0
           502	2023-08-10 12:51:45	1	0	1	0
           575	2023-08-10 12:51:51	1	0	1	0
           145	2023-08-10 12:52:00	1	0	1	0
           331	2023-08-10 12:52:19	1	0	1	0
            39	2023-08-10 12:52:27	1	0	1	0
           580	2023-08-10 12:53:07	1	0	1	0
           533	2023-08-10 12:53:33	1	0	1	0
           223	2023-08-10 12:54:57	1	0	1	0
           413	2023-08-10 12:55:01	1	0	4	0
           434	2023-08-10 12:57:48	1	0	1	0
           182	2023-08-10 12:59:40	1	0	1	0
           540	2023-08-10 13:01:35	1	0	1	0
           485	2023-08-10 13:03:04	1	0	1	0
           485	2023-08-10 13:51:48	1	0	1	0
           567	2023-08-10 14:13:58	1	0	1	0
           107	2023-08-10 14:51:01	1	0	1	0
           124	2023-08-10 15:47:49	1	0	15	0
           418	2023-08-10 16:04:11	1	0	1	0
           460	2023-08-10 16:05:18	1	0	1	0
           425	2023-08-10 16:09:15	1	0	1	0
           562	2023-08-10 17:00:05	1	0	1	0
           581	2023-08-10 17:00:09	1	0	1	0
           397	2023-08-10 17:00:12	1	0	1	0
           399	2023-08-10 17:00:16	1	0	1	0
           582	2023-08-10 17:00:20	1	0	1	0
           551	2023-08-10 17:00:30	1	0	1	0
           387	2023-08-10 17:00:36	1	0	15	0
           568	2023-08-10 17:00:42	1	0	1	0
           571	2023-08-10 17:00:47	1	0	1	0
           546	2023-08-10 17:00:52	1	0	1	0
           559	2023-08-10 17:00:58	1	0	1	0
           398	2023-08-10 17:01:02	1	0	1	0
           475	2023-08-10 17:01:06	1	0	1	0
           366	2023-08-10 17:01:12	1	0	1	0
           576	2023-08-10 17:01:18	1	0	1	0
           335	2023-08-10 17:01:22	1	0	1	0
           101	2023-08-10 17:01:27	1	0	1	0
           422	2023-08-10 17:01:32	1	0	1	0
           223	2023-08-10 17:01:37	1	0	1	0
           541	2023-08-10 17:01:44	1	0	1	0
           579	2023-08-10 17:01:51	1	0	1	0
           125	2023-08-10 17:01:57	1	0	1	0
           471	2023-08-10 17:02:02	1	0	1	0
            39	2023-08-10 17:02:08	1	0	1	0
           149	2023-08-10 17:02:20	1	0	1	0
           118	2023-08-10 17:02:32	1	0	1	0
           472	2023-08-10 17:02:35	1	0	1	0
           533	2023-08-10 17:02:41	1	0	1	0
           374	2023-08-10 17:02:47	1	0	1	0
            66	2023-08-10 17:03:04	1	0	15	0
           473	2023-08-10 17:03:13	1	0	1	0
           395	2023-08-10 17:03:23	1	0	1	0
           530	2023-08-10 17:03:28	1	0	1	0
           520	2023-08-10 17:03:38	1	0	15	0
            40	2023-08-10 17:03:45	1	0	1	0
           114	2023-08-10 17:03:52	1	0	1	0
           476	2023-08-10 17:03:58	1	0	1	0
           513	2023-08-10 17:04:02	1	0	1	0
           352	2023-08-10 17:04:07	1	0	1	0
           417	2023-08-10 17:04:16	1	0	1	0
           493	2023-08-10 17:04:23	1	0	1	0
           540	2023-08-10 17:04:28	1	0	1	0
           385	2023-08-10 17:04:33	1	0	1	0
           573	2023-08-10 17:04:38	1	0	1	0
           410	2023-08-10 17:04:46	1	0	1	0
           196	2023-08-10 17:04:52	1	0	1	0
           224	2023-08-10 17:04:59	1	0	15	0
           361	2023-08-10 17:05:34	1	0	1	0
           434	2023-08-10 17:06:33	1	0	1	0
           119	2023-08-10 17:07:17	1	0	15	0
           575	2023-08-10 17:07:25	1	0	1	0
           403	2023-08-10 17:07:32	1	0	1	0
           502	2023-08-10 17:07:43	1	0	1	0
           547	2023-08-10 17:07:49	1	0	1	0
           536	2023-08-10 17:08:40	1	0	1	0
           249	2023-08-10 17:09:05	1	0	1	0
           121	2023-08-10 17:09:11	1	0	1	0
           348	2023-08-10 17:10:15	1	0	1	0
           511	2023-08-10 17:11:36	1	0	1	0
           527	2023-08-10 17:13:31	1	0	1	0
           556	2023-08-10 17:14:31	1	0	1	0
           580	2023-08-10 17:18:26	1	0	1	0
           259	2023-08-10 17:19:25	1	0	1	0
           529	2023-08-10 17:20:11	1	0	15	0
           574	2023-08-10 17:20:20	1	0	15	0
           331	2023-08-10 17:20:27	1	0	1	0
           105	2023-08-10 17:20:45	1	0	1	0
           338	2023-08-10 17:20:52	1	0	1	0
           408	2023-08-10 17:21:00	1	0	15	0
           525	2023-08-10 17:21:06	1	0	1	0
           312	2023-08-10 17:21:17	1	0	15	0
           182	2023-08-10 17:22:38	1	0	1	0
           583	2023-08-10 17:22:57	1	0	1	0
           194	2023-08-10 17:27:17	1	0	1	0
           265	2023-08-10 17:28:11	1	0	1	0
           413	2023-08-10 17:28:40	1	0	4	0
           404	2023-08-10 17:30:22	1	0	1	0
           370	2023-08-10 17:31:21	1	0	1	0
            43	2023-08-10 17:33:43	1	0	1	0
           453	2023-08-10 17:41:08	1	0	1	0
           529	2023-08-10 17:51:29	1	0	15	0
           444	2023-08-10 17:52:00	1	0	1	0
           574	2023-08-10 17:52:06	1	0	1	0
           404	2023-08-10 17:53:01	1	0	15	0
           513	2023-08-10 17:58:14	1	0	1	0
           467	2023-08-10 18:00:38	1	0	1	0
           485	2023-08-10 18:02:38	1	0	1	0
           355	2023-08-10 18:02:54	1	0	1	0
           401	2023-08-10 18:19:21	1	0	1	0
           414	2023-08-10 18:24:38	1	0	1	0
           241	2023-08-10 18:29:53	1	0	1	0
            91	2023-08-10 18:32:44	1	0	1	0
            69	2023-08-10 18:32:54	1	0	1	0
           145	2023-08-10 18:42:13	1	0	1	0
           492	2023-08-10 18:50:03	1	0	1	0
           252	2023-08-10 19:25:37	1	0	15	0
           444	2023-08-10 21:30:35	1	0	1	0
           305	2023-08-10 21:34:27	1	0	1	0
            70	2023-08-10 22:33:36	1	0	1	0
           516	2023-08-10 22:46:02	1	0	1	0
           107	2023-08-10 23:00:13	1	0	1	0
           513	2023-08-10 23:10:08	1	0	1	0
           404	2023-08-10 23:54:21	1	0	1	0
           529	2023-08-10 23:54:24	1	0	1	0
           574	2023-08-10 23:54:27	1	0	1	0
           335	2023-08-11 05:06:19	1	0	1	0
           305	2023-08-11 06:01:05	1	0	1	0
           241	2023-08-11 06:12:11	1	0	1	0
           124	2023-08-11 06:14:57	1	0	15	0
           387	2023-08-11 06:31:58	1	0	15	0
           529	2023-08-11 06:34:22	1	0	1	0
           574	2023-08-11 06:34:32	1	0	1	0
           422	2023-08-11 06:37:44	1	0	1	0
           196	2023-08-11 06:42:18	1	0	1	0
           224	2023-08-11 06:42:31	1	0	15	0
           119	2023-08-11 06:47:16	1	0	15	0
           540	2023-08-11 06:47:22	1	0	1	0
           385	2023-08-11 06:47:30	1	0	1	0
           414	2023-08-11 06:52:01	1	0	1	0
           425	2023-08-11 06:52:34	1	0	1	0
           395	2023-08-11 06:52:44	1	0	1	0
           460	2023-08-11 06:53:22	1	0	1	0
           366	2023-08-11 06:59:01	1	0	1	0
           576	2023-08-11 06:59:07	1	0	1	0
           200	2023-08-11 07:00:24	1	0	1	0
            70	2023-08-11 07:01:43	1	0	1	0
           559	2023-08-11 07:09:41	1	0	1	0
           223	2023-08-11 07:10:20	1	0	1	0
           533	2023-08-11 07:14:07	1	0	1	0
           581	2023-08-11 07:17:53	1	0	1	0
           473	2023-08-11 07:19:17	1	0	1	0
           348	2023-08-11 07:19:32	1	0	1	0
           453	2023-08-11 07:19:45	1	0	1	0
           259	2023-08-11 07:21:07	1	0	15	0
           493	2023-08-11 07:21:26	1	0	1	0
           582	2023-08-11 07:23:04	1	0	1	0
           408	2023-08-11 07:23:40	1	0	1	0
            43	2023-08-11 07:24:30	1	0	1	0
           123	2023-08-11 07:25:44	1	0	1	0
            39	2023-08-11 07:28:16	1	0	1	0
           252	2023-08-11 07:28:36	1	0	15	0
           149	2023-08-11 07:29:35	1	0	15	0
           145	2023-08-11 07:30:20	1	0	1	0
           101	2023-08-11 07:31:50	1	0	1	0
           418	2023-08-11 07:33:09	1	0	1	0
           467	2023-08-11 07:36:16	1	0	15	0
           355	2023-08-11 07:36:54	1	0	1	0
           338	2023-08-11 07:37:07	1	0	1	0
           205	2023-08-11 07:39:39	1	0	1	0
           571	2023-08-11 07:41:42	1	0	1	0
           397	2023-08-11 07:42:55	1	0	1	0
           331	2023-08-11 07:44:56	1	0	1	0
           546	2023-08-11 07:45:08	1	0	1	0
            66	2023-08-11 07:45:56	1	0	15	0
           527	2023-08-11 07:46:04	1	0	1	0
           118	2023-08-11 07:46:21	1	0	15	0
           434	2023-08-11 07:46:30	1	0	1	0
            69	2023-08-11 07:46:35	1	0	1	0
           541	2023-08-11 07:47:04	1	0	1	0
           465	2023-08-11 07:47:26	1	0	1	0
           562	2023-08-11 07:47:29	1	0	1	0
           570	2023-08-11 07:47:37	1	0	1	0
           547	2023-08-11 07:47:44	1	0	1	0
           502	2023-08-11 07:47:53	1	0	1	0
           105	2023-08-11 07:48:14	1	0	1	0
           575	2023-08-11 07:48:25	1	0	1	0
           374	2023-08-11 07:49:00	1	0	1	0
           404	2023-08-11 07:49:42	1	0	1	0
           568	2023-08-11 07:50:20	1	0	1	0
           583	2023-08-11 07:50:47	1	0	1	0
           520	2023-08-11 07:51:21	1	0	15	0
           114	2023-08-11 07:51:26	1	0	1	0
           370	2023-08-11 07:51:47	1	0	1	0
           556	2023-08-11 07:52:04	1	0	1	0
           471	2023-08-11 07:52:21	1	0	1	0
           472	2023-08-11 07:52:25	1	0	1	0
           417	2023-08-11 07:53:18	1	0	1	0
           403	2023-08-11 07:53:28	1	0	1	0
           413	2023-08-11 07:53:29	1	0	4	0
           375	2023-08-11 07:54:57	1	0	1	0
           265	2023-08-11 07:55:01	1	0	1	0
           361	2023-08-11 07:55:05	1	0	1	0
           551	2023-08-11 07:55:32	1	0	1	0
            40	2023-08-11 07:55:46	1	0	1	0
           476	2023-08-11 07:55:51	1	0	1	0
           194	2023-08-11 07:56:49	1	0	1	0
           121	2023-08-11 07:57:15	1	0	1	0
           398	2023-08-11 07:57:23	1	0	1	0
           405	2023-08-11 07:57:28	1	0	1	0
           399	2023-08-11 07:57:34	1	0	1	0
           516	2023-08-11 07:58:40	1	0	1	0
           312	2023-08-11 07:59:26	1	0	1	0
           249	2023-08-11 07:59:35	1	0	1	0
           475	2023-08-11 08:00:29	1	0	1	0
           401	2023-08-11 08:05:08	1	0	1	0
           125	2023-08-11 08:05:14	1	0	1	0
           182	2023-08-11 08:05:43	1	0	1	0
           536	2023-08-11 08:05:58	1	0	1	0
           513	2023-08-11 08:07:11	1	0	1	0
           184	2023-08-11 08:11:14	1	0	1	0
           580	2023-08-11 08:41:32	1	0	1	0
           485	2023-08-11 08:53:35	1	0	1	0
           425	2023-08-11 11:08:17	1	0	1	0
           460	2023-08-11 11:08:28	1	0	1	0
           223	2023-08-11 11:30:12	1	0	1	0
           123	2023-08-11 11:30:19	1	0	1	0
           224	2023-08-11 11:30:27	1	0	15	0
           422	2023-08-11 11:30:35	1	0	1	0
           582	2023-08-11 11:30:51	1	0	1	0
           581	2023-08-11 11:30:55	1	0	1	0
           119	2023-08-11 11:32:02	1	0	15	0
           559	2023-08-11 11:32:07	1	0	1	0
           533	2023-08-11 11:32:24	1	0	1	0
           366	2023-08-11 11:32:32	1	0	1	0
           387	2023-08-11 11:32:59	1	0	15	0
           576	2023-08-11 11:33:04	1	0	1	0
           196	2023-08-11 11:33:11	1	0	1	0
           385	2023-08-11 11:33:18	1	0	1	0
           460	2023-08-11 11:37:59	1	0	1	0
           425	2023-08-11 11:38:03	1	0	1	0
           562	2023-08-11 12:00:04	1	0	1	0
           397	2023-08-11 12:00:09	1	0	1	0
           581	2023-08-11 12:00:14	1	0	1	0
           536	2023-08-11 12:00:18	1	0	1	0
           527	2023-08-11 12:00:22	1	0	1	0
           123	2023-08-11 12:00:27	1	0	1	0
           224	2023-08-11 12:00:33	1	0	15	0
           582	2023-08-11 12:00:38	1	0	15	0
           398	2023-08-11 12:00:45	1	0	1	0
            40	2023-08-11 12:00:56	1	0	1	0
           513	2023-08-11 12:01:06	1	0	1	0
           568	2023-08-11 12:01:11	1	0	1	0
           249	2023-08-11 12:01:18	1	0	15	0
           121	2023-08-11 12:01:25	1	0	1	0
           571	2023-08-11 12:01:33	1	0	1	0
           403	2023-08-11 12:01:39	1	0	1	0
           493	2023-08-11 12:01:50	1	0	1	0
           453	2023-08-11 12:01:56	1	0	1	0
           149	2023-08-11 12:02:03	1	0	1	0
           556	2023-08-11 12:02:11	1	0	1	0
           422	2023-08-11 12:02:20	1	0	1	0
           196	2023-08-11 12:02:27	1	0	1	0
           385	2023-08-11 12:02:31	1	0	1	0
           387	2023-08-11 12:02:34	1	0	15	0
           355	2023-08-11 12:02:40	1	0	1	0
           576	2023-08-11 12:02:47	1	0	1	0
           551	2023-08-11 12:02:56	1	0	1	0
           559	2023-08-11 12:03:05	1	0	1	0
           348	2023-08-11 12:03:15	1	0	1	0
           366	2023-08-11 12:03:21	1	0	1	0
           119	2023-08-11 12:03:49	1	0	15	0
           125	2023-08-11 12:03:56	1	0	1	0
           570	2023-08-11 12:04:03	1	0	1	0
           520	2023-08-11 12:04:13	1	0	15	0
           370	2023-08-11 12:04:21	1	0	1	0
           200	2023-08-11 12:04:47	1	0	1	0
           194	2023-08-11 12:04:55	1	0	1	0
           471	2023-08-11 12:04:58	1	0	1	0
           259	2023-08-11 12:05:03	1	0	1	0
           473	2023-08-11 12:05:09	1	0	1	0
           118	2023-08-11 12:05:16	1	0	1	0
           472	2023-08-11 12:05:20	1	0	1	0
           252	2023-08-11 12:05:24	1	0	1	0
            69	2023-08-11 12:05:30	1	0	1	0
           413	2023-08-11 12:05:32	1	0	4	0
           265	2023-08-11 12:05:36	1	0	1	0
           476	2023-08-11 12:05:59	1	0	1	0
           312	2023-08-11 12:06:22	1	0	1	0
           205	2023-08-11 12:08:23	1	0	1	0
           465	2023-08-11 12:08:34	1	0	1	0
           414	2023-08-11 12:08:39	1	0	1	0
           580	2023-08-11 12:08:59	1	0	1	0
           502	2023-08-11 12:09:19	1	0	1	0
           575	2023-08-11 12:09:26	1	0	1	0
           583	2023-08-11 12:09:40	1	0	1	0
           335	2023-08-11 12:09:59	1	0	1	0
           547	2023-08-11 12:10:08	1	0	1	0
            39	2023-08-11 12:10:35	1	0	1	0
           536	2023-08-11 12:15:30	1	0	1	0
           527	2023-08-11 12:15:35	1	0	1	0
           405	2023-08-11 12:16:10	1	0	1	0
           568	2023-08-11 12:16:21	1	0	1	0
           375	2023-08-11 12:16:54	1	0	1	0
           417	2023-08-11 12:17:02	1	0	1	0
           556	2023-08-11 12:17:37	1	0	1	0
           467	2023-08-11 12:18:30	1	0	1	0
           546	2023-08-11 12:18:36	1	0	1	0
           551	2023-08-11 12:19:05	1	0	1	0
           574	2023-08-11 12:19:13	1	0	1	0
           361	2023-08-11 12:19:37	1	0	1	0
           529	2023-08-11 12:19:50	1	0	1	0
           370	2023-08-11 12:20:01	1	0	1	0
           473	2023-08-11 12:20:33	1	0	1	0
           472	2023-08-11 12:20:45	1	0	1	0
           184	2023-08-11 12:20:54	1	0	1	0
           182	2023-08-11 12:20:58	1	0	1	0
           471	2023-08-11 12:21:07	1	0	1	0
           118	2023-08-11 12:21:17	1	0	1	0
           571	2023-08-11 12:21:52	1	0	1	0
           413	2023-08-11 12:21:54	1	0	4	0
           348	2023-08-11 12:22:00	1	0	1	0
           516	2023-08-11 12:22:42	1	0	1	0
           434	2023-08-11 12:22:59	1	0	1	0
            69	2023-08-11 12:23:10	1	0	1	0
           121	2023-08-11 12:24:08	1	0	1	0
           249	2023-08-11 12:24:14	1	0	1	0
           205	2023-08-11 12:24:53	1	0	1	0
           338	2023-08-11 12:25:05	1	0	1	0
           540	2023-08-11 12:25:57	1	0	1	0
           414	2023-08-11 12:26:09	1	0	1	0
            39	2023-08-11 12:26:44	1	0	1	0
           335	2023-08-11 12:26:49	1	0	1	0
           465	2023-08-11 12:27:03	1	0	1	0
           520	2023-08-11 12:28:02	1	0	15	0
           403	2023-08-11 12:28:53	1	0	1	0
           101	2023-08-11 12:29:52	1	0	1	0
            40	2023-08-11 12:30:12	1	0	1	0
           476	2023-08-11 12:30:40	1	0	1	0
           312	2023-08-11 12:31:43	1	0	1	0
           259	2023-08-11 12:32:30	1	0	1	0
           493	2023-08-11 12:33:22	1	0	1	0
           467	2023-08-11 12:34:12	1	0	1	0
           546	2023-08-11 12:34:21	1	0	1	0
           374	2023-08-11 12:34:26	1	0	1	0
           541	2023-08-11 12:34:31	1	0	1	0
           114	2023-08-11 12:34:34	1	0	1	0
           405	2023-08-11 12:34:41	1	0	1	0
           375	2023-08-11 12:34:50	1	0	1	0
           361	2023-08-11 12:35:04	1	0	1	0
           105	2023-08-11 12:35:19	1	0	1	0
           417	2023-08-11 12:35:25	1	0	1	0
           149	2023-08-11 12:37:14	1	0	1	0
           453	2023-08-11 12:37:45	1	0	1	0
           265	2023-08-11 12:39:10	1	0	1	0
           252	2023-08-11 12:39:40	1	0	15	0
           397	2023-08-11 12:39:54	1	0	1	0
           562	2023-08-11 12:39:57	1	0	1	0
           516	2023-08-11 12:40:03	1	0	1	0
           404	2023-08-11 12:41:14	1	0	1	0
           547	2023-08-11 12:41:20	1	0	1	0
           145	2023-08-11 12:42:36	1	0	1	0
           401	2023-08-11 12:42:43	1	0	15	0
           513	2023-08-11 12:43:45	1	0	1	0
           502	2023-08-11 12:44:10	1	0	1	0
           575	2023-08-11 12:44:16	1	0	1	0
           184	2023-08-11 12:44:26	1	0	1	0
           182	2023-08-11 12:44:37	1	0	1	0
           200	2023-08-11 12:44:45	1	0	1	0
           194	2023-08-11 12:44:54	1	0	1	0
           574	2023-08-11 12:49:23	1	0	1	0
           570	2023-08-11 12:49:39	1	0	1	0
           114	2023-08-11 12:50:13	1	0	1	0
           541	2023-08-11 12:50:23	1	0	1	0
           374	2023-08-11 12:50:34	1	0	15	0
           434	2023-08-11 12:50:40	1	0	1	0
           529	2023-08-11 12:50:45	1	0	1	0
           101	2023-08-11 12:51:21	1	0	1	0
           125	2023-08-11 12:51:31	1	0	1	0
           583	2023-08-11 12:52:03	1	0	1	0
           223	2023-08-11 12:52:33	1	0	1	0
           355	2023-08-11 12:53:45	1	0	1	0
           540	2023-08-11 12:54:09	1	0	1	0
           580	2023-08-11 12:54:14	1	0	1	0
           533	2023-08-11 12:56:04	1	0	1	0
           401	2023-08-11 13:00:35	1	0	1	0
           145	2023-08-11 13:00:40	1	0	1	0
           485	2023-08-11 13:00:49	1	0	1	0
           485	2023-08-11 13:21:04	1	0	1	0
           107	2023-08-11 13:50:25	1	0	1	0
           124	2023-08-11 14:10:38	1	0	15	0
           305	2023-08-11 14:33:12	1	0	1	0
           425	2023-08-11 16:02:24	1	0	1	0
           460	2023-08-11 16:03:28	1	0	1	0
           418	2023-08-11 16:08:38	1	0	1	0
           473	2023-08-11 17:00:05	1	0	1	0
           581	2023-08-11 17:00:09	1	0	1	0
           265	2023-08-11 17:00:15	1	0	1	0
           387	2023-08-11 17:00:20	1	0	15	0
           422	2023-08-11 17:00:24	1	0	1	0
           472	2023-08-11 17:00:29	1	0	1	0
           471	2023-08-11 17:00:33	1	0	1	0
           101	2023-08-11 17:00:37	1	0	1	0
           568	2023-08-11 17:00:42	1	0	1	0
           149	2023-08-11 17:00:56	1	0	1	0
           536	2023-08-11 17:01:03	1	0	1	0
           118	2023-08-11 17:01:09	1	0	1	0
           398	2023-08-11 17:01:13	1	0	1	0
           582	2023-08-11 17:01:17	1	0	1	0
           475	2023-08-11 17:01:22	1	0	1	0
           533	2023-08-11 17:01:28	1	0	1	0
           576	2023-08-11 17:01:38	1	0	1	0
           562	2023-08-11 17:01:42	1	0	1	0
           397	2023-08-11 17:01:46	1	0	1	0
            39	2023-08-11 17:01:55	1	0	1	0
           559	2023-08-11 17:02:00	1	0	1	0
           366	2023-08-11 17:02:08	1	0	1	0
           223	2023-08-11 17:02:12	1	0	1	0
           571	2023-08-11 17:02:18	1	0	1	0
           348	2023-08-11 17:02:25	1	0	1	0
           123	2023-08-11 17:02:39	1	0	1	0
           513	2023-08-11 17:03:03	1	0	1	0
           405	2023-08-11 17:03:17	1	0	1	0
           417	2023-08-11 17:03:29	1	0	1	0
           375	2023-08-11 17:03:35	1	0	1	0
           249	2023-08-11 17:03:59	1	0	1	0
           556	2023-08-11 17:04:16	1	0	1	0
           119	2023-08-11 17:04:35	1	0	15	0
           434	2023-08-11 17:04:42	1	0	1	0
           224	2023-08-11 17:04:47	1	0	15	0
           331	2023-08-11 17:05:04	1	0	1	0
           570	2023-08-11 17:05:14	1	0	1	0
           374	2023-08-11 17:05:32	1	0	1	0
           403	2023-08-11 17:05:44	1	0	1	0
           546	2023-08-11 17:05:59	1	0	1	0
           541	2023-08-11 17:06:03	1	0	1	0
           125	2023-08-11 17:06:17	1	0	1	0
           114	2023-08-11 17:06:37	1	0	1	0
           520	2023-08-11 17:06:46	1	0	15	0
           259	2023-08-11 17:07:48	1	0	1	0
           476	2023-08-11 17:08:04	1	0	1	0
           385	2023-08-11 17:08:13	1	0	1	0
           527	2023-08-11 17:08:17	1	0	1	0
           196	2023-08-11 17:08:24	1	0	1	0
           540	2023-08-11 17:09:06	1	0	1	0
           370	2023-08-11 17:09:37	1	0	1	0
           361	2023-08-11 17:16:42	1	0	1	0
           121	2023-08-11 17:17:35	1	0	1	0
           529	2023-08-11 17:21:17	1	0	1	0
            69	2023-08-11 17:21:25	1	0	1	0
           312	2023-08-11 17:23:13	1	0	1	0
           338	2023-08-11 17:23:18	1	0	1	0
           105	2023-08-11 17:23:24	1	0	1	0
           408	2023-08-11 17:23:31	1	0	1	0
           404	2023-08-11 17:29:01	1	0	1	0
           583	2023-08-11 17:30:19	1	0	1	0
           399	2023-08-11 17:30:34	1	0	1	0
           194	2023-08-11 17:31:38	1	0	1	0
           413	2023-08-11 17:33:53	1	0	4	0
           467	2023-08-11 17:38:38	1	0	1	0
           414	2023-08-11 17:47:49	1	0	1	0
           401	2023-08-11 17:50:55	1	0	15	0
            40	2023-08-11 17:57:47	1	0	1	0
           404	2023-08-11 18:00:17	1	0	1	0
           395	2023-08-11 18:00:46	1	0	1	0
           574	2023-08-11 18:00:50	1	0	1	0
           355	2023-08-11 18:01:53	1	0	1	0
           252	2023-08-11 18:02:24	1	0	15	0
           485	2023-08-11 18:03:39	1	0	1	0
           547	2023-08-11 18:10:21	1	0	1	0
           502	2023-08-11 18:10:30	1	0	1	0
           575	2023-08-11 18:10:42	1	0	1	0
           145	2023-08-11 18:23:19	1	0	1	0
           241	2023-08-11 18:24:33	1	0	1	0
            43	2023-08-11 18:27:05	1	0	1	0
           465	2023-08-11 18:28:00	1	0	1	0
           493	2023-08-11 18:41:11	1	0	1	0
           335	2023-08-11 18:56:55	1	0	1	0
           200	2023-08-11 19:13:44	1	0	1	0
           453	2023-08-11 20:02:16	1	0	1	0
           182	2023-08-11 20:11:31	1	0	1	0
           574	2023-08-11 20:29:53	1	0	1	0
            70	2023-08-11 21:45:11	1	0	1	0
           107	2023-08-11 22:00:14	1	0	1	0
           205	2023-08-11 22:05:30	1	0	1	0
           516	2023-08-11 22:31:43	1	0	1	0
           305	2023-08-11 23:00:06	1	0	1	0
            70	2023-08-12 06:00:13	1	0	1	0
           107	2023-08-12 06:50:28	1	0	1	0
           418	2023-08-12 07:17:39	1	0	1	0
           485	2023-08-12 07:56:42	1	0	1	0
           485	2023-08-12 12:00:43	1	0	1	0
           485	2023-08-12 12:43:23	1	0	1	0
           305	2023-08-12 13:26:35	1	0	1	0
           107	2023-08-12 15:00:11	1	0	1	0
           418	2023-08-12 16:00:50	1	0	1	0
           485	2023-08-12 17:08:58	1	0	1	0
           567	2023-08-12 21:37:28	1	0	1	0
           305	2023-08-12 22:00:39	1	0	1	0
           107	2023-08-13 05:54:40	1	0	1	0
           567	2023-08-13 06:01:02	1	0	1	0
           305	2023-08-13 06:46:08	1	0	1	0
           107	2023-08-13 14:00:29	1	0	1	0
            70	2023-08-13 14:06:26	1	0	1	0
           305	2023-08-13 15:00:20	1	0	1	0
           567	2023-08-13 21:38:44	1	0	1	0
            70	2023-08-13 22:00:12	1	0	15	0
           124	2023-08-13 22:15:42	1	0	15	0
           305	2023-08-14 05:45:52	1	0	1	0
           567	2023-08-14 06:00:13	1	0	1	0
           182	2023-08-14 06:31:55	1	0	1	0
           422	2023-08-14 06:35:06	1	0	1	0
           395	2023-08-14 06:35:17	1	0	1	0
           413	2023-08-14 06:47:34	1	0	4	0
           196	2023-08-14 06:48:06	1	0	1	0
           224	2023-08-14 06:48:17	1	0	15	0
           119	2023-08-14 06:48:30	1	0	15	0
            70	2023-08-14 06:48:49	1	0	1	0
           387	2023-08-14 06:52:36	1	0	15	0
           124	2023-08-14 07:01:31	1	0	15	0
           425	2023-08-14 07:03:30	1	0	1	0
           575	2023-08-14 07:03:50	1	0	1	0
           460	2023-08-14 07:04:21	1	0	1	0
           398	2023-08-14 07:05:02	1	0	1	0
           465	2023-08-14 07:08:13	1	0	1	0
            43	2023-08-14 07:08:51	1	0	1	0
           582	2023-08-14 07:09:02	1	0	1	0
           101	2023-08-14 07:10:09	1	0	1	0
           366	2023-08-14 07:12:37	1	0	1	0
           265	2023-08-14 07:12:43	1	0	1	0
           576	2023-08-14 07:12:47	1	0	1	0
           566	2023-08-14 07:13:33	1	0	1	0
           581	2023-08-14 07:13:36	1	0	1	0
           559	2023-08-14 07:14:14	1	0	1	0
           473	2023-08-14 07:14:44	1	0	1	0
           443	2023-08-14 07:15:14	1	0	1	0
           533	2023-08-14 07:16:00	1	0	1	0
           223	2023-08-14 07:17:06	1	0	1	0
            91	2023-08-14 07:17:34	1	0	1	0
           405	2023-08-14 07:18:39	1	0	1	0
           352	2023-08-14 07:22:05	1	0	1	0
           573	2023-08-14 07:23:00	1	0	1	0
           123	2023-08-14 07:24:00	1	0	1	0
           546	2023-08-14 07:24:16	1	0	1	0
           348	2023-08-14 07:24:37	1	0	1	0
           453	2023-08-14 07:24:48	1	0	1	0
           149	2023-08-14 07:28:13	1	0	15	0
           540	2023-08-14 07:30:05	1	0	15	0
           492	2023-08-14 07:33:05	1	0	1	0
           418	2023-08-14 07:33:12	1	0	1	0
           361	2023-08-14 07:36:43	1	0	1	0
           118	2023-08-14 07:36:50	1	0	1	0
           556	2023-08-14 07:37:50	1	0	1	0
           570	2023-08-14 07:37:58	1	0	1	0
            39	2023-08-14 07:38:07	1	0	1	0
           397	2023-08-14 07:38:27	1	0	1	0
           414	2023-08-14 07:38:32	1	0	1	0
           574	2023-08-14 07:38:42	1	0	1	0
           547	2023-08-14 07:39:33	1	0	1	0
           502	2023-08-14 07:39:38	1	0	1	0
            66	2023-08-14 07:39:49	1	0	15	0
           516	2023-08-14 07:39:54	1	0	1	0
           374	2023-08-14 07:40:37	1	0	1	0
           571	2023-08-14 07:40:43	1	0	1	0
           434	2023-08-14 07:40:54	1	0	1	0
           375	2023-08-14 07:41:30	1	0	1	0
           472	2023-08-14 07:42:05	1	0	1	0
           530	2023-08-14 07:42:11	1	0	1	0
           471	2023-08-14 07:42:16	1	0	1	0
           259	2023-08-14 07:42:55	1	0	1	0
           338	2023-08-14 07:43:01	1	0	1	0
           355	2023-08-14 07:43:12	1	0	1	0
           363	2023-08-14 07:43:56	1	0	1	0
           527	2023-08-14 07:44:14	1	0	1	0
           241	2023-08-14 07:44:42	1	0	1	0
           579	2023-08-14 07:48:39	1	0	1	0
           205	2023-08-14 07:48:45	1	0	1	0
           145	2023-08-14 07:48:53	1	0	1	0
            69	2023-08-14 07:48:59	1	0	1	0
           493	2023-08-14 07:49:06	1	0	1	0
           562	2023-08-14 07:49:22	1	0	1	0
           105	2023-08-14 07:49:30	1	0	1	0
           404	2023-08-14 07:49:34	1	0	1	0
           417	2023-08-14 07:50:16	1	0	15	0
           476	2023-08-14 07:51:15	1	0	1	0
           536	2023-08-14 07:51:23	1	0	1	0
           525	2023-08-14 07:53:43	1	0	1	0
           511	2023-08-14 07:54:08	1	0	1	0
           568	2023-08-14 07:54:33	1	0	1	0
           200	2023-08-14 07:54:53	1	0	1	0
           444	2023-08-14 07:55:04	1	0	1	0
           551	2023-08-14 07:56:30	1	0	1	0
           249	2023-08-14 07:56:41	1	0	1	0
           331	2023-08-14 07:57:45	1	0	1	0
            40	2023-08-14 07:59:07	1	0	1	0
           403	2023-08-14 07:59:15	1	0	1	0
           399	2023-08-14 07:59:21	1	0	1	0
           529	2023-08-14 07:59:25	1	0	1	0
           513	2023-08-14 07:59:30	1	0	1	0
           252	2023-08-14 08:01:10	1	0	15	0
           335	2023-08-14 08:01:42	1	0	1	0
           370	2023-08-14 08:04:48	1	0	1	0
           125	2023-08-14 08:06:18	1	0	1	0
           312	2023-08-14 08:07:01	1	0	1	0
           360	2023-08-14 08:09:41	1	0	1	0
           401	2023-08-14 08:17:13	1	0	15	0
           410	2023-08-14 08:26:31	1	0	1	0
           485	2023-08-14 08:54:05	1	0	1	0
           460	2023-08-14 11:10:24	1	0	1	0
           425	2023-08-14 11:16:26	1	0	1	0
           581	2023-08-14 11:30:27	1	0	1	0
           224	2023-08-14 11:30:32	1	0	15	0
           582	2023-08-14 11:30:38	1	0	1	0
           223	2023-08-14 11:30:43	1	0	1	0
           559	2023-08-14 11:30:50	1	0	1	0
           566	2023-08-14 11:30:58	1	0	1	0
           576	2023-08-14 11:31:05	1	0	1	0
           123	2023-08-14 11:31:18	1	0	1	0
           366	2023-08-14 11:31:26	1	0	1	0
           360	2023-08-14 11:31:33	1	0	1	0
           422	2023-08-14 11:32:10	1	0	15	0
           533	2023-08-14 11:32:16	1	0	1	0
           119	2023-08-14 11:32:23	1	0	15	0
           196	2023-08-14 11:33:31	1	0	1	0
           387	2023-08-14 11:33:58	1	0	15	0
           443	2023-08-14 11:41:21	1	0	1	0
           425	2023-08-14 11:47:51	1	0	1	0
           460	2023-08-14 11:47:58	1	0	1	0
           562	2023-08-14 12:00:07	1	0	1	0
           570	2023-08-14 12:00:13	1	0	1	0
           125	2023-08-14 12:00:16	1	0	1	0
           473	2023-08-14 12:00:20	1	0	1	0
           582	2023-08-14 12:00:25	1	0	1	0
           366	2023-08-14 12:00:35	1	0	1	0
           568	2023-08-14 12:00:43	1	0	1	0
           387	2023-08-14 12:01:10	1	0	15	0
           398	2023-08-14 12:01:17	1	0	1	0
           397	2023-08-14 12:01:21	1	0	1	0
           422	2023-08-14 12:01:27	1	0	1	0
           196	2023-08-14 12:01:33	1	0	1	0
           119	2023-08-14 12:01:41	1	0	15	0
           123	2023-08-14 12:01:47	1	0	1	0
           224	2023-08-14 12:01:54	1	0	15	0
           559	2023-08-14 12:01:58	1	0	1	0
           576	2023-08-14 12:02:11	1	0	1	0
           571	2023-08-14 12:02:17	1	0	1	0
           453	2023-08-14 12:02:25	1	0	1	0
            69	2023-08-14 12:02:31	1	0	1	0
           476	2023-08-14 12:02:36	1	0	1	0
           331	2023-08-14 12:02:41	1	0	1	0
           352	2023-08-14 12:02:47	1	0	1	0
           410	2023-08-14 12:03:02	1	0	1	0
           551	2023-08-14 12:03:06	1	0	1	0
           511	2023-08-14 12:03:12	1	0	1	0
           249	2023-08-14 12:03:15	1	0	1	0
           540	2023-08-14 12:03:21	1	0	1	0
           493	2023-08-14 12:03:25	1	0	1	0
           513	2023-08-14 12:03:30	1	0	1	0
            40	2023-08-14 12:03:35	1	0	1	0
           265	2023-08-14 12:03:41	1	0	1	0
           574	2023-08-14 12:03:47	1	0	1	0
           403	2023-08-14 12:03:52	1	0	1	0
           348	2023-08-14 12:04:00	1	0	1	0
           118	2023-08-14 12:04:13	1	0	1	0
           579	2023-08-14 12:04:18	1	0	1	0
           546	2023-08-14 12:04:23	1	0	1	0
           573	2023-08-14 12:04:28	1	0	1	0
           374	2023-08-14 12:04:34	1	0	1	0
           525	2023-08-14 12:04:40	1	0	1	0
           443	2023-08-14 12:04:46	1	0	1	0
           547	2023-08-14 12:04:58	1	0	1	0
           259	2023-08-14 12:05:21	1	0	1	0
           399	2023-08-14 12:05:39	1	0	1	0
           471	2023-08-14 12:05:45	1	0	1	0
           502	2023-08-14 12:06:00	1	0	1	0
           149	2023-08-14 12:07:44	1	0	1	0
           360	2023-08-14 12:07:50	1	0	1	0
            91	2023-08-14 12:07:56	1	0	1	0
           241	2023-08-14 12:08:02	1	0	1	0
           370	2023-08-14 12:08:29	1	0	1	0
           527	2023-08-14 12:10:14	1	0	1	0
           338	2023-08-14 12:10:35	1	0	1	0
           472	2023-08-14 12:10:53	1	0	1	0
           355	2023-08-14 12:11:11	1	0	1	0
           312	2023-08-14 12:11:30	1	0	1	0
           530	2023-08-14 12:12:27	1	0	1	0
           401	2023-08-14 12:12:56	1	0	15	0
           556	2023-08-14 12:13:04	1	0	1	0
           492	2023-08-14 12:13:19	1	0	1	0
           568	2023-08-14 12:16:03	1	0	1	0
           536	2023-08-14 12:16:08	1	0	1	0
           252	2023-08-14 12:16:37	1	0	15	0
           444	2023-08-14 12:17:42	1	0	1	0
           529	2023-08-14 12:17:46	1	0	1	0
           551	2023-08-14 12:18:14	1	0	1	0
           513	2023-08-14 12:18:43	1	0	1	0
           205	2023-08-14 12:18:53	1	0	1	0
           414	2023-08-14 12:19:09	1	0	1	0
           465	2023-08-14 12:19:15	1	0	1	0
           335	2023-08-14 12:19:56	1	0	1	0
           105	2023-08-14 12:20:31	1	0	1	0
           525	2023-08-14 12:20:43	1	0	1	0
           546	2023-08-14 12:20:48	1	0	1	0
           579	2023-08-14 12:20:54	1	0	1	0
           511	2023-08-14 12:20:58	1	0	1	0
           374	2023-08-14 12:21:02	1	0	1	0
           573	2023-08-14 12:21:09	1	0	1	0
           434	2023-08-14 12:21:17	1	0	1	0
           562	2023-08-14 12:21:22	1	0	1	0
           574	2023-08-14 12:21:41	1	0	1	0
           352	2023-08-14 12:21:44	1	0	1	0
           476	2023-08-14 12:21:49	1	0	1	0
           410	2023-08-14 12:21:54	1	0	1	0
           473	2023-08-14 12:21:59	1	0	1	0
           118	2023-08-14 12:22:06	1	0	1	0
           471	2023-08-14 12:22:09	1	0	1	0
           200	2023-08-14 12:23:02	1	0	1	0
           194	2023-08-14 12:23:11	1	0	1	0
           403	2023-08-14 12:23:20	1	0	1	0
           540	2023-08-14 12:23:29	1	0	1	0
            43	2023-08-14 12:23:40	1	0	1	0
           101	2023-08-14 12:24:35	1	0	1	0
           404	2023-08-14 12:24:42	1	0	1	0
           547	2023-08-14 12:25:09	1	0	1	0
            69	2023-08-14 12:25:15	1	0	1	0
           149	2023-08-14 12:25:25	1	0	1	0
           502	2023-08-14 12:25:32	1	0	1	0
           259	2023-08-14 12:25:57	1	0	1	0
           516	2023-08-14 12:26:12	1	0	1	0
           472	2023-08-14 12:26:18	1	0	1	0
           575	2023-08-14 12:26:24	1	0	1	0
            91	2023-08-14 12:26:32	1	0	1	0
           241	2023-08-14 12:26:36	1	0	1	0
           249	2023-08-14 12:26:43	1	0	1	0
           413	2023-08-14 12:28:25	1	0	4	0
           405	2023-08-14 12:28:34	1	0	1	0
           375	2023-08-14 12:28:47	1	0	1	0
           401	2023-08-14 12:29:20	1	0	15	0
           265	2023-08-14 12:29:33	1	0	1	0
           492	2023-08-14 12:30:34	1	0	1	0
            39	2023-08-14 12:30:41	1	0	1	0
           453	2023-08-14 12:31:23	1	0	1	0
           493	2023-08-14 12:31:29	1	0	1	0
           530	2023-08-14 12:31:54	1	0	1	0
           536	2023-08-14 12:32:20	1	0	1	0
           556	2023-08-14 12:33:36	1	0	1	0
           205	2023-08-14 12:34:25	1	0	1	0
           465	2023-08-14 12:34:43	1	0	1	0
           335	2023-08-14 12:36:19	1	0	1	0
           252	2023-08-14 12:37:14	1	0	15	0
           182	2023-08-14 12:38:16	1	0	1	0
           348	2023-08-14 12:40:04	1	0	1	0
           145	2023-08-14 12:40:16	1	0	1	0
           361	2023-08-14 12:41:23	1	0	1	0
           417	2023-08-14 12:41:33	1	0	15	0
           363	2023-08-14 12:41:43	1	0	1	0
           355	2023-08-14 12:41:48	1	0	1	0
           370	2023-08-14 12:41:55	1	0	1	0
            43	2023-08-14 12:43:02	1	0	1	0
           397	2023-08-14 12:44:35	1	0	1	0
           571	2023-08-14 12:44:54	1	0	1	0
           413	2023-08-14 12:44:58	1	0	4	0
           125	2023-08-14 12:45:18	1	0	1	0
           570	2023-08-14 12:45:29	1	0	1	0
           375	2023-08-14 12:46:05	1	0	1	0
           405	2023-08-14 12:46:11	1	0	1	0
           121	2023-08-14 12:46:19	1	0	1	0
           581	2023-08-14 12:46:32	1	0	1	0
           566	2023-08-14 12:47:00	1	0	1	0
            39	2023-08-14 12:47:11	1	0	1	0
            40	2023-08-14 12:50:07	1	0	1	0
           575	2023-08-14 12:51:02	1	0	1	0
           529	2023-08-14 12:52:33	1	0	1	0
           404	2023-08-14 12:52:41	1	0	1	0
           444	2023-08-14 12:52:44	1	0	1	0
           194	2023-08-14 12:52:48	1	0	1	0
           200	2023-08-14 12:52:57	1	0	1	0
           527	2023-08-14 12:53:07	1	0	1	0
           312	2023-08-14 12:53:20	1	0	1	0
           533	2023-08-14 12:54:21	1	0	1	0
           434	2023-08-14 12:56:09	1	0	1	0
           361	2023-08-14 12:56:58	1	0	1	0
           223	2023-08-14 12:57:07	1	0	1	0
           363	2023-08-14 12:57:12	1	0	1	0
           417	2023-08-14 12:57:26	1	0	15	0
           516	2023-08-14 12:58:39	1	0	15	0
           331	2023-08-14 12:58:53	1	0	1	0
           485	2023-08-14 13:11:04	1	0	1	0
           485	2023-08-14 13:28:54	1	0	1	0
           305	2023-08-14 14:01:31	1	0	1	0
           567	2023-08-14 14:52:04	1	0	1	0
            70	2023-08-14 15:00:23	1	0	1	0
           418	2023-08-14 16:01:59	1	0	1	0
           460	2023-08-14 16:08:34	1	0	1	0
           425	2023-08-14 16:08:38	1	0	1	0
           584	2023-08-14 16:58:48	1	0	1	0
           585	2023-08-14 16:59:46	1	0	1	0
           586	2023-08-14 17:00:20	1	0	1	0
           397	2023-08-14 17:00:28	1	0	1	0
           387	2023-08-14 17:00:34	1	0	15	0
           422	2023-08-14 17:00:40	1	0	1	0
           331	2023-08-14 17:00:56	1	0	1	0
           562	2023-08-14 17:01:00	1	0	1	0
            39	2023-08-14 17:01:04	1	0	1	0
           571	2023-08-14 17:01:10	1	0	1	0
           568	2023-08-14 17:01:16	1	0	1	0
           471	2023-08-14 17:01:25	1	0	1	0
           405	2023-08-14 17:01:30	1	0	1	0
           375	2023-08-14 17:01:39	1	0	1	0
           536	2023-08-14 17:01:44	1	0	1	0
           149	2023-08-14 17:01:51	1	0	1	0
           101	2023-08-14 17:01:58	1	0	1	0
           348	2023-08-14 17:02:10	1	0	1	0
           473	2023-08-14 17:02:17	1	0	1	0
           399	2023-08-14 17:02:22	1	0	1	0
           513	2023-08-14 17:02:26	1	0	1	0
           252	2023-08-14 17:02:34	1	0	15	0
           566	2023-08-14 17:02:39	1	0	1	0
           581	2023-08-14 17:02:42	1	0	1	0
           223	2023-08-14 17:02:47	1	0	1	0
           559	2023-08-14 17:02:53	1	0	1	0
           576	2023-08-14 17:02:58	1	0	1	0
           582	2023-08-14 17:03:03	1	0	1	0
           527	2023-08-14 17:03:08	1	0	1	0
           366	2023-08-14 17:03:13	1	0	1	0
            66	2023-08-14 17:03:19	1	0	15	0
           493	2023-08-14 17:03:28	1	0	1	0
           352	2023-08-14 17:03:32	1	0	1	0
           476	2023-08-14 17:03:39	1	0	1	0
           118	2023-08-14 17:03:45	1	0	1	0
           472	2023-08-14 17:03:50	1	0	1	0
           533	2023-08-14 17:04:00	1	0	1	0
           145	2023-08-14 17:04:04	1	0	1	0
           540	2023-08-14 17:04:08	1	0	1	0
           196	2023-08-14 17:04:14	1	0	1	0
           410	2023-08-14 17:04:26	1	0	1	0
           570	2023-08-14 17:04:31	1	0	1	0
           502	2023-08-14 17:04:37	1	0	1	0
           575	2023-08-14 17:04:45	1	0	1	0
           374	2023-08-14 17:04:49	1	0	1	0
           224	2023-08-14 17:05:02	1	0	15	0
           547	2023-08-14 17:05:08	1	0	1	0
           443	2023-08-14 17:05:16	1	0	1	0
           511	2023-08-14 17:05:21	1	0	1	0
           119	2023-08-14 17:05:29	1	0	15	0
           259	2023-08-14 17:05:37	1	0	15	0
           546	2023-08-14 17:05:46	1	0	1	0
           403	2023-08-14 17:05:58	1	0	1	0
           573	2023-08-14 17:06:48	1	0	1	0
           579	2023-08-14 17:06:55	1	0	1	0
           530	2023-08-14 17:07:45	1	0	1	0
           363	2023-08-14 17:08:03	1	0	1	0
           361	2023-08-14 17:08:09	1	0	1	0
           417	2023-08-14 17:08:31	1	0	1	0
           249	2023-08-14 17:08:55	1	0	1	0
           121	2023-08-14 17:09:00	1	0	1	0
           589	2023-08-14 17:10:01	1	0	1	0
           395	2023-08-14 17:10:41	1	0	1	0
           123	2023-08-14 17:11:05	1	0	1	0
           125	2023-08-14 17:11:11	1	0	1	0
           556	2023-08-14 17:13:20	1	0	1	0
           360	2023-08-14 17:14:53	1	0	15	0
            40	2023-08-14 17:15:27	1	0	1	0
           434	2023-08-14 17:22:07	1	0	1	0
           241	2023-08-14 17:26:12	1	0	1	0
           194	2023-08-14 17:26:50	1	0	1	0
           370	2023-08-14 17:28:15	1	0	1	0
            91	2023-08-14 17:29:05	1	0	1	0
            69	2023-08-14 17:29:33	1	0	1	0
            43	2023-08-14 17:40:26	1	0	1	0
           338	2023-08-14 17:43:33	1	0	1	0
           529	2023-08-14 17:43:49	1	0	1	0
           444	2023-08-14 17:43:55	1	0	1	0
           525	2023-08-14 17:44:41	1	0	1	0
           404	2023-08-14 17:50:17	1	0	1	0
           551	2023-08-14 17:51:47	1	0	1	0
           398	2023-08-14 17:52:29	1	0	1	0
           312	2023-08-14 17:55:10	1	0	1	0
           485	2023-08-14 18:02:12	1	0	1	0
           355	2023-08-14 18:02:19	1	0	1	0
           401	2023-08-14 18:06:05	1	0	1	0
           574	2023-08-14 18:20:16	1	0	1	0
           413	2023-08-14 18:34:55	1	0	4	0
           335	2023-08-14 18:36:06	1	0	1	0
           265	2023-08-14 18:48:06	1	0	1	0
           414	2023-08-14 19:07:16	1	0	1	0
           465	2023-08-14 20:03:38	1	0	1	0
           492	2023-08-14 20:08:41	1	0	1	0
           516	2023-08-14 20:08:49	1	0	1	0
           453	2023-08-14 21:05:51	1	0	1	0
           182	2023-08-14 21:16:01	1	0	1	0
           124	2023-08-14 21:56:19	1	0	15	0
           529	2023-08-14 22:16:44	1	0	1	0
           567	2023-08-14 23:00:51	1	0	1	0
           200	2023-08-14 23:17:06	1	0	1	0
           444	2023-08-14 23:17:12	1	0	1	0
           404	2023-08-14 23:17:15	1	0	1	0
           124	2023-08-15 06:00:12	1	0	15	0
            70	2023-08-15 06:16:10	1	0	15	0
           196	2023-08-15 06:35:48	1	0	1	0
           224	2023-08-15 06:36:00	1	0	15	0
           119	2023-08-15 06:36:18	1	0	15	0
           422	2023-08-15 06:39:16	1	0	15	0
           387	2023-08-15 06:40:22	1	0	15	0
           398	2023-08-15 06:45:09	1	0	1	0
           395	2023-08-15 06:48:56	1	0	1	0
           443	2023-08-15 06:49:49	1	0	1	0
           385	2023-08-15 06:58:13	1	0	1	0
           425	2023-08-15 07:00:54	1	0	1	0
           460	2023-08-15 07:03:57	1	0	1	0
           540	2023-08-15 07:04:03	1	0	1	0
           366	2023-08-15 07:04:20	1	0	1	0
           576	2023-08-15 07:04:28	1	0	1	0
           556	2023-08-15 07:04:38	1	0	1	0
           582	2023-08-15 07:05:56	1	0	1	0
           574	2023-08-15 07:07:05	1	0	1	0
           559	2023-08-15 07:07:26	1	0	1	0
            39	2023-08-15 07:11:10	1	0	1	0
            66	2023-08-15 07:12:33	1	0	15	0
           566	2023-08-15 07:13:09	1	0	1	0
           581	2023-08-15 07:13:15	1	0	1	0
           533	2023-08-15 07:13:37	1	0	1	0
           223	2023-08-15 07:17:29	1	0	1	0
           123	2023-08-15 07:18:45	1	0	1	0
           585	2023-08-15 07:18:58	1	0	1	0
           352	2023-08-15 07:19:33	1	0	1	0
            91	2023-08-15 07:21:09	1	0	1	0
           418	2023-08-15 07:21:58	1	0	1	0
           348	2023-08-15 07:22:17	1	0	1	0
           149	2023-08-15 07:23:21	1	0	15	0
           586	2023-08-15 07:23:31	1	0	1	0
           453	2023-08-15 07:24:24	1	0	1	0
           194	2023-08-15 07:25:28	1	0	1	0
           355	2023-08-15 07:25:34	1	0	1	0
           335	2023-08-15 07:26:06	1	0	1	0
           397	2023-08-15 07:27:01	1	0	1	0
           101	2023-08-15 07:30:45	1	0	1	0
           444	2023-08-15 07:31:13	1	0	1	0
           573	2023-08-15 07:33:55	1	0	1	0
           579	2023-08-15 07:34:01	1	0	1	0
           434	2023-08-15 07:35:26	1	0	1	0
           584	2023-08-15 07:36:30	1	0	1	0
           118	2023-08-15 07:38:00	1	0	15	0
           493	2023-08-15 07:38:17	1	0	1	0
           571	2023-08-15 07:41:12	1	0	1	0
           259	2023-08-15 07:41:20	1	0	1	0
           252	2023-08-15 07:41:50	1	0	15	0
           530	2023-08-15 07:42:03	1	0	1	0
           472	2023-08-15 07:42:24	1	0	1	0
           471	2023-08-15 07:42:31	1	0	1	0
           145	2023-08-15 07:42:38	1	0	1	0
           408	2023-08-15 07:45:13	1	0	1	0
           121	2023-08-15 07:45:18	1	0	1	0
           575	2023-08-15 07:45:25	1	0	1	0
           516	2023-08-15 07:45:50	1	0	1	0
           547	2023-08-15 07:46:08	1	0	1	0
           502	2023-08-15 07:46:14	1	0	1	0
           568	2023-08-15 07:46:41	1	0	1	0
           492	2023-08-15 07:47:04	1	0	1	0
           105	2023-08-15 07:48:42	1	0	15	0
           404	2023-08-15 07:48:47	1	0	1	0
           417	2023-08-15 07:49:01	1	0	1	0
           370	2023-08-15 07:49:10	1	0	1	0
           465	2023-08-15 07:49:22	1	0	1	0
           265	2023-08-15 07:49:28	1	0	1	0
           125	2023-08-15 07:49:44	1	0	1	0
           475	2023-08-15 07:51:26	1	0	1	0
           546	2023-08-15 07:51:35	1	0	1	0
           403	2023-08-15 07:51:58	1	0	1	0
           527	2023-08-15 07:52:09	1	0	1	0
           529	2023-08-15 07:52:16	1	0	1	0
           570	2023-08-15 07:52:36	1	0	1	0
           374	2023-08-15 07:52:43	1	0	1	0
            43	2023-08-15 07:52:59	1	0	1	0
           338	2023-08-15 07:53:02	1	0	1	0
           331	2023-08-15 07:53:05	1	0	1	0
            69	2023-08-15 07:53:14	1	0	1	0
           551	2023-08-15 07:53:24	1	0	1	0
           249	2023-08-15 07:54:35	1	0	1	0
           476	2023-08-15 07:54:51	1	0	1	0
           200	2023-08-15 07:55:15	1	0	1	0
           511	2023-08-15 07:56:56	1	0	1	0
           360	2023-08-15 07:57:03	1	0	1	0
           413	2023-08-15 07:57:25	1	0	4	0
           525	2023-08-15 07:57:42	1	0	1	0
           399	2023-08-15 07:57:50	1	0	1	0
           589	2023-08-15 07:58:01	1	0	1	0
           363	2023-08-15 07:58:25	1	0	1	0
            40	2023-08-15 07:58:33	1	0	1	0
           241	2023-08-15 07:58:55	1	0	1	0
           401	2023-08-15 08:01:42	1	0	1	0
           205	2023-08-15 08:02:13	1	0	1	0
           536	2023-08-15 08:02:18	1	0	1	0
           513	2023-08-15 08:03:13	1	0	1	0
           473	2023-08-15 08:03:20	1	0	1	0
           361	2023-08-15 08:05:03	1	0	1	0
           410	2023-08-15 08:06:32	1	0	1	0
           312	2023-08-15 08:09:37	1	0	1	0
           184	2023-08-15 08:16:15	1	0	1	0
           485	2023-08-15 08:47:02	1	0	1	0
           425	2023-08-15 11:03:17	1	0	1	0
           460	2023-08-15 11:03:26	1	0	1	0
           581	2023-08-15 11:30:03	1	0	1	0
           566	2023-08-15 11:30:07	1	0	1	0
           360	2023-08-15 11:30:10	1	0	1	0
           559	2023-08-15 11:30:14	1	0	1	0
           576	2023-08-15 11:30:24	1	0	1	0
           475	2023-08-15 11:30:29	1	0	1	0
           224	2023-08-15 11:30:37	1	0	15	0
           366	2023-08-15 11:30:44	1	0	1	0
           443	2023-08-15 11:31:11	1	0	1	0
           582	2023-08-15 11:31:16	1	0	1	0
           123	2023-08-15 11:31:23	1	0	1	0
           223	2023-08-15 11:31:29	1	0	1	0
           422	2023-08-15 11:31:36	1	0	15	0
           395	2023-08-15 11:31:43	1	0	1	0
           119	2023-08-15 11:31:50	1	0	15	0
           533	2023-08-15 11:31:56	1	0	1	0
           387	2023-08-15 11:32:09	1	0	15	0
           196	2023-08-15 11:32:31	1	0	1	0
           385	2023-08-15 11:32:36	1	0	1	0
           460	2023-08-15 11:45:06	1	0	1	0
           425	2023-08-15 11:45:16	1	0	1	0
           397	2023-08-15 12:00:04	1	0	1	0
           196	2023-08-15 12:00:10	1	0	1	0
           385	2023-08-15 12:00:14	1	0	1	0
           422	2023-08-15 12:00:30	1	0	15	0
           366	2023-08-15 12:00:36	1	0	1	0
           395	2023-08-15 12:00:43	1	0	1	0
           387	2023-08-15 12:00:51	1	0	15	0
           568	2023-08-15 12:00:58	1	0	1	0
           556	2023-08-15 12:01:02	1	0	1	0
           582	2023-08-15 12:01:07	1	0	1	0
           123	2023-08-15 12:01:13	1	0	1	0
           443	2023-08-15 12:01:18	1	0	1	0
            40	2023-08-15 12:01:24	1	0	1	0
           584	2023-08-15 12:01:29	1	0	1	0
           513	2023-08-15 12:01:34	1	0	1	0
           575	2023-08-15 12:01:39	1	0	1	0
           559	2023-08-15 12:01:46	1	0	1	0
           224	2023-08-15 12:01:52	1	0	15	0
           249	2023-08-15 12:01:58	1	0	1	0
           121	2023-08-15 12:02:04	1	0	1	0
           589	2023-08-15 12:02:08	1	0	1	0
            39	2023-08-15 12:02:16	1	0	1	0
           551	2023-08-15 12:02:23	1	0	1	0
           331	2023-08-15 12:03:28	1	0	1	0
           576	2023-08-15 12:03:39	1	0	1	0
           119	2023-08-15 12:03:47	1	0	15	0
           471	2023-08-15 12:03:53	1	0	1	0
           472	2023-08-15 12:03:58	1	0	1	0
           398	2023-08-15 12:04:10	1	0	1	0
           125	2023-08-15 12:04:16	1	0	1	0
           570	2023-08-15 12:04:25	1	0	1	0
           149	2023-08-15 12:04:30	1	0	1	0
           527	2023-08-15 12:04:36	1	0	1	0
           536	2023-08-15 12:04:43	1	0	1	0
           493	2023-08-15 12:04:49	1	0	1	0
            43	2023-08-15 12:05:07	1	0	1	0
           571	2023-08-15 12:05:14	1	0	1	0
           546	2023-08-15 12:05:22	1	0	1	0
           374	2023-08-15 12:05:31	1	0	1	0
           573	2023-08-15 12:05:36	1	0	1	0
           579	2023-08-15 12:05:45	1	0	1	0
           360	2023-08-15 12:05:52	1	0	1	0
           434	2023-08-15 12:05:58	1	0	1	0
           547	2023-08-15 12:07:02	1	0	1	0
           473	2023-08-15 12:07:24	1	0	1	0
           403	2023-08-15 12:08:01	1	0	1	0
           475	2023-08-15 12:08:06	1	0	1	0
           352	2023-08-15 12:08:27	1	0	1	0
           476	2023-08-15 12:08:32	1	0	1	0
           540	2023-08-15 12:08:36	1	0	1	0
           586	2023-08-15 12:08:44	1	0	1	0
           410	2023-08-15 12:08:50	1	0	1	0
           101	2023-08-15 12:09:00	1	0	1	0
           118	2023-08-15 12:10:07	1	0	1	0
           529	2023-08-15 12:10:26	1	0	1	0
           338	2023-08-15 12:10:30	1	0	1	0
            69	2023-08-15 12:10:38	1	0	1	0
           194	2023-08-15 12:12:24	1	0	1	0
           444	2023-08-15 12:12:30	1	0	1	0
           252	2023-08-15 12:12:58	1	0	15	0
           355	2023-08-15 12:13:05	1	0	1	0
           370	2023-08-15 12:13:24	1	0	1	0
            91	2023-08-15 12:13:38	1	0	1	0
           241	2023-08-15 12:13:43	1	0	1	0
           574	2023-08-15 12:13:53	1	0	1	0
           312	2023-08-15 12:14:27	1	0	1	0
           525	2023-08-15 12:15:20	1	0	1	0
           404	2023-08-15 12:15:44	1	0	1	0
           105	2023-08-15 12:15:52	1	0	1	0
           568	2023-08-15 12:16:00	1	0	1	0
           205	2023-08-15 12:16:11	1	0	1	0
           414	2023-08-15 12:16:18	1	0	1	0
           465	2023-08-15 12:16:27	1	0	1	0
           530	2023-08-15 12:16:56	1	0	1	0
           556	2023-08-15 12:17:06	1	0	1	0
           492	2023-08-15 12:17:23	1	0	1	0
           551	2023-08-15 12:17:37	1	0	1	0
           516	2023-08-15 12:17:46	1	0	1	0
           348	2023-08-15 12:17:56	1	0	1	0
           575	2023-08-15 12:18:37	1	0	1	0
           511	2023-08-15 12:19:14	1	0	1	0
           453	2023-08-15 12:19:38	1	0	1	0
           536	2023-08-15 12:19:52	1	0	1	0
           182	2023-08-15 12:20:28	1	0	1	0
           546	2023-08-15 12:21:00	1	0	1	0
           579	2023-08-15 12:21:07	1	0	1	0
           374	2023-08-15 12:21:18	1	0	1	0
           573	2023-08-15 12:21:30	1	0	1	0
           352	2023-08-15 12:24:00	1	0	1	0
           410	2023-08-15 12:24:06	1	0	1	0
           540	2023-08-15 12:24:12	1	0	1	0
           586	2023-08-15 12:24:17	1	0	1	0
           471	2023-08-15 12:24:22	1	0	1	0
           473	2023-08-15 12:24:25	1	0	1	0
           472	2023-08-15 12:24:28	1	0	1	0
           408	2023-08-15 12:24:51	1	0	1	0
           434	2023-08-15 12:26:18	1	0	1	0
           476	2023-08-15 12:26:50	1	0	1	0
           118	2023-08-15 12:28:44	1	0	1	0
           241	2023-08-15 12:28:59	1	0	1	0
           403	2023-08-15 12:29:06	1	0	1	0
           249	2023-08-15 12:29:10	1	0	1	0
           513	2023-08-15 12:29:17	1	0	1	0
           121	2023-08-15 12:29:21	1	0	1	0
           589	2023-08-15 12:29:29	1	0	1	0
           355	2023-08-15 12:29:34	1	0	1	0
           585	2023-08-15 12:29:41	1	0	1	0
            69	2023-08-15 12:29:48	1	0	1	0
           413	2023-08-15 12:30:11	1	0	4	0
           570	2023-08-15 12:31:16	1	0	1	0
           414	2023-08-15 12:31:31	1	0	1	0
           465	2023-08-15 12:31:45	1	0	1	0
            91	2023-08-15 12:32:25	1	0	1	0
           525	2023-08-15 12:33:05	1	0	1	0
           516	2023-08-15 12:33:23	1	0	1	0
           492	2023-08-15 12:33:53	1	0	1	0
           511	2023-08-15 12:35:00	1	0	1	0
           252	2023-08-15 12:35:25	1	0	15	0
           363	2023-08-15 12:35:35	1	0	1	0
           530	2023-08-15 12:35:54	1	0	1	0
           194	2023-08-15 12:36:15	1	0	1	0
           502	2023-08-15 12:36:23	1	0	1	0
           571	2023-08-15 12:38:33	1	0	1	0
           125	2023-08-15 12:38:40	1	0	1	0
           529	2023-08-15 12:39:08	1	0	1	0
           493	2023-08-15 12:39:13	1	0	1	0
           200	2023-08-15 12:39:59	1	0	1	0
           547	2023-08-15 12:40:08	1	0	1	0
           574	2023-08-15 12:40:20	1	0	1	0
           408	2023-08-15 12:41:59	1	0	1	0
           105	2023-08-15 12:42:11	1	0	1	0
           397	2023-08-15 12:42:16	1	0	1	0
           361	2023-08-15 12:43:26	1	0	1	0
           417	2023-08-15 12:43:32	1	0	1	0
           149	2023-08-15 12:46:20	1	0	1	0
           566	2023-08-15 12:46:29	1	0	1	0
           413	2023-08-15 12:46:39	1	0	4	0
           581	2023-08-15 12:46:45	1	0	1	0
           444	2023-08-15 12:46:50	1	0	1	0
           348	2023-08-15 12:46:58	1	0	1	0
            43	2023-08-15 12:47:06	1	0	1	0
           404	2023-08-15 12:50:46	1	0	1	0
           399	2023-08-15 12:51:03	1	0	1	0
           145	2023-08-15 12:51:51	1	0	1	0
           370	2023-08-15 12:51:58	1	0	1	0
           401	2023-08-15 12:52:04	1	0	1	0
           223	2023-08-15 12:52:34	1	0	1	0
           502	2023-08-15 12:52:40	1	0	1	0
           453	2023-08-15 12:53:46	1	0	1	0
            40	2023-08-15 12:54:11	1	0	1	0
           585	2023-08-15 12:54:22	1	0	1	0
           182	2023-08-15 12:55:26	1	0	1	0
           584	2023-08-15 12:56:03	1	0	1	0
           527	2023-08-15 12:56:17	1	0	1	0
           533	2023-08-15 12:56:36	1	0	1	0
           363	2023-08-15 12:57:47	1	0	1	0
           101	2023-08-15 12:58:02	1	0	1	0
           417	2023-08-15 12:58:35	1	0	1	0
           361	2023-08-15 12:59:40	1	0	1	0
           331	2023-08-15 13:02:32	1	0	1	0
           485	2023-08-15 13:03:25	1	0	1	0
           485	2023-08-15 13:36:05	1	0	1	0
           567	2023-08-15 13:56:05	1	0	1	0
            70	2023-08-15 14:01:29	1	0	15	0
           124	2023-08-15 14:03:12	1	0	15	0
           418	2023-08-15 16:00:10	1	0	1	0
           425	2023-08-15 16:02:40	1	0	15	0
           460	2023-08-15 16:02:56	1	0	1	0
           556	2023-08-15 16:27:30	1	0	1	0
           331	2023-08-15 17:00:08	1	0	1	0
           397	2023-08-15 17:00:13	1	0	1	0
           443	2023-08-15 17:00:23	1	0	1	0
           387	2023-08-15 17:00:34	1	0	15	0
           422	2023-08-15 17:00:40	1	0	1	0
           502	2023-08-15 17:00:51	1	0	1	0
           493	2023-08-15 17:00:55	1	0	1	0
           582	2023-08-15 17:01:04	1	0	1	0
           149	2023-08-15 17:01:10	1	0	1	0
           101	2023-08-15 17:01:16	1	0	1	0
           348	2023-08-15 17:01:21	1	0	1	0
           568	2023-08-15 17:01:28	1	0	1	0
           573	2023-08-15 17:01:33	1	0	1	0
           395	2023-08-15 17:01:40	1	0	1	0
           581	2023-08-15 17:01:46	1	0	1	0
           453	2023-08-15 17:01:51	1	0	1	0
           559	2023-08-15 17:01:58	1	0	1	0
           366	2023-08-15 17:02:04	1	0	1	0
           223	2023-08-15 17:02:10	1	0	1	0
           576	2023-08-15 17:02:15	1	0	1	0
           566	2023-08-15 17:02:19	1	0	1	0
           475	2023-08-15 17:02:26	1	0	1	0
           182	2023-08-15 17:02:37	1	0	1	0
           533	2023-08-15 17:03:34	1	0	1	0
           513	2023-08-15 17:03:39	1	0	1	0
           571	2023-08-15 17:03:43	1	0	1	0
           530	2023-08-15 17:03:50	1	0	1	0
            66	2023-08-15 17:03:58	1	0	15	0
           547	2023-08-15 17:04:05	1	0	1	0
           417	2023-08-15 17:04:18	1	0	15	0
           471	2023-08-15 17:04:25	1	0	1	0
           472	2023-08-15 17:04:28	1	0	1	0
           118	2023-08-15 17:04:36	1	0	1	0
           473	2023-08-15 17:04:41	1	0	1	0
           527	2023-08-15 17:04:45	1	0	1	0
           194	2023-08-15 17:04:51	1	0	1	0
           529	2023-08-15 17:04:55	1	0	1	0
           570	2023-08-15 17:05:01	1	0	1	0
           125	2023-08-15 17:05:06	1	0	1	0
           121	2023-08-15 17:05:10	1	0	1	0
           249	2023-08-15 17:05:15	1	0	1	0
           589	2023-08-15 17:05:21	1	0	1	0
           584	2023-08-15 17:05:27	1	0	1	0
           404	2023-08-15 17:05:32	1	0	1	0
           403	2023-08-15 17:05:38	1	0	1	0
           123	2023-08-15 17:05:48	1	0	1	0
           119	2023-08-15 17:05:55	1	0	15	0
           511	2023-08-15 17:06:01	1	0	1	0
           363	2023-08-15 17:06:20	1	0	1	0
           360	2023-08-15 17:06:26	1	0	1	0
           476	2023-08-15 17:06:30	1	0	1	0
           224	2023-08-15 17:06:38	1	0	15	0
           352	2023-08-15 17:06:42	1	0	1	0
           540	2023-08-15 17:06:47	1	0	1	0
           586	2023-08-15 17:06:55	1	0	1	0
           410	2023-08-15 17:07:00	1	0	1	0
           574	2023-08-15 17:07:05	1	0	1	0
           536	2023-08-15 17:07:10	1	0	1	0
           444	2023-08-15 17:07:25	1	0	1	0
           196	2023-08-15 17:07:40	1	0	1	0
           385	2023-08-15 17:07:44	1	0	1	0
           370	2023-08-15 17:08:08	1	0	1	0
           546	2023-08-15 17:09:10	1	0	1	0
           374	2023-08-15 17:09:24	1	0	1	0
           579	2023-08-15 17:10:38	1	0	1	0
           241	2023-08-15 17:13:51	1	0	1	0
           399	2023-08-15 17:14:34	1	0	1	0
           434	2023-08-15 17:14:40	1	0	1	0
           585	2023-08-15 17:15:56	1	0	1	0
            40	2023-08-15 17:16:31	1	0	1	0
           516	2023-08-15 17:18:23	1	0	1	0
            69	2023-08-15 17:18:39	1	0	1	0
            91	2023-08-15 17:20:16	1	0	1	0
           401	2023-08-15 17:25:14	1	0	1	0
           398	2023-08-15 17:28:20	1	0	1	0
           105	2023-08-15 17:30:10	1	0	1	0
           259	2023-08-15 17:38:28	1	0	1	0
           413	2023-08-15 17:41:36	1	0	4	0
           529	2023-08-15 17:43:30	1	0	1	0
           252	2023-08-15 17:48:50	1	0	15	0
            43	2023-08-15 17:51:30	1	0	1	0
           338	2023-08-15 17:59:56	1	0	1	0
           408	2023-08-15 18:00:00	1	0	1	0
           312	2023-08-15 18:00:08	1	0	1	0
           404	2023-08-15 18:00:13	1	0	1	0
           525	2023-08-15 18:00:17	1	0	1	0
           444	2023-08-15 18:00:31	1	0	1	0
           355	2023-08-15 18:02:06	1	0	1	0
           485	2023-08-15 18:02:12	1	0	1	0
           205	2023-08-15 18:17:11	1	0	1	0
           575	2023-08-15 18:27:07	1	0	1	0
           551	2023-08-15 18:58:23	1	0	1	0
           492	2023-08-15 19:25:00	1	0	1	0
           465	2023-08-15 19:28:10	1	0	1	0
           567	2023-08-15 22:01:34	1	0	1	0
           444	2023-08-15 22:16:35	1	0	1	0
           404	2023-08-15 22:17:13	1	0	1	0
           529	2023-08-15 22:17:22	1	0	1	0
           200	2023-08-15 22:17:33	1	0	1	0
           107	2023-08-15 22:47:57	1	0	1	0
           124	2023-08-15 23:00:10	1	0	15	0
           395	2023-08-16 06:20:41	1	0	1	0
           422	2023-08-16 06:35:48	1	0	1	0
           196	2023-08-16 06:40:28	1	0	1	0
           387	2023-08-16 06:40:54	1	0	15	0
           119	2023-08-16 06:41:04	1	0	15	0
           224	2023-08-16 06:41:21	1	0	15	0
           567	2023-08-16 06:42:19	1	0	1	0
           385	2023-08-16 06:56:41	1	0	1	0
           360	2023-08-16 06:56:48	1	0	1	0
           398	2023-08-16 06:57:10	1	0	1	0
           101	2023-08-16 06:57:17	1	0	1	0
           573	2023-08-16 07:00:12	1	0	1	0
           107	2023-08-16 07:00:19	1	0	1	0
           366	2023-08-16 07:02:55	1	0	1	0
           576	2023-08-16 07:03:04	1	0	1	0
           335	2023-08-16 07:07:28	1	0	1	0
           566	2023-08-16 07:09:39	1	0	1	0
           581	2023-08-16 07:09:44	1	0	1	0
           408	2023-08-16 07:09:47	1	0	1	0
           559	2023-08-16 07:15:02	1	0	1	0
           410	2023-08-16 07:15:12	1	0	1	0
           533	2023-08-16 07:18:58	1	0	1	0
           149	2023-08-16 07:20:13	1	0	15	0
           123	2023-08-16 07:20:33	1	0	1	0
            91	2023-08-16 07:22:06	1	0	1	0
           492	2023-08-16 07:23:15	1	0	1	0
           223	2023-08-16 07:23:34	1	0	1	0
           570	2023-08-16 07:24:03	1	0	1	0
           586	2023-08-16 07:24:22	1	0	1	0
           584	2023-08-16 07:24:27	1	0	1	0
           348	2023-08-16 07:26:10	1	0	1	0
           453	2023-08-16 07:27:35	1	0	1	0
            66	2023-08-16 07:28:58	1	0	15	0
           352	2023-08-16 07:29:09	1	0	1	0
           434	2023-08-16 07:33:58	1	0	1	0
            43	2023-08-16 07:34:10	1	0	1	0
           556	2023-08-16 07:34:18	1	0	1	0
           579	2023-08-16 07:34:36	1	0	1	0
           525	2023-08-16 07:35:00	1	0	1	0
           575	2023-08-16 07:35:11	1	0	1	0
           444	2023-08-16 07:38:36	1	0	1	0
           397	2023-08-16 07:39:19	1	0	1	0
           589	2023-08-16 07:39:27	1	0	1	0
           259	2023-08-16 07:39:53	1	0	1	0
           513	2023-08-16 07:40:13	1	0	1	0
           418	2023-08-16 07:40:31	1	0	1	0
           121	2023-08-16 07:40:43	1	0	1	0
           540	2023-08-16 07:44:35	1	0	1	0
           502	2023-08-16 07:44:58	1	0	1	0
           547	2023-08-16 07:45:02	1	0	1	0
           118	2023-08-16 07:45:39	1	0	1	0
           370	2023-08-16 07:46:03	1	0	1	0
           571	2023-08-16 07:46:23	1	0	1	0
           331	2023-08-16 07:46:47	1	0	1	0
           338	2023-08-16 07:47:23	1	0	1	0
           105	2023-08-16 07:48:08	1	0	1	0
           404	2023-08-16 07:48:13	1	0	1	0
           475	2023-08-16 07:48:20	1	0	1	0
            69	2023-08-16 07:48:31	1	0	1	0
           472	2023-08-16 07:48:40	1	0	1	0
           471	2023-08-16 07:48:46	1	0	1	0
           527	2023-08-16 07:48:59	1	0	1	0
           194	2023-08-16 07:50:18	1	0	1	0
           414	2023-08-16 07:50:25	1	0	1	0
           493	2023-08-16 07:51:45	1	0	1	0
           476	2023-08-16 07:52:05	1	0	1	0
           465	2023-08-16 07:52:31	1	0	1	0
           205	2023-08-16 07:53:00	1	0	1	0
           546	2023-08-16 07:53:07	1	0	1	0
           200	2023-08-16 07:53:15	1	0	1	0
           417	2023-08-16 07:53:52	1	0	1	0
           568	2023-08-16 07:53:59	1	0	1	0
           551	2023-08-16 07:54:02	1	0	1	0
           585	2023-08-16 07:54:32	1	0	1	0
           374	2023-08-16 07:54:48	1	0	1	0
           511	2023-08-16 07:55:52	1	0	1	0
           536	2023-08-16 07:56:24	1	0	1	0
           403	2023-08-16 07:57:08	1	0	1	0
           399	2023-08-16 07:58:09	1	0	1	0
           125	2023-08-16 07:59:14	1	0	1	0
           401	2023-08-16 07:59:47	1	0	1	0
           312	2023-08-16 08:00:10	1	0	1	0
           252	2023-08-16 08:00:44	1	0	15	0
            40	2023-08-16 08:00:58	1	0	1	0
           529	2023-08-16 08:01:16	1	0	1	0
           413	2023-08-16 08:03:39	1	0	4	0
           241	2023-08-16 08:08:12	1	0	1	0
           182	2023-08-16 08:09:06	1	0	1	0
           516	2023-08-16 08:16:20	1	0	1	0
           562	2023-08-16 08:35:09	1	0	1	0
            27	2023-08-16 08:41:23	1	0	15	0
           184	2023-08-16 08:42:12	1	0	1	0
           360	2023-08-16 11:30:05	1	0	1	0
           387	2023-08-16 11:30:13	1	0	15	0
           422	2023-08-16 11:30:21	1	0	1	0
           559	2023-08-16 11:30:24	1	0	1	0
           475	2023-08-16 11:30:32	1	0	1	0
           576	2023-08-16 11:30:41	1	0	1	0
           224	2023-08-16 11:30:47	1	0	15	0
           395	2023-08-16 11:30:56	1	0	1	0
           366	2023-08-16 11:31:50	1	0	1	0
           223	2023-08-16 11:32:31	1	0	1	0
           123	2023-08-16 11:32:38	1	0	1	0
           566	2023-08-16 11:32:46	1	0	1	0
           581	2023-08-16 11:32:48	1	0	1	0
           533	2023-08-16 11:32:55	1	0	1	0
           119	2023-08-16 11:33:12	1	0	15	0
           196	2023-08-16 11:33:36	1	0	1	0
           385	2023-08-16 11:33:47	1	0	1	0
           360	2023-08-16 11:53:29	1	0	15	0
           241	2023-08-16 12:00:03	1	0	1	0
           259	2023-08-16 12:00:08	1	0	1	0
           397	2023-08-16 12:00:12	1	0	1	0
           562	2023-08-16 12:00:17	1	0	1	0
            91	2023-08-16 12:00:49	1	0	1	0
            27	2023-08-16 12:01:04	1	0	15	0
           536	2023-08-16 12:01:10	1	0	1	0
           527	2023-08-16 12:01:15	1	0	1	0
           568	2023-08-16 12:01:19	1	0	1	0
           556	2023-08-16 12:01:27	1	0	1	0
           366	2023-08-16 12:01:32	1	0	1	0
           224	2023-08-16 12:01:37	1	0	15	0
           453	2023-08-16 12:01:45	1	0	1	0
           422	2023-08-16 12:01:51	1	0	1	0
           387	2023-08-16 12:01:59	1	0	15	0
           385	2023-08-16 12:02:04	1	0	1	0
           576	2023-08-16 12:02:10	1	0	1	0
           370	2023-08-16 12:02:17	1	0	1	0
           184	2023-08-16 12:02:22	1	0	1	0
           182	2023-08-16 12:02:39	1	0	1	0
           476	2023-08-16 12:02:44	1	0	1	0
           546	2023-08-16 12:02:49	1	0	1	0
           579	2023-08-16 12:02:53	1	0	1	0
           573	2023-08-16 12:02:57	1	0	1	0
           374	2023-08-16 12:03:02	1	0	1	0
            69	2023-08-16 12:03:05	1	0	1	0
           348	2023-08-16 12:03:10	1	0	1	0
           331	2023-08-16 12:03:16	1	0	1	0
           312	2023-08-16 12:03:21	1	0	1	0
           472	2023-08-16 12:03:25	1	0	1	0
           118	2023-08-16 12:03:30	1	0	1	0
           471	2023-08-16 12:03:39	1	0	1	0
           413	2023-08-16 12:03:41	1	0	4	0
            66	2023-08-16 12:04:04	1	0	15	0
           547	2023-08-16 12:04:10	1	0	1	0
           101	2023-08-16 12:04:16	1	0	1	0
           571	2023-08-16 12:04:38	1	0	1	0
           493	2023-08-16 12:04:43	1	0	1	0
           123	2023-08-16 12:04:49	1	0	1	0
           395	2023-08-16 12:05:19	1	0	1	0
           352	2023-08-16 12:05:44	1	0	1	0
           149	2023-08-16 12:05:49	1	0	1	0
           540	2023-08-16 12:05:56	1	0	15	0
           410	2023-08-16 12:06:02	1	0	1	0
           586	2023-08-16 12:06:09	1	0	1	0
           559	2023-08-16 12:06:15	1	0	1	0
           502	2023-08-16 12:06:21	1	0	1	0
           584	2023-08-16 12:06:37	1	0	1	0
           551	2023-08-16 12:06:42	1	0	1	0
           511	2023-08-16 12:06:45	1	0	1	0
           513	2023-08-16 12:06:54	1	0	1	0
           525	2023-08-16 12:08:41	1	0	1	0
           589	2023-08-16 12:08:52	1	0	1	0
           121	2023-08-16 12:09:00	1	0	1	0
           404	2023-08-16 12:09:31	1	0	1	0
           252	2023-08-16 12:11:39	1	0	15	0
           530	2023-08-16 12:15:47	1	0	1	0
           414	2023-08-16 12:16:22	1	0	1	0
           335	2023-08-16 12:16:27	1	0	1	0
           205	2023-08-16 12:16:35	1	0	1	0
           465	2023-08-16 12:16:44	1	0	1	0
           241	2023-08-16 12:16:51	1	0	1	0
           536	2023-08-16 12:17:03	1	0	1	0
            91	2023-08-16 12:17:18	1	0	1	0
            43	2023-08-16 12:17:24	1	0	1	0
           434	2023-08-16 12:17:31	1	0	1	0
           527	2023-08-16 12:17:46	1	0	1	0
           546	2023-08-16 12:17:53	1	0	1	0
           573	2023-08-16 12:17:59	1	0	1	0
           556	2023-08-16 12:18:07	1	0	1	0
           579	2023-08-16 12:18:28	1	0	1	0
            69	2023-08-16 12:18:44	1	0	1	0
           374	2023-08-16 12:18:50	1	0	1	0
           529	2023-08-16 12:18:54	1	0	1	0
           403	2023-08-16 12:19:01	1	0	1	0
           472	2023-08-16 12:19:06	1	0	1	0
           118	2023-08-16 12:19:15	1	0	15	0
           471	2023-08-16 12:19:20	1	0	1	0
           562	2023-08-16 12:19:26	1	0	1	0
            40	2023-08-16 12:19:44	1	0	1	0
           492	2023-08-16 12:19:54	1	0	1	0
           194	2023-08-16 12:20:01	1	0	1	0
           200	2023-08-16 12:20:07	1	0	1	0
           516	2023-08-16 12:20:12	1	0	1	0
           259	2023-08-16 12:21:57	1	0	1	0
           502	2023-08-16 12:22:02	1	0	1	0
           551	2023-08-16 12:22:09	1	0	1	0
           511	2023-08-16 12:22:13	1	0	1	0
           513	2023-08-16 12:22:18	1	0	1	0
           444	2023-08-16 12:22:22	1	0	1	0
           105	2023-08-16 12:22:39	1	0	1	0
           125	2023-08-16 12:24:09	1	0	1	0
           348	2023-08-16 12:24:59	1	0	1	0
           570	2023-08-16 12:25:08	1	0	1	0
           525	2023-08-16 12:25:30	1	0	1	0
           404	2023-08-16 12:25:41	1	0	1	0
           196	2023-08-16 12:25:47	1	0	1	0
           541	2023-08-16 12:25:51	1	0	1	0
           312	2023-08-16 12:26:03	1	0	1	0
           338	2023-08-16 12:26:07	1	0	1	0
            66	2023-08-16 12:26:12	1	0	15	0
           101	2023-08-16 12:26:22	1	0	1	0
           568	2023-08-16 12:26:28	1	0	1	0
           252	2023-08-16 12:26:39	1	0	15	0
           585	2023-08-16 12:26:54	1	0	1	0
           453	2023-08-16 12:27:34	1	0	1	0
           149	2023-08-16 12:28:44	1	0	1	0
           370	2023-08-16 12:29:07	1	0	1	0
           184	2023-08-16 12:29:14	1	0	1	0
           182	2023-08-16 12:29:17	1	0	1	0
           413	2023-08-16 12:30:02	1	0	4	0
           584	2023-08-16 12:31:11	1	0	1	0
           331	2023-08-16 12:33:48	1	0	1	0
           121	2023-08-16 12:34:04	1	0	1	0
           589	2023-08-16 12:34:10	1	0	1	0
           547	2023-08-16 12:35:18	1	0	1	0
           516	2023-08-16 12:36:37	1	0	1	0
           492	2023-08-16 12:36:46	1	0	1	0
           363	2023-08-16 12:37:30	1	0	1	0
           417	2023-08-16 12:37:50	1	0	1	0
           403	2023-08-16 12:38:41	1	0	1	0
           401	2023-08-16 12:38:50	1	0	1	0
           493	2023-08-16 12:39:47	1	0	1	0
           571	2023-08-16 12:39:52	1	0	1	0
            40	2023-08-16 12:41:57	1	0	1	0
           529	2023-08-16 12:42:34	1	0	1	0
           585	2023-08-16 12:42:49	1	0	1	0
           223	2023-08-16 12:43:15	1	0	1	0
           397	2023-08-16 12:43:22	1	0	1	0
           119	2023-08-16 12:43:55	1	0	15	0
           335	2023-08-16 12:45:35	1	0	1	0
           566	2023-08-16 12:45:40	1	0	1	0
           581	2023-08-16 12:45:50	1	0	1	0
            27	2023-08-16 12:47:13	1	0	15	0
           105	2023-08-16 12:47:57	1	0	1	0
           570	2023-08-16 12:50:39	1	0	1	0
           352	2023-08-16 12:50:48	1	0	1	0
           540	2023-08-16 12:50:54	1	0	1	0
           410	2023-08-16 12:50:58	1	0	1	0
           586	2023-08-16 12:51:00	1	0	1	0
           533	2023-08-16 12:51:12	1	0	1	0
           338	2023-08-16 12:52:10	1	0	1	0
           125	2023-08-16 12:52:15	1	0	1	0
           363	2023-08-16 12:54:22	1	0	1	0
           401	2023-08-16 12:54:31	1	0	1	0
           417	2023-08-16 12:54:41	1	0	1	0
           444	2023-08-16 12:55:23	1	0	1	0
           434	2023-08-16 12:55:35	1	0	1	0
           194	2023-08-16 12:55:49	1	0	1	0
           124	2023-08-16 14:14:03	1	0	15	0
           567	2023-08-16 15:03:06	1	0	1	0
           418	2023-08-16 16:00:11	1	0	1	0
           331	2023-08-16 17:00:15	1	0	1	0
           397	2023-08-16 17:00:20	1	0	1	0
           387	2023-08-16 17:00:25	1	0	15	0
           422	2023-08-16 17:00:31	1	0	1	0
           562	2023-08-16 17:00:35	1	0	1	0
           395	2023-08-16 17:00:43	1	0	1	0
           223	2023-08-16 17:00:48	1	0	1	0
           581	2023-08-16 17:00:53	1	0	1	0
           571	2023-08-16 17:00:58	1	0	1	0
           568	2023-08-16 17:01:02	1	0	1	0
           101	2023-08-16 17:01:11	1	0	1	0
           566	2023-08-16 17:01:16	1	0	1	0
           533	2023-08-16 17:01:22	1	0	1	0
           149	2023-08-16 17:01:25	1	0	1	0
            66	2023-08-16 17:01:31	1	0	15	0
           493	2023-08-16 17:01:40	1	0	1	0
           475	2023-08-16 17:01:44	1	0	1	0
           360	2023-08-16 17:01:54	1	0	1	0
           559	2023-08-16 17:01:57	1	0	1	0
           576	2023-08-16 17:02:02	1	0	1	0
           513	2023-08-16 17:02:06	1	0	1	0
           366	2023-08-16 17:02:11	1	0	1	0
           530	2023-08-16 17:02:18	1	0	1	0
           589	2023-08-16 17:02:23	1	0	1	0
           121	2023-08-16 17:02:32	1	0	1	0
           570	2023-08-16 17:02:38	1	0	1	0
           125	2023-08-16 17:02:43	1	0	1	0
           241	2023-08-16 17:02:49	1	0	1	0
           182	2023-08-16 17:02:58	1	0	1	0
           123	2023-08-16 17:03:03	1	0	1	0
           472	2023-08-16 17:03:08	1	0	1	0
           118	2023-08-16 17:03:18	1	0	1	0
           224	2023-08-16 17:03:25	1	0	15	0
           471	2023-08-16 17:03:32	1	0	1	0
           196	2023-08-16 17:03:46	1	0	1	0
           385	2023-08-16 17:03:51	1	0	1	0
           540	2023-08-16 17:03:59	1	0	1	0
           586	2023-08-16 17:04:04	1	0	1	0
           252	2023-08-16 17:04:24	1	0	15	0
           348	2023-08-16 17:04:32	1	0	1	0
           399	2023-08-16 17:05:14	1	0	1	0
           119	2023-08-16 17:05:43	1	0	15	0
           546	2023-08-16 17:06:28	1	0	1	0
           374	2023-08-16 17:06:39	1	0	1	0
           541	2023-08-16 17:06:58	1	0	1	0
           579	2023-08-16 17:07:02	1	0	1	0
           511	2023-08-16 17:07:09	1	0	1	0
           363	2023-08-16 17:07:26	1	0	1	0
           417	2023-08-16 17:07:40	1	0	15	0
           573	2023-08-16 17:07:46	1	0	1	0
            27	2023-08-16 17:08:03	1	0	15	0
           403	2023-08-16 17:08:18	1	0	1	0
           556	2023-08-16 17:08:24	1	0	1	0
           584	2023-08-16 17:08:35	1	0	1	0
           453	2023-08-16 17:08:49	1	0	1	0
           259	2023-08-16 17:09:48	1	0	1	0
           352	2023-08-16 17:11:20	1	0	1	0
           410	2023-08-16 17:11:44	1	0	1	0
           370	2023-08-16 17:14:40	1	0	1	0
           413	2023-08-16 17:17:31	1	0	4	0
           585	2023-08-16 17:18:52	1	0	1	0
           182	2023-08-16 17:19:32	1	0	1	0
           194	2023-08-16 17:21:42	1	0	1	0
           434	2023-08-16 17:22:16	1	0	1	0
           200	2023-08-16 17:28:23	1	0	1	0
           335	2023-08-16 17:29:54	1	0	1	0
           525	2023-08-16 17:31:23	1	0	1	0
           398	2023-08-16 17:31:29	1	0	1	0
           105	2023-08-16 17:32:55	1	0	1	0
           536	2023-08-16 17:33:28	1	0	1	0
           527	2023-08-16 17:33:32	1	0	1	0
           312	2023-08-16 17:34:07	1	0	1	0
           338	2023-08-16 17:34:13	1	0	1	0
           184	2023-08-16 17:40:49	1	0	1	0
            69	2023-08-16 17:43:20	1	0	1	0
           529	2023-08-16 17:46:46	1	0	1	0
           444	2023-08-16 17:47:18	1	0	1	0
           404	2023-08-16 17:48:09	1	0	1	0
           492	2023-08-16 18:08:51	1	0	1	0
           401	2023-08-16 18:21:26	1	0	1	0
            43	2023-08-16 18:22:04	1	0	1	0
           547	2023-08-16 18:47:30	1	0	1	0
           551	2023-08-16 19:00:41	1	0	1	0
           516	2023-08-16 19:03:23	1	0	1	0
           575	2023-08-16 19:34:16	1	0	1	0
           502	2023-08-16 19:34:21	1	0	1	0
           205	2023-08-16 19:49:23	1	0	1	0
           465	2023-08-16 19:54:11	1	0	1	0
           107	2023-08-16 21:50:47	1	0	1	0
           414	2023-08-16 21:51:56	1	0	1	0
           124	2023-08-16 22:03:34	1	0	15	0
           305	2023-08-16 22:31:10	1	0	1	0
           453	2023-08-17 05:46:41	1	0	1	0
           567	2023-08-17 05:52:07	1	0	1	0
           107	2023-08-17 06:00:07	1	0	1	0
           395	2023-08-17 06:27:09	1	0	1	0
           196	2023-08-17 06:37:32	1	0	1	0
           387	2023-08-17 06:37:45	1	0	15	0
           119	2023-08-17 06:37:52	1	0	15	0
           224	2023-08-17 06:38:03	1	0	15	0
           124	2023-08-17 06:38:10	1	0	15	0
           422	2023-08-17 06:39:38	1	0	1	0
           573	2023-08-17 06:55:07	1	0	1	0
           385	2023-08-17 06:57:10	1	0	1	0
           398	2023-08-17 06:57:34	1	0	1	0
           366	2023-08-17 06:58:07	1	0	1	0
           576	2023-08-17 06:58:17	1	0	1	0
           582	2023-08-17 06:59:44	1	0	1	0
           305	2023-08-17 07:01:39	1	0	1	0
           182	2023-08-17 07:05:55	1	0	1	0
           475	2023-08-17 07:06:59	1	0	1	0
           566	2023-08-17 07:07:02	1	0	1	0
           581	2023-08-17 07:07:07	1	0	1	0
           556	2023-08-17 07:08:54	1	0	1	0
           559	2023-08-17 07:16:15	1	0	1	0
           101	2023-08-17 07:16:22	1	0	1	0
           533	2023-08-17 07:16:29	1	0	1	0
           360	2023-08-17 07:17:42	1	0	1	0
           123	2023-08-17 07:19:46	1	0	1	0
           408	2023-08-17 07:20:19	1	0	1	0
           223	2023-08-17 07:21:08	1	0	1	0
            43	2023-08-17 07:21:57	1	0	1	0
           540	2023-08-17 07:28:30	1	0	1	0
           149	2023-08-17 07:30:02	1	0	1	0
           568	2023-08-17 07:31:13	1	0	1	0
           570	2023-08-17 07:31:57	1	0	1	0
           584	2023-08-17 07:32:04	1	0	1	0
            91	2023-08-17 07:32:11	1	0	1	0
           574	2023-08-17 07:32:45	1	0	1	0
           579	2023-08-17 07:32:48	1	0	1	0
           414	2023-08-17 07:32:54	1	0	1	0
           397	2023-08-17 07:34:25	1	0	1	0
           585	2023-08-17 07:35:56	1	0	1	0
           338	2023-08-17 07:36:52	1	0	1	0
           434	2023-08-17 07:37:01	1	0	1	0
           200	2023-08-17 07:37:20	1	0	1	0
           444	2023-08-17 07:37:37	1	0	1	0
           529	2023-08-17 07:37:41	1	0	1	0
           473	2023-08-17 07:38:00	1	0	1	0
           418	2023-08-17 07:39:01	1	0	1	0
           492	2023-08-17 07:40:01	1	0	1	0
           259	2023-08-17 07:40:48	1	0	1	0
            66	2023-08-17 07:41:08	1	0	15	0
           571	2023-08-17 07:42:07	1	0	1	0
           118	2023-08-17 07:42:49	1	0	15	0
           472	2023-08-17 07:45:07	1	0	1	0
           335	2023-08-17 07:45:11	1	0	1	0
           471	2023-08-17 07:45:18	1	0	1	0
           547	2023-08-17 07:45:40	1	0	1	0
           502	2023-08-17 07:45:46	1	0	1	0
           589	2023-08-17 07:45:52	1	0	1	0
           586	2023-08-17 07:45:58	1	0	1	0
           530	2023-08-17 07:46:08	1	0	1	0
           527	2023-08-17 07:47:35	1	0	1	0
           331	2023-08-17 07:47:45	1	0	1	0
           121	2023-08-17 07:48:35	1	0	1	0
           370	2023-08-17 07:48:52	1	0	1	0
            69	2023-08-17 07:49:27	1	0	1	0
           105	2023-08-17 07:49:36	1	0	1	0
           404	2023-08-17 07:49:41	1	0	1	0
           352	2023-08-17 07:49:50	1	0	1	0
           520	2023-08-17 07:49:55	1	0	15	0
           114	2023-08-17 07:50:02	1	0	1	0
           525	2023-08-17 07:50:10	1	0	1	0
           125	2023-08-17 07:50:23	1	0	1	0
           493	2023-08-17 07:51:20	1	0	1	0
            40	2023-08-17 07:51:30	1	0	1	0
           194	2023-08-17 07:52:06	1	0	1	0
           562	2023-08-17 07:52:28	1	0	1	0
           575	2023-08-17 07:53:56	1	0	1	0
            27	2023-08-17 07:54:08	1	0	15	0
           348	2023-08-17 07:54:17	1	0	1	0
           403	2023-08-17 07:54:25	1	0	1	0
           374	2023-08-17 07:55:05	1	0	1	0
           399	2023-08-17 07:55:38	1	0	1	0
           465	2023-08-17 07:56:15	1	0	1	0
           511	2023-08-17 07:56:21	1	0	1	0
           536	2023-08-17 07:56:57	1	0	1	0
           363	2023-08-17 07:57:17	1	0	1	0
           583	2023-08-17 07:57:23	1	0	1	0
           252	2023-08-17 07:57:57	1	0	15	0
           413	2023-08-17 07:58:36	1	0	1	0
           551	2023-08-17 07:59:27	1	0	1	0
           417	2023-08-17 08:01:00	1	0	15	0
           249	2023-08-17 08:03:57	1	0	1	0
           401	2023-08-17 08:04:18	1	0	1	0
           513	2023-08-17 08:04:22	1	0	1	0
           541	2023-08-17 08:04:41	1	0	1	0
           241	2023-08-17 08:06:31	1	0	1	0
           205	2023-08-17 08:07:38	1	0	1	0
           516	2023-08-17 08:11:24	1	0	1	0
           312	2023-08-17 08:11:41	1	0	1	0
           580	2023-08-17 08:29:09	1	0	1	0
           360	2023-08-17 11:30:04	1	0	1	0
           581	2023-08-17 11:30:10	1	0	1	0
           224	2023-08-17 11:30:32	1	0	15	0
           559	2023-08-17 11:30:49	1	0	1	0
           387	2023-08-17 11:31:22	1	0	15	0
           533	2023-08-17 11:31:31	1	0	1	0
           366	2023-08-17 11:31:36	1	0	1	0
           196	2023-08-17 11:31:43	1	0	1	0
           422	2023-08-17 11:31:50	1	0	1	0
           385	2023-08-17 11:31:53	1	0	1	0
           123	2023-08-17 11:32:00	1	0	1	0
           576	2023-08-17 11:32:09	1	0	1	0
           119	2023-08-17 11:32:15	1	0	15	0
           566	2023-08-17 11:32:23	1	0	1	0
           223	2023-08-17 11:35:13	1	0	1	0
           582	2023-08-17 11:35:34	1	0	1	0
           408	2023-08-17 11:36:08	1	0	1	0
           475	2023-08-17 11:47:20	1	0	1	0
           582	2023-08-17 12:00:08	1	0	1	0
           422	2023-08-17 12:00:19	1	0	1	0
           196	2023-08-17 12:00:25	1	0	1	0
           385	2023-08-17 12:00:31	1	0	1	0
           562	2023-08-17 12:00:34	1	0	1	0
           366	2023-08-17 12:00:39	1	0	1	0
           123	2023-08-17 12:00:44	1	0	1	0
           387	2023-08-17 12:00:54	1	0	15	0
           576	2023-08-17 12:00:59	1	0	1	0
           224	2023-08-17 12:01:05	1	0	15	0
           397	2023-08-17 12:01:11	1	0	1	0
           571	2023-08-17 12:01:16	1	0	1	0
           536	2023-08-17 12:01:22	1	0	1	0
           119	2023-08-17 12:01:31	1	0	15	0
           527	2023-08-17 12:01:37	1	0	1	0
           568	2023-08-17 12:01:43	1	0	1	0
            69	2023-08-17 12:01:48	1	0	1	0
           493	2023-08-17 12:01:52	1	0	1	0
           149	2023-08-17 12:02:00	1	0	1	0
           331	2023-08-17 12:02:06	1	0	1	0
           570	2023-08-17 12:02:13	1	0	1	0
           125	2023-08-17 12:02:19	1	0	1	0
           121	2023-08-17 12:02:24	1	0	1	0
           589	2023-08-17 12:02:30	1	0	1	0
           259	2023-08-17 12:02:53	1	0	1	0
           584	2023-08-17 12:03:03	1	0	1	0
           520	2023-08-17 12:03:17	1	0	15	0
            91	2023-08-17 12:03:26	1	0	1	0
           338	2023-08-17 12:03:32	1	0	1	0
           575	2023-08-17 12:03:42	1	0	1	0
           530	2023-08-17 12:03:46	1	0	1	0
           551	2023-08-17 12:03:55	1	0	1	0
           511	2023-08-17 12:04:00	1	0	1	0
           348	2023-08-17 12:04:28	1	0	1	0
           453	2023-08-17 12:04:41	1	0	1	0
            27	2023-08-17 12:05:01	1	0	15	0
           399	2023-08-17 12:05:28	1	0	1	0
           241	2023-08-17 12:05:30	1	0	1	0
           583	2023-08-17 12:05:40	1	0	1	0
           556	2023-08-17 12:06:41	1	0	1	0
           352	2023-08-17 12:06:45	1	0	1	0
           586	2023-08-17 12:06:51	1	0	1	0
           434	2023-08-17 12:06:56	1	0	1	0
           547	2023-08-17 12:07:11	1	0	1	0
           492	2023-08-17 12:07:30	1	0	1	0
           516	2023-08-17 12:07:35	1	0	1	0
           403	2023-08-17 12:07:54	1	0	1	0
           540	2023-08-17 12:07:58	1	0	1	0
           471	2023-08-17 12:08:06	1	0	1	0
           513	2023-08-17 12:08:49	1	0	1	0
           370	2023-08-17 12:08:56	1	0	1	0
           194	2023-08-17 12:09:37	1	0	1	0
           252	2023-08-17 12:10:28	1	0	15	0
           335	2023-08-17 12:10:43	1	0	1	0
           580	2023-08-17 12:10:48	1	0	1	0
           413	2023-08-17 12:12:28	1	0	1	0
           118	2023-08-17 12:12:36	1	0	1	0
           502	2023-08-17 12:13:18	1	0	1	0
           585	2023-08-17 12:13:34	1	0	1	0
           360	2023-08-17 12:13:48	1	0	1	0
            66	2023-08-17 12:13:56	1	0	15	0
           465	2023-08-17 12:14:10	1	0	1	0
           525	2023-08-17 12:14:34	1	0	1	0
           101	2023-08-17 12:16:03	1	0	1	0
           536	2023-08-17 12:16:28	1	0	1	0
           527	2023-08-17 12:16:38	1	0	1	0
           182	2023-08-17 12:18:41	1	0	1	0
           414	2023-08-17 12:19:50	1	0	1	0
           205	2023-08-17 12:19:54	1	0	1	0
           575	2023-08-17 12:20:57	1	0	1	0
           493	2023-08-17 12:21:03	1	0	1	0
           249	2023-08-17 12:21:16	1	0	1	0
           121	2023-08-17 12:21:23	1	0	1	0
           589	2023-08-17 12:21:38	1	0	1	0
           573	2023-08-17 12:22:06	1	0	1	0
           579	2023-08-17 12:22:10	1	0	1	0
           374	2023-08-17 12:22:13	1	0	1	0
           114	2023-08-17 12:22:16	1	0	1	0
           571	2023-08-17 12:22:22	1	0	1	0
           541	2023-08-17 12:22:28	1	0	1	0
           363	2023-08-17 12:23:33	1	0	1	0
           417	2023-08-17 12:23:40	1	0	1	0
           338	2023-08-17 12:23:56	1	0	1	0
           105	2023-08-17 12:24:00	1	0	1	0
           556	2023-08-17 12:24:09	1	0	1	0
           434	2023-08-17 12:24:24	1	0	1	0
           241	2023-08-17 12:24:39	1	0	1	0
           403	2023-08-17 12:25:36	1	0	1	0
           562	2023-08-17 12:26:09	1	0	1	0
            27	2023-08-17 12:26:25	1	0	15	0
           348	2023-08-17 12:26:31	1	0	1	0
           453	2023-08-17 12:26:38	1	0	1	0
           513	2023-08-17 12:26:43	1	0	1	0
            69	2023-08-17 12:27:27	1	0	1	0
           404	2023-08-17 12:28:29	1	0	1	0
           472	2023-08-17 12:28:41	1	0	1	0
           471	2023-08-17 12:28:46	1	0	1	0
           401	2023-08-17 12:29:58	1	0	1	0
           413	2023-08-17 12:30:28	1	0	1	0
           516	2023-08-17 12:31:15	1	0	1	0
           492	2023-08-17 12:31:17	1	0	1	0
           397	2023-08-17 12:31:52	1	0	1	0
            40	2023-08-17 12:32:23	1	0	1	0
           568	2023-08-17 12:32:29	1	0	1	0
           252	2023-08-17 12:32:45	1	0	15	0
           529	2023-08-17 12:32:48	1	0	1	0
           502	2023-08-17 12:34:20	1	0	1	0
           547	2023-08-17 12:34:24	1	0	1	0
           465	2023-08-17 12:34:40	1	0	1	0
           580	2023-08-17 12:36:12	1	0	1	0
           570	2023-08-17 12:36:27	1	0	1	0
           125	2023-08-17 12:36:31	1	0	1	0
           118	2023-08-17 12:36:50	1	0	1	0
           540	2023-08-17 12:37:03	1	0	1	0
           352	2023-08-17 12:37:11	1	0	1	0
           583	2023-08-17 12:37:15	1	0	1	0
           574	2023-08-17 12:37:32	1	0	1	0
           586	2023-08-17 12:37:48	1	0	1	0
           114	2023-08-17 12:38:11	1	0	1	0
           374	2023-08-17 12:38:15	1	0	1	0
           541	2023-08-17 12:38:19	1	0	1	0
           579	2023-08-17 12:38:25	1	0	1	0
           573	2023-08-17 12:38:30	1	0	1	0
           566	2023-08-17 12:42:44	1	0	1	0
           581	2023-08-17 12:42:50	1	0	1	0
           551	2023-08-17 12:42:54	1	0	1	0
           511	2023-08-17 12:43:03	1	0	1	0
           370	2023-08-17 12:43:47	1	0	1	0
           182	2023-08-17 12:43:58	1	0	1	0
           401	2023-08-17 12:45:01	1	0	15	0
           249	2023-08-17 12:45:15	1	0	1	0
           101	2023-08-17 12:45:31	1	0	1	0
           259	2023-08-17 12:46:04	1	0	1	0
           149	2023-08-17 12:46:11	1	0	1	0
           398	2023-08-17 12:46:41	1	0	1	0
           335	2023-08-17 12:48:36	1	0	1	0
           530	2023-08-17 12:49:04	1	0	1	0
           525	2023-08-17 12:49:08	1	0	1	0
           520	2023-08-17 12:49:12	1	0	15	0
           444	2023-08-17 12:50:48	1	0	1	0
            66	2023-08-17 12:51:17	1	0	15	0
           584	2023-08-17 12:53:02	1	0	1	0
           533	2023-08-17 12:53:19	1	0	1	0
           194	2023-08-17 12:53:26	1	0	1	0
           404	2023-08-17 12:53:30	1	0	1	0
           363	2023-08-17 12:53:44	1	0	1	0
           417	2023-08-17 12:53:50	1	0	1	0
           574	2023-08-17 12:54:00	1	0	1	0
           331	2023-08-17 12:54:30	1	0	1	0
           223	2023-08-17 12:54:47	1	0	1	0
           184	2023-08-17 12:56:13	1	0	1	0
           529	2023-08-17 12:58:04	1	0	1	0
            40	2023-08-17 12:59:32	1	0	1	0
           585	2023-08-17 12:59:43	1	0	1	0
            91	2023-08-17 12:59:58	1	0	1	0
           444	2023-08-17 13:08:43	1	0	1	0
           567	2023-08-17 14:03:10	1	0	1	0
           107	2023-08-17 14:49:28	1	0	1	0
           124	2023-08-17 14:59:17	1	0	15	0
           418	2023-08-17 16:00:05	1	0	1	0
           590	2023-08-17 16:36:50	1	0	1	0
           591	2023-08-17 16:39:21	1	0	1	0
           360	2023-08-17 17:00:06	1	0	1	0
           387	2023-08-17 17:00:12	1	0	15	0
           422	2023-08-17 17:00:17	1	0	1	0
           331	2023-08-17 17:00:22	1	0	1	0
           259	2023-08-17 17:00:29	1	0	1	0
           570	2023-08-17 17:00:35	1	0	1	0
           397	2023-08-17 17:00:40	1	0	1	0
           513	2023-08-17 17:00:47	1	0	1	0
           493	2023-08-17 17:00:58	1	0	15	0
           571	2023-08-17 17:01:04	1	0	1	0
            66	2023-08-17 17:01:15	1	0	15	0
           568	2023-08-17 17:01:21	1	0	1	0
           149	2023-08-17 17:01:28	1	0	1	0
           101	2023-08-17 17:01:35	1	0	1	0
           472	2023-08-17 17:01:42	1	0	1	0
           118	2023-08-17 17:01:51	1	0	1	0
           471	2023-08-17 17:01:54	1	0	1	0
           562	2023-08-17 17:01:57	1	0	1	0
           366	2023-08-17 17:02:01	1	0	1	0
           581	2023-08-17 17:02:06	1	0	1	0
           582	2023-08-17 17:02:16	1	0	1	0
           566	2023-08-17 17:02:21	1	0	1	0
           223	2023-08-17 17:02:26	1	0	1	0
           398	2023-08-17 17:02:31	1	0	1	0
           576	2023-08-17 17:02:35	1	0	1	0
           395	2023-08-17 17:02:42	1	0	1	0
           475	2023-08-17 17:02:47	1	0	1	0
           533	2023-08-17 17:02:57	1	0	1	0
           123	2023-08-17 17:03:04	1	0	1	0
           196	2023-08-17 17:03:09	1	0	1	0
           385	2023-08-17 17:03:16	1	0	1	0
           541	2023-08-17 17:03:19	1	0	1	0
           579	2023-08-17 17:03:25	1	0	1	0
           573	2023-08-17 17:03:30	1	0	1	0
           125	2023-08-17 17:03:40	1	0	1	0
           453	2023-08-17 17:03:47	1	0	1	0
           520	2023-08-17 17:03:54	1	0	15	0
           114	2023-08-17 17:03:59	1	0	1	0
           530	2023-08-17 17:04:06	1	0	1	0
           119	2023-08-17 17:04:21	1	0	15	0
           224	2023-08-17 17:04:30	1	0	15	0
           352	2023-08-17 17:04:35	1	0	1	0
           401	2023-08-17 17:04:42	1	0	1	0
           584	2023-08-17 17:04:49	1	0	1	0
           403	2023-08-17 17:05:00	1	0	1	0
           540	2023-08-17 17:05:10	1	0	1	0
           586	2023-08-17 17:05:15	1	0	1	0
           511	2023-08-17 17:05:21	1	0	1	0
           547	2023-08-17 17:05:58	1	0	1	0
           589	2023-08-17 17:06:23	1	0	1	0
           121	2023-08-17 17:06:38	1	0	1	0
            27	2023-08-17 17:07:05	1	0	15	0
           348	2023-08-17 17:07:10	1	0	1	0
           583	2023-08-17 17:07:52	1	0	1	0
           473	2023-08-17 17:08:14	1	0	1	0
           249	2023-08-17 17:09:41	1	0	1	0
           527	2023-08-17 17:09:58	1	0	1	0
           536	2023-08-17 17:10:06	1	0	1	0
           241	2023-08-17 17:10:36	1	0	1	0
            91	2023-08-17 17:11:04	1	0	1	0
           194	2023-08-17 17:12:02	1	0	1	0
            43	2023-08-17 17:14:25	1	0	1	0
           413	2023-08-17 17:14:38	1	0	1	0
           363	2023-08-17 17:15:17	1	0	1	0
           417	2023-08-17 17:15:26	1	0	15	0
           399	2023-08-17 17:15:36	1	0	1	0
           370	2023-08-17 17:16:47	1	0	1	0
           516	2023-08-17 17:21:06	1	0	1	0
            69	2023-08-17 17:25:41	1	0	1	0
           335	2023-08-17 17:30:37	1	0	1	0
           580	2023-08-17 17:31:03	1	0	1	0
           434	2023-08-17 17:33:41	1	0	1	0
           338	2023-08-17 17:35:06	1	0	1	0
           105	2023-08-17 17:36:31	1	0	15	0
           408	2023-08-17 17:36:42	1	0	15	0
           525	2023-08-17 17:36:52	1	0	1	0
           312	2023-08-17 17:37:27	1	0	15	0
           585	2023-08-17 17:45:07	1	0	1	0
           556	2023-08-17 17:48:54	1	0	1	0
           252	2023-08-17 17:56:24	1	0	15	0
           182	2023-08-17 18:00:49	1	0	1	0
           574	2023-08-17 18:07:28	1	0	1	0
            40	2023-08-17 18:13:42	1	0	1	0
           492	2023-08-17 18:14:18	1	0	1	0
           502	2023-08-17 18:27:05	1	0	1	0
           575	2023-08-17 18:27:15	1	0	1	0
           184	2023-08-17 18:33:05	1	0	1	0
           551	2023-08-17 18:59:10	1	0	1	0
           200	2023-08-17 19:06:13	1	0	1	0
           529	2023-08-17 19:34:20	1	0	1	0
           205	2023-08-17 19:38:40	1	0	1	0
           465	2023-08-17 19:54:49	1	0	1	0
           444	2023-08-17 20:07:09	1	0	1	0
           404	2023-08-17 20:07:16	1	0	1	0
           305	2023-08-17 21:40:58	1	0	1	0
            70	2023-08-17 22:04:22	1	0	1	0
           107	2023-08-17 22:12:21	1	0	1	0
           305	2023-08-18 06:00:40	1	0	1	0
           124	2023-08-18 06:22:01	1	0	15	0
           387	2023-08-18 06:22:36	1	0	15	0
           395	2023-08-18 06:35:34	1	0	1	0
           196	2023-08-18 06:40:09	1	0	1	0
           119	2023-08-18 06:40:31	1	0	15	0
           224	2023-08-18 06:40:43	1	0	15	0
           422	2023-08-18 06:46:32	1	0	1	0
           366	2023-08-18 06:48:33	1	0	15	0
           385	2023-08-18 06:49:11	1	0	1	0
            70	2023-08-18 07:00:38	1	0	1	0
            43	2023-08-18 07:04:02	1	0	1	0
           360	2023-08-18 07:04:36	1	0	1	0
           335	2023-08-18 07:10:03	1	0	1	0
           556	2023-08-18 07:10:17	1	0	1	0
           434	2023-08-18 07:10:51	1	0	1	0
           533	2023-08-18 07:11:04	1	0	1	0
           101	2023-08-18 07:15:15	1	0	1	0
           398	2023-08-18 07:18:06	1	0	1	0
           582	2023-08-18 07:18:30	1	0	1	0
           566	2023-08-18 07:19:49	1	0	1	0
           581	2023-08-18 07:19:57	1	0	1	0
           559	2023-08-18 07:21:31	1	0	1	0
            91	2023-08-18 07:23:28	1	0	1	0
           123	2023-08-18 07:23:47	1	0	1	0
           149	2023-08-18 07:27:16	1	0	1	0
           573	2023-08-18 07:29:16	1	0	1	0
           223	2023-08-18 07:29:48	1	0	1	0
           584	2023-08-18 07:30:05	1	0	1	0
           579	2023-08-18 07:30:55	1	0	1	0
           114	2023-08-18 07:32:19	1	0	1	0
           520	2023-08-18 07:32:27	1	0	15	0
            40	2023-08-18 07:32:45	1	0	1	0
           574	2023-08-18 07:32:51	1	0	1	0
           529	2023-08-18 07:33:04	1	0	1	0
           492	2023-08-18 07:36:35	1	0	1	0
           182	2023-08-18 07:37:15	1	0	1	0
            27	2023-08-18 07:37:38	1	0	15	0
           348	2023-08-18 07:37:50	1	0	1	0
           453	2023-08-18 07:39:01	1	0	1	0
           589	2023-08-18 07:39:40	1	0	1	0
           586	2023-08-18 07:39:46	1	0	1	0
           571	2023-08-18 07:40:09	1	0	1	0
           397	2023-08-18 07:40:17	1	0	1	0
           408	2023-08-18 07:40:28	1	0	1	0
           414	2023-08-18 07:40:32	1	0	1	0
           259	2023-08-18 07:41:42	1	0	1	0
           252	2023-08-18 07:42:23	1	0	15	0
           401	2023-08-18 07:42:47	1	0	1	0
           352	2023-08-18 07:42:56	1	0	1	0
           493	2023-08-18 07:43:06	1	0	1	0
            66	2023-08-18 07:43:17	1	0	15	0
           476	2023-08-18 07:44:52	1	0	1	0
           585	2023-08-18 07:45:59	1	0	1	0
           502	2023-08-18 07:47:24	1	0	1	0
           418	2023-08-18 07:47:29	1	0	1	0
           465	2023-08-18 07:47:36	1	0	1	0
           547	2023-08-18 07:47:42	1	0	1	0
           118	2023-08-18 07:48:04	1	0	1	0
           530	2023-08-18 07:48:28	1	0	1	0
           568	2023-08-18 07:48:43	1	0	1	0
           105	2023-08-18 07:48:54	1	0	1	0
           404	2023-08-18 07:48:58	1	0	1	0
            69	2023-08-18 07:49:33	1	0	1	0
           527	2023-08-18 07:49:59	1	0	1	0
           265	2023-08-18 07:50:13	1	0	1	0
           472	2023-08-18 07:50:50	1	0	1	0
           471	2023-08-18 07:51:00	1	0	1	0
           575	2023-08-18 07:51:06	1	0	1	0
           562	2023-08-18 07:52:11	1	0	1	0
           121	2023-08-18 07:52:15	1	0	1	0
           370	2023-08-18 07:52:20	1	0	1	0
           583	2023-08-18 07:52:29	1	0	1	0
           570	2023-08-18 07:53:30	1	0	1	0
           338	2023-08-18 07:53:36	1	0	1	0
           444	2023-08-18 07:53:40	1	0	1	0
           511	2023-08-18 07:54:11	1	0	1	0
           525	2023-08-18 07:54:40	1	0	1	0
           473	2023-08-18 07:54:46	1	0	1	0
           331	2023-08-18 07:55:30	1	0	1	0
           363	2023-08-18 07:55:45	1	0	1	0
           194	2023-08-18 07:55:54	1	0	1	0
           540	2023-08-18 07:56:35	1	0	1	0
           399	2023-08-18 07:56:45	1	0	1	0
           249	2023-08-18 07:58:46	1	0	1	0
           551	2023-08-18 07:59:31	1	0	1	0
           403	2023-08-18 07:59:38	1	0	1	0
           417	2023-08-18 07:59:43	1	0	1	0
           205	2023-08-18 07:59:58	1	0	1	0
           516	2023-08-18 08:01:07	1	0	1	0
           200	2023-08-18 08:02:21	1	0	1	0
           536	2023-08-18 08:03:04	1	0	1	0
           413	2023-08-18 08:03:42	1	0	4	0
           513	2023-08-18 08:03:54	1	0	1	0
           312	2023-08-18 08:09:04	1	0	1	0
           184	2023-08-18 08:11:15	1	0	1	0
           541	2023-08-18 08:12:19	1	0	1	0
           241	2023-08-18 08:14:47	1	0	1	0
           580	2023-08-18 08:20:46	1	0	1	0
           566	2023-08-18 11:30:03	1	0	1	0
           360	2023-08-18 11:30:09	1	0	1	0
           123	2023-08-18 11:30:15	1	0	1	0
           581	2023-08-18 11:30:20	1	0	1	0
           224	2023-08-18 11:30:26	1	0	15	0
           223	2023-08-18 11:30:33	1	0	1	0
           559	2023-08-18 11:30:39	1	0	1	0
           533	2023-08-18 11:30:45	1	0	1	0
           387	2023-08-18 11:30:55	1	0	15	0
           582	2023-08-18 11:31:06	1	0	1	0
           119	2023-08-18 11:31:25	1	0	15	0
           366	2023-08-18 11:32:03	1	0	15	0
           422	2023-08-18 11:32:25	1	0	1	0
           196	2023-08-18 11:33:05	1	0	1	0
           385	2023-08-18 11:33:11	1	0	1	0
           562	2023-08-18 12:00:06	1	0	1	0
           397	2023-08-18 12:00:24	1	0	1	0
           101	2023-08-18 12:00:28	1	0	1	0
           249	2023-08-18 12:00:33	1	0	1	0
           568	2023-08-18 12:00:39	1	0	1	0
           196	2023-08-18 12:00:45	1	0	1	0
           422	2023-08-18 12:01:03	1	0	15	0
           387	2023-08-18 12:01:11	1	0	15	0
            66	2023-08-18 12:01:28	1	0	15	0
           417	2023-08-18 12:01:39	1	0	15	0
           559	2023-08-18 12:01:48	1	0	1	0
           366	2023-08-18 12:01:55	1	0	1	0
           121	2023-08-18 12:02:00	1	0	1	0
           385	2023-08-18 12:02:04	1	0	1	0
           224	2023-08-18 12:02:09	1	0	15	0
           570	2023-08-18 12:02:15	1	0	1	0
           184	2023-08-18 12:02:27	1	0	1	0
           582	2023-08-18 12:02:32	1	0	1	0
           119	2023-08-18 12:02:39	1	0	15	0
           527	2023-08-18 12:02:44	1	0	1	0
           493	2023-08-18 12:02:56	1	0	1	0
           571	2023-08-18 12:03:02	1	0	1	0
           536	2023-08-18 12:03:07	1	0	1	0
            69	2023-08-18 12:03:18	1	0	1	0
           556	2023-08-18 12:03:23	1	0	1	0
           434	2023-08-18 12:03:28	1	0	1	0
           513	2023-08-18 12:03:32	1	0	1	0
           502	2023-08-18 12:03:35	1	0	1	0
           584	2023-08-18 12:03:57	1	0	1	0
           585	2023-08-18 12:04:02	1	0	1	0
           338	2023-08-18 12:04:22	1	0	1	0
           259	2023-08-18 12:04:32	1	0	1	0
           360	2023-08-18 12:05:01	1	0	1	0
           540	2023-08-18 12:05:08	1	0	1	0
           149	2023-08-18 12:05:18	1	0	1	0
           580	2023-08-18 12:05:51	1	0	1	0
           589	2023-08-18 12:05:58	1	0	1	0
           312	2023-08-18 12:06:05	1	0	1	0
           520	2023-08-18 12:06:15	1	0	15	0
           530	2023-08-18 12:06:24	1	0	1	0
           471	2023-08-18 12:06:50	1	0	1	0
           473	2023-08-18 12:06:54	1	0	1	0
           118	2023-08-18 12:07:03	1	0	1	0
           472	2023-08-18 12:07:05	1	0	1	0
           529	2023-08-18 12:07:12	1	0	1	0
           476	2023-08-18 12:07:16	1	0	1	0
           194	2023-08-18 12:07:24	1	0	1	0
           352	2023-08-18 12:07:27	1	0	1	0
           410	2023-08-18 12:07:33	1	0	1	0
           586	2023-08-18 12:07:40	1	0	1	0
           398	2023-08-18 12:08:02	1	0	1	0
           575	2023-08-18 12:08:07	1	0	1	0
           241	2023-08-18 12:08:30	1	0	1	0
           413	2023-08-18 12:08:32	1	0	4	0
           403	2023-08-18 12:08:56	1	0	1	0
           265	2023-08-18 12:09:02	1	0	1	0
           583	2023-08-18 12:10:08	1	0	1	0
           370	2023-08-18 12:14:03	1	0	1	0
           579	2023-08-18 12:14:45	1	0	1	0
           573	2023-08-18 12:14:49	1	0	1	0
           335	2023-08-18 12:15:50	1	0	1	0
           249	2023-08-18 12:16:18	1	0	1	0
            27	2023-08-18 12:16:55	1	0	15	0
           453	2023-08-18 12:17:03	1	0	1	0
           101	2023-08-18 12:17:09	1	0	1	0
           525	2023-08-18 12:17:41	1	0	1	0
           348	2023-08-18 12:19:09	1	0	1	0
           536	2023-08-18 12:19:15	1	0	1	0
           527	2023-08-18 12:19:21	1	0	1	0
           404	2023-08-18 12:21:06	1	0	1	0
           121	2023-08-18 12:21:09	1	0	1	0
           444	2023-08-18 12:21:12	1	0	1	0
           182	2023-08-18 12:21:17	1	0	1	0
           556	2023-08-18 12:21:24	1	0	1	0
           502	2023-08-18 12:21:45	1	0	1	0
           401	2023-08-18 12:22:57	1	0	1	0
           570	2023-08-18 12:23:18	1	0	1	0
           473	2023-08-18 12:23:26	1	0	1	0
           118	2023-08-18 12:23:35	1	0	1	0
           472	2023-08-18 12:23:39	1	0	1	0
           252	2023-08-18 12:23:56	1	0	15	0
           417	2023-08-18 12:24:52	1	0	15	0
           540	2023-08-18 12:24:57	1	0	1	0
           471	2023-08-18 12:25:01	1	0	1	0
           413	2023-08-18 12:25:02	1	0	4	0
           259	2023-08-18 12:25:13	1	0	1	0
           338	2023-08-18 12:25:26	1	0	1	0
           571	2023-08-18 12:25:36	1	0	1	0
           574	2023-08-18 12:25:42	1	0	1	0
           265	2023-08-18 12:25:53	1	0	1	0
           241	2023-08-18 12:26:18	1	0	1	0
           403	2023-08-18 12:26:24	1	0	1	0
           584	2023-08-18 12:26:32	1	0	1	0
           492	2023-08-18 12:26:41	1	0	1	0
           434	2023-08-18 12:26:46	1	0	1	0
           516	2023-08-18 12:26:52	1	0	1	0
           547	2023-08-18 12:27:15	1	0	1	0
           414	2023-08-18 12:27:33	1	0	1	0
           465	2023-08-18 12:27:40	1	0	1	0
           205	2023-08-18 12:27:50	1	0	1	0
           541	2023-08-18 12:28:22	1	0	1	0
           114	2023-08-18 12:28:31	1	0	1	0
           511	2023-08-18 12:29:05	1	0	1	0
           370	2023-08-18 12:29:19	1	0	1	0
           513	2023-08-18 12:29:32	1	0	1	0
            40	2023-08-18 12:29:39	1	0	1	0
           352	2023-08-18 12:29:48	1	0	1	0
           586	2023-08-18 12:29:58	1	0	1	0
           589	2023-08-18 12:30:07	1	0	1	0
           331	2023-08-18 12:31:13	1	0	1	0
           149	2023-08-18 12:32:12	1	0	1	0
           200	2023-08-18 12:32:47	1	0	1	0
           399	2023-08-18 12:33:05	1	0	1	0
           493	2023-08-18 12:35:33	1	0	1	0
            69	2023-08-18 12:38:05	1	0	1	0
           573	2023-08-18 12:38:38	1	0	1	0
           579	2023-08-18 12:38:43	1	0	1	0
           575	2023-08-18 12:39:57	1	0	1	0
           551	2023-08-18 12:40:59	1	0	1	0
           492	2023-08-18 12:42:09	1	0	1	0
           516	2023-08-18 12:42:15	1	0	1	0
           568	2023-08-18 12:42:53	1	0	1	0
           414	2023-08-18 12:42:59	1	0	1	0
           205	2023-08-18 12:43:16	1	0	1	0
           541	2023-08-18 12:43:23	1	0	1	0
           114	2023-08-18 12:43:33	1	0	1	0
           562	2023-08-18 12:43:41	1	0	1	0
           465	2023-08-18 12:43:56	1	0	1	0
           335	2023-08-18 12:44:00	1	0	1	0
           363	2023-08-18 12:44:18	1	0	1	0
           348	2023-08-18 12:45:02	1	0	1	0
            27	2023-08-18 12:45:08	1	0	15	0
           453	2023-08-18 12:45:18	1	0	1	0
           580	2023-08-18 12:45:24	1	0	1	0
           476	2023-08-18 12:46:04	1	0	15	0
           194	2023-08-18 12:46:39	1	0	1	0
           312	2023-08-18 12:46:56	1	0	1	0
           252	2023-08-18 12:47:09	1	0	15	0
           397	2023-08-18 12:47:48	1	0	1	0
           566	2023-08-18 12:49:18	1	0	1	0
           182	2023-08-18 12:49:38	1	0	1	0
           581	2023-08-18 12:49:42	1	0	1	0
            40	2023-08-18 12:49:49	1	0	1	0
           529	2023-08-18 12:49:57	1	0	1	0
           585	2023-08-18 12:50:03	1	0	1	0
           444	2023-08-18 12:50:30	1	0	1	0
           404	2023-08-18 12:50:36	1	0	1	0
           530	2023-08-18 12:51:08	1	0	1	0
           511	2023-08-18 12:51:11	1	0	1	0
           520	2023-08-18 12:51:21	1	0	15	0
           583	2023-08-18 12:52:20	1	0	1	0
           533	2023-08-18 12:53:24	1	0	1	0
           223	2023-08-18 12:53:28	1	0	1	0
           574	2023-08-18 12:54:02	1	0	1	0
           184	2023-08-18 12:54:39	1	0	1	0
           547	2023-08-18 12:55:44	1	0	1	0
           525	2023-08-18 12:56:44	1	0	1	0
           551	2023-08-18 12:57:05	1	0	1	0
            66	2023-08-18 12:58:01	1	0	15	0
           401	2023-08-18 12:58:08	1	0	1	0
           200	2023-08-18 12:58:52	1	0	1	0
           338	2023-08-18 12:58:56	1	0	1	0
           363	2023-08-18 12:59:27	1	0	1	0
           331	2023-08-18 13:11:54	1	0	1	0
           107	2023-08-18 13:46:58	1	0	1	0
           124	2023-08-18 14:00:41	1	0	15	0
           305	2023-08-18 14:34:53	1	0	1	0
           418	2023-08-18 16:03:08	1	0	1	0
           476	2023-08-18 16:17:48	1	0	1	0
           422	2023-08-18 17:00:23	1	0	15	0
           387	2023-08-18 17:00:28	1	0	15	0
           570	2023-08-18 17:00:38	1	0	1	0
           472	2023-08-18 17:00:42	1	0	1	0
           562	2023-08-18 17:00:51	1	0	1	0
           397	2023-08-18 17:00:56	1	0	1	0
           471	2023-08-18 17:01:05	1	0	1	0
           149	2023-08-18 17:01:12	1	0	1	0
            66	2023-08-18 17:01:20	1	0	15	0
           101	2023-08-18 17:01:25	1	0	1	0
           118	2023-08-18 17:01:32	1	0	1	0
           556	2023-08-18 17:01:38	1	0	1	0
           568	2023-08-18 17:01:43	1	0	1	0
           571	2023-08-18 17:01:50	1	0	1	0
           559	2023-08-18 17:01:57	1	0	1	0
           223	2023-08-18 17:02:03	1	0	1	0
           566	2023-08-18 17:02:09	1	0	1	0
           581	2023-08-18 17:02:14	1	0	1	0
           399	2023-08-18 17:02:20	1	0	1	0
           241	2023-08-18 17:02:22	1	0	1	0
           395	2023-08-18 17:02:29	1	0	1	0
           493	2023-08-18 17:02:42	1	0	15	0
           453	2023-08-18 17:02:48	1	0	1	0
           366	2023-08-18 17:02:54	1	0	1	0
           573	2023-08-18 17:03:00	1	0	1	0
           579	2023-08-18 17:03:06	1	0	1	0
           582	2023-08-18 17:03:12	1	0	1	0
           265	2023-08-18 17:03:18	1	0	1	0
           348	2023-08-18 17:03:25	1	0	1	0
           513	2023-08-18 17:03:29	1	0	1	0
           363	2023-08-18 17:03:33	1	0	1	0
           360	2023-08-18 17:03:42	1	0	1	0
           119	2023-08-18 17:03:49	1	0	15	0
           541	2023-08-18 17:03:55	1	0	1	0
           114	2023-08-18 17:04:10	1	0	1	0
           520	2023-08-18 17:04:21	1	0	15	0
           352	2023-08-18 17:04:27	1	0	1	0
           385	2023-08-18 17:04:32	1	0	1	0
           536	2023-08-18 17:04:41	1	0	1	0
           533	2023-08-18 17:04:46	1	0	1	0
           586	2023-08-18 17:04:50	1	0	1	0
           540	2023-08-18 17:04:57	1	0	1	0
           410	2023-08-18 17:05:04	1	0	1	0
           196	2023-08-18 17:05:09	1	0	1	0
           527	2023-08-18 17:05:15	1	0	1	0
           259	2023-08-18 17:05:41	1	0	1	0
           224	2023-08-18 17:05:48	1	0	15	0
           370	2023-08-18 17:05:54	1	0	1	0
           547	2023-08-18 17:06:34	1	0	1	0
           331	2023-08-18 17:06:44	1	0	1	0
           511	2023-08-18 17:06:50	1	0	1	0
           585	2023-08-18 17:07:05	1	0	1	0
           551	2023-08-18 17:07:19	1	0	1	0
            27	2023-08-18 17:07:43	1	0	15	0
           516	2023-08-18 17:08:14	1	0	1	0
           413	2023-08-18 17:08:24	1	0	1	0
           502	2023-08-18 17:08:33	1	0	1	0
           575	2023-08-18 17:08:41	1	0	1	0
           403	2023-08-18 17:08:56	1	0	1	0
           525	2023-08-18 17:08:59	1	0	1	0
           530	2023-08-18 17:09:07	1	0	1	0
           182	2023-08-18 17:10:13	1	0	1	0
           589	2023-08-18 17:11:16	1	0	1	0
           398	2023-08-18 17:11:22	1	0	1	0
           473	2023-08-18 17:11:39	1	0	1	0
           583	2023-08-18 17:12:26	1	0	1	0
           580	2023-08-18 17:13:00	1	0	1	0
           194	2023-08-18 17:14:34	1	0	1	0
           338	2023-08-18 17:15:49	1	0	1	0
           584	2023-08-18 17:16:34	1	0	1	0
           408	2023-08-18 17:16:38	1	0	1	0
           184	2023-08-18 17:16:56	1	0	1	0
           434	2023-08-18 17:18:20	1	0	1	0
            69	2023-08-18 17:18:30	1	0	1	0
           249	2023-08-18 17:24:35	1	0	1	0
           121	2023-08-18 17:24:43	1	0	1	0
           252	2023-08-18 17:34:39	1	0	15	0
           312	2023-08-18 17:34:45	1	0	1	0
           574	2023-08-18 17:42:00	1	0	1	0
           335	2023-08-18 17:56:35	1	0	1	0
           401	2023-08-18 18:10:28	1	0	1	0
           529	2023-08-18 18:18:03	1	0	1	0
            43	2023-08-18 18:25:55	1	0	1	0
            40	2023-08-18 18:26:35	1	0	1	0
           105	2023-08-18 18:28:13	1	0	1	0
            91	2023-08-18 18:28:56	1	0	1	0
           492	2023-08-18 18:48:03	1	0	1	0
           205	2023-08-18 19:15:05	1	0	1	0
           465	2023-08-18 19:52:39	1	0	1	0
           414	2023-08-18 20:30:29	1	0	1	0
            70	2023-08-18 21:52:12	1	0	1	0
           107	2023-08-18 22:01:16	1	0	1	0
           200	2023-08-18 22:18:02	1	0	1	0
           444	2023-08-18 22:18:47	1	0	1	0
           404	2023-08-18 22:19:12	1	0	1	0
           305	2023-08-18 23:00:04	1	0	1	0
            70	2023-08-19 06:00:18	1	0	1	0
           224	2023-08-19 06:32:35	1	0	15	0
           422	2023-08-19 06:40:10	1	0	1	0
           387	2023-08-19 06:44:44	1	0	15	0
           107	2023-08-19 06:56:48	1	0	1	0
           366	2023-08-19 07:01:40	1	0	15	0
           398	2023-08-19 07:11:50	1	0	1	0
           533	2023-08-19 07:20:09	1	0	15	0
           566	2023-08-19 07:28:27	1	0	15	0
           581	2023-08-19 07:28:32	1	0	1	0
           513	2023-08-19 07:29:36	1	0	1	0
           559	2023-08-19 07:30:25	1	0	1	0
           475	2023-08-19 07:42:11	1	0	1	0
           556	2023-08-19 07:46:31	1	0	1	0
           418	2023-08-19 07:47:28	1	0	1	0
           223	2023-08-19 07:47:39	1	0	1	0
           551	2023-08-19 07:49:28	1	0	1	0
           559	2023-08-19 11:30:13	1	0	1	0
           387	2023-08-19 11:30:22	1	0	15	0
           422	2023-08-19 11:30:28	1	0	1	0
           366	2023-08-19 11:30:34	1	0	15	0
           533	2023-08-19 11:30:52	1	0	1	0
           223	2023-08-19 11:31:14	1	0	1	0
           475	2023-08-19 11:31:22	1	0	15	0
           224	2023-08-19 11:31:35	1	0	15	0
           581	2023-08-19 11:36:15	1	0	1	0
           566	2023-08-19 11:36:23	1	0	1	0
           559	2023-08-19 12:00:11	1	0	1	0
           366	2023-08-19 12:00:19	1	0	1	0
           224	2023-08-19 12:00:35	1	0	15	0
           556	2023-08-19 12:00:45	1	0	1	0
           387	2023-08-19 12:00:54	1	0	15	0
           422	2023-08-19 12:01:02	1	0	1	0
           566	2023-08-19 12:07:49	1	0	1	0
           581	2023-08-19 12:07:52	1	0	1	0
           556	2023-08-19 12:18:12	1	0	1	0
           513	2023-08-19 12:50:41	1	0	1	0
           551	2023-08-19 12:51:52	1	0	1	0
           533	2023-08-19 12:54:34	1	0	1	0
           223	2023-08-19 12:54:39	1	0	1	0
           305	2023-08-19 13:30:38	1	0	1	0
            70	2023-08-19 14:52:22	1	0	15	0
           107	2023-08-19 15:00:20	1	0	1	0
           418	2023-08-19 16:00:40	1	0	1	0
           223	2023-08-19 16:25:46	1	0	1	0
           566	2023-08-19 16:40:29	1	0	1	0
           581	2023-08-19 16:40:35	1	0	1	0
           366	2023-08-19 17:00:08	1	0	1	0
           475	2023-08-19 17:00:22	1	0	1	0
           556	2023-08-19 17:00:27	1	0	1	0
           559	2023-08-19 17:00:31	1	0	1	0
           387	2023-08-19 17:00:40	1	0	15	0
           422	2023-08-19 17:00:45	1	0	1	0
           533	2023-08-19 17:00:51	1	0	1	0
           224	2023-08-19 17:00:57	1	0	15	0
           398	2023-08-19 17:01:21	1	0	1	0
           513	2023-08-19 17:03:19	1	0	1	0
           567	2023-08-19 21:41:33	1	0	1	0
           305	2023-08-19 22:02:15	1	0	1	0
            70	2023-08-19 22:09:59	1	0	15	0
           567	2023-08-20 06:14:55	1	0	1	0
           305	2023-08-20 06:26:27	1	0	1	0
            70	2023-08-20 13:37:05	1	0	15	0
           305	2023-08-20 15:01:07	1	0	1	0
           567	2023-08-20 21:44:17	1	0	1	0
            70	2023-08-20 22:05:39	1	0	1	0
           124	2023-08-20 22:22:39	1	0	15	0
           305	2023-08-21 05:48:43	1	0	1	0
           567	2023-08-21 06:02:04	1	0	1	0
            70	2023-08-21 06:24:28	1	0	1	0
           124	2023-08-21 07:00:25	1	0	15	0
           398	2023-08-21 07:29:07	1	0	1	0
           418	2023-08-21 07:33:11	1	0	1	0
           398	2023-08-21 12:07:38	1	0	1	0
           398	2023-08-21 12:37:53	1	0	1	0
           305	2023-08-21 14:01:05	1	0	1	0
           567	2023-08-21 14:48:39	1	0	1	0
            70	2023-08-21 15:00:36	1	0	1	0
           398	2023-08-21 15:30:10	1	0	1	0
           418	2023-08-21 16:00:07	1	0	1	0
           124	2023-08-21 21:47:59	1	0	15	0
           567	2023-08-21 23:02:47	1	0	1	0
           335	2023-08-22 04:48:54	1	0	1	0
           443	2023-08-22 04:49:42	1	0	1	0
           395	2023-08-22 05:33:31	1	0	1	0
            70	2023-08-22 05:44:12	1	0	1	0
           196	2023-08-22 05:47:49	1	0	1	0
           124	2023-08-22 06:00:05	1	0	15	0
           223	2023-08-22 06:12:55	1	0	1	0
           119	2023-08-22 06:13:30	1	0	15	0
           224	2023-08-22 06:30:31	1	0	15	0
           387	2023-08-22 06:33:31	1	0	15	0
           556	2023-08-22 06:37:38	1	0	1	0
           422	2023-08-22 06:42:56	1	0	1	0
           460	2023-08-22 06:44:39	1	0	1	0
           366	2023-08-22 06:53:29	1	0	1	0
           566	2023-08-22 06:57:39	1	0	1	0
           581	2023-08-22 06:57:45	1	0	1	0
           582	2023-08-22 06:59:51	1	0	1	0
           425	2023-08-22 07:00:39	1	0	1	0
           101	2023-08-22 07:00:56	1	0	1	0
           398	2023-08-22 07:09:36	1	0	1	0
           385	2023-08-22 07:10:21	1	0	1	0
           123	2023-08-22 07:11:37	1	0	1	0
           574	2023-08-22 07:12:45	1	0	1	0
           570	2023-08-22 07:12:55	1	0	1	0
           149	2023-08-22 07:15:35	1	0	15	0
           473	2023-08-22 07:15:56	1	0	1	0
           533	2023-08-22 07:18:02	1	0	1	0
           434	2023-08-22 07:19:26	1	0	1	0
           585	2023-08-22 07:20:46	1	0	1	0
           586	2023-08-22 07:20:50	1	0	1	0
           584	2023-08-22 07:24:59	1	0	1	0
           105	2023-08-22 07:25:13	1	0	1	0
           352	2023-08-22 07:27:59	1	0	1	0
           591	2023-08-22 07:28:40	1	0	15	0
           493	2023-08-22 07:29:15	1	0	1	0
           194	2023-08-22 07:29:37	1	0	1	0
           590	2023-08-22 07:30:36	1	0	1	0
            91	2023-08-22 07:31:15	1	0	1	0
            43	2023-08-22 07:31:43	1	0	1	0
           568	2023-08-22 07:32:44	1	0	1	0
           418	2023-08-22 07:32:48	1	0	15	0
           252	2023-08-22 07:32:56	1	0	15	0
           121	2023-08-22 07:33:07	1	0	1	0
           492	2023-08-22 07:34:21	1	0	1	0
           360	2023-08-22 07:34:38	1	0	1	0
           241	2023-08-22 07:34:43	1	0	1	0
           397	2023-08-22 07:34:48	1	0	1	0
           125	2023-08-22 07:36:40	1	0	1	0
            66	2023-08-22 07:37:03	1	0	15	0
           475	2023-08-22 07:37:27	1	0	1	0
           573	2023-08-22 07:37:51	1	0	1	0
           331	2023-08-22 07:39:10	1	0	1	0
           355	2023-08-22 07:39:54	1	0	1	0
           465	2023-08-22 07:40:45	1	0	1	0
           453	2023-08-22 07:41:24	1	0	1	0
            27	2023-08-22 07:41:37	1	0	15	0
           348	2023-08-22 07:41:43	1	0	1	0
           404	2023-08-22 07:42:09	1	0	1	0
            40	2023-08-22 07:42:47	1	0	1	0
           589	2023-08-22 07:43:22	1	0	1	0
           583	2023-08-22 07:43:42	1	0	1	0
           540	2023-08-22 07:45:10	1	0	1	0
           403	2023-08-22 07:45:15	1	0	1	0
           562	2023-08-22 07:45:22	1	0	1	0
           200	2023-08-22 07:45:47	1	0	1	0
           338	2023-08-22 07:46:51	1	0	1	0
            69	2023-08-22 07:47:06	1	0	1	0
           571	2023-08-22 07:47:22	1	0	1	0
           525	2023-08-22 07:47:26	1	0	1	0
           265	2023-08-22 07:48:16	1	0	1	0
           547	2023-08-22 07:48:39	1	0	1	0
           502	2023-08-22 07:48:45	1	0	1	0
           575	2023-08-22 07:49:20	1	0	1	0
           408	2023-08-22 07:49:52	1	0	1	0
           476	2023-08-22 07:51:43	1	0	1	0
           580	2023-08-22 07:53:14	1	0	1	0
           417	2023-08-22 07:53:33	1	0	1	0
           536	2023-08-22 07:54:27	1	0	1	0
           399	2023-08-22 07:55:07	1	0	1	0
           363	2023-08-22 07:56:26	1	0	1	0
           511	2023-08-22 07:56:37	1	0	1	0
           471	2023-08-22 07:58:06	1	0	1	0
           472	2023-08-22 07:58:10	1	0	1	0
           312	2023-08-22 07:59:35	1	0	1	0
           485	2023-08-22 07:59:44	1	0	1	0
           249	2023-08-22 08:00:06	1	0	1	0
           529	2023-08-22 08:00:40	1	0	1	0
           513	2023-08-22 08:01:12	1	0	1	0
           205	2023-08-22 08:01:38	1	0	1	0
           520	2023-08-22 08:01:48	1	0	15	0
           401	2023-08-22 08:14:43	1	0	1	0
           410	2023-08-22 08:17:15	1	0	1	0
           460	2023-08-22 11:02:08	1	0	1	0
           425	2023-08-22 11:02:12	1	0	1	0
           425	2023-08-22 11:17:13	1	0	1	0
           460	2023-08-22 11:17:27	1	0	1	0
           387	2023-08-22 11:30:22	1	0	15	0
           366	2023-08-22 11:30:31	1	0	1	0
           475	2023-08-22 11:30:36	1	0	15	0
           422	2023-08-22 11:30:45	1	0	1	0
           533	2023-08-22 11:30:55	1	0	1	0
           223	2023-08-22 11:31:14	1	0	1	0
           360	2023-08-22 11:31:31	1	0	1	0
           581	2023-08-22 11:31:38	1	0	1	0
           224	2023-08-22 11:31:44	1	0	15	0
           123	2023-08-22 11:31:57	1	0	1	0
           119	2023-08-22 11:32:17	1	0	15	0
           196	2023-08-22 11:33:32	1	0	1	0
           385	2023-08-22 11:33:35	1	0	1	0
           566	2023-08-22 11:35:54	1	0	1	0
           582	2023-08-22 11:48:56	1	0	1	0
           360	2023-08-22 11:52:04	1	0	1	0
           476	2023-08-22 12:00:08	1	0	1	0
           385	2023-08-22 12:00:11	1	0	1	0
           196	2023-08-22 12:00:14	1	0	1	0
           571	2023-08-22 12:00:19	1	0	1	0
           536	2023-08-22 12:00:24	1	0	1	0
           562	2023-08-22 12:00:29	1	0	1	0
            66	2023-08-22 12:00:34	1	0	15	0
           331	2023-08-22 12:00:39	1	0	1	0
           335	2023-08-22 12:00:44	1	0	1	0
           568	2023-08-22 12:00:49	1	0	1	0
           493	2023-08-22 12:00:52	1	0	1	0
           591	2023-08-22 12:00:58	1	0	1	0
           590	2023-08-22 12:01:03	1	0	1	0
           366	2023-08-22 12:01:09	1	0	1	0
           224	2023-08-22 12:01:15	1	0	15	0
           556	2023-08-22 12:01:22	1	0	1	0
           422	2023-08-22 12:01:26	1	0	1	0
           387	2023-08-22 12:01:34	1	0	15	0
           119	2023-08-22 12:01:43	1	0	15	0
           574	2023-08-22 12:01:52	1	0	1	0
           404	2023-08-22 12:01:56	1	0	1	0
           121	2023-08-22 12:02:15	1	0	1	0
           249	2023-08-22 12:02:19	1	0	1	0
           589	2023-08-22 12:02:24	1	0	1	0
           473	2023-08-22 12:02:30	1	0	1	0
           471	2023-08-22 12:02:35	1	0	1	0
           584	2023-08-22 12:02:40	1	0	1	0
           453	2023-08-22 12:03:08	1	0	1	0
            27	2023-08-22 12:03:17	1	0	15	0
           348	2023-08-22 12:03:22	1	0	1	0
           123	2023-08-22 12:03:33	1	0	1	0
           475	2023-08-22 12:03:53	1	0	1	0
           472	2023-08-22 12:04:32	1	0	1	0
           125	2023-08-22 12:04:47	1	0	1	0
           583	2023-08-22 12:04:53	1	0	1	0
           580	2023-08-22 12:04:58	1	0	1	0
           338	2023-08-22 12:05:05	1	0	1	0
           513	2023-08-22 12:05:44	1	0	1	0
           525	2023-08-22 12:06:22	1	0	1	0
           265	2023-08-22 12:06:58	1	0	1	0
           547	2023-08-22 12:07:04	1	0	1	0
           570	2023-08-22 12:07:43	1	0	1	0
           465	2023-08-22 12:08:02	1	0	1	0
           434	2023-08-22 12:08:10	1	0	1	0
           241	2023-08-22 12:08:17	1	0	1	0
           355	2023-08-22 12:08:21	1	0	1	0
           252	2023-08-22 12:09:58	1	0	15	0
           194	2023-08-22 12:10:07	1	0	1	0
            40	2023-08-22 12:10:57	1	0	1	0
           585	2023-08-22 12:11:06	1	0	1	0
           520	2023-08-22 12:11:49	1	0	15	0
           101	2023-08-22 12:14:44	1	0	1	0
           149	2023-08-22 12:15:01	1	0	1	0
           536	2023-08-22 12:15:26	1	0	1	0
           331	2023-08-22 12:15:43	1	0	1	0
           312	2023-08-22 12:15:53	1	0	1	0
           404	2023-08-22 12:17:05	1	0	1	0
           574	2023-08-22 12:17:08	1	0	1	0
           556	2023-08-22 12:17:34	1	0	1	0
           473	2023-08-22 12:17:40	1	0	1	0
           363	2023-08-22 12:18:12	1	0	1	0
           417	2023-08-22 12:18:24	1	0	1	0
           562	2023-08-22 12:18:40	1	0	1	0
           573	2023-08-22 12:18:46	1	0	1	0
           472	2023-08-22 12:20:41	1	0	1	0
           471	2023-08-22 12:20:46	1	0	1	0
           352	2023-08-22 12:20:59	1	0	1	0
           540	2023-08-22 12:21:04	1	0	1	0
           410	2023-08-22 12:21:12	1	0	1	0
           586	2023-08-22 12:21:19	1	0	1	0
           580	2023-08-22 12:23:14	1	0	1	0
           434	2023-08-22 12:23:25	1	0	1	0
           205	2023-08-22 12:23:33	1	0	1	0
           265	2023-08-22 12:23:41	1	0	1	0
           241	2023-08-22 12:23:54	1	0	1	0
            27	2023-08-22 12:24:05	1	0	15	0
           453	2023-08-22 12:24:20	1	0	1	0
           465	2023-08-22 12:24:26	1	0	1	0
           348	2023-08-22 12:24:49	1	0	1	0
           529	2023-08-22 12:25:27	1	0	1	0
           200	2023-08-22 12:25:40	1	0	1	0
           493	2023-08-22 12:25:52	1	0	1	0
           571	2023-08-22 12:26:42	1	0	1	0
           249	2023-08-22 12:28:40	1	0	1	0
           121	2023-08-22 12:28:48	1	0	1	0
           589	2023-08-22 12:29:02	1	0	1	0
           525	2023-08-22 12:29:14	1	0	1	0
           513	2023-08-22 12:29:24	1	0	1	0
           401	2023-08-22 12:30:04	1	0	1	0
           568	2023-08-22 12:30:12	1	0	1	0
           312	2023-08-22 12:31:37	1	0	1	0
           355	2023-08-22 12:31:44	1	0	1	0
            69	2023-08-22 12:32:38	1	0	1	0
           149	2023-08-22 12:32:54	1	0	1	0
           590	2023-08-22 12:33:36	1	0	1	0
           335	2023-08-22 12:33:47	1	0	1	0
           443	2023-08-22 12:33:54	1	0	1	0
           573	2023-08-22 12:34:05	1	0	1	0
           591	2023-08-22 12:34:15	1	0	1	0
           252	2023-08-22 12:34:26	1	0	15	0
           417	2023-08-22 12:35:25	1	0	1	0
           575	2023-08-22 12:35:38	1	0	1	0
           363	2023-08-22 12:35:49	1	0	1	0
           502	2023-08-22 12:35:57	1	0	1	0
           520	2023-08-22 12:40:34	1	0	15	0
           566	2023-08-22 12:41:51	1	0	1	0
           581	2023-08-22 12:41:58	1	0	1	0
           194	2023-08-22 12:42:56	1	0	1	0
           583	2023-08-22 12:43:14	1	0	1	0
            40	2023-08-22 12:44:27	1	0	1	0
           585	2023-08-22 12:44:35	1	0	1	0
           105	2023-08-22 12:45:13	1	0	1	0
           540	2023-08-22 12:46:07	1	0	1	0
           352	2023-08-22 12:46:11	1	0	1	0
           410	2023-08-22 12:46:19	1	0	1	0
           586	2023-08-22 12:46:23	1	0	1	0
           533	2023-08-22 12:46:32	1	0	1	0
            66	2023-08-22 12:47:16	1	0	15	0
           529	2023-08-22 12:48:43	1	0	1	0
           125	2023-08-22 12:49:15	1	0	1	0
           570	2023-08-22 12:49:22	1	0	1	0
           443	2023-08-22 12:49:32	1	0	1	0
           584	2023-08-22 12:50:28	1	0	1	0
           338	2023-08-22 12:51:22	1	0	1	0
           502	2023-08-22 12:52:55	1	0	1	0
           575	2023-08-22 12:53:00	1	0	1	0
           547	2023-08-22 12:53:04	1	0	1	0
           476	2023-08-22 12:53:24	1	0	1	0
           223	2023-08-22 12:55:07	1	0	1	0
           101	2023-08-22 12:56:25	1	0	1	0
           200	2023-08-22 12:58:34	1	0	1	0
            69	2023-08-22 12:59:10	1	0	1	0
           401	2023-08-22 13:00:22	1	0	1	0
           485	2023-08-22 13:05:07	1	0	1	0
           567	2023-08-22 13:43:41	1	0	1	0
           485	2023-08-22 13:48:03	1	0	1	0
            70	2023-08-22 14:00:18	1	0	15	0
           124	2023-08-22 14:19:49	1	0	15	0
           418	2023-08-22 16:01:27	1	0	1	0
           425	2023-08-22 16:04:56	1	0	1	0
           460	2023-08-22 16:05:03	1	0	1	0
           387	2023-08-22 17:00:17	1	0	15	0
           422	2023-08-22 17:00:36	1	0	15	0
           568	2023-08-22 17:00:45	1	0	1	0
           562	2023-08-22 17:00:49	1	0	1	0
           571	2023-08-22 17:00:55	1	0	1	0
           366	2023-08-22 17:01:01	1	0	1	0
           590	2023-08-22 17:01:06	1	0	1	0
           101	2023-08-22 17:01:15	1	0	1	0
           149	2023-08-22 17:01:20	1	0	1	0
            66	2023-08-22 17:01:29	1	0	15	0
           331	2023-08-22 17:01:35	1	0	1	0
           513	2023-08-22 17:01:39	1	0	1	0
           475	2023-08-22 17:01:43	1	0	1	0
           223	2023-08-22 17:01:49	1	0	1	0
           566	2023-08-22 17:02:00	1	0	1	0
           581	2023-08-22 17:02:11	1	0	1	0
           471	2023-08-22 17:02:22	1	0	1	0
           591	2023-08-22 17:02:30	1	0	1	0
           472	2023-08-22 17:02:36	1	0	1	0
           520	2023-08-22 17:02:46	1	0	15	0
           476	2023-08-22 17:02:51	1	0	1	0
           584	2023-08-22 17:03:01	1	0	1	0
           582	2023-08-22 17:03:05	1	0	1	0
           533	2023-08-22 17:03:10	1	0	1	0
           352	2023-08-22 17:04:04	1	0	1	0
           123	2023-08-22 17:04:12	1	0	1	0
           194	2023-08-22 17:04:19	1	0	1	0
           119	2023-08-22 17:04:26	1	0	15	0
           410	2023-08-22 17:04:39	1	0	1	0
           586	2023-08-22 17:04:45	1	0	1	0
           385	2023-08-22 17:04:54	1	0	1	0
           573	2023-08-22 17:05:02	1	0	1	0
           224	2023-08-22 17:05:09	1	0	15	0
           502	2023-08-22 17:05:16	1	0	1	0
           575	2023-08-22 17:05:25	1	0	1	0
            69	2023-08-22 17:05:31	1	0	1	0
           398	2023-08-22 17:05:37	1	0	1	0
           547	2023-08-22 17:05:48	1	0	1	0
           493	2023-08-22 17:05:57	1	0	1	0
           348	2023-08-22 17:06:19	1	0	15	0
           363	2023-08-22 17:06:55	1	0	1	0
           417	2023-08-22 17:07:06	1	0	15	0
           540	2023-08-22 17:07:11	1	0	1	0
           196	2023-08-22 17:07:17	1	0	1	0
           360	2023-08-22 17:07:22	1	0	1	0
           241	2023-08-22 17:07:28	1	0	1	0
           580	2023-08-22 17:07:34	1	0	1	0
           585	2023-08-22 17:07:44	1	0	1	0
           583	2023-08-22 17:08:04	1	0	1	0
           570	2023-08-22 17:09:29	1	0	1	0
           434	2023-08-22 17:11:28	1	0	1	0
           335	2023-08-22 17:16:31	1	0	1	0
           105	2023-08-22 17:17:46	1	0	1	0
           408	2023-08-22 17:17:53	1	0	1	0
           525	2023-08-22 17:17:59	1	0	1	0
           312	2023-08-22 17:18:32	1	0	1	0
           265	2023-08-22 17:18:36	1	0	1	0
           338	2023-08-22 17:18:39	1	0	1	0
           465	2023-08-22 17:22:57	1	0	1	0
           556	2023-08-22 17:33:47	1	0	1	0
           397	2023-08-22 17:36:26	1	0	1	0
            91	2023-08-22 17:36:32	1	0	1	0
           399	2023-08-22 17:36:44	1	0	1	0
            43	2023-08-22 17:36:54	1	0	1	0
           473	2023-08-22 17:39:44	1	0	1	0
           574	2023-08-22 17:39:49	1	0	1	0
           403	2023-08-22 17:40:07	1	0	1	0
           125	2023-08-22 17:45:15	1	0	1	0
           443	2023-08-22 17:46:01	1	0	1	0
           401	2023-08-22 17:46:27	1	0	1	0
           453	2023-08-22 17:47:35	1	0	1	0
            27	2023-08-22 17:53:50	1	0	15	0
           529	2023-08-22 17:55:26	1	0	1	0
           355	2023-08-22 18:01:22	1	0	1	0
           485	2023-08-22 18:02:26	1	0	1	0
            40	2023-08-22 18:06:30	1	0	1	0
           404	2023-08-22 18:09:39	1	0	1	0
           205	2023-08-22 18:09:48	1	0	1	0
           492	2023-08-22 18:29:21	1	0	1	0
           249	2023-08-22 18:35:49	1	0	1	0
           589	2023-08-22 18:35:56	1	0	1	0
           121	2023-08-22 18:36:07	1	0	1	0
           252	2023-08-22 20:43:51	1	0	15	0
           567	2023-08-22 22:01:53	1	0	1	0
           200	2023-08-22 22:09:21	1	0	1	0
           107	2023-08-22 22:53:42	1	0	1	0
           124	2023-08-22 23:02:30	1	0	15	0
           337	2023-08-23 06:17:34	1	0	1	0
           314	2023-08-23 06:21:17	1	0	1	0
           422	2023-08-23 06:33:41	1	0	1	0
            52	2023-08-23 06:34:07	1	0	1	0
           567	2023-08-23 06:35:38	1	0	1	0
           387	2023-08-23 06:36:54	1	0	15	0
           119	2023-08-23 06:40:03	1	0	15	0
           224	2023-08-23 06:40:13	1	0	15	0
           196	2023-08-23 06:40:28	1	0	1	0
           425	2023-08-23 06:44:19	1	0	1	0
           366	2023-08-23 06:49:51	1	0	1	0
           511	2023-08-23 06:54:27	1	0	1	0
           107	2023-08-23 07:00:05	1	0	1	0
           335	2023-08-23 07:00:50	1	0	1	0
           443	2023-08-23 07:01:23	1	0	1	0
           573	2023-08-23 07:07:24	1	0	1	0
            77	2023-08-23 07:08:12	1	0	1	0
           460	2023-08-23 07:09:41	1	0	1	0
           467	2023-08-23 07:12:45	1	0	1	0
           576	2023-08-23 07:13:03	1	0	1	0
           533	2023-08-23 07:14:28	1	0	1	0
           559	2023-08-23 07:15:01	1	0	1	0
           123	2023-08-23 07:15:10	1	0	1	0
           566	2023-08-23 07:18:03	1	0	1	0
           581	2023-08-23 07:18:09	1	0	1	0
           584	2023-08-23 07:18:15	1	0	1	0
            27	2023-08-23 07:20:06	1	0	15	0
           453	2023-08-23 07:20:12	1	0	1	0
           348	2023-08-23 07:20:20	1	0	1	0
           585	2023-08-23 07:20:30	1	0	1	0
           360	2023-08-23 07:21:06	1	0	1	0
           574	2023-08-23 07:23:31	1	0	1	0
           379	2023-08-23 07:23:45	1	0	1	0
           473	2023-08-23 07:24:02	1	0	1	0
           205	2023-08-23 07:24:58	1	0	1	0
           405	2023-08-23 07:25:06	1	0	1	0
           149	2023-08-23 07:25:51	1	0	1	0
           556	2023-08-23 07:26:45	1	0	1	0
           401	2023-08-23 07:26:51	1	0	1	0
           541	2023-08-23 07:27:14	1	0	1	0
           397	2023-08-23 07:27:58	1	0	1	0
           223	2023-08-23 07:28:20	1	0	1	0
            39	2023-08-23 07:29:03	1	0	1	0
           101	2023-08-23 07:29:11	1	0	1	0
           398	2023-08-23 07:29:34	1	0	1	0
           352	2023-08-23 07:30:14	1	0	1	0
            91	2023-08-23 07:30:51	1	0	1	0
           185	2023-08-23 07:30:55	1	0	1	0
           434	2023-08-23 07:31:23	1	0	1	0
           121	2023-08-23 07:31:43	1	0	1	0
           590	2023-08-23 07:32:57	1	0	1	0
           536	2023-08-23 07:33:22	1	0	1	0
           591	2023-08-23 07:33:44	1	0	1	0
           142	2023-08-23 07:35:08	1	0	1	0
           132	2023-08-23 07:35:13	1	0	15	0
           583	2023-08-23 07:35:59	1	0	1	0
           589	2023-08-23 07:36:17	1	0	1	0
           355	2023-08-23 07:36:37	1	0	1	0
           252	2023-08-23 07:36:45	1	0	15	0
           444	2023-08-23 07:37:27	1	0	1	0
           418	2023-08-23 07:37:53	1	0	1	0
           125	2023-08-23 07:38:24	1	0	1	0
            83	2023-08-23 07:38:37	1	0	1	0
            43	2023-08-23 07:39:20	1	0	1	0
            66	2023-08-23 07:39:48	1	0	15	0
           579	2023-08-23 07:40:10	1	0	1	0
           492	2023-08-23 07:40:24	1	0	1	0
           115	2023-08-23 07:42:02	1	0	1	0
           568	2023-08-23 07:42:14	1	0	1	0
           187	2023-08-23 07:42:21	1	0	15	0
           338	2023-08-23 07:42:30	1	0	1	0
           408	2023-08-23 07:43:23	1	0	1	0
           551	2023-08-23 07:43:39	1	0	1	0
           194	2023-08-23 07:43:44	1	0	1	0
            69	2023-08-23 07:43:52	1	0	1	0
           105	2023-08-23 07:44:03	1	0	1	0
           404	2023-08-23 07:44:06	1	0	1	0
           465	2023-08-23 07:44:36	1	0	1	0
           547	2023-08-23 07:44:41	1	0	1	0
           502	2023-08-23 07:44:45	1	0	1	0
           241	2023-08-23 07:44:51	1	0	1	0
           527	2023-08-23 07:45:07	1	0	1	0
           520	2023-08-23 07:45:45	1	0	15	0
           493	2023-08-23 07:45:52	1	0	1	0
           114	2023-08-23 07:46:05	1	0	1	0
           571	2023-08-23 07:46:11	1	0	1	0
           562	2023-08-23 07:46:45	1	0	1	0
           374	2023-08-23 07:47:13	1	0	1	0
            48	2023-08-23 07:47:22	1	0	15	0
           144	2023-08-23 07:48:11	1	0	1	0
            40	2023-08-23 07:49:03	1	0	1	0
           361	2023-08-23 07:50:19	1	0	1	0
           375	2023-08-23 07:50:30	1	0	1	0
           471	2023-08-23 07:50:34	1	0	1	0
           525	2023-08-23 07:50:39	1	0	1	0
           265	2023-08-23 07:51:05	1	0	1	0
           575	2023-08-23 07:51:14	1	0	1	0
           540	2023-08-23 07:51:34	1	0	1	0
           399	2023-08-23 07:52:48	1	0	1	0
           331	2023-08-23 07:53:55	1	0	1	0
           363	2023-08-23 07:55:05	1	0	1	0
           417	2023-08-23 07:56:36	1	0	15	0
           200	2023-08-23 07:56:43	1	0	1	0
           586	2023-08-23 07:56:48	1	0	1	0
            75	2023-08-23 07:57:40	1	0	1	0
           476	2023-08-23 07:57:45	1	0	1	0
           580	2023-08-23 08:00:00	1	0	1	0
           414	2023-08-23 08:00:08	1	0	1	0
           369	2023-08-23 08:00:32	1	0	1	0
           249	2023-08-23 08:02:44	1	0	1	0
           403	2023-08-23 08:03:13	1	0	1	0
            57	2023-08-23 08:04:01	1	0	1	0
           312	2023-08-23 08:05:31	1	0	1	0
           181	2023-08-23 08:05:48	1	0	1	0
           513	2023-08-23 08:08:02	1	0	1	0
           529	2023-08-23 08:08:51	1	0	1	0
           475	2023-08-23 08:17:59	1	0	1	0
           410	2023-08-23 08:18:59	1	0	1	0
           516	2023-08-23 08:22:25	1	0	1	0
           146	2023-08-23 08:49:22	1	0	1	0
           485	2023-08-23 08:52:21	1	0	1	0
           460	2023-08-23 11:02:42	1	0	1	0
           425	2023-08-23 11:02:47	1	0	1	0
           180	2023-08-23 11:05:00	1	0	1	0
           425	2023-08-23 11:19:58	1	0	1	0
           460	2023-08-23 11:20:06	1	0	1	0
           224	2023-08-23 11:30:20	1	0	15	0
           475	2023-08-23 11:30:24	1	0	15	0
           366	2023-08-23 11:30:43	1	0	1	0
           422	2023-08-23 11:31:02	1	0	1	0
           387	2023-08-23 11:31:14	1	0	15	0
           559	2023-08-23 11:31:31	1	0	1	0
           566	2023-08-23 11:31:35	1	0	1	0
           581	2023-08-23 11:31:39	1	0	1	0
           196	2023-08-23 11:31:45	1	0	1	0
           223	2023-08-23 11:31:49	1	0	1	0
           123	2023-08-23 11:32:02	1	0	1	0
           533	2023-08-23 11:32:07	1	0	1	0
           576	2023-08-23 11:32:31	1	0	1	0
           119	2023-08-23 11:34:56	1	0	15	0
           360	2023-08-23 11:35:14	1	0	1	0
           379	2023-08-23 12:00:03	1	0	1	0
           348	2023-08-23 12:00:08	1	0	1	0
            83	2023-08-23 12:00:18	1	0	1	0
           196	2023-08-23 12:00:24	1	0	1	0
           387	2023-08-23 12:00:32	1	0	15	0
           475	2023-08-23 12:00:38	1	0	1	0
           422	2023-08-23 12:00:43	1	0	15	0
           559	2023-08-23 12:00:51	1	0	1	0
           576	2023-08-23 12:00:56	1	0	1	0
           224	2023-08-23 12:01:02	1	0	15	0
           123	2023-08-23 12:01:06	1	0	1	0
           121	2023-08-23 12:01:11	1	0	1	0
           589	2023-08-23 12:01:17	1	0	1	0
           366	2023-08-23 12:01:28	1	0	1	0
           119	2023-08-23 12:01:37	1	0	15	0
            77	2023-08-23 12:01:43	1	0	1	0
           265	2023-08-23 12:01:56	1	0	1	0
           205	2023-08-23 12:02:06	1	0	1	0
           249	2023-08-23 12:02:13	1	0	1	0
           568	2023-08-23 12:02:20	1	0	1	0
           556	2023-08-23 12:02:23	1	0	1	0
           335	2023-08-23 12:02:28	1	0	1	0
           516	2023-08-23 12:02:34	1	0	1	0
           465	2023-08-23 12:02:42	1	0	1	0
           551	2023-08-23 12:02:48	1	0	1	0
            80	2023-08-23 12:02:58	1	0	1	0
           397	2023-08-23 12:03:02	1	0	1	0
           493	2023-08-23 12:03:09	1	0	1	0
           571	2023-08-23 12:03:15	1	0	1	0
           562	2023-08-23 12:03:20	1	0	1	0
           590	2023-08-23 12:03:25	1	0	1	0
           434	2023-08-23 12:03:31	1	0	1	0
            91	2023-08-23 12:03:36	1	0	1	0
           331	2023-08-23 12:03:41	1	0	1	0
           142	2023-08-23 12:03:47	1	0	1	0
            66	2023-08-23 12:04:02	1	0	15	0
           114	2023-08-23 12:04:07	1	0	1	0
           471	2023-08-23 12:04:15	1	0	1	0
           527	2023-08-23 12:04:19	1	0	1	0
           132	2023-08-23 12:04:25	1	0	1	0
           591	2023-08-23 12:04:32	1	0	1	0
           405	2023-08-23 12:04:38	1	0	1	0
           375	2023-08-23 12:04:48	1	0	1	0
           361	2023-08-23 12:05:00	1	0	1	0
           414	2023-08-23 12:05:03	1	0	1	0
           149	2023-08-23 12:05:19	1	0	1	0
           181	2023-08-23 12:05:27	1	0	1	0
           536	2023-08-23 12:05:36	1	0	1	0
           185	2023-08-23 12:05:43	1	0	1	0
           180	2023-08-23 12:05:49	1	0	1	0
           355	2023-08-23 12:05:54	1	0	1	0
           241	2023-08-23 12:06:02	1	0	1	0
            27	2023-08-23 12:06:25	1	0	15	0
           453	2023-08-23 12:06:32	1	0	1	0
            75	2023-08-23 12:07:33	1	0	1	0
            69	2023-08-23 12:07:38	1	0	1	0
           403	2023-08-23 12:07:42	1	0	1	0
           476	2023-08-23 12:07:59	1	0	1	0
           417	2023-08-23 12:08:36	1	0	1	0
           363	2023-08-23 12:08:48	1	0	1	0
           579	2023-08-23 12:09:38	1	0	1	0
           573	2023-08-23 12:09:42	1	0	1	0
           467	2023-08-23 12:09:48	1	0	1	0
           314	2023-08-23 12:09:57	1	0	1	0
           337	2023-08-23 12:10:06	1	0	1	0
           374	2023-08-23 12:10:17	1	0	1	0
           580	2023-08-23 12:10:24	1	0	1	0
           583	2023-08-23 12:10:30	1	0	1	0
           547	2023-08-23 12:10:32	1	0	1	0
           513	2023-08-23 12:10:49	1	0	1	0
           585	2023-08-23 12:12:03	1	0	1	0
           105	2023-08-23 12:13:16	1	0	1	0
           584	2023-08-23 12:14:05	1	0	1	0
            40	2023-08-23 12:15:47	1	0	1	0
           252	2023-08-23 12:15:57	1	0	15	0
            77	2023-08-23 12:17:19	1	0	1	0
           194	2023-08-23 12:17:27	1	0	1	0
           511	2023-08-23 12:17:39	1	0	1	0
           200	2023-08-23 12:17:47	1	0	1	0
            80	2023-08-23 12:18:07	1	0	15	0
           551	2023-08-23 12:18:11	1	0	1	0
           121	2023-08-23 12:18:18	1	0	1	0
           352	2023-08-23 12:18:27	1	0	1	0
           540	2023-08-23 12:18:30	1	0	1	0
           410	2023-08-23 12:18:36	1	0	1	0
           586	2023-08-23 12:18:43	1	0	1	0
           589	2023-08-23 12:18:49	1	0	1	0
           369	2023-08-23 12:19:10	1	0	1	0
           312	2023-08-23 12:20:05	1	0	1	0
           520	2023-08-23 12:20:15	1	0	15	0
           149	2023-08-23 12:20:34	1	0	1	0
            83	2023-08-23 12:20:42	1	0	1	0
           529	2023-08-23 12:20:47	1	0	1	0
           541	2023-08-23 12:21:01	1	0	1	0
           536	2023-08-23 12:21:53	1	0	1	0
           181	2023-08-23 12:22:10	1	0	1	0
            91	2023-08-23 12:22:17	1	0	1	0
           185	2023-08-23 12:22:22	1	0	1	0
           241	2023-08-23 12:22:30	1	0	1	0
            66	2023-08-23 12:22:35	1	0	15	0
           471	2023-08-23 12:23:03	1	0	1	0
           363	2023-08-23 12:24:32	1	0	1	0
           417	2023-08-23 12:24:36	1	0	15	0
           375	2023-08-23 12:24:41	1	0	1	0
           405	2023-08-23 12:24:46	1	0	1	0
           361	2023-08-23 12:24:50	1	0	1	0
            39	2023-08-23 12:24:55	1	0	1	0
           568	2023-08-23 12:24:58	1	0	15	0
            52	2023-08-23 12:25:13	1	0	1	0
           114	2023-08-23 12:25:24	1	0	1	0
           467	2023-08-23 12:25:31	1	0	1	0
           573	2023-08-23 12:25:36	1	0	1	0
            69	2023-08-23 12:25:40	1	0	1	0
           403	2023-08-23 12:25:47	1	0	1	0
           579	2023-08-23 12:26:14	1	0	1	0
           374	2023-08-23 12:26:20	1	0	1	0
           314	2023-08-23 12:26:24	1	0	1	0
           337	2023-08-23 12:26:35	1	0	1	0
           591	2023-08-23 12:26:42	1	0	1	0
           547	2023-08-23 12:26:53	1	0	1	0
           465	2023-08-23 12:26:57	1	0	1	0
           335	2023-08-23 12:27:13	1	0	1	0
           399	2023-08-23 12:27:40	1	0	1	0
           476	2023-08-23 12:28:06	1	0	1	0
            75	2023-08-23 12:28:39	1	0	1	0
           249	2023-08-23 12:29:14	1	0	15	0
           144	2023-08-23 12:29:25	1	0	1	0
           401	2023-08-23 12:29:31	1	0	1	0
           404	2023-08-23 12:29:35	1	0	1	0
           574	2023-08-23 12:30:02	1	0	1	0
           584	2023-08-23 12:32:10	1	0	1	0
           252	2023-08-23 12:33:23	1	0	15	0
           434	2023-08-23 12:33:41	1	0	1	0
           444	2023-08-23 12:34:21	1	0	1	0
           332	2023-08-23 12:34:35	1	0	1	0
           369	2023-08-23 12:35:13	1	0	1	0
           331	2023-08-23 12:36:05	1	0	1	0
           516	2023-08-23 12:36:14	1	0	1	0
           493	2023-08-23 12:36:45	1	0	1	0
           105	2023-08-23 12:36:49	1	0	1	0
           571	2023-08-23 12:36:54	1	0	1	0
           338	2023-08-23 12:37:56	1	0	1	0
           556	2023-08-23 12:38:06	1	0	1	0
           562	2023-08-23 12:38:54	1	0	1	0
           575	2023-08-23 12:39:13	1	0	1	0
           502	2023-08-23 12:39:30	1	0	1	0
           265	2023-08-23 12:40:55	1	0	1	0
           492	2023-08-23 12:41:43	1	0	1	0
            48	2023-08-23 12:42:52	1	0	15	0
           115	2023-08-23 12:42:58	1	0	1	0
           187	2023-08-23 12:43:07	1	0	1	0
           566	2023-08-23 12:43:17	1	0	1	0
           511	2023-08-23 12:43:25	1	0	1	0
           520	2023-08-23 12:43:35	1	0	15	0
           581	2023-08-23 12:43:41	1	0	1	0
           513	2023-08-23 12:44:08	1	0	1	0
           590	2023-08-23 12:44:20	1	0	1	0
           404	2023-08-23 12:45:00	1	0	1	0
           401	2023-08-23 12:45:13	1	0	1	0
            39	2023-08-23 12:45:20	1	0	1	0
           397	2023-08-23 12:45:49	1	0	1	0
           144	2023-08-23 12:46:40	1	0	1	0
            27	2023-08-23 12:46:49	1	0	15	0
           348	2023-08-23 12:47:01	1	0	1	0
           583	2023-08-23 12:47:58	1	0	1	0
           453	2023-08-23 12:48:09	1	0	1	0
           443	2023-08-23 12:49:08	1	0	1	0
           355	2023-08-23 12:49:15	1	0	1	0
           580	2023-08-23 12:49:24	1	0	1	0
           529	2023-08-23 12:50:14	1	0	15	0
           352	2023-08-23 12:51:44	1	0	1	0
           410	2023-08-23 12:51:48	1	0	1	0
           540	2023-08-23 12:51:53	1	0	1	0
           586	2023-08-23 12:51:58	1	0	1	0
           444	2023-08-23 12:53:09	1	0	1	0
           574	2023-08-23 12:53:13	1	0	1	0
           101	2023-08-23 12:53:45	1	0	1	0
           200	2023-08-23 12:54:00	1	0	1	0
           194	2023-08-23 12:54:14	1	0	1	0
           527	2023-08-23 12:54:18	1	0	1	0
           379	2023-08-23 12:54:24	1	0	1	0
            40	2023-08-23 12:54:35	1	0	1	0
           585	2023-08-23 12:54:40	1	0	1	0
           223	2023-08-23 12:54:52	1	0	1	0
           533	2023-08-23 12:54:55	1	0	1	0
           575	2023-08-23 12:55:24	1	0	1	0
           502	2023-08-23 12:55:46	1	0	1	0
           142	2023-08-23 12:56:59	1	0	1	0
           132	2023-08-23 12:57:10	1	0	1	0
           492	2023-08-23 12:57:17	1	0	1	0
           541	2023-08-23 12:57:59	1	0	1	0
            57	2023-08-23 13:04:31	1	0	1	0
           485	2023-08-23 13:06:45	1	0	1	0
           485	2023-08-23 13:34:57	1	0	1	0
           124	2023-08-23 13:38:02	1	0	15	0
           567	2023-08-23 15:01:26	1	0	1	0
           418	2023-08-23 16:00:06	1	0	1	0
           425	2023-08-23 16:14:03	1	0	1	0
           460	2023-08-23 16:14:12	1	0	1	0
           399	2023-08-23 17:00:05	1	0	1	0
            52	2023-08-23 17:00:10	1	0	1	0
           369	2023-08-23 17:00:16	1	0	1	0
           387	2023-08-23 17:00:24	1	0	15	0
           422	2023-08-23 17:00:56	1	0	15	0
            48	2023-08-23 17:01:03	1	0	15	0
           115	2023-08-23 17:01:09	1	0	1	0
           187	2023-08-23 17:01:14	1	0	1	0
           397	2023-08-23 17:01:19	1	0	1	0
           379	2023-08-23 17:01:24	1	0	1	0
           571	2023-08-23 17:01:30	1	0	1	0
           348	2023-08-23 17:01:34	1	0	1	0
           562	2023-08-23 17:01:40	1	0	1	0
           559	2023-08-23 17:01:43	1	0	1	0
           576	2023-08-23 17:01:48	1	0	1	0
           566	2023-08-23 17:01:53	1	0	1	0
           581	2023-08-23 17:01:57	1	0	1	0
           570	2023-08-23 17:02:02	1	0	1	0
           551	2023-08-23 17:02:06	1	0	1	0
            80	2023-08-23 17:02:20	1	0	1	0
           125	2023-08-23 17:02:24	1	0	1	0
           511	2023-08-23 17:02:30	1	0	1	0
           223	2023-08-23 17:02:36	1	0	1	0
           513	2023-08-23 17:02:41	1	0	1	0
           533	2023-08-23 17:02:45	1	0	1	0
           149	2023-08-23 17:02:54	1	0	1	0
           366	2023-08-23 17:03:02	1	0	1	0
           475	2023-08-23 17:03:07	1	0	1	0
           123	2023-08-23 17:03:13	1	0	1	0
           591	2023-08-23 17:03:20	1	0	1	0
           181	2023-08-23 17:03:26	1	0	1	0
           547	2023-08-23 17:03:31	1	0	1	0
            39	2023-08-23 17:03:41	1	0	1	0
           568	2023-08-23 17:03:47	1	0	1	0
           403	2023-08-23 17:03:54	1	0	1	0
           502	2023-08-23 17:04:01	1	0	1	0
           265	2023-08-23 17:04:07	1	0	1	0
           575	2023-08-23 17:04:12	1	0	1	0
            69	2023-08-23 17:04:23	1	0	1	0
            77	2023-08-23 17:04:30	1	0	1	0
           224	2023-08-23 17:05:24	1	0	15	0
           471	2023-08-23 17:05:39	1	0	1	0
           585	2023-08-23 17:05:46	1	0	1	0
           119	2023-08-23 17:06:04	1	0	15	0
           185	2023-08-23 17:06:19	1	0	1	0
           529	2023-08-23 17:06:26	1	0	1	0
           331	2023-08-23 17:06:56	1	0	1	0
           476	2023-08-23 17:07:04	1	0	1	0
           540	2023-08-23 17:08:01	1	0	1	0
            40	2023-08-23 17:08:09	1	0	1	0
           196	2023-08-23 17:08:15	1	0	1	0
           352	2023-08-23 17:08:20	1	0	1	0
           410	2023-08-23 17:08:26	1	0	1	0
           586	2023-08-23 17:08:30	1	0	1	0
           405	2023-08-23 17:08:38	1	0	1	0
           417	2023-08-23 17:08:48	1	0	1	0
           556	2023-08-23 17:08:57	1	0	1	0
           453	2023-08-23 17:09:07	1	0	1	0
           375	2023-08-23 17:09:19	1	0	1	0
           363	2023-08-23 17:09:24	1	0	1	0
           361	2023-08-23 17:09:35	1	0	1	0
           180	2023-08-23 17:10:15	1	0	1	0
           536	2023-08-23 17:10:21	1	0	1	0
           584	2023-08-23 17:10:30	1	0	1	0
           101	2023-08-23 17:10:40	1	0	1	0
           520	2023-08-23 17:11:21	1	0	15	0
           580	2023-08-23 17:11:40	1	0	1	0
           583	2023-08-23 17:11:57	1	0	1	0
           527	2023-08-23 17:12:01	1	0	1	0
           194	2023-08-23 17:13:21	1	0	1	0
            27	2023-08-23 17:14:33	1	0	15	0
           493	2023-08-23 17:14:40	1	0	1	0
           241	2023-08-23 17:14:49	1	0	1	0
           114	2023-08-23 17:16:13	1	0	1	0
           252	2023-08-23 17:17:58	1	0	15	0
           573	2023-08-23 17:18:13	1	0	1	0
           146	2023-08-23 17:20:18	1	0	15	0
           434	2023-08-23 17:21:03	1	0	1	0
           374	2023-08-23 17:21:24	1	0	1	0
           579	2023-08-23 17:28:23	1	0	1	0
           314	2023-08-23 17:28:34	1	0	1	0
           541	2023-08-23 17:28:38	1	0	1	0
           467	2023-08-23 17:28:43	1	0	1	0
           337	2023-08-23 17:28:52	1	0	1	0
           312	2023-08-23 17:29:50	1	0	1	0
           408	2023-08-23 17:29:54	1	0	1	0
           525	2023-08-23 17:30:14	1	0	1	0
           574	2023-08-23 17:34:29	1	0	1	0
           590	2023-08-23 17:34:35	1	0	1	0
           473	2023-08-23 17:35:24	1	0	1	0
           144	2023-08-23 17:38:36	1	0	1	0
           398	2023-08-23 17:40:17	1	0	1	0
           105	2023-08-23 17:40:44	1	0	1	0
            91	2023-08-23 17:41:07	1	0	1	0
           205	2023-08-23 17:41:11	1	0	1	0
           142	2023-08-23 17:42:06	1	0	1	0
           132	2023-08-23 17:43:14	1	0	1	0
            43	2023-08-23 17:52:21	1	0	1	0
           249	2023-08-23 18:00:05	1	0	1	0
            83	2023-08-23 18:05:01	1	0	1	0
           355	2023-08-23 18:06:01	1	0	1	0
           485	2023-08-23 18:06:58	1	0	1	0
           332	2023-08-23 18:11:35	1	0	1	0
           401	2023-08-23 18:11:42	1	0	1	0
           516	2023-08-23 18:28:30	1	0	1	0
           121	2023-08-23 18:32:30	1	0	1	0
           589	2023-08-23 18:32:35	1	0	1	0
           205	2023-08-23 18:48:39	1	0	1	0
           465	2023-08-23 18:58:15	1	0	1	0
            75	2023-08-23 18:58:19	1	0	1	0
           335	2023-08-23 19:07:06	1	0	1	0
           443	2023-08-23 19:07:30	1	0	1	0
           492	2023-08-23 19:22:04	1	0	1	0
           200	2023-08-23 21:32:01	1	0	1	0
           414	2023-08-23 21:38:12	1	0	1	0
           107	2023-08-23 21:50:48	1	0	1	0
           124	2023-08-23 22:20:49	1	0	15	0
           529	2023-08-23 22:20:57	1	0	1	0
           444	2023-08-23 22:22:02	1	0	1	0
           404	2023-08-23 22:22:14	1	0	1	0
           305	2023-08-23 22:35:44	1	0	1	0
           107	2023-08-24 06:03:29	1	0	1	0
           337	2023-08-24 06:11:14	1	0	1	0
           314	2023-08-24 06:25:36	1	0	1	0
           387	2023-08-24 06:29:37	1	0	15	0
           395	2023-08-24 06:29:46	1	0	1	0
           124	2023-08-24 06:30:00	1	0	15	0
            52	2023-08-24 06:30:51	1	0	1	0
            43	2023-08-24 06:37:32	1	0	1	0
           418	2023-08-24 06:38:39	1	0	1	0
           422	2023-08-24 06:41:16	1	0	1	0
           196	2023-08-24 06:44:52	1	0	1	0
           119	2023-08-24 06:45:07	1	0	15	0
           224	2023-08-24 06:45:21	1	0	15	0
           493	2023-08-24 06:46:44	1	0	1	0
           425	2023-08-24 06:54:33	1	0	1	0
           460	2023-08-24 06:58:18	1	0	1	0
           385	2023-08-24 07:00:34	1	0	1	0
           305	2023-08-24 07:02:07	1	0	1	0
           187	2023-08-24 07:06:33	1	0	15	0
           366	2023-08-24 07:07:10	1	0	1	0
           576	2023-08-24 07:07:16	1	0	1	0
           465	2023-08-24 07:08:54	1	0	1	0
            75	2023-08-24 07:09:08	1	0	1	0
           348	2023-08-24 07:09:26	1	0	1	0
            27	2023-08-24 07:09:40	1	0	15	0
           453	2023-08-24 07:09:49	1	0	1	0
           205	2023-08-24 07:09:56	1	0	1	0
           573	2023-08-24 07:10:05	1	0	1	0
           584	2023-08-24 07:10:25	1	0	1	0
           533	2023-08-24 07:11:03	1	0	1	0
           546	2023-08-24 07:11:52	1	0	1	0
           360	2023-08-24 07:12:29	1	0	1	0
            77	2023-08-24 07:12:39	1	0	1	0
           575	2023-08-24 07:13:35	1	0	1	0
           123	2023-08-24 07:15:51	1	0	1	0
           259	2023-08-24 07:16:25	1	0	15	0
           398	2023-08-24 07:18:58	1	0	1	0
           566	2023-08-24 07:19:21	1	0	1	0
           581	2023-08-24 07:19:29	1	0	1	0
           556	2023-08-24 07:19:59	1	0	1	0
           559	2023-08-24 07:21:02	1	0	1	0
           582	2023-08-24 07:21:11	1	0	1	0
            88	2023-08-24 07:25:26	1	0	15	0
           252	2023-08-24 07:25:37	1	0	15	0
           467	2023-08-24 07:26:39	1	0	1	0
            37	2023-08-24 07:26:54	1	0	1	0
           434	2023-08-24 07:28:58	1	0	1	0
           574	2023-08-24 07:29:43	1	0	1	0
           223	2023-08-24 07:30:16	1	0	1	0
           590	2023-08-24 07:30:34	1	0	1	0
           335	2023-08-24 07:30:44	1	0	1	0
           540	2023-08-24 07:30:54	1	0	1	0
            66	2023-08-24 07:32:29	1	0	15	0
           591	2023-08-24 07:32:39	1	0	15	0
            48	2023-08-24 07:33:56	1	0	15	0
           379	2023-08-24 07:34:10	1	0	1	0
           397	2023-08-24 07:34:29	1	0	1	0
           541	2023-08-24 07:34:56	1	0	1	0
            39	2023-08-24 07:35:38	1	0	1	0
           181	2023-08-24 07:36:32	1	0	1	0
           408	2023-08-24 07:36:38	1	0	1	0
           585	2023-08-24 07:37:10	1	0	1	0
            83	2023-08-24 07:37:29	1	0	1	0
           475	2023-08-24 07:37:35	1	0	1	0
           180	2023-08-24 07:38:18	1	0	1	0
           570	2023-08-24 07:38:39	1	0	1	0
           492	2023-08-24 07:38:44	1	0	1	0
           571	2023-08-24 07:38:57	1	0	1	0
           530	2023-08-24 07:39:05	1	0	1	0
           121	2023-08-24 07:40:29	1	0	1	0
           185	2023-08-24 07:40:35	1	0	1	0
            91	2023-08-24 07:40:40	1	0	1	0
            69	2023-08-24 07:41:32	1	0	1	0
           589	2023-08-24 07:41:45	1	0	1	0
           527	2023-08-24 07:42:02	1	0	1	0
           444	2023-08-24 07:42:45	1	0	1	0
           142	2023-08-24 07:42:48	1	0	1	0
           132	2023-08-24 07:42:54	1	0	1	0
           145	2023-08-24 07:43:01	1	0	1	0
           579	2023-08-24 07:43:06	1	0	1	0
            93	2023-08-24 07:43:15	1	0	1	0
           355	2023-08-24 07:43:22	1	0	1	0
           149	2023-08-24 07:43:54	1	0	1	0
           184	2023-08-24 07:44:01	1	0	1	0
           146	2023-08-24 07:44:08	1	0	15	0
           536	2023-08-24 07:45:53	1	0	1	0
            87	2023-08-24 07:46:37	1	0	15	0
           183	2023-08-24 07:47:24	1	0	15	0
           586	2023-08-24 07:47:37	1	0	1	0
           115	2023-08-24 07:48:10	1	0	1	0
           105	2023-08-24 07:48:15	1	0	1	0
           404	2023-08-24 07:48:19	1	0	1	0
           194	2023-08-24 07:48:26	1	0	1	0
           288	2023-08-24 07:48:33	1	0	1	0
           374	2023-08-24 07:48:41	1	0	1	0
           338	2023-08-24 07:48:53	1	0	1	0
           562	2023-08-24 07:49:14	1	0	1	0
           352	2023-08-24 07:49:31	1	0	1	0
           265	2023-08-24 07:49:40	1	0	1	0
           525	2023-08-24 07:49:45	1	0	1	0
           547	2023-08-24 07:49:54	1	0	1	0
           502	2023-08-24 07:49:59	1	0	1	0
           568	2023-08-24 07:50:09	1	0	1	0
           200	2023-08-24 07:51:19	1	0	1	0
           363	2023-08-24 07:51:25	1	0	1	0
           473	2023-08-24 07:51:33	1	0	1	0
           370	2023-08-24 07:51:56	1	0	1	0
            73	2023-08-24 07:52:13	1	0	1	0
            38	2023-08-24 07:52:32	1	0	1	0
           114	2023-08-24 07:52:43	1	0	1	0
           520	2023-08-24 07:52:49	1	0	15	0
           551	2023-08-24 07:52:54	1	0	1	0
           401	2023-08-24 07:53:47	1	0	1	0
            80	2023-08-24 07:53:53	1	0	15	0
           529	2023-08-24 07:54:15	1	0	1	0
           125	2023-08-24 07:55:08	1	0	1	0
           511	2023-08-24 07:56:24	1	0	1	0
           331	2023-08-24 07:57:11	1	0	1	0
            40	2023-08-24 07:57:28	1	0	1	0
           361	2023-08-24 07:57:37	1	0	1	0
           583	2023-08-24 07:57:43	1	0	1	0
           472	2023-08-24 07:57:48	1	0	1	0
           471	2023-08-24 07:57:54	1	0	1	0
           241	2023-08-24 07:58:07	1	0	1	0
           516	2023-08-24 07:58:35	1	0	1	0
           312	2023-08-24 07:58:46	1	0	1	0
           417	2023-08-24 08:00:12	1	0	1	0
           369	2023-08-24 08:00:30	1	0	1	0
           399	2023-08-24 08:00:46	1	0	1	0
           182	2023-08-24 08:02:23	1	0	1	0
           476	2023-08-24 08:03:10	1	0	1	0
           403	2023-08-24 08:03:52	1	0	1	0
           413	2023-08-24 08:06:28	1	0	1	0
           249	2023-08-24 08:08:50	1	0	1	0
           580	2023-08-24 08:10:06	1	0	1	0
           513	2023-08-24 08:11:32	1	0	1	0
           592	2023-08-24 08:26:28	1	0	1	0
           144	2023-08-24 08:39:46	1	0	1	0
           485	2023-08-24 08:57:07	1	0	1	0
           460	2023-08-24 11:01:47	1	0	1	0
           425	2023-08-24 11:01:50	1	0	1	0
           425	2023-08-24 11:17:13	1	0	1	0
           460	2023-08-24 11:17:20	1	0	1	0
           387	2023-08-24 11:30:09	1	0	15	0
           224	2023-08-24 11:30:17	1	0	15	0
           395	2023-08-24 11:30:28	1	0	1	0
           360	2023-08-24 11:30:36	1	0	1	0
           559	2023-08-24 11:30:53	1	0	1	0
           576	2023-08-24 11:30:57	1	0	1	0
           475	2023-08-24 11:31:01	1	0	1	0
           566	2023-08-24 11:31:05	1	0	1	0
           581	2023-08-24 11:31:08	1	0	1	0
           223	2023-08-24 11:31:13	1	0	1	0
           533	2023-08-24 11:31:18	1	0	1	0
           123	2023-08-24 11:31:24	1	0	1	0
           422	2023-08-24 11:31:31	1	0	1	0
           366	2023-08-24 11:31:59	1	0	1	0
           119	2023-08-24 11:32:26	1	0	15	0
           582	2023-08-24 11:32:35	1	0	1	0
           196	2023-08-24 11:33:57	1	0	1	0
           385	2023-08-24 11:34:05	1	0	1	0
           369	2023-08-24 12:00:04	1	0	1	0
           115	2023-08-24 12:00:10	1	0	1	0
           379	2023-08-24 12:00:15	1	0	1	0
           397	2023-08-24 12:00:19	1	0	1	0
           387	2023-08-24 12:00:30	1	0	15	0
           513	2023-08-24 12:00:35	1	0	1	0
           562	2023-08-24 12:00:38	1	0	1	0
           385	2023-08-24 12:00:43	1	0	1	0
           123	2023-08-24 12:00:46	1	0	1	0
           582	2023-08-24 12:00:52	1	0	1	0
           366	2023-08-24 12:00:58	1	0	1	0
           576	2023-08-24 12:01:03	1	0	1	0
           422	2023-08-24 12:01:09	1	0	1	0
            48	2023-08-24 12:01:16	1	0	15	0
            43	2023-08-24 12:01:23	1	0	1	0
           187	2023-08-24 12:01:28	1	0	1	0
           196	2023-08-24 12:01:34	1	0	1	0
           249	2023-08-24 12:01:38	1	0	1	0
           121	2023-08-24 12:01:43	1	0	1	0
           224	2023-08-24 12:01:51	1	0	15	0
           511	2023-08-24 12:01:57	1	0	1	0
           265	2023-08-24 12:02:03	1	0	1	0
           570	2023-08-24 12:02:08	1	0	1	0
           259	2023-08-24 12:02:14	1	0	1	0
           399	2023-08-24 12:02:19	1	0	1	0
           527	2023-08-24 12:02:27	1	0	1	0
           395	2023-08-24 12:02:33	1	0	1	0
            91	2023-08-24 12:02:39	1	0	1	0
            87	2023-08-24 12:02:47	1	0	15	0
           185	2023-08-24 12:02:55	1	0	1	0
            52	2023-08-24 12:03:02	1	0	1	0
           180	2023-08-24 12:03:08	1	0	1	0
            73	2023-08-24 12:03:22	1	0	1	0
           181	2023-08-24 12:03:29	1	0	1	0
           536	2023-08-24 12:03:38	1	0	1	0
           142	2023-08-24 12:03:44	1	0	1	0
            80	2023-08-24 12:03:52	1	0	15	0
           551	2023-08-24 12:03:57	1	0	1	0
           568	2023-08-24 12:04:03	1	0	1	0
           472	2023-08-24 12:04:08	1	0	1	0
           471	2023-08-24 12:04:11	1	0	1	0
           348	2023-08-24 12:04:15	1	0	1	0
            66	2023-08-24 12:04:24	1	0	15	0
            27	2023-08-24 12:04:53	1	0	15	0
           241	2023-08-24 12:04:59	1	0	1	0
           592	2023-08-24 12:05:14	1	0	15	0
           132	2023-08-24 12:05:30	1	0	15	0
            83	2023-08-24 12:05:48	1	0	1	0
           434	2023-08-24 12:05:54	1	0	1	0
           571	2023-08-24 12:05:59	1	0	1	0
           413	2023-08-24 12:06:08	1	0	1	0
           591	2023-08-24 12:06:17	1	0	1	0
           337	2023-08-24 12:06:29	1	0	1	0
           493	2023-08-24 12:06:36	1	0	1	0
           453	2023-08-24 12:06:44	1	0	1	0
           119	2023-08-24 12:06:53	1	0	15	0
           559	2023-08-24 12:07:11	1	0	1	0
           580	2023-08-24 12:07:16	1	0	1	0
           583	2023-08-24 12:07:21	1	0	1	0
           403	2023-08-24 12:07:25	1	0	1	0
           473	2023-08-24 12:07:31	1	0	1	0
           144	2023-08-24 12:07:42	1	0	1	0
            69	2023-08-24 12:08:06	1	0	1	0
           547	2023-08-24 12:08:22	1	0	1	0
           530	2023-08-24 12:08:28	1	0	1	0
           149	2023-08-24 12:08:39	1	0	1	0
            38	2023-08-24 12:08:51	1	0	1	0
           520	2023-08-24 12:09:01	1	0	15	0
           476	2023-08-24 12:09:20	1	0	1	0
           540	2023-08-24 12:09:35	1	0	1	0
           352	2023-08-24 12:09:42	1	0	1	0
           410	2023-08-24 12:09:48	1	0	1	0
           586	2023-08-24 12:09:52	1	0	1	0
           556	2023-08-24 12:10:07	1	0	1	0
           579	2023-08-24 12:10:12	1	0	1	0
           573	2023-08-24 12:10:16	1	0	1	0
           546	2023-08-24 12:10:24	1	0	1	0
           467	2023-08-24 12:10:27	1	0	1	0
           314	2023-08-24 12:10:36	1	0	1	0
            37	2023-08-24 12:10:43	1	0	1	0
           584	2023-08-24 12:11:48	1	0	1	0
           184	2023-08-24 12:11:53	1	0	1	0
           370	2023-08-24 12:12:39	1	0	1	0
           589	2023-08-24 12:14:00	1	0	1	0
           502	2023-08-24 12:14:59	1	0	1	0
           335	2023-08-24 12:15:16	1	0	1	0
           115	2023-08-24 12:15:32	1	0	1	0
           541	2023-08-24 12:16:18	1	0	1	0
           114	2023-08-24 12:16:23	1	0	1	0
           374	2023-08-24 12:16:30	1	0	1	0
            48	2023-08-24 12:16:36	1	0	15	0
            40	2023-08-24 12:17:08	1	0	1	0
            77	2023-08-24 12:17:22	1	0	1	0
           194	2023-08-24 12:17:40	1	0	1	0
           125	2023-08-24 12:17:52	1	0	1	0
           527	2023-08-24 12:17:57	1	0	1	0
            88	2023-08-24 12:18:04	1	0	15	0
           183	2023-08-24 12:18:22	1	0	15	0
           182	2023-08-24 12:18:28	1	0	15	0
           288	2023-08-24 12:18:39	1	0	15	0
            93	2023-08-24 12:18:48	1	0	15	0
           511	2023-08-24 12:18:55	1	0	1	0
           200	2023-08-24 12:19:03	1	0	1	0
           536	2023-08-24 12:19:08	1	0	1	0
            91	2023-08-24 12:19:22	1	0	1	0
           404	2023-08-24 12:19:26	1	0	1	0
           187	2023-08-24 12:19:38	1	0	1	0
           185	2023-08-24 12:19:52	1	0	1	0
           180	2023-08-24 12:19:59	1	0	1	0
            52	2023-08-24 12:20:06	1	0	1	0
           241	2023-08-24 12:20:11	1	0	1	0
            87	2023-08-24 12:20:16	1	0	15	0
           471	2023-08-24 12:20:29	1	0	1	0
           472	2023-08-24 12:20:34	1	0	1	0
           562	2023-08-24 12:20:39	1	0	1	0
            83	2023-08-24 12:20:49	1	0	1	0
           585	2023-08-24 12:21:01	1	0	1	0
            80	2023-08-24 12:21:15	1	0	15	0
           551	2023-08-24 12:21:20	1	0	1	0
           355	2023-08-24 12:21:26	1	0	1	0
           337	2023-08-24 12:21:40	1	0	1	0
           568	2023-08-24 12:21:46	1	0	1	0
           181	2023-08-24 12:21:57	1	0	1	0
           473	2023-08-24 12:22:33	1	0	1	0
           144	2023-08-24 12:22:57	1	0	1	0
           338	2023-08-24 12:23:09	1	0	1	0
           530	2023-08-24 12:24:03	1	0	1	0
           520	2023-08-24 12:24:09	1	0	15	0
           252	2023-08-24 12:24:50	1	0	15	0
           312	2023-08-24 12:25:01	1	0	1	0
           105	2023-08-24 12:25:08	1	0	1	0
           525	2023-08-24 12:25:24	1	0	1	0
           413	2023-08-24 12:25:38	1	0	1	0
           146	2023-08-24 12:25:50	1	0	15	0
           556	2023-08-24 12:26:08	1	0	1	0
           546	2023-08-24 12:26:14	1	0	1	0
           467	2023-08-24 12:26:19	1	0	1	0
           314	2023-08-24 12:26:28	1	0	1	0
           579	2023-08-24 12:26:33	1	0	1	0
           547	2023-08-24 12:26:53	1	0	1	0
           591	2023-08-24 12:27:01	1	0	1	0
           575	2023-08-24 12:27:08	1	0	1	0
            39	2023-08-24 12:27:15	1	0	1	0
           408	2023-08-24 12:27:38	1	0	1	0
           434	2023-08-24 12:28:37	1	0	1	0
           529	2023-08-24 12:28:49	1	0	1	0
           145	2023-08-24 12:28:57	1	0	1	0
           401	2023-08-24 12:29:06	1	0	1	0
            69	2023-08-24 12:29:17	1	0	1	0
            27	2023-08-24 12:30:08	1	0	15	0
           453	2023-08-24 12:30:19	1	0	1	0
           502	2023-08-24 12:30:37	1	0	1	0
           331	2023-08-24 12:30:45	1	0	1	0
           444	2023-08-24 12:31:43	1	0	1	0
           574	2023-08-24 12:31:49	1	0	1	0
           335	2023-08-24 12:31:54	1	0	1	0
           493	2023-08-24 12:32:25	1	0	1	0
           571	2023-08-24 12:32:32	1	0	1	0
           541	2023-08-24 12:33:04	1	0	1	0
           114	2023-08-24 12:33:17	1	0	1	0
           374	2023-08-24 12:33:22	1	0	1	0
            73	2023-08-24 12:33:34	1	0	1	0
            77	2023-08-24 12:33:54	1	0	1	0
           348	2023-08-24 12:34:14	1	0	1	0
           516	2023-08-24 12:34:19	1	0	1	0
           492	2023-08-24 12:34:27	1	0	1	0
           370	2023-08-24 12:34:38	1	0	1	0
           121	2023-08-24 12:34:44	1	0	1	0
           249	2023-08-24 12:34:51	1	0	1	0
           589	2023-08-24 12:35:13	1	0	1	0
           403	2023-08-24 12:36:00	1	0	1	0
            38	2023-08-24 12:36:48	1	0	1	0
           363	2023-08-24 12:36:56	1	0	1	0
            75	2023-08-24 12:37:11	1	0	1	0
           369	2023-08-24 12:37:17	1	0	1	0
           361	2023-08-24 12:37:23	1	0	1	0
           414	2023-08-24 12:37:31	1	0	1	0
           465	2023-08-24 12:37:42	1	0	1	0
           584	2023-08-24 12:38:54	1	0	1	0
           149	2023-08-24 12:39:25	1	0	1	0
           288	2023-08-24 12:39:52	1	0	1	0
           252	2023-08-24 12:40:05	1	0	1	0
           570	2023-08-24 12:40:57	1	0	1	0
           125	2023-08-24 12:41:01	1	0	1	0
           404	2023-08-24 12:42:12	1	0	1	0
           397	2023-08-24 12:43:56	1	0	1	0
           417	2023-08-24 12:44:57	1	0	1	0
           513	2023-08-24 12:45:17	1	0	1	0
           476	2023-08-24 12:45:47	1	0	1	0
            39	2023-08-24 12:47:20	1	0	1	0
           352	2023-08-24 12:47:31	1	0	1	0
           586	2023-08-24 12:47:38	1	0	1	0
           540	2023-08-24 12:47:44	1	0	1	0
           573	2023-08-24 12:47:47	1	0	1	0
           312	2023-08-24 12:48:08	1	0	1	0
           105	2023-08-24 12:48:49	1	0	1	0
           525	2023-08-24 12:48:53	1	0	1	0
            66	2023-08-24 12:49:04	1	0	15	0
           408	2023-08-24 12:49:09	1	0	1	0
           401	2023-08-24 12:49:49	1	0	1	0
           145	2023-08-24 12:49:53	1	0	1	0
           492	2023-08-24 12:50:45	1	0	1	0
           516	2023-08-24 12:50:52	1	0	1	0
            93	2023-08-24 12:51:01	1	0	1	0
           182	2023-08-24 12:51:07	1	0	15	0
           183	2023-08-24 12:51:16	1	0	15	0
           566	2023-08-24 12:51:22	1	0	1	0
           581	2023-08-24 12:51:26	1	0	1	0
           574	2023-08-24 12:52:05	1	0	1	0
           355	2023-08-24 12:52:12	1	0	1	0
           363	2023-08-24 12:52:57	1	0	1	0
           361	2023-08-24 12:53:06	1	0	1	0
           580	2023-08-24 12:53:13	1	0	1	0
           223	2023-08-24 12:53:18	1	0	1	0
           259	2023-08-24 12:53:27	1	0	1	0
           575	2023-08-24 12:53:31	1	0	1	0
           331	2023-08-24 12:53:36	1	0	1	0
           583	2023-08-24 12:53:40	1	0	1	0
            40	2023-08-24 12:53:48	1	0	1	0
           585	2023-08-24 12:53:53	1	0	1	0
           533	2023-08-24 12:53:59	1	0	1	0
           142	2023-08-24 12:54:05	1	0	1	0
           132	2023-08-24 12:54:11	1	0	1	0
            88	2023-08-24 12:54:18	1	0	15	0
           529	2023-08-24 12:54:27	1	0	1	0
           465	2023-08-24 12:54:38	1	0	1	0
           194	2023-08-24 12:54:44	1	0	1	0
           200	2023-08-24 12:54:50	1	0	1	0
           379	2023-08-24 12:54:54	1	0	1	0
            75	2023-08-24 12:55:10	1	0	1	0
           444	2023-08-24 12:57:08	1	0	1	0
           338	2023-08-24 12:58:39	1	0	1	0
           417	2023-08-24 13:00:05	1	0	1	0
           360	2023-08-24 13:05:43	1	0	1	0
           485	2023-08-24 13:06:31	1	0	1	0
           332	2023-08-24 13:20:02	1	0	1	0
           485	2023-08-24 13:22:11	1	0	1	0
           592	2023-08-24 13:30:27	1	0	15	0
           418	2023-08-24 15:00:15	1	0	1	0
           124	2023-08-24 15:00:39	1	0	15	0
           567	2023-08-24 15:38:16	1	0	1	0
           460	2023-08-24 16:08:54	1	0	1	0
           425	2023-08-24 16:08:57	1	0	1	0
           241	2023-08-24 17:00:05	1	0	1	0
            52	2023-08-24 17:00:10	1	0	1	0
           387	2023-08-24 17:00:23	1	0	15	0
           422	2023-08-24 17:00:28	1	0	1	0
            93	2023-08-24 17:00:37	1	0	1	0
           369	2023-08-24 17:00:43	1	0	1	0
           472	2023-08-24 17:00:47	1	0	1	0
           434	2023-08-24 17:00:52	1	0	1	0
           536	2023-08-24 17:00:58	1	0	1	0
           473	2023-08-24 17:01:02	1	0	1	0
           379	2023-08-24 17:01:11	1	0	1	0
            87	2023-08-24 17:01:20	1	0	15	0
            48	2023-08-24 17:01:27	1	0	15	0
           513	2023-08-24 17:01:40	1	0	1	0
           471	2023-08-24 17:01:45	1	0	1	0
           180	2023-08-24 17:01:52	1	0	1	0
           592	2023-08-24 17:02:01	1	0	1	0
            66	2023-08-24 17:02:09	1	0	15	0
           527	2023-08-24 17:02:14	1	0	1	0
           397	2023-08-24 17:02:18	1	0	1	0
           562	2023-08-24 17:02:22	1	0	1	0
           571	2023-08-24 17:02:30	1	0	1	0
           511	2023-08-24 17:02:34	1	0	1	0
            37	2023-08-24 17:02:40	1	0	1	0
           551	2023-08-24 17:02:46	1	0	1	0
           568	2023-08-24 17:02:50	1	0	1	0
           352	2023-08-24 17:02:54	1	0	1	0
           410	2023-08-24 17:02:59	1	0	1	0
            39	2023-08-24 17:03:09	1	0	1	0
           223	2023-08-24 17:03:15	1	0	1	0
           559	2023-08-24 17:03:20	1	0	1	0
           533	2023-08-24 17:03:26	1	0	1	0
           581	2023-08-24 17:03:33	1	0	1	0
           576	2023-08-24 17:03:37	1	0	1	0
           582	2023-08-24 17:03:43	1	0	1	0
           476	2023-08-24 17:03:47	1	0	1	0
           475	2023-08-24 17:03:51	1	0	1	0
           366	2023-08-24 17:04:00	1	0	1	0
           566	2023-08-24 17:04:05	1	0	1	0
           123	2023-08-24 17:04:10	1	0	1	0
           259	2023-08-24 17:04:16	1	0	1	0
           149	2023-08-24 17:04:25	1	0	1	0
           115	2023-08-24 17:04:34	1	0	1	0
           530	2023-08-24 17:04:41	1	0	1	0
           520	2023-08-24 17:04:53	1	0	15	0
           385	2023-08-24 17:05:05	1	0	1	0
           586	2023-08-24 17:05:10	1	0	1	0
           591	2023-08-24 17:05:16	1	0	1	0
           540	2023-08-24 17:05:20	1	0	1	0
           181	2023-08-24 17:05:25	1	0	1	0
           360	2023-08-24 17:05:31	1	0	1	0
           399	2023-08-24 17:05:37	1	0	1	0
           196	2023-08-24 17:05:46	1	0	1	0
           398	2023-08-24 17:05:50	1	0	1	0
           403	2023-08-24 17:05:57	1	0	1	0
           224	2023-08-24 17:06:09	1	0	15	0
           547	2023-08-24 17:06:14	1	0	1	0
           331	2023-08-24 17:06:20	1	0	1	0
           114	2023-08-24 17:06:24	1	0	1	0
           395	2023-08-24 17:06:30	1	0	1	0
           119	2023-08-24 17:06:37	1	0	15	0
            38	2023-08-24 17:07:22	1	0	1	0
           125	2023-08-24 17:07:42	1	0	1	0
           580	2023-08-24 17:07:49	1	0	1	0
           583	2023-08-24 17:08:03	1	0	1	0
           185	2023-08-24 17:08:37	1	0	1	0
           332	2023-08-24 17:09:03	1	0	1	0
           413	2023-08-24 17:09:08	1	0	1	0
            91	2023-08-24 17:10:34	1	0	1	0
           370	2023-08-24 17:10:42	1	0	1	0
           502	2023-08-24 17:11:50	1	0	1	0
           575	2023-08-24 17:12:00	1	0	1	0
           546	2023-08-24 17:12:29	1	0	1	0
           374	2023-08-24 17:12:38	1	0	1	0
            83	2023-08-24 17:13:27	1	0	1	0
           288	2023-08-24 17:13:35	1	0	1	0
           541	2023-08-24 17:14:20	1	0	1	0
           467	2023-08-24 17:14:27	1	0	1	0
           579	2023-08-24 17:14:33	1	0	1	0
           314	2023-08-24 17:14:39	1	0	1	0
           337	2023-08-24 17:14:50	1	0	1	0
           335	2023-08-24 17:14:57	1	0	1	0
           187	2023-08-24 17:15:04	1	0	1	0
           194	2023-08-24 17:15:18	1	0	1	0
           408	2023-08-24 17:15:41	1	0	1	0
           183	2023-08-24 17:16:17	1	0	15	0
            77	2023-08-24 17:17:44	1	0	1	0
            88	2023-08-24 17:17:58	1	0	15	0
           573	2023-08-24 17:18:26	1	0	1	0
           312	2023-08-24 17:18:33	1	0	1	0
            80	2023-08-24 17:18:54	1	0	15	0
           585	2023-08-24 17:19:12	1	0	1	0
            27	2023-08-24 17:19:37	1	0	15	0
           105	2023-08-24 17:19:57	1	0	15	0
           348	2023-08-24 17:20:34	1	0	1	0
            73	2023-08-24 17:21:05	1	0	1	0
           249	2023-08-24 17:21:42	1	0	1	0
           363	2023-08-24 17:22:24	1	0	1	0
           361	2023-08-24 17:22:32	1	0	1	0
           453	2023-08-24 17:22:42	1	0	1	0
           142	2023-08-24 17:23:02	1	0	1	0
           132	2023-08-24 17:23:57	1	0	1	0
           584	2023-08-24 17:25:08	1	0	1	0
           525	2023-08-24 17:25:13	1	0	1	0
           338	2023-08-24 17:25:19	1	0	1	0
            69	2023-08-24 17:29:28	1	0	1	0
           529	2023-08-24 17:29:33	1	0	1	0
            40	2023-08-24 17:35:25	1	0	1	0
           265	2023-08-24 17:35:33	1	0	1	0
           144	2023-08-24 17:39:47	1	0	1	0
           146	2023-08-24 17:41:41	1	0	15	0
           184	2023-08-24 17:42:08	1	0	1	0
            43	2023-08-24 17:43:43	1	0	1	0
           574	2023-08-24 17:44:55	1	0	1	0
           516	2023-08-24 17:51:12	1	0	1	0
           556	2023-08-24 17:52:09	1	0	1	0
           355	2023-08-24 18:01:05	1	0	1	0
           404	2023-08-24 18:01:53	1	0	1	0
           485	2023-08-24 18:03:06	1	0	1	0
           145	2023-08-24 18:06:38	1	0	1	0
           401	2023-08-24 18:06:45	1	0	1	0
           492	2023-08-24 18:10:26	1	0	1	0
           252	2023-08-24 18:25:08	1	0	15	0
           182	2023-08-24 18:39:27	1	0	1	0
           589	2023-08-24 18:50:24	1	0	1	0
           121	2023-08-24 18:51:39	1	0	1	0
           444	2023-08-24 19:08:19	1	0	1	0
           200	2023-08-24 19:09:06	1	0	1	0
           205	2023-08-24 19:41:01	1	0	1	0
           414	2023-08-24 19:41:51	1	0	1	0
            68	2023-08-24 19:41:57	1	0	15	0
           465	2023-08-24 20:04:01	1	0	1	0
            75	2023-08-24 20:04:08	1	0	1	0
            70	2023-08-24 20:08:03	1	0	15	0
           305	2023-08-24 21:31:22	1	0	1	0
           567	2023-08-24 23:00:09	1	0	15	0
           434	2023-08-25 05:03:38	1	0	1	0
           492	2023-08-25 05:33:33	1	0	1	0
           516	2023-08-25 05:35:16	1	0	1	0
            69	2023-08-25 05:35:53	1	0	1	0
           331	2023-08-25 05:40:21	1	0	1	0
           527	2023-08-25 05:41:42	1	0	1	0
           520	2023-08-25 05:42:43	1	0	15	0
           114	2023-08-25 05:42:49	1	0	1	0
            75	2023-08-25 05:52:14	1	0	1	0
           465	2023-08-25 05:52:18	1	0	1	0
           379	2023-08-25 05:54:28	1	0	1	0
           305	2023-08-25 06:01:31	1	0	1	0
           241	2023-08-25 06:02:07	1	0	1	0
           180	2023-08-25 06:08:02	1	0	1	0
           314	2023-08-25 06:08:31	1	0	1	0
           145	2023-08-25 06:08:37	1	0	1	0
           124	2023-08-25 06:09:02	1	0	15	0
           181	2023-08-25 06:09:44	1	0	1	0
           337	2023-08-25 06:12:04	1	0	1	0
           196	2023-08-25 06:23:39	1	0	1	0
           119	2023-08-25 06:23:54	1	0	15	0
           224	2023-08-25 06:24:08	1	0	15	0
            52	2023-08-25 06:29:06	1	0	1	0
           387	2023-08-25 06:34:04	1	0	15	0
           422	2023-08-25 06:46:57	1	0	15	0
           425	2023-08-25 06:53:44	1	0	1	0
           187	2023-08-25 06:57:59	1	0	15	0
           385	2023-08-25 06:58:16	1	0	1	0
            70	2023-08-25 07:01:38	1	0	15	0
           366	2023-08-25 07:01:54	1	0	1	0
           574	2023-08-25 07:02:55	1	0	1	0
           467	2023-08-25 07:03:34	1	0	1	0
           582	2023-08-25 07:04:55	1	0	1	0
           581	2023-08-25 07:05:04	1	0	1	0
           460	2023-08-25 07:05:30	1	0	1	0
            77	2023-08-25 07:09:53	1	0	1	0
           533	2023-08-25 07:10:05	1	0	1	0
           589	2023-08-25 07:12:47	1	0	1	0
           584	2023-08-25 07:12:51	1	0	1	0
            39	2023-08-25 07:13:52	1	0	1	0
            66	2023-08-25 07:15:17	1	0	15	0
           123	2023-08-25 07:15:25	1	0	1	0
           360	2023-08-25 07:16:36	1	0	1	0
            43	2023-08-25 07:17:45	1	0	1	0
           541	2023-08-25 07:18:32	1	0	1	0
           559	2023-08-25 07:21:28	1	0	1	0
           223	2023-08-25 07:22:26	1	0	1	0
           592	2023-08-25 07:24:02	1	0	15	0
           259	2023-08-25 07:27:29	1	0	1	0
           585	2023-08-25 07:27:36	1	0	1	0
           573	2023-08-25 07:29:20	1	0	1	0
           149	2023-08-25 07:30:01	1	0	1	0
            37	2023-08-25 07:30:37	1	0	1	0
           493	2023-08-25 07:31:03	1	0	1	0
           335	2023-08-25 07:33:05	1	0	1	0
            83	2023-08-25 07:33:09	1	0	1	0
           556	2023-08-25 07:33:15	1	0	1	0
           418	2023-08-25 07:33:37	1	0	1	0
           118	2023-08-25 07:34:15	1	0	1	0
           142	2023-08-25 07:35:12	1	0	1	0
           132	2023-08-25 07:35:18	1	0	1	0
            48	2023-08-25 07:36:19	1	0	15	0
           444	2023-08-25 07:36:50	1	0	1	0
           579	2023-08-25 07:37:07	1	0	1	0
           265	2023-08-25 07:37:49	1	0	1	0
            27	2023-08-25 07:38:28	1	0	15	0
           348	2023-08-25 07:38:34	1	0	1	0
           591	2023-08-25 07:38:45	1	0	15	0
           453	2023-08-25 07:39:43	1	0	1	0
           397	2023-08-25 07:40:09	1	0	1	0
           570	2023-08-25 07:40:15	1	0	1	0
           571	2023-08-25 07:40:25	1	0	1	0
            87	2023-08-25 07:40:44	1	0	15	0
           355	2023-08-25 07:41:11	1	0	1	0
           530	2023-08-25 07:41:58	1	0	1	0
           288	2023-08-25 07:42:32	1	0	1	0
           194	2023-08-25 07:42:37	1	0	1	0
           375	2023-08-25 07:44:37	1	0	1	0
           115	2023-08-25 07:44:45	1	0	1	0
           546	2023-08-25 07:44:50	1	0	1	0
           205	2023-08-25 07:45:32	1	0	1	0
           568	2023-08-25 07:47:53	1	0	1	0
           414	2023-08-25 07:48:32	1	0	1	0
           547	2023-08-25 07:48:38	1	0	1	0
           502	2023-08-25 07:48:53	1	0	1	0
           404	2023-08-25 07:48:58	1	0	1	0
           252	2023-08-25 07:49:05	1	0	15	0
           583	2023-08-25 07:49:55	1	0	1	0
           408	2023-08-25 07:50:09	1	0	1	0
           399	2023-08-25 07:50:42	1	0	1	0
            38	2023-08-25 07:50:49	1	0	1	0
            73	2023-08-25 07:51:01	1	0	1	0
           472	2023-08-25 07:51:24	1	0	1	0
           471	2023-08-25 07:51:33	1	0	1	0
           551	2023-08-25 07:51:47	1	0	1	0
           105	2023-08-25 07:52:00	1	0	1	0
           403	2023-08-25 07:52:08	1	0	1	0
            88	2023-08-25 07:52:23	1	0	15	0
           586	2023-08-25 07:53:50	1	0	1	0
           200	2023-08-25 07:54:13	1	0	1	0
           338	2023-08-25 07:54:46	1	0	1	0
           575	2023-08-25 07:54:55	1	0	1	0
           511	2023-08-25 07:56:12	1	0	1	0
           370	2023-08-25 07:56:27	1	0	15	0
            80	2023-08-25 07:57:41	1	0	15	0
           562	2023-08-25 07:58:01	1	0	1	0
           475	2023-08-25 07:58:15	1	0	1	0
            40	2023-08-25 07:59:12	1	0	1	0
           513	2023-08-25 07:59:19	1	0	1	0
           144	2023-08-25 08:00:11	1	0	1	0
           361	2023-08-25 08:00:43	1	0	1	0
           536	2023-08-25 08:01:07	1	0	1	0
           363	2023-08-25 08:01:55	1	0	1	0
           413	2023-08-25 08:01:56	1	0	4	0
           312	2023-08-25 08:02:56	1	0	1	0
           401	2023-08-25 08:04:05	1	0	1	0
           529	2023-08-25 08:04:26	1	0	1	0
            93	2023-08-25 08:05:27	1	0	1	0
           182	2023-08-25 08:06:19	1	0	1	0
           249	2023-08-25 08:07:09	1	0	1	0
           275	2023-08-25 08:10:52	1	0	1	0
           369	2023-08-25 08:17:10	1	0	1	0
           525	2023-08-25 08:17:42	1	0	1	0
           580	2023-08-25 08:24:48	1	0	1	0
           125	2023-08-25 08:26:51	1	0	1	0
           485	2023-08-25 08:55:29	1	0	1	0
           460	2023-08-25 11:02:53	1	0	1	0
           425	2023-08-25 11:02:57	1	0	1	0
           425	2023-08-25 11:23:42	1	0	1	0
           460	2023-08-25 11:23:52	1	0	1	0
           559	2023-08-25 11:30:05	1	0	1	0
           581	2023-08-25 11:30:10	1	0	1	0
           123	2023-08-25 11:30:15	1	0	1	0
           582	2023-08-25 11:30:24	1	0	1	0
           224	2023-08-25 11:30:31	1	0	15	0
           475	2023-08-25 11:30:37	1	0	1	0
           366	2023-08-25 11:30:45	1	0	1	0
           223	2023-08-25 11:30:51	1	0	1	0
           422	2023-08-25 11:31:01	1	0	1	0
           387	2023-08-25 11:31:10	1	0	15	0
           533	2023-08-25 11:31:33	1	0	1	0
           360	2023-08-25 11:32:56	1	0	1	0
           196	2023-08-25 11:34:00	1	0	1	0
           385	2023-08-25 11:34:09	1	0	1	0
           119	2023-08-25 11:45:58	1	0	15	0
            83	2023-08-25 12:00:05	1	0	1	0
           387	2023-08-25 12:00:13	1	0	15	0
           422	2023-08-25 12:00:19	1	0	1	0
           132	2023-08-25 12:00:25	1	0	1	0
           123	2023-08-25 12:00:31	1	0	1	0
           142	2023-08-25 12:00:37	1	0	1	0
            66	2023-08-25 12:00:46	1	0	15	0
           196	2023-08-25 12:00:52	1	0	1	0
           568	2023-08-25 12:00:57	1	0	1	0
           556	2023-08-25 12:01:04	1	0	1	0
           385	2023-08-25 12:01:08	1	0	1	0
           536	2023-08-25 12:01:14	1	0	1	0
            80	2023-08-25 12:01:19	1	0	15	0
            37	2023-08-25 12:01:29	1	0	1	0
           551	2023-08-25 12:01:37	1	0	1	0
           511	2023-08-25 12:01:43	1	0	1	0
           348	2023-08-25 12:01:47	1	0	1	0
           592	2023-08-25 12:01:59	1	0	1	0
           397	2023-08-25 12:02:04	1	0	1	0
           562	2023-08-25 12:02:09	1	0	1	0
           413	2023-08-25 12:02:12	1	0	4	0
           369	2023-08-25 12:02:22	1	0	1	0
           187	2023-08-25 12:02:27	1	0	1	0
           115	2023-08-25 12:02:39	1	0	1	0
            48	2023-08-25 12:02:51	1	0	15	0
           591	2023-08-25 12:02:57	1	0	15	0
           586	2023-08-25 12:03:08	1	0	1	0
           224	2023-08-25 12:03:17	1	0	15	0
           575	2023-08-25 12:03:23	1	0	1	0
           547	2023-08-25 12:03:27	1	0	1	0
           475	2023-08-25 12:03:33	1	0	1	0
           582	2023-08-25 12:03:40	1	0	1	0
           366	2023-08-25 12:03:47	1	0	1	0
           581	2023-08-25 12:03:53	1	0	1	0
           585	2023-08-25 12:03:59	1	0	1	0
           580	2023-08-25 12:04:12	1	0	1	0
           570	2023-08-25 12:04:37	1	0	1	0
           125	2023-08-25 12:04:43	1	0	1	0
           259	2023-08-25 12:04:56	1	0	1	0
           355	2023-08-25 12:05:04	1	0	1	0
           502	2023-08-25 12:06:18	1	0	1	0
           249	2023-08-25 12:06:57	1	0	1	0
           589	2023-08-25 12:07:03	1	0	1	0
           571	2023-08-25 12:07:13	1	0	1	0
           370	2023-08-25 12:07:19	1	0	1	0
           493	2023-08-25 12:07:26	1	0	1	0
            27	2023-08-25 12:07:33	1	0	15	0
           118	2023-08-25 12:07:38	1	0	1	0
           471	2023-08-25 12:07:42	1	0	1	0
           453	2023-08-25 12:07:48	1	0	1	0
           472	2023-08-25 12:07:53	1	0	1	0
           403	2023-08-25 12:07:58	1	0	1	0
           337	2023-08-25 12:08:09	1	0	1	0
           546	2023-08-25 12:08:14	1	0	1	0
           467	2023-08-25 12:08:21	1	0	1	0
           541	2023-08-25 12:08:29	1	0	15	0
           314	2023-08-25 12:08:36	1	0	1	0
           579	2023-08-25 12:08:42	1	0	1	0
           573	2023-08-25 12:08:47	1	0	1	0
           583	2023-08-25 12:08:53	1	0	1	0
           114	2023-08-25 12:08:57	1	0	1	0
           513	2023-08-25 12:09:03	1	0	1	0
           584	2023-08-25 12:09:28	1	0	1	0
           182	2023-08-25 12:10:16	1	0	1	0
            93	2023-08-25 12:10:29	1	0	1	0
            87	2023-08-25 12:10:37	1	0	15	0
           530	2023-08-25 12:10:47	1	0	1	0
            38	2023-08-25 12:10:55	1	0	1	0
           404	2023-08-25 12:11:00	1	0	1	0
            88	2023-08-25 12:11:33	1	0	15	0
           252	2023-08-25 12:11:57	1	0	15	0
           288	2023-08-25 12:12:29	1	0	1	0
            52	2023-08-25 12:13:06	1	0	1	0
            43	2023-08-25 12:15:48	1	0	1	0
           536	2023-08-25 12:16:26	1	0	1	0
           556	2023-08-25 12:16:44	1	0	1	0
           511	2023-08-25 12:16:59	1	0	1	0
           551	2023-08-25 12:17:03	1	0	1	0
            80	2023-08-25 12:17:27	1	0	1	0
           187	2023-08-25 12:17:43	1	0	1	0
           194	2023-08-25 12:17:49	1	0	1	0
            37	2023-08-25 12:17:56	1	0	1	0
           115	2023-08-25 12:18:05	1	0	1	0
           413	2023-08-25 12:18:25	1	0	4	0
            48	2023-08-25 12:18:32	1	0	15	0
           205	2023-08-25 12:18:41	1	0	1	0
           265	2023-08-25 12:18:51	1	0	1	0
            77	2023-08-25 12:18:56	1	0	1	0
           562	2023-08-25 12:19:05	1	0	1	0
           312	2023-08-25 12:19:21	1	0	1	0
           275	2023-08-25 12:19:56	1	0	1	0
           200	2023-08-25 12:20:19	1	0	1	0
            83	2023-08-25 12:20:30	1	0	1	0
           338	2023-08-25 12:20:34	1	0	1	0
           414	2023-08-25 12:20:53	1	0	1	0
           408	2023-08-25 12:21:19	1	0	1	0
           525	2023-08-25 12:21:21	1	0	1	0
           571	2023-08-25 12:22:18	1	0	1	0
           149	2023-08-25 12:22:34	1	0	1	0
           591	2023-08-25 12:22:46	1	0	1	0
           370	2023-08-25 12:22:54	1	0	1	0
           369	2023-08-25 12:23:01	1	0	1	0
           586	2023-08-25 12:23:28	1	0	1	0
           118	2023-08-25 12:23:44	1	0	1	0
           471	2023-08-25 12:23:48	1	0	1	0
           144	2023-08-25 12:24:15	1	0	1	0
            40	2023-08-25 12:25:16	1	0	1	0
           541	2023-08-25 12:25:32	1	0	1	0
           546	2023-08-25 12:25:35	1	0	1	0
           579	2023-08-25 12:25:38	1	0	1	0
           467	2023-08-25 12:25:42	1	0	1	0
           337	2023-08-25 12:25:49	1	0	1	0
           573	2023-08-25 12:25:58	1	0	1	0
           105	2023-08-25 12:26:06	1	0	1	0
           114	2023-08-25 12:26:13	1	0	1	0
           314	2023-08-25 12:26:23	1	0	1	0
           575	2023-08-25 12:26:31	1	0	1	0
           472	2023-08-25 12:27:02	1	0	1	0
           119	2023-08-25 12:27:29	1	0	15	0
           583	2023-08-25 12:27:38	1	0	1	0
           529	2023-08-25 12:27:43	1	0	1	0
           574	2023-08-25 12:28:12	1	0	1	0
           584	2023-08-25 12:28:51	1	0	1	0
           568	2023-08-25 12:29:29	1	0	1	0
           513	2023-08-25 12:29:35	1	0	1	0
            75	2023-08-25 12:33:35	1	0	1	0
           375	2023-08-25 12:36:46	1	0	1	0
           361	2023-08-25 12:36:52	1	0	1	0
           363	2023-08-25 12:36:57	1	0	1	0
           194	2023-08-25 12:37:23	1	0	1	0
            38	2023-08-25 12:37:35	1	0	1	0
           181	2023-08-25 12:38:49	1	0	1	0
           502	2023-08-25 12:39:18	1	0	1	0
           249	2023-08-25 12:39:28	1	0	1	0
           589	2023-08-25 12:39:32	1	0	1	0
            43	2023-08-25 12:39:51	1	0	1	0
           530	2023-08-25 12:40:21	1	0	1	0
            87	2023-08-25 12:40:29	1	0	15	0
           403	2023-08-25 12:40:45	1	0	1	0
           252	2023-08-25 12:41:52	1	0	15	0
           444	2023-08-25 12:42:55	1	0	1	0
           149	2023-08-25 12:43:06	1	0	1	0
           401	2023-08-25 12:44:18	1	0	1	0
           397	2023-08-25 12:44:31	1	0	1	0
           182	2023-08-25 12:44:49	1	0	1	0
            93	2023-08-25 12:45:01	1	0	1	0
           275	2023-08-25 12:45:09	1	0	1	0
           312	2023-08-25 12:45:15	1	0	1	0
           355	2023-08-25 12:45:24	1	0	1	0
           125	2023-08-25 12:45:33	1	0	1	0
           570	2023-08-25 12:45:38	1	0	1	0
            88	2023-08-25 12:46:26	1	0	15	0
            75	2023-08-25 12:49:41	1	0	1	0
           105	2023-08-25 12:50:24	1	0	1	0
           259	2023-08-25 12:52:43	1	0	1	0
           142	2023-08-25 12:52:59	1	0	1	0
           132	2023-08-25 12:53:07	1	0	1	0
           533	2023-08-25 12:54:03	1	0	1	0
           181	2023-08-25 12:54:07	1	0	1	0
           574	2023-08-25 12:54:23	1	0	1	0
           529	2023-08-25 12:54:36	1	0	1	0
           580	2023-08-25 12:55:12	1	0	1	0
           404	2023-08-25 12:55:30	1	0	1	0
            40	2023-08-25 12:55:48	1	0	1	0
           585	2023-08-25 12:55:57	1	0	1	0
           414	2023-08-25 12:56:11	1	0	1	0
           205	2023-08-25 12:56:15	1	0	1	0
           144	2023-08-25 12:56:24	1	0	1	0
           265	2023-08-25 12:56:27	1	0	1	0
            77	2023-08-25 12:56:34	1	0	1	0
           338	2023-08-25 12:56:45	1	0	1	0
           444	2023-08-25 12:57:55	1	0	1	0
           592	2023-08-25 12:58:47	1	0	1	0
           223	2023-08-25 12:58:53	1	0	1	0
           375	2023-08-25 12:59:08	1	0	1	0
           361	2023-08-25 12:59:20	1	0	1	0
           363	2023-08-25 12:59:27	1	0	1	0
           401	2023-08-25 12:59:33	1	0	1	0
           485	2023-08-25 13:00:06	1	0	1	0
           332	2023-08-25 13:03:17	1	0	1	0
           360	2023-08-25 13:07:22	1	0	1	0
           107	2023-08-25 13:44:23	1	0	1	0
           124	2023-08-25 14:00:11	1	0	15	0
           485	2023-08-25 14:03:21	1	0	1	0
           305	2023-08-25 14:47:17	1	0	1	0
           418	2023-08-25 16:00:12	1	0	1	0
           265	2023-08-25 16:00:36	1	0	1	0
           460	2023-08-25 16:07:29	1	0	1	0
           425	2023-08-25 16:07:42	1	0	1	0
           125	2023-08-25 17:00:04	1	0	1	0
           288	2023-08-25 17:00:09	1	0	1	0
           422	2023-08-25 17:00:14	1	0	1	0
           387	2023-08-25 17:00:27	1	0	15	0
           493	2023-08-25 17:00:33	1	0	1	0
           562	2023-08-25 17:00:37	1	0	1	0
           397	2023-08-25 17:00:43	1	0	1	0
           568	2023-08-25 17:00:49	1	0	1	0
           559	2023-08-25 17:00:53	1	0	1	0
           581	2023-08-25 17:00:59	1	0	1	0
           275	2023-08-25 17:01:06	1	0	1	0
           571	2023-08-25 17:01:09	1	0	1	0
            87	2023-08-25 17:01:14	1	0	15	0
           259	2023-08-25 17:01:21	1	0	1	0
           332	2023-08-25 17:01:27	1	0	1	0
           223	2023-08-25 17:01:30	1	0	1	0
            93	2023-08-25 17:01:39	1	0	1	0
           369	2023-08-25 17:01:43	1	0	1	0
           570	2023-08-25 17:01:50	1	0	1	0
           149	2023-08-25 17:01:58	1	0	1	0
           475	2023-08-25 17:02:02	1	0	1	0
           472	2023-08-25 17:02:07	1	0	1	0
           118	2023-08-25 17:02:11	1	0	1	0
           582	2023-08-25 17:02:16	1	0	1	0
           187	2023-08-25 17:02:20	1	0	1	0
           115	2023-08-25 17:02:27	1	0	1	0
           556	2023-08-25 17:02:34	1	0	1	0
           533	2023-08-25 17:02:39	1	0	1	0
           471	2023-08-25 17:02:43	1	0	1	0
            52	2023-08-25 17:02:52	1	0	1	0
           547	2023-08-25 17:02:57	1	0	1	0
           366	2023-08-25 17:03:06	1	0	1	0
           584	2023-08-25 17:03:12	1	0	1	0
            48	2023-08-25 17:03:19	1	0	15	0
           530	2023-08-25 17:03:26	1	0	1	0
           513	2023-08-25 17:03:29	1	0	1	0
           181	2023-08-25 17:03:35	1	0	1	0
           180	2023-08-25 17:03:42	1	0	1	0
           224	2023-08-25 17:03:55	1	0	15	0
           114	2023-08-25 17:04:01	1	0	1	0
           520	2023-08-25 17:04:08	1	0	15	0
           527	2023-08-25 17:04:13	1	0	1	0
           536	2023-08-25 17:04:17	1	0	1	0
           360	2023-08-25 17:04:24	1	0	1	0
           511	2023-08-25 17:04:28	1	0	1	0
           551	2023-08-25 17:04:31	1	0	1	0
           592	2023-08-25 17:04:40	1	0	1	0
           252	2023-08-25 17:04:46	1	0	15	0
           591	2023-08-25 17:04:51	1	0	15	0
            66	2023-08-25 17:05:03	1	0	15	0
           182	2023-08-25 17:05:16	1	0	1	0
           583	2023-08-25 17:05:22	1	0	1	0
           123	2023-08-25 17:05:30	1	0	1	0
           370	2023-08-25 17:05:36	1	0	1	0
           453	2023-08-25 17:05:44	1	0	1	0
           502	2023-08-25 17:05:55	1	0	1	0
           575	2023-08-25 17:06:04	1	0	1	0
            77	2023-08-25 17:06:22	1	0	1	0
           196	2023-08-25 17:06:30	1	0	1	0
           403	2023-08-25 17:06:38	1	0	1	0
           385	2023-08-25 17:06:43	1	0	1	0
           586	2023-08-25 17:06:47	1	0	1	0
           404	2023-08-25 17:06:53	1	0	1	0
           580	2023-08-25 17:06:59	1	0	1	0
           375	2023-08-25 17:07:05	1	0	1	0
           363	2023-08-25 17:07:13	1	0	1	0
           413	2023-08-25 17:07:16	1	0	4	0
           119	2023-08-25 17:07:25	1	0	15	0
           361	2023-08-25 17:07:56	1	0	1	0
           331	2023-08-25 17:08:04	1	0	1	0
           585	2023-08-25 17:08:31	1	0	1	0
           546	2023-08-25 17:09:10	1	0	1	0
           142	2023-08-25 17:10:34	1	0	1	0
           467	2023-08-25 17:11:04	1	0	1	0
           579	2023-08-25 17:11:10	1	0	1	0
           132	2023-08-25 17:11:37	1	0	1	0
           541	2023-08-25 17:11:42	1	0	1	0
           337	2023-08-25 17:11:57	1	0	1	0
           573	2023-08-25 17:12:05	1	0	1	0
           314	2023-08-25 17:12:12	1	0	1	0
           348	2023-08-25 17:12:20	1	0	1	0
           554	2023-08-25 17:12:33	1	0	1	0
           553	2023-08-25 17:12:40	1	0	1	0
            27	2023-08-25 17:14:04	1	0	15	0
           194	2023-08-25 17:14:43	1	0	1	0
           249	2023-08-25 17:15:32	1	0	1	0
           589	2023-08-25 17:15:39	1	0	1	0
            38	2023-08-25 17:16:57	1	0	1	0
            88	2023-08-25 17:17:10	1	0	15	0
            80	2023-08-25 17:17:28	1	0	15	0
           513	2023-08-25 17:20:15	1	0	1	0
           408	2023-08-25 17:22:20	1	0	1	0
           404	2023-08-25 17:22:26	1	0	1	0
            40	2023-08-25 17:22:50	1	0	1	0
           105	2023-08-25 17:24:21	1	0	1	0
           144	2023-08-25 17:25:32	1	0	1	0
           145	2023-08-25 17:25:44	1	0	1	0
           401	2023-08-25 17:25:50	1	0	1	0
           312	2023-08-25 17:26:24	1	0	1	0
           525	2023-08-25 17:28:02	1	0	1	0
           338	2023-08-25 17:28:12	1	0	1	0
           529	2023-08-25 17:33:41	1	0	15	0
           444	2023-08-25 17:33:52	1	0	1	0
           574	2023-08-25 17:34:02	1	0	1	0
           399	2023-08-25 17:39:49	1	0	1	0
            43	2023-08-25 17:52:19	1	0	1	0
            83	2023-08-25 17:56:12	1	0	1	0
           574	2023-08-25 18:03:10	1	0	1	0
           529	2023-08-25 18:03:19	1	0	1	0
           444	2023-08-25 18:03:23	1	0	1	0
            39	2023-08-25 18:08:06	1	0	1	0
           485	2023-08-25 18:08:16	1	0	1	0
           355	2023-08-25 18:08:20	1	0	1	0
           205	2023-08-25 18:10:01	1	0	1	0
            73	2023-08-25 18:13:52	1	0	1	0
           414	2023-08-25 19:58:59	1	0	1	0
            68	2023-08-25 19:59:05	1	0	15	0
           465	2023-08-25 20:09:44	1	0	1	0
            75	2023-08-25 20:09:52	1	0	1	0
            70	2023-08-25 21:14:19	1	0	15	0
           107	2023-08-25 22:00:06	1	0	1	0
           513	2023-08-25 22:12:54	1	0	1	0
           305	2023-08-25 23:00:20	1	0	1	0
           200	2023-08-26 00:37:17	1	0	1	0
           529	2023-08-26 02:00:05	1	0	1	0
           404	2023-08-26 02:00:12	1	0	1	0
           574	2023-08-26 02:00:19	1	0	1	0
           444	2023-08-26 02:00:23	1	0	1	0
            70	2023-08-26 05:55:34	1	0	1	0
           224	2023-08-26 06:22:11	1	0	15	0
           444	2023-08-26 06:24:43	1	0	1	0
           404	2023-08-26 06:24:49	1	0	1	0
           574	2023-08-26 06:32:24	1	0	1	0
           107	2023-08-26 06:33:02	1	0	1	0
           422	2023-08-26 06:38:03	1	0	1	0
           387	2023-08-26 06:39:32	1	0	15	0
           556	2023-08-26 06:42:55	1	0	1	0
           425	2023-08-26 07:02:23	1	0	1	0
           533	2023-08-26 07:05:50	1	0	1	0
           529	2023-08-26 07:06:44	1	0	1	0
           123	2023-08-26 07:12:55	1	0	1	0
           366	2023-08-26 07:25:19	1	0	1	0
           418	2023-08-26 07:38:25	1	0	1	0
           223	2023-08-26 07:38:47	1	0	1	0
           475	2023-08-26 07:40:48	1	0	1	0
           513	2023-08-26 07:51:27	1	0	1	0
           387	2023-08-26 11:30:45	1	0	15	0
           422	2023-08-26 11:31:06	1	0	15	0
           366	2023-08-26 11:31:15	1	0	1	0
           224	2023-08-26 11:31:23	1	0	15	0
           223	2023-08-26 11:31:27	1	0	1	0
           475	2023-08-26 11:31:31	1	0	1	0
           533	2023-08-26 11:31:42	1	0	15	0
           123	2023-08-26 11:31:50	1	0	1	0
           366	2023-08-26 12:00:22	1	0	1	0
           556	2023-08-26 12:00:31	1	0	1	0
           475	2023-08-26 12:00:35	1	0	1	0
           224	2023-08-26 12:00:43	1	0	15	0
           387	2023-08-26 12:00:52	1	0	15	0
           513	2023-08-26 12:01:43	1	0	1	0
           425	2023-08-26 12:02:01	1	0	1	0
           422	2023-08-26 12:02:20	1	0	15	0
           123	2023-08-26 12:03:00	1	0	1	0
           223	2023-08-26 12:10:17	1	0	1	0
           513	2023-08-26 12:16:43	1	0	15	0
           556	2023-08-26 12:18:02	1	0	1	0
           574	2023-08-26 12:22:52	1	0	1	0
           529	2023-08-26 12:22:54	1	0	15	0
           404	2023-08-26 12:23:08	1	0	15	0
           444	2023-08-26 12:23:33	1	0	1	0
           425	2023-08-26 12:30:05	1	0	1	0
           533	2023-08-26 12:35:48	1	0	1	0
           574	2023-08-26 12:40:02	1	0	1	0
           529	2023-08-26 12:53:46	1	0	1	0
           444	2023-08-26 12:53:50	1	0	1	0
           404	2023-08-26 13:07:49	1	0	1	0
           305	2023-08-26 13:38:43	1	0	1	0
            70	2023-08-26 14:31:14	1	0	1	0
           107	2023-08-26 15:00:32	1	0	1	0
           418	2023-08-26 16:01:28	1	0	1	0
           425	2023-08-26 17:00:03	1	0	1	0
           422	2023-08-26 17:00:13	1	0	1	0
           387	2023-08-26 17:00:41	1	0	15	0
           475	2023-08-26 17:01:09	1	0	15	0
           366	2023-08-26 17:01:17	1	0	1	0
           223	2023-08-26 17:01:23	1	0	1	0
           533	2023-08-26 17:01:28	1	0	1	0
           513	2023-08-26 17:01:35	1	0	1	0
           556	2023-08-26 17:01:42	1	0	1	0
           123	2023-08-26 17:02:00	1	0	1	0
           224	2023-08-26 17:02:12	1	0	15	0
           574	2023-08-26 17:13:35	1	0	1	0
           529	2023-08-26 17:19:33	1	0	1	0
           404	2023-08-26 17:23:43	1	0	1	0
           444	2023-08-26 17:42:21	1	0	1	0
           574	2023-08-26 17:44:07	1	0	1	0
           529	2023-08-26 17:44:26	1	0	1	0
           404	2023-08-26 17:48:54	1	0	1	0
           444	2023-08-26 18:01:50	1	0	1	0
           567	2023-08-26 21:57:22	1	0	1	0
           305	2023-08-26 22:04:01	1	0	1	0
            70	2023-08-26 22:06:32	1	0	15	0
           444	2023-08-26 22:56:37	1	0	1	0
           529	2023-08-26 22:56:43	1	0	1	0
           404	2023-08-26 22:56:49	1	0	1	0
           574	2023-08-26 23:00:58	1	0	1	0
           363	2023-08-27 05:13:11	1	0	15	0
           107	2023-08-27 06:10:48	1	0	1	0
           305	2023-08-27 06:31:23	1	0	1	0
           387	2023-08-27 06:44:45	1	0	15	0
           567	2023-08-27 07:13:13	1	0	1	0
           574	2023-08-27 07:24:36	1	0	1	0
           444	2023-08-27 07:42:38	1	0	1	0
           404	2023-08-27 07:42:41	1	0	1	0
           513	2023-08-27 08:10:46	1	0	1	0
           387	2023-08-27 11:30:09	1	0	15	0
           387	2023-08-27 12:00:09	1	0	15	0
           513	2023-08-27 12:02:03	1	0	1	0
           444	2023-08-27 12:13:12	1	0	1	0
           404	2023-08-27 12:13:17	1	0	1	0
           513	2023-08-27 12:17:17	1	0	1	0
           574	2023-08-27 12:32:41	1	0	1	0
           574	2023-08-27 12:53:41	1	0	1	0
            70	2023-08-27 13:56:16	1	0	1	0
           107	2023-08-27 14:01:41	1	0	1	0
           305	2023-08-27 15:06:12	1	0	1	0
           387	2023-08-27 17:00:21	1	0	15	0
           513	2023-08-27 17:02:00	1	0	15	0
           574	2023-08-27 17:23:20	1	0	1	0
           574	2023-08-27 17:47:17	1	0	1	0
           567	2023-08-27 21:42:41	1	0	1	0
            70	2023-08-27 22:02:24	1	0	1	0
           124	2023-08-27 22:17:53	1	0	15	0
           574	2023-08-27 23:55:33	1	0	1	0
           305	2023-08-28 05:52:12	1	0	1	0
           567	2023-08-28 06:03:37	1	0	1	0
           404	2023-08-28 06:11:09	1	0	1	0
            70	2023-08-28 06:43:38	1	0	1	0
           124	2023-08-28 07:05:55	1	0	15	0
           444	2023-08-28 07:08:27	1	0	1	0
           574	2023-08-28 07:29:25	1	0	1	0
           418	2023-08-28 07:35:31	1	0	15	0
           194	2023-08-28 08:06:18	1	0	1	0
           513	2023-08-28 08:19:22	1	0	15	0
           529	2023-08-28 08:24:38	1	0	1	0
           513	2023-08-28 12:01:03	1	0	1	0
           404	2023-08-28 12:01:11	1	0	1	0
           513	2023-08-28 12:18:00	1	0	1	0
           194	2023-08-28 12:18:09	1	0	15	0
           574	2023-08-28 12:18:49	1	0	1	0
           404	2023-08-28 12:27:25	1	0	1	0
           444	2023-08-28 12:28:41	1	0	1	0
           529	2023-08-28 12:28:59	1	0	1	0
           194	2023-08-28 12:35:23	1	0	1	0
           574	2023-08-28 12:40:46	1	0	1	0
           444	2023-08-28 12:56:05	1	0	1	0
           529	2023-08-28 12:56:11	1	0	1	0
           305	2023-08-28 14:01:04	1	0	1	0
           567	2023-08-28 14:45:58	1	0	1	0
            70	2023-08-28 15:03:16	1	0	1	0
           418	2023-08-28 16:03:05	1	0	1	0
           194	2023-08-28 17:08:33	1	0	1	0
           574	2023-08-28 17:24:33	1	0	1	0
           529	2023-08-28 17:46:01	1	0	1	0
           404	2023-08-28 17:46:47	1	0	1	0
           444	2023-08-28 17:46:51	1	0	1	0
           194	2023-08-28 17:53:22	1	0	1	0
           124	2023-08-28 21:43:32	1	0	15	0
           404	2023-08-28 22:00:58	1	0	1	0
           529	2023-08-28 22:02:43	1	0	1	0
           194	2023-08-28 22:02:51	1	0	1	0
           513	2023-08-28 22:03:32	1	0	1	0
           444	2023-08-28 22:05:28	1	0	1	0
           567	2023-08-28 23:00:29	1	0	1	0
            70	2023-08-29 05:28:22	1	0	15	0
           395	2023-08-29 05:46:05	1	0	1	0
           124	2023-08-29 06:04:24	1	0	15	0
            88	2023-08-29 06:06:13	1	0	15	0
           337	2023-08-29 06:08:49	1	0	1	0
            52	2023-08-29 06:10:27	1	0	1	0
           387	2023-08-29 06:25:11	1	0	15	0
           115	2023-08-29 06:28:14	1	0	1	0
           573	2023-08-29 06:32:40	1	0	1	0
           582	2023-08-29 06:37:48	1	0	1	0
           443	2023-08-29 06:40:53	1	0	1	0
           314	2023-08-29 06:42:53	1	0	1	0
           584	2023-08-29 06:44:28	1	0	1	0
           422	2023-08-29 06:45:01	1	0	1	0
            77	2023-08-29 06:46:31	1	0	1	0
           196	2023-08-29 06:46:45	1	0	1	0
           119	2023-08-29 06:47:08	1	0	15	0
           224	2023-08-29 06:47:18	1	0	15	0
           360	2023-08-29 06:54:22	1	0	1	0
           180	2023-08-29 06:55:20	1	0	1	0
            91	2023-08-29 06:55:59	1	0	1	0
           465	2023-08-29 06:56:09	1	0	1	0
            75	2023-08-29 06:56:15	1	0	1	0
           185	2023-08-29 06:56:21	1	0	1	0
           385	2023-08-29 06:56:58	1	0	1	0
           184	2023-08-29 06:58:44	1	0	1	0
           146	2023-08-29 06:58:51	1	0	15	0
           398	2023-08-29 07:00:27	1	0	1	0
           553	2023-08-29 07:02:16	1	0	1	0
           460	2023-08-29 07:02:43	1	0	1	0
           533	2023-08-29 07:02:49	1	0	1	0
           366	2023-08-29 07:03:19	1	0	1	0
           425	2023-08-29 07:03:54	1	0	1	0
           187	2023-08-29 07:04:01	1	0	1	0
           183	2023-08-29 07:05:16	1	0	15	0
            27	2023-08-29 07:06:33	1	0	15	0
           348	2023-08-29 07:06:42	1	0	1	0
           579	2023-08-29 07:08:17	1	0	1	0
           554	2023-08-29 07:08:21	1	0	1	0
           404	2023-08-29 07:09:49	1	0	1	0
           335	2023-08-29 07:11:03	1	0	1	0
           566	2023-08-29 07:11:10	1	0	1	0
           123	2023-08-29 07:11:14	1	0	1	0
           581	2023-08-29 07:11:21	1	0	1	0
           118	2023-08-29 07:12:23	1	0	1	0
            83	2023-08-29 07:12:47	1	0	1	0
           574	2023-08-29 07:13:23	1	0	1	0
           259	2023-08-29 07:14:02	1	0	1	0
           546	2023-08-29 07:14:07	1	0	1	0
           559	2023-08-29 07:16:53	1	0	1	0
            39	2023-08-29 07:17:16	1	0	1	0
           410	2023-08-29 07:17:23	1	0	1	0
           556	2023-08-29 07:17:43	1	0	1	0
           504	2023-08-29 07:17:49	1	0	1	0
           434	2023-08-29 07:18:04	1	0	1	0
            93	2023-08-29 07:18:28	1	0	1	0
           223	2023-08-29 07:21:39	1	0	1	0
           540	2023-08-29 07:22:22	1	0	1	0
           101	2023-08-29 07:22:42	1	0	1	0
           241	2023-08-29 07:23:28	1	0	1	0
           493	2023-08-29 07:24:16	1	0	1	0
           145	2023-08-29 07:24:28	1	0	1	0
            66	2023-08-29 07:24:56	1	0	15	0
           149	2023-08-29 07:25:13	1	0	1	0
           541	2023-08-29 07:25:30	1	0	1	0
           586	2023-08-29 07:26:29	1	0	1	0
            69	2023-08-29 07:27:09	1	0	1	0
           355	2023-08-29 07:27:46	1	0	1	0
           105	2023-08-29 07:29:40	1	0	1	0
           585	2023-08-29 07:30:54	1	0	1	0
           502	2023-08-29 07:31:07	1	0	1	0
           397	2023-08-29 07:32:04	1	0	1	0
           379	2023-08-29 07:32:24	1	0	1	0
           592	2023-08-29 07:32:32	1	0	1	0
           492	2023-08-29 07:32:41	1	0	1	0
           516	2023-08-29 07:33:50	1	0	1	0
           181	2023-08-29 07:35:36	1	0	1	0
           401	2023-08-29 07:36:10	1	0	1	0
           527	2023-08-29 07:37:49	1	0	1	0
           142	2023-08-29 07:38:50	1	0	1	0
           476	2023-08-29 07:39:07	1	0	1	0
           132	2023-08-29 07:39:34	1	0	1	0
           370	2023-08-29 07:40:17	1	0	1	0
           125	2023-08-29 07:40:56	1	0	1	0
           570	2023-08-29 07:41:53	1	0	1	0
           182	2023-08-29 07:43:16	1	0	1	0
            38	2023-08-29 07:44:28	1	0	1	0
            73	2023-08-29 07:44:42	1	0	1	0
           591	2023-08-29 07:45:10	1	0	1	0
           520	2023-08-29 07:45:20	1	0	15	0
           114	2023-08-29 07:45:25	1	0	1	0
           408	2023-08-29 07:45:51	1	0	1	0
           513	2023-08-29 07:45:56	1	0	1	0
           475	2023-08-29 07:46:37	1	0	1	0
           467	2023-08-29 07:47:20	1	0	1	0
           374	2023-08-29 07:47:25	1	0	1	0
           589	2023-08-29 07:47:30	1	0	1	0
           530	2023-08-29 07:47:58	1	0	1	0
           473	2023-08-29 07:48:06	1	0	1	0
           568	2023-08-29 07:48:12	1	0	1	0
           536	2023-08-29 07:48:53	1	0	1	0
           403	2023-08-29 07:49:14	1	0	15	0
           363	2023-08-29 07:49:20	1	0	1	0
           338	2023-08-29 07:49:26	1	0	1	0
           332	2023-08-29 07:49:31	1	0	1	0
           312	2023-08-29 07:49:36	1	0	1	0
           485	2023-08-29 07:49:39	1	0	1	0
           529	2023-08-29 07:49:46	1	0	1	0
           444	2023-08-29 07:49:49	1	0	1	0
           205	2023-08-29 07:49:54	1	0	1	0
           369	2023-08-29 07:50:00	1	0	1	0
            87	2023-08-29 07:50:07	1	0	15	0
           551	2023-08-29 07:50:49	1	0	1	0
           249	2023-08-29 07:50:53	1	0	1	0
           121	2023-08-29 07:50:58	1	0	1	0
           361	2023-08-29 07:51:06	1	0	1	0
           525	2023-08-29 07:51:08	1	0	1	0
            48	2023-08-29 07:51:34	1	0	15	0
           571	2023-08-29 07:51:45	1	0	1	0
           472	2023-08-29 07:51:49	1	0	1	0
           265	2023-08-29 07:51:53	1	0	1	0
           331	2023-08-29 07:51:56	1	0	1	0
           471	2023-08-29 07:52:03	1	0	1	0
           206	2023-08-29 07:52:34	1	0	1	0
           275	2023-08-29 07:52:38	1	0	1	0
            80	2023-08-29 07:53:31	1	0	15	0
           413	2023-08-29 07:53:58	1	0	1	0
           562	2023-08-29 07:55:27	1	0	1	0
           511	2023-08-29 07:55:37	1	0	1	0
            57	2023-08-29 07:56:56	1	0	1	0
           399	2023-08-29 07:58:19	1	0	1	0
           417	2023-08-29 07:59:09	1	0	1	0
           288	2023-08-29 08:00:23	1	0	1	0
           194	2023-08-29 08:00:25	1	0	1	0
           144	2023-08-29 08:05:45	1	0	1	0
            40	2023-08-29 08:06:19	1	0	1	0
           200	2023-08-29 08:06:54	1	0	1	0
           583	2023-08-29 08:09:06	1	0	1	0
           414	2023-08-29 08:13:25	1	0	1	0
           580	2023-08-29 08:18:44	1	0	1	0
           252	2023-08-29 08:40:25	1	0	15	0
           547	2023-08-29 08:57:27	1	0	1	0
           460	2023-08-29 11:06:07	1	0	1	0
           425	2023-08-29 11:06:13	1	0	1	0
           425	2023-08-29 11:21:20	1	0	1	0
           460	2023-08-29 11:21:34	1	0	1	0
           360	2023-08-29 11:30:11	1	0	1	0
           224	2023-08-29 11:30:20	1	0	15	0
           387	2023-08-29 11:30:33	1	0	15	0
           559	2023-08-29 11:30:58	1	0	1	0
           422	2023-08-29 11:31:40	1	0	1	0
           366	2023-08-29 11:31:50	1	0	1	0
           223	2023-08-29 11:32:16	1	0	1	0
           475	2023-08-29 11:32:21	1	0	1	0
           533	2023-08-29 11:32:27	1	0	1	0
           119	2023-08-29 11:32:32	1	0	15	0
           566	2023-08-29 11:32:50	1	0	15	0
           123	2023-08-29 11:33:56	1	0	15	0
           581	2023-08-29 11:34:01	1	0	1	0
           582	2023-08-29 11:34:05	1	0	1	0
           443	2023-08-29 11:34:13	1	0	1	0
           196	2023-08-29 11:34:21	1	0	1	0
           385	2023-08-29 11:34:35	1	0	1	0
            83	2023-08-29 12:00:04	1	0	1	0
           379	2023-08-29 12:00:09	1	0	1	0
           422	2023-08-29 12:00:15	1	0	1	0
           387	2023-08-29 12:00:31	1	0	15	0
           196	2023-08-29 12:00:38	1	0	1	0
           385	2023-08-29 12:00:43	1	0	1	0
           511	2023-08-29 12:00:48	1	0	1	0
            80	2023-08-29 12:00:59	1	0	15	0
            66	2023-08-29 12:01:08	1	0	15	0
           551	2023-08-29 12:01:13	1	0	1	0
           562	2023-08-29 12:01:17	1	0	1	0
           473	2023-08-29 12:01:21	1	0	1	0
           366	2023-08-29 12:01:26	1	0	1	0
            38	2023-08-29 12:01:41	1	0	1	0
           582	2023-08-29 12:01:46	1	0	1	0
            77	2023-08-29 12:01:51	1	0	1	0
           119	2023-08-29 12:02:02	1	0	15	0
           559	2023-08-29 12:02:07	1	0	1	0
           443	2023-08-29 12:02:13	1	0	1	0
           224	2023-08-29 12:02:19	1	0	15	0
           241	2023-08-29 12:02:23	1	0	1	0
            91	2023-08-29 12:02:28	1	0	1	0
           397	2023-08-29 12:02:31	1	0	1	0
           536	2023-08-29 12:02:36	1	0	1	0
           527	2023-08-29 12:02:42	1	0	1	0
           401	2023-08-29 12:02:48	1	0	1	0
           566	2023-08-29 12:02:54	1	0	1	0
           581	2023-08-29 12:02:58	1	0	1	0
           125	2023-08-29 12:03:02	1	0	1	0
           570	2023-08-29 12:03:07	1	0	1	0
           265	2023-08-29 12:03:16	1	0	1	0
           149	2023-08-29 12:03:23	1	0	1	0
           584	2023-08-29 12:03:27	1	0	1	0
           205	2023-08-29 12:03:43	1	0	1	0
           591	2023-08-29 12:03:52	1	0	1	0
           472	2023-08-29 12:04:00	1	0	1	0
           471	2023-08-29 12:04:06	1	0	1	0
           414	2023-08-29 12:04:10	1	0	1	0
           465	2023-08-29 12:04:17	1	0	1	0
           331	2023-08-29 12:04:23	1	0	1	0
           568	2023-08-29 12:04:29	1	0	1	0
           348	2023-08-29 12:04:39	1	0	1	0
           540	2023-08-29 12:04:43	1	0	1	0
           410	2023-08-29 12:04:48	1	0	1	0
           586	2023-08-29 12:04:54	1	0	1	0
           142	2023-08-29 12:05:01	1	0	1	0
           132	2023-08-29 12:05:09	1	0	1	0
           530	2023-08-29 12:05:15	1	0	1	0
           520	2023-08-29 12:05:21	1	0	15	0
            27	2023-08-29 12:05:44	1	0	15	0
           493	2023-08-29 12:05:58	1	0	1	0
           355	2023-08-29 12:06:04	1	0	1	0
           194	2023-08-29 12:06:10	1	0	1	0
           252	2023-08-29 12:06:14	1	0	15	0
           547	2023-08-29 12:08:24	1	0	1	0
           403	2023-08-29 12:08:31	1	0	1	0
           556	2023-08-29 12:08:37	1	0	1	0
           249	2023-08-29 12:08:50	1	0	1	0
           101	2023-08-29 12:09:07	1	0	1	0
           259	2023-08-29 12:09:15	1	0	1	0
           288	2023-08-29 12:09:22	1	0	1	0
           332	2023-08-29 12:09:37	1	0	1	0
           492	2023-08-29 12:10:06	1	0	1	0
           516	2023-08-29 12:10:10	1	0	1	0
            39	2023-08-29 12:10:16	1	0	1	0
           184	2023-08-29 12:10:22	1	0	1	0
           571	2023-08-29 12:10:28	1	0	1	0
            88	2023-08-29 12:10:37	1	0	15	0
           275	2023-08-29 12:10:43	1	0	15	0
           118	2023-08-29 12:10:59	1	0	1	0
           575	2023-08-29 12:11:33	1	0	1	0
           502	2023-08-29 12:11:39	1	0	1	0
            73	2023-08-29 12:11:49	1	0	1	0
            52	2023-08-29 12:12:07	1	0	1	0
           583	2023-08-29 12:12:16	1	0	1	0
           476	2023-08-29 12:12:29	1	0	1	0
           585	2023-08-29 12:13:01	1	0	1	0
            40	2023-08-29 12:13:16	1	0	1	0
           580	2023-08-29 12:13:59	1	0	1	0
           337	2023-08-29 12:15:36	1	0	1	0
           504	2023-08-29 12:15:42	1	0	1	0
           146	2023-08-29 12:15:52	1	0	15	0
           467	2023-08-29 12:16:00	1	0	1	0
           546	2023-08-29 12:16:07	1	0	1	0
           579	2023-08-29 12:16:15	1	0	1	0
           314	2023-08-29 12:16:22	1	0	1	0
            69	2023-08-29 12:16:29	1	0	1	0
           554	2023-08-29 12:16:36	1	0	1	0
           553	2023-08-29 12:16:43	1	0	1	0
           114	2023-08-29 12:16:49	1	0	1	0
           374	2023-08-29 12:17:02	1	0	1	0
           541	2023-08-29 12:17:07	1	0	1	0
           181	2023-08-29 12:17:13	1	0	1	0
           185	2023-08-29 12:17:19	1	0	1	0
           180	2023-08-29 12:17:25	1	0	1	0
           592	2023-08-29 12:17:32	1	0	1	0
            83	2023-08-29 12:17:40	1	0	1	0
            75	2023-08-29 12:17:47	1	0	1	0
           527	2023-08-29 12:17:53	1	0	1	0
           370	2023-08-29 12:17:59	1	0	1	0
            91	2023-08-29 12:18:13	1	0	1	0
           241	2023-08-29 12:18:17	1	0	1	0
           536	2023-08-29 12:18:26	1	0	1	0
           182	2023-08-29 12:18:36	1	0	1	0
           335	2023-08-29 12:18:40	1	0	1	0
            93	2023-08-29 12:18:49	1	0	15	0
           183	2023-08-29 12:18:56	1	0	1	0
           513	2023-08-29 12:19:15	1	0	1	0
           529	2023-08-29 12:20:01	1	0	1	0
           473	2023-08-29 12:20:15	1	0	1	0
           434	2023-08-29 12:20:29	1	0	1	0
           589	2023-08-29 12:20:40	1	0	1	0
           121	2023-08-29 12:20:51	1	0	1	0
           413	2023-08-29 12:20:53	1	0	4	0
           404	2023-08-29 12:21:10	1	0	1	0
            77	2023-08-29 12:21:46	1	0	1	0
           265	2023-08-29 12:21:52	1	0	1	0
           573	2023-08-29 12:21:58	1	0	1	0
           465	2023-08-29 12:22:09	1	0	1	0
           115	2023-08-29 12:23:24	1	0	1	0
            48	2023-08-29 12:23:34	1	0	15	0
           187	2023-08-29 12:23:40	1	0	1	0
            87	2023-08-29 12:23:48	1	0	15	0
           101	2023-08-29 12:24:30	1	0	1	0
           562	2023-08-29 12:24:43	1	0	1	0
           259	2023-08-29 12:24:51	1	0	1	0
           472	2023-08-29 12:25:07	1	0	1	0
           332	2023-08-29 12:25:26	1	0	1	0
           105	2023-08-29 12:25:43	1	0	1	0
           118	2023-08-29 12:26:04	1	0	1	0
           144	2023-08-29 12:26:20	1	0	1	0
           556	2023-08-29 12:26:29	1	0	1	0
           492	2023-08-29 12:26:34	1	0	1	0
           516	2023-08-29 12:26:47	1	0	1	0
           471	2023-08-29 12:26:54	1	0	1	0
           149	2023-08-29 12:27:00	1	0	1	0
           568	2023-08-29 12:28:53	1	0	1	0
           206	2023-08-29 12:29:06	1	0	1	0
           476	2023-08-29 12:29:48	1	0	1	0
           467	2023-08-29 12:31:05	1	0	1	0
           579	2023-08-29 12:31:23	1	0	1	0
           314	2023-08-29 12:31:28	1	0	1	0
           574	2023-08-29 12:31:53	1	0	1	0
           444	2023-08-29 12:31:59	1	0	1	0
           337	2023-08-29 12:32:06	1	0	1	0
           546	2023-08-29 12:32:10	1	0	1	0
           553	2023-08-29 12:32:15	1	0	1	0
           374	2023-08-29 12:32:19	1	0	1	0
           541	2023-08-29 12:32:24	1	0	1	0
           554	2023-08-29 12:32:31	1	0	1	0
           504	2023-08-29 12:32:45	1	0	1	0
           114	2023-08-29 12:32:50	1	0	1	0
            69	2023-08-29 12:32:58	1	0	1	0
           123	2023-08-29 12:33:24	1	0	1	0
            75	2023-08-29 12:34:48	1	0	1	0
           338	2023-08-29 12:35:01	1	0	1	0
           180	2023-08-29 12:35:48	1	0	1	0
           403	2023-08-29 12:35:54	1	0	1	0
           592	2023-08-29 12:36:05	1	0	1	0
           185	2023-08-29 12:36:18	1	0	1	0
           181	2023-08-29 12:36:27	1	0	1	0
            73	2023-08-29 12:36:50	1	0	1	0
           591	2023-08-29 12:37:05	1	0	15	0
           331	2023-08-29 12:37:13	1	0	1	0
           573	2023-08-29 12:37:19	1	0	1	0
            38	2023-08-29 12:37:37	1	0	1	0
           584	2023-08-29 12:37:58	1	0	1	0
            57	2023-08-29 12:38:31	1	0	1	0
           312	2023-08-29 12:38:49	1	0	1	0
           121	2023-08-29 12:39:05	1	0	1	0
           249	2023-08-29 12:39:18	1	0	1	0
           589	2023-08-29 12:39:24	1	0	1	0
            39	2023-08-29 12:39:51	1	0	1	0
           187	2023-08-29 12:39:58	1	0	1	0
           413	2023-08-29 12:40:07	1	0	4	0
           335	2023-08-29 12:40:13	1	0	1	0
           571	2023-08-29 12:40:25	1	0	1	0
           115	2023-08-29 12:40:39	1	0	1	0
            48	2023-08-29 12:40:46	1	0	15	0
           252	2023-08-29 12:40:55	1	0	15	0
           493	2023-08-29 12:41:01	1	0	1	0
           194	2023-08-29 12:41:13	1	0	1	0
            87	2023-08-29 12:41:20	1	0	15	0
           530	2023-08-29 12:41:25	1	0	1	0
            52	2023-08-29 12:41:36	1	0	1	0
            27	2023-08-29 12:41:56	1	0	15	0
           361	2023-08-29 12:42:06	1	0	1	0
           363	2023-08-29 12:42:10	1	0	1	0
           417	2023-08-29 12:42:16	1	0	1	0
           520	2023-08-29 12:42:27	1	0	15	0
            88	2023-08-29 12:42:38	1	0	15	0
           275	2023-08-29 12:42:43	1	0	15	0
           348	2023-08-29 12:42:50	1	0	1	0
           369	2023-08-29 12:43:27	1	0	1	0
           513	2023-08-29 12:44:02	1	0	1	0
           570	2023-08-29 12:44:09	1	0	1	0
           125	2023-08-29 12:44:15	1	0	1	0
            93	2023-08-29 12:44:38	1	0	1	0
           183	2023-08-29 12:45:00	1	0	1	0
           182	2023-08-29 12:45:09	1	0	1	0
           370	2023-08-29 12:45:15	1	0	1	0
           288	2023-08-29 12:45:26	1	0	1	0
           397	2023-08-29 12:45:33	1	0	1	0
           206	2023-08-29 12:45:39	1	0	1	0
           142	2023-08-29 12:46:05	1	0	1	0
           132	2023-08-29 12:46:12	1	0	1	0
           434	2023-08-29 12:46:36	1	0	1	0
           144	2023-08-29 12:46:50	1	0	1	0
           145	2023-08-29 12:47:02	1	0	1	0
           401	2023-08-29 12:47:08	1	0	1	0
           410	2023-08-29 12:47:15	1	0	1	0
           586	2023-08-29 12:47:23	1	0	1	0
           540	2023-08-29 12:47:29	1	0	1	0
           355	2023-08-29 12:48:46	1	0	1	0
           105	2023-08-29 12:49:23	1	0	1	0
           502	2023-08-29 12:49:29	1	0	1	0
           575	2023-08-29 12:49:34	1	0	1	0
           547	2023-08-29 12:50:10	1	0	1	0
            40	2023-08-29 12:50:52	1	0	1	0
           585	2023-08-29 12:50:59	1	0	1	0
            66	2023-08-29 12:51:32	1	0	15	0
            43	2023-08-29 12:51:44	1	0	1	0
           580	2023-08-29 12:51:58	1	0	1	0
           583	2023-08-29 12:52:04	1	0	1	0
           338	2023-08-29 12:52:37	1	0	1	0
            80	2023-08-29 12:54:09	1	0	1	0
           511	2023-08-29 12:54:12	1	0	1	0
           551	2023-08-29 12:54:18	1	0	1	0
           533	2023-08-29 12:54:35	1	0	1	0
           379	2023-08-29 12:54:48	1	0	1	0
           223	2023-08-29 12:55:37	1	0	1	0
           574	2023-08-29 12:55:42	1	0	1	0
           444	2023-08-29 12:55:45	1	0	1	0
           404	2023-08-29 12:55:48	1	0	1	0
           529	2023-08-29 12:55:51	1	0	1	0
            57	2023-08-29 12:55:58	1	0	1	0
           360	2023-08-29 12:56:06	1	0	1	0
           417	2023-08-29 12:57:24	1	0	15	0
           363	2023-08-29 12:57:49	1	0	1	0
           312	2023-08-29 12:58:41	1	0	1	0
           369	2023-08-29 12:59:39	1	0	1	0
           414	2023-08-29 12:59:44	1	0	1	0
           485	2023-08-29 13:05:25	1	0	1	0
           184	2023-08-29 13:08:50	1	0	1	0
           146	2023-08-29 13:08:58	1	0	1	0
           485	2023-08-29 13:36:21	1	0	1	0
           567	2023-08-29 13:39:28	1	0	15	0
           124	2023-08-29 13:46:52	1	0	15	0
            70	2023-08-29 14:00:08	1	0	1	0
           460	2023-08-29 16:08:48	1	0	1	0
           425	2023-08-29 16:08:54	1	0	1	0
           369	2023-08-29 17:00:17	1	0	1	0
            57	2023-08-29 17:00:27	1	0	1	0
            52	2023-08-29 17:00:42	1	0	1	0
           387	2023-08-29 17:00:53	1	0	15	0
           422	2023-08-29 17:00:58	1	0	1	0
            48	2023-08-29 17:01:07	1	0	15	0
           115	2023-08-29 17:01:14	1	0	1	0
           187	2023-08-29 17:01:19	1	0	1	0
           571	2023-08-29 17:01:35	1	0	1	0
           331	2023-08-29 17:01:40	1	0	1	0
           145	2023-08-29 17:01:53	1	0	1	0
           562	2023-08-29 17:01:58	1	0	1	0
           581	2023-08-29 17:02:02	1	0	1	0
           361	2023-08-29 17:02:07	1	0	1	0
           417	2023-08-29 17:02:19	1	0	15	0
           566	2023-08-29 17:02:25	1	0	1	0
           559	2023-08-29 17:02:30	1	0	1	0
           379	2023-08-29 17:02:36	1	0	1	0
           223	2023-08-29 17:02:41	1	0	1	0
            39	2023-08-29 17:02:55	1	0	1	0
           475	2023-08-29 17:03:00	1	0	1	0
           146	2023-08-29 17:03:08	1	0	1	0
           366	2023-08-29 17:03:13	1	0	1	0
           476	2023-08-29 17:03:19	1	0	1	0
           568	2023-08-29 17:03:23	1	0	1	0
           582	2023-08-29 17:03:28	1	0	1	0
           533	2023-08-29 17:03:32	1	0	1	0
           395	2023-08-29 17:03:38	1	0	1	0
           536	2023-08-29 17:03:43	1	0	1	0
           180	2023-08-29 17:03:50	1	0	1	0
           592	2023-08-29 17:04:21	1	0	1	0
            38	2023-08-29 17:04:29	1	0	1	0
           397	2023-08-29 17:04:32	1	0	1	0
           360	2023-08-29 17:04:39	1	0	1	0
           123	2023-08-29 17:04:46	1	0	1	0
           410	2023-08-29 17:04:51	1	0	1	0
           540	2023-08-29 17:04:57	1	0	1	0
           586	2023-08-29 17:05:02	1	0	1	0
            77	2023-08-29 17:05:10	1	0	1	0
           149	2023-08-29 17:05:16	1	0	1	0
           196	2023-08-29 17:05:23	1	0	1	0
           385	2023-08-29 17:05:26	1	0	1	0
           471	2023-08-29 17:05:30	1	0	1	0
           125	2023-08-29 17:05:34	1	0	1	0
           570	2023-08-29 17:05:39	1	0	1	0
            93	2023-08-29 17:05:48	1	0	1	0
           184	2023-08-29 17:05:54	1	0	1	0
           413	2023-08-29 17:05:57	1	0	15	0
           502	2023-08-29 17:06:04	1	0	1	0
           575	2023-08-29 17:06:10	1	0	1	0
           194	2023-08-29 17:06:14	1	0	1	0
           401	2023-08-29 17:06:18	1	0	1	0
           132	2023-08-29 17:06:25	1	0	1	0
           142	2023-08-29 17:06:32	1	0	1	0
           520	2023-08-29 17:06:42	1	0	15	0
            66	2023-08-29 17:06:49	1	0	15	0
           591	2023-08-29 17:06:55	1	0	1	0
           363	2023-08-29 17:07:01	1	0	1	0
           511	2023-08-29 17:07:07	1	0	1	0
           546	2023-08-29 17:07:10	1	0	1	0
           530	2023-08-29 17:07:15	1	0	1	0
           259	2023-08-29 17:07:21	1	0	1	0
            69	2023-08-29 17:07:26	1	0	1	0
           101	2023-08-29 17:07:29	1	0	1	0
           551	2023-08-29 17:07:37	1	0	1	0
           472	2023-08-29 17:07:46	1	0	1	0
           580	2023-08-29 17:07:59	1	0	1	0
           513	2023-08-29 17:08:04	1	0	1	0
            80	2023-08-29 17:08:09	1	0	1	0
           443	2023-08-29 17:08:16	1	0	1	0
           224	2023-08-29 17:08:27	1	0	15	0
           399	2023-08-29 17:08:33	1	0	1	0
           403	2023-08-29 17:08:58	1	0	1	0
           473	2023-08-29 17:09:02	1	0	1	0
           181	2023-08-29 17:09:08	1	0	1	0
           118	2023-08-29 17:09:14	1	0	1	0
           119	2023-08-29 17:09:28	1	0	15	0
           288	2023-08-29 17:09:52	1	0	1	0
           374	2023-08-29 17:10:04	1	0	1	0
           348	2023-08-29 17:10:10	1	0	1	0
           527	2023-08-29 17:11:07	1	0	1	0
           547	2023-08-29 17:11:30	1	0	1	0
           583	2023-08-29 17:11:36	1	0	1	0
           249	2023-08-29 17:11:52	1	0	1	0
           121	2023-08-29 17:11:56	1	0	1	0
           589	2023-08-29 17:12:07	1	0	1	0
           252	2023-08-29 17:12:13	1	0	15	0
           114	2023-08-29 17:12:32	1	0	1	0
           206	2023-08-29 17:13:03	1	0	1	0
           275	2023-08-29 17:13:25	1	0	1	0
           573	2023-08-29 17:13:41	1	0	1	0
            73	2023-08-29 17:14:06	1	0	1	0
            87	2023-08-29 17:14:18	1	0	15	0
            88	2023-08-29 17:16:11	1	0	15	0
           241	2023-08-29 17:16:19	1	0	1	0
           541	2023-08-29 17:16:24	1	0	1	0
           467	2023-08-29 17:16:29	1	0	1	0
           579	2023-08-29 17:16:35	1	0	1	0
           265	2023-08-29 17:16:40	1	0	1	0
           337	2023-08-29 17:16:47	1	0	1	0
           314	2023-08-29 17:17:03	1	0	1	0
           434	2023-08-29 17:17:13	1	0	1	0
           200	2023-08-29 17:17:42	1	0	1	0
           332	2023-08-29 17:18:14	1	0	1	0
           144	2023-08-29 17:18:18	1	0	1	0
           529	2023-08-29 17:18:26	1	0	1	0
           185	2023-08-29 17:19:24	1	0	1	0
           398	2023-08-29 17:20:00	1	0	1	0
           182	2023-08-29 17:20:49	1	0	1	0
           183	2023-08-29 17:21:19	1	0	1	0
           370	2023-08-29 17:21:27	1	0	1	0
           584	2023-08-29 17:21:32	1	0	1	0
            91	2023-08-29 17:22:29	1	0	1	0
           105	2023-08-29 17:22:51	1	0	1	0
           493	2023-08-29 17:23:12	1	0	1	0
           525	2023-08-29 17:23:16	1	0	1	0
           408	2023-08-29 17:23:27	1	0	1	0
            27	2023-08-29 17:23:33	1	0	15	0
           556	2023-08-29 17:24:15	1	0	1	0
           574	2023-08-29 17:37:38	1	0	1	0
           335	2023-08-29 17:39:49	1	0	1	0
            43	2023-08-29 17:51:05	1	0	1	0
            83	2023-08-29 17:58:59	1	0	1	0
           355	2023-08-29 18:07:30	1	0	1	0
           312	2023-08-29 18:13:54	1	0	1	0
           554	2023-08-29 18:15:29	1	0	1	0
           504	2023-08-29 18:15:33	1	0	1	0
           553	2023-08-29 18:15:37	1	0	1	0
           485	2023-08-29 18:15:41	1	0	1	0
            40	2023-08-29 18:16:51	1	0	1	0
           338	2023-08-29 18:17:01	1	0	1	0
           444	2023-08-29 18:22:08	1	0	1	0
           404	2023-08-29 18:22:26	1	0	1	0
           205	2023-08-29 18:34:39	1	0	1	0
           414	2023-08-29 18:40:09	1	0	1	0
           492	2023-08-29 19:04:21	1	0	1	0
           516	2023-08-29 19:04:28	1	0	1	0
           465	2023-08-29 19:06:10	1	0	1	0
            75	2023-08-29 19:06:21	1	0	1	0
           567	2023-08-29 22:02:57	1	0	1	0
           107	2023-08-29 22:50:19	1	0	1	0
           124	2023-08-29 23:01:55	1	0	15	0
           337	2023-08-30 06:10:42	1	0	15	0
            52	2023-08-30 06:14:50	1	0	1	0
           395	2023-08-30 06:15:51	1	0	1	0
           387	2023-08-30 06:28:50	1	0	15	0
           422	2023-08-30 06:35:10	1	0	1	0
           567	2023-08-30 06:42:47	1	0	1	0
           573	2023-08-30 06:44:28	1	0	1	0
           314	2023-08-30 06:47:26	1	0	1	0
           566	2023-08-30 06:48:34	1	0	1	0
           196	2023-08-30 06:51:21	1	0	1	0
           119	2023-08-30 06:51:30	1	0	15	0
           224	2023-08-30 06:51:49	1	0	15	0
            88	2023-08-30 06:55:33	1	0	15	0
            77	2023-08-30 06:55:42	1	0	1	0
           584	2023-08-30 06:57:09	1	0	1	0
           385	2023-08-30 06:57:46	1	0	1	0
           443	2023-08-30 06:58:43	1	0	1	0
           460	2023-08-30 07:01:17	1	0	1	0
           375	2023-08-30 07:01:25	1	0	1	0
           533	2023-08-30 07:03:10	1	0	1	0
           107	2023-08-30 07:03:46	1	0	1	0
           187	2023-08-30 07:04:29	1	0	1	0
           185	2023-08-30 07:04:50	1	0	1	0
            91	2023-08-30 07:05:15	1	0	1	0
            83	2023-08-30 07:06:00	1	0	1	0
           516	2023-08-30 07:06:46	1	0	1	0
           581	2023-08-30 07:07:49	1	0	1	0
           582	2023-08-30 07:08:01	1	0	1	0
           360	2023-08-30 07:10:03	1	0	1	0
           465	2023-08-30 07:10:35	1	0	1	0
            75	2023-08-30 07:10:43	1	0	1	0
           425	2023-08-30 07:11:04	1	0	1	0
           554	2023-08-30 07:11:12	1	0	1	0
           335	2023-08-30 07:12:05	1	0	1	0
           579	2023-08-30 07:13:02	1	0	1	0
           559	2023-08-30 07:15:08	1	0	1	0
           410	2023-08-30 07:15:22	1	0	1	0
           366	2023-08-30 07:16:35	1	0	1	0
           123	2023-08-30 07:18:17	1	0	1	0
           504	2023-08-30 07:18:38	1	0	1	0
           556	2023-08-30 07:18:47	1	0	1	0
            39	2023-08-30 07:21:22	1	0	1	0
           115	2023-08-30 07:22:59	1	0	1	0
            37	2023-08-30 07:23:15	1	0	1	0
           331	2023-08-30 07:24:08	1	0	1	0
           553	2023-08-30 07:25:04	1	0	1	0
           181	2023-08-30 07:28:09	1	0	1	0
           540	2023-08-30 07:28:27	1	0	1	0
           252	2023-08-30 07:29:13	1	0	15	0
           546	2023-08-30 07:29:18	1	0	1	0
           398	2023-08-30 07:29:33	1	0	1	0
           541	2023-08-30 07:29:37	1	0	1	0
           355	2023-08-30 07:30:11	1	0	1	0
           591	2023-08-30 07:30:25	1	0	1	0
           434	2023-08-30 07:32:08	1	0	1	0
           418	2023-08-30 07:32:18	1	0	1	0
           574	2023-08-30 07:33:04	1	0	1	0
           180	2023-08-30 07:34:18	1	0	1	0
           444	2023-08-30 07:34:43	1	0	1	0
           397	2023-08-30 07:35:12	1	0	1	0
           592	2023-08-30 07:35:56	1	0	1	0
           467	2023-08-30 07:36:04	1	0	1	0
           223	2023-08-30 07:36:37	1	0	1	0
           144	2023-08-30 07:38:23	1	0	1	0
            93	2023-08-30 07:39:08	1	0	1	0
           288	2023-08-30 07:39:18	1	0	1	0
           379	2023-08-30 07:39:23	1	0	1	0
           194	2023-08-30 07:39:30	1	0	1	0
           149	2023-08-30 07:40:23	1	0	1	0
            43	2023-08-30 07:40:33	1	0	1	0
           101	2023-08-30 07:40:37	1	0	1	0
           583	2023-08-30 07:41:32	1	0	1	0
            69	2023-08-30 07:42:03	1	0	1	0
           493	2023-08-30 07:42:10	1	0	1	0
           502	2023-08-30 07:42:40	1	0	1	0
           570	2023-08-30 07:42:47	1	0	1	0
           547	2023-08-30 07:42:52	1	0	1	0
           121	2023-08-30 07:42:58	1	0	1	0
           575	2023-08-30 07:43:09	1	0	1	0
           492	2023-08-30 07:43:23	1	0	1	0
           184	2023-08-30 07:43:32	1	0	1	0
           146	2023-08-30 07:43:39	1	0	1	0
           571	2023-08-30 07:43:46	1	0	1	0
           182	2023-08-30 07:44:08	1	0	1	0
           118	2023-08-30 07:44:53	1	0	1	0
           142	2023-08-30 07:45:15	1	0	1	0
           132	2023-08-30 07:45:22	1	0	15	0
            38	2023-08-30 07:46:02	1	0	1	0
           105	2023-08-30 07:46:28	1	0	1	0
           404	2023-08-30 07:46:43	1	0	1	0
            73	2023-08-30 07:46:54	1	0	1	0
           520	2023-08-30 07:47:07	1	0	15	0
           114	2023-08-30 07:47:14	1	0	1	0
           405	2023-08-30 07:47:58	1	0	1	0
           527	2023-08-30 07:48:03	1	0	1	0
           265	2023-08-30 07:48:10	1	0	1	0
           585	2023-08-30 07:48:20	1	0	1	0
           338	2023-08-30 07:48:32	1	0	1	0
           145	2023-08-30 07:49:29	1	0	1	0
           562	2023-08-30 07:51:01	1	0	1	0
           408	2023-08-30 07:51:59	1	0	1	0
           530	2023-08-30 07:52:07	1	0	1	0
           403	2023-08-30 07:52:14	1	0	1	0
           589	2023-08-30 07:52:18	1	0	1	0
           586	2023-08-30 07:52:24	1	0	1	0
           513	2023-08-30 07:52:43	1	0	1	0
           568	2023-08-30 07:53:04	1	0	1	0
           241	2023-08-30 07:53:20	1	0	1	0
           473	2023-08-30 07:53:39	1	0	1	0
           332	2023-08-30 07:54:24	1	0	1	0
           401	2023-08-30 07:54:31	1	0	1	0
           259	2023-08-30 07:54:40	1	0	15	0
           363	2023-08-30 07:54:48	1	0	15	0
           374	2023-08-30 07:54:55	1	0	1	0
           536	2023-08-30 07:55:01	1	0	1	0
            87	2023-08-30 07:55:50	1	0	15	0
           551	2023-08-30 07:55:57	1	0	1	0
            80	2023-08-30 07:56:14	1	0	1	0
           511	2023-08-30 07:58:23	1	0	1	0
           413	2023-08-30 07:59:13	1	0	4	0
            40	2023-08-30 07:59:28	1	0	1	0
            27	2023-08-30 07:59:54	1	0	15	0
           453	2023-08-30 08:00:01	1	0	1	0
           348	2023-08-30 08:00:05	1	0	1	0
           399	2023-08-30 08:00:20	1	0	1	0
           361	2023-08-30 08:00:25	1	0	1	0
           249	2023-08-30 08:00:57	1	0	1	0
            48	2023-08-30 08:01:52	1	0	15	0
           312	2023-08-30 08:01:58	1	0	1	0
           414	2023-08-30 08:02:03	1	0	1	0
           205	2023-08-30 08:02:32	1	0	1	0
            57	2023-08-30 08:03:14	1	0	1	0
           125	2023-08-30 08:05:37	1	0	1	0
           369	2023-08-30 08:05:41	1	0	1	0
           529	2023-08-30 08:06:23	1	0	15	0
           370	2023-08-30 08:06:46	1	0	1	0
           580	2023-08-30 08:07:25	1	0	1	0
           417	2023-08-30 08:08:05	1	0	15	0
           475	2023-08-30 08:16:31	1	0	1	0
           525	2023-08-30 08:19:54	1	0	1	0
           485	2023-08-30 08:40:52	1	0	1	0
           275	2023-08-30 08:48:21	1	0	1	0
           206	2023-08-30 08:49:23	1	0	1	0
           425	2023-08-30 11:04:57	1	0	1	0
           460	2023-08-30 11:05:05	1	0	1	0
           425	2023-08-30 11:21:50	1	0	1	0
           460	2023-08-30 11:21:58	1	0	1	0
           559	2023-08-30 11:30:11	1	0	1	0
           224	2023-08-30 11:30:20	1	0	15	0
           387	2023-08-30 11:30:28	1	0	15	0
           422	2023-08-30 11:30:56	1	0	15	0
           475	2023-08-30 11:31:01	1	0	15	0
           223	2023-08-30 11:31:09	1	0	1	0
           366	2023-08-30 11:31:17	1	0	1	0
           533	2023-08-30 11:31:23	1	0	1	0
           119	2023-08-30 11:32:24	1	0	15	0
           581	2023-08-30 11:32:47	1	0	15	0
           443	2023-08-30 11:33:03	1	0	1	0
           360	2023-08-30 11:33:32	1	0	1	0
           582	2023-08-30 11:33:38	1	0	1	0
           196	2023-08-30 11:36:18	1	0	1	0
           385	2023-08-30 11:36:23	1	0	1	0
           566	2023-08-30 11:48:27	1	0	15	0
           123	2023-08-30 11:48:37	1	0	15	0
           379	2023-08-30 12:00:05	1	0	1	0
           387	2023-08-30 12:00:13	1	0	15	0
           132	2023-08-30 12:00:20	1	0	15	0
           142	2023-08-30 12:00:26	1	0	1	0
           397	2023-08-30 12:00:31	1	0	1	0
           196	2023-08-30 12:00:36	1	0	1	0
           385	2023-08-30 12:00:40	1	0	1	0
           422	2023-08-30 12:00:54	1	0	15	0
            83	2023-08-30 12:01:05	1	0	1	0
           579	2023-08-30 12:01:11	1	0	1	0
            37	2023-08-30 12:01:18	1	0	1	0
           553	2023-08-30 12:01:23	1	0	1	0
           546	2023-08-30 12:01:28	1	0	1	0
           467	2023-08-30 12:01:33	1	0	1	0
           119	2023-08-30 12:01:42	1	0	15	0
           582	2023-08-30 12:01:47	1	0	1	0
           314	2023-08-30 12:01:54	1	0	1	0
           554	2023-08-30 12:02:01	1	0	1	0
           562	2023-08-30 12:02:05	1	0	1	0
           366	2023-08-30 12:02:17	1	0	1	0
           185	2023-08-30 12:02:24	1	0	1	0
           592	2023-08-30 12:02:31	1	0	1	0
           375	2023-08-30 12:02:38	1	0	1	0
           180	2023-08-30 12:02:44	1	0	1	0
           259	2023-08-30 12:02:57	1	0	1	0
           125	2023-08-30 12:03:03	1	0	1	0
           331	2023-08-30 12:03:08	1	0	1	0
           146	2023-08-30 12:03:15	1	0	15	0
           184	2023-08-30 12:03:22	1	0	1	0
           571	2023-08-30 12:03:32	1	0	1	0
           205	2023-08-30 12:03:42	1	0	1	0
           414	2023-08-30 12:03:48	1	0	1	0
           465	2023-08-30 12:03:54	1	0	1	0
           265	2023-08-30 12:03:59	1	0	1	0
            77	2023-08-30 12:04:05	1	0	1	0
            87	2023-08-30 12:04:11	1	0	15	0
           559	2023-08-30 12:04:16	1	0	1	0
           568	2023-08-30 12:04:23	1	0	1	0
           413	2023-08-30 12:04:26	1	0	4	0
           536	2023-08-30 12:04:30	1	0	1	0
           181	2023-08-30 12:04:35	1	0	1	0
           527	2023-08-30 12:04:40	1	0	1	0
            69	2023-08-30 12:04:45	1	0	1	0
           348	2023-08-30 12:04:53	1	0	15	0
           335	2023-08-30 12:04:59	1	0	1	0
           224	2023-08-30 12:05:08	1	0	15	0
           581	2023-08-30 12:05:13	1	0	1	0
           502	2023-08-30 12:05:21	1	0	1	0
           547	2023-08-30 12:05:28	1	0	1	0
           575	2023-08-30 12:05:36	1	0	1	0
           443	2023-08-30 12:05:44	1	0	1	0
           241	2023-08-30 12:05:49	1	0	1	0
           591	2023-08-30 12:06:11	1	0	1	0
           187	2023-08-30 12:06:23	1	0	1	0
           493	2023-08-30 12:06:34	1	0	1	0
           114	2023-08-30 12:06:44	1	0	1	0
           337	2023-08-30 12:06:53	1	0	1	0
           374	2023-08-30 12:07:07	1	0	15	0
           492	2023-08-30 12:07:13	1	0	1	0
           516	2023-08-30 12:07:18	1	0	1	0
           556	2023-08-30 12:07:21	1	0	1	0
            38	2023-08-30 12:07:31	1	0	1	0
           115	2023-08-30 12:07:38	1	0	1	0
           249	2023-08-30 12:07:54	1	0	1	0
           121	2023-08-30 12:08:00	1	0	1	0
           370	2023-08-30 12:08:08	1	0	1	0
            75	2023-08-30 12:08:19	1	0	1	0
           118	2023-08-30 12:08:25	1	0	1	0
           144	2023-08-30 12:08:30	1	0	1	0
           404	2023-08-30 12:08:38	1	0	1	0
           194	2023-08-30 12:08:42	1	0	1	0
           332	2023-08-30 12:08:47	1	0	1	0
           473	2023-08-30 12:08:51	1	0	1	0
           434	2023-08-30 12:08:58	1	0	1	0
            73	2023-08-30 12:09:13	1	0	1	0
            52	2023-08-30 12:09:26	1	0	1	0
           513	2023-08-30 12:09:39	1	0	1	0
           206	2023-08-30 12:09:43	1	0	1	0
           338	2023-08-30 12:09:47	1	0	1	0
           403	2023-08-30 12:10:12	1	0	1	0
           355	2023-08-30 12:10:22	1	0	1	0
           410	2023-08-30 12:10:42	1	0	1	0
           589	2023-08-30 12:10:48	1	0	1	0
           352	2023-08-30 12:10:52	1	0	1	0
            88	2023-08-30 12:10:56	1	0	15	0
           540	2023-08-30 12:11:04	1	0	1	0
           586	2023-08-30 12:11:10	1	0	1	0
            93	2023-08-30 12:11:36	1	0	1	0
           182	2023-08-30 12:11:42	1	0	1	0
           583	2023-08-30 12:11:49	1	0	1	0
           580	2023-08-30 12:11:55	1	0	1	0
           530	2023-08-30 12:12:03	1	0	1	0
           520	2023-08-30 12:12:14	1	0	15	0
           101	2023-08-30 12:12:20	1	0	1	0
           405	2023-08-30 12:12:30	1	0	1	0
            80	2023-08-30 12:12:45	1	0	1	0
           551	2023-08-30 12:12:48	1	0	1	0
           511	2023-08-30 12:12:53	1	0	1	0
           361	2023-08-30 12:12:59	1	0	1	0
           363	2023-08-30 12:13:12	1	0	1	0
           417	2023-08-30 12:13:21	1	0	15	0
           288	2023-08-30 12:13:41	1	0	1	0
           252	2023-08-30 12:15:01	1	0	15	0
           566	2023-08-30 12:15:09	1	0	1	0
           123	2023-08-30 12:15:17	1	0	1	0
           312	2023-08-30 12:16:05	1	0	1	0
            37	2023-08-30 12:17:10	1	0	1	0
            27	2023-08-30 12:17:32	1	0	15	0
           453	2023-08-30 12:17:40	1	0	1	0
           375	2023-08-30 12:18:09	1	0	1	0
           180	2023-08-30 12:18:19	1	0	1	0
           275	2023-08-30 12:19:11	1	0	1	0
           465	2023-08-30 12:19:25	1	0	1	0
           200	2023-08-30 12:19:37	1	0	1	0
           146	2023-08-30 12:19:42	1	0	15	0
           149	2023-08-30 12:20:12	1	0	1	0
           536	2023-08-30 12:20:20	1	0	1	0
           527	2023-08-30 12:20:26	1	0	1	0
           184	2023-08-30 12:20:34	1	0	1	0
           399	2023-08-30 12:20:45	1	0	1	0
           541	2023-08-30 12:21:04	1	0	1	0
            69	2023-08-30 12:21:14	1	0	1	0
            77	2023-08-30 12:21:22	1	0	1	0
           331	2023-08-30 12:21:30	1	0	1	0
            87	2023-08-30 12:21:37	1	0	15	0
           592	2023-08-30 12:21:47	1	0	1	0
           413	2023-08-30 12:22:05	1	0	4	0
           502	2023-08-30 12:22:11	1	0	1	0
           575	2023-08-30 12:22:21	1	0	1	0
           547	2023-08-30 12:22:28	1	0	1	0
           181	2023-08-30 12:22:33	1	0	1	0
           115	2023-08-30 12:22:44	1	0	1	0
           185	2023-08-30 12:24:18	1	0	1	0
           556	2023-08-30 12:24:47	1	0	1	0
           121	2023-08-30 12:25:17	1	0	1	0
           249	2023-08-30 12:25:24	1	0	1	0
           144	2023-08-30 12:25:32	1	0	1	0
           584	2023-08-30 12:26:31	1	0	1	0
           568	2023-08-30 12:26:39	1	0	1	0
            83	2023-08-30 12:26:48	1	0	1	0
            48	2023-08-30 12:27:12	1	0	15	0
           187	2023-08-30 12:27:21	1	0	1	0
           405	2023-08-30 12:27:36	1	0	1	0
           551	2023-08-30 12:27:59	1	0	1	0
           511	2023-08-30 12:28:04	1	0	1	0
            80	2023-08-30 12:28:09	1	0	1	0
           241	2023-08-30 12:28:12	1	0	1	0
           403	2023-08-30 12:28:19	1	0	1	0
           562	2023-08-30 12:28:26	1	0	1	0
           513	2023-08-30 12:28:29	1	0	1	0
           363	2023-08-30 12:28:55	1	0	1	0
           361	2023-08-30 12:29:09	1	0	1	0
            43	2023-08-30 12:29:22	1	0	1	0
           529	2023-08-30 12:29:31	1	0	1	0
           417	2023-08-30 12:29:58	1	0	1	0
           101	2023-08-30 12:30:09	1	0	1	0
           401	2023-08-30 12:30:24	1	0	1	0
           145	2023-08-30 12:30:52	1	0	1	0
            75	2023-08-30 12:31:01	1	0	1	0
           516	2023-08-30 12:31:07	1	0	1	0
           492	2023-08-30 12:31:12	1	0	1	0
           434	2023-08-30 12:31:24	1	0	1	0
            73	2023-08-30 12:31:33	1	0	1	0
           573	2023-08-30 12:31:43	1	0	1	0
           504	2023-08-30 12:31:50	1	0	1	0
            38	2023-08-30 12:31:56	1	0	1	0
           194	2023-08-30 12:32:03	1	0	1	0
           580	2023-08-30 12:32:10	1	0	1	0
           540	2023-08-30 12:32:15	1	0	1	0
           473	2023-08-30 12:32:43	1	0	1	0
           118	2023-08-30 12:32:48	1	0	1	0
           259	2023-08-30 12:32:56	1	0	1	0
            57	2023-08-30 12:33:03	1	0	1	0
           337	2023-08-30 12:34:10	1	0	1	0
           579	2023-08-30 12:34:15	1	0	1	0
           554	2023-08-30 12:34:22	1	0	1	0
           467	2023-08-30 12:34:31	1	0	1	0
           546	2023-08-30 12:34:37	1	0	1	0
           314	2023-08-30 12:34:42	1	0	1	0
           404	2023-08-30 12:34:46	1	0	1	0
           591	2023-08-30 12:34:53	1	0	1	0
           583	2023-08-30 12:35:31	1	0	1	0
           571	2023-08-30 12:35:35	1	0	1	0
           369	2023-08-30 12:36:32	1	0	1	0
           444	2023-08-30 12:36:48	1	0	1	0
            27	2023-08-30 12:37:21	1	0	15	0
           453	2023-08-30 12:37:29	1	0	1	0
           348	2023-08-30 12:38:22	1	0	1	0
           493	2023-08-30 12:38:35	1	0	1	0
           288	2023-08-30 12:38:41	1	0	1	0
           574	2023-08-30 12:40:00	1	0	1	0
           370	2023-08-30 12:40:25	1	0	1	0
           399	2023-08-30 12:40:33	1	0	1	0
            93	2023-08-30 12:40:46	1	0	1	0
           206	2023-08-30 12:41:00	1	0	1	0
           182	2023-08-30 12:41:05	1	0	1	0
            88	2023-08-30 12:42:34	1	0	15	0
            48	2023-08-30 12:43:28	1	0	15	0
           149	2023-08-30 12:43:51	1	0	1	0
           397	2023-08-30 12:44:11	1	0	1	0
           312	2023-08-30 12:44:49	1	0	1	0
           584	2023-08-30 12:45:02	1	0	1	0
           410	2023-08-30 12:45:30	1	0	1	0
           586	2023-08-30 12:45:36	1	0	1	0
           335	2023-08-30 12:45:41	1	0	1	0
           332	2023-08-30 12:45:47	1	0	1	0
           275	2023-08-30 12:46:01	1	0	15	0
           265	2023-08-30 12:46:45	1	0	1	0
           142	2023-08-30 12:46:49	1	0	1	0
           132	2023-08-30 12:47:04	1	0	1	0
           573	2023-08-30 12:47:10	1	0	1	0
           145	2023-08-30 12:47:34	1	0	1	0
           401	2023-08-30 12:47:38	1	0	1	0
           125	2023-08-30 12:50:01	1	0	1	0
           252	2023-08-30 12:50:07	1	0	15	0
           541	2023-08-30 12:50:30	1	0	1	0
           374	2023-08-30 12:50:40	1	0	1	0
           114	2023-08-30 12:50:44	1	0	1	0
           183	2023-08-30 12:50:48	1	0	1	0
           530	2023-08-30 12:51:07	1	0	1	0
           520	2023-08-30 12:51:14	1	0	15	0
           355	2023-08-30 12:51:35	1	0	1	0
           338	2023-08-30 12:51:55	1	0	1	0
           369	2023-08-30 12:52:12	1	0	1	0
           223	2023-08-30 12:53:14	1	0	1	0
           379	2023-08-30 12:54:43	1	0	1	0
            57	2023-08-30 12:54:50	1	0	1	0
           533	2023-08-30 12:54:55	1	0	1	0
           574	2023-08-30 12:55:00	1	0	1	0
           529	2023-08-30 12:57:33	1	0	1	0
           444	2023-08-30 12:58:29	1	0	1	0
           485	2023-08-30 13:02:35	1	0	1	0
           360	2023-08-30 13:10:31	1	0	1	0
           485	2023-08-30 13:44:12	1	0	1	0
           124	2023-08-30 13:53:08	1	0	15	0
           567	2023-08-30 15:02:44	1	0	1	0
           425	2023-08-30 16:01:17	1	0	1	0
           460	2023-08-30 16:01:25	1	0	1	0
           418	2023-08-30 16:03:38	1	0	1	0
            57	2023-08-30 17:00:04	1	0	1	0
           399	2023-08-30 17:00:10	1	0	1	0
           369	2023-08-30 17:00:15	1	0	1	0
           241	2023-08-30 17:00:17	1	0	1	0
            48	2023-08-30 17:00:27	1	0	15	0
           115	2023-08-30 17:00:37	1	0	1	0
           361	2023-08-30 17:00:48	1	0	1	0
           387	2023-08-30 17:00:55	1	0	15	0
           417	2023-08-30 17:01:05	1	0	1	0
            39	2023-08-30 17:01:10	1	0	1	0
           422	2023-08-30 17:01:18	1	0	1	0
           363	2023-08-30 17:01:23	1	0	1	0
           101	2023-08-30 17:01:31	1	0	1	0
           375	2023-08-30 17:01:38	1	0	1	0
           405	2023-08-30 17:01:47	1	0	1	0
           397	2023-08-30 17:01:51	1	0	1	0
           547	2023-08-30 17:01:56	1	0	1	0
            37	2023-08-30 17:02:04	1	0	1	0
           379	2023-08-30 17:02:08	1	0	1	0
           443	2023-08-30 17:02:14	1	0	1	0
            52	2023-08-30 17:02:24	1	0	1	0
           527	2023-08-30 17:02:34	1	0	1	0
           562	2023-08-30 17:02:38	1	0	1	0
           493	2023-08-30 17:02:42	1	0	1	0
           184	2023-08-30 17:02:48	1	0	1	0
           146	2023-08-30 17:02:53	1	0	1	0
           559	2023-08-30 17:02:59	1	0	1	0
           536	2023-08-30 17:03:03	1	0	1	0
           592	2023-08-30 17:03:21	1	0	1	0
           551	2023-08-30 17:03:27	1	0	1	0
           571	2023-08-30 17:03:31	1	0	1	0
           413	2023-08-30 17:03:35	1	0	4	0
           434	2023-08-30 17:03:44	1	0	1	0
           568	2023-08-30 17:03:48	1	0	1	0
           180	2023-08-30 17:03:54	1	0	1	0
           265	2023-08-30 17:04:00	1	0	1	0
           581	2023-08-30 17:04:04	1	0	1	0
           223	2023-08-30 17:04:10	1	0	1	0
            77	2023-08-30 17:04:16	1	0	1	0
           352	2023-08-30 17:04:23	1	0	1	0
            83	2023-08-30 17:04:32	1	0	1	0
           533	2023-08-30 17:04:37	1	0	1	0
           475	2023-08-30 17:04:43	1	0	1	0
           187	2023-08-30 17:04:55	1	0	1	0
           366	2023-08-30 17:05:01	1	0	1	0
           410	2023-08-30 17:05:06	1	0	1	0
           123	2023-08-30 17:05:12	1	0	1	0
           473	2023-08-30 17:05:19	1	0	1	0
           118	2023-08-30 17:05:25	1	0	1	0
            93	2023-08-30 17:05:33	1	0	1	0
           540	2023-08-30 17:05:39	1	0	1	0
           586	2023-08-30 17:05:46	1	0	1	0
           385	2023-08-30 17:05:50	1	0	1	0
           196	2023-08-30 17:05:54	1	0	1	0
           331	2023-08-30 17:06:01	1	0	1	0
           224	2023-08-30 17:06:09	1	0	15	0
           513	2023-08-30 17:06:13	1	0	1	0
           582	2023-08-30 17:06:19	1	0	1	0
           591	2023-08-30 17:06:26	1	0	1	0
           511	2023-08-30 17:06:35	1	0	1	0
           370	2023-08-30 17:06:39	1	0	1	0
           181	2023-08-30 17:06:45	1	0	1	0
            87	2023-08-30 17:06:49	1	0	15	0
            38	2023-08-30 17:06:55	1	0	1	0
           398	2023-08-30 17:07:01	1	0	1	0
           566	2023-08-30 17:07:05	1	0	1	0
           275	2023-08-30 17:07:10	1	0	1	0
           530	2023-08-30 17:07:17	1	0	1	0
           575	2023-08-30 17:07:22	1	0	1	0
           502	2023-08-30 17:07:29	1	0	1	0
           125	2023-08-30 17:07:35	1	0	1	0
           573	2023-08-30 17:07:38	1	0	1	0
            43	2023-08-30 17:07:47	1	0	1	0
           119	2023-08-30 17:08:04	1	0	15	0
           249	2023-08-30 17:08:10	1	0	1	0
           520	2023-08-30 17:08:20	1	0	15	0
           584	2023-08-30 17:08:25	1	0	1	0
           259	2023-08-30 17:08:36	1	0	1	0
           546	2023-08-30 17:08:45	1	0	1	0
           403	2023-08-30 17:08:53	1	0	1	0
           360	2023-08-30 17:09:01	1	0	1	0
           132	2023-08-30 17:09:12	1	0	15	0
           142	2023-08-30 17:09:19	1	0	1	0
           288	2023-08-30 17:09:43	1	0	1	0
           194	2023-08-30 17:10:00	1	0	1	0
           114	2023-08-30 17:10:57	1	0	1	0
           374	2023-08-30 17:11:28	1	0	1	0
           206	2023-08-30 17:12:02	1	0	1	0
           144	2023-08-30 17:13:38	1	0	1	0
           453	2023-08-30 17:14:26	1	0	1	0
           183	2023-08-30 17:15:15	1	0	1	0
           182	2023-08-30 17:15:36	1	0	1	0
           312	2023-08-30 17:15:43	1	0	1	0
           408	2023-08-30 17:15:50	1	0	1	0
           338	2023-08-30 17:15:59	1	0	1	0
           332	2023-08-30 17:17:40	1	0	1	0
            73	2023-08-30 17:17:52	1	0	1	0
           335	2023-08-30 17:19:02	1	0	1	0
           348	2023-08-30 17:21:33	1	0	1	0
           314	2023-08-30 17:22:29	1	0	1	0
           504	2023-08-30 17:22:42	1	0	1	0
           579	2023-08-30 17:23:07	1	0	1	0
           541	2023-08-30 17:23:12	1	0	1	0
           467	2023-08-30 17:23:15	1	0	1	0
           337	2023-08-30 17:23:22	1	0	1	0
           554	2023-08-30 17:23:27	1	0	1	0
           553	2023-08-30 17:23:37	1	0	1	0
            69	2023-08-30 17:23:48	1	0	1	0
           574	2023-08-30 17:24:53	1	0	1	0
           583	2023-08-30 17:24:58	1	0	1	0
           580	2023-08-30 17:25:07	1	0	1	0
            27	2023-08-30 17:25:39	1	0	15	0
            80	2023-08-30 17:32:52	1	0	15	0
           556	2023-08-30 17:37:08	1	0	1	0
           401	2023-08-30 18:00:56	1	0	1	0
           252	2023-08-30 18:01:31	1	0	15	0
           205	2023-08-30 18:02:40	1	0	1	0
           485	2023-08-30 18:03:40	1	0	1	0
           355	2023-08-30 18:03:47	1	0	1	0
           105	2023-08-30 18:04:55	1	0	1	0
           395	2023-08-30 18:05:02	1	0	1	0
           414	2023-08-30 18:05:58	1	0	1	0
           492	2023-08-30 18:08:00	1	0	1	0
           145	2023-08-30 18:14:14	1	0	1	0
           465	2023-08-30 18:26:41	1	0	1	0
            75	2023-08-30 18:26:50	1	0	1	0
           200	2023-08-30 18:39:39	1	0	1	0
           529	2023-08-30 18:51:28	1	0	1	0
           404	2023-08-30 18:51:36	1	0	1	0
           444	2023-08-30 18:51:48	1	0	1	0
           516	2023-08-30 18:59:52	1	0	1	0
            88	2023-08-30 19:42:11	1	0	15	0
           589	2023-08-30 20:15:59	1	0	1	0
           121	2023-08-30 20:16:06	1	0	1	0
           107	2023-08-30 21:57:48	1	0	1	0
           124	2023-08-30 22:02:03	1	0	15	0
           305	2023-08-30 22:29:07	1	0	1	0
           567	2023-08-31 05:48:07	1	0	1	0
           107	2023-08-31 06:00:05	1	0	1	0
           443	2023-08-31 06:01:49	1	0	1	0
            52	2023-08-31 06:06:01	1	0	1	0
           395	2023-08-31 06:08:15	1	0	1	0
           337	2023-08-31 06:10:32	1	0	1	0
           314	2023-08-31 06:25:54	1	0	1	0
           387	2023-08-31 06:27:46	1	0	15	0
           119	2023-08-31 06:29:49	1	0	15	0
           224	2023-08-31 06:30:05	1	0	15	0
           196	2023-08-31 06:30:17	1	0	15	0
           422	2023-08-31 06:37:11	1	0	15	0
           366	2023-08-31 06:39:30	1	0	1	0
           360	2023-08-31 06:45:52	1	0	1	0
           553	2023-08-31 06:48:52	1	0	1	0
           584	2023-08-31 06:49:08	1	0	1	0
            77	2023-08-31 06:49:32	1	0	1	0
           348	2023-08-31 06:51:50	1	0	1	0
            27	2023-08-31 06:52:01	1	0	15	0
           453	2023-08-31 06:52:25	1	0	1	0
           124	2023-08-31 06:53:01	1	0	15	0
            37	2023-08-31 06:54:11	1	0	1	0
           385	2023-08-31 06:55:32	1	0	1	0
           425	2023-08-31 06:58:11	1	0	1	0
           180	2023-08-31 07:00:20	1	0	1	0
           465	2023-08-31 07:01:20	1	0	1	0
            75	2023-08-31 07:01:27	1	0	1	0
           533	2023-08-31 07:01:35	1	0	1	0
            88	2023-08-31 07:02:18	1	0	15	0
           582	2023-08-31 07:03:18	1	0	1	0
            83	2023-08-31 07:04:36	1	0	1	0
           573	2023-08-31 07:04:42	1	0	1	0
           305	2023-08-31 07:05:48	1	0	1	0
           460	2023-08-31 07:05:58	1	0	1	0
           115	2023-08-31 07:06:50	1	0	1	0
            91	2023-08-31 07:12:07	1	0	1	0
           185	2023-08-31 07:12:18	1	0	1	0
            43	2023-08-31 07:12:42	1	0	1	0
           410	2023-08-31 07:14:55	1	0	1	0
           434	2023-08-31 07:15:56	1	0	1	0
           554	2023-08-31 07:16:28	1	0	1	0
           566	2023-08-31 07:17:30	1	0	15	0
           581	2023-08-31 07:17:35	1	0	1	0
           516	2023-08-31 07:17:42	1	0	1	0
           223	2023-08-31 07:18:59	1	0	1	0
           579	2023-08-31 07:19:58	1	0	1	0
           541	2023-08-31 07:20:31	1	0	1	0
            39	2023-08-31 07:21:32	1	0	1	0
           546	2023-08-31 07:21:40	1	0	1	0
           559	2023-08-31 07:22:33	1	0	1	0
           467	2023-08-31 07:23:10	1	0	1	0
           123	2023-08-31 07:23:15	1	0	1	0
           592	2023-08-31 07:23:35	1	0	1	0
           585	2023-08-31 07:23:44	1	0	1	0
            69	2023-08-31 07:23:54	1	0	1	0
           331	2023-08-31 07:24:14	1	0	1	0
            38	2023-08-31 07:24:37	1	0	1	0
            73	2023-08-31 07:25:00	1	0	1	0
           352	2023-08-31 07:25:09	1	0	1	0
           355	2023-08-31 07:25:38	1	0	1	0
           397	2023-08-31 07:27:39	1	0	1	0
           493	2023-08-31 07:27:47	1	0	15	0
           589	2023-08-31 07:29:51	1	0	1	0
           513	2023-08-31 07:30:06	1	0	1	0
           408	2023-08-31 07:30:09	1	0	1	0
           529	2023-08-31 07:30:26	1	0	1	0
           418	2023-08-31 07:30:44	1	0	1	0
           571	2023-08-31 07:31:03	1	0	1	0
           591	2023-08-31 07:31:11	1	0	1	0
           540	2023-08-31 07:32:08	1	0	1	0
           568	2023-08-31 07:33:28	1	0	1	0
           586	2023-08-31 07:33:56	1	0	1	0
           101	2023-08-31 07:34:41	1	0	1	0
           492	2023-08-31 07:35:12	1	0	1	0
           398	2023-08-31 07:35:16	1	0	1	0
           476	2023-08-31 07:35:39	1	0	1	0
           183	2023-08-31 07:35:44	1	0	1	0
           379	2023-08-31 07:36:07	1	0	1	0
           574	2023-08-31 07:36:54	1	0	1	0
           182	2023-08-31 07:39:10	1	0	1	0
           118	2023-08-31 07:40:51	1	0	1	0
            93	2023-08-31 07:41:05	1	0	1	0
           338	2023-08-31 07:41:31	1	0	1	0
           570	2023-08-31 07:42:02	1	0	1	0
           369	2023-08-31 07:42:11	1	0	1	0
           205	2023-08-31 07:42:19	1	0	1	0
           105	2023-08-31 07:43:23	1	0	1	0
           404	2023-08-31 07:43:30	1	0	1	0
           403	2023-08-31 07:46:10	1	0	1	0
           145	2023-08-31 07:46:51	1	0	1	0
           194	2023-08-31 07:46:56	1	0	1	0
           288	2023-08-31 07:47:01	1	0	1	0
           265	2023-08-31 07:47:21	1	0	1	0
           502	2023-08-31 07:47:36	1	0	1	0
           547	2023-08-31 07:47:42	1	0	1	0
           530	2023-08-31 07:47:48	1	0	1	0
           259	2023-08-31 07:48:54	1	0	1	0
           527	2023-08-31 07:49:02	1	0	1	0
            80	2023-08-31 07:49:10	1	0	1	0
           520	2023-08-31 07:49:26	1	0	15	0
           114	2023-08-31 07:49:31	1	0	1	0
           144	2023-08-31 07:50:41	1	0	1	0
           142	2023-08-31 07:50:50	1	0	1	0
           132	2023-08-31 07:50:56	1	0	1	0
           146	2023-08-31 07:51:06	1	0	1	0
           184	2023-08-31 07:51:10	1	0	1	0
            87	2023-08-31 07:51:14	1	0	15	0
           511	2023-08-31 07:51:21	1	0	1	0
           475	2023-08-31 07:51:26	1	0	1	0
           149	2023-08-31 07:51:36	1	0	1	0
           370	2023-08-31 07:51:53	1	0	1	0
           241	2023-08-31 07:51:59	1	0	1	0
           401	2023-08-31 07:52:49	1	0	1	0
           252	2023-08-31 07:53:06	1	0	15	0
           414	2023-08-31 07:53:36	1	0	1	0
           580	2023-08-31 07:53:50	1	0	1	0
           374	2023-08-31 07:53:57	1	0	1	0
           399	2023-08-31 07:54:18	1	0	1	0
           556	2023-08-31 07:54:23	1	0	1	0
           413	2023-08-31 07:54:28	1	0	4	0
           363	2023-08-31 07:54:34	1	0	1	0
           583	2023-08-31 07:54:48	1	0	1	0
           473	2023-08-31 07:55:11	1	0	1	0
           525	2023-08-31 07:55:15	1	0	1	0
           536	2023-08-31 07:55:23	1	0	1	0
           335	2023-08-31 07:55:33	1	0	1	0
            48	2023-08-31 07:55:41	1	0	15	0
           181	2023-08-31 07:56:06	1	0	1	0
           444	2023-08-31 07:56:11	1	0	1	0
            57	2023-08-31 07:56:16	1	0	1	0
           551	2023-08-31 07:56:29	1	0	1	0
           575	2023-08-31 07:57:22	1	0	1	0
           121	2023-08-31 07:58:09	1	0	1	0
            40	2023-08-31 07:59:25	1	0	1	0
           312	2023-08-31 08:00:08	1	0	1	0
           125	2023-08-31 08:00:32	1	0	1	0
           417	2023-08-31 08:01:53	1	0	15	0
           332	2023-08-31 08:02:12	1	0	1	0
           249	2023-08-31 08:03:11	1	0	1	0
           562	2023-08-31 08:03:25	1	0	1	0
           275	2023-08-31 08:20:05	1	0	1	0
           206	2023-08-31 08:20:25	1	0	1	0
           472	2023-08-31 08:21:29	1	0	1	0
           471	2023-08-31 08:21:34	1	0	1	0
           485	2023-08-31 08:53:31	1	0	1	0
           425	2023-08-31 11:01:04	1	0	1	0
           460	2023-08-31 11:01:14	1	0	1	0
           581	2023-08-31 11:30:10	1	0	1	0
           422	2023-08-31 11:30:17	1	0	1	0
           566	2023-08-31 11:30:33	1	0	1	0
           123	2023-08-31 11:30:41	1	0	1	0
           224	2023-08-31 11:30:48	1	0	15	0
           223	2023-08-31 11:31:11	1	0	1	0
           360	2023-08-31 11:31:31	1	0	1	0
           582	2023-08-31 11:31:40	1	0	1	0
           443	2023-08-31 11:31:46	1	0	1	0
           387	2023-08-31 11:31:57	1	0	15	0
           366	2023-08-31 11:32:06	1	0	1	0
           475	2023-08-31 11:32:17	1	0	1	0
           559	2023-08-31 11:33:04	1	0	1	0
           533	2023-08-31 11:33:14	1	0	1	0
           119	2023-08-31 11:33:28	1	0	15	0
           385	2023-08-31 11:35:25	1	0	1	0
           196	2023-08-31 11:35:32	1	0	1	0
           425	2023-08-31 11:35:45	1	0	1	0
           460	2023-08-31 11:35:52	1	0	1	0
           413	2023-08-31 12:00:03	1	0	4	0
           352	2023-08-31 12:00:06	1	0	1	0
           540	2023-08-31 12:00:11	1	0	1	0
           476	2023-08-31 12:00:18	1	0	1	0
           385	2023-08-31 12:00:26	1	0	1	0
           196	2023-08-31 12:00:30	1	0	1	0
           586	2023-08-31 12:00:35	1	0	1	0
           562	2023-08-31 12:00:39	1	0	1	0
           252	2023-08-31 12:00:45	1	0	15	0
           119	2023-08-31 12:00:56	1	0	15	0
           387	2023-08-31 12:01:04	1	0	15	0
           422	2023-08-31 12:01:12	1	0	1	0
           559	2023-08-31 12:01:16	1	0	1	0
           556	2023-08-31 12:01:22	1	0	1	0
           410	2023-08-31 12:01:36	1	0	1	0
           580	2023-08-31 12:01:43	1	0	1	0
           443	2023-08-31 12:01:47	1	0	1	0
           259	2023-08-31 12:02:00	1	0	1	0
           146	2023-08-31 12:02:07	1	0	1	0
           101	2023-08-31 12:02:12	1	0	1	0
           366	2023-08-31 12:02:21	1	0	1	0
            37	2023-08-31 12:02:29	1	0	1	0
           582	2023-08-31 12:02:35	1	0	1	0
           123	2023-08-31 12:02:42	1	0	1	0
           224	2023-08-31 12:02:49	1	0	15	0
           184	2023-08-31 12:02:56	1	0	1	0
           149	2023-08-31 12:03:01	1	0	1	0
            40	2023-08-31 12:03:18	1	0	1	0
           493	2023-08-31 12:03:26	1	0	1	0
           585	2023-08-31 12:03:32	1	0	1	0
           471	2023-08-31 12:03:36	1	0	1	0
            27	2023-08-31 12:03:47	1	0	15	0
           453	2023-08-31 12:04:00	1	0	1	0
           379	2023-08-31 12:04:06	1	0	1	0
           312	2023-08-31 12:04:10	1	0	1	0
            43	2023-08-31 12:04:18	1	0	1	0
           591	2023-08-31 12:04:31	1	0	1	0
           142	2023-08-31 12:04:37	1	0	1	0
           570	2023-08-31 12:04:44	1	0	1	0
           125	2023-08-31 12:04:50	1	0	1	0
           132	2023-08-31 12:04:55	1	0	15	0
           568	2023-08-31 12:05:11	1	0	1	0
           434	2023-08-31 12:05:28	1	0	1	0
           581	2023-08-31 12:05:32	1	0	1	0
           566	2023-08-31 12:05:36	1	0	1	0
            83	2023-08-31 12:05:40	1	0	1	0
           584	2023-08-31 12:05:46	1	0	1	0
           182	2023-08-31 12:06:02	1	0	1	0
           502	2023-08-31 12:06:21	1	0	1	0
           331	2023-08-31 12:06:25	1	0	1	0
           575	2023-08-31 12:06:31	1	0	1	0
           547	2023-08-31 12:06:39	1	0	1	0
            87	2023-08-31 12:07:01	1	0	15	0
           492	2023-08-31 12:07:11	1	0	1	0
           516	2023-08-31 12:07:16	1	0	1	0
           414	2023-08-31 12:07:21	1	0	1	0
           249	2023-08-31 12:07:31	1	0	1	0
           589	2023-08-31 12:07:43	1	0	1	0
           205	2023-08-31 12:07:49	1	0	1	0
           465	2023-08-31 12:07:57	1	0	1	0
           397	2023-08-31 12:08:02	1	0	1	0
           288	2023-08-31 12:08:08	1	0	1	0
           187	2023-08-31 12:08:14	1	0	1	0
            48	2023-08-31 12:08:25	1	0	15	0
           265	2023-08-31 12:08:31	1	0	1	0
            77	2023-08-31 12:08:37	1	0	1	0
           355	2023-08-31 12:08:43	1	0	1	0
            38	2023-08-31 12:08:49	1	0	1	0
           194	2023-08-31 12:08:55	1	0	1	0
           332	2023-08-31 12:09:08	1	0	1	0
           536	2023-08-31 12:09:19	1	0	1	0
           180	2023-08-31 12:09:25	1	0	1	0
           181	2023-08-31 12:09:31	1	0	1	0
           185	2023-08-31 12:09:40	1	0	1	0
           592	2023-08-31 12:10:00	1	0	1	0
           527	2023-08-31 12:10:08	1	0	1	0
           241	2023-08-31 12:10:15	1	0	1	0
            75	2023-08-31 12:10:22	1	0	1	0
           513	2023-08-31 12:10:27	1	0	1	0
           473	2023-08-31 12:10:36	1	0	1	0
           144	2023-08-31 12:10:39	1	0	1	0
           370	2023-08-31 12:10:45	1	0	1	0
           472	2023-08-31 12:10:52	1	0	1	0
           118	2023-08-31 12:10:58	1	0	1	0
           338	2023-08-31 12:11:14	1	0	1	0
           583	2023-08-31 12:11:30	1	0	1	0
            73	2023-08-31 12:11:36	1	0	1	0
            52	2023-08-31 12:11:45	1	0	1	0
           403	2023-08-31 12:13:14	1	0	1	0
           121	2023-08-31 12:13:45	1	0	1	0
           413	2023-08-31 12:15:15	1	0	4	0
            80	2023-08-31 12:15:49	1	0	1	0
           551	2023-08-31 12:15:53	1	0	1	0
           511	2023-08-31 12:15:57	1	0	1	0
            37	2023-08-31 12:18:10	1	0	1	0
           146	2023-08-31 12:18:58	1	0	1	0
           184	2023-08-31 12:19:48	1	0	1	0
           101	2023-08-31 12:19:59	1	0	1	0
           348	2023-08-31 12:20:12	1	0	1	0
            88	2023-08-31 12:20:51	1	0	15	0
            93	2023-08-31 12:21:00	1	0	1	0
           275	2023-08-31 12:21:07	1	0	1	0
           335	2023-08-31 12:21:16	1	0	1	0
            57	2023-08-31 12:21:36	1	0	1	0
            83	2023-08-31 12:21:43	1	0	1	0
           556	2023-08-31 12:21:48	1	0	1	0
           492	2023-08-31 12:23:25	1	0	1	0
           516	2023-08-31 12:23:37	1	0	1	0
           265	2023-08-31 12:24:01	1	0	1	0
            77	2023-08-31 12:24:13	1	0	1	0
           536	2023-08-31 12:24:20	1	0	1	0
           547	2023-08-31 12:24:29	1	0	1	0
           502	2023-08-31 12:24:49	1	0	1	0
           575	2023-08-31 12:24:55	1	0	1	0
            48	2023-08-31 12:25:03	1	0	15	0
           187	2023-08-31 12:25:08	1	0	1	0
           465	2023-08-31 12:25:15	1	0	1	0
            69	2023-08-31 12:25:20	1	0	1	0
           180	2023-08-31 12:25:26	1	0	1	0
            75	2023-08-31 12:25:32	1	0	1	0
           185	2023-08-31 12:25:38	1	0	1	0
           181	2023-08-31 12:25:42	1	0	1	0
           592	2023-08-31 12:25:48	1	0	1	0
           527	2023-08-31 12:25:54	1	0	1	0
           473	2023-08-31 12:26:00	1	0	1	0
           118	2023-08-31 12:26:12	1	0	1	0
           370	2023-08-31 12:26:18	1	0	1	0
           472	2023-08-31 12:26:25	1	0	1	0
           471	2023-08-31 12:26:31	1	0	1	0
           144	2023-08-31 12:26:34	1	0	1	0
           591	2023-08-31 12:26:40	1	0	1	0
           530	2023-08-31 12:26:47	1	0	1	0
           520	2023-08-31 12:26:59	1	0	15	0
           288	2023-08-31 12:27:05	1	0	1	0
           529	2023-08-31 12:27:13	1	0	1	0
           444	2023-08-31 12:27:16	1	0	1	0
           194	2023-08-31 12:27:19	1	0	1	0
           337	2023-08-31 12:28:28	1	0	1	0
           573	2023-08-31 12:28:34	1	0	1	0
           546	2023-08-31 12:28:37	1	0	1	0
           467	2023-08-31 12:28:44	1	0	1	0
           579	2023-08-31 12:28:51	1	0	1	0
           332	2023-08-31 12:28:58	1	0	1	0
           331	2023-08-31 12:29:47	1	0	1	0
           568	2023-08-31 12:29:52	1	0	1	0
           241	2023-08-31 12:31:14	1	0	1	0
           399	2023-08-31 12:31:24	1	0	1	0
           403	2023-08-31 12:31:30	1	0	1	0
           511	2023-08-31 12:31:35	1	0	1	0
            87	2023-08-31 12:31:45	1	0	15	0
            80	2023-08-31 12:31:53	1	0	15	0
           551	2023-08-31 12:31:59	1	0	1	0
            39	2023-08-31 12:32:24	1	0	1	0
           314	2023-08-31 12:32:32	1	0	1	0
           374	2023-08-31 12:32:43	1	0	1	0
           114	2023-08-31 12:32:45	1	0	1	0
           553	2023-08-31 12:32:51	1	0	1	0
           312	2023-08-31 12:32:59	1	0	1	0
           249	2023-08-31 12:33:45	1	0	1	0
           121	2023-08-31 12:33:53	1	0	1	0
           589	2023-08-31 12:33:59	1	0	1	0
           206	2023-08-31 12:34:04	1	0	1	0
           369	2023-08-31 12:34:15	1	0	1	0
           259	2023-08-31 12:34:23	1	0	1	0
           145	2023-08-31 12:34:31	1	0	1	0
           401	2023-08-31 12:34:41	1	0	15	0
            27	2023-08-31 12:35:53	1	0	15	0
           453	2023-08-31 12:36:01	1	0	1	0
           574	2023-08-31 12:37:18	1	0	1	0
           348	2023-08-31 12:37:26	1	0	1	0
           570	2023-08-31 12:37:44	1	0	1	0
           125	2023-08-31 12:37:48	1	0	1	0
           335	2023-08-31 12:37:59	1	0	1	0
           149	2023-08-31 12:38:46	1	0	1	0
           183	2023-08-31 12:40:38	1	0	1	0
           476	2023-08-31 12:41:09	1	0	1	0
           493	2023-08-31 12:41:34	1	0	1	0
           115	2023-08-31 12:41:55	1	0	1	0
            43	2023-08-31 12:42:15	1	0	1	0
           580	2023-08-31 12:42:37	1	0	1	0
           562	2023-08-31 12:42:43	1	0	1	0
           404	2023-08-31 12:42:55	1	0	1	0
           252	2023-08-31 12:43:05	1	0	15	0
           540	2023-08-31 12:43:39	1	0	1	0
           352	2023-08-31 12:43:46	1	0	1	0
           410	2023-08-31 12:44:04	1	0	1	0
           573	2023-08-31 12:44:10	1	0	1	0
           337	2023-08-31 12:44:25	1	0	1	0
            73	2023-08-31 12:44:32	1	0	1	0
           546	2023-08-31 12:44:36	1	0	1	0
           579	2023-08-31 12:44:41	1	0	1	0
           467	2023-08-31 12:44:47	1	0	1	0
           583	2023-08-31 12:44:52	1	0	1	0
           520	2023-08-31 12:45:27	1	0	15	0
            38	2023-08-31 12:46:17	1	0	1	0
            69	2023-08-31 12:46:22	1	0	1	0
           417	2023-08-31 12:47:33	1	0	15	0
           363	2023-08-31 12:47:35	1	0	1	0
           434	2023-08-31 12:47:48	1	0	1	0
           399	2023-08-31 12:48:07	1	0	1	0
            88	2023-08-31 12:48:13	1	0	15	0
           182	2023-08-31 12:48:27	1	0	1	0
           275	2023-08-31 12:48:34	1	0	15	0
           513	2023-08-31 12:48:41	1	0	1	0
            93	2023-08-31 12:48:48	1	0	1	0
           553	2023-08-31 12:48:54	1	0	1	0
           314	2023-08-31 12:49:00	1	0	1	0
           374	2023-08-31 12:49:08	1	0	1	0
           114	2023-08-31 12:49:18	1	0	1	0
           145	2023-08-31 12:49:50	1	0	1	0
           401	2023-08-31 12:49:55	1	0	1	0
           369	2023-08-31 12:50:03	1	0	1	0
           355	2023-08-31 12:50:46	1	0	1	0
           142	2023-08-31 12:51:10	1	0	1	0
           132	2023-08-31 12:51:16	1	0	15	0
           338	2023-08-31 12:51:23	1	0	1	0
           541	2023-08-31 12:51:29	1	0	1	0
            39	2023-08-31 12:53:16	1	0	1	0
           223	2023-08-31 12:53:59	1	0	1	0
           379	2023-08-31 12:54:25	1	0	1	0
           397	2023-08-31 12:55:10	1	0	1	0
           585	2023-08-31 12:55:16	1	0	1	0
            40	2023-08-31 12:55:55	1	0	1	0
           533	2023-08-31 12:56:05	1	0	1	0
           206	2023-08-31 12:56:11	1	0	1	0
           574	2023-08-31 12:56:23	1	0	1	0
           444	2023-08-31 12:56:52	1	0	1	0
           414	2023-08-31 12:57:26	1	0	1	0
           205	2023-08-31 12:57:31	1	0	1	0
           529	2023-08-31 12:57:41	1	0	1	0
            57	2023-08-31 12:58:24	1	0	15	0
           360	2023-08-31 12:59:48	1	0	1	0
           584	2023-08-31 13:02:06	1	0	1	0
           363	2023-08-31 13:05:38	1	0	1	0
           417	2023-08-31 13:05:47	1	0	15	0
           485	2023-08-31 13:09:25	1	0	1	0
           485	2023-08-31 13:38:24	1	0	1	0
           567	2023-08-31 14:00:18	1	0	1	0
           107	2023-08-31 14:57:00	1	0	1	0
           124	2023-08-31 15:07:29	1	0	15	0
           418	2023-08-31 16:00:21	1	0	1	0
           425	2023-08-31 16:09:28	1	0	1	0
           460	2023-08-31 16:09:42	1	0	1	0
           399	2023-08-31 17:00:06	1	0	1	0
            52	2023-08-31 17:00:13	1	0	1	0
           387	2023-08-31 17:00:21	1	0	15	0
           184	2023-08-31 17:00:27	1	0	1	0
           146	2023-08-31 17:00:32	1	0	1	0
           422	2023-08-31 17:00:36	1	0	1	0
            48	2023-08-31 17:00:42	1	0	15	0
           115	2023-08-31 17:00:51	1	0	1	0
           288	2023-08-31 17:00:57	1	0	1	0
           575	2023-08-31 17:01:03	1	0	1	0
           502	2023-08-31 17:01:08	1	0	1	0
           475	2023-08-31 17:01:13	1	0	1	0
           559	2023-08-31 17:01:19	1	0	1	0
           395	2023-08-31 17:01:26	1	0	1	0
           223	2023-08-31 17:01:31	1	0	1	0
           194	2023-08-31 17:01:35	1	0	1	0
           581	2023-08-31 17:01:41	1	0	1	0
           566	2023-08-31 17:01:44	1	0	1	0
           443	2023-08-31 17:01:49	1	0	1	0
           275	2023-08-31 17:01:55	1	0	1	0
           582	2023-08-31 17:02:00	1	0	1	0
           366	2023-08-31 17:02:04	1	0	1	0
           348	2023-08-31 17:02:11	1	0	15	0
           547	2023-08-31 17:02:17	1	0	1	0
           417	2023-08-31 17:02:21	1	0	1	0
           352	2023-08-31 17:02:28	1	0	1	0
           533	2023-08-31 17:02:32	1	0	1	0
           379	2023-08-31 17:02:40	1	0	1	0
           397	2023-08-31 17:02:44	1	0	1	0
           562	2023-08-31 17:02:51	1	0	1	0
           556	2023-08-31 17:03:01	1	0	1	0
           570	2023-08-31 17:03:07	1	0	1	0
           125	2023-08-31 17:03:12	1	0	1	0
           224	2023-08-31 17:03:19	1	0	15	0
           471	2023-08-31 17:03:24	1	0	1	0
           149	2023-08-31 17:03:28	1	0	1	0
           259	2023-08-31 17:03:35	1	0	1	0
           123	2023-08-31 17:03:42	1	0	1	0
           472	2023-08-31 17:03:49	1	0	1	0
           241	2023-08-31 17:04:00	1	0	1	0
           591	2023-08-31 17:04:07	1	0	1	0
           181	2023-08-31 17:04:14	1	0	1	0
           527	2023-08-31 17:04:20	1	0	1	0
           476	2023-08-31 17:04:25	1	0	1	0
           536	2023-08-31 17:04:30	1	0	1	0
           118	2023-08-31 17:04:37	1	0	1	0
           101	2023-08-31 17:04:42	1	0	1	0
           369	2023-08-31 17:04:49	1	0	1	0
           206	2023-08-31 17:04:59	1	0	1	0
           592	2023-08-31 17:05:07	1	0	1	0
           331	2023-08-31 17:05:15	1	0	1	0
           119	2023-08-31 17:05:24	1	0	15	0
           363	2023-08-31 17:05:29	1	0	1	0
           398	2023-08-31 17:05:40	1	0	1	0
           473	2023-08-31 17:05:45	1	0	1	0
           180	2023-08-31 17:05:51	1	0	1	0
           493	2023-08-31 17:05:56	1	0	1	0
           453	2023-08-31 17:06:03	1	0	1	0
           551	2023-08-31 17:06:08	1	0	1	0
           182	2023-08-31 17:06:16	1	0	1	0
           370	2023-08-31 17:06:22	1	0	1	0
           511	2023-08-31 17:06:30	1	0	1	0
            77	2023-08-31 17:06:36	1	0	1	0
           252	2023-08-31 17:06:44	1	0	15	0
            80	2023-08-31 17:06:53	1	0	1	0
            38	2023-08-31 17:06:59	1	0	1	0
           580	2023-08-31 17:07:06	1	0	1	0
           403	2023-08-31 17:07:26	1	0	1	0
           374	2023-08-31 17:08:07	1	0	1	0
           520	2023-08-31 17:08:22	1	0	15	0
           583	2023-08-31 17:08:40	1	0	1	0
           144	2023-08-31 17:08:49	1	0	1	0
           360	2023-08-31 17:09:00	1	0	1	0
           187	2023-08-31 17:09:07	1	0	1	0
           513	2023-08-31 17:09:24	1	0	1	0
           132	2023-08-31 17:09:31	1	0	1	0
           142	2023-08-31 17:09:39	1	0	1	0
           332	2023-08-31 17:10:17	1	0	1	0
            27	2023-08-31 17:10:53	1	0	15	0
           413	2023-08-31 17:11:00	1	0	4	0
           568	2023-08-31 17:11:07	1	0	1	0
            39	2023-08-31 17:11:14	1	0	1	0
            87	2023-08-31 17:12:07	1	0	15	0
           530	2023-08-31 17:12:14	1	0	1	0
            93	2023-08-31 17:12:55	1	0	15	0
           314	2023-08-31 17:13:07	1	0	1	0
           410	2023-08-31 17:13:53	1	0	1	0
           546	2023-08-31 17:14:02	1	0	1	0
           265	2023-08-31 17:14:06	1	0	1	0
           385	2023-08-31 17:14:15	1	0	1	0
           196	2023-08-31 17:14:35	1	0	1	0
           540	2023-08-31 17:14:37	1	0	1	0
            73	2023-08-31 17:15:05	1	0	1	0
           434	2023-08-31 17:15:25	1	0	1	0
           585	2023-08-31 17:16:30	1	0	1	0
           114	2023-08-31 17:16:37	1	0	1	0
           579	2023-08-31 17:18:09	1	0	1	0
           573	2023-08-31 17:18:13	1	0	1	0
           584	2023-08-31 17:18:46	1	0	1	0
           525	2023-08-31 17:19:00	1	0	1	0
           408	2023-08-31 17:19:03	1	0	1	0
           338	2023-08-31 17:19:10	1	0	1	0
           312	2023-08-31 17:19:16	1	0	1	0
            43	2023-08-31 17:22:46	1	0	1	0
           467	2023-08-31 17:23:12	1	0	1	0
           337	2023-08-31 17:23:23	1	0	1	0
           541	2023-08-31 17:23:28	1	0	1	0
           554	2023-08-31 17:23:34	1	0	1	0
           553	2023-08-31 17:23:43	1	0	1	0
           335	2023-08-31 17:25:19	1	0	1	0
            83	2023-08-31 17:26:09	1	0	1	0
           145	2023-08-31 17:29:18	1	0	1	0
           401	2023-08-31 17:29:30	1	0	1	0
            40	2023-08-31 17:29:49	1	0	1	0
           249	2023-08-31 17:35:39	1	0	1	0
            88	2023-08-31 17:52:16	1	0	15	0
           355	2023-08-31 18:03:19	1	0	1	0
           485	2023-08-31 18:03:45	1	0	1	0
           183	2023-08-31 18:10:27	1	0	1	0
            69	2023-08-31 18:11:59	1	0	1	0
           185	2023-08-31 18:15:37	1	0	1	0
           529	2023-08-31 18:19:51	1	0	1	0
           444	2023-08-31 18:27:28	1	0	1	0
            91	2023-08-31 18:35:35	1	0	1	0
           105	2023-08-31 18:51:43	1	0	1	0
           492	2023-08-31 19:09:42	1	0	1	0
           205	2023-08-31 19:25:12	1	0	1	0
           414	2023-08-31 19:27:44	1	0	1	0
           465	2023-08-31 19:33:04	1	0	1	0
            75	2023-08-31 19:33:20	1	0	1	0
           404	2023-08-31 19:35:25	1	0	1	0
           589	2023-08-31 19:46:24	1	0	1	0
           121	2023-08-31 19:46:28	1	0	1	0
           574	2023-08-31 19:57:19	1	0	1	0
           516	2023-08-31 20:14:17	1	0	1	0
           305	2023-08-31 21:36:33	1	0	1	0
            70	2023-08-31 22:20:22	1	0	15	0
           107	2023-08-31 23:01:14	1	0	1	0
