           567	2024-09-01 06:00:06	1	0	1	0
           620	2024-09-01 06:13:49	1	0	1	0
           418	2024-09-01 06:15:36	1	0	1	0
           119	2024-09-01 07:52:31	1	0	15	0
           124	2024-09-01 08:12:31	1	0	15	0
           567	2024-09-01 13:45:04	1	0	1	0
           305	2024-09-01 14:34:24	1	0	1	0
           620	2024-09-01 15:06:11	1	0	1	0
           124	2024-09-01 16:04:41	1	0	15	0
           567	2024-09-01 22:02:31	1	0	1	0
           603	2024-09-02 17:03:00	1	0	1	0
           236	2024-09-02 17:03:17	1	0	1	0
           374	2024-09-02 17:03:22	1	0	1	0
           331	2024-09-02 17:03:37	1	0	1	0
           337	2024-09-02 17:03:50	1	0	1	0
            69	2024-09-02 17:03:54	1	0	1	0
           403	2024-09-02 17:04:15	1	0	1	0
           184	2024-09-02 17:04:29	1	0	1	0
           546	2024-09-02 17:04:35	1	0	1	0
           252	2024-09-02 17:04:56	1	0	15	0
           635	2024-09-02 17:05:09	1	0	1	0
           288	2024-09-02 17:05:29	1	0	1	0
           194	2024-09-02 17:05:37	1	0	1	0
           502	2024-09-02 17:05:54	1	0	1	0
            38	2024-09-02 17:06:11	1	0	1	0
           460	2024-09-02 17:06:20	1	0	1	0
           601	2024-09-02 17:06:26	1	0	1	0
           604	2024-09-02 17:06:43	1	0	1	0
           529	2024-09-02 17:06:51	1	0	1	0
           399	2024-09-02 17:07:25	1	0	1	0
           146	2024-09-02 17:07:31	1	0	15	0
           101	2024-09-02 17:07:47	1	0	1	0
           434	2024-09-02 17:08:02	1	0	1	0
           520	2024-09-02 17:08:09	1	0	1	0
           125	2024-09-02 17:08:14	1	0	1	0
           123	2024-09-02 17:08:21	1	0	1	0
           398	2024-09-02 17:08:26	1	0	1	0
           575	2024-09-02 17:08:34	1	0	1	0
           646	2024-09-02 17:09:07	1	0	1	0
           132	2024-09-02 17:09:29	1	0	1	0
            53	2024-09-02 17:09:57	1	0	1	0
            73	2024-09-02 17:10:07	1	0	1	0
           370	2024-09-02 17:10:31	1	0	15	0
           648	2024-09-02 17:11:12	1	0	1	0
           121	2024-09-02 17:11:22	1	0	1	0
           589	2024-09-02 17:11:31	1	0	1	0
            75	2024-09-02 17:12:04	1	0	1	0
           119	2024-09-02 17:12:16	1	0	15	0
           584	2024-09-02 17:12:44	1	0	1	0
           200	2024-09-02 17:16:17	1	0	1	0
           444	2024-09-02 17:16:22	1	0	1	0
           105	2024-09-02 17:17:27	1	0	1	0
           465	2024-09-02 17:19:18	1	0	1	0
           314	2024-09-02 17:19:25	1	0	1	0
           573	2024-09-02 17:19:42	1	0	1	0
           196	2024-09-02 17:19:49	1	0	1	0
           586	2024-09-02 17:21:12	1	0	1	0
           114	2024-09-02 17:23:29	1	0	1	0
            40	2024-09-02 17:24:39	1	0	1	0
           265	2024-09-02 17:25:40	1	0	1	0
           623	2024-09-02 17:27:34	1	0	1	0
           511	2024-09-02 17:27:37	1	0	1	0
           513	2024-09-02 17:28:00	1	0	1	0
           338	2024-09-02 17:28:12	1	0	1	0
           408	2024-09-02 17:28:18	1	0	1	0
            43	2024-09-02 17:29:32	1	0	1	0
           467	2024-09-02 17:34:49	1	0	1	0
           259	2024-09-02 17:35:29	1	0	15	0
           355	2024-09-02 17:36:06	1	0	1	0
           413	2024-09-03 11:02:21	1	0	1	0
           413	2024-09-03 11:17:21	1	0	1	0
           460	2024-09-03 11:18:49	1	0	1	0
            91	2024-09-03 11:28:19	1	0	1	0
           366	2024-09-03 11:30:25	1	0	1	0
           387	2024-09-03 11:31:07	1	0	15	0
           422	2024-09-03 11:31:13	1	0	1	0
           632	2024-09-03 11:31:30	1	0	1	0
           460	2024-09-03 11:34:38	1	0	1	0
           196	2024-09-03 11:40:22	1	0	1	0
           581	2024-09-03 11:41:51	1	0	15	0
           573	2024-09-03 11:51:01	1	0	1	0
           337	2024-09-03 11:51:09	1	0	1	0
           546	2024-09-03 11:51:30	1	0	1	0
           314	2024-09-03 11:51:37	1	0	1	0
           366	2024-09-03 11:59:24	1	0	1	0
           581	2024-09-03 11:59:40	1	0	15	0
           123	2024-09-03 11:59:42	1	0	1	0
           115	2024-09-03 12:00:01	1	0	1	0
           387	2024-09-03 12:00:13	1	0	15	0
           422	2024-09-03 12:00:19	1	0	1	0
           196	2024-09-03 12:00:25	1	0	1	0
            53	2024-09-03 12:00:41	1	0	1	0
           646	2024-09-03 12:00:53	1	0	1	0
           119	2024-09-03 12:01:04	1	0	15	0
            37	2024-09-03 12:01:22	1	0	1	0
           467	2024-09-03 12:01:32	1	0	1	0
           589	2024-09-03 12:01:37	1	0	1	0
           601	2024-09-03 12:01:40	1	0	1	0
           637	2024-09-03 12:01:53	1	0	1	0
            83	2024-09-03 12:02:06	1	0	1	0
           631	2024-09-03 12:02:32	1	0	1	0
           541	2024-09-03 12:02:45	1	0	1	0
           288	2024-09-03 12:02:50	1	0	1	0
            88	2024-09-03 12:02:53	1	0	1	0
           476	2024-09-03 12:03:06	1	0	1	0
           374	2024-09-03 12:03:15	1	0	1	0
           465	2024-09-03 12:03:28	1	0	1	0
           236	2024-09-03 12:04:26	1	0	1	0
            69	2024-09-03 12:05:02	1	0	1	0
           403	2024-09-03 12:05:06	1	0	1	0
           583	2024-09-03 12:05:37	1	0	1	0
           573	2024-09-03 12:06:19	1	0	1	0
           184	2024-09-03 12:06:29	1	0	1	0
           370	2024-09-03 12:06:34	1	0	15	0
           546	2024-09-03 12:06:42	1	0	1	0
           603	2024-09-03 12:06:48	1	0	1	0
           337	2024-09-03 12:07:06	1	0	1	0
           314	2024-09-03 12:08:32	1	0	1	0
           275	2024-09-04 08:47:38	1	0	1	0
           206	2024-09-04 08:47:53	1	0	1	0
           183	2024-09-04 08:55:22	1	0	1	0
           460	2024-09-04 11:02:24	1	0	1	0
           413	2024-09-04 11:14:57	1	0	4	0
           460	2024-09-04 11:24:11	1	0	1	0
           366	2024-09-04 11:30:15	1	0	1	0
           581	2024-09-04 11:30:24	1	0	1	0
           632	2024-09-04 11:30:30	1	0	1	0
           387	2024-09-04 11:30:46	1	0	15	0
           643	2024-09-04 11:30:53	1	0	15	0
           422	2024-09-04 11:32:15	1	0	1	0
           196	2024-09-04 11:33:43	1	0	1	0
           646	2024-09-04 11:34:12	1	0	1	0
           123	2024-09-04 11:34:30	1	0	1	0
           413	2024-09-04 11:46:27	1	0	4	0
           115	2024-09-04 11:49:39	1	0	1	0
           337	2024-09-04 11:49:48	1	0	1	0
           546	2024-09-04 11:49:53	1	0	1	0
           314	2024-09-04 11:50:02	1	0	1	0
           573	2024-09-04 11:50:05	1	0	1	0
           554	2024-09-04 11:50:10	1	0	1	0
           123	2024-09-04 11:57:34	1	0	1	0
           366	2024-09-04 11:57:46	1	0	1	0
           643	2024-09-04 11:57:54	1	0	15	0
           119	2024-09-04 11:58:08	1	0	15	0
           581	2024-09-04 11:58:17	1	0	15	0
           387	2024-09-04 11:58:38	1	0	15	0
           422	2024-09-04 12:00:14	1	0	1	0
           196	2024-09-04 12:00:21	1	0	1	0
           374	2024-09-04 12:01:37	1	0	1	0
            87	2024-09-04 12:02:04	1	0	1	0
            69	2024-09-04 12:02:09	1	0	1	0
            40	2024-09-04 12:02:21	1	0	1	0
           465	2024-09-04 12:02:32	1	0	1	0
            37	2024-09-04 12:02:40	1	0	1	0
            88	2024-09-04 12:02:51	1	0	1	0
           556	2024-09-04 12:02:58	1	0	1	0
           182	2024-09-04 12:03:27	1	0	1	0
           183	2024-09-04 12:03:39	1	0	15	0
            93	2024-09-04 12:03:46	1	0	1	0
           259	2024-09-04 12:03:54	1	0	15	0
           637	2024-09-04 12:04:01	1	0	1	0
           635	2024-09-04 12:04:06	1	0	1	0
           370	2024-09-04 12:04:13	1	0	15	0
           265	2024-09-04 12:04:19	1	0	1	0
            77	2024-09-04 12:04:26	1	0	1	0
           403	2024-09-04 12:04:32	1	0	1	0
            75	2024-09-04 12:04:41	1	0	1	0
           631	2024-09-04 12:04:49	1	0	1	0
           492	2024-09-04 12:04:58	1	0	1	0
           337	2024-09-04 12:05:15	1	0	15	0
           115	2024-09-04 12:05:21	1	0	1	0
           546	2024-09-04 12:05:28	1	0	1	0
           573	2024-09-04 12:05:33	1	0	1	0
           314	2024-09-04 12:05:39	1	0	1	0
           541	2024-09-04 12:05:45	1	0	1	0
           554	2024-09-04 12:05:51	1	0	1	0
           467	2024-09-04 12:05:55	1	0	1	0
           603	2024-09-04 12:06:02	1	0	1	0
           575	2024-09-04 12:06:09	1	0	1	0
            53	2024-09-04 12:06:47	1	0	1	0
           601	2024-09-04 12:06:51	1	0	1	0
           399	2024-09-04 12:07:01	1	0	1	0
           583	2024-09-04 12:07:13	1	0	1	0
           584	2024-09-04 12:07:18	1	0	1	0
           476	2024-09-04 12:07:29	1	0	1	0
           132	2024-09-04 12:07:49	1	0	1	0
            73	2024-09-04 12:08:15	1	0	1	0
           646	2024-09-04 12:08:27	1	0	1	0
           586	2024-09-04 12:08:46	1	0	1	0
           648	2024-09-04 12:08:54	1	0	1	0
           623	2024-09-04 12:09:24	1	0	1	0
           355	2024-09-04 12:09:30	1	0	1	0
           523	2024-09-04 12:09:35	1	0	1	0
           589	2024-09-04 12:09:40	1	0	1	0
            38	2024-09-04 12:09:45	1	0	1	0
            43	2024-09-04 12:10:23	1	0	1	0
           562	2024-09-04 12:11:46	1	0	1	0
           312	2024-09-04 12:12:42	1	0	1	0
           434	2024-09-04 12:12:56	1	0	1	0
           502	2024-09-04 12:13:57	1	0	1	0
           580	2024-09-04 12:14:05	1	0	1	0
           604	2024-09-04 12:14:16	1	0	1	0
           119	2024-09-04 12:14:25	1	0	15	0
           114	2024-09-04 12:14:36	1	0	1	0
           520	2024-09-04 12:14:40	1	0	1	0
           405	2024-09-04 12:14:47	1	0	1	0
           361	2024-09-04 12:14:53	1	0	1	0
           125	2024-09-04 12:14:58	1	0	1	0
           375	2024-09-04 12:15:12	1	0	1	0
           417	2024-09-04 12:15:22	1	0	1	0
           363	2024-09-04 12:15:38	1	0	1	0
            86	2024-09-04 12:16:17	1	0	1	0
           303	2024-09-04 12:16:28	1	0	1	0
           121	2024-09-04 12:17:14	1	0	1	0
           236	2024-09-04 12:17:29	1	0	1	0
           149	2024-09-04 12:18:12	1	0	1	0
            37	2024-09-04 12:18:43	1	0	1	0
           465	2024-09-04 12:18:55	1	0	15	0
           370	2024-09-04 12:19:35	1	0	15	0
           265	2024-09-04 12:20:09	1	0	1	0
            77	2024-09-04 12:20:13	1	0	1	0
           414	2024-09-04 12:20:17	1	0	1	0
           252	2024-09-04 12:20:36	1	0	15	0
           374	2024-09-04 12:20:49	1	0	1	0
           467	2024-09-04 12:21:03	1	0	1	0
           541	2024-09-04 12:21:14	1	0	1	0
           101	2024-09-04 12:21:37	1	0	1	0
            75	2024-09-04 12:23:26	1	0	1	0
           146	2024-09-04 12:24:02	1	0	15	0
           184	2024-09-04 12:24:09	1	0	1	0
           399	2024-09-04 12:24:36	1	0	1	0
           523	2024-09-04 12:25:37	1	0	1	0
           355	2024-09-04 12:25:46	1	0	1	0
           338	2024-09-04 12:25:54	1	0	1	0
           556	2024-09-04 12:26:03	1	0	1	0
           132	2024-09-04 12:26:17	1	0	1	0
           434	2024-09-04 12:28:09	1	0	1	0
           513	2024-09-04 12:28:53	1	0	1	0
           492	2024-09-04 12:29:02	1	0	1	0
           408	2024-09-04 12:29:08	1	0	1	0
           575	2024-09-04 12:29:18	1	0	1	0
            38	2024-09-04 12:29:48	1	0	1	0
           604	2024-09-04 12:30:20	1	0	1	0
           520	2024-09-04 12:30:28	1	0	1	0
           631	2024-09-04 12:30:33	1	0	1	0
           360	2024-09-04 12:30:39	1	0	1	0
           125	2024-09-04 12:30:56	1	0	1	0
            39	2024-09-04 12:31:00	1	0	1	0
           623	2024-09-04 12:31:30	1	0	1	0
           529	2024-09-04 12:31:34	1	0	1	0
           194	2024-09-04 12:31:39	1	0	1	0
            69	2024-09-04 12:31:49	1	0	1	0
           640	2024-09-04 12:32:59	1	0	1	0
            88	2024-09-04 12:33:39	1	0	1	0
           403	2024-09-04 12:33:57	1	0	1	0
           583	2024-09-04 12:34:38	1	0	1	0
            74	2024-09-04 12:35:06	1	0	1	0
           205	2024-09-04 12:35:19	1	0	1	0
           182	2024-09-04 12:35:36	1	0	1	0
           183	2024-09-04 12:35:45	1	0	1	0
            93	2024-09-04 12:36:13	1	0	1	0
            73	2024-09-04 12:36:52	1	0	1	0
           121	2024-09-04 12:37:00	1	0	1	0
           601	2024-09-04 12:37:06	1	0	1	0
           580	2024-09-04 12:37:27	1	0	1	0
           589	2024-09-04 12:38:21	1	0	1	0
           404	2024-09-04 12:40:14	1	0	1	0
           444	2024-09-04 12:40:16	1	0	1	0
            86	2024-09-04 12:42:30	1	0	1	0
           303	2024-09-04 12:42:40	1	0	1	0
           338	2024-09-04 12:42:50	1	0	1	0
           637	2024-09-04 12:43:50	1	0	1	0
           101	2024-09-04 12:44:00	1	0	1	0
           275	2024-09-04 12:44:36	1	0	1	0
           312	2024-09-04 12:44:44	1	0	1	0
           206	2024-09-04 12:44:54	1	0	1	0
           635	2024-09-04 12:45:08	1	0	1	0
           114	2024-09-04 12:45:27	1	0	1	0
           149	2024-09-04 12:45:32	1	0	1	0
            40	2024-09-04 12:46:03	1	0	1	0
           562	2024-09-04 12:46:13	1	0	1	0
           529	2024-09-04 12:46:45	1	0	1	0
           194	2024-09-04 12:46:50	1	0	1	0
            39	2024-09-04 12:47:10	1	0	1	0
           259	2024-09-04 12:48:49	1	0	15	0
           184	2024-09-04 12:49:30	1	0	1	0
           146	2024-09-04 12:49:38	1	0	15	0
            74	2024-09-04 12:50:16	1	0	1	0
           205	2024-09-04 12:50:25	1	0	1	0
           252	2024-09-04 12:52:06	1	0	15	0
           476	2024-09-04 12:52:15	1	0	15	0
           375	2024-09-04 12:52:42	1	0	1	0
           405	2024-09-04 12:52:55	1	0	1	0
           648	2024-09-04 12:53:24	1	0	1	0
           408	2024-09-04 12:53:31	1	0	1	0
            87	2024-09-04 12:53:37	1	0	1	0
           586	2024-09-04 12:54:01	1	0	1	0
           361	2024-09-04 12:54:16	1	0	1	0
           363	2024-09-04 12:54:22	1	0	1	0
           417	2024-09-04 12:54:39	1	0	15	0
           640	2024-09-04 12:56:09	1	0	1	0
           584	2024-09-04 12:56:36	1	0	1	0
           603	2024-09-04 12:57:52	1	0	1	0
           275	2024-09-04 12:59:39	1	0	1	0
           206	2024-09-04 12:59:56	1	0	1	0
           404	2024-09-04 13:00:47	1	0	1	0
           444	2024-09-04 13:00:50	1	0	1	0
           418	2024-09-04 13:43:24	1	0	1	0
           620	2024-09-04 14:11:42	1	0	1	0
            70	2024-09-04 15:00:23	1	0	1	0
           182	2024-09-04 16:11:12	1	0	1	0
            93	2024-09-04 16:11:29	1	0	1	0
           413	2024-09-04 16:15:15	1	0	4	0
           460	2024-09-04 16:20:12	1	0	1	0
            88	2024-09-04 16:24:33	1	0	1	0
           194	2024-09-04 16:24:44	1	0	1	0
            53	2024-09-04 17:00:03	1	0	1	0
           603	2024-09-04 17:00:10	1	0	1	0
           453	2024-09-04 17:00:17	1	0	1	0
           387	2024-09-04 17:00:26	1	0	15	0
           422	2024-09-04 17:00:32	1	0	1	0
           562	2024-09-04 17:00:37	1	0	1	0
            39	2024-09-04 17:00:45	1	0	1	0
           115	2024-09-04 17:00:52	1	0	1	0
           637	2024-09-04 17:01:00	1	0	1	0
           643	2024-09-04 17:01:08	1	0	15	0
            74	2024-09-04 17:01:15	1	0	1	0
            37	2024-09-04 17:01:21	1	0	1	0
           149	2024-09-04 17:01:28	1	0	1	0
           645	2024-09-04 17:01:34	1	0	1	0
           583	2024-09-04 17:01:40	1	0	1	0
           123	2024-09-04 17:01:48	1	0	1	0
           623	2024-09-04 17:01:54	1	0	1	0
           523	2024-09-04 17:02:00	1	0	1	0
           631	2024-09-04 17:02:05	1	0	1	0
           434	2024-09-04 17:02:10	1	0	1	0
           593	2024-09-04 17:02:14	1	0	1	0
           511	2024-09-04 17:02:20	1	0	1	0
           646	2024-09-04 17:02:27	1	0	1	0
           366	2024-09-04 17:02:35	1	0	1	0
            40	2024-09-04 17:02:42	1	0	1	0
           635	2024-09-04 17:02:47	1	0	1	0
           403	2024-09-04 17:02:55	1	0	1	0
           408	2024-09-04 17:02:59	1	0	1	0
           196	2024-09-04 17:03:04	1	0	1	0
            77	2024-09-04 17:03:09	1	0	1	0
           493	2024-09-04 17:03:34	1	0	1	0
            27	2024-09-04 17:03:40	1	0	15	0
           502	2024-09-04 17:03:57	1	0	1	0
           375	2024-09-04 17:04:07	1	0	1	0
            38	2024-09-04 17:04:17	1	0	1	0
           601	2024-09-04 17:04:32	1	0	1	0
           236	2024-09-04 17:04:38	1	0	1	0
           374	2024-09-04 17:04:44	1	0	1	0
           337	2024-09-04 17:04:50	1	0	15	0
           546	2024-09-04 17:04:58	1	0	1	0
           146	2024-09-04 17:05:05	1	0	15	0
           405	2024-09-04 17:05:12	1	0	1	0
           205	2024-09-04 17:05:17	1	0	1	0
           417	2024-09-04 17:05:26	1	0	15	0
           370	2024-09-04 17:05:33	1	0	15	0
           363	2024-09-04 17:05:42	1	0	1	0
           361	2024-09-04 17:05:56	1	0	1	0
           101	2024-09-04 17:06:01	1	0	1	0
           575	2024-09-04 17:06:10	1	0	1	0
            83	2024-09-04 17:06:23	1	0	1	0
           132	2024-09-04 17:06:29	1	0	1	0
           476	2024-09-04 17:06:34	1	0	1	0
           398	2024-09-04 17:06:37	1	0	1	0
           604	2024-09-04 17:06:45	1	0	1	0
           125	2024-09-04 17:06:54	1	0	1	0
           520	2024-09-04 17:07:04	1	0	1	0
           586	2024-09-04 17:07:11	1	0	1	0
           648	2024-09-04 17:07:15	1	0	1	0
           114	2024-09-04 17:07:20	1	0	1	0
           573	2024-09-04 17:07:34	1	0	1	0
           314	2024-09-04 17:07:39	1	0	1	0
            73	2024-09-04 17:07:45	1	0	1	0
            86	2024-09-04 17:07:58	1	0	1	0
           303	2024-09-04 17:08:06	1	0	1	0
           589	2024-09-04 17:08:13	1	0	1	0
           399	2024-09-04 17:08:33	1	0	1	0
           121	2024-09-04 17:08:39	1	0	1	0
           105	2024-09-04 17:08:47	1	0	1	0
           404	2024-09-04 17:08:57	1	0	1	0
           513	2024-09-04 17:09:00	1	0	1	0
           338	2024-09-04 17:09:03	1	0	1	0
           580	2024-09-04 17:09:11	1	0	1	0
            69	2024-09-04 17:10:20	1	0	1	0
           312	2024-09-04 17:10:46	1	0	1	0
           265	2024-09-04 17:12:39	1	0	1	0
           184	2024-09-04 17:12:57	1	0	1	0
           360	2024-09-04 17:13:04	1	0	1	0
           355	2024-09-04 17:13:29	1	0	1	0
           252	2024-09-04 17:14:27	1	0	15	0
           640	2024-09-04 17:14:38	1	0	1	0
           492	2024-09-04 17:15:40	1	0	1	0
           485	2024-09-04 17:17:02	1	0	1	0
           465	2024-09-04 17:21:05	1	0	1	0
            75	2024-09-04 17:21:10	1	0	1	0
           444	2024-09-04 17:21:29	1	0	1	0
           529	2024-09-04 17:21:33	1	0	1	0
           227	2024-09-04 17:29:31	1	0	15	0
           584	2024-09-04 17:29:46	1	0	1	0
            43	2024-09-04 17:31:43	1	0	1	0
           414	2024-09-04 17:56:28	1	0	1	0
           206	2024-09-04 18:03:29	1	0	1	0
           275	2024-09-04 18:04:09	1	0	1	0
           259	2024-09-04 18:05:25	1	0	1	0
           183	2024-09-04 18:06:43	1	0	1	0
            87	2024-09-04 18:07:27	1	0	1	0
           335	2024-09-04 18:10:22	1	0	1	0
           467	2024-09-04 18:23:12	1	0	1	0
           541	2024-09-04 18:27:15	1	0	1	0
           655	2024-09-05 15:36:11	1	0	15	0
           182	2024-09-05 16:05:00	1	0	1	0
            93	2024-09-05 16:05:08	1	0	1	0
           375	2024-09-05 16:07:14	1	0	1	0
           124	2024-09-05 16:08:23	1	0	15	0
           413	2024-09-05 16:34:28	1	0	4	0
            88	2024-09-05 16:38:58	1	0	1	0
           275	2024-09-05 16:55:20	1	0	1	0
            53	2024-09-05 17:00:03	1	0	1	0
           581	2024-09-05 17:00:07	1	0	1	0
           252	2024-09-05 17:00:15	1	0	15	0
           387	2024-09-05 17:00:24	1	0	15	0
           194	2024-09-05 17:00:30	1	0	1	0
           115	2024-09-05 17:00:37	1	0	1	0
           637	2024-09-05 17:00:42	1	0	1	0
           149	2024-09-05 17:00:50	1	0	1	0
            75	2024-09-05 18:21:32	1	0	1	0
           502	2024-09-05 18:21:44	1	0	1	0
           465	2024-09-05 18:21:52	1	0	1	0
           335	2024-09-05 20:37:17	1	0	1	0
           593	2024-09-05 20:53:06	1	0	1	0
           418	2024-09-05 22:03:04	1	0	1	0
            70	2024-09-05 22:41:34	1	0	1	0
           305	2024-09-05 23:00:31	1	0	1	0
           620	2024-09-06 05:37:51	1	0	1	0
           337	2024-09-06 06:07:51	1	0	1	0
           119	2024-09-06 06:29:38	1	0	15	0
           196	2024-09-06 06:30:04	1	0	1	0
           632	2024-09-06 06:30:14	1	0	1	0
           582	2024-09-06 06:35:15	1	0	1	0
           184	2024-09-06 06:36:36	1	0	1	0
           146	2024-09-06 06:36:44	1	0	15	0
            88	2024-09-06 06:38:37	1	0	1	0
           387	2024-09-06 06:39:12	1	0	15	0
           584	2024-09-06 06:39:52	1	0	1	0
           422	2024-09-06 06:44:47	1	0	1	0
           646	2024-09-06 06:45:56	1	0	1	0
           460	2024-09-06 06:48:50	1	0	1	0
           227	2024-09-06 06:49:28	1	0	15	0
           182	2024-09-06 06:50:03	1	0	1	0
           124	2024-09-06 06:55:27	1	0	15	0
           413	2024-09-06 07:00:09	1	0	1	0
           360	2024-09-06 07:02:35	1	0	1	0
            70	2024-09-06 07:04:02	1	0	15	0
           366	2024-09-06 07:06:11	1	0	1	0
           645	2024-09-06 07:07:13	1	0	1	0
           573	2024-09-06 07:12:14	1	0	1	0
           149	2024-09-06 07:13:33	1	0	1	0
           581	2024-09-06 07:19:32	1	0	1	0
           434	2024-09-06 07:20:15	1	0	1	0
           123	2024-09-06 07:22:03	1	0	1	0
           115	2024-09-06 07:23:08	1	0	1	0
            77	2024-09-06 07:24:00	1	0	1	0
           546	2024-09-06 07:25:01	1	0	1	0
           101	2024-09-06 07:25:40	1	0	1	0
           655	2024-09-06 07:27:55	1	0	1	0
           516	2024-09-06 07:29:56	1	0	1	0
           603	2024-09-06 07:33:02	1	0	1	0
           303	2024-09-06 07:33:36	1	0	1	0
           314	2024-09-06 07:33:45	1	0	1	0
           523	2024-09-06 07:35:43	1	0	15	0
            86	2024-09-06 07:36:21	1	0	1	0
            39	2024-09-06 07:36:43	1	0	1	0
           467	2024-09-06 07:36:55	1	0	1	0
           397	2024-09-06 07:37:09	1	0	1	0
           601	2024-09-06 07:38:07	1	0	1	0
           252	2024-09-06 07:38:48	1	0	15	0
           398	2024-09-06 07:39:15	1	0	1	0
           640	2024-09-06 07:39:30	1	0	1	0
            83	2024-09-06 07:40:50	1	0	1	0
           513	2024-09-06 07:41:10	1	0	1	0
           493	2024-09-06 07:42:28	1	0	1	0
            37	2024-09-06 07:43:08	1	0	1	0
           589	2024-09-06 07:43:15	1	0	1	0
           194	2024-09-06 07:44:32	1	0	1	0
           556	2024-09-06 07:46:08	1	0	1	0
            75	2024-09-06 07:46:54	1	0	1	0
           465	2024-09-06 07:47:01	1	0	1	0
           492	2024-09-06 07:47:07	1	0	1	0
           575	2024-09-06 07:47:17	1	0	1	0
            74	2024-09-06 07:47:56	1	0	1	0
           236	2024-09-06 07:49:13	1	0	1	0
           631	2024-09-06 07:49:21	1	0	1	0
           583	2024-09-06 07:49:43	1	0	1	0
           265	2024-09-06 07:50:39	1	0	1	0
           338	2024-09-06 07:50:45	1	0	1	0
           637	2024-09-06 07:50:50	1	0	1	0
            69	2024-09-06 07:52:47	1	0	1	0
           635	2024-09-06 07:53:12	1	0	1	0
           403	2024-09-06 07:54:02	1	0	1	0
           361	2024-09-06 07:55:23	1	0	1	0
            53	2024-09-06 07:55:47	1	0	1	0
           444	2024-09-06 07:55:52	1	0	1	0
           529	2024-09-06 07:56:50	1	0	1	0
           205	2024-09-06 07:56:55	1	0	1	0
           511	2024-09-06 07:57:07	1	0	1	0
           399	2024-09-06 07:58:29	1	0	1	0
           648	2024-09-06 07:58:33	1	0	1	0
            43	2024-09-06 07:58:41	1	0	1	0
           404	2024-09-06 07:58:48	1	0	1	0
           502	2024-09-06 07:59:13	1	0	1	0
           405	2024-09-06 07:59:54	1	0	1	0
           623	2024-09-06 07:59:58	1	0	1	0
           604	2024-09-06 08:00:06	1	0	1	0
            40	2024-09-06 08:00:31	1	0	1	0
           105	2024-09-06 08:00:39	1	0	1	0
           593	2024-09-06 08:01:03	1	0	1	0
            38	2024-09-06 08:01:58	1	0	1	0
            73	2024-09-06 08:02:24	1	0	1	0
           417	2024-09-06 08:02:35	1	0	15	0
           375	2024-09-06 08:02:50	1	0	1	0
           586	2024-09-06 08:02:54	1	0	1	0
           125	2024-09-06 08:03:56	1	0	1	0
           580	2024-09-06 08:04:03	1	0	1	0
           121	2024-09-06 08:04:11	1	0	1	0
           374	2024-09-06 08:04:50	1	0	1	0
           520	2024-09-06 08:06:47	1	0	1	0
           114	2024-09-06 08:06:55	1	0	1	0
           408	2024-09-06 08:07:31	1	0	1	0
           370	2024-09-06 08:10:16	1	0	15	0
           312	2024-09-06 08:10:49	1	0	1	0
            27	2024-09-06 08:13:51	1	0	15	0
           453	2024-09-06 08:14:04	1	0	1	0
           562	2024-09-06 08:14:41	1	0	1	0
           541	2024-09-06 08:15:27	1	0	1	0
           183	2024-09-06 08:41:59	1	0	15	0
            87	2024-09-06 08:48:12	1	0	1	0
           259	2024-09-06 08:55:08	1	0	1	0
           485	2024-09-06 08:56:41	1	0	1	0
           460	2024-09-06 11:04:54	1	0	1	0
           366	2024-09-06 11:31:28	1	0	1	0
           196	2024-09-06 11:31:40	1	0	1	0
           387	2024-09-06 11:31:45	1	0	15	0
           123	2024-09-06 11:31:52	1	0	1	0
           422	2024-09-06 11:32:00	1	0	1	0
           360	2024-09-06 11:32:33	1	0	1	0
           581	2024-09-06 11:33:44	1	0	15	0
           632	2024-09-06 11:33:50	1	0	1	0
           460	2024-09-06 11:35:10	1	0	1	0
           119	2024-09-06 11:45:24	1	0	15	0
           582	2024-09-06 11:45:30	1	0	1	0
           360	2024-09-06 11:50:20	1	0	1	0
           115	2024-09-06 11:52:37	1	0	1	0
           337	2024-09-06 11:53:00	1	0	1	0
           314	2024-09-06 11:53:05	1	0	1	0
           546	2024-09-06 11:53:10	1	0	1	0
           573	2024-09-06 11:53:14	1	0	1	0
           338	2024-09-06 11:57:22	1	0	1	0
           366	2024-09-06 11:58:17	1	0	1	0
           562	2024-09-06 12:00:03	1	0	1	0
           556	2024-09-06 12:00:27	1	0	1	0
           581	2024-09-06 12:00:31	1	0	1	0
           196	2024-09-06 12:00:38	1	0	1	0
           387	2024-09-06 12:00:46	1	0	15	0
           422	2024-09-06 12:00:52	1	0	1	0
           236	2024-09-06 12:01:07	1	0	1	0
           374	2024-09-06 12:01:10	1	0	1	0
           312	2024-09-06 12:01:23	1	0	1	0
            74	2024-09-06 12:02:10	1	0	1	0
            37	2024-09-06 12:02:30	1	0	1	0
           114	2024-09-06 12:02:57	1	0	1	0
            38	2024-09-06 12:03:12	1	0	1	0
           453	2024-09-06 12:03:28	1	0	1	0
           252	2024-09-06 12:03:33	1	0	15	0
           404	2024-09-06 12:03:39	1	0	1	0
           403	2024-09-06 12:03:45	1	0	1	0
            75	2024-09-06 12:04:17	1	0	1	0
           465	2024-09-06 12:04:32	1	0	1	0
           655	2024-09-06 12:04:36	1	0	1	0
           520	2024-09-06 12:04:44	1	0	1	0
           604	2024-09-06 12:04:50	1	0	1	0
           125	2024-09-06 12:04:59	1	0	1	0
           259	2024-09-06 12:05:07	1	0	15	0
           541	2024-09-06 12:05:25	1	0	1	0
           467	2024-09-06 12:05:33	1	0	1	0
            87	2024-09-06 12:05:46	1	0	1	0
           265	2024-09-06 12:05:53	1	0	1	0
           370	2024-09-06 12:05:58	1	0	15	0
            77	2024-09-06 12:06:05	1	0	1	0
           584	2024-09-06 12:06:28	1	0	1	0
           637	2024-09-06 12:06:32	1	0	1	0
           586	2024-09-06 12:06:39	1	0	1	0
           648	2024-09-06 12:06:46	1	0	1	0
            39	2024-09-06 12:07:17	1	0	1	0
            69	2024-09-06 12:07:28	1	0	1	0
           631	2024-09-06 12:07:39	1	0	1	0
           121	2024-09-06 12:07:56	1	0	1	0
           589	2024-09-06 12:07:59	1	0	1	0
           601	2024-09-06 12:08:02	1	0	1	0
            73	2024-09-06 12:08:24	1	0	1	0
           314	2024-09-06 12:09:39	1	0	1	0
           337	2024-09-06 12:09:45	1	0	1	0
           603	2024-09-06 12:10:01	1	0	1	0
           397	2024-09-06 12:10:03	1	0	1	0
            53	2024-09-06 12:10:11	1	0	1	0
           434	2024-09-06 12:10:17	1	0	1	0
           123	2024-09-06 12:10:45	1	0	1	0
            27	2024-09-06 12:11:09	1	0	15	0
           546	2024-09-06 12:11:45	1	0	1	0
           573	2024-09-06 12:11:51	1	0	1	0
           575	2024-09-06 12:12:21	1	0	1	0
           194	2024-09-06 12:13:03	1	0	1	0
           640	2024-09-06 12:13:08	1	0	1	0
           580	2024-09-06 12:13:15	1	0	1	0
           583	2024-09-06 12:13:20	1	0	1	0
            83	2024-09-06 12:13:53	1	0	1	0
            88	2024-09-06 12:13:56	1	0	1	0
           582	2024-09-06 12:14:38	1	0	1	0
           119	2024-09-06 12:14:44	1	0	15	0
           149	2024-09-06 12:16:26	1	0	1	0
           516	2024-09-06 12:16:33	1	0	1	0
           492	2024-09-06 12:16:41	1	0	1	0
            74	2024-09-06 12:17:50	1	0	1	0
           523	2024-09-06 12:18:13	1	0	1	0
            37	2024-09-06 12:18:37	1	0	1	0
           146	2024-09-06 12:19:30	1	0	1	0
           125	2024-09-06 12:20:08	1	0	1	0
           604	2024-09-06 12:20:12	1	0	1	0
           520	2024-09-06 12:20:16	1	0	1	0
           303	2024-09-06 12:20:24	1	0	1	0
           465	2024-09-06 12:20:47	1	0	1	0
           259	2024-09-06 12:21:05	1	0	15	0
           655	2024-09-06 12:21:11	1	0	15	0
            43	2024-09-06 12:21:26	1	0	1	0
           404	2024-09-06 12:21:33	1	0	1	0
           623	2024-09-06 12:21:38	1	0	1	0
           502	2024-09-06 12:21:57	1	0	1	0
           408	2024-09-06 12:22:44	1	0	1	0
           513	2024-09-06 12:22:47	1	0	1	0
           105	2024-09-06 12:22:50	1	0	1	0
            39	2024-09-06 12:23:17	1	0	1	0
           493	2024-09-06 12:23:33	1	0	1	0
           184	2024-09-06 12:23:47	1	0	1	0
           635	2024-09-06 12:24:08	1	0	1	0
            40	2024-09-06 12:25:26	1	0	1	0
            75	2024-09-06 12:25:38	1	0	1	0
           265	2024-09-06 12:25:44	1	0	1	0
            77	2024-09-06 12:25:51	1	0	1	0
           467	2024-09-06 12:26:07	1	0	1	0
           374	2024-09-06 12:26:12	1	0	1	0
           541	2024-09-06 12:26:16	1	0	1	0
           405	2024-09-06 12:26:20	1	0	1	0
           375	2024-09-06 12:26:26	1	0	1	0
           361	2024-09-06 12:26:33	1	0	1	0
           417	2024-09-06 12:26:40	1	0	1	0
            86	2024-09-06 12:26:49	1	0	1	0
            53	2024-09-06 12:27:05	1	0	1	0
           434	2024-09-06 12:27:22	1	0	15	0
           413	2024-09-06 12:27:37	1	0	1	0
           556	2024-09-06 12:28:45	1	0	1	0
           252	2024-09-06 12:28:59	1	0	15	0
           631	2024-09-06 12:29:09	1	0	1	0
           399	2024-09-06 12:29:18	1	0	1	0
           236	2024-09-06 12:29:26	1	0	1	0
           529	2024-09-06 12:29:30	1	0	1	0
           584	2024-09-06 12:29:36	1	0	1	0
           205	2024-09-06 12:29:41	1	0	1	0
           601	2024-09-06 12:29:45	1	0	1	0
           637	2024-09-06 12:30:07	1	0	1	0
           121	2024-09-06 12:31:04	1	0	1	0
           589	2024-09-06 12:31:31	1	0	1	0
           182	2024-09-06 12:31:41	1	0	1	0
            87	2024-09-06 12:32:04	1	0	1	0
           149	2024-09-06 12:32:59	1	0	1	0
            73	2024-09-06 12:33:35	1	0	1	0
            38	2024-09-06 12:33:41	1	0	1	0
           101	2024-09-06 12:34:01	1	0	1	0
           492	2024-09-06 12:34:52	1	0	1	0
           516	2024-09-06 12:34:57	1	0	1	0
           575	2024-09-06 12:35:32	1	0	1	0
            69	2024-09-06 12:36:20	1	0	1	0
           146	2024-09-06 12:36:52	1	0	15	0
            88	2024-09-06 12:37:40	1	0	1	0
           523	2024-09-06 12:37:50	1	0	1	0
            27	2024-09-06 12:38:06	1	0	15	0
           453	2024-09-06 12:38:13	1	0	1	0
            83	2024-09-06 12:38:50	1	0	1	0
           184	2024-09-06 12:39:34	1	0	1	0
           403	2024-09-06 12:40:08	1	0	1	0
            40	2024-09-06 12:40:46	1	0	1	0
           105	2024-09-06 12:41:30	1	0	1	0
           375	2024-09-06 12:41:44	1	0	1	0
           405	2024-09-06 12:41:56	1	0	1	0
           408	2024-09-06 12:42:01	1	0	1	0
           370	2024-09-06 12:42:33	1	0	15	0
           361	2024-09-06 12:42:40	1	0	1	0
           417	2024-09-06 12:42:44	1	0	1	0
           635	2024-09-06 12:43:06	1	0	1	0
           603	2024-09-06 12:43:23	1	0	1	0
           580	2024-09-06 12:43:56	1	0	1	0
           444	2024-09-06 12:44:29	1	0	1	0
           640	2024-09-06 12:45:48	1	0	1	0
           194	2024-09-06 12:45:56	1	0	1	0
           413	2024-09-06 12:46:09	1	0	1	0
           562	2024-09-06 12:46:38	1	0	1	0
           397	2024-09-06 12:46:59	1	0	1	0
           493	2024-09-06 12:47:42	1	0	1	0
           583	2024-09-06 12:47:55	1	0	1	0
           399	2024-09-06 12:49:27	1	0	1	0
           513	2024-09-06 12:52:14	1	0	1	0
           623	2024-09-06 12:52:21	1	0	1	0
            86	2024-09-06 12:52:26	1	0	1	0
           303	2024-09-06 12:52:35	1	0	1	0
           502	2024-09-06 12:53:00	1	0	1	0
            43	2024-09-06 12:53:26	1	0	1	0
           648	2024-09-06 12:53:52	1	0	1	0
           312	2024-09-06 12:54:17	1	0	1	0
           586	2024-09-06 12:54:22	1	0	1	0
           101	2024-09-06 12:58:19	1	0	1	0
           529	2024-09-06 12:58:41	1	0	1	0
           444	2024-09-06 12:59:38	1	0	1	0
           485	2024-09-06 13:11:59	1	0	1	0
           418	2024-09-06 13:30:12	1	0	1	0
           567	2024-09-06 13:33:55	1	0	1	0
           485	2024-09-06 13:58:54	1	0	1	0
           620	2024-09-06 14:02:50	1	0	1	0
           124	2024-09-06 15:02:03	1	0	15	0
           182	2024-09-06 16:03:26	1	0	1	0
           413	2024-09-06 16:13:50	1	0	4	0
           460	2024-09-06 16:32:47	1	0	1	0
           397	2024-09-06 17:00:08	1	0	1	0
           581	2024-09-06 17:00:15	1	0	15	0
           387	2024-09-06 17:00:32	1	0	15	0
           422	2024-09-06 17:01:04	1	0	1	0
            74	2024-09-06 17:01:14	1	0	1	0
           123	2024-09-06 17:01:20	1	0	1	0
           582	2024-09-06 17:01:42	1	0	1	0
           646	2024-09-06 17:02:01	1	0	1	0
           603	2024-09-06 17:02:16	1	0	1	0
           366	2024-09-06 17:02:26	1	0	1	0
           562	2024-09-06 17:02:56	1	0	1	0
           637	2024-09-06 17:03:01	1	0	1	0
           556	2024-09-06 17:03:43	1	0	1	0
           631	2024-09-06 17:04:27	1	0	1	0
           115	2024-09-06 17:04:39	1	0	1	0
           194	2024-09-06 17:05:01	1	0	1	0
            77	2024-09-06 17:05:11	1	0	1	0
           523	2024-09-06 17:06:38	1	0	15	0
           374	2024-09-06 17:06:52	1	0	1	0
           648	2024-09-06 17:07:38	1	0	1	0
           265	2024-09-06 17:07:49	1	0	1	0
           655	2024-09-06 17:08:16	1	0	1	0
            39	2024-09-06 17:08:26	1	0	1	0
           399	2024-09-06 17:08:36	1	0	1	0
           601	2024-09-06 17:08:50	1	0	1	0
           502	2024-09-06 17:09:02	1	0	1	0
            27	2024-09-06 17:09:22	1	0	15	0
           146	2024-09-06 17:09:32	1	0	15	0
           529	2024-09-06 17:09:38	1	0	1	0
           546	2024-09-06 17:09:44	1	0	1	0
           337	2024-09-06 17:09:59	1	0	15	0
           375	2024-09-06 17:10:45	1	0	1	0
           314	2024-09-06 17:10:51	1	0	1	0
           467	2024-09-06 17:10:56	1	0	1	0
           573	2024-09-06 17:11:04	1	0	1	0
           405	2024-09-06 17:11:10	1	0	1	0
           252	2024-09-06 17:11:17	1	0	15	0
           575	2024-09-06 17:12:09	1	0	1	0
           453	2024-09-06 17:12:38	1	0	1	0
            69	2024-09-06 17:13:17	1	0	1	0
           604	2024-09-06 17:13:36	1	0	1	0
           520	2024-09-06 17:13:44	1	0	1	0
           125	2024-09-06 17:13:51	1	0	1	0
            83	2024-09-06 17:14:02	1	0	1	0
           586	2024-09-06 17:14:41	1	0	1	0
           149	2024-09-06 17:14:54	1	0	1	0
           516	2024-09-06 17:15:13	1	0	1	0
           403	2024-09-06 17:15:45	1	0	1	0
           101	2024-09-06 17:17:47	1	0	1	0
            73	2024-09-06 17:18:02	1	0	1	0
           640	2024-09-06 17:18:08	1	0	1	0
           370	2024-09-06 17:18:44	1	0	15	0
           121	2024-09-06 17:19:09	1	0	1	0
            38	2024-09-06 17:19:23	1	0	1	0
           589	2024-09-06 17:20:00	1	0	1	0
           236	2024-09-06 17:20:08	1	0	1	0
           434	2024-09-06 17:20:14	1	0	1	0
           417	2024-09-06 17:20:49	1	0	15	0
           360	2024-09-06 17:21:13	1	0	1	0
           398	2024-09-06 17:21:21	1	0	1	0
           623	2024-09-06 17:21:46	1	0	1	0
           583	2024-09-06 17:23:29	1	0	1	0
           312	2024-09-06 17:24:20	1	0	1	0
           404	2024-09-06 17:24:30	1	0	1	0
           580	2024-09-06 17:29:29	1	0	1	0
           635	2024-09-06 17:29:57	1	0	1	0
           105	2024-09-06 17:32:47	1	0	1	0
           119	2024-09-06 17:33:21	1	0	15	0
            53	2024-09-06 17:34:24	1	0	1	0
           584	2024-09-06 17:34:30	1	0	1	0
           444	2024-09-06 17:35:49	1	0	1	0
           513	2024-09-06 17:36:40	1	0	1	0
           408	2024-09-06 17:37:12	1	0	1	0
           361	2024-09-06 17:37:46	1	0	1	0
           492	2024-09-06 17:38:41	1	0	1	0
            43	2024-09-06 17:42:52	1	0	1	0
           493	2024-09-06 17:47:31	1	0	1	0
           259	2024-09-06 18:04:50	1	0	15	0
           335	2024-09-06 18:06:10	1	0	1	0
           485	2024-09-06 18:06:28	1	0	1	0
            40	2024-09-06 18:09:52	1	0	1	0
           645	2024-09-06 18:22:12	1	0	1	0
            86	2024-09-06 18:33:15	1	0	15	0
           303	2024-09-06 18:33:35	1	0	1	0
           196	2024-09-06 18:38:58	1	0	1	0
           184	2024-09-06 18:42:18	1	0	1	0
            75	2024-09-06 18:52:31	1	0	1	0
           465	2024-09-06 18:52:36	1	0	1	0
           541	2024-09-06 18:52:49	1	0	1	0
            87	2024-09-06 19:01:37	1	0	1	0
           511	2024-09-06 19:16:55	1	0	1	0
           414	2024-09-06 20:05:40	1	0	1	0
           567	2024-09-06 22:00:30	1	0	1	0
           418	2024-09-06 22:05:15	1	0	1	0
            88	2024-09-06 22:11:23	1	0	1	0
           338	2024-09-06 22:32:53	1	0	1	0
            70	2024-09-06 22:48:05	1	0	1	0
           305	2024-09-07 05:36:53	1	0	1	0
           620	2024-09-07 05:54:37	1	0	1	0
           196	2024-09-07 06:33:35	1	0	1	0
           119	2024-09-07 06:33:51	1	0	15	0
           632	2024-09-07 06:34:00	1	0	1	0
           387	2024-09-07 06:42:34	1	0	15	0
           422	2024-09-07 06:51:13	1	0	1	0
           646	2024-09-07 06:56:11	1	0	1	0
            70	2024-09-07 07:01:01	1	0	15	0
           366	2024-09-07 07:01:42	1	0	15	0
           582	2024-09-07 07:09:15	1	0	1	0
           581	2024-09-07 07:14:02	1	0	1	0
           398	2024-09-07 07:24:06	1	0	1	0
           566	2024-09-07 07:25:01	1	0	1	0
           123	2024-09-07 07:28:06	1	0	1	0
           303	2024-09-07 07:29:04	1	0	1	0
           460	2024-09-07 07:37:48	1	0	1	0
           604	2024-09-07 07:42:03	1	0	1	0
           124	2024-09-07 07:52:31	1	0	15	0
           363	2024-09-07 07:54:18	1	0	1	0
            86	2024-09-07 07:55:54	1	0	1	0
           520	2024-09-07 08:14:20	1	0	1	0
           184	2024-09-07 09:08:36	1	0	1	0
           566	2024-09-07 11:30:07	1	0	1	0
           366	2024-09-07 11:30:36	1	0	15	0
           581	2024-09-07 11:31:20	1	0	15	0
           387	2024-09-07 11:31:29	1	0	15	0
           422	2024-09-07 11:31:34	1	0	1	0
           582	2024-09-07 11:31:42	1	0	1	0
           196	2024-09-07 11:31:49	1	0	1	0
           123	2024-09-07 11:33:14	1	0	1	0
           646	2024-09-07 11:34:25	1	0	1	0
           366	2024-09-07 12:00:08	1	0	15	0
           581	2024-09-07 12:00:18	1	0	15	0
           196	2024-09-07 12:00:47	1	0	1	0
           422	2024-09-07 12:00:56	1	0	1	0
           387	2024-09-07 12:01:05	1	0	15	0
           582	2024-09-07 12:01:13	1	0	1	0
           604	2024-09-07 12:01:19	1	0	1	0
           520	2024-09-07 12:01:23	1	0	1	0
           123	2024-09-07 12:03:08	1	0	1	0
           646	2024-09-07 12:03:23	1	0	1	0
           511	2024-09-07 12:07:44	1	0	1	0
           363	2024-09-07 12:12:38	1	0	1	0
           604	2024-09-07 12:18:09	1	0	1	0
           520	2024-09-07 12:18:15	1	0	1	0
           460	2024-09-07 12:19:57	1	0	1	0
           566	2024-09-07 12:27:36	1	0	1	0
           303	2024-09-07 12:28:00	1	0	1	0
            86	2024-09-07 12:28:04	1	0	1	0
           623	2024-09-07 12:32:13	1	0	1	0
           363	2024-09-07 12:35:23	1	0	1	0
           460	2024-09-07 12:38:36	1	0	1	0
           305	2024-09-07 14:01:07	1	0	1	0
            70	2024-09-07 14:33:54	1	0	1	0
           620	2024-09-07 15:05:24	1	0	1	0
           124	2024-09-07 16:17:02	1	0	15	0
           581	2024-09-07 16:37:46	1	0	1	0
           566	2024-09-07 17:00:17	1	0	1	0
           422	2024-09-07 17:01:24	1	0	1	0
           387	2024-09-07 17:01:36	1	0	15	0
           363	2024-09-07 17:01:43	1	0	1	0
           398	2024-09-07 17:02:56	1	0	1	0
           460	2024-09-07 17:03:16	1	0	1	0
           582	2024-09-07 17:05:02	1	0	1	0
           366	2024-09-07 17:05:20	1	0	1	0
           646	2024-09-07 17:06:43	1	0	1	0
           196	2024-09-07 17:07:04	1	0	1	0
           604	2024-09-07 17:07:44	1	0	1	0
           520	2024-09-07 17:07:50	1	0	1	0
           123	2024-09-07 17:08:31	1	0	1	0
           511	2024-09-07 17:26:54	1	0	1	0
           623	2024-09-07 17:50:36	1	0	1	0
           418	2024-09-07 20:50:35	1	0	1	0
           567	2024-09-07 21:49:21	1	0	1	0
            70	2024-09-07 22:34:47	1	0	1	0
           620	2024-09-08 05:59:13	1	0	1	0
           567	2024-09-08 06:00:28	1	0	1	0
           418	2024-09-08 06:06:58	1	0	1	0
           646	2024-09-08 07:01:50	1	0	1	0
           123	2024-09-08 07:19:51	1	0	1	0
           582	2024-09-08 07:30:38	1	0	1	0
           581	2024-09-08 07:40:39	1	0	1	0
           124	2024-09-08 07:46:04	1	0	15	0
           581	2024-09-08 11:32:05	1	0	1	0
           632	2024-09-08 11:32:10	1	0	1	0
           582	2024-09-08 11:32:20	1	0	1	0
           123	2024-09-08 11:32:34	1	0	1	0
           646	2024-09-08 11:32:41	1	0	1	0
           581	2024-09-08 11:59:01	1	0	15	0
           123	2024-09-08 12:08:13	1	0	1	0
           646	2024-09-08 12:08:20	1	0	1	0
           582	2024-09-08 12:08:38	1	0	1	0
           567	2024-09-08 13:44:37	1	0	1	0
           305	2024-09-08 14:39:06	1	0	1	0
           620	2024-09-08 15:06:42	1	0	1	0
           124	2024-09-08 16:05:48	1	0	15	0
           581	2024-09-08 16:49:17	1	0	1	0
           646	2024-09-08 17:02:20	1	0	1	0
           582	2024-09-08 17:03:33	1	0	1	0
           123	2024-09-08 17:31:24	1	0	1	0
           418	2024-09-08 21:20:10	1	0	1	0
           567	2024-09-08 22:00:14	1	0	1	0
           305	2024-09-08 23:00:19	1	0	1	0
           620	2024-09-09 05:35:06	1	0	1	0
           443	2024-09-09 05:53:44	1	0	1	0
           196	2024-09-09 06:07:42	1	0	1	0
           337	2024-09-09 06:13:07	1	0	1	0
           422	2024-09-09 06:32:35	1	0	1	0
           387	2024-09-09 06:35:39	1	0	15	0
           184	2024-09-09 06:37:22	1	0	1	0
           146	2024-09-09 06:37:31	1	0	15	0
            70	2024-09-09 06:38:16	1	0	15	0
            88	2024-09-09 06:41:09	1	0	15	0
            37	2024-09-09 06:42:27	1	0	1	0
           600	2024-09-09 06:43:31	1	0	1	0
           632	2024-09-09 06:44:00	1	0	1	0
           119	2024-09-09 06:44:06	1	0	15	0
           227	2024-09-09 06:50:10	1	0	15	0
           182	2024-09-09 06:51:12	1	0	1	0
           366	2024-09-09 06:52:08	1	0	1	0
           125	2024-09-09 06:53:46	1	0	1	0
           645	2024-09-09 06:55:54	1	0	1	0
           413	2024-09-09 06:56:50	1	0	1	0
            93	2024-09-09 06:57:19	1	0	1	0
           460	2024-09-09 07:00:19	1	0	1	0
           101	2024-09-09 07:01:20	1	0	1	0
           418	2024-09-09 07:01:44	1	0	1	0
           375	2024-09-09 07:03:28	1	0	1	0
           314	2024-09-09 07:03:35	1	0	1	0
           149	2024-09-09 07:04:34	1	0	1	0
           465	2024-09-09 07:05:51	1	0	1	0
            75	2024-09-09 07:05:59	1	0	1	0
            43	2024-09-09 07:08:45	1	0	1	0
           581	2024-09-09 07:09:52	1	0	15	0
           398	2024-09-09 07:10:42	1	0	1	0
           631	2024-09-09 07:11:04	1	0	1	0
           492	2024-09-09 07:11:41	1	0	1	0
           642	2024-09-09 07:12:53	1	0	15	0
           643	2024-09-09 07:13:00	1	0	15	0
           187	2024-09-09 07:16:44	1	0	1	0
           115	2024-09-09 07:16:51	1	0	1	0
           584	2024-09-09 07:17:42	1	0	1	0
           360	2024-09-09 07:18:27	1	0	1	0
           546	2024-09-09 07:19:28	1	0	1	0
            77	2024-09-09 07:19:33	1	0	1	0
           573	2024-09-09 07:19:48	1	0	1	0
           646	2024-09-09 07:23:32	1	0	1	0
           453	2024-09-09 07:24:18	1	0	1	0
            27	2024-09-09 07:24:23	1	0	15	0
           123	2024-09-09 07:25:02	1	0	1	0
           485	2024-09-09 07:25:33	1	0	1	0
           554	2024-09-09 07:28:50	1	0	1	0
           338	2024-09-09 07:30:31	1	0	1	0
           529	2024-09-09 07:31:38	1	0	1	0
            39	2024-09-09 07:31:55	1	0	1	0
           589	2024-09-09 07:32:37	1	0	1	0
           183	2024-09-09 07:33:28	1	0	1	0
           434	2024-09-09 07:34:33	1	0	1	0
           511	2024-09-09 07:35:08	1	0	1	0
            83	2024-09-09 07:35:26	1	0	1	0
           590	2024-09-09 07:35:32	1	0	1	0
           523	2024-09-09 07:36:07	1	0	15	0
           493	2024-09-09 07:37:42	1	0	1	0
           541	2024-09-09 07:37:47	1	0	1	0
           655	2024-09-09 07:38:29	1	0	15	0
           601	2024-09-09 07:39:21	1	0	1	0
            74	2024-09-09 07:39:36	1	0	15	0
           259	2024-09-09 07:39:45	1	0	15	0
           603	2024-09-09 07:40:54	1	0	1	0
           444	2024-09-09 07:41:24	1	0	1	0
           467	2024-09-09 07:41:36	1	0	1	0
            86	2024-09-09 07:41:54	1	0	1	0
           303	2024-09-09 07:42:10	1	0	1	0
           635	2024-09-09 07:43:59	1	0	1	0
           265	2024-09-09 07:45:12	1	0	1	0
           640	2024-09-09 07:46:25	1	0	1	0
           397	2024-09-09 07:47:19	1	0	1	0
           403	2024-09-09 07:47:39	1	0	1	0
           331	2024-09-09 07:48:42	1	0	1	0
           513	2024-09-09 07:50:30	1	0	1	0
           408	2024-09-09 07:50:34	1	0	1	0
           132	2024-09-09 07:50:39	1	0	1	0
            69	2024-09-09 07:50:45	1	0	1	0
            40	2024-09-09 07:51:41	1	0	1	0
           637	2024-09-09 07:52:23	1	0	1	0
           361	2024-09-09 07:52:44	1	0	1	0
            38	2024-09-09 07:53:00	1	0	1	0
            73	2024-09-09 07:53:11	1	0	1	0
           374	2024-09-09 07:53:28	1	0	1	0
           194	2024-09-09 07:54:18	1	0	1	0
           583	2024-09-09 07:54:22	1	0	1	0
            87	2024-09-09 07:54:26	1	0	1	0
           648	2024-09-09 07:54:38	1	0	1	0
           399	2024-09-09 07:54:58	1	0	1	0
           556	2024-09-09 07:55:10	1	0	1	0
           236	2024-09-09 07:55:33	1	0	1	0
           312	2024-09-09 07:56:01	1	0	1	0
           105	2024-09-09 07:56:24	1	0	1	0
           370	2024-09-09 07:56:43	1	0	15	0
           404	2024-09-09 07:57:22	1	0	1	0
           604	2024-09-09 07:57:31	1	0	1	0
           575	2024-09-09 07:57:47	1	0	1	0
           405	2024-09-09 07:59:22	1	0	1	0
           520	2024-09-09 07:59:28	1	0	1	0
           114	2024-09-09 07:59:35	1	0	1	0
            53	2024-09-09 08:00:28	1	0	1	0
           623	2024-09-09 08:01:44	1	0	1	0
           593	2024-09-09 08:01:58	1	0	1	0
           205	2024-09-09 08:04:24	1	0	1	0
           562	2024-09-09 08:04:41	1	0	1	0
           502	2024-09-09 08:05:40	1	0	1	0
           288	2024-09-09 08:07:21	1	0	1	0
           586	2024-09-09 08:12:20	1	0	1	0
           580	2024-09-09 08:17:09	1	0	1	0
           252	2024-09-09 08:32:06	1	0	15	0
           516	2024-09-09 08:35:16	1	0	1	0
           275	2024-09-09 09:11:38	1	0	1	0
           206	2024-09-09 09:11:45	1	0	1	0
            40	2024-09-09 10:49:23	1	0	1	0
           413	2024-09-09 11:01:07	1	0	1	0
           460	2024-09-09 11:03:17	1	0	1	0
           413	2024-09-09 11:25:39	1	0	1	0
           387	2024-09-09 11:30:38	1	0	15	0
           360	2024-09-09 11:30:52	1	0	1	0
           422	2024-09-09 11:31:27	1	0	1	0
           443	2024-09-09 11:32:36	1	0	1	0
           366	2024-09-09 11:32:53	1	0	1	0
           460	2024-09-09 11:34:38	1	0	1	0
           115	2024-09-09 11:46:38	1	0	1	0
           337	2024-09-09 11:46:53	1	0	15	0
           363	2024-09-09 11:47:26	1	0	1	0
           573	2024-09-09 11:47:32	1	0	1	0
           546	2024-09-09 11:47:37	1	0	1	0
           314	2024-09-09 11:47:43	1	0	1	0
           366	2024-09-09 11:58:37	1	0	1	0
            53	2024-09-09 12:00:06	1	0	1	0
           422	2024-09-09 12:00:15	1	0	1	0
           387	2024-09-09 12:00:23	1	0	15	0
           397	2024-09-09 12:01:03	1	0	1	0
           493	2024-09-09 12:01:08	1	0	1	0
           562	2024-09-09 12:01:18	1	0	1	0
            37	2024-09-09 12:01:32	1	0	1	0
           404	2024-09-09 12:01:37	1	0	1	0
           105	2024-09-09 12:01:44	1	0	1	0
           205	2024-09-09 12:02:02	1	0	1	0
           146	2024-09-09 12:02:17	1	0	15	0
           374	2024-09-09 12:02:22	1	0	1	0
           194	2024-09-09 12:02:31	1	0	1	0
            93	2024-09-09 12:02:40	1	0	1	0
           259	2024-09-09 12:02:46	1	0	15	0
           288	2024-09-09 12:03:08	1	0	1	0
            38	2024-09-09 12:03:18	1	0	1	0
           132	2024-09-09 12:03:42	1	0	1	0
           337	2024-09-09 12:03:52	1	0	15	0
           115	2024-09-09 12:03:58	1	0	1	0
           403	2024-09-09 12:04:10	1	0	1	0
            69	2024-09-09 12:04:14	1	0	1	0
           631	2024-09-09 12:04:20	1	0	1	0
           637	2024-09-09 12:04:25	1	0	1	0
           182	2024-09-09 12:04:28	1	0	1	0
           183	2024-09-09 12:04:34	1	0	1	0
           573	2024-09-09 12:04:39	1	0	1	0
           546	2024-09-09 12:04:43	1	0	1	0
           314	2024-09-09 12:04:46	1	0	1	0
           586	2024-09-09 12:04:50	1	0	1	0
           648	2024-09-09 12:04:58	1	0	1	0
           467	2024-09-09 12:05:05	1	0	1	0
           236	2024-09-09 12:05:49	1	0	1	0
            39	2024-09-09 12:07:16	1	0	1	0
            74	2024-09-09 12:07:27	1	0	1	0
           635	2024-09-09 12:07:47	1	0	1	0
            75	2024-09-09 12:08:22	1	0	1	0
           465	2024-09-09 12:08:28	1	0	1	0
           265	2024-09-09 12:08:34	1	0	1	0
            77	2024-09-09 12:08:41	1	0	1	0
           523	2024-09-09 12:08:49	1	0	1	0
           603	2024-09-09 12:09:01	1	0	1	0
            87	2024-09-09 12:09:24	1	0	15	0
           114	2024-09-09 12:10:37	1	0	1	0
           575	2024-09-09 12:11:29	1	0	1	0
           303	2024-09-09 12:11:41	1	0	1	0
           589	2024-09-09 12:12:42	1	0	1	0
            83	2024-09-09 12:13:00	1	0	1	0
           101	2024-09-09 12:13:16	1	0	1	0
            73	2024-09-09 12:16:01	1	0	1	0
           580	2024-09-09 12:16:32	1	0	1	0
           601	2024-09-09 12:16:35	1	0	1	0
           583	2024-09-09 12:17:17	1	0	1	0
            37	2024-09-09 12:17:32	1	0	1	0
            53	2024-09-09 12:18:19	1	0	1	0
           121	2024-09-09 12:19:16	1	0	1	0
           492	2024-09-09 12:19:54	1	0	1	0
           516	2024-09-09 12:20:00	1	0	1	0
           453	2024-09-09 12:20:52	1	0	1	0
           132	2024-09-09 12:20:57	1	0	1	0
           252	2024-09-09 12:22:07	1	0	15	0
            43	2024-09-09 12:22:15	1	0	1	0
           331	2024-09-09 12:22:29	1	0	1	0
           146	2024-09-09 12:22:38	1	0	15	0
           183	2024-09-09 12:23:08	1	0	1	0
           182	2024-09-09 12:23:14	1	0	1	0
           370	2024-09-09 12:23:23	1	0	15	0
           206	2024-09-09 12:23:30	1	0	1	0
           584	2024-09-09 12:23:35	1	0	1	0
            74	2024-09-09 12:24:08	1	0	1	0
           265	2024-09-09 12:24:13	1	0	1	0
            77	2024-09-09 12:24:19	1	0	1	0
           493	2024-09-09 12:24:26	1	0	1	0
            27	2024-09-09 12:24:33	1	0	15	0
           513	2024-09-09 12:24:39	1	0	1	0
           259	2024-09-09 12:24:47	1	0	15	0
            88	2024-09-09 12:24:56	1	0	15	0
           434	2024-09-09 12:25:04	1	0	1	0
           444	2024-09-09 12:25:14	1	0	1	0
           640	2024-09-09 12:25:17	1	0	1	0
           529	2024-09-09 12:25:22	1	0	1	0
            86	2024-09-09 12:25:35	1	0	1	0
           604	2024-09-09 12:25:47	1	0	1	0
           520	2024-09-09 12:25:52	1	0	1	0
           125	2024-09-09 12:25:58	1	0	1	0
           374	2024-09-09 12:26:10	1	0	1	0
            75	2024-09-09 12:26:16	1	0	1	0
           465	2024-09-09 12:26:22	1	0	1	0
           635	2024-09-09 12:26:34	1	0	1	0
           502	2024-09-09 12:26:43	1	0	1	0
           275	2024-09-09 12:26:57	1	0	1	0
           149	2024-09-09 12:28:11	1	0	1	0
           101	2024-09-09 12:29:15	1	0	1	0
           562	2024-09-09 12:29:46	1	0	1	0
           399	2024-09-09 12:30:04	1	0	1	0
            87	2024-09-09 12:30:17	1	0	1	0
           338	2024-09-09 12:31:09	1	0	1	0
           541	2024-09-09 12:31:37	1	0	1	0
           575	2024-09-09 12:33:11	1	0	1	0
           648	2024-09-09 12:33:30	1	0	1	0
           586	2024-09-09 12:33:38	1	0	1	0
           184	2024-09-09 12:34:18	1	0	1	0
            73	2024-09-09 12:35:05	1	0	1	0
           403	2024-09-09 12:35:26	1	0	1	0
           631	2024-09-09 12:35:36	1	0	1	0
           583	2024-09-09 12:35:58	1	0	1	0
           405	2024-09-09 12:36:08	1	0	1	0
           375	2024-09-09 12:36:18	1	0	1	0
           361	2024-09-09 12:36:22	1	0	1	0
           492	2024-09-09 12:36:30	1	0	1	0
           516	2024-09-09 12:36:41	1	0	1	0
           200	2024-09-09 12:36:57	1	0	1	0
           335	2024-09-09 12:37:13	1	0	1	0
           312	2024-09-09 12:37:20	1	0	1	0
            38	2024-09-09 12:38:07	1	0	1	0
            69	2024-09-09 12:39:30	1	0	1	0
           476	2024-09-09 12:40:54	1	0	1	0
           467	2024-09-09 12:41:26	1	0	1	0
           637	2024-09-09 12:41:55	1	0	1	0
           205	2024-09-09 12:42:44	1	0	1	0
           121	2024-09-09 12:42:48	1	0	1	0
           580	2024-09-09 12:43:58	1	0	1	0
            43	2024-09-09 12:44:09	1	0	1	0
           502	2024-09-09 12:44:58	1	0	1	0
           206	2024-09-09 12:45:04	1	0	1	0
            93	2024-09-09 12:45:48	1	0	1	0
           114	2024-09-09 12:45:52	1	0	1	0
           443	2024-09-09 12:46:14	1	0	1	0
           603	2024-09-09 12:46:46	1	0	1	0
           397	2024-09-09 12:46:48	1	0	1	0
            83	2024-09-09 12:48:16	1	0	1	0
           604	2024-09-09 12:48:26	1	0	1	0
           520	2024-09-09 12:48:32	1	0	1	0
           125	2024-09-09 12:48:46	1	0	1	0
           360	2024-09-09 12:49:00	1	0	1	0
           584	2024-09-09 12:49:05	1	0	1	0
           646	2024-09-09 12:49:12	1	0	1	0
           149	2024-09-09 12:49:20	1	0	1	0
           434	2024-09-09 12:51:12	1	0	1	0
           184	2024-09-09 12:51:26	1	0	1	0
           399	2024-09-09 12:52:40	1	0	1	0
           338	2024-09-09 12:52:50	1	0	1	0
           275	2024-09-09 12:52:59	1	0	1	0
            86	2024-09-09 12:53:14	1	0	1	0
           303	2024-09-09 12:53:22	1	0	1	0
           601	2024-09-09 12:53:45	1	0	1	0
           589	2024-09-09 12:53:47	1	0	1	0
           312	2024-09-09 12:53:59	1	0	1	0
           404	2024-09-09 12:54:07	1	0	1	0
            39	2024-09-09 12:54:15	1	0	1	0
           252	2024-09-09 12:54:44	1	0	15	0
           194	2024-09-09 12:55:11	1	0	1	0
           288	2024-09-09 12:55:14	1	0	15	0
           444	2024-09-09 12:55:22	1	0	1	0
           529	2024-09-09 12:55:26	1	0	15	0
           640	2024-09-09 12:55:29	1	0	1	0
           453	2024-09-09 12:55:38	1	0	1	0
           523	2024-09-09 12:55:44	1	0	1	0
           541	2024-09-09 12:55:47	1	0	1	0
           105	2024-09-09 12:56:24	1	0	1	0
            27	2024-09-09 12:56:37	1	0	15	0
           375	2024-09-09 12:56:48	1	0	1	0
           405	2024-09-09 12:56:53	1	0	1	0
           361	2024-09-09 12:57:00	1	0	1	0
           513	2024-09-09 12:57:06	1	0	1	0
           370	2024-09-09 12:59:25	1	0	15	0
            88	2024-09-09 12:59:43	1	0	1	0
           331	2024-09-09 13:01:51	1	0	1	0
           485	2024-09-09 13:12:59	1	0	1	0
           485	2024-09-09 13:58:50	1	0	1	0
           620	2024-09-09 14:15:41	1	0	1	0
           567	2024-09-09 14:36:46	1	0	1	0
            70	2024-09-09 15:12:30	1	0	1	0
            88	2024-09-09 16:38:38	1	0	1	0
           460	2024-09-09 16:47:10	1	0	1	0
           413	2024-09-09 16:50:57	1	0	1	0
           646	2024-09-09 17:00:24	1	0	1	0
           387	2024-09-09 17:00:49	1	0	15	0
           422	2024-09-09 17:01:05	1	0	1	0
            37	2024-09-09 17:01:12	1	0	1	0
           581	2024-09-09 17:01:16	1	0	1	0
           399	2024-09-09 17:01:25	1	0	1	0
           645	2024-09-09 17:01:40	1	0	1	0
           443	2024-09-09 17:01:58	1	0	1	0
           642	2024-09-09 17:02:09	1	0	15	0
           115	2024-09-09 17:02:19	1	0	1	0
           643	2024-09-09 17:02:53	1	0	15	0
           119	2024-09-09 17:03:09	1	0	15	0
           366	2024-09-09 17:03:23	1	0	1	0
           631	2024-09-09 17:04:15	1	0	1	0
            77	2024-09-09 17:04:24	1	0	1	0
           637	2024-09-09 17:04:50	1	0	1	0
           476	2024-09-09 17:04:58	1	0	1	0
           603	2024-09-09 17:05:20	1	0	1	0
           236	2024-09-09 17:05:30	1	0	1	0
           288	2024-09-09 17:05:41	1	0	1	0
           523	2024-09-09 17:06:19	1	0	1	0
           600	2024-09-09 17:06:40	1	0	1	0
            53	2024-09-09 17:07:09	1	0	1	0
           331	2024-09-09 17:07:25	1	0	1	0
           403	2024-09-09 17:07:49	1	0	1	0
           397	2024-09-09 17:08:04	1	0	1	0
            86	2024-09-09 17:08:12	1	0	1	0
           303	2024-09-09 17:08:20	1	0	1	0
           194	2024-09-09 17:09:51	1	0	1	0
           575	2024-09-09 17:12:54	1	0	1	0
           370	2024-09-09 17:13:41	1	0	15	0
           562	2024-09-09 17:13:56	1	0	1	0
           502	2024-09-09 17:14:33	1	0	1	0
           398	2024-09-09 17:16:04	1	0	1	0
           360	2024-09-09 17:16:11	1	0	1	0
           405	2024-09-09 17:20:13	1	0	1	0
           375	2024-09-09 17:20:18	1	0	1	0
           337	2024-09-09 17:21:01	1	0	1	0
           573	2024-09-09 17:21:05	1	0	1	0
           554	2024-09-09 17:21:10	1	0	1	0
           601	2024-09-09 17:22:40	1	0	1	0
           589	2024-09-09 17:22:43	1	0	1	0
           434	2024-09-09 17:24:39	1	0	1	0
           252	2024-09-09 17:24:55	1	0	15	0
            83	2024-09-09 17:26:04	1	0	1	0
           361	2024-09-09 17:29:16	1	0	1	0
           335	2024-09-09 17:30:22	1	0	1	0
           101	2024-09-09 17:31:09	1	0	1	0
           604	2024-09-09 17:38:03	1	0	1	0
           520	2024-09-09 17:38:10	1	0	1	0
           125	2024-09-09 17:38:29	1	0	1	0
           640	2024-09-09 17:40:28	1	0	1	0
            74	2024-09-09 17:50:58	1	0	1	0
            93	2024-09-09 17:56:35	1	0	1	0
           312	2024-09-09 17:58:57	1	0	1	0
           105	2024-09-09 18:00:12	1	0	1	0
           556	2024-09-09 18:06:10	1	0	1	0
           275	2024-09-09 18:08:21	1	0	1	0
           206	2024-09-09 18:08:39	1	0	1	0
            73	2024-09-09 18:09:41	1	0	1	0
            38	2024-09-09 18:12:35	1	0	1	0
           513	2024-09-09 18:13:35	1	0	1	0
           149	2024-09-09 18:15:17	1	0	1	0
           583	2024-09-09 18:17:47	1	0	1	0
           408	2024-09-09 18:18:06	1	0	1	0
           485	2024-09-09 18:18:45	1	0	1	0
           259	2024-09-09 18:21:34	1	0	15	0
           132	2024-09-09 18:22:38	1	0	1	0
           182	2024-09-09 18:23:26	1	0	1	0
           467	2024-09-09 18:28:49	1	0	1	0
           546	2024-09-09 18:28:54	1	0	1	0
            69	2024-09-09 18:30:46	1	0	1	0
           196	2024-09-09 18:38:04	1	0	1	0
           200	2024-09-09 18:41:07	1	0	1	0
           493	2024-09-09 18:50:11	1	0	1	0
           314	2024-09-09 19:00:53	1	0	1	0
            43	2024-09-09 19:01:29	1	0	1	0
           265	2024-09-09 19:03:54	1	0	1	0
           114	2024-09-09 19:10:35	1	0	1	0
           338	2024-09-09 19:21:27	1	0	1	0
           529	2024-09-09 19:40:15	1	0	1	0
           183	2024-09-09 19:43:55	1	0	1	0
           404	2024-09-09 19:51:54	1	0	1	0
           444	2024-09-09 19:52:00	1	0	1	0
           374	2024-09-09 20:05:08	1	0	1	0
           363	2024-09-09 20:05:56	1	0	1	0
            27	2024-09-09 20:18:57	1	0	15	0
           453	2024-09-09 20:20:45	1	0	1	0
           516	2024-09-09 20:32:23	1	0	1	0
           635	2024-09-09 20:51:15	1	0	1	0
            39	2024-09-09 20:52:05	1	0	1	0
           586	2024-09-09 20:52:23	1	0	1	0
           121	2024-09-09 21:13:00	1	0	1	0
            40	2024-09-09 21:18:01	1	0	1	0
           541	2024-09-09 21:18:55	1	0	1	0
           492	2024-09-09 21:29:06	1	0	1	0
           184	2024-09-09 21:38:53	1	0	1	0
           146	2024-09-09 21:38:58	1	0	15	0
           593	2024-09-09 21:41:26	1	0	1	0
           305	2024-09-09 22:44:30	1	0	1	0
           655	2024-09-09 22:54:23	1	0	1	0
           205	2024-09-09 22:56:09	1	0	1	0
           567	2024-09-09 23:00:09	1	0	1	0
            75	2024-09-09 23:08:44	1	0	1	0
           465	2024-09-09 23:08:49	1	0	1	0
            70	2024-09-10 05:50:08	1	0	1	0
           337	2024-09-10 06:06:21	1	0	1	0
           119	2024-09-10 06:21:10	1	0	15	0
           196	2024-09-10 06:21:25	1	0	1	0
           632	2024-09-10 06:21:40	1	0	1	0
           492	2024-09-10 06:22:06	1	0	1	0
           600	2024-09-10 06:29:32	1	0	1	0
            93	2024-09-10 06:36:15	1	0	1	0
           398	2024-09-10 06:36:41	1	0	1	0
           422	2024-09-10 06:39:06	1	0	1	0
           387	2024-09-10 06:41:49	1	0	15	0
           584	2024-09-10 06:45:20	1	0	1	0
           646	2024-09-10 06:46:31	1	0	1	0
           443	2024-09-10 06:50:40	1	0	1	0
            88	2024-09-10 06:55:03	1	0	15	0
           182	2024-09-10 06:56:51	1	0	15	0
           184	2024-09-10 06:57:05	1	0	1	0
           146	2024-09-10 06:57:14	1	0	15	0
           413	2024-09-10 06:57:22	1	0	4	0
           366	2024-09-10 06:57:30	1	0	15	0
           375	2024-09-10 06:58:58	1	0	1	0
           511	2024-09-10 06:59:22	1	0	1	0
           305	2024-09-10 07:00:25	1	0	1	0
           582	2024-09-10 07:00:49	1	0	1	0
           645	2024-09-10 07:00:59	1	0	1	0
           541	2024-09-10 07:01:08	1	0	1	0
           460	2024-09-10 07:01:16	1	0	1	0
           566	2024-09-10 07:01:32	1	0	1	0
           149	2024-09-10 07:03:53	1	0	1	0
           623	2024-09-10 07:05:59	1	0	1	0
           581	2024-09-10 07:06:21	1	0	1	0
           360	2024-09-10 07:10:12	1	0	1	0
           573	2024-09-10 07:10:18	1	0	1	0
           125	2024-09-10 07:10:24	1	0	1	0
           631	2024-09-10 07:12:13	1	0	1	0
            43	2024-09-10 07:13:18	1	0	1	0
           465	2024-09-10 07:13:48	1	0	1	0
            75	2024-09-10 07:14:21	1	0	1	0
           601	2024-09-10 07:15:06	1	0	1	0
           101	2024-09-10 07:15:35	1	0	1	0
           115	2024-09-10 07:16:05	1	0	1	0
           642	2024-09-10 07:16:52	1	0	15	0
           643	2024-09-10 07:17:03	1	0	15	0
           546	2024-09-10 07:19:56	1	0	1	0
            39	2024-09-10 07:20:57	1	0	1	0
           123	2024-09-10 07:22:07	1	0	1	0
           252	2024-09-10 07:23:24	1	0	15	0
           604	2024-09-10 07:23:31	1	0	1	0
           434	2024-09-10 07:25:52	1	0	1	0
           523	2024-09-10 07:26:38	1	0	1	0
           227	2024-09-10 07:28:31	1	0	15	0
            77	2024-09-10 07:32:27	1	0	1	0
           314	2024-09-10 07:34:12	1	0	1	0
           593	2024-09-10 07:34:23	1	0	1	0
           586	2024-09-10 07:34:54	1	0	1	0
           397	2024-09-10 07:35:34	1	0	1	0
           485	2024-09-10 07:36:46	1	0	1	0
           583	2024-09-10 07:36:51	1	0	1	0
           476	2024-09-10 07:37:45	1	0	1	0
           205	2024-09-10 07:38:14	1	0	1	0
           493	2024-09-10 07:38:27	1	0	1	0
           635	2024-09-10 07:39:13	1	0	1	0
           640	2024-09-10 07:40:21	1	0	1	0
           637	2024-09-10 07:40:43	1	0	1	0
           259	2024-09-10 07:41:47	1	0	15	0
            83	2024-09-10 07:42:16	1	0	1	0
           516	2024-09-10 07:42:22	1	0	1	0
            53	2024-09-10 07:43:17	1	0	1	0
            37	2024-09-10 07:44:59	1	0	1	0
            27	2024-09-10 07:45:13	1	0	15	0
           453	2024-09-10 07:45:24	1	0	1	0
           303	2024-09-10 07:45:37	1	0	1	0
            69	2024-09-10 07:45:41	1	0	1	0
           405	2024-09-10 07:45:47	1	0	1	0
           408	2024-09-10 07:45:52	1	0	1	0
           124	2024-09-10 07:46:09	1	0	15	0
           655	2024-09-10 07:46:15	1	0	1	0
           121	2024-09-10 07:46:23	1	0	1	0
           529	2024-09-10 07:46:29	1	0	1	0
            86	2024-09-10 07:47:36	1	0	1	0
           603	2024-09-10 07:48:18	1	0	1	0
           580	2024-09-10 07:48:40	1	0	1	0
           502	2024-09-10 07:49:21	1	0	1	0
           575	2024-09-10 07:49:54	1	0	1	0
            40	2024-09-10 07:50:22	1	0	1	0
           513	2024-09-10 07:50:26	1	0	1	0
           589	2024-09-10 07:51:11	1	0	1	0
           467	2024-09-10 07:52:00	1	0	1	0
           338	2024-09-10 07:52:05	1	0	1	0
           444	2024-09-10 07:52:09	1	0	1	0
           265	2024-09-10 07:52:17	1	0	1	0
            74	2024-09-10 07:52:23	1	0	1	0
           374	2024-09-10 07:52:27	1	0	1	0
           183	2024-09-10 07:52:55	1	0	1	0
           105	2024-09-10 07:55:37	1	0	1	0
           370	2024-09-10 07:55:55	1	0	15	0
           556	2024-09-10 07:56:02	1	0	1	0
            38	2024-09-10 07:56:17	1	0	1	0
            73	2024-09-10 07:56:24	1	0	1	0
           404	2024-09-10 07:56:36	1	0	1	0
           399	2024-09-10 07:56:51	1	0	1	0
           648	2024-09-10 07:56:56	1	0	1	0
           363	2024-09-10 07:58:09	1	0	1	0
           288	2024-09-10 08:00:41	1	0	1	0
           194	2024-09-10 08:00:44	1	0	1	0
           335	2024-09-10 08:00:47	1	0	1	0
           562	2024-09-10 08:01:19	1	0	1	0
           361	2024-09-10 08:01:40	1	0	1	0
           132	2024-09-10 08:03:52	1	0	1	0
            87	2024-09-10 08:09:26	1	0	1	0
           236	2024-09-10 08:10:08	1	0	1	0
           275	2024-09-10 08:11:41	1	0	1	0
           312	2024-09-10 08:16:20	1	0	1	0
           206	2024-09-10 08:17:49	1	0	1	0
           413	2024-09-10 11:08:56	1	0	1	0
           460	2024-09-10 11:10:03	1	0	1	0
           566	2024-09-10 11:30:03	1	0	1	0
           646	2024-09-10 11:30:09	1	0	1	0
           642	2024-09-10 11:30:47	1	0	15	0
           413	2024-09-10 11:30:55	1	0	4	0
           366	2024-09-10 11:31:07	1	0	1	0
           422	2024-09-10 11:31:13	1	0	1	0
           387	2024-09-10 11:32:19	1	0	15	0
           582	2024-09-10 11:32:41	1	0	1	0
           645	2024-09-10 11:32:56	1	0	1	0
           643	2024-09-10 11:33:05	1	0	15	0
           600	2024-09-10 11:33:10	1	0	1	0
           123	2024-09-10 11:33:15	1	0	1	0
           632	2024-09-10 11:33:53	1	0	1	0
           196	2024-09-10 11:34:09	1	0	1	0
           119	2024-09-10 11:34:17	1	0	15	0
           443	2024-09-10 11:34:25	1	0	15	0
           360	2024-09-10 11:36:24	1	0	1	0
           460	2024-09-10 11:40:30	1	0	1	0
           417	2024-09-10 11:48:14	1	0	15	0
           541	2024-09-10 11:52:16	1	0	1	0
           337	2024-09-10 11:54:55	1	0	15	0
           115	2024-09-10 11:55:02	1	0	1	0
           573	2024-09-10 11:55:07	1	0	1	0
           645	2024-09-10 11:56:12	1	0	1	0
           366	2024-09-10 11:56:35	1	0	1	0
           600	2024-09-10 11:56:40	1	0	1	0
           314	2024-09-10 11:57:36	1	0	1	0
           546	2024-09-10 11:57:40	1	0	1	0
           123	2024-09-10 11:59:18	1	0	1	0
           646	2024-09-10 12:00:06	1	0	1	0
           601	2024-09-10 12:00:14	1	0	1	0
           422	2024-09-10 12:00:21	1	0	1	0
           387	2024-09-10 12:00:29	1	0	15	0
           196	2024-09-10 12:00:36	1	0	1	0
            53	2024-09-10 12:00:47	1	0	1	0
            43	2024-09-10 12:00:54	1	0	1	0
           556	2024-09-10 12:01:02	1	0	1	0
           584	2024-09-10 12:01:08	1	0	1	0
            37	2024-09-10 12:01:21	1	0	1	0
           566	2024-09-10 12:01:28	1	0	1	0
            86	2024-09-10 12:01:47	1	0	1	0
           642	2024-09-10 12:02:09	1	0	15	0
           397	2024-09-10 12:02:15	1	0	1	0
           443	2024-09-10 12:02:23	1	0	1	0
           374	2024-09-10 12:02:35	1	0	1	0
           562	2024-09-10 12:02:39	1	0	1	0
           119	2024-09-10 12:03:16	1	0	15	0
           643	2024-09-10 12:03:25	1	0	15	0
            39	2024-09-10 12:03:34	1	0	1	0
           493	2024-09-10 12:03:38	1	0	1	0
           637	2024-09-10 12:03:44	1	0	1	0
           635	2024-09-10 12:03:49	1	0	1	0
           631	2024-09-10 12:03:55	1	0	1	0
           360	2024-09-10 12:04:00	1	0	1	0
           114	2024-09-10 12:04:05	1	0	1	0
           586	2024-09-10 12:04:10	1	0	1	0
           648	2024-09-10 12:04:22	1	0	1	0
           476	2024-09-10 12:04:58	1	0	1	0
           303	2024-09-10 12:05:05	1	0	1	0
           467	2024-09-10 12:05:12	1	0	1	0
            27	2024-09-10 12:05:22	1	0	15	0
           205	2024-09-10 12:05:32	1	0	1	0
           146	2024-09-10 12:05:42	1	0	15	0
            69	2024-09-10 12:05:56	1	0	1	0
           398	2024-09-10 12:06:31	1	0	1	0
           434	2024-09-10 12:06:36	1	0	1	0
           259	2024-09-10 12:06:49	1	0	15	0
           105	2024-09-10 12:06:56	1	0	1	0
           575	2024-09-10 12:07:03	1	0	1	0
           132	2024-09-10 12:08:16	1	0	1	0
           603	2024-09-10 12:09:09	1	0	1	0
            75	2024-09-10 12:09:37	1	0	1	0
           465	2024-09-10 12:09:55	1	0	1	0
           655	2024-09-10 12:10:02	1	0	15	0
           265	2024-09-10 12:10:14	1	0	1	0
            38	2024-09-10 12:10:18	1	0	1	0
           115	2024-09-10 12:10:26	1	0	1	0
            77	2024-09-10 12:10:32	1	0	1	0
           453	2024-09-10 12:10:40	1	0	1	0
           337	2024-09-10 12:10:48	1	0	1	0
           573	2024-09-10 12:10:52	1	0	1	0
           149	2024-09-10 12:12:34	1	0	1	0
            74	2024-09-10 12:13:37	1	0	1	0
           546	2024-09-10 12:14:19	1	0	1	0
           314	2024-09-10 12:14:28	1	0	1	0
           101	2024-09-10 12:14:35	1	0	1	0
            87	2024-09-10 12:15:21	1	0	1	0
           288	2024-09-10 12:15:36	1	0	1	0
            93	2024-09-10 12:15:42	1	0	1	0
           182	2024-09-10 12:15:47	1	0	1	0
           183	2024-09-10 12:15:55	1	0	1	0
            53	2024-09-10 12:16:32	1	0	1	0
            37	2024-09-10 12:17:12	1	0	1	0
           184	2024-09-10 12:17:50	1	0	1	0
           589	2024-09-10 12:18:39	1	0	1	0
            40	2024-09-10 12:19:12	1	0	1	0
           252	2024-09-10 12:19:24	1	0	15	0
            39	2024-09-10 12:19:47	1	0	1	0
           583	2024-09-10 12:19:53	1	0	1	0
           236	2024-09-10 12:20:03	1	0	1	0
           635	2024-09-10 12:20:10	1	0	1	0
            73	2024-09-10 12:20:17	1	0	1	0
           604	2024-09-10 12:20:34	1	0	1	0
           125	2024-09-10 12:20:40	1	0	1	0
            69	2024-09-10 12:21:46	1	0	1	0
           398	2024-09-10 12:22:20	1	0	1	0
            83	2024-09-10 12:23:00	1	0	1	0
           205	2024-09-10 12:23:08	1	0	1	0
           335	2024-09-10 12:23:18	1	0	1	0
           434	2024-09-10 12:23:34	1	0	1	0
           132	2024-09-10 12:24:02	1	0	1	0
           502	2024-09-10 12:24:28	1	0	1	0
           541	2024-09-10 12:24:39	1	0	1	0
           194	2024-09-10 12:25:03	1	0	1	0
           623	2024-09-10 12:25:17	1	0	1	0
           593	2024-09-10 12:25:21	1	0	1	0
           511	2024-09-10 12:25:23	1	0	1	0
           399	2024-09-10 12:26:10	1	0	1	0
           637	2024-09-10 12:26:35	1	0	1	0
           121	2024-09-10 12:26:42	1	0	1	0
           265	2024-09-10 12:26:46	1	0	1	0
            77	2024-09-10 12:26:52	1	0	1	0
           655	2024-09-10 12:27:32	1	0	1	0
            75	2024-09-10 12:27:41	1	0	1	0
           562	2024-09-10 12:27:50	1	0	1	0
           465	2024-09-10 12:27:56	1	0	1	0
            74	2024-09-10 12:29:04	1	0	1	0
           467	2024-09-10 12:29:11	1	0	1	0
           374	2024-09-10 12:29:16	1	0	1	0
           631	2024-09-10 12:29:25	1	0	1	0
            86	2024-09-10 12:29:30	1	0	1	0
           303	2024-09-10 12:30:01	1	0	1	0
           640	2024-09-10 12:31:44	1	0	1	0
           444	2024-09-10 12:31:48	1	0	1	0
           404	2024-09-10 12:32:06	1	0	1	0
           101	2024-09-10 12:32:21	1	0	1	0
           556	2024-09-10 12:33:23	1	0	1	0
           184	2024-09-10 12:34:01	1	0	1	0
            43	2024-09-10 12:34:11	1	0	1	0
           575	2024-09-10 12:36:06	1	0	1	0
           604	2024-09-10 12:36:15	1	0	1	0
           125	2024-09-10 12:36:20	1	0	1	0
           492	2024-09-10 12:37:10	1	0	1	0
           516	2024-09-10 12:37:15	1	0	1	0
           601	2024-09-10 12:37:21	1	0	1	0
           375	2024-09-10 12:38:07	1	0	1	0
           523	2024-09-10 12:38:19	1	0	1	0
           114	2024-09-10 12:38:36	1	0	1	0
           331	2024-09-10 12:38:43	1	0	1	0
           405	2024-09-10 12:39:47	1	0	1	0
           361	2024-09-10 12:40:19	1	0	1	0
           363	2024-09-10 12:40:22	1	0	1	0
           589	2024-09-10 12:40:27	1	0	1	0
           648	2024-09-10 12:40:34	1	0	1	0
           183	2024-09-10 12:40:48	1	0	1	0
           194	2024-09-10 12:40:56	1	0	1	0
           288	2024-09-10 12:41:05	1	0	1	0
            93	2024-09-10 12:41:09	1	0	1	0
           182	2024-09-10 12:41:14	1	0	1	0
           200	2024-09-10 12:42:03	1	0	1	0
           580	2024-09-10 12:42:14	1	0	1	0
           403	2024-09-10 12:43:41	1	0	1	0
           259	2024-09-10 12:44:01	1	0	15	0
            27	2024-09-10 12:44:41	1	0	15	0
           453	2024-09-10 12:44:50	1	0	1	0
           493	2024-09-10 12:44:57	1	0	1	0
           529	2024-09-10 12:45:07	1	0	1	0
           338	2024-09-10 12:45:28	1	0	1	0
           121	2024-09-10 12:45:34	1	0	1	0
            87	2024-09-10 12:45:40	1	0	1	0
            73	2024-09-10 12:46:48	1	0	1	0
           397	2024-09-10 12:46:55	1	0	1	0
           603	2024-09-10 12:47:00	1	0	1	0
           584	2024-09-10 12:47:40	1	0	1	0
            38	2024-09-10 12:49:43	1	0	1	0
           476	2024-09-10 12:50:46	1	0	1	0
           399	2024-09-10 12:50:59	1	0	1	0
           149	2024-09-10 12:52:39	1	0	1	0
           492	2024-09-10 12:53:03	1	0	1	0
           516	2024-09-10 12:53:08	1	0	1	0
           502	2024-09-10 12:53:33	1	0	1	0
           335	2024-09-10 12:53:42	1	0	1	0
           583	2024-09-10 12:53:49	1	0	1	0
            40	2024-09-10 12:54:27	1	0	1	0
           236	2024-09-10 12:55:22	1	0	1	0
           640	2024-09-10 12:56:17	1	0	1	0
           331	2024-09-10 12:56:22	1	0	1	0
            83	2024-09-10 12:56:27	1	0	1	0
           361	2024-09-10 12:56:33	1	0	1	0
           363	2024-09-10 12:56:40	1	0	1	0
           375	2024-09-10 12:56:44	1	0	1	0
           405	2024-09-10 12:56:52	1	0	1	0
           513	2024-09-10 12:56:59	1	0	1	0
           408	2024-09-10 12:57:02	1	0	1	0
           404	2024-09-10 12:58:53	1	0	1	0
           523	2024-09-10 12:59:00	1	0	15	0
           444	2024-09-10 12:59:22	1	0	1	0
           529	2024-09-10 13:00:22	1	0	1	0
           580	2024-09-10 13:00:31	1	0	1	0
           200	2024-09-10 13:01:20	1	0	1	0
           485	2024-09-10 13:03:15	1	0	1	0
           485	2024-09-10 13:24:55	1	0	1	0
           418	2024-09-10 13:40:58	1	0	1	0
            70	2024-09-10 14:05:50	1	0	1	0
            93	2024-09-10 16:01:55	1	0	1	0
           124	2024-09-10 16:04:50	1	0	15	0
           460	2024-09-10 16:08:21	1	0	1	0
           182	2024-09-10 16:15:00	1	0	1	0
           413	2024-09-10 16:39:16	1	0	4	0
            83	2024-09-10 17:00:03	1	0	1	0
           443	2024-09-10 17:00:08	1	0	1	0
           387	2024-09-10 17:00:14	1	0	15	0
           556	2024-09-10 17:00:19	1	0	1	0
           422	2024-09-10 17:00:24	1	0	1	0
           566	2024-09-10 17:00:29	1	0	1	0
           600	2024-09-10 17:00:32	1	0	1	0
           582	2024-09-10 17:00:36	1	0	1	0
            74	2024-09-10 17:00:43	1	0	1	0
            37	2024-09-10 17:00:51	1	0	1	0
           331	2024-09-10 17:00:56	1	0	1	0
           366	2024-09-10 17:01:00	1	0	1	0
           645	2024-09-10 17:01:07	1	0	1	0
            53	2024-09-10 17:01:20	1	0	1	0
           404	2024-09-10 17:01:25	1	0	1	0
           646	2024-09-10 17:01:38	1	0	1	0
           149	2024-09-10 17:01:46	1	0	1	0
           123	2024-09-10 17:01:52	1	0	1	0
           603	2024-09-10 17:01:57	1	0	1	0
           375	2024-09-10 17:02:03	1	0	1	0
           361	2024-09-10 17:02:12	1	0	1	0
           115	2024-09-10 17:02:24	1	0	1	0
            77	2024-09-10 17:02:29	1	0	1	0
           637	2024-09-10 17:02:34	1	0	1	0
           643	2024-09-10 17:03:24	1	0	15	0
           236	2024-09-10 17:03:26	1	0	1	0
           288	2024-09-10 17:03:45	1	0	1	0
           363	2024-09-10 17:03:53	1	0	1	0
           397	2024-09-10 17:03:58	1	0	1	0
           405	2024-09-10 17:04:02	1	0	1	0
           196	2024-09-10 17:04:07	1	0	1	0
           374	2024-09-10 17:04:12	1	0	1	0
           601	2024-09-10 17:04:16	1	0	1	0
           502	2024-09-10 17:04:25	1	0	1	0
           399	2024-09-10 17:04:33	1	0	1	0
           546	2024-09-10 17:04:38	1	0	1	0
           337	2024-09-10 17:04:44	1	0	1	0
            38	2024-09-10 17:04:50	1	0	1	0
           194	2024-09-10 17:04:56	1	0	1	0
           335	2024-09-10 17:05:04	1	0	1	0
           642	2024-09-10 17:05:16	1	0	15	0
           252	2024-09-10 17:05:28	1	0	15	0
           511	2024-09-10 17:05:34	1	0	1	0
            86	2024-09-10 17:05:42	1	0	1	0
           631	2024-09-10 17:06:07	1	0	1	0
           114	2024-09-10 17:06:31	1	0	1	0
           101	2024-09-10 17:07:02	1	0	1	0
           583	2024-09-10 17:07:09	1	0	1	0
           593	2024-09-10 17:07:25	1	0	1	0
            73	2024-09-10 17:08:35	1	0	1	0
           635	2024-09-10 17:08:41	1	0	1	0
           119	2024-09-10 17:08:56	1	0	15	0
           573	2024-09-10 17:09:46	1	0	1	0
           554	2024-09-10 17:09:50	1	0	1	0
           434	2024-09-10 17:09:55	1	0	1	0
           403	2024-09-10 17:10:00	1	0	1	0
           575	2024-09-10 17:10:05	1	0	1	0
            88	2024-09-10 17:10:28	1	0	1	0
           523	2024-09-10 17:10:33	1	0	1	0
           648	2024-09-10 17:10:54	1	0	1	0
           580	2024-09-10 17:11:14	1	0	1	0
           476	2024-09-10 17:11:44	1	0	1	0
           493	2024-09-10 17:11:51	1	0	1	0
            27	2024-09-10 17:12:21	1	0	15	0
           453	2024-09-10 17:12:28	1	0	1	0
           360	2024-09-10 17:12:44	1	0	1	0
           604	2024-09-10 17:13:07	1	0	1	0
            40	2024-09-10 17:13:14	1	0	1	0
           125	2024-09-10 17:13:19	1	0	1	0
           370	2024-09-10 17:14:54	1	0	15	0
           303	2024-09-10 17:15:12	1	0	1	0
           265	2024-09-10 17:19:06	1	0	1	0
           655	2024-09-10 17:19:27	1	0	1	0
           492	2024-09-10 17:21:00	1	0	1	0
           105	2024-09-10 17:21:23	1	0	1	0
           132	2024-09-10 17:21:49	1	0	1	0
            69	2024-09-10 17:22:22	1	0	1	0
           467	2024-09-10 17:25:02	1	0	1	0
           529	2024-09-10 17:28:18	1	0	1	0
           640	2024-09-10 17:28:25	1	0	1	0
           444	2024-09-10 17:28:30	1	0	1	0
           541	2024-09-10 17:30:34	1	0	1	0
           589	2024-09-10 17:31:26	1	0	1	0
           586	2024-09-10 17:32:38	1	0	1	0
           121	2024-09-10 17:34:34	1	0	1	0
           513	2024-09-10 17:38:56	1	0	1	0
           338	2024-09-10 17:39:12	1	0	1	0
           312	2024-09-10 17:39:57	1	0	1	0
           398	2024-09-10 17:41:48	1	0	1	0
           408	2024-09-10 17:45:22	1	0	1	0
            43	2024-09-10 17:46:02	1	0	1	0
           584	2024-09-10 17:53:12	1	0	1	0
            87	2024-09-10 18:01:48	1	0	1	0
           183	2024-09-10 18:02:03	1	0	1	0
           259	2024-09-10 18:04:04	1	0	15	0
           485	2024-09-10 18:05:20	1	0	1	0
           516	2024-09-10 18:29:04	1	0	1	0
            39	2024-09-10 18:33:42	1	0	1	0
           275	2024-09-10 18:33:50	1	0	1	0
           206	2024-09-10 18:34:08	1	0	1	0
           146	2024-09-10 18:35:19	1	0	15	0
            75	2024-09-10 18:36:08	1	0	1	0
           465	2024-09-10 18:36:14	1	0	1	0
           623	2024-09-10 18:39:09	1	0	1	0
           314	2024-09-10 18:55:07	1	0	1	0
           562	2024-09-10 19:14:12	1	0	1	0
           414	2024-09-10 19:22:51	1	0	1	0
           184	2024-09-10 19:32:40	1	0	1	0
           417	2024-09-10 20:02:12	1	0	15	0
           200	2024-09-10 20:18:56	1	0	1	0
           305	2024-09-10 21:43:23	1	0	1	0
           418	2024-09-10 22:00:28	1	0	1	0
           567	2024-09-10 22:41:05	1	0	1	0
           620	2024-09-11 05:22:06	1	0	1	0
            39	2024-09-11 05:50:34	1	0	1	0
           645	2024-09-11 05:55:16	1	0	1	0
           374	2024-09-11 05:58:57	1	0	1	0
           305	2024-09-11 06:01:00	1	0	1	0
           337	2024-09-11 06:03:43	1	0	1	0
           492	2024-09-11 06:10:21	1	0	1	0
           105	2024-09-11 06:16:36	1	0	1	0
            43	2024-09-11 06:20:50	1	0	1	0
           227	2024-09-11 06:24:18	1	0	15	0
            86	2024-09-11 06:25:46	1	0	1	0
           303	2024-09-11 06:26:08	1	0	1	0
           196	2024-09-11 06:28:31	1	0	1	0
           632	2024-09-11 06:28:50	1	0	1	0
           119	2024-09-11 06:28:58	1	0	15	0
           443	2024-09-11 06:31:07	1	0	1	0
           422	2024-09-11 06:38:11	1	0	1	0
           387	2024-09-11 06:38:28	1	0	15	0
            70	2024-09-11 06:46:56	1	0	1	0
           184	2024-09-11 06:48:22	1	0	1	0
           146	2024-09-11 06:48:35	1	0	15	0
           646	2024-09-11 06:49:31	1	0	1	0
           182	2024-09-11 06:54:21	1	0	1	0
           413	2024-09-11 06:57:49	1	0	4	0
           567	2024-09-11 07:00:11	1	0	1	0
           460	2024-09-11 07:06:27	1	0	1	0
           360	2024-09-11 07:08:57	1	0	1	0
           366	2024-09-11 07:10:15	1	0	1	0
           114	2024-09-11 07:10:31	1	0	1	0
           314	2024-09-11 07:10:50	1	0	1	0
           398	2024-09-11 07:10:58	1	0	1	0
           465	2024-09-11 07:11:49	1	0	1	0
            75	2024-09-11 07:12:09	1	0	1	0
            93	2024-09-11 07:12:31	1	0	1	0
           631	2024-09-11 07:15:11	1	0	1	0
           541	2024-09-11 07:15:37	1	0	1	0
           101	2024-09-11 07:16:44	1	0	1	0
           623	2024-09-11 07:16:50	1	0	1	0
           149	2024-09-11 07:17:38	1	0	1	0
           573	2024-09-11 07:18:51	1	0	1	0
           546	2024-09-11 07:19:40	1	0	1	0
           642	2024-09-11 07:21:07	1	0	1	0
           643	2024-09-11 07:21:19	1	0	15	0
           582	2024-09-11 07:21:48	1	0	1	0
           581	2024-09-11 07:25:47	1	0	1	0
            37	2024-09-11 07:26:14	1	0	1	0
            77	2024-09-11 07:26:21	1	0	1	0
           355	2024-09-11 07:27:05	1	0	1	0
           183	2024-09-11 07:27:18	1	0	1	0
           205	2024-09-11 07:27:27	1	0	1	0
           434	2024-09-11 07:28:01	1	0	1	0
           523	2024-09-11 07:31:56	1	0	1	0
           123	2024-09-11 07:32:19	1	0	1	0
           584	2024-09-11 07:32:59	1	0	1	0
           589	2024-09-11 07:35:03	1	0	1	0
           511	2024-09-11 07:35:21	1	0	1	0
           115	2024-09-11 07:35:40	1	0	1	0
           397	2024-09-11 07:36:06	1	0	1	0
           194	2024-09-11 07:37:32	1	0	1	0
           288	2024-09-11 07:37:37	1	0	1	0
            83	2024-09-11 07:37:43	1	0	1	0
           259	2024-09-11 07:38:26	1	0	15	0
           444	2024-09-11 07:38:32	1	0	1	0
           252	2024-09-11 07:39:24	1	0	15	0
           593	2024-09-11 07:39:55	1	0	1	0
           640	2024-09-11 07:40:21	1	0	1	0
           603	2024-09-11 07:42:20	1	0	1	0
           124	2024-09-11 07:42:30	1	0	15	0
           408	2024-09-11 07:42:46	1	0	1	0
            27	2024-09-11 07:43:33	1	0	15	0
           453	2024-09-11 07:43:40	1	0	1	0
           635	2024-09-11 07:43:47	1	0	1	0
           655	2024-09-11 07:45:44	1	0	15	0
           601	2024-09-11 07:45:58	1	0	1	0
           476	2024-09-11 07:46:38	1	0	1	0
            69	2024-09-11 07:47:16	1	0	1	0
           335	2024-09-11 07:47:32	1	0	1	0
           121	2024-09-11 07:47:37	1	0	1	0
           493	2024-09-11 07:47:43	1	0	1	0
           637	2024-09-11 07:48:08	1	0	1	0
           562	2024-09-11 07:50:19	1	0	1	0
           604	2024-09-11 07:50:49	1	0	1	0
           405	2024-09-11 07:51:26	1	0	1	0
           467	2024-09-11 07:51:36	1	0	1	0
           556	2024-09-11 07:51:59	1	0	1	0
           404	2024-09-11 07:53:05	1	0	1	0
           265	2024-09-11 07:53:11	1	0	1	0
           529	2024-09-11 07:53:22	1	0	1	0
            53	2024-09-11 07:53:29	1	0	1	0
           583	2024-09-11 07:53:35	1	0	1	0
           575	2024-09-11 07:54:55	1	0	1	0
           502	2024-09-11 07:55:11	1	0	1	0
           648	2024-09-11 07:55:58	1	0	1	0
            73	2024-09-11 07:56:28	1	0	1	0
            38	2024-09-11 07:56:54	1	0	1	0
           338	2024-09-11 07:59:02	1	0	1	0
           370	2024-09-11 08:00:14	1	0	15	0
           417	2024-09-11 08:00:29	1	0	15	0
           403	2024-09-11 08:00:36	1	0	1	0
           200	2024-09-11 08:00:59	1	0	1	0
           331	2024-09-11 08:02:19	1	0	1	0
           580	2024-09-11 08:02:52	1	0	1	0
           516	2024-09-11 08:04:06	1	0	1	0
           520	2024-09-11 08:05:07	1	0	1	0
           513	2024-09-11 08:05:38	1	0	1	0
           125	2024-09-11 08:06:59	1	0	1	0
           414	2024-09-11 08:12:07	1	0	1	0
           312	2024-09-11 08:15:20	1	0	1	0
           485	2024-09-11 08:20:07	1	0	1	0
           236	2024-09-11 08:27:33	1	0	1	0
           206	2024-09-11 08:46:20	1	0	1	0
           275	2024-09-11 08:46:22	1	0	1	0
            87	2024-09-11 08:50:09	1	0	1	0
           375	2024-09-11 10:26:50	1	0	1	0
           460	2024-09-11 11:04:12	1	0	1	0
           460	2024-09-11 11:28:38	1	0	1	0
           646	2024-09-11 11:30:39	1	0	1	0
           581	2024-09-11 11:30:47	1	0	1	0
           387	2024-09-11 11:31:39	1	0	15	0
           443	2024-09-11 11:32:05	1	0	1	0
           642	2024-09-11 11:32:14	1	0	1	0
           422	2024-09-11 11:32:21	1	0	1	0
           366	2024-09-11 11:32:25	1	0	1	0
           643	2024-09-11 11:32:34	1	0	1	0
           582	2024-09-11 11:32:39	1	0	1	0
           119	2024-09-11 11:33:16	1	0	15	0
           360	2024-09-11 11:33:24	1	0	1	0
           196	2024-09-11 11:33:56	1	0	1	0
           632	2024-09-11 11:34:10	1	0	1	0
           123	2024-09-11 11:34:16	1	0	1	0
           363	2024-09-11 11:46:10	1	0	1	0
           573	2024-09-11 11:49:40	1	0	1	0
           337	2024-09-11 11:49:56	1	0	15	0
           115	2024-09-11 11:50:03	1	0	1	0
           314	2024-09-11 11:51:58	1	0	1	0
           546	2024-09-11 11:52:02	1	0	1	0
           541	2024-09-11 11:54:55	1	0	1	0
           642	2024-09-11 11:55:16	1	0	1	0
           366	2024-09-11 11:55:37	1	0	1	0
           443	2024-09-11 11:56:13	1	0	15	0
           581	2024-09-11 11:56:19	1	0	15	0
           123	2024-09-11 11:56:46	1	0	1	0
           119	2024-09-11 12:00:15	1	0	15	0
            69	2024-09-11 12:01:04	1	0	1	0
           196	2024-09-11 12:01:10	1	0	1	0
           422	2024-09-11 12:01:14	1	0	1	0
           387	2024-09-11 12:01:22	1	0	15	0
           601	2024-09-11 12:01:27	1	0	1	0
           404	2024-09-11 12:01:56	1	0	1	0
            37	2024-09-11 12:02:20	1	0	1	0
            38	2024-09-11 12:02:26	1	0	1	0
           646	2024-09-11 12:02:40	1	0	1	0
           643	2024-09-11 12:02:56	1	0	15	0
           121	2024-09-11 12:03:02	1	0	1	0
           476	2024-09-11 12:03:10	1	0	1	0
           252	2024-09-11 12:03:14	1	0	15	0
           275	2024-09-11 12:03:20	1	0	1	0
           467	2024-09-11 12:03:26	1	0	1	0
           413	2024-09-11 12:03:32	1	0	4	0
           403	2024-09-11 12:03:53	1	0	1	0
           556	2024-09-11 12:03:58	1	0	1	0
           397	2024-09-11 12:04:18	1	0	1	0
           603	2024-09-11 12:04:22	1	0	1	0
           493	2024-09-11 12:04:31	1	0	1	0
            53	2024-09-11 12:04:39	1	0	1	0
            27	2024-09-11 12:04:53	1	0	15	0
            75	2024-09-11 12:04:59	1	0	1	0
           631	2024-09-11 12:05:06	1	0	1	0
           453	2024-09-11 12:05:12	1	0	1	0
           586	2024-09-11 12:05:24	1	0	1	0
            77	2024-09-11 12:05:29	1	0	1	0
           648	2024-09-11 12:05:35	1	0	1	0
           236	2024-09-11 12:05:45	1	0	1	0
           635	2024-09-11 12:05:49	1	0	1	0
           115	2024-09-11 12:05:56	1	0	1	0
           573	2024-09-11 12:06:01	1	0	1	0
           337	2024-09-11 12:06:08	1	0	1	0
            83	2024-09-11 12:06:17	1	0	1	0
           414	2024-09-11 12:06:33	1	0	1	0
           265	2024-09-11 12:06:38	1	0	1	0
           589	2024-09-11 12:06:52	1	0	1	0
           604	2024-09-11 12:07:02	1	0	1	0
           125	2024-09-11 12:07:09	1	0	1	0
           520	2024-09-11 12:07:15	1	0	1	0
           637	2024-09-11 12:07:19	1	0	1	0
           546	2024-09-11 12:07:24	1	0	1	0
           314	2024-09-11 12:07:29	1	0	1	0
           205	2024-09-11 12:07:36	1	0	1	0
           434	2024-09-11 12:07:42	1	0	1	0
           101	2024-09-11 12:07:53	1	0	1	0
           523	2024-09-11 12:08:00	1	0	1	0
           355	2024-09-11 12:08:04	1	0	1	0
           465	2024-09-11 12:08:13	1	0	1	0
           655	2024-09-11 12:08:20	1	0	1	0
           149	2024-09-11 12:08:32	1	0	1	0
           331	2024-09-11 12:08:37	1	0	1	0
           194	2024-09-11 12:08:59	1	0	1	0
           562	2024-09-11 12:10:19	1	0	1	0
           303	2024-09-11 12:10:34	1	0	1	0
           541	2024-09-11 12:11:21	1	0	1	0
           183	2024-09-11 12:11:32	1	0	1	0
           182	2024-09-11 12:11:37	1	0	1	0
           184	2024-09-11 12:11:43	1	0	1	0
           146	2024-09-11 12:12:19	1	0	15	0
           206	2024-09-11 12:12:43	1	0	1	0
           370	2024-09-11 12:12:47	1	0	15	0
           492	2024-09-11 12:13:03	1	0	1	0
           516	2024-09-11 12:13:08	1	0	1	0
           580	2024-09-11 12:13:16	1	0	1	0
           338	2024-09-11 12:14:41	1	0	1	0
            73	2024-09-11 12:15:08	1	0	1	0
           513	2024-09-11 12:15:14	1	0	1	0
           583	2024-09-11 12:15:19	1	0	1	0
            87	2024-09-11 12:15:45	1	0	1	0
           335	2024-09-11 12:17:24	1	0	1	0
            93	2024-09-11 12:17:29	1	0	1	0
            37	2024-09-11 12:18:59	1	0	1	0
           413	2024-09-11 12:19:04	1	0	4	0
            53	2024-09-11 12:20:44	1	0	1	0
            77	2024-09-11 12:21:31	1	0	1	0
           265	2024-09-11 12:21:39	1	0	1	0
           405	2024-09-11 12:22:18	1	0	1	0
           375	2024-09-11 12:22:25	1	0	1	0
           604	2024-09-11 12:23:16	1	0	1	0
           520	2024-09-11 12:23:22	1	0	1	0
           288	2024-09-11 12:23:28	1	0	1	0
           331	2024-09-11 12:23:40	1	0	1	0
           417	2024-09-11 12:23:49	1	0	15	0
           252	2024-09-11 12:24:01	1	0	15	0
           502	2024-09-11 12:24:25	1	0	1	0
           408	2024-09-11 12:24:52	1	0	1	0
           575	2024-09-11 12:25:04	1	0	1	0
           414	2024-09-11 12:25:53	1	0	1	0
           465	2024-09-11 12:25:56	1	0	1	0
           434	2024-09-11 12:26:10	1	0	1	0
           655	2024-09-11 12:26:16	1	0	1	0
           205	2024-09-11 12:26:25	1	0	1	0
           640	2024-09-11 12:26:42	1	0	1	0
           125	2024-09-11 12:27:15	1	0	1	0
           206	2024-09-11 12:27:53	1	0	1	0
            69	2024-09-11 12:28:05	1	0	1	0
           584	2024-09-11 12:28:09	1	0	1	0
            75	2024-09-11 12:29:54	1	0	1	0
           637	2024-09-11 12:30:48	1	0	1	0
           370	2024-09-11 12:31:06	1	0	15	0
           631	2024-09-11 12:31:16	1	0	1	0
           399	2024-09-11 12:32:05	1	0	1	0
            38	2024-09-11 12:32:11	1	0	1	0
           556	2024-09-11 12:32:18	1	0	1	0
           516	2024-09-11 12:32:41	1	0	1	0
           492	2024-09-11 12:32:50	1	0	1	0
           184	2024-09-11 12:32:56	1	0	1	0
           303	2024-09-11 12:33:39	1	0	1	0
           101	2024-09-11 12:34:42	1	0	1	0
           275	2024-09-11 12:37:30	1	0	1	0
           149	2024-09-11 12:38:32	1	0	1	0
           121	2024-09-11 12:38:45	1	0	1	0
           417	2024-09-11 12:38:52	1	0	15	0
            73	2024-09-11 12:39:41	1	0	1	0
           583	2024-09-11 12:39:50	1	0	1	0
            83	2024-09-11 12:40:26	1	0	1	0
           453	2024-09-11 12:41:06	1	0	1	0
           444	2024-09-11 12:41:12	1	0	1	0
           355	2024-09-11 12:41:21	1	0	1	0
           523	2024-09-11 12:41:27	1	0	1	0
            27	2024-09-11 12:42:09	1	0	15	0
           408	2024-09-11 12:42:19	1	0	1	0
           601	2024-09-11 12:42:23	1	0	1	0
           335	2024-09-11 12:42:29	1	0	1	0
           405	2024-09-11 12:42:56	1	0	1	0
           375	2024-09-11 12:43:04	1	0	1	0
           467	2024-09-11 12:43:34	1	0	1	0
           635	2024-09-11 12:45:08	1	0	1	0
           403	2024-09-11 12:45:15	1	0	1	0
           397	2024-09-11 12:46:19	1	0	1	0
           603	2024-09-11 12:46:24	1	0	1	0
           529	2024-09-11 12:47:34	1	0	1	0
           562	2024-09-11 12:47:40	1	0	1	0
           288	2024-09-11 12:47:45	1	0	1	0
           194	2024-09-11 12:47:50	1	0	1	0
           513	2024-09-11 12:47:56	1	0	1	0
           640	2024-09-11 12:48:14	1	0	1	0
           575	2024-09-11 12:48:20	1	0	1	0
           476	2024-09-11 12:49:44	1	0	1	0
            87	2024-09-11 12:49:51	1	0	1	0
           404	2024-09-11 12:52:02	1	0	1	0
           648	2024-09-11 12:52:53	1	0	1	0
           586	2024-09-11 12:52:59	1	0	1	0
           182	2024-09-11 12:53:22	1	0	1	0
            93	2024-09-11 12:53:28	1	0	1	0
           183	2024-09-11 12:53:36	1	0	1	0
           399	2024-09-11 12:54:05	1	0	1	0
           236	2024-09-11 12:54:28	1	0	1	0
           580	2024-09-11 12:54:36	1	0	1	0
           502	2024-09-11 12:56:39	1	0	1	0
           485	2024-09-11 13:14:49	1	0	1	0
           485	2024-09-11 13:50:50	1	0	1	0
           620	2024-09-11 14:12:00	1	0	1	0
            70	2024-09-11 15:02:01	1	0	1	0
           124	2024-09-11 16:01:34	1	0	15	0
           413	2024-09-11 16:01:48	1	0	4	0
            93	2024-09-11 16:30:37	1	0	1	0
           460	2024-09-11 16:38:37	1	0	1	0
           182	2024-09-11 16:58:44	1	0	1	0
            53	2024-09-11 17:00:04	1	0	1	0
           581	2024-09-11 17:00:08	1	0	1	0
           387	2024-09-11 17:00:16	1	0	15	0
           422	2024-09-11 17:00:23	1	0	1	0
            37	2024-09-11 17:00:53	1	0	1	0
           603	2024-09-11 17:00:58	1	0	1	0
           645	2024-09-11 17:01:14	1	0	1	0
           646	2024-09-11 17:01:30	1	0	1	0
           637	2024-09-11 17:01:35	1	0	1	0
           115	2024-09-11 17:01:53	1	0	1	0
           582	2024-09-11 17:01:59	1	0	1	0
           562	2024-09-11 17:02:04	1	0	1	0
           375	2024-09-11 17:02:13	1	0	1	0
           366	2024-09-11 17:02:20	1	0	1	0
           397	2024-09-11 17:02:25	1	0	1	0
           443	2024-09-11 17:02:30	1	0	1	0
           556	2024-09-11 17:02:37	1	0	1	0
           642	2024-09-11 17:02:43	1	0	1	0
           123	2024-09-11 17:02:53	1	0	1	0
           631	2024-09-11 17:02:58	1	0	1	0
           493	2024-09-11 17:03:03	1	0	1	0
           417	2024-09-11 17:03:08	1	0	1	0
           405	2024-09-11 17:03:18	1	0	1	0
            77	2024-09-11 17:03:25	1	0	1	0
           643	2024-09-11 17:03:36	1	0	1	0
           331	2024-09-11 17:03:49	1	0	1	0
           265	2024-09-11 17:04:35	1	0	1	0
           149	2024-09-11 17:04:52	1	0	1	0
           196	2024-09-11 17:05:37	1	0	1	0
           593	2024-09-11 17:05:41	1	0	1	0
           583	2024-09-11 17:05:55	1	0	1	0
           403	2024-09-11 17:06:54	1	0	1	0
           584	2024-09-11 17:07:14	1	0	1	0
           511	2024-09-11 17:07:40	1	0	1	0
           648	2024-09-11 17:07:55	1	0	1	0
           601	2024-09-11 17:08:23	1	0	1	0
           523	2024-09-11 17:08:28	1	0	1	0
           476	2024-09-11 17:08:50	1	0	15	0
            38	2024-09-11 17:08:59	1	0	1	0
           119	2024-09-11 17:09:52	1	0	15	0
           236	2024-09-11 17:10:00	1	0	1	0
           252	2024-09-11 17:10:13	1	0	15	0
            27	2024-09-11 17:10:22	1	0	15	0
           355	2024-09-11 17:10:48	1	0	1	0
           453	2024-09-11 17:11:01	1	0	1	0
           399	2024-09-11 17:11:58	1	0	1	0
           635	2024-09-11 17:12:26	1	0	1	0
           502	2024-09-11 17:12:47	1	0	1	0
           312	2024-09-11 17:13:44	1	0	1	0
           434	2024-09-11 17:14:03	1	0	1	0
           604	2024-09-11 17:14:28	1	0	1	0
           125	2024-09-11 17:14:35	1	0	1	0
           520	2024-09-11 17:14:41	1	0	1	0
           101	2024-09-11 17:15:06	1	0	1	0
           575	2024-09-11 17:15:47	1	0	1	0
           580	2024-09-11 17:15:54	1	0	1	0
           303	2024-09-11 17:17:01	1	0	1	0
           408	2024-09-11 17:17:30	1	0	1	0
           338	2024-09-11 17:17:38	1	0	1	0
           513	2024-09-11 17:18:02	1	0	1	0
           655	2024-09-11 17:19:39	1	0	15	0
           370	2024-09-11 17:21:27	1	0	15	0
           623	2024-09-11 17:22:51	1	0	1	0
            69	2024-09-11 17:24:01	1	0	1	0
           516	2024-09-11 17:25:22	1	0	1	0
            73	2024-09-11 17:26:08	1	0	1	0
           337	2024-09-11 17:27:31	1	0	1	0
           573	2024-09-11 17:27:37	1	0	1	0
           314	2024-09-11 17:27:42	1	0	1	0
           640	2024-09-11 17:28:22	1	0	1	0
           589	2024-09-11 17:33:38	1	0	1	0
           467	2024-09-11 17:35:19	1	0	1	0
           541	2024-09-11 17:36:43	1	0	1	0
           288	2024-09-11 17:41:55	1	0	1	0
           546	2024-09-11 17:50:15	1	0	1	0
           205	2024-09-11 17:52:27	1	0	1	0
           194	2024-09-11 18:01:06	1	0	1	0
           529	2024-09-11 18:01:12	1	0	1	0
           485	2024-09-11 18:01:37	1	0	1	0
           586	2024-09-11 18:03:29	1	0	1	0
           492	2024-09-11 18:05:44	1	0	1	0
           275	2024-09-11 18:10:32	1	0	1	0
            87	2024-09-11 18:12:57	1	0	1	0
           259	2024-09-11 18:14:40	1	0	1	0
           183	2024-09-11 18:15:18	1	0	1	0
           398	2024-09-11 18:21:08	1	0	1	0
           206	2024-09-11 18:22:37	1	0	1	0
           404	2024-09-11 18:26:42	1	0	1	0
           114	2024-09-11 18:30:23	1	0	1	0
            83	2024-09-11 18:34:09	1	0	1	0
           121	2024-09-11 18:36:09	1	0	1	0
           184	2024-09-11 18:51:14	1	0	1	0
           146	2024-09-11 18:51:20	1	0	15	0
           335	2024-09-11 19:03:06	1	0	1	0
           465	2024-09-11 19:34:02	1	0	1	0
            75	2024-09-11 19:34:16	1	0	1	0
           414	2024-09-11 19:47:35	1	0	1	0
           363	2024-09-11 20:00:13	1	0	1	0
           444	2024-09-11 20:23:56	1	0	1	0
           200	2024-09-11 20:25:07	1	0	1	0
           305	2024-09-11 21:36:17	1	0	1	0
           418	2024-09-11 21:45:25	1	0	1	0
           567	2024-09-12 05:48:59	1	0	1	0
           305	2024-09-12 06:00:24	1	0	1	0
           337	2024-09-12 06:01:48	1	0	15	0
           620	2024-09-12 06:07:56	1	0	1	0
           418	2024-09-12 06:23:20	1	0	1	0
           196	2024-09-12 06:28:56	1	0	1	0
           119	2024-09-12 06:29:06	1	0	15	0
           632	2024-09-12 06:29:42	1	0	1	0
           387	2024-09-12 06:31:21	1	0	15	0
           314	2024-09-12 06:34:02	1	0	1	0
           422	2024-09-12 06:39:03	1	0	1	0
           600	2024-09-12 06:40:40	1	0	1	0
           645	2024-09-12 06:43:04	1	0	1	0
           114	2024-09-12 06:48:18	1	0	1	0
           182	2024-09-12 06:53:51	1	0	1	0
           582	2024-09-12 06:54:13	1	0	1	0
           184	2024-09-12 06:55:12	1	0	1	0
           146	2024-09-12 06:55:24	1	0	15	0
           413	2024-09-12 06:56:13	1	0	1	0
           460	2024-09-12 06:59:40	1	0	1	0
           398	2024-09-12 07:02:36	1	0	1	0
           443	2024-09-12 07:06:08	1	0	1	0
            93	2024-09-12 07:06:29	1	0	1	0
           149	2024-09-12 07:09:58	1	0	1	0
           573	2024-09-12 07:11:23	1	0	1	0
           631	2024-09-12 07:11:29	1	0	1	0
           366	2024-09-12 07:11:43	1	0	1	0
           101	2024-09-12 07:16:26	1	0	1	0
           360	2024-09-12 07:16:54	1	0	1	0
           643	2024-09-12 07:17:57	1	0	15	0
            27	2024-09-12 07:18:10	1	0	15	0
           453	2024-09-12 07:18:33	1	0	1	0
           566	2024-09-12 07:18:40	1	0	15	0
           642	2024-09-12 07:18:50	1	0	15	0
           546	2024-09-12 07:19:33	1	0	1	0
           123	2024-09-12 07:19:42	1	0	1	0
           556	2024-09-12 07:22:13	1	0	1	0
           581	2024-09-12 07:22:20	1	0	1	0
            77	2024-09-12 07:23:29	1	0	1	0
           355	2024-09-12 07:25:57	1	0	1	0
           492	2024-09-12 07:26:36	1	0	1	0
           465	2024-09-12 07:26:43	1	0	1	0
            75	2024-09-12 07:27:00	1	0	1	0
           115	2024-09-12 07:28:19	1	0	1	0
           434	2024-09-12 07:28:44	1	0	1	0
           601	2024-09-12 07:28:57	1	0	1	0
           541	2024-09-12 07:30:14	1	0	1	0
           603	2024-09-12 07:31:09	1	0	1	0
           584	2024-09-12 07:32:38	1	0	1	0
           405	2024-09-12 07:35:12	1	0	1	0
           640	2024-09-12 07:37:43	1	0	1	0
           604	2024-09-12 07:39:24	1	0	1	0
            37	2024-09-12 07:39:57	1	0	1	0
           511	2024-09-12 07:40:40	1	0	1	0
           655	2024-09-12 07:41:09	1	0	1	0
           637	2024-09-12 07:41:42	1	0	1	0
           124	2024-09-12 07:42:39	1	0	15	0
           408	2024-09-12 07:42:47	1	0	1	0
           414	2024-09-12 07:43:31	1	0	1	0
           397	2024-09-12 07:43:53	1	0	1	0
           583	2024-09-12 07:43:59	1	0	1	0
           635	2024-09-12 07:44:06	1	0	1	0
            83	2024-09-12 07:45:44	1	0	1	0
           259	2024-09-12 07:45:54	1	0	15	0
           303	2024-09-12 07:46:45	1	0	1	0
           493	2024-09-12 07:46:53	1	0	1	0
           589	2024-09-12 07:47:22	1	0	1	0
           467	2024-09-12 07:49:42	1	0	1	0
           252	2024-09-12 07:50:21	1	0	15	0
           523	2024-09-12 07:51:25	1	0	1	0
           404	2024-09-12 07:51:35	1	0	1	0
           265	2024-09-12 07:53:00	1	0	1	0
            69	2024-09-12 07:53:18	1	0	1	0
           338	2024-09-12 07:53:46	1	0	1	0
           623	2024-09-12 07:53:54	1	0	1	0
           403	2024-09-12 07:54:01	1	0	1	0
           476	2024-09-12 07:54:06	1	0	1	0
           399	2024-09-12 07:54:20	1	0	1	0
           200	2024-09-12 07:54:26	1	0	1	0
            38	2024-09-12 07:54:42	1	0	1	0
            73	2024-09-12 07:54:51	1	0	1	0
           444	2024-09-12 07:56:09	1	0	1	0
           331	2024-09-12 07:57:03	1	0	1	0
           363	2024-09-12 07:58:13	1	0	1	0
           194	2024-09-12 07:58:36	1	0	1	0
           288	2024-09-12 07:58:40	1	0	1	0
           529	2024-09-12 07:59:29	1	0	1	0
            53	2024-09-12 07:59:45	1	0	1	0
           335	2024-09-12 08:00:22	1	0	1	0
           370	2024-09-12 08:00:46	1	0	15	0
           648	2024-09-12 08:01:45	1	0	1	0
           513	2024-09-12 08:02:20	1	0	1	0
           312	2024-09-12 08:03:01	1	0	1	0
           236	2024-09-12 08:03:13	1	0	1	0
           183	2024-09-12 08:04:22	1	0	1	0
           593	2024-09-12 08:05:46	1	0	1	0
           586	2024-09-12 08:08:31	1	0	1	0
           485	2024-09-12 08:09:24	1	0	1	0
           205	2024-09-12 08:09:49	1	0	1	0
           516	2024-09-12 08:19:59	1	0	1	0
            87	2024-09-12 08:33:04	1	0	1	0
           275	2024-09-12 08:40:53	1	0	1	0
           206	2024-09-12 08:40:57	1	0	1	0
           460	2024-09-12 11:01:49	1	0	1	0
           417	2024-09-12 11:19:07	1	0	15	0
           645	2024-09-12 11:30:33	1	0	1	0
           123	2024-09-12 11:30:48	1	0	1	0
           196	2024-09-12 11:30:59	1	0	1	0
           387	2024-09-12 11:31:07	1	0	15	0
           643	2024-09-12 11:31:24	1	0	15	0
           566	2024-09-12 11:31:31	1	0	15	0
           642	2024-09-12 11:31:51	1	0	15	0
           366	2024-09-12 11:31:59	1	0	1	0
           632	2024-09-12 11:32:24	1	0	1	0
           422	2024-09-12 11:32:37	1	0	1	0
           360	2024-09-12 11:32:58	1	0	1	0
           581	2024-09-12 11:33:11	1	0	1	0
           460	2024-09-12 11:33:33	1	0	1	0
           600	2024-09-12 11:35:55	1	0	1	0
           443	2024-09-12 11:36:15	1	0	15	0
           119	2024-09-12 11:37:11	1	0	15	0
           582	2024-09-12 11:37:42	1	0	1	0
           337	2024-09-12 11:46:41	1	0	1	0
           314	2024-09-12 11:52:33	1	0	1	0
           546	2024-09-12 11:52:40	1	0	1	0
           573	2024-09-12 11:52:46	1	0	1	0
           360	2024-09-12 11:54:26	1	0	1	0
           581	2024-09-12 11:55:36	1	0	1	0
           600	2024-09-12 11:56:30	1	0	1	0
           366	2024-09-12 11:56:48	1	0	1	0
           643	2024-09-12 12:00:21	1	0	15	0
           566	2024-09-12 12:00:32	1	0	1	0
            83	2024-09-12 12:00:39	1	0	1	0
           556	2024-09-12 12:00:44	1	0	1	0
           196	2024-09-12 12:00:50	1	0	1	0
           387	2024-09-12 12:01:02	1	0	15	0
           422	2024-09-12 12:01:07	1	0	1	0
           413	2024-09-12 12:01:10	1	0	4	0
            53	2024-09-12 12:01:20	1	0	1	0
           604	2024-09-12 12:01:28	1	0	1	0
           520	2024-09-12 12:01:34	1	0	1	0
           493	2024-09-12 12:01:39	1	0	1	0
           645	2024-09-12 12:01:44	1	0	1	0
           397	2024-09-12 12:01:49	1	0	1	0
           603	2024-09-12 12:01:55	1	0	1	0
            69	2024-09-12 12:02:00	1	0	1	0
            37	2024-09-12 12:02:19	1	0	1	0
           194	2024-09-12 12:03:11	1	0	1	0
           236	2024-09-12 12:03:18	1	0	1	0
           584	2024-09-12 12:03:21	1	0	1	0
            75	2024-09-12 12:03:27	1	0	1	0
           200	2024-09-12 12:03:33	1	0	1	0
           370	2024-09-12 12:03:38	1	0	15	0
           335	2024-09-12 12:03:45	1	0	1	0
           443	2024-09-12 12:03:52	1	0	1	0
            27	2024-09-12 12:04:14	1	0	15	0
           453	2024-09-12 12:04:21	1	0	1	0
           434	2024-09-12 12:04:28	1	0	1	0
           637	2024-09-12 12:04:33	1	0	1	0
           631	2024-09-12 12:04:38	1	0	1	0
           589	2024-09-12 12:04:49	1	0	1	0
           121	2024-09-12 12:04:51	1	0	1	0
           601	2024-09-12 12:04:58	1	0	1	0
           337	2024-09-12 12:05:21	1	0	15	0
           403	2024-09-12 12:05:36	1	0	1	0
           146	2024-09-12 12:05:47	1	0	15	0
           265	2024-09-12 12:05:52	1	0	1	0
            77	2024-09-12 12:05:58	1	0	1	0
            38	2024-09-12 12:06:07	1	0	1	0
           541	2024-09-12 12:06:13	1	0	1	0
           408	2024-09-12 12:06:38	1	0	1	0
           467	2024-09-12 12:07:13	1	0	1	0
           288	2024-09-12 12:07:28	1	0	1	0
           252	2024-09-12 12:07:33	1	0	15	0
           546	2024-09-12 12:07:49	1	0	1	0
           573	2024-09-12 12:07:54	1	0	1	0
           314	2024-09-12 12:08:13	1	0	1	0
           123	2024-09-12 12:08:52	1	0	1	0
           583	2024-09-12 12:09:36	1	0	1	0
           405	2024-09-12 12:09:47	1	0	1	0
           303	2024-09-12 12:09:53	1	0	1	0
           363	2024-09-12 12:09:57	1	0	1	0
           648	2024-09-12 12:10:03	1	0	1	0
           586	2024-09-12 12:10:16	1	0	1	0
           119	2024-09-12 12:10:25	1	0	15	0
           529	2024-09-12 12:10:43	1	0	1	0
            73	2024-09-12 12:11:37	1	0	1	0
           635	2024-09-12 12:11:46	1	0	1	0
            87	2024-09-12 12:12:00	1	0	1	0
           476	2024-09-12 12:12:23	1	0	1	0
           355	2024-09-12 12:12:30	1	0	1	0
           513	2024-09-12 12:14:32	1	0	1	0
           338	2024-09-12 12:14:34	1	0	1	0
           184	2024-09-12 12:14:55	1	0	1	0
           655	2024-09-12 12:15:14	1	0	1	0
           516	2024-09-12 12:15:26	1	0	1	0
           275	2024-09-12 12:16:11	1	0	1	0
           404	2024-09-12 12:16:50	1	0	1	0
           101	2024-09-12 12:17:49	1	0	1	0
            37	2024-09-12 12:18:09	1	0	1	0
           115	2024-09-12 12:18:19	1	0	1	0
            53	2024-09-12 12:18:25	1	0	1	0
           331	2024-09-12 12:19:36	1	0	1	0
           556	2024-09-12 12:19:52	1	0	1	0
           121	2024-09-12 12:20:18	1	0	1	0
           335	2024-09-12 12:20:38	1	0	1	0
            75	2024-09-12 12:20:50	1	0	1	0
           413	2024-09-12 12:20:55	1	0	4	0
           589	2024-09-12 12:21:41	1	0	1	0
           146	2024-09-12 12:21:56	1	0	15	0
            83	2024-09-12 12:26:11	1	0	1	0
           252	2024-09-12 12:26:32	1	0	15	0
           493	2024-09-12 12:27:14	1	0	1	0
           640	2024-09-12 12:27:47	1	0	1	0
            87	2024-09-12 12:28:00	1	0	1	0
           303	2024-09-12 12:28:43	1	0	1	0
           149	2024-09-12 12:28:54	1	0	1	0
           637	2024-09-12 12:29:46	1	0	1	0
           206	2024-09-12 12:29:58	1	0	1	0
           184	2024-09-12 12:30:47	1	0	1	0
            69	2024-09-12 12:31:03	1	0	1	0
           516	2024-09-12 12:31:13	1	0	1	0
            38	2024-09-12 12:31:37	1	0	1	0
           434	2024-09-12 12:31:57	1	0	1	0
           338	2024-09-12 12:32:19	1	0	1	0
           631	2024-09-12 12:32:27	1	0	1	0
           355	2024-09-12 12:32:45	1	0	1	0
           584	2024-09-12 12:33:08	1	0	1	0
           399	2024-09-12 12:33:16	1	0	1	0
           312	2024-09-12 12:33:32	1	0	1	0
           182	2024-09-12 12:33:42	1	0	1	0
           183	2024-09-12 12:33:47	1	0	1	0
            93	2024-09-12 12:33:52	1	0	1	0
           101	2024-09-12 12:34:02	1	0	1	0
           467	2024-09-12 12:35:25	1	0	1	0
           604	2024-09-12 12:35:53	1	0	1	0
           115	2024-09-12 12:36:11	1	0	1	0
           520	2024-09-12 12:36:18	1	0	1	0
            73	2024-09-12 12:37:00	1	0	1	0
           635	2024-09-12 12:37:54	1	0	1	0
           541	2024-09-12 12:38:44	1	0	1	0
           265	2024-09-12 12:38:57	1	0	1	0
            77	2024-09-12 12:39:03	1	0	1	0
           370	2024-09-12 12:39:50	1	0	15	0
           492	2024-09-12 12:40:04	1	0	1	0
           275	2024-09-12 12:41:48	1	0	1	0
           465	2024-09-12 12:41:58	1	0	1	0
           414	2024-09-12 12:42:03	1	0	1	0
           655	2024-09-12 12:42:08	1	0	1	0
           205	2024-09-12 12:42:50	1	0	1	0
            27	2024-09-12 12:43:59	1	0	15	0
           453	2024-09-12 12:44:12	1	0	1	0
           444	2024-09-12 12:44:46	1	0	1	0
           601	2024-09-12 12:45:05	1	0	1	0
           397	2024-09-12 12:46:02	1	0	1	0
           603	2024-09-12 12:46:06	1	0	1	0
           476	2024-09-12 12:47:38	1	0	1	0
           403	2024-09-12 12:49:11	1	0	1	0
           288	2024-09-12 12:49:20	1	0	1	0
           194	2024-09-12 12:49:36	1	0	1	0
           206	2024-09-12 12:49:42	1	0	1	0
           405	2024-09-12 12:50:38	1	0	1	0
           363	2024-09-12 12:50:44	1	0	1	0
           642	2024-09-12 12:50:57	1	0	15	0
           529	2024-09-12 12:51:01	1	0	1	0
           640	2024-09-12 12:51:05	1	0	1	0
           648	2024-09-12 12:51:12	1	0	1	0
           149	2024-09-12 12:51:23	1	0	1	0
           586	2024-09-12 12:51:28	1	0	1	0
           583	2024-09-12 12:51:39	1	0	1	0
           183	2024-09-12 12:52:32	1	0	1	0
           182	2024-09-12 12:52:37	1	0	1	0
            93	2024-09-12 12:52:46	1	0	1	0
           236	2024-09-12 12:53:15	1	0	1	0
           404	2024-09-12 12:53:26	1	0	1	0
           523	2024-09-12 12:55:17	1	0	1	0
           492	2024-09-12 12:55:23	1	0	1	0
           312	2024-09-12 12:55:45	1	0	1	0
           200	2024-09-12 12:55:54	1	0	1	0
           399	2024-09-12 12:57:38	1	0	1	0
           465	2024-09-12 12:58:08	1	0	1	0
           205	2024-09-12 12:58:42	1	0	1	0
           331	2024-09-12 12:59:25	1	0	1	0
           444	2024-09-12 12:59:50	1	0	1	0
           485	2024-09-12 13:00:05	1	0	1	0
           485	2024-09-12 13:59:07	1	0	1	0
           567	2024-09-12 14:09:52	1	0	1	0
           418	2024-09-12 14:31:20	1	0	1	0
           305	2024-09-12 14:38:04	1	0	1	0
           620	2024-09-12 15:04:44	1	0	1	0
           124	2024-09-12 16:03:52	1	0	15	0
           460	2024-09-12 16:12:54	1	0	1	0
            93	2024-09-12 16:27:26	1	0	1	0
           566	2024-09-12 17:00:04	1	0	1	0
           443	2024-09-12 17:00:08	1	0	1	0
           600	2024-09-12 17:00:12	1	0	1	0
           387	2024-09-12 17:00:18	1	0	15	0
           422	2024-09-12 17:00:25	1	0	1	0
           581	2024-09-12 17:00:31	1	0	1	0
           366	2024-09-12 17:00:37	1	0	1	0
           645	2024-09-12 17:00:43	1	0	1	0
           363	2024-09-12 17:00:49	1	0	1	0
           405	2024-09-12 17:00:54	1	0	1	0
           603	2024-09-12 17:00:58	1	0	1	0
           637	2024-09-12 17:01:05	1	0	1	0
           642	2024-09-12 17:01:11	1	0	15	0
           582	2024-09-12 17:01:18	1	0	1	0
            37	2024-09-12 17:01:25	1	0	1	0
           149	2024-09-12 17:01:32	1	0	1	0
           123	2024-09-12 17:01:40	1	0	1	0
           236	2024-09-12 17:01:59	1	0	1	0
           643	2024-09-12 17:02:11	1	0	15	0
           648	2024-09-12 17:02:18	1	0	1	0
           397	2024-09-12 17:02:23	1	0	1	0
           631	2024-09-12 17:02:27	1	0	1	0
           115	2024-09-12 17:02:35	1	0	1	0
            77	2024-09-12 17:02:42	1	0	1	0
           119	2024-09-12 17:02:57	1	0	15	0
           601	2024-09-12 17:03:26	1	0	1	0
           196	2024-09-12 17:03:44	1	0	1	0
           655	2024-09-12 17:03:55	1	0	1	0
           101	2024-09-12 17:04:15	1	0	1	0
           523	2024-09-12 17:04:28	1	0	1	0
           288	2024-09-12 17:05:37	1	0	1	0
           453	2024-09-12 17:06:01	1	0	1	0
           476	2024-09-12 17:06:52	1	0	1	0
           546	2024-09-12 17:07:18	1	0	1	0
           337	2024-09-12 17:07:24	1	0	1	0
           403	2024-09-12 17:07:30	1	0	1	0
           556	2024-09-12 17:08:41	1	0	1	0
           355	2024-09-12 17:08:50	1	0	1	0
           399	2024-09-12 17:08:57	1	0	1	0
           194	2024-09-12 17:09:15	1	0	1	0
            27	2024-09-12 17:10:07	1	0	15	0
           573	2024-09-12 17:11:35	1	0	1	0
           314	2024-09-12 17:11:39	1	0	1	0
           554	2024-09-12 17:11:42	1	0	1	0
            38	2024-09-12 17:11:52	1	0	1	0
           635	2024-09-12 17:11:59	1	0	1	0
           604	2024-09-12 17:13:07	1	0	1	0
           520	2024-09-12 17:13:22	1	0	1	0
           125	2024-09-12 17:13:30	1	0	1	0
           338	2024-09-12 17:13:39	1	0	1	0
           493	2024-09-12 17:15:00	1	0	1	0
           182	2024-09-12 17:15:19	1	0	1	0
           589	2024-09-12 17:16:36	1	0	1	0
           360	2024-09-12 17:19:43	1	0	1	0
           529	2024-09-12 17:21:46	1	0	1	0
           640	2024-09-12 17:22:18	1	0	1	0
           252	2024-09-12 17:22:58	1	0	15	0
           434	2024-09-12 17:24:31	1	0	1	0
            69	2024-09-12 17:25:23	1	0	1	0
           584	2024-09-12 17:28:33	1	0	1	0
           312	2024-09-12 17:29:50	1	0	1	0
            73	2024-09-12 17:30:14	1	0	1	0
           370	2024-09-12 17:30:57	1	0	15	0
           331	2024-09-12 17:35:42	1	0	1	0
            53	2024-09-12 17:36:22	1	0	1	0
           541	2024-09-12 17:37:39	1	0	1	0
           265	2024-09-12 17:41:28	1	0	1	0
           467	2024-09-12 17:45:14	1	0	1	0
           586	2024-09-12 17:45:22	1	0	1	0
            83	2024-09-12 17:54:39	1	0	1	0
           583	2024-09-12 17:56:20	1	0	1	0
            87	2024-09-12 18:03:45	1	0	1	0
           485	2024-09-12 18:05:06	1	0	1	0
           183	2024-09-12 18:07:34	1	0	1	0
           121	2024-09-12 18:08:14	1	0	1	0
           335	2024-09-12 18:08:38	1	0	1	0
           404	2024-09-12 18:10:24	1	0	1	0
           259	2024-09-12 18:12:54	1	0	15	0
           206	2024-09-12 18:19:59	1	0	1	0
           275	2024-09-12 18:20:06	1	0	1	0
           184	2024-09-12 18:25:40	1	0	1	0
           146	2024-09-12 18:25:47	1	0	15	0
           398	2024-09-12 18:43:34	1	0	1	0
           492	2024-09-12 19:25:10	1	0	1	0
           516	2024-09-12 19:25:16	1	0	1	0
           205	2024-09-12 19:25:39	1	0	1	0
            75	2024-09-12 19:26:24	1	0	1	0
           414	2024-09-12 19:26:59	1	0	1	0
           465	2024-09-12 19:27:04	1	0	1	0
           114	2024-09-12 19:29:20	1	0	1	0
           303	2024-09-12 19:39:52	1	0	1	0
           417	2024-09-12 20:00:36	1	0	15	0
           200	2024-09-12 20:31:07	1	0	1	0
           444	2024-09-12 20:31:16	1	0	1	0
           114	2024-09-12 22:21:28	1	0	1	0
            70	2024-09-12 22:52:03	1	0	1	0
           305	2024-09-12 23:02:44	1	0	1	0
           418	2024-09-12 23:03:29	1	0	1	0
           620	2024-09-13 05:21:31	1	0	1	0
           337	2024-09-13 06:01:04	1	0	1	0
           196	2024-09-13 06:33:58	1	0	1	0
           632	2024-09-13 06:34:18	1	0	1	0
           119	2024-09-13 06:34:25	1	0	15	0
           646	2024-09-13 06:37:32	1	0	1	0
           387	2024-09-13 06:37:45	1	0	15	0
           422	2024-09-13 06:40:15	1	0	1	0
           600	2024-09-13 06:44:01	1	0	1	0
           366	2024-09-13 06:47:42	1	0	1	0
           443	2024-09-13 06:49:02	1	0	1	0
           314	2024-09-13 06:50:28	1	0	1	0
           114	2024-09-13 06:58:55	1	0	1	0
           182	2024-09-13 06:59:09	1	0	1	0
            70	2024-09-13 07:00:08	1	0	1	0
           465	2024-09-13 07:00:37	1	0	1	0
            75	2024-09-13 07:00:50	1	0	1	0
           582	2024-09-13 07:01:23	1	0	1	0
           375	2024-09-13 07:02:07	1	0	1	0
           184	2024-09-13 07:03:46	1	0	1	0
           146	2024-09-13 07:04:02	1	0	15	0
           413	2024-09-13 07:05:45	1	0	1	0
           460	2024-09-13 07:05:56	1	0	1	0
            88	2024-09-13 07:06:21	1	0	15	0
           434	2024-09-13 07:06:50	1	0	1	0
           645	2024-09-13 07:07:12	1	0	1	0
           566	2024-09-13 07:10:32	1	0	1	0
           581	2024-09-13 07:12:02	1	0	1	0
           398	2024-09-13 07:13:14	1	0	1	0
           584	2024-09-13 07:13:22	1	0	1	0
           492	2024-09-13 07:14:29	1	0	1	0
           573	2024-09-13 07:15:31	1	0	1	0
           642	2024-09-13 07:17:33	1	0	1	0
           643	2024-09-13 07:18:07	1	0	1	0
           123	2024-09-13 07:18:25	1	0	1	0
           227	2024-09-13 07:20:10	1	0	15	0
           149	2024-09-13 07:21:21	1	0	1	0
           546	2024-09-13 07:22:04	1	0	1	0
            43	2024-09-13 07:22:24	1	0	1	0
            39	2024-09-13 07:22:37	1	0	1	0
           125	2024-09-13 07:23:10	1	0	1	0
           101	2024-09-13 07:23:59	1	0	1	0
           355	2024-09-13 07:25:05	1	0	1	0
           631	2024-09-13 07:26:21	1	0	1	0
            77	2024-09-13 07:27:58	1	0	1	0
           601	2024-09-13 07:30:52	1	0	1	0
           397	2024-09-13 07:32:38	1	0	1	0
           541	2024-09-13 07:33:27	1	0	1	0
           115	2024-09-13 07:34:01	1	0	1	0
           511	2024-09-13 07:35:30	1	0	1	0
           655	2024-09-13 07:36:15	1	0	15	0
            74	2024-09-13 07:39:12	1	0	1	0
           529	2024-09-13 07:39:30	1	0	1	0
           640	2024-09-13 07:39:58	1	0	1	0
           556	2024-09-13 07:40:03	1	0	1	0
           603	2024-09-13 07:40:23	1	0	1	0
           338	2024-09-13 07:41:57	1	0	1	0
           335	2024-09-13 07:43:44	1	0	1	0
            83	2024-09-13 07:44:11	1	0	1	0
            37	2024-09-13 07:44:34	1	0	1	0
           583	2024-09-13 07:47:25	1	0	1	0
           493	2024-09-13 07:49:41	1	0	1	0
            27	2024-09-13 07:49:48	1	0	15	0
           453	2024-09-13 07:49:57	1	0	1	0
           444	2024-09-13 07:50:06	1	0	1	0
           523	2024-09-13 07:50:34	1	0	1	0
           265	2024-09-13 07:50:44	1	0	1	0
           562	2024-09-13 07:50:56	1	0	1	0
           604	2024-09-13 07:51:29	1	0	1	0
            69	2024-09-13 07:52:00	1	0	1	0
           467	2024-09-13 07:52:33	1	0	1	0
           516	2024-09-13 07:52:44	1	0	1	0
           259	2024-09-13 07:52:51	1	0	15	0
           520	2024-09-13 07:52:58	1	0	1	0
           288	2024-09-13 07:53:03	1	0	1	0
           194	2024-09-13 07:53:09	1	0	1	0
           637	2024-09-13 07:53:34	1	0	1	0
           589	2024-09-13 07:54:08	1	0	1	0
           374	2024-09-13 07:54:24	1	0	1	0
           648	2024-09-13 07:57:15	1	0	1	0
           331	2024-09-13 07:57:19	1	0	1	0
            86	2024-09-13 07:57:23	1	0	1	0
           205	2024-09-13 07:57:46	1	0	1	0
           635	2024-09-13 07:58:18	1	0	1	0
           623	2024-09-13 07:58:31	1	0	1	0
           363	2024-09-13 07:58:48	1	0	1	0
           399	2024-09-13 07:59:06	1	0	1	0
            40	2024-09-13 08:00:09	1	0	1	0
           105	2024-09-13 08:00:30	1	0	1	0
           404	2024-09-13 08:00:33	1	0	1	0
           580	2024-09-13 08:01:15	1	0	1	0
            38	2024-09-13 08:01:29	1	0	1	0
            73	2024-09-13 08:01:35	1	0	1	0
           200	2024-09-13 08:01:41	1	0	1	0
           403	2024-09-13 08:03:02	1	0	1	0
           593	2024-09-13 08:03:08	1	0	1	0
           312	2024-09-13 08:04:04	1	0	1	0
           417	2024-09-13 08:06:47	1	0	15	0
           370	2024-09-13 08:08:00	1	0	15	0
           476	2024-09-13 08:09:04	1	0	1	0
           236	2024-09-13 08:10:00	1	0	1	0
            53	2024-09-13 08:10:50	1	0	1	0
           513	2024-09-13 08:13:37	1	0	1	0
           132	2024-09-13 08:20:12	1	0	1	0
           252	2024-09-13 08:20:45	1	0	15	0
            87	2024-09-13 08:33:29	1	0	1	0
           275	2024-09-13 08:56:34	1	0	1	0
           206	2024-09-13 08:56:53	1	0	1	0
           460	2024-09-13 11:05:45	1	0	1	0
           460	2024-09-13 11:27:55	1	0	1	0
           123	2024-09-13 11:30:08	1	0	1	0
           642	2024-09-13 11:30:16	1	0	1	0
           566	2024-09-13 11:30:23	1	0	1	0
           643	2024-09-13 11:31:08	1	0	15	0
           632	2024-09-13 11:31:15	1	0	1	0
           366	2024-09-13 11:31:32	1	0	1	0
           581	2024-09-13 11:31:38	1	0	1	0
           387	2024-09-13 11:31:52	1	0	15	0
           443	2024-09-13 11:32:21	1	0	15	0
           582	2024-09-13 11:32:53	1	0	1	0
           645	2024-09-13 11:33:24	1	0	1	0
           600	2024-09-13 11:33:37	1	0	1	0
           422	2024-09-13 11:33:44	1	0	1	0
           196	2024-09-13 11:34:01	1	0	1	0
           119	2024-09-13 11:35:46	1	0	15	0
           337	2024-09-13 11:49:28	1	0	1	0
           314	2024-09-13 11:49:34	1	0	1	0
           573	2024-09-13 11:51:58	1	0	1	0
           361	2024-09-13 11:55:11	1	0	1	0
           366	2024-09-13 11:55:35	1	0	1	0
           546	2024-09-13 11:56:03	1	0	1	0
           642	2024-09-13 11:57:05	1	0	1	0
           443	2024-09-13 11:59:13	1	0	1	0
           566	2024-09-13 12:00:03	1	0	1	0
           387	2024-09-13 12:00:15	1	0	15	0
           422	2024-09-13 12:00:22	1	0	1	0
           643	2024-09-13 12:00:30	1	0	15	0
           196	2024-09-13 12:00:45	1	0	1	0
           119	2024-09-13 12:00:56	1	0	15	0
           374	2024-09-13 12:01:08	1	0	1	0
           556	2024-09-13 12:01:13	1	0	1	0
           476	2024-09-13 12:01:20	1	0	1	0
            37	2024-09-13 12:01:36	1	0	1	0
            69	2024-09-13 12:01:51	1	0	1	0
           397	2024-09-13 12:01:55	1	0	1	0
           603	2024-09-13 12:02:03	1	0	1	0
            40	2024-09-13 12:02:10	1	0	1	0
           635	2024-09-13 12:02:23	1	0	1	0
           516	2024-09-13 12:02:32	1	0	1	0
           492	2024-09-13 12:02:40	1	0	1	0
            53	2024-09-13 12:02:59	1	0	1	0
           601	2024-09-13 12:03:15	1	0	1	0
           637	2024-09-13 12:03:20	1	0	1	0
           646	2024-09-13 12:03:42	1	0	1	0
           493	2024-09-13 12:03:58	1	0	1	0
            27	2024-09-13 12:04:04	1	0	15	0
           453	2024-09-13 12:04:13	1	0	1	0
           265	2024-09-13 12:04:20	1	0	1	0
            74	2024-09-13 12:04:27	1	0	1	0
            77	2024-09-13 12:04:31	1	0	1	0
           583	2024-09-13 12:04:46	1	0	1	0
           399	2024-09-13 12:05:45	1	0	1	0
           631	2024-09-13 12:05:51	1	0	1	0
           589	2024-09-13 12:06:03	1	0	1	0
            88	2024-09-13 12:06:16	1	0	1	0
           403	2024-09-13 12:07:07	1	0	1	0
            73	2024-09-13 12:07:26	1	0	1	0
            75	2024-09-13 12:07:38	1	0	1	0
           465	2024-09-13 12:07:45	1	0	1	0
           121	2024-09-13 12:07:49	1	0	1	0
           101	2024-09-13 12:07:55	1	0	1	0
           337	2024-09-13 12:08:03	1	0	1	0
           314	2024-09-13 12:08:09	1	0	1	0
           573	2024-09-13 12:08:13	1	0	1	0
           523	2024-09-13 12:08:18	1	0	1	0
           355	2024-09-13 12:08:29	1	0	1	0
            87	2024-09-13 12:08:35	1	0	1	0
           467	2024-09-13 12:08:41	1	0	1	0
           205	2024-09-13 12:09:00	1	0	1	0
           434	2024-09-13 12:09:06	1	0	1	0
           146	2024-09-13 12:09:15	1	0	15	0
           645	2024-09-13 12:09:23	1	0	1	0
            43	2024-09-13 12:09:52	1	0	1	0
           513	2024-09-13 12:09:58	1	0	1	0
           584	2024-09-13 12:10:21	1	0	1	0
           132	2024-09-13 12:10:24	1	0	1	0
           413	2024-09-13 12:10:35	1	0	4	0
           335	2024-09-13 12:10:43	1	0	1	0
            83	2024-09-13 12:10:51	1	0	1	0
           546	2024-09-13 12:11:27	1	0	1	0
            86	2024-09-13 12:11:42	1	0	1	0
            38	2024-09-13 12:12:03	1	0	1	0
           370	2024-09-13 12:12:16	1	0	15	0
           586	2024-09-13 12:12:31	1	0	1	0
           648	2024-09-13 12:12:37	1	0	1	0
           338	2024-09-13 12:13:39	1	0	1	0
           259	2024-09-13 12:14:40	1	0	1	0
           655	2024-09-13 12:15:54	1	0	1	0
           123	2024-09-13 12:16:26	1	0	1	0
           236	2024-09-13 12:17:10	1	0	1	0
           635	2024-09-13 12:17:34	1	0	1	0
           374	2024-09-13 12:17:52	1	0	1	0
            53	2024-09-13 12:18:08	1	0	1	0
            37	2024-09-13 12:18:27	1	0	1	0
           492	2024-09-13 12:19:09	1	0	1	0
           529	2024-09-13 12:20:54	1	0	1	0
           404	2024-09-13 12:20:59	1	0	1	0
           194	2024-09-13 12:21:08	1	0	15	0
           640	2024-09-13 12:21:12	1	0	1	0
           516	2024-09-13 12:21:40	1	0	1	0
           604	2024-09-13 12:21:50	1	0	1	0
           125	2024-09-13 12:21:54	1	0	1	0
           520	2024-09-13 12:21:57	1	0	1	0
           265	2024-09-13 12:22:23	1	0	1	0
            77	2024-09-13 12:22:42	1	0	1	0
            74	2024-09-13 12:23:18	1	0	1	0
           275	2024-09-13 12:23:24	1	0	1	0
           184	2024-09-13 12:24:17	1	0	1	0
           603	2024-09-13 12:24:22	1	0	1	0
           182	2024-09-13 12:24:29	1	0	1	0
           541	2024-09-13 12:24:53	1	0	1	0
           631	2024-09-13 12:24:59	1	0	1	0
           637	2024-09-13 12:25:10	1	0	1	0
           434	2024-09-13 12:26:33	1	0	1	0
           583	2024-09-13 12:26:41	1	0	1	0
           556	2024-09-13 12:27:01	1	0	1	0
           205	2024-09-13 12:27:11	1	0	1	0
           149	2024-09-13 12:27:42	1	0	1	0
           413	2024-09-13 12:27:50	1	0	4	0
            75	2024-09-13 12:27:57	1	0	1	0
           101	2024-09-13 12:28:21	1	0	1	0
            39	2024-09-13 12:28:29	1	0	1	0
           206	2024-09-13 12:28:42	1	0	1	0
            69	2024-09-13 12:30:28	1	0	1	0
           584	2024-09-13 12:31:01	1	0	1	0
           655	2024-09-13 12:31:08	1	0	1	0
           513	2024-09-13 12:31:14	1	0	1	0
           465	2024-09-13 12:31:19	1	0	1	0
           589	2024-09-13 12:31:34	1	0	1	0
           121	2024-09-13 12:31:38	1	0	1	0
            38	2024-09-13 12:31:47	1	0	1	0
           331	2024-09-13 12:32:35	1	0	1	0
            73	2024-09-13 12:34:03	1	0	1	0
           146	2024-09-13 12:34:32	1	0	15	0
           444	2024-09-13 12:35:00	1	0	1	0
            88	2024-09-13 12:36:08	1	0	1	0
            27	2024-09-13 12:36:38	1	0	15	0
           453	2024-09-13 12:36:47	1	0	1	0
           105	2024-09-13 12:36:51	1	0	1	0
           403	2024-09-13 12:37:06	1	0	1	0
           493	2024-09-13 12:37:48	1	0	1	0
           601	2024-09-13 12:38:26	1	0	1	0
           375	2024-09-13 12:38:59	1	0	1	0
           363	2024-09-13 12:39:10	1	0	1	0
           417	2024-09-13 12:39:20	1	0	15	0
           335	2024-09-13 12:39:39	1	0	1	0
            83	2024-09-13 12:39:49	1	0	1	0
           184	2024-09-13 12:39:57	1	0	1	0
           200	2024-09-13 12:42:09	1	0	1	0
           194	2024-09-13 12:42:19	1	0	1	0
           370	2024-09-13 12:42:51	1	0	15	0
            87	2024-09-13 12:43:05	1	0	1	0
           259	2024-09-13 12:43:10	1	0	15	0
           586	2024-09-13 12:43:33	1	0	1	0
           648	2024-09-13 12:43:39	1	0	1	0
            40	2024-09-13 12:43:53	1	0	1	0
           206	2024-09-13 12:44:01	1	0	1	0
           504	2024-09-13 12:44:25	1	0	1	0
           182	2024-09-13 12:46:12	1	0	1	0
           397	2024-09-13 12:46:17	1	0	1	0
           476	2024-09-13 12:46:23	1	0	1	0
           149	2024-09-13 12:47:18	1	0	1	0
           236	2024-09-13 12:47:31	1	0	1	0
           331	2024-09-13 12:48:57	1	0	1	0
           355	2024-09-13 12:49:04	1	0	1	0
           467	2024-09-13 12:49:17	1	0	1	0
           529	2024-09-13 12:49:35	1	0	1	0
           604	2024-09-13 12:49:46	1	0	1	0
           125	2024-09-13 12:49:53	1	0	1	0
           520	2024-09-13 12:49:56	1	0	1	0
           541	2024-09-13 12:51:28	1	0	1	0
            86	2024-09-13 12:51:47	1	0	1	0
           275	2024-09-13 12:52:56	1	0	1	0
           375	2024-09-13 12:54:06	1	0	1	0
           417	2024-09-13 12:54:39	1	0	15	0
            43	2024-09-13 12:54:57	1	0	1	0
           363	2024-09-13 12:55:14	1	0	1	0
           444	2024-09-13 12:57:20	1	0	1	0
           640	2024-09-13 12:57:25	1	0	1	0
           105	2024-09-13 13:00:49	1	0	1	0
           132	2024-09-13 13:03:03	1	0	1	0
           399	2024-09-13 13:08:25	1	0	1	0
           567	2024-09-13 13:50:13	1	0	1	0
           620	2024-09-13 14:01:12	1	0	1	0
           418	2024-09-13 14:09:59	1	0	1	0
           182	2024-09-13 16:04:53	1	0	1	0
           460	2024-09-13 16:11:59	1	0	1	0
           413	2024-09-13 16:37:06	1	0	1	0
            88	2024-09-13 16:38:30	1	0	1	0
            55	2024-09-13 16:46:55	1	0	1	0
           581	2024-09-13 17:00:03	1	0	1	0
           366	2024-09-13 17:00:09	1	0	1	0
           443	2024-09-13 17:00:15	1	0	1	0
           387	2024-09-13 17:00:21	1	0	15	0
           363	2024-09-13 17:00:28	1	0	1	0
           417	2024-09-13 17:00:38	1	0	15	0
           422	2024-09-13 17:00:44	1	0	1	0
           566	2024-09-13 17:00:48	1	0	1	0
           562	2024-09-13 17:00:52	1	0	1	0
           556	2024-09-13 17:00:56	1	0	1	0
           115	2024-09-13 17:01:02	1	0	1	0
            53	2024-09-13 17:01:08	1	0	1	0
           397	2024-09-13 17:01:13	1	0	1	0
           434	2024-09-13 17:01:32	1	0	1	0
           646	2024-09-13 17:01:40	1	0	1	0
           582	2024-09-13 17:01:47	1	0	1	0
           642	2024-09-13 17:01:53	1	0	1	0
           645	2024-09-13 17:01:58	1	0	1	0
            74	2024-09-13 17:02:09	1	0	1	0
           123	2024-09-13 17:02:14	1	0	1	0
           259	2024-09-13 17:02:19	1	0	15	0
            86	2024-09-13 17:02:24	1	0	1	0
           643	2024-09-13 17:02:32	1	0	1	0
           631	2024-09-13 17:03:35	1	0	1	0
           399	2024-09-13 17:04:14	1	0	1	0
           601	2024-09-13 17:04:52	1	0	1	0
           467	2024-09-13 17:04:59	1	0	1	0
           603	2024-09-13 17:05:17	1	0	1	0
           403	2024-09-13 17:05:22	1	0	1	0
           637	2024-09-13 17:06:06	1	0	1	0
           546	2024-09-13 17:06:31	1	0	1	0
           337	2024-09-13 17:06:37	1	0	1	0
           583	2024-09-13 17:06:43	1	0	1	0
           196	2024-09-13 17:07:58	1	0	1	0
           227	2024-09-13 17:08:03	1	0	15	0
           265	2024-09-13 17:08:14	1	0	1	0
           648	2024-09-13 17:08:22	1	0	1	0
           335	2024-09-13 17:08:28	1	0	1	0
            75	2024-09-13 17:08:42	1	0	1	0
           236	2024-09-13 17:08:56	1	0	1	0
           655	2024-09-13 17:09:03	1	0	1	0
            83	2024-09-13 17:09:11	1	0	1	0
            38	2024-09-13 17:09:20	1	0	1	0
           149	2024-09-13 17:10:08	1	0	1	0
           101	2024-09-13 17:10:21	1	0	1	0
            77	2024-09-13 17:11:53	1	0	1	0
           370	2024-09-13 17:12:18	1	0	15	0
           252	2024-09-13 17:13:02	1	0	15	0
           374	2024-09-13 17:13:21	1	0	1	0
            27	2024-09-13 17:14:05	1	0	15	0
           453	2024-09-13 17:14:13	1	0	1	0
           331	2024-09-13 17:14:20	1	0	1	0
           119	2024-09-13 17:14:37	1	0	15	0
           604	2024-09-13 17:14:45	1	0	1	0
           125	2024-09-13 17:14:51	1	0	1	0
           520	2024-09-13 17:14:56	1	0	1	0
           573	2024-09-13 17:15:44	1	0	1	0
           640	2024-09-13 17:16:40	1	0	1	0
           589	2024-09-13 17:16:46	1	0	1	0
           635	2024-09-13 17:16:54	1	0	1	0
           105	2024-09-13 17:20:35	1	0	1	0
           132	2024-09-13 17:20:42	1	0	1	0
           513	2024-09-13 17:20:49	1	0	1	0
           338	2024-09-13 17:20:53	1	0	1	0
            73	2024-09-13 17:21:06	1	0	1	0
           584	2024-09-13 17:21:58	1	0	1	0
           580	2024-09-13 17:24:30	1	0	1	0
           121	2024-09-13 17:25:03	1	0	1	0
           375	2024-09-13 17:25:24	1	0	1	0
           529	2024-09-13 17:26:45	1	0	1	0
           516	2024-09-13 17:27:19	1	0	1	0
            69	2024-09-13 17:28:13	1	0	1	0
           355	2024-09-13 17:30:19	1	0	15	0
           312	2024-09-13 17:35:57	1	0	1	0
           114	2024-09-13 17:38:24	1	0	1	0
           476	2024-09-13 17:45:35	1	0	1	0
            87	2024-09-13 18:06:46	1	0	1	0
           205	2024-09-13 18:12:25	1	0	1	0
           444	2024-09-13 18:17:07	1	0	1	0
            39	2024-09-13 18:19:33	1	0	1	0
            43	2024-09-13 18:19:53	1	0	1	0
           465	2024-09-13 18:22:15	1	0	1	0
           623	2024-09-13 18:30:44	1	0	1	0
           586	2024-09-13 18:37:55	1	0	1	0
           314	2024-09-13 18:41:18	1	0	1	0
           146	2024-09-13 19:16:34	1	0	15	0
           184	2024-09-13 19:16:38	1	0	1	0
           541	2024-09-13 19:25:30	1	0	1	0
           200	2024-09-13 20:23:54	1	0	1	0
           361	2024-09-13 20:33:37	1	0	1	0
            70	2024-09-13 21:00:20	1	0	1	0
           493	2024-09-13 21:22:14	1	0	1	0
           593	2024-09-13 21:26:57	1	0	1	0
            40	2024-09-13 21:39:06	1	0	1	0
           567	2024-09-13 22:02:00	1	0	1	0
           288	2024-09-13 22:04:27	1	0	1	0
           418	2024-09-13 22:16:00	1	0	1	0
           398	2024-09-14 00:02:04	1	0	1	0
           305	2024-09-14 05:43:47	1	0	1	0
           620	2024-09-14 06:03:18	1	0	1	0
            70	2024-09-14 07:02:45	1	0	15	0
            40	2024-09-14 07:11:31	1	0	1	0
           485	2024-09-14 07:42:23	1	0	1	0
            86	2024-09-14 09:11:05	1	0	1	0
           485	2024-09-14 12:03:33	1	0	1	0
           417	2024-09-14 12:07:54	1	0	15	0
            86	2024-09-14 12:22:36	1	0	1	0
           485	2024-09-14 12:24:37	1	0	1	0
            40	2024-09-14 12:51:11	1	0	1	0
           417	2024-09-14 12:55:52	1	0	1	0
            40	2024-09-14 13:22:29	1	0	1	0
           305	2024-09-14 14:02:02	1	0	1	0
           620	2024-09-14 15:09:28	1	0	1	0
           485	2024-09-14 16:01:25	1	0	1	0
            70	2024-09-14 16:02:16	1	0	1	0
           417	2024-09-14 17:01:55	1	0	1	0
           418	2024-09-14 21:35:39	1	0	1	0
           567	2024-09-14 21:48:58	1	0	1	0
            70	2024-09-14 22:03:21	1	0	1	0
           567	2024-09-15 06:00:19	1	0	1	0
           620	2024-09-15 06:03:33	1	0	1	0
           418	2024-09-15 06:21:24	1	0	1	0
           567	2024-09-15 13:33:37	1	0	1	0
           305	2024-09-15 14:42:58	1	0	1	0
           620	2024-09-15 15:04:03	1	0	1	0
           418	2024-09-15 21:35:58	1	0	1	0
           567	2024-09-15 22:00:29	1	0	1	0
           305	2024-09-15 23:01:37	1	0	1	0
           620	2024-09-16 05:30:44	1	0	1	0
            70	2024-09-16 06:09:19	1	0	1	0
           337	2024-09-16 06:14:18	1	0	15	0
           646	2024-09-16 06:18:41	1	0	1	0
           196	2024-09-16 06:27:17	1	0	1	0
           632	2024-09-16 06:27:24	1	0	1	0
           119	2024-09-16 06:27:31	1	0	15	0
           387	2024-09-16 06:29:17	1	0	15	0
            37	2024-09-16 06:36:02	1	0	1	0
            88	2024-09-16 06:43:19	1	0	15	0
           422	2024-09-16 06:43:50	1	0	1	0
           645	2024-09-16 06:48:02	1	0	15	0
            43	2024-09-16 06:51:49	1	0	1	0
           227	2024-09-16 06:53:33	1	0	15	0
           443	2024-09-16 06:53:41	1	0	1	0
           413	2024-09-16 06:55:17	1	0	1	0
           184	2024-09-16 06:56:23	1	0	1	0
           146	2024-09-16 06:56:30	1	0	15	0
           582	2024-09-16 06:57:34	1	0	1	0
           252	2024-09-16 06:59:02	1	0	15	0
           566	2024-09-16 07:01:03	1	0	1	0
           418	2024-09-16 07:03:57	1	0	1	0
            93	2024-09-16 07:04:56	1	0	1	0
           149	2024-09-16 07:06:33	1	0	1	0
           366	2024-09-16 07:07:27	1	0	1	0
           398	2024-09-16 07:07:35	1	0	1	0
           460	2024-09-16 07:10:00	1	0	1	0
           546	2024-09-16 07:10:24	1	0	1	0
           581	2024-09-16 07:11:10	1	0	1	0
           101	2024-09-16 07:15:19	1	0	1	0
           465	2024-09-16 07:16:28	1	0	1	0
           115	2024-09-16 07:16:42	1	0	1	0
            75	2024-09-16 07:16:49	1	0	1	0
           643	2024-09-16 07:18:15	1	0	15	0
           631	2024-09-16 07:18:23	1	0	1	0
           642	2024-09-16 07:18:38	1	0	1	0
           573	2024-09-16 07:20:00	1	0	1	0
           114	2024-09-16 07:20:24	1	0	1	0
           360	2024-09-16 07:21:14	1	0	1	0
           314	2024-09-16 07:21:56	1	0	1	0
            77	2024-09-16 07:22:39	1	0	1	0
           434	2024-09-16 07:23:40	1	0	1	0
           123	2024-09-16 07:25:23	1	0	1	0
           125	2024-09-16 07:30:05	1	0	1	0
           554	2024-09-16 07:30:09	1	0	1	0
           205	2024-09-16 07:31:20	1	0	1	0
            39	2024-09-16 07:31:45	1	0	1	0
            74	2024-09-16 07:31:53	1	0	1	0
           492	2024-09-16 07:32:04	1	0	1	0
           355	2024-09-16 07:35:05	1	0	1	0
           397	2024-09-16 07:35:47	1	0	1	0
           623	2024-09-16 07:36:09	1	0	1	0
           485	2024-09-16 07:38:52	1	0	1	0
           635	2024-09-16 07:39:45	1	0	1	0
           640	2024-09-16 07:40:56	1	0	1	0
           183	2024-09-16 07:42:06	1	0	1	0
           541	2024-09-16 07:43:07	1	0	1	0
           338	2024-09-16 07:43:15	1	0	1	0
            55	2024-09-16 07:44:06	1	0	1	0
            83	2024-09-16 07:45:53	1	0	1	0
           589	2024-09-16 07:45:58	1	0	1	0
           575	2024-09-16 07:46:48	1	0	1	0
            86	2024-09-16 07:47:19	1	0	1	0
           303	2024-09-16 07:47:31	1	0	1	0
           601	2024-09-16 07:47:42	1	0	1	0
           556	2024-09-16 07:48:21	1	0	1	0
            69	2024-09-16 07:48:49	1	0	1	0
           603	2024-09-16 07:49:22	1	0	1	0
           444	2024-09-16 07:49:27	1	0	1	0
           502	2024-09-16 07:49:32	1	0	1	0
           132	2024-09-16 07:49:40	1	0	1	0
           655	2024-09-16 07:49:47	1	0	1	0
           236	2024-09-16 07:50:41	1	0	1	0
           584	2024-09-16 07:50:46	1	0	1	0
           399	2024-09-16 07:52:56	1	0	1	0
           403	2024-09-16 07:53:03	1	0	1	0
           529	2024-09-16 07:53:08	1	0	1	0
            40	2024-09-16 07:53:32	1	0	1	0
           361	2024-09-16 07:53:50	1	0	1	0
           265	2024-09-16 07:53:53	1	0	1	0
            38	2024-09-16 07:54:17	1	0	1	0
            73	2024-09-16 07:54:25	1	0	1	0
           476	2024-09-16 07:54:44	1	0	1	0
           523	2024-09-16 07:55:11	1	0	1	0
           374	2024-09-16 07:55:15	1	0	1	0
           259	2024-09-16 07:55:22	1	0	15	0
           312	2024-09-16 07:55:28	1	0	1	0
           583	2024-09-16 07:55:32	1	0	1	0
           370	2024-09-16 07:55:48	1	0	15	0
           511	2024-09-16 07:55:53	1	0	1	0
           331	2024-09-16 07:56:25	1	0	1	0
           637	2024-09-16 07:56:31	1	0	1	0
           593	2024-09-16 07:57:00	1	0	1	0
           275	2024-09-16 07:57:22	1	0	1	0
           206	2024-09-16 07:57:25	1	0	1	0
           604	2024-09-16 07:58:00	1	0	1	0
           493	2024-09-16 07:58:06	1	0	1	0
            87	2024-09-16 07:58:19	1	0	1	0
           467	2024-09-16 07:59:16	1	0	1	0
           417	2024-09-16 07:59:24	1	0	15	0
            53	2024-09-16 07:59:35	1	0	1	0
           404	2024-09-16 08:00:25	1	0	1	0
           105	2024-09-16 08:00:28	1	0	1	0
           194	2024-09-16 08:01:33	1	0	1	0
           288	2024-09-16 08:01:39	1	0	1	0
           580	2024-09-16 08:03:35	1	0	1	0
           335	2024-09-16 08:04:21	1	0	1	0
           586	2024-09-16 08:06:38	1	0	1	0
           200	2024-09-16 08:13:22	1	0	1	0
           520	2024-09-16 08:27:22	1	0	1	0
           516	2024-09-16 08:30:53	1	0	1	0
           513	2024-09-16 08:33:19	1	0	1	0
           460	2024-09-16 11:08:54	1	0	1	0
           123	2024-09-16 11:30:12	1	0	1	0
           642	2024-09-16 11:30:23	1	0	1	0
           566	2024-09-16 11:30:30	1	0	1	0
           366	2024-09-16 11:31:11	1	0	1	0
           422	2024-09-16 11:31:42	1	0	1	0
           387	2024-09-16 11:32:07	1	0	15	0
           646	2024-09-16 11:32:15	1	0	1	0
           632	2024-09-16 11:33:01	1	0	1	0
           645	2024-09-16 11:33:07	1	0	1	0
           582	2024-09-16 11:33:16	1	0	1	0
           581	2024-09-16 11:33:42	1	0	15	0
           443	2024-09-16 11:34:24	1	0	1	0
           360	2024-09-16 11:35:18	1	0	1	0
           119	2024-09-16 11:35:36	1	0	15	0
           643	2024-09-16 11:36:26	1	0	15	0
           460	2024-09-16 11:37:07	1	0	1	0
           363	2024-09-16 11:47:52	1	0	1	0
           573	2024-09-16 11:49:19	1	0	1	0
           337	2024-09-16 11:51:48	1	0	15	0
           115	2024-09-16 11:51:54	1	0	1	0
           546	2024-09-16 11:52:04	1	0	1	0
           314	2024-09-16 11:52:12	1	0	1	0
           366	2024-09-16 11:58:43	1	0	1	0
           581	2024-09-16 11:59:02	1	0	1	0
           642	2024-09-16 11:59:10	1	0	1	0
           387	2024-09-16 12:00:30	1	0	15	0
           601	2024-09-16 12:00:35	1	0	1	0
           422	2024-09-16 12:00:43	1	0	1	0
           184	2024-09-16 12:00:48	1	0	1	0
           265	2024-09-16 12:01:07	1	0	1	0
            77	2024-09-16 12:01:12	1	0	1	0
           511	2024-09-16 12:01:17	1	0	1	0
           374	2024-09-16 12:01:21	1	0	1	0
            37	2024-09-16 12:01:27	1	0	1	0
           580	2024-09-16 12:01:33	1	0	1	0
           259	2024-09-16 12:01:54	1	0	15	0
            93	2024-09-16 12:02:00	1	0	1	0
            88	2024-09-16 12:02:27	1	0	1	0
           582	2024-09-16 12:02:33	1	0	1	0
           443	2024-09-16 12:02:47	1	0	1	0
           631	2024-09-16 12:02:53	1	0	1	0
           520	2024-09-16 12:02:57	1	0	1	0
           604	2024-09-16 12:03:07	1	0	1	0
           125	2024-09-16 12:03:15	1	0	1	0
           635	2024-09-16 12:03:19	1	0	1	0
           413	2024-09-16 12:03:23	1	0	1	0
            55	2024-09-16 12:03:43	1	0	1	0
            87	2024-09-16 12:03:49	1	0	1	0
           119	2024-09-16 12:04:02	1	0	15	0
           123	2024-09-16 12:04:10	1	0	1	0
           370	2024-09-16 12:04:20	1	0	15	0
           556	2024-09-16 12:04:25	1	0	1	0
           541	2024-09-16 12:04:29	1	0	1	0
           132	2024-09-16 12:04:40	1	0	1	0
           493	2024-09-16 12:04:45	1	0	1	0
           645	2024-09-16 12:04:52	1	0	1	0
           646	2024-09-16 12:05:00	1	0	1	0
           476	2024-09-16 12:05:07	1	0	1	0
           275	2024-09-16 12:05:21	1	0	1	0
           206	2024-09-16 12:05:30	1	0	1	0
           403	2024-09-16 12:05:45	1	0	1	0
           589	2024-09-16 12:06:00	1	0	1	0
           397	2024-09-16 12:06:28	1	0	1	0
           603	2024-09-16 12:06:35	1	0	1	0
           183	2024-09-16 12:06:42	1	0	1	0
            69	2024-09-16 12:06:49	1	0	1	0
           337	2024-09-16 12:07:09	1	0	15	0
           288	2024-09-16 12:07:14	1	0	1	0
           314	2024-09-16 12:07:26	1	0	1	0
           623	2024-09-16 12:07:30	1	0	1	0
           546	2024-09-16 12:07:36	1	0	1	0
           115	2024-09-16 12:07:49	1	0	1	0
           575	2024-09-16 12:07:58	1	0	1	0
           586	2024-09-16 12:08:02	1	0	1	0
           404	2024-09-16 12:08:08	1	0	1	0
           236	2024-09-16 12:08:15	1	0	1	0
            83	2024-09-16 12:08:27	1	0	1	0
           573	2024-09-16 12:09:26	1	0	1	0
           467	2024-09-16 12:09:30	1	0	1	0
           414	2024-09-16 12:09:37	1	0	1	0
           361	2024-09-16 12:09:56	1	0	1	0
           417	2024-09-16 12:10:06	1	0	1	0
            53	2024-09-16 12:10:36	1	0	1	0
           355	2024-09-16 12:11:02	1	0	1	0
           523	2024-09-16 12:11:06	1	0	1	0
           655	2024-09-16 12:11:21	1	0	1	0
           465	2024-09-16 12:11:26	1	0	1	0
           399	2024-09-16 12:11:37	1	0	1	0
           331	2024-09-16 12:12:06	1	0	1	0
           637	2024-09-16 12:12:22	1	0	1	0
           502	2024-09-16 12:12:49	1	0	1	0
            75	2024-09-16 12:13:05	1	0	1	0
           566	2024-09-16 12:14:06	1	0	1	0
           643	2024-09-16 12:14:16	1	0	15	0
            38	2024-09-16 12:14:36	1	0	1	0
            39	2024-09-16 12:15:52	1	0	1	0
           593	2024-09-16 12:16:06	1	0	1	0
           513	2024-09-16 12:16:13	1	0	1	0
            74	2024-09-16 12:16:47	1	0	1	0
            73	2024-09-16 12:16:59	1	0	1	0
           562	2024-09-16 12:17:04	1	0	1	0
           265	2024-09-16 12:17:21	1	0	1	0
           114	2024-09-16 12:17:24	1	0	1	0
            37	2024-09-16 12:17:39	1	0	1	0
            77	2024-09-16 12:17:44	1	0	1	0
           604	2024-09-16 12:18:09	1	0	1	0
           434	2024-09-16 12:18:17	1	0	1	0
           520	2024-09-16 12:18:23	1	0	1	0
           121	2024-09-16 12:18:27	1	0	1	0
           125	2024-09-16 12:18:36	1	0	1	0
           374	2024-09-16 12:18:40	1	0	1	0
           205	2024-09-16 12:18:49	1	0	1	0
           584	2024-09-16 12:18:58	1	0	1	0
           303	2024-09-16 12:19:13	1	0	1	0
           413	2024-09-16 12:19:50	1	0	1	0
           101	2024-09-16 12:20:53	1	0	1	0
            55	2024-09-16 12:21:28	1	0	1	0
           492	2024-09-16 12:22:05	1	0	1	0
           194	2024-09-16 12:22:15	1	0	1	0
           516	2024-09-16 12:22:21	1	0	1	0
           288	2024-09-16 12:22:45	1	0	1	0
           335	2024-09-16 12:23:45	1	0	1	0
            43	2024-09-16 12:24:13	1	0	1	0
           414	2024-09-16 12:25:35	1	0	1	0
            53	2024-09-16 12:25:49	1	0	1	0
           200	2024-09-16 12:26:20	1	0	1	0
           467	2024-09-16 12:26:37	1	0	1	0
           556	2024-09-16 12:26:45	1	0	1	0
           146	2024-09-16 12:27:02	1	0	15	0
           635	2024-09-16 12:28:44	1	0	1	0
            40	2024-09-16 12:28:54	1	0	1	0
            86	2024-09-16 12:29:45	1	0	1	0
           575	2024-09-16 12:29:51	1	0	1	0
           655	2024-09-16 12:30:19	1	0	1	0
           631	2024-09-16 12:30:29	1	0	1	0
           252	2024-09-16 12:30:42	1	0	15	0
           465	2024-09-16 12:30:55	1	0	1	0
           502	2024-09-16 12:30:59	1	0	1	0
           583	2024-09-16 12:32:03	1	0	1	0
            38	2024-09-16 12:33:07	1	0	1	0
           562	2024-09-16 12:33:12	1	0	1	0
            75	2024-09-16 12:34:44	1	0	1	0
            87	2024-09-16 12:34:50	1	0	1	0
           529	2024-09-16 12:35:25	1	0	1	0
           640	2024-09-16 12:35:29	1	0	1	0
            74	2024-09-16 12:35:36	1	0	1	0
           183	2024-09-16 12:35:44	1	0	1	0
           513	2024-09-16 12:35:51	1	0	1	0
            88	2024-09-16 12:36:18	1	0	1	0
           370	2024-09-16 12:36:30	1	0	15	0
           493	2024-09-16 12:36:57	1	0	1	0
           399	2024-09-16 12:37:06	1	0	1	0
           397	2024-09-16 12:37:09	1	0	1	0
           603	2024-09-16 12:37:17	1	0	1	0
           149	2024-09-16 12:37:24	1	0	1	0
           121	2024-09-16 12:37:50	1	0	1	0
           589	2024-09-16 12:38:01	1	0	1	0
            69	2024-09-16 12:38:11	1	0	1	0
           101	2024-09-16 12:38:20	1	0	1	0
           259	2024-09-16 12:38:32	1	0	15	0
            73	2024-09-16 12:38:40	1	0	1	0
           434	2024-09-16 12:39:03	1	0	1	0
           331	2024-09-16 12:40:21	1	0	1	0
           403	2024-09-16 12:41:21	1	0	1	0
           476	2024-09-16 12:41:42	1	0	1	0
           205	2024-09-16 12:41:57	1	0	1	0
           361	2024-09-16 12:43:11	1	0	1	0
           417	2024-09-16 12:43:17	1	0	15	0
           146	2024-09-16 12:43:50	1	0	15	0
           444	2024-09-16 12:44:15	1	0	1	0
            43	2024-09-16 12:44:24	1	0	1	0
           312	2024-09-16 12:45:41	1	0	1	0
            93	2024-09-16 12:46:23	1	0	1	0
           586	2024-09-16 12:46:36	1	0	1	0
           105	2024-09-16 12:47:29	1	0	1	0
           523	2024-09-16 12:47:44	1	0	1	0
           355	2024-09-16 12:47:51	1	0	1	0
           583	2024-09-16 12:48:31	1	0	1	0
           303	2024-09-16 12:48:39	1	0	1	0
            39	2024-09-16 12:49:13	1	0	1	0
           601	2024-09-16 12:49:27	1	0	1	0
           275	2024-09-16 12:49:51	1	0	1	0
           206	2024-09-16 12:49:56	1	0	1	0
           335	2024-09-16 12:50:17	1	0	1	0
           492	2024-09-16 12:50:21	1	0	1	0
            83	2024-09-16 12:50:26	1	0	1	0
           516	2024-09-16 12:50:32	1	0	1	0
           114	2024-09-16 12:51:40	1	0	1	0
           637	2024-09-16 12:51:47	1	0	1	0
           593	2024-09-16 12:52:37	1	0	1	0
           623	2024-09-16 12:52:42	1	0	1	0
           149	2024-09-16 12:53:05	1	0	1	0
           132	2024-09-16 12:53:49	1	0	1	0
           236	2024-09-16 12:53:58	1	0	1	0
           200	2024-09-16 12:54:23	1	0	1	0
           511	2024-09-16 12:54:30	1	0	1	0
           184	2024-09-16 12:54:46	1	0	1	0
           580	2024-09-16 12:56:59	1	0	1	0
           640	2024-09-16 12:57:06	1	0	1	0
           529	2024-09-16 12:57:33	1	0	1	0
           252	2024-09-16 12:58:50	1	0	15	0
           541	2024-09-16 12:59:25	1	0	1	0
           404	2024-09-16 12:59:29	1	0	1	0
           194	2024-09-16 12:59:31	1	0	1	0
           444	2024-09-16 13:00:05	1	0	1	0
            40	2024-09-16 13:02:31	1	0	1	0
           485	2024-09-16 13:04:04	1	0	1	0
           485	2024-09-16 13:58:52	1	0	1	0
           620	2024-09-16 14:07:52	1	0	1	0
           567	2024-09-16 14:41:37	1	0	1	0
            70	2024-09-16 15:04:24	1	0	1	0
           413	2024-09-16 16:07:04	1	0	1	0
            93	2024-09-16 16:14:33	1	0	1	0
            88	2024-09-16 16:25:19	1	0	1	0
           460	2024-09-16 16:40:01	1	0	1	0
           399	2024-09-16 17:00:07	1	0	1	0
            53	2024-09-16 17:00:16	1	0	1	0
           566	2024-09-16 17:00:22	1	0	1	0
           331	2024-09-16 17:00:26	1	0	1	0
           184	2024-09-16 17:00:31	1	0	1	0
           637	2024-09-16 17:00:34	1	0	1	0
           387	2024-09-16 17:00:41	1	0	15	0
           422	2024-09-16 17:00:48	1	0	1	0
           645	2024-09-16 17:00:59	1	0	1	0
           581	2024-09-16 17:01:05	1	0	1	0
            37	2024-09-16 17:01:22	1	0	1	0
           132	2024-09-16 17:01:30	1	0	1	0
           642	2024-09-16 17:01:37	1	0	1	0
           582	2024-09-16 17:01:44	1	0	1	0
           443	2024-09-16 17:01:53	1	0	1	0
           123	2024-09-16 17:01:59	1	0	1	0
           589	2024-09-16 17:02:07	1	0	1	0
            38	2024-09-16 17:02:14	1	0	1	0
           646	2024-09-16 17:02:25	1	0	1	0
           115	2024-09-16 17:02:32	1	0	1	0
           374	2024-09-16 17:02:37	1	0	1	0
           601	2024-09-16 17:02:40	1	0	1	0
           366	2024-09-16 17:02:45	1	0	1	0
           603	2024-09-16 17:02:55	1	0	1	0
            77	2024-09-16 17:03:00	1	0	1	0
           643	2024-09-16 17:03:06	1	0	15	0
           121	2024-09-16 17:03:15	1	0	1	0
           631	2024-09-16 17:03:21	1	0	1	0
           146	2024-09-16 17:03:58	1	0	15	0
           556	2024-09-16 17:04:11	1	0	1	0
           397	2024-09-16 17:04:17	1	0	1	0
           370	2024-09-16 17:05:05	1	0	15	0
           623	2024-09-16 17:05:13	1	0	1	0
           562	2024-09-16 17:05:17	1	0	1	0
           403	2024-09-16 17:05:58	1	0	1	0
           149	2024-09-16 17:06:11	1	0	1	0
           288	2024-09-16 17:06:37	1	0	1	0
           194	2024-09-16 17:06:55	1	0	1	0
            73	2024-09-16 17:09:21	1	0	1	0
           337	2024-09-16 17:09:43	1	0	1	0
           546	2024-09-16 17:09:48	1	0	1	0
           655	2024-09-16 17:10:05	1	0	1	0
            86	2024-09-16 17:10:11	1	0	1	0
           303	2024-09-16 17:10:17	1	0	1	0
           417	2024-09-16 17:10:23	1	0	1	0
           523	2024-09-16 17:11:08	1	0	1	0
           119	2024-09-16 17:11:18	1	0	15	0
            74	2024-09-16 17:11:29	1	0	1	0
           635	2024-09-16 17:12:10	1	0	1	0
           252	2024-09-16 17:12:22	1	0	15	0
           312	2024-09-16 17:12:31	1	0	1	0
            69	2024-09-16 17:12:34	1	0	1	0
           434	2024-09-16 17:14:16	1	0	1	0
           114	2024-09-16 17:14:28	1	0	1	0
           520	2024-09-16 17:14:37	1	0	1	0
           604	2024-09-16 17:14:44	1	0	1	0
           125	2024-09-16 17:14:51	1	0	1	0
           404	2024-09-16 17:14:56	1	0	1	0
           493	2024-09-16 17:15:02	1	0	1	0
           205	2024-09-16 17:16:09	1	0	1	0
           476	2024-09-16 17:17:49	1	0	1	0
           361	2024-09-16 17:17:58	1	0	1	0
           529	2024-09-16 17:18:28	1	0	15	0
           640	2024-09-16 17:18:54	1	0	1	0
           513	2024-09-16 17:20:34	1	0	1	0
            55	2024-09-16 17:23:05	1	0	1	0
           502	2024-09-16 17:24:07	1	0	1	0
           101	2024-09-16 17:25:01	1	0	1	0
           575	2024-09-16 17:25:08	1	0	1	0
           355	2024-09-16 17:26:17	1	0	1	0
           584	2024-09-16 17:26:22	1	0	1	0
           583	2024-09-16 17:26:44	1	0	1	0
           511	2024-09-16 17:27:51	1	0	1	0
           586	2024-09-16 17:28:34	1	0	1	0
           467	2024-09-16 17:29:20	1	0	1	0
           554	2024-09-16 17:29:26	1	0	1	0
           573	2024-09-16 17:29:31	1	0	1	0
           314	2024-09-16 17:29:45	1	0	1	0
            39	2024-09-16 17:37:10	1	0	1	0
           265	2024-09-16 17:38:37	1	0	1	0
           444	2024-09-16 17:39:14	1	0	1	0
           360	2024-09-16 17:42:45	1	0	1	0
           398	2024-09-16 17:43:01	1	0	1	0
           580	2024-09-16 17:43:15	1	0	1	0
            43	2024-09-16 17:44:13	1	0	1	0
           105	2024-09-16 17:53:46	1	0	1	0
           335	2024-09-16 17:54:11	1	0	1	0
            87	2024-09-16 18:01:09	1	0	1	0
           183	2024-09-16 18:01:14	1	0	1	0
           259	2024-09-16 18:02:52	1	0	15	0
           206	2024-09-16 18:04:30	1	0	1	0
           275	2024-09-16 18:04:37	1	0	1	0
            83	2024-09-16 18:08:18	1	0	1	0
            40	2024-09-16 18:08:44	1	0	1	0
           338	2024-09-16 18:09:17	1	0	1	0
           196	2024-09-16 18:39:43	1	0	1	0
           492	2024-09-16 18:40:06	1	0	1	0
           485	2024-09-16 18:43:32	1	0	1	0
           465	2024-09-16 19:22:23	1	0	1	0
            75	2024-09-16 19:22:33	1	0	1	0
           414	2024-09-16 19:31:18	1	0	1	0
           593	2024-09-16 19:37:43	1	0	1	0
           541	2024-09-16 19:58:01	1	0	1	0
           363	2024-09-16 20:01:30	1	0	1	0
           516	2024-09-16 20:13:20	1	0	1	0
           200	2024-09-16 20:16:07	1	0	1	0
           305	2024-09-16 22:38:23	1	0	1	0
           567	2024-09-16 23:04:21	1	0	1	0
           124	2024-09-17 05:57:31	1	0	15	0
           114	2024-09-17 06:01:51	1	0	1	0
           337	2024-09-17 06:08:18	1	0	15	0
           387	2024-09-17 06:32:07	1	0	15	0
           520	2024-09-17 06:37:30	1	0	1	0
           422	2024-09-17 06:39:06	1	0	1	0
           646	2024-09-17 06:40:46	1	0	1	0
            88	2024-09-17 06:40:59	1	0	15	0
           196	2024-09-17 06:42:16	1	0	1	0
           632	2024-09-17 06:42:43	1	0	1	0
           119	2024-09-17 06:43:24	1	0	15	0
           600	2024-09-17 06:49:31	1	0	1	0
           413	2024-09-17 06:53:44	1	0	1	0
           443	2024-09-17 06:54:44	1	0	1	0
           582	2024-09-17 06:55:45	1	0	1	0
           645	2024-09-17 06:55:53	1	0	1	0
           492	2024-09-17 06:56:00	1	0	1	0
           146	2024-09-17 06:59:06	1	0	15	0
           184	2024-09-17 06:59:12	1	0	1	0
           305	2024-09-17 07:00:32	1	0	1	0
           603	2024-09-17 07:01:24	1	0	1	0
           227	2024-09-17 07:04:05	1	0	15	0
           187	2024-09-17 07:04:57	1	0	1	0
           460	2024-09-17 07:05:04	1	0	1	0
            93	2024-09-17 07:07:16	1	0	1	0
           566	2024-09-17 07:08:15	1	0	1	0
           581	2024-09-17 07:10:09	1	0	1	0
           546	2024-09-17 07:14:33	1	0	1	0
           314	2024-09-17 07:14:48	1	0	1	0
           366	2024-09-17 07:14:56	1	0	1	0
           149	2024-09-17 07:16:43	1	0	1	0
            55	2024-09-17 07:16:53	1	0	1	0
            39	2024-09-17 07:17:11	1	0	1	0
           642	2024-09-17 07:17:18	1	0	1	0
           643	2024-09-17 07:17:36	1	0	15	0
           573	2024-09-17 07:17:51	1	0	1	0
           101	2024-09-17 07:19:47	1	0	1	0
           123	2024-09-17 07:20:04	1	0	1	0
           631	2024-09-17 07:21:18	1	0	1	0
           205	2024-09-17 07:25:09	1	0	1	0
           465	2024-09-17 07:26:18	1	0	1	0
            75	2024-09-17 07:26:37	1	0	1	0
           115	2024-09-17 07:26:45	1	0	1	0
           408	2024-09-17 07:29:02	1	0	1	0
           434	2024-09-17 07:29:08	1	0	1	0
            77	2024-09-17 07:29:45	1	0	1	0
           601	2024-09-17 07:31:24	1	0	1	0
            43	2024-09-17 07:32:32	1	0	1	0
           513	2024-09-17 07:32:37	1	0	1	0
           556	2024-09-17 07:32:56	1	0	1	0
           125	2024-09-17 07:33:06	1	0	1	0
            37	2024-09-17 07:33:12	1	0	1	0
           259	2024-09-17 07:33:29	1	0	15	0
            86	2024-09-17 07:34:06	1	0	1	0
           303	2024-09-17 07:34:33	1	0	1	0
           541	2024-09-17 07:36:27	1	0	1	0
           584	2024-09-17 07:36:57	1	0	1	0
           183	2024-09-17 07:38:15	1	0	1	0
           523	2024-09-17 07:38:32	1	0	1	0
            74	2024-09-17 07:40:23	1	0	1	0
           355	2024-09-17 07:40:29	1	0	1	0
           586	2024-09-17 07:41:10	1	0	1	0
           640	2024-09-17 07:41:23	1	0	1	0
           338	2024-09-17 07:41:52	1	0	1	0
           200	2024-09-17 07:42:06	1	0	1	0
           132	2024-09-17 07:42:10	1	0	1	0
           655	2024-09-17 07:42:19	1	0	1	0
            53	2024-09-17 07:42:42	1	0	1	0
           502	2024-09-17 07:43:02	1	0	1	0
            83	2024-09-17 07:44:29	1	0	1	0
           516	2024-09-17 07:44:37	1	0	1	0
           637	2024-09-17 07:45:36	1	0	1	0
           604	2024-09-17 07:46:20	1	0	1	0
            69	2024-09-17 07:47:18	1	0	1	0
           635	2024-09-17 07:47:35	1	0	1	0
           593	2024-09-17 07:48:10	1	0	1	0
           105	2024-09-17 07:48:17	1	0	1	0
           493	2024-09-17 07:48:24	1	0	1	0
           397	2024-09-17 07:49:16	1	0	1	0
           335	2024-09-17 07:49:22	1	0	1	0
           467	2024-09-17 07:49:53	1	0	1	0
           562	2024-09-17 07:50:03	1	0	1	0
           370	2024-09-17 07:50:16	1	0	15	0
           252	2024-09-17 07:51:04	1	0	1	0
           444	2024-09-17 07:51:07	1	0	1	0
           374	2024-09-17 07:51:12	1	0	1	0
           312	2024-09-17 07:51:38	1	0	1	0
           529	2024-09-17 07:52:09	1	0	1	0
            38	2024-09-17 07:53:32	1	0	1	0
           403	2024-09-17 07:53:44	1	0	1	0
            73	2024-09-17 07:53:51	1	0	1	0
           476	2024-09-17 07:54:00	1	0	1	0
           236	2024-09-17 07:54:11	1	0	1	0
            40	2024-09-17 07:55:00	1	0	1	0
           580	2024-09-17 07:56:16	1	0	1	0
           331	2024-09-17 07:56:34	1	0	1	0
           399	2024-09-17 07:57:46	1	0	1	0
           404	2024-09-17 07:57:52	1	0	1	0
           363	2024-09-17 07:58:32	1	0	1	0
           361	2024-09-17 07:58:37	1	0	1	0
           623	2024-09-17 08:01:40	1	0	1	0
           414	2024-09-17 08:03:37	1	0	1	0
           485	2024-09-17 08:11:52	1	0	1	0
           275	2024-09-17 08:12:24	1	0	1	0
           206	2024-09-17 08:12:28	1	0	1	0
           511	2024-09-17 08:12:33	1	0	1	0
           583	2024-09-17 08:13:56	1	0	1	0
           360	2024-09-17 08:15:28	1	0	1	0
           648	2024-09-17 08:31:01	1	0	1	0
            87	2024-09-17 08:56:18	1	0	1	0
           460	2024-09-17 11:07:24	1	0	1	0
           600	2024-09-17 11:30:25	1	0	1	0
           582	2024-09-17 11:30:29	1	0	1	0
           642	2024-09-17 11:30:35	1	0	1	0
           643	2024-09-17 11:30:54	1	0	15	0
           366	2024-09-17 11:31:28	1	0	15	0
           566	2024-09-17 11:31:37	1	0	1	0
           646	2024-09-17 11:31:45	1	0	1	0
           123	2024-09-17 11:31:52	1	0	1	0
           443	2024-09-17 11:31:57	1	0	1	0
           387	2024-09-17 11:32:19	1	0	15	0
           581	2024-09-17 11:32:26	1	0	1	0
           632	2024-09-17 11:32:32	1	0	1	0
           196	2024-09-17 11:32:45	1	0	1	0
           360	2024-09-17 11:32:53	1	0	1	0
           422	2024-09-17 11:33:00	1	0	1	0
           460	2024-09-17 11:33:54	1	0	1	0
           119	2024-09-17 11:41:58	1	0	15	0
           337	2024-09-17 11:47:31	1	0	1	0
           115	2024-09-17 11:47:45	1	0	1	0
           546	2024-09-17 11:48:03	1	0	1	0
           314	2024-09-17 11:49:00	1	0	1	0
           417	2024-09-17 11:49:40	1	0	1	0
           360	2024-09-17 11:52:23	1	0	1	0
           573	2024-09-17 11:54:21	1	0	1	0
           581	2024-09-17 11:57:09	1	0	1	0
           196	2024-09-17 12:00:06	1	0	1	0
           422	2024-09-17 12:00:09	1	0	1	0
           387	2024-09-17 12:00:17	1	0	15	0
           556	2024-09-17 12:00:24	1	0	1	0
           119	2024-09-17 12:00:40	1	0	15	0
           399	2024-09-17 12:01:00	1	0	1	0
           600	2024-09-17 12:01:09	1	0	1	0
           366	2024-09-17 12:01:15	1	0	1	0
           374	2024-09-17 12:01:49	1	0	1	0
            69	2024-09-17 12:01:55	1	0	1	0
            55	2024-09-17 12:02:36	1	0	1	0
           603	2024-09-17 12:02:42	1	0	1	0
           397	2024-09-17 12:02:46	1	0	1	0
           132	2024-09-17 12:02:54	1	0	1	0
           476	2024-09-17 12:03:01	1	0	1	0
            77	2024-09-17 12:03:09	1	0	1	0
           601	2024-09-17 12:03:16	1	0	1	0
           467	2024-09-17 12:03:23	1	0	1	0
           546	2024-09-17 12:03:30	1	0	1	0
           655	2024-09-17 12:03:39	1	0	1	0
           337	2024-09-17 12:03:53	1	0	1	0
           115	2024-09-17 12:04:07	1	0	1	0
           583	2024-09-17 12:04:14	1	0	1	0
           314	2024-09-17 12:04:19	1	0	1	0
           635	2024-09-17 12:04:25	1	0	1	0
           149	2024-09-17 12:04:35	1	0	1	0
           121	2024-09-17 12:04:43	1	0	1	0
            43	2024-09-17 12:04:50	1	0	1	0
           566	2024-09-17 12:04:58	1	0	1	0
           642	2024-09-17 12:05:05	1	0	1	0
            37	2024-09-17 12:05:21	1	0	1	0
           646	2024-09-17 12:05:30	1	0	1	0
           443	2024-09-17 12:05:37	1	0	1	0
           123	2024-09-17 12:05:43	1	0	1	0
           259	2024-09-17 12:05:47	1	0	15	0
           275	2024-09-17 12:05:53	1	0	1	0
           206	2024-09-17 12:06:00	1	0	1	0
           586	2024-09-17 12:06:13	1	0	1	0
           648	2024-09-17 12:06:18	1	0	1	0
           643	2024-09-17 12:06:24	1	0	15	0
           529	2024-09-17 12:06:30	1	0	1	0
            75	2024-09-17 12:06:37	1	0	1	0
            40	2024-09-17 12:06:44	1	0	1	0
           331	2024-09-17 12:06:59	1	0	1	0
           637	2024-09-17 12:07:13	1	0	1	0
           493	2024-09-17 12:07:37	1	0	1	0
           631	2024-09-17 12:08:07	1	0	1	0
           403	2024-09-17 12:08:15	1	0	1	0
           335	2024-09-17 12:08:34	1	0	1	0
           523	2024-09-17 12:09:49	1	0	1	0
           355	2024-09-17 12:09:52	1	0	1	0
           573	2024-09-17 12:10:00	1	0	1	0
           604	2024-09-17 12:10:11	1	0	1	0
           125	2024-09-17 12:10:18	1	0	1	0
           101	2024-09-17 12:10:43	1	0	1	0
            53	2024-09-17 12:11:05	1	0	1	0
           511	2024-09-17 12:11:14	1	0	1	0
           205	2024-09-17 12:11:43	1	0	1	0
           434	2024-09-17 12:11:48	1	0	1	0
           465	2024-09-17 12:12:17	1	0	1	0
           146	2024-09-17 12:12:27	1	0	15	0
            83	2024-09-17 12:12:31	1	0	1	0
           414	2024-09-17 12:12:36	1	0	1	0
            74	2024-09-17 12:12:40	1	0	1	0
            38	2024-09-17 12:12:53	1	0	1	0
           183	2024-09-17 12:13:10	1	0	1	0
            93	2024-09-17 12:13:16	1	0	1	0
           575	2024-09-17 12:13:51	1	0	1	0
           363	2024-09-17 12:14:01	1	0	1	0
           361	2024-09-17 12:14:04	1	0	1	0
            88	2024-09-17 12:15:45	1	0	15	0
           541	2024-09-17 12:15:56	1	0	1	0
           580	2024-09-17 12:17:44	1	0	1	0
           623	2024-09-17 12:17:50	1	0	1	0
           516	2024-09-17 12:18:09	1	0	1	0
           492	2024-09-17 12:18:24	1	0	1	0
           584	2024-09-17 12:19:32	1	0	1	0
           655	2024-09-17 12:19:37	1	0	1	0
            43	2024-09-17 12:19:50	1	0	1	0
           312	2024-09-17 12:20:09	1	0	1	0
           583	2024-09-17 12:20:18	1	0	1	0
            73	2024-09-17 12:20:39	1	0	1	0
            37	2024-09-17 12:20:48	1	0	1	0
            77	2024-09-17 12:20:58	1	0	1	0
           236	2024-09-17 12:23:35	1	0	1	0
            53	2024-09-17 12:26:20	1	0	1	0
           556	2024-09-17 12:26:43	1	0	1	0
            75	2024-09-17 12:26:58	1	0	1	0
           205	2024-09-17 12:27:10	1	0	1	0
           335	2024-09-17 12:27:16	1	0	1	0
           252	2024-09-17 12:27:22	1	0	1	0
            74	2024-09-17 12:27:49	1	0	1	0
           414	2024-09-17 12:28:11	1	0	1	0
           184	2024-09-17 12:28:31	1	0	1	0
           370	2024-09-17 12:28:40	1	0	15	0
           434	2024-09-17 12:28:57	1	0	1	0
            69	2024-09-17 12:29:09	1	0	1	0
           146	2024-09-17 12:29:18	1	0	15	0
           465	2024-09-17 12:30:18	1	0	1	0
           101	2024-09-17 12:30:23	1	0	1	0
           635	2024-09-17 12:30:31	1	0	1	0
           631	2024-09-17 12:30:42	1	0	1	0
            38	2024-09-17 12:30:58	1	0	1	0
           408	2024-09-17 12:31:33	1	0	1	0
           105	2024-09-17 12:31:37	1	0	1	0
           513	2024-09-17 12:31:42	1	0	1	0
           338	2024-09-17 12:31:47	1	0	1	0
           523	2024-09-17 12:32:35	1	0	1	0
           355	2024-09-17 12:32:38	1	0	1	0
           492	2024-09-17 12:33:31	1	0	1	0
           516	2024-09-17 12:33:36	1	0	1	0
           259	2024-09-17 12:33:47	1	0	15	0
           149	2024-09-17 12:34:03	1	0	1	0
           275	2024-09-17 12:34:08	1	0	1	0
           206	2024-09-17 12:34:11	1	0	1	0
            83	2024-09-17 12:34:54	1	0	1	0
           467	2024-09-17 12:35:02	1	0	1	0
           502	2024-09-17 12:37:35	1	0	1	0
           361	2024-09-17 12:39:17	1	0	1	0
           363	2024-09-17 12:39:22	1	0	1	0
            73	2024-09-17 12:39:39	1	0	1	0
           584	2024-09-17 12:39:58	1	0	1	0
            88	2024-09-17 12:40:08	1	0	15	0
           403	2024-09-17 12:40:38	1	0	1	0
           601	2024-09-17 12:40:59	1	0	1	0
           637	2024-09-17 12:43:45	1	0	1	0
           184	2024-09-17 12:44:13	1	0	1	0
           604	2024-09-17 12:44:58	1	0	1	0
           125	2024-09-17 12:45:06	1	0	1	0
           541	2024-09-17 12:45:30	1	0	1	0
           374	2024-09-17 12:45:32	1	0	1	0
            40	2024-09-17 12:46:38	1	0	1	0
           493	2024-09-17 12:47:12	1	0	1	0
           397	2024-09-17 12:47:37	1	0	1	0
           331	2024-09-17 12:47:47	1	0	1	0
           183	2024-09-17 12:48:21	1	0	1	0
            93	2024-09-17 12:48:27	1	0	1	0
           399	2024-09-17 12:48:36	1	0	1	0
           603	2024-09-17 12:49:15	1	0	1	0
           121	2024-09-17 12:49:42	1	0	1	0
           476	2024-09-17 12:50:08	1	0	1	0
           586	2024-09-17 12:50:17	1	0	1	0
           648	2024-09-17 12:50:24	1	0	1	0
           338	2024-09-17 12:50:58	1	0	1	0
           640	2024-09-17 12:51:19	1	0	1	0
           418	2024-09-17 12:52:45	1	0	1	0
           575	2024-09-17 12:52:59	1	0	1	0
           370	2024-09-17 12:53:11	1	0	15	0
           502	2024-09-17 12:54:33	1	0	1	0
           236	2024-09-17 12:56:05	1	0	1	0
           580	2024-09-17 12:56:38	1	0	1	0
           252	2024-09-17 12:57:12	1	0	15	0
           511	2024-09-17 12:57:44	1	0	1	0
           623	2024-09-17 12:57:49	1	0	1	0
           132	2024-09-17 12:58:17	1	0	1	0
           408	2024-09-17 12:59:52	1	0	1	0
           513	2024-09-17 12:59:55	1	0	1	0
           485	2024-09-17 13:02:30	1	0	1	0
           640	2024-09-17 13:06:45	1	0	1	0
           485	2024-09-17 13:58:15	1	0	1	0
           124	2024-09-17 14:15:56	1	0	15	0
            93	2024-09-17 16:05:00	1	0	1	0
           460	2024-09-17 16:23:21	1	0	1	0
            88	2024-09-17 16:30:22	1	0	15	0
            53	2024-09-17 16:56:42	1	0	1	0
           399	2024-09-17 17:00:05	1	0	1	0
           581	2024-09-17 17:00:08	1	0	1	0
           387	2024-09-17 17:00:15	1	0	15	0
           422	2024-09-17 17:00:23	1	0	1	0
           600	2024-09-17 17:00:30	1	0	1	0
           331	2024-09-17 17:00:34	1	0	1	0
            74	2024-09-17 17:00:41	1	0	1	0
           184	2024-09-17 17:00:46	1	0	1	0
           566	2024-09-17 17:00:50	1	0	1	0
           642	2024-09-17 17:00:54	1	0	1	0
            37	2024-09-17 17:01:06	1	0	1	0
           603	2024-09-17 17:01:09	1	0	1	0
           366	2024-09-17 17:01:17	1	0	1	0
           443	2024-09-17 17:01:29	1	0	1	0
           582	2024-09-17 17:01:34	1	0	1	0
           601	2024-09-17 17:01:37	1	0	1	0
           645	2024-09-17 17:01:41	1	0	1	0
           397	2024-09-17 17:01:46	1	0	1	0
           374	2024-09-17 17:01:56	1	0	1	0
           643	2024-09-17 17:02:16	1	0	15	0
           646	2024-09-17 17:02:56	1	0	1	0
           631	2024-09-17 17:03:24	1	0	1	0
           556	2024-09-17 17:03:28	1	0	1	0
            38	2024-09-17 17:03:38	1	0	1	0
           562	2024-09-17 17:04:06	1	0	1	0
            69	2024-09-17 17:04:28	1	0	1	0
           236	2024-09-17 17:05:34	1	0	1	0
           523	2024-09-17 17:05:40	1	0	1	0
            77	2024-09-17 17:05:54	1	0	1	0
           146	2024-09-17 17:06:01	1	0	15	0
           149	2024-09-17 17:06:12	1	0	1	0
           403	2024-09-17 17:06:20	1	0	1	0
           196	2024-09-17 17:06:43	1	0	1	0
           637	2024-09-17 17:07:00	1	0	1	0
           101	2024-09-17 17:07:49	1	0	1	0
           493	2024-09-17 17:07:58	1	0	1	0
           655	2024-09-17 17:09:02	1	0	1	0
           648	2024-09-17 17:09:09	1	0	1	0
            39	2024-09-17 17:09:18	1	0	1	0
           123	2024-09-17 17:09:51	1	0	1	0
           227	2024-09-17 17:10:15	1	0	15	0
           119	2024-09-17 17:11:05	1	0	15	0
           132	2024-09-17 17:12:10	1	0	1	0
           476	2024-09-17 17:12:36	1	0	1	0
           511	2024-09-17 17:12:44	1	0	1	0
           115	2024-09-17 17:14:04	1	0	1	0
            73	2024-09-17 17:14:36	1	0	1	0
           492	2024-09-17 17:15:26	1	0	1	0
           121	2024-09-17 17:15:33	1	0	1	0
           434	2024-09-17 17:16:11	1	0	1	0
           337	2024-09-17 17:16:20	1	0	1	0
           404	2024-09-17 17:16:50	1	0	1	0
           635	2024-09-17 17:17:36	1	0	1	0
           252	2024-09-17 17:20:02	1	0	15	0
           575	2024-09-17 17:20:19	1	0	1	0
           604	2024-09-17 17:20:30	1	0	1	0
           125	2024-09-17 17:20:36	1	0	1	0
           370	2024-09-17 17:20:42	1	0	15	0
           355	2024-09-17 17:22:23	1	0	1	0
           363	2024-09-17 17:22:39	1	0	1	0
           546	2024-09-17 17:23:16	1	0	1	0
           467	2024-09-17 17:23:20	1	0	1	0
           312	2024-09-17 17:24:05	1	0	1	0
           573	2024-09-17 17:27:43	1	0	1	0
           314	2024-09-17 17:27:53	1	0	1	0
           586	2024-09-17 17:28:23	1	0	1	0
           584	2024-09-17 17:28:38	1	0	1	0
            43	2024-09-17 17:28:49	1	0	1	0
           640	2024-09-17 17:34:53	1	0	1	0
            55	2024-09-17 17:35:17	1	0	1	0
           335	2024-09-17 17:35:31	1	0	1	0
           580	2024-09-17 17:37:30	1	0	1	0
           105	2024-09-17 17:37:38	1	0	1	0
           338	2024-09-17 17:37:44	1	0	1	0
           408	2024-09-17 17:37:54	1	0	1	0
           513	2024-09-17 17:37:59	1	0	1	0
           444	2024-09-17 17:38:07	1	0	1	0
           583	2024-09-17 17:40:02	1	0	1	0
           360	2024-09-17 17:46:32	1	0	1	0
           259	2024-09-17 18:01:41	1	0	15	0
           485	2024-09-17 18:04:17	1	0	1	0
           183	2024-09-17 18:05:00	1	0	1	0
            87	2024-09-17 18:05:20	1	0	1	0
           206	2024-09-17 18:09:30	1	0	1	0
           541	2024-09-17 18:10:04	1	0	1	0
           275	2024-09-17 18:11:16	1	0	1	0
            40	2024-09-17 18:31:08	1	0	1	0
           502	2024-09-17 18:36:08	1	0	1	0
           465	2024-09-17 18:45:39	1	0	1	0
            75	2024-09-17 18:45:52	1	0	1	0
            83	2024-09-17 18:51:15	1	0	1	0
           413	2024-09-17 19:59:46	1	0	4	0
           516	2024-09-17 20:01:20	1	0	1	0
           417	2024-09-17 20:02:06	1	0	1	0
           623	2024-09-17 20:10:26	1	0	1	0
           200	2024-09-17 20:11:32	1	0	1	0
           414	2024-09-17 21:20:48	1	0	1	0
           305	2024-09-17 21:40:16	1	0	1	0
           418	2024-09-17 22:00:12	1	0	1	0
           567	2024-09-17 22:42:23	1	0	1	0
           620	2024-09-18 05:29:45	1	0	1	0
           305	2024-09-18 06:01:07	1	0	1	0
           337	2024-09-18 06:04:24	1	0	1	0
           443	2024-09-18 06:32:12	1	0	1	0
           387	2024-09-18 06:35:30	1	0	15	0
           196	2024-09-18 06:36:45	1	0	1	0
           119	2024-09-18 06:36:52	1	0	15	0
           632	2024-09-18 06:37:17	1	0	1	0
            70	2024-09-18 06:43:43	1	0	1	0
            88	2024-09-18 06:46:07	1	0	15	0
           422	2024-09-18 06:46:33	1	0	1	0
           645	2024-09-18 06:51:58	1	0	1	0
           366	2024-09-18 06:53:17	1	0	15	0
            93	2024-09-18 06:56:07	1	0	1	0
           413	2024-09-18 07:00:13	1	0	4	0
           567	2024-09-18 07:01:54	1	0	1	0
           646	2024-09-18 07:03:59	1	0	1	0
           375	2024-09-18 07:04:30	1	0	1	0
           582	2024-09-18 07:06:49	1	0	1	0
           146	2024-09-18 07:10:58	1	0	15	0
           184	2024-09-18 07:11:17	1	0	1	0
           460	2024-09-18 07:12:46	1	0	1	0
           314	2024-09-18 07:13:27	1	0	1	0
           581	2024-09-18 07:14:00	1	0	15	0
           566	2024-09-18 07:14:07	1	0	1	0
           114	2024-09-18 07:15:11	1	0	1	0
           149	2024-09-18 07:15:50	1	0	1	0
           101	2024-09-18 07:16:03	1	0	1	0
           631	2024-09-18 07:22:33	1	0	1	0
           573	2024-09-18 07:22:50	1	0	1	0
           546	2024-09-18 07:23:58	1	0	1	0
            53	2024-09-18 07:24:04	1	0	1	0
            55	2024-09-18 07:24:13	1	0	1	0
           642	2024-09-18 07:24:29	1	0	1	0
           465	2024-09-18 07:24:37	1	0	1	0
           643	2024-09-18 07:24:43	1	0	15	0
            75	2024-09-18 07:25:01	1	0	1	0
           252	2024-09-18 07:26:02	1	0	15	0
           603	2024-09-18 07:26:09	1	0	1	0
            37	2024-09-18 07:26:31	1	0	1	0
           115	2024-09-18 07:26:37	1	0	1	0
            43	2024-09-18 07:26:44	1	0	1	0
           529	2024-09-18 07:26:50	1	0	1	0
           434	2024-09-18 07:27:00	1	0	1	0
           123	2024-09-18 07:28:17	1	0	1	0
            77	2024-09-18 07:29:48	1	0	1	0
           655	2024-09-18 07:32:45	1	0	1	0
            69	2024-09-18 07:32:57	1	0	1	0
           601	2024-09-18 07:33:05	1	0	1	0
            39	2024-09-18 07:36:24	1	0	1	0
           523	2024-09-18 07:36:31	1	0	1	0
           397	2024-09-18 07:37:11	1	0	1	0
           124	2024-09-18 07:37:57	1	0	15	0
           408	2024-09-18 07:38:06	1	0	1	0
           355	2024-09-18 07:39:13	1	0	1	0
           370	2024-09-18 07:39:51	1	0	15	0
           467	2024-09-18 07:40:49	1	0	1	0
           360	2024-09-18 07:41:02	1	0	1	0
           541	2024-09-18 07:42:45	1	0	1	0
            86	2024-09-18 07:43:25	1	0	1	0
           575	2024-09-18 07:43:33	1	0	1	0
           303	2024-09-18 07:43:38	1	0	1	0
           516	2024-09-18 07:43:46	1	0	1	0
           584	2024-09-18 07:43:52	1	0	1	0
           132	2024-09-18 07:43:57	1	0	1	0
           556	2024-09-18 07:44:29	1	0	15	0
            74	2024-09-18 07:46:00	1	0	15	0
           637	2024-09-18 07:46:15	1	0	1	0
            83	2024-09-18 07:47:15	1	0	1	0
           398	2024-09-18 07:47:23	1	0	1	0
           604	2024-09-18 07:48:51	1	0	1	0
           125	2024-09-18 07:48:58	1	0	1	0
           640	2024-09-18 07:49:02	1	0	1	0
           338	2024-09-18 07:49:10	1	0	1	0
           105	2024-09-18 07:52:28	1	0	1	0
           404	2024-09-18 07:53:09	1	0	1	0
           589	2024-09-18 07:53:29	1	0	1	0
           502	2024-09-18 07:53:35	1	0	1	0
           403	2024-09-18 07:53:42	1	0	1	0
           492	2024-09-18 07:53:53	1	0	1	0
           593	2024-09-18 07:53:59	1	0	1	0
           444	2024-09-18 07:54:11	1	0	1	0
           399	2024-09-18 07:54:26	1	0	1	0
           205	2024-09-18 07:54:34	1	0	1	0
           562	2024-09-18 07:54:38	1	0	1	0
           259	2024-09-18 07:55:25	1	0	1	0
           374	2024-09-18 07:55:50	1	0	1	0
           476	2024-09-18 07:57:11	1	0	1	0
            73	2024-09-18 07:57:35	1	0	1	0
            38	2024-09-18 07:58:05	1	0	1	0
           335	2024-09-18 07:58:11	1	0	1	0
           361	2024-09-18 07:59:16	1	0	1	0
           417	2024-09-18 07:59:51	1	0	15	0
           312	2024-09-18 07:59:55	1	0	1	0
           331	2024-09-18 08:00:05	1	0	1	0
            40	2024-09-18 08:00:17	1	0	1	0
           623	2024-09-18 08:00:34	1	0	1	0
           586	2024-09-18 08:02:50	1	0	1	0
           236	2024-09-18 08:03:52	1	0	1	0
           511	2024-09-18 08:05:13	1	0	1	0
           200	2024-09-18 08:05:19	1	0	1	0
           580	2024-09-18 08:05:27	1	0	1	0
           583	2024-09-18 08:06:44	1	0	1	0
           635	2024-09-18 08:07:06	1	0	1	0
           493	2024-09-18 08:13:24	1	0	1	0
           485	2024-09-18 08:33:45	1	0	1	0
           206	2024-09-18 08:37:46	1	0	1	0
           275	2024-09-18 08:37:51	1	0	1	0
           183	2024-09-18 08:44:42	1	0	1	0
            87	2024-09-18 08:55:35	1	0	1	0
           460	2024-09-18 11:08:23	1	0	1	0
           460	2024-09-18 11:29:11	1	0	1	0
           387	2024-09-18 11:31:10	1	0	15	0
           422	2024-09-18 11:31:28	1	0	1	0
           366	2024-09-18 11:31:53	1	0	15	0
           582	2024-09-18 11:32:00	1	0	1	0
           642	2024-09-18 11:32:19	1	0	1	0
           646	2024-09-18 11:32:34	1	0	1	0
           119	2024-09-18 11:33:30	1	0	15	0
           643	2024-09-18 11:33:40	1	0	15	0
           581	2024-09-18 11:35:16	1	0	15	0
           632	2024-09-18 11:35:23	1	0	1	0
           566	2024-09-18 11:37:21	1	0	15	0
           360	2024-09-18 11:37:30	1	0	1	0
           196	2024-09-18 11:38:43	1	0	1	0
           123	2024-09-18 11:38:48	1	0	1	0
           443	2024-09-18 11:38:55	1	0	1	0
           363	2024-09-18 11:50:30	1	0	1	0
           115	2024-09-18 11:51:02	1	0	1	0
           314	2024-09-18 11:51:12	1	0	1	0
           573	2024-09-18 11:52:38	1	0	1	0
           546	2024-09-18 11:52:42	1	0	1	0
           337	2024-09-18 11:53:30	1	0	1	0
           366	2024-09-18 11:57:32	1	0	1	0
           581	2024-09-18 12:00:05	1	0	1	0
           125	2024-09-18 12:00:07	1	0	1	0
           123	2024-09-18 12:00:40	1	0	1	0
           422	2024-09-18 12:00:45	1	0	1	0
           387	2024-09-18 12:00:55	1	0	15	0
           413	2024-09-18 12:01:00	1	0	4	0
           541	2024-09-18 12:01:05	1	0	1	0
            53	2024-09-18 12:01:11	1	0	1	0
           604	2024-09-18 12:01:18	1	0	1	0
           374	2024-09-18 12:01:23	1	0	1	0
           443	2024-09-18 12:01:29	1	0	1	0
           399	2024-09-18 12:01:35	1	0	1	0
           511	2024-09-18 12:01:54	1	0	1	0
           593	2024-09-18 12:01:56	1	0	1	0
           184	2024-09-18 12:02:02	1	0	1	0
           476	2024-09-18 12:02:09	1	0	1	0
            38	2024-09-18 12:02:23	1	0	1	0
           556	2024-09-18 12:02:34	1	0	1	0
           196	2024-09-18 12:03:00	1	0	1	0
            69	2024-09-18 12:03:04	1	0	1	0
           589	2024-09-18 12:03:13	1	0	1	0
            77	2024-09-18 12:03:38	1	0	1	0
           119	2024-09-18 12:03:44	1	0	15	0
            37	2024-09-18 12:03:55	1	0	1	0
           132	2024-09-18 12:04:01	1	0	1	0
            55	2024-09-18 12:04:15	1	0	1	0
           121	2024-09-18 12:04:23	1	0	1	0
           397	2024-09-18 12:04:27	1	0	1	0
           603	2024-09-18 12:04:32	1	0	1	0
           631	2024-09-18 12:04:36	1	0	1	0
           259	2024-09-18 12:04:43	1	0	15	0
            93	2024-09-18 12:04:48	1	0	1	0
            83	2024-09-18 12:04:56	1	0	1	0
           183	2024-09-18 12:05:03	1	0	1	0
            40	2024-09-18 12:05:15	1	0	1	0
           403	2024-09-18 12:05:25	1	0	1	0
           623	2024-09-18 12:05:32	1	0	1	0
           360	2024-09-18 12:05:46	1	0	1	0
           312	2024-09-18 12:05:51	1	0	1	0
           566	2024-09-18 12:05:55	1	0	1	0
           643	2024-09-18 12:06:33	1	0	15	0
            75	2024-09-18 12:06:42	1	0	1	0
           642	2024-09-18 12:06:50	1	0	1	0
           646	2024-09-18 12:06:58	1	0	1	0
           635	2024-09-18 12:07:04	1	0	1	0
           115	2024-09-18 12:07:12	1	0	1	0
           465	2024-09-18 12:07:21	1	0	1	0
           655	2024-09-18 12:07:26	1	0	1	0
           314	2024-09-18 12:07:40	1	0	1	0
           275	2024-09-18 12:07:45	1	0	1	0
            87	2024-09-18 12:07:51	1	0	1	0
           546	2024-09-18 12:07:56	1	0	1	0
           573	2024-09-18 12:08:01	1	0	1	0
            88	2024-09-18 12:08:16	1	0	1	0
           252	2024-09-18 12:08:27	1	0	15	0
           493	2024-09-18 12:08:31	1	0	1	0
           337	2024-09-18 12:08:42	1	0	1	0
           637	2024-09-18 12:10:18	1	0	1	0
           101	2024-09-18 12:10:32	1	0	1	0
            43	2024-09-18 12:10:57	1	0	1	0
           434	2024-09-18 12:11:03	1	0	1	0
           414	2024-09-18 12:11:08	1	0	1	0
           583	2024-09-18 12:11:13	1	0	1	0
           355	2024-09-18 12:12:01	1	0	1	0
           523	2024-09-18 12:12:06	1	0	1	0
           105	2024-09-18 12:12:28	1	0	1	0
           408	2024-09-18 12:12:32	1	0	1	0
           338	2024-09-18 12:12:43	1	0	1	0
           586	2024-09-18 12:12:57	1	0	1	0
           601	2024-09-18 12:13:45	1	0	1	0
           467	2024-09-18 12:14:00	1	0	1	0
           335	2024-09-18 12:14:32	1	0	1	0
           417	2024-09-18 12:15:22	1	0	15	0
           375	2024-09-18 12:15:27	1	0	1	0
           361	2024-09-18 12:15:32	1	0	1	0
            39	2024-09-18 12:15:43	1	0	1	0
           492	2024-09-18 12:15:52	1	0	1	0
           331	2024-09-18 12:16:00	1	0	1	0
           516	2024-09-18 12:16:11	1	0	1	0
           584	2024-09-18 12:16:17	1	0	1	0
           146	2024-09-18 12:16:33	1	0	15	0
            53	2024-09-18 12:16:53	1	0	1	0
            74	2024-09-18 12:17:01	1	0	1	0
           205	2024-09-18 12:17:07	1	0	1	0
           562	2024-09-18 12:17:28	1	0	1	0
           370	2024-09-18 12:17:46	1	0	15	0
           575	2024-09-18 12:17:53	1	0	1	0
           580	2024-09-18 12:18:12	1	0	1	0
            38	2024-09-18 12:18:31	1	0	1	0
           132	2024-09-18 12:19:09	1	0	1	0
            37	2024-09-18 12:19:47	1	0	1	0
            77	2024-09-18 12:20:15	1	0	1	0
           556	2024-09-18 12:20:37	1	0	1	0
           604	2024-09-18 12:21:56	1	0	1	0
           125	2024-09-18 12:21:59	1	0	1	0
            55	2024-09-18 12:23:14	1	0	1	0
           303	2024-09-18 12:24:34	1	0	1	0
            86	2024-09-18 12:24:37	1	0	1	0
           465	2024-09-18 12:25:18	1	0	1	0
           655	2024-09-18 12:25:23	1	0	1	0
           541	2024-09-18 12:25:33	1	0	1	0
           502	2024-09-18 12:25:53	1	0	1	0
           414	2024-09-18 12:26:46	1	0	1	0
            43	2024-09-18 12:26:53	1	0	1	0
           149	2024-09-18 12:28:03	1	0	1	0
           252	2024-09-18 12:30:05	1	0	15	0
           583	2024-09-18 12:30:45	1	0	1	0
           375	2024-09-18 12:30:59	1	0	1	0
           361	2024-09-18 12:31:05	1	0	1	0
           434	2024-09-18 12:31:31	1	0	1	0
           397	2024-09-18 12:31:41	1	0	1	0
           603	2024-09-18 12:31:45	1	0	1	0
           516	2024-09-18 12:31:57	1	0	1	0
           492	2024-09-18 12:32:06	1	0	1	0
           631	2024-09-18 12:32:30	1	0	1	0
           338	2024-09-18 12:32:35	1	0	1	0
            69	2024-09-18 12:34:29	1	0	1	0
           105	2024-09-18 12:35:21	1	0	1	0
           335	2024-09-18 12:35:27	1	0	1	0
            75	2024-09-18 12:35:33	1	0	1	0
           413	2024-09-18 12:35:37	1	0	4	0
           403	2024-09-18 12:36:16	1	0	1	0
           476	2024-09-18 12:36:30	1	0	1	0
           355	2024-09-18 12:36:37	1	0	1	0
           523	2024-09-18 12:36:43	1	0	1	0
           575	2024-09-18 12:36:48	1	0	1	0
           444	2024-09-18 12:36:52	1	0	1	0
           312	2024-09-18 12:37:16	1	0	1	0
            83	2024-09-18 12:38:11	1	0	1	0
           200	2024-09-18 12:39:01	1	0	1	0
           121	2024-09-18 12:39:22	1	0	1	0
           101	2024-09-18 12:39:34	1	0	1	0
           589	2024-09-18 12:39:45	1	0	1	0
           640	2024-09-18 12:40:56	1	0	1	0
           502	2024-09-18 12:41:08	1	0	1	0
           493	2024-09-18 12:41:38	1	0	1	0
           146	2024-09-18 12:43:01	1	0	15	0
           184	2024-09-18 12:43:07	1	0	1	0
           399	2024-09-18 12:43:14	1	0	1	0
           529	2024-09-18 12:43:34	1	0	1	0
           275	2024-09-18 12:44:43	1	0	1	0
           206	2024-09-18 12:44:46	1	0	1	0
           635	2024-09-18 12:44:54	1	0	1	0
            93	2024-09-18 12:45:19	1	0	1	0
           183	2024-09-18 12:45:26	1	0	1	0
           259	2024-09-18 12:45:34	1	0	15	0
           417	2024-09-18 12:45:42	1	0	15	0
            87	2024-09-18 12:45:48	1	0	1	0
           562	2024-09-18 12:46:41	1	0	1	0
           601	2024-09-18 12:46:53	1	0	1	0
           586	2024-09-18 12:47:03	1	0	1	0
           637	2024-09-18 12:47:27	1	0	1	0
           408	2024-09-18 12:48:09	1	0	1	0
           370	2024-09-18 12:48:49	1	0	15	0
           584	2024-09-18 12:48:55	1	0	1	0
           149	2024-09-18 12:49:15	1	0	1	0
            88	2024-09-18 12:50:30	1	0	1	0
           404	2024-09-18 12:51:37	1	0	1	0
           236	2024-09-18 12:53:05	1	0	1	0
            86	2024-09-18 12:54:55	1	0	1	0
           582	2024-09-18 12:55:14	1	0	1	0
           303	2024-09-18 12:55:20	1	0	1	0
           444	2024-09-18 12:56:54	1	0	1	0
           640	2024-09-18 12:57:00	1	0	1	0
           580	2024-09-18 12:57:35	1	0	1	0
            39	2024-09-18 13:00:02	1	0	1	0
           623	2024-09-18 13:00:09	1	0	1	0
           206	2024-09-18 13:00:23	1	0	1	0
           529	2024-09-18 13:00:55	1	0	1	0
           485	2024-09-18 13:02:42	1	0	1	0
           331	2024-09-18 13:02:51	1	0	1	0
           485	2024-09-18 13:58:29	1	0	1	0
           620	2024-09-18 14:06:54	1	0	1	0
            70	2024-09-18 15:00:09	1	0	1	0
           124	2024-09-18 16:00:19	1	0	15	0
            93	2024-09-18 16:04:01	1	0	1	0
           413	2024-09-18 16:12:51	1	0	4	0
           460	2024-09-18 16:36:31	1	0	1	0
           556	2024-09-18 16:40:24	1	0	1	0
           581	2024-09-18 17:00:03	1	0	1	0
           493	2024-09-18 17:00:07	1	0	1	0
           387	2024-09-18 17:00:16	1	0	15	0
           422	2024-09-18 17:00:21	1	0	1	0
           566	2024-09-18 17:00:26	1	0	1	0
           443	2024-09-18 17:00:30	1	0	1	0
           582	2024-09-18 17:00:35	1	0	1	0
           184	2024-09-18 17:00:49	1	0	1	0
           366	2024-09-18 17:00:57	1	0	1	0
           149	2024-09-18 17:01:07	1	0	1	0
            37	2024-09-18 17:01:21	1	0	1	0
           123	2024-09-18 17:01:30	1	0	1	0
           601	2024-09-18 17:01:37	1	0	1	0
            74	2024-09-18 17:01:44	1	0	1	0
            53	2024-09-18 17:01:51	1	0	1	0
           146	2024-09-18 17:01:57	1	0	15	0
           603	2024-09-18 17:02:02	1	0	1	0
           642	2024-09-18 17:02:13	1	0	1	0
            55	2024-09-18 17:02:26	1	0	1	0
           101	2024-09-18 17:02:32	1	0	1	0
           646	2024-09-18 17:02:40	1	0	1	0
           562	2024-09-18 17:02:45	1	0	1	0
           643	2024-09-18 17:03:13	1	0	15	0
            77	2024-09-18 17:03:30	1	0	1	0
           523	2024-09-18 17:03:36	1	0	1	0
           115	2024-09-18 17:03:44	1	0	1	0
           635	2024-09-18 17:03:59	1	0	1	0
           631	2024-09-18 17:04:05	1	0	1	0
           196	2024-09-18 17:04:11	1	0	1	0
           637	2024-09-18 17:04:14	1	0	1	0
           476	2024-09-18 17:04:20	1	0	1	0
           132	2024-09-18 17:04:45	1	0	1	0
           331	2024-09-18 17:05:40	1	0	1	0
           397	2024-09-18 17:05:47	1	0	1	0
           403	2024-09-18 17:06:29	1	0	1	0
           337	2024-09-18 17:07:10	1	0	1	0
           119	2024-09-18 17:07:27	1	0	15	0
           398	2024-09-18 17:07:56	1	0	1	0
           360	2024-09-18 17:08:02	1	0	1	0
           374	2024-09-18 17:08:07	1	0	1	0
           655	2024-09-18 17:09:00	1	0	1	0
           121	2024-09-18 17:09:21	1	0	1	0
           589	2024-09-18 17:09:26	1	0	1	0
           584	2024-09-18 17:09:28	1	0	1	0
           399	2024-09-18 17:09:53	1	0	1	0
           252	2024-09-18 17:10:07	1	0	15	0
           236	2024-09-18 17:10:34	1	0	1	0
           414	2024-09-18 17:11:31	1	0	1	0
           573	2024-09-18 17:11:34	1	0	1	0
            73	2024-09-18 17:11:48	1	0	1	0
           404	2024-09-18 17:12:43	1	0	1	0
           361	2024-09-18 17:12:48	1	0	1	0
           375	2024-09-18 17:14:37	1	0	1	0
           575	2024-09-18 17:14:47	1	0	1	0
            69	2024-09-18 17:15:29	1	0	1	0
           546	2024-09-18 17:15:33	1	0	1	0
           434	2024-09-18 17:16:10	1	0	1	0
           529	2024-09-18 17:16:21	1	0	1	0
            38	2024-09-18 17:16:51	1	0	1	0
           355	2024-09-18 17:17:12	1	0	1	0
           465	2024-09-18 17:18:58	1	0	1	0
            39	2024-09-18 17:19:06	1	0	1	0
            75	2024-09-18 17:19:13	1	0	1	0
           105	2024-09-18 17:20:28	1	0	1	0
           408	2024-09-18 17:20:32	1	0	1	0
           492	2024-09-18 17:23:28	1	0	1	0
           312	2024-09-18 17:24:05	1	0	1	0
           314	2024-09-18 17:27:50	1	0	1	0
           604	2024-09-18 17:28:08	1	0	1	0
           125	2024-09-18 17:28:18	1	0	1	0
           640	2024-09-18 17:28:28	1	0	1	0
           370	2024-09-18 17:28:37	1	0	15	0
            43	2024-09-18 17:30:26	1	0	1	0
           417	2024-09-18 17:37:03	1	0	15	0
           338	2024-09-18 17:41:48	1	0	1	0
           586	2024-09-18 17:45:04	1	0	1	0
           580	2024-09-18 17:50:24	1	0	1	0
           645	2024-09-18 17:51:57	1	0	1	0
           335	2024-09-18 17:53:40	1	0	1	0
            83	2024-09-18 17:55:41	1	0	1	0
           444	2024-09-18 18:00:27	1	0	1	0
           541	2024-09-18 18:02:36	1	0	1	0
           183	2024-09-18 18:03:44	1	0	1	0
           206	2024-09-18 18:09:04	1	0	1	0
            87	2024-09-18 18:09:50	1	0	1	0
           275	2024-09-18 18:12:08	1	0	1	0
           485	2024-09-18 18:12:54	1	0	1	0
           583	2024-09-18 18:20:21	1	0	1	0
           114	2024-09-18 18:30:20	1	0	1	0
           511	2024-09-18 18:37:09	1	0	1	0
           516	2024-09-18 18:45:23	1	0	1	0
           259	2024-09-18 18:53:27	1	0	1	0
            88	2024-09-18 19:05:14	1	0	1	0
           502	2024-09-18 19:28:03	1	0	1	0
           363	2024-09-18 20:00:26	1	0	1	0
           593	2024-09-18 20:05:47	1	0	1	0
           205	2024-09-18 20:06:43	1	0	1	0
           623	2024-09-18 20:32:48	1	0	1	0
           200	2024-09-18 20:40:09	1	0	1	0
           418	2024-09-18 21:18:25	1	0	1	0
           305	2024-09-18 21:42:28	1	0	1	0
           645	2024-09-19 03:11:04	1	0	1	0
           567	2024-09-19 05:44:53	1	0	1	0
           305	2024-09-19 06:00:10	1	0	1	0
           337	2024-09-19 06:01:09	1	0	1	0
           620	2024-09-19 06:08:05	1	0	1	0
           196	2024-09-19 06:28:12	1	0	1	0
           119	2024-09-19 06:28:21	1	0	15	0
           418	2024-09-19 06:30:24	1	0	1	0
           387	2024-09-19 06:34:57	1	0	15	0
           600	2024-09-19 06:43:55	1	0	1	0
            88	2024-09-19 06:44:29	1	0	1	0
            93	2024-09-19 06:48:42	1	0	1	0
           422	2024-09-19 06:50:21	1	0	1	0
           632	2024-09-19 06:53:23	1	0	1	0
           582	2024-09-19 06:56:03	1	0	1	0
           413	2024-09-19 06:58:00	1	0	1	0
           184	2024-09-19 06:58:47	1	0	1	0
           146	2024-09-19 06:58:52	1	0	15	0
           182	2024-09-19 06:59:36	1	0	1	0
           460	2024-09-19 07:04:40	1	0	1	0
           375	2024-09-19 07:07:50	1	0	1	0
           623	2024-09-19 07:08:02	1	0	1	0
            39	2024-09-19 07:09:38	1	0	1	0
           366	2024-09-19 07:09:46	1	0	1	0
            43	2024-09-19 07:11:03	1	0	1	0
           566	2024-09-19 07:11:45	1	0	1	0
           149	2024-09-19 07:12:04	1	0	1	0
           581	2024-09-19 07:15:19	1	0	15	0
           398	2024-09-19 07:15:41	1	0	1	0
           123	2024-09-19 07:15:49	1	0	1	0
           642	2024-09-19 07:17:04	1	0	1	0
           643	2024-09-19 07:17:27	1	0	15	0
           101	2024-09-19 07:17:54	1	0	1	0
           493	2024-09-19 07:18:06	1	0	1	0
           115	2024-09-19 07:18:14	1	0	1	0
           631	2024-09-19 07:19:04	1	0	1	0
           573	2024-09-19 07:20:23	1	0	1	0
           556	2024-09-19 07:21:25	1	0	1	0
           546	2024-09-19 07:22:16	1	0	1	0
           465	2024-09-19 07:22:25	1	0	1	0
            75	2024-09-19 07:22:38	1	0	1	0
           511	2024-09-19 07:24:11	1	0	1	0
           541	2024-09-19 07:24:34	1	0	1	0
           655	2024-09-19 07:26:19	1	0	15	0
            77	2024-09-19 07:27:22	1	0	1	0
           360	2024-09-19 07:28:18	1	0	1	0
           314	2024-09-19 07:29:44	1	0	1	0
            37	2024-09-19 07:31:01	1	0	1	0
           303	2024-09-19 07:31:08	1	0	1	0
           637	2024-09-19 07:31:28	1	0	1	0
           434	2024-09-19 07:32:13	1	0	1	0
            86	2024-09-19 07:32:53	1	0	1	0
           584	2024-09-19 07:33:18	1	0	1	0
           604	2024-09-19 07:33:28	1	0	1	0
           397	2024-09-19 07:34:11	1	0	1	0
           601	2024-09-19 07:34:21	1	0	1	0
           125	2024-09-19 07:37:33	1	0	1	0
            53	2024-09-19 07:37:58	1	0	1	0
            74	2024-09-19 07:40:03	1	0	15	0
           523	2024-09-19 07:40:56	1	0	1	0
           114	2024-09-19 07:42:29	1	0	1	0
           259	2024-09-19 07:43:00	1	0	1	0
            69	2024-09-19 07:43:04	1	0	1	0
           640	2024-09-19 07:43:13	1	0	1	0
           492	2024-09-19 07:43:18	1	0	1	0
           183	2024-09-19 07:45:21	1	0	1	0
            38	2024-09-19 07:45:56	1	0	1	0
            73	2024-09-19 07:46:17	1	0	1	0
           335	2024-09-19 07:47:52	1	0	1	0
            83	2024-09-19 07:48:00	1	0	1	0
           403	2024-09-19 07:48:38	1	0	1	0
           444	2024-09-19 07:48:48	1	0	1	0
           355	2024-09-19 07:49:10	1	0	1	0
           586	2024-09-19 07:49:27	1	0	1	0
           583	2024-09-19 07:50:14	1	0	1	0
           200	2024-09-19 07:50:53	1	0	1	0
            55	2024-09-19 07:51:27	1	0	1	0
           288	2024-09-19 07:52:09	1	0	1	0
           194	2024-09-19 07:52:12	1	0	1	0
           513	2024-09-19 07:52:23	1	0	1	0
           593	2024-09-19 07:52:52	1	0	1	0
           331	2024-09-19 07:52:58	1	0	1	0
           338	2024-09-19 07:53:39	1	0	1	0
           575	2024-09-19 07:53:46	1	0	1	0
           502	2024-09-19 07:53:56	1	0	1	0
           124	2024-09-19 07:54:07	1	0	15	0
           408	2024-09-19 07:54:12	1	0	1	0
           589	2024-09-19 07:54:22	1	0	1	0
           516	2024-09-19 07:54:29	1	0	1	0
           476	2024-09-19 07:54:44	1	0	1	0
           529	2024-09-19 07:55:30	1	0	1	0
           399	2024-09-19 07:55:37	1	0	1	0
           374	2024-09-19 07:55:42	1	0	1	0
           105	2024-09-19 07:56:43	1	0	1	0
           205	2024-09-19 07:56:51	1	0	1	0
           265	2024-09-19 07:57:38	1	0	1	0
           363	2024-09-19 07:57:55	1	0	1	0
           404	2024-09-19 07:58:12	1	0	1	0
           236	2024-09-19 07:58:25	1	0	1	0
           467	2024-09-19 07:58:50	1	0	1	0
           312	2024-09-19 07:59:47	1	0	1	0
           417	2024-09-19 08:00:49	1	0	15	0
           132	2024-09-19 08:02:44	1	0	1	0
           370	2024-09-19 08:04:11	1	0	15	0
           252	2024-09-19 08:04:27	1	0	15	0
           562	2024-09-19 08:05:18	1	0	1	0
           635	2024-09-19 08:05:53	1	0	1	0
           414	2024-09-19 08:12:31	1	0	1	0
           275	2024-09-19 08:35:10	1	0	1	0
           206	2024-09-19 08:35:19	1	0	1	0
           580	2024-09-19 08:36:47	1	0	1	0
            87	2024-09-19 08:50:59	1	0	1	0
           485	2024-09-19 08:58:50	1	0	1	0
           460	2024-09-19 11:03:38	1	0	1	0
           460	2024-09-19 11:28:13	1	0	1	0
           566	2024-09-19 11:30:07	1	0	1	0
           642	2024-09-19 11:30:13	1	0	1	0
           643	2024-09-19 11:30:15	1	0	15	0
           366	2024-09-19 11:30:29	1	0	1	0
           582	2024-09-19 11:30:33	1	0	1	0
           387	2024-09-19 11:31:03	1	0	15	0
           422	2024-09-19 11:31:16	1	0	1	0
           600	2024-09-19 11:33:21	1	0	1	0
           581	2024-09-19 11:33:28	1	0	1	0
           632	2024-09-19 11:33:59	1	0	1	0
           196	2024-09-19 11:34:18	1	0	1	0
           123	2024-09-19 11:35:29	1	0	1	0
           360	2024-09-19 11:35:51	1	0	1	0
           119	2024-09-19 11:42:04	1	0	15	0
           361	2024-09-19 11:48:05	1	0	1	0
           546	2024-09-19 11:50:20	1	0	1	0
           573	2024-09-19 11:50:27	1	0	1	0
           337	2024-09-19 11:50:33	1	0	1	0
           114	2024-09-19 11:59:01	1	0	1	0
           366	2024-09-19 11:59:13	1	0	1	0
           123	2024-09-19 11:59:23	1	0	1	0
           600	2024-09-19 11:59:29	1	0	1	0
           643	2024-09-19 11:59:31	1	0	15	0
           314	2024-09-19 11:59:51	1	0	1	0
           399	2024-09-19 12:00:05	1	0	1	0
           566	2024-09-19 12:00:09	1	0	1	0
           476	2024-09-19 12:00:13	1	0	1	0
            75	2024-09-19 12:00:32	1	0	1	0
           119	2024-09-19 12:00:51	1	0	15	0
           467	2024-09-19 12:01:06	1	0	1	0
            37	2024-09-19 12:01:11	1	0	1	0
           374	2024-09-19 12:01:15	1	0	1	0
            55	2024-09-19 12:01:23	1	0	1	0
           196	2024-09-19 12:01:29	1	0	1	0
           387	2024-09-19 12:01:36	1	0	15	0
           422	2024-09-19 12:01:41	1	0	1	0
            87	2024-09-19 12:01:45	1	0	1	0
           635	2024-09-19 12:01:53	1	0	1	0
            38	2024-09-19 12:02:47	1	0	1	0
           397	2024-09-19 12:02:55	1	0	1	0
            69	2024-09-19 12:03:25	1	0	1	0
           303	2024-09-19 12:03:32	1	0	1	0
           132	2024-09-19 12:03:40	1	0	1	0
           465	2024-09-19 12:03:52	1	0	1	0
           631	2024-09-19 12:04:02	1	0	1	0
           655	2024-09-19 12:04:05	1	0	1	0
           205	2024-09-19 12:04:39	1	0	1	0
           403	2024-09-19 12:05:00	1	0	1	0
           184	2024-09-19 12:05:13	1	0	1	0
           434	2024-09-19 12:05:18	1	0	1	0
           546	2024-09-19 12:05:36	1	0	1	0
           589	2024-09-19 12:05:44	1	0	1	0
           573	2024-09-19 12:05:47	1	0	1	0
           337	2024-09-19 12:05:54	1	0	1	0
           206	2024-09-19 12:06:14	1	0	1	0
           182	2024-09-19 12:06:19	1	0	1	0
           417	2024-09-19 12:06:33	1	0	15	0
           586	2024-09-19 12:06:51	1	0	1	0
            74	2024-09-19 12:07:37	1	0	1	0
           562	2024-09-19 12:07:41	1	0	1	0
           370	2024-09-19 12:08:07	1	0	15	0
            86	2024-09-19 12:08:12	1	0	1	0
           492	2024-09-19 12:08:18	1	0	1	0
           516	2024-09-19 12:08:27	1	0	1	0
           414	2024-09-19 12:08:32	1	0	1	0
           331	2024-09-19 12:08:45	1	0	1	0
           146	2024-09-19 12:09:20	1	0	15	0
           288	2024-09-19 12:09:26	1	0	1	0
           265	2024-09-19 12:09:36	1	0	1	0
           105	2024-09-19 12:09:41	1	0	1	0
            77	2024-09-19 12:09:48	1	0	1	0
           556	2024-09-19 12:10:27	1	0	1	0
           101	2024-09-19 12:10:34	1	0	1	0
           149	2024-09-19 12:10:41	1	0	1	0
           183	2024-09-19 12:11:17	1	0	1	0
            93	2024-09-19 12:11:25	1	0	1	0
           121	2024-09-19 12:11:30	1	0	1	0
           575	2024-09-19 12:11:36	1	0	1	0
           259	2024-09-19 12:11:42	1	0	1	0
           637	2024-09-19 12:11:59	1	0	1	0
           601	2024-09-19 12:12:03	1	0	1	0
            88	2024-09-19 12:12:10	1	0	1	0
           200	2024-09-19 12:12:30	1	0	1	0
           194	2024-09-19 12:12:44	1	0	1	0
           404	2024-09-19 12:12:49	1	0	1	0
           338	2024-09-19 12:13:03	1	0	1	0
           236	2024-09-19 12:13:17	1	0	1	0
           355	2024-09-19 12:14:27	1	0	1	0
           523	2024-09-19 12:14:34	1	0	1	0
           493	2024-09-19 12:14:39	1	0	1	0
            53	2024-09-19 12:14:50	1	0	1	0
           375	2024-09-19 12:15:30	1	0	1	0
           363	2024-09-19 12:15:38	1	0	1	0
           314	2024-09-19 12:16:15	1	0	1	0
           467	2024-09-19 12:16:19	1	0	1	0
            37	2024-09-19 12:17:40	1	0	1	0
            83	2024-09-19 12:18:01	1	0	1	0
           360	2024-09-19 12:18:17	1	0	1	0
           252	2024-09-19 12:18:24	1	0	15	0
           399	2024-09-19 12:18:31	1	0	1	0
            43	2024-09-19 12:18:39	1	0	1	0
           584	2024-09-19 12:18:43	1	0	1	0
            38	2024-09-19 12:19:45	1	0	1	0
           205	2024-09-19 12:20:19	1	0	1	0
           655	2024-09-19 12:20:31	1	0	1	0
           583	2024-09-19 12:20:36	1	0	1	0
           465	2024-09-19 12:20:52	1	0	1	0
           434	2024-09-19 12:20:58	1	0	1	0
           115	2024-09-19 12:21:16	1	0	1	0
           335	2024-09-19 12:21:58	1	0	1	0
            55	2024-09-19 12:22:04	1	0	1	0
           529	2024-09-19 12:22:23	1	0	1	0
            75	2024-09-19 12:22:29	1	0	1	0
           502	2024-09-19 12:22:59	1	0	1	0
           408	2024-09-19 12:23:22	1	0	1	0
           604	2024-09-19 12:24:29	1	0	1	0
           125	2024-09-19 12:24:36	1	0	1	0
           288	2024-09-19 12:24:48	1	0	1	0
           265	2024-09-19 12:24:54	1	0	1	0
            77	2024-09-19 12:25:00	1	0	1	0
           492	2024-09-19 12:25:06	1	0	1	0
           331	2024-09-19 12:25:09	1	0	1	0
           516	2024-09-19 12:25:16	1	0	1	0
           275	2024-09-19 12:25:53	1	0	1	0
           105	2024-09-19 12:26:39	1	0	1	0
           541	2024-09-19 12:28:18	1	0	1	0
            53	2024-09-19 12:29:51	1	0	1	0
           374	2024-09-19 12:29:55	1	0	1	0
           146	2024-09-19 12:31:50	1	0	15	0
            69	2024-09-19 12:31:56	1	0	1	0
            74	2024-09-19 12:32:16	1	0	1	0
           631	2024-09-19 12:33:11	1	0	1	0
           635	2024-09-19 12:33:26	1	0	1	0
           182	2024-09-19 12:33:38	1	0	15	0
           403	2024-09-19 12:34:01	1	0	1	0
           580	2024-09-19 12:34:42	1	0	1	0
           444	2024-09-19 12:35:17	1	0	1	0
           338	2024-09-19 12:35:32	1	0	1	0
           556	2024-09-19 12:37:02	1	0	1	0
           640	2024-09-19 12:37:18	1	0	1	0
           252	2024-09-19 12:37:38	1	0	15	0
           335	2024-09-19 12:37:45	1	0	1	0
           493	2024-09-19 12:38:48	1	0	1	0
           101	2024-09-19 12:39:06	1	0	1	0
            73	2024-09-19 12:40:27	1	0	1	0
           637	2024-09-19 12:40:37	1	0	1	0
           562	2024-09-19 12:40:42	1	0	1	0
           121	2024-09-19 12:40:50	1	0	1	0
           604	2024-09-19 12:41:07	1	0	1	0
           125	2024-09-19 12:41:14	1	0	1	0
           589	2024-09-19 12:41:43	1	0	1	0
           642	2024-09-19 12:42:23	1	0	1	0
           586	2024-09-19 12:43:14	1	0	1	0
            86	2024-09-19 12:43:18	1	0	15	0
           149	2024-09-19 12:43:32	1	0	1	0
           303	2024-09-19 12:43:40	1	0	1	0
           575	2024-09-19 12:43:47	1	0	1	0
           502	2024-09-19 12:44:21	1	0	1	0
           184	2024-09-19 12:44:33	1	0	1	0
            83	2024-09-19 12:45:51	1	0	1	0
           404	2024-09-19 12:46:07	1	0	1	0
           584	2024-09-19 12:46:16	1	0	1	0
           601	2024-09-19 12:46:40	1	0	1	0
           397	2024-09-19 12:46:50	1	0	1	0
           236	2024-09-19 12:48:05	1	0	1	0
           355	2024-09-19 12:48:13	1	0	1	0
           476	2024-09-19 12:48:16	1	0	1	0
           523	2024-09-19 12:48:23	1	0	1	0
           183	2024-09-19 12:48:26	1	0	1	0
            93	2024-09-19 12:48:36	1	0	1	0
            87	2024-09-19 12:48:49	1	0	1	0
           541	2024-09-19 12:51:02	1	0	1	0
           194	2024-09-19 12:52:03	1	0	1	0
           200	2024-09-19 12:52:12	1	0	1	0
            43	2024-09-19 12:52:21	1	0	1	0
           529	2024-09-19 12:52:31	1	0	1	0
            88	2024-09-19 12:52:57	1	0	1	0
           370	2024-09-19 12:53:03	1	0	15	0
           132	2024-09-19 12:53:12	1	0	1	0
           363	2024-09-19 12:53:19	1	0	1	0
           375	2024-09-19 12:53:25	1	0	1	0
           408	2024-09-19 12:53:33	1	0	1	0
           259	2024-09-19 12:53:44	1	0	1	0
           417	2024-09-19 12:54:06	1	0	15	0
           640	2024-09-19 12:55:05	1	0	1	0
           115	2024-09-19 12:55:42	1	0	1	0
           206	2024-09-19 12:55:53	1	0	1	0
           444	2024-09-19 12:56:01	1	0	1	0
           275	2024-09-19 12:56:52	1	0	1	0
           312	2024-09-19 12:57:08	1	0	1	0
           580	2024-09-19 12:57:48	1	0	1	0
           513	2024-09-19 12:58:18	1	0	1	0
            73	2024-09-19 12:59:07	1	0	1	0
           583	2024-09-19 12:59:41	1	0	1	0
           485	2024-09-19 13:04:15	1	0	1	0
           485	2024-09-19 13:31:02	1	0	1	0
           305	2024-09-19 13:39:16	1	0	1	0
           418	2024-09-19 13:44:08	1	0	1	0
           567	2024-09-19 14:04:28	1	0	1	0
           620	2024-09-19 15:03:56	1	0	1	0
           124	2024-09-19 16:07:53	1	0	15	0
           460	2024-09-19 16:20:32	1	0	1	0
            93	2024-09-19 16:23:11	1	0	1	0
            88	2024-09-19 16:38:20	1	0	1	0
            53	2024-09-19 17:00:03	1	0	1	0
           184	2024-09-19 17:00:09	1	0	1	0
           422	2024-09-19 17:00:13	1	0	1	0
           387	2024-09-19 17:00:21	1	0	15	0
           601	2024-09-19 17:00:28	1	0	1	0
           366	2024-09-19 17:00:34	1	0	1	0
           566	2024-09-19 17:00:37	1	0	1	0
           600	2024-09-19 17:00:40	1	0	1	0
           643	2024-09-19 17:00:58	1	0	15	0
           123	2024-09-19 17:01:04	1	0	1	0
           642	2024-09-19 17:01:10	1	0	1	0
            37	2024-09-19 17:01:15	1	0	1	0
           582	2024-09-19 17:01:20	1	0	1	0
            86	2024-09-19 17:01:26	1	0	1	0
           303	2024-09-19 17:01:31	1	0	1	0
           581	2024-09-19 17:01:36	1	0	1	0
            74	2024-09-19 17:01:43	1	0	1	0
           146	2024-09-19 17:01:49	1	0	15	0
           149	2024-09-19 17:02:00	1	0	1	0
           374	2024-09-19 17:03:00	1	0	1	0
           252	2024-09-19 17:03:20	1	0	15	0
           580	2024-09-19 17:03:30	1	0	1	0
           196	2024-09-19 17:03:36	1	0	1	0
           635	2024-09-19 17:03:42	1	0	1	0
           397	2024-09-19 17:03:58	1	0	1	0
           132	2024-09-19 17:04:05	1	0	1	0
           562	2024-09-19 17:04:15	1	0	1	0
           119	2024-09-19 17:04:30	1	0	15	0
           194	2024-09-19 17:05:03	1	0	1	0
           631	2024-09-19 17:05:27	1	0	1	0
           288	2024-09-19 17:05:46	1	0	1	0
           523	2024-09-19 17:06:15	1	0	1	0
           115	2024-09-19 17:06:42	1	0	1	0
           476	2024-09-19 17:06:49	1	0	1	0
           399	2024-09-19 17:06:56	1	0	1	0
           101	2024-09-19 17:07:06	1	0	1	0
           655	2024-09-19 17:07:17	1	0	1	0
           337	2024-09-19 17:07:33	1	0	1	0
           637	2024-09-19 17:07:49	1	0	1	0
            77	2024-09-19 17:08:34	1	0	1	0
           403	2024-09-19 17:08:41	1	0	1	0
           556	2024-09-19 17:08:48	1	0	1	0
           105	2024-09-19 17:10:40	1	0	1	0
           355	2024-09-19 17:10:46	1	0	1	0
           586	2024-09-19 17:10:53	1	0	1	0
           529	2024-09-19 17:11:58	1	0	1	0
           434	2024-09-19 17:13:20	1	0	1	0
           265	2024-09-19 17:14:23	1	0	1	0
           370	2024-09-19 17:14:36	1	0	15	0
           121	2024-09-19 17:15:12	1	0	1	0
           408	2024-09-19 17:15:29	1	0	1	0
            73	2024-09-19 17:15:42	1	0	1	0
           583	2024-09-19 17:16:00	1	0	1	0
           584	2024-09-19 17:16:30	1	0	1	0
           589	2024-09-19 17:16:42	1	0	1	0
            69	2024-09-19 17:18:33	1	0	1	0
            38	2024-09-19 17:19:13	1	0	1	0
            83	2024-09-19 17:19:50	1	0	1	0
           575	2024-09-19 17:20:31	1	0	1	0
           360	2024-09-19 17:21:19	1	0	1	0
           236	2024-09-19 17:22:30	1	0	1	0
           312	2024-09-19 17:23:42	1	0	1	0
           467	2024-09-19 17:25:10	1	0	1	0
           417	2024-09-19 17:25:35	1	0	15	0
            43	2024-09-19 17:27:28	1	0	1	0
           444	2024-09-19 17:27:35	1	0	1	0
           640	2024-09-19 17:27:45	1	0	1	0
           404	2024-09-19 17:27:51	1	0	1	0
           573	2024-09-19 17:30:38	1	0	1	0
           314	2024-09-19 17:30:47	1	0	1	0
           516	2024-09-19 17:36:16	1	0	1	0
           492	2024-09-19 17:36:20	1	0	1	0
           335	2024-09-19 17:36:33	1	0	1	0
           331	2024-09-19 17:41:47	1	0	1	0
           493	2024-09-19 17:42:01	1	0	1	0
           604	2024-09-19 17:45:18	1	0	1	0
           125	2024-09-19 17:45:25	1	0	1	0
            55	2024-09-19 17:45:58	1	0	1	0
           465	2024-09-19 17:53:01	1	0	1	0
            75	2024-09-19 17:53:08	1	0	1	0
           502	2024-09-19 17:53:32	1	0	1	0
           183	2024-09-19 18:01:09	1	0	1	0
           485	2024-09-19 18:01:40	1	0	1	0
           259	2024-09-19 18:02:03	1	0	1	0
            87	2024-09-19 18:02:32	1	0	1	0
           206	2024-09-19 18:02:54	1	0	1	0
           275	2024-09-19 18:05:00	1	0	1	0
           546	2024-09-19 18:31:34	1	0	1	0
           205	2024-09-19 18:32:37	1	0	1	0
           414	2024-09-19 18:39:21	1	0	1	0
           363	2024-09-19 18:40:26	1	0	1	0
           623	2024-09-19 19:21:09	1	0	1	0
           511	2024-09-19 19:55:24	1	0	1	0
           593	2024-09-19 20:00:34	1	0	1	0
           200	2024-09-19 20:19:47	1	0	1	0
           541	2024-09-19 20:41:16	1	0	1	0
           361	2024-09-19 20:45:08	1	0	1	0
            39	2024-09-19 20:45:24	1	0	1	0
           418	2024-09-19 22:00:23	1	0	1	0
            70	2024-09-19 22:03:53	1	0	1	0
           305	2024-09-19 23:00:15	1	0	1	0
           620	2024-09-20 05:39:03	1	0	1	0
           337	2024-09-20 06:06:52	1	0	1	0
           361	2024-09-20 06:22:14	1	0	1	0
           387	2024-09-20 06:35:50	1	0	15	0
           196	2024-09-20 06:35:57	1	0	1	0
           119	2024-09-20 06:36:08	1	0	15	0
           632	2024-09-20 06:36:21	1	0	1	0
           184	2024-09-20 06:37:41	1	0	1	0
           146	2024-09-20 06:37:48	1	0	15	0
           114	2024-09-20 06:39:04	1	0	1	0
            38	2024-09-20 06:40:17	1	0	1	0
            73	2024-09-20 06:41:10	1	0	1	0
            39	2024-09-20 06:41:19	1	0	1	0
           422	2024-09-20 06:45:27	1	0	1	0
           646	2024-09-20 06:49:38	1	0	1	0
           413	2024-09-20 06:52:31	1	0	4	0
           101	2024-09-20 06:55:08	1	0	1	0
           584	2024-09-20 06:57:38	1	0	1	0
           182	2024-09-20 06:59:33	1	0	1	0
            70	2024-09-20 07:01:07	1	0	1	0
           600	2024-09-20 07:01:24	1	0	1	0
           582	2024-09-20 07:01:35	1	0	1	0
           366	2024-09-20 07:05:38	1	0	1	0
           375	2024-09-20 07:05:50	1	0	1	0
           335	2024-09-20 07:06:17	1	0	1	0
           453	2024-09-20 07:09:33	1	0	15	0
           465	2024-09-20 07:11:55	1	0	1	0
            75	2024-09-20 07:12:03	1	0	1	0
            27	2024-09-20 07:12:15	1	0	15	0
           581	2024-09-20 07:13:53	1	0	15	0
           546	2024-09-20 07:15:14	1	0	1	0
           573	2024-09-20 07:17:55	1	0	1	0
           631	2024-09-20 07:18:47	1	0	1	0
           643	2024-09-20 07:21:51	1	0	15	0
           566	2024-09-20 07:23:19	1	0	1	0
           541	2024-09-20 07:24:00	1	0	1	0
            77	2024-09-20 07:24:10	1	0	1	0
           123	2024-09-20 07:24:43	1	0	1	0
           360	2024-09-20 07:26:15	1	0	1	0
           434	2024-09-20 07:26:28	1	0	1	0
           124	2024-09-20 07:27:53	1	0	15	0
           252	2024-09-20 07:28:11	1	0	15	0
           125	2024-09-20 07:31:12	1	0	1	0
           397	2024-09-20 07:31:45	1	0	1	0
           492	2024-09-20 07:32:02	1	0	1	0
           314	2024-09-20 07:33:14	1	0	1	0
           355	2024-09-20 07:33:44	1	0	1	0
            37	2024-09-20 07:35:08	1	0	1	0
           603	2024-09-20 07:35:33	1	0	1	0
           601	2024-09-20 07:35:54	1	0	1	0
           511	2024-09-20 07:39:28	1	0	1	0
           444	2024-09-20 07:40:49	1	0	1	0
           398	2024-09-20 07:40:53	1	0	1	0
           493	2024-09-20 07:41:37	1	0	1	0
           640	2024-09-20 07:42:13	1	0	1	0
           467	2024-09-20 07:42:36	1	0	1	0
           556	2024-09-20 07:44:28	1	0	1	0
            83	2024-09-20 07:44:33	1	0	1	0
           655	2024-09-20 07:44:56	1	0	1	0
           370	2024-09-20 07:46:09	1	0	15	0
           502	2024-09-20 07:48:02	1	0	1	0
           604	2024-09-20 07:48:41	1	0	1	0
           589	2024-09-20 07:50:24	1	0	1	0
           331	2024-09-20 07:50:50	1	0	1	0
           516	2024-09-20 07:51:14	1	0	1	0
            74	2024-09-20 07:51:40	1	0	15	0
            69	2024-09-20 07:51:53	1	0	1	0
           265	2024-09-20 07:52:10	1	0	1	0
           635	2024-09-20 07:52:15	1	0	1	0
           236	2024-09-20 07:52:27	1	0	1	0
           575	2024-09-20 07:53:23	1	0	1	0
           403	2024-09-20 07:53:44	1	0	1	0
            53	2024-09-20 07:54:25	1	0	1	0
           637	2024-09-20 07:54:31	1	0	1	0
           529	2024-09-20 07:55:24	1	0	1	0
           205	2024-09-20 07:56:36	1	0	1	0
           523	2024-09-20 07:56:44	1	0	1	0
           562	2024-09-20 07:57:06	1	0	1	0
           338	2024-09-20 07:57:14	1	0	1	0
           399	2024-09-20 07:57:55	1	0	1	0
           404	2024-09-20 07:58:22	1	0	1	0
           476	2024-09-20 07:58:28	1	0	1	0
           288	2024-09-20 07:59:41	1	0	1	0
           194	2024-09-20 07:59:47	1	0	1	0
           623	2024-09-20 08:00:10	1	0	1	0
           583	2024-09-20 08:03:02	1	0	1	0
           312	2024-09-20 08:04:07	1	0	1	0
           586	2024-09-20 08:07:23	1	0	1	0
           200	2024-09-20 08:07:55	1	0	1	0
           414	2024-09-20 08:09:24	1	0	1	0
           513	2024-09-20 08:10:29	1	0	1	0
            55	2024-09-20 08:15:04	1	0	1	0
           580	2024-09-20 08:15:14	1	0	1	0
           593	2024-09-20 08:19:21	1	0	1	0
           485	2024-09-20 08:24:06	1	0	1	0
            87	2024-09-20 08:38:25	1	0	1	0
           206	2024-09-20 08:47:19	1	0	1	0
           275	2024-09-20 08:47:31	1	0	1	0
           259	2024-09-20 08:50:22	1	0	1	0
           566	2024-09-20 11:30:07	1	0	1	0
           387	2024-09-20 11:30:33	1	0	15	0
           422	2024-09-20 11:32:01	1	0	1	0
           643	2024-09-20 11:32:17	1	0	15	0
           600	2024-09-20 11:32:23	1	0	1	0
           366	2024-09-20 11:32:33	1	0	1	0
           123	2024-09-20 11:32:54	1	0	1	0
           119	2024-09-20 11:33:11	1	0	15	0
           646	2024-09-20 11:33:33	1	0	1	0
           196	2024-09-20 11:33:54	1	0	1	0
           581	2024-09-20 11:33:58	1	0	1	0
           582	2024-09-20 11:39:02	1	0	1	0
           360	2024-09-20 11:39:08	1	0	1	0
           417	2024-09-20 11:41:23	1	0	1	0
           541	2024-09-20 11:44:22	1	0	1	0
           573	2024-09-20 11:49:20	1	0	1	0
           337	2024-09-20 11:49:27	1	0	1	0
           581	2024-09-20 11:50:24	1	0	1	0
           366	2024-09-20 11:55:26	1	0	1	0
           600	2024-09-20 11:55:32	1	0	1	0
           119	2024-09-20 11:59:55	1	0	15	0
           582	2024-09-20 12:00:01	1	0	1	0
           196	2024-09-20 12:00:07	1	0	1	0
           422	2024-09-20 12:00:13	1	0	1	0
           387	2024-09-20 12:00:22	1	0	15	0
           493	2024-09-20 12:00:30	1	0	1	0
            87	2024-09-20 12:00:41	1	0	1	0
           236	2024-09-20 12:00:59	1	0	1	0
           101	2024-09-20 12:01:09	1	0	1	0
           631	2024-09-20 12:01:17	1	0	1	0
            37	2024-09-20 12:01:23	1	0	1	0
           206	2024-09-20 12:01:27	1	0	1	0
           593	2024-09-20 12:01:30	1	0	1	0
           511	2024-09-20 12:01:35	1	0	1	0
           603	2024-09-20 12:01:40	1	0	1	0
           397	2024-09-20 12:01:45	1	0	1	0
           635	2024-09-20 12:01:51	1	0	1	0
           556	2024-09-20 12:01:57	1	0	1	0
           182	2024-09-20 12:02:21	1	0	1	0
           123	2024-09-20 12:02:29	1	0	1	0
           275	2024-09-20 12:02:44	1	0	1	0
           288	2024-09-20 12:02:54	1	0	1	0
           205	2024-09-20 12:03:03	1	0	1	0
           646	2024-09-20 12:03:19	1	0	1	0
           184	2024-09-20 12:03:26	1	0	1	0
           637	2024-09-20 12:04:19	1	0	1	0
           434	2024-09-20 12:04:24	1	0	1	0
           403	2024-09-20 12:04:34	1	0	1	0
           146	2024-09-20 12:04:54	1	0	15	0
           573	2024-09-20 12:05:07	1	0	1	0
            75	2024-09-20 12:05:24	1	0	1	0
           476	2024-09-20 12:05:37	1	0	1	0
           586	2024-09-20 12:05:48	1	0	1	0
           337	2024-09-20 12:05:55	1	0	1	0
           655	2024-09-20 12:05:59	1	0	1	0
           465	2024-09-20 12:06:04	1	0	1	0
            69	2024-09-20 12:06:10	1	0	1	0
           398	2024-09-20 12:06:36	1	0	1	0
            83	2024-09-20 12:06:42	1	0	1	0
           200	2024-09-20 12:06:54	1	0	1	0
           583	2024-09-20 12:07:18	1	0	1	0
           194	2024-09-20 12:07:38	1	0	1	0
           355	2024-09-20 12:07:44	1	0	1	0
           265	2024-09-20 12:07:54	1	0	1	0
            77	2024-09-20 12:07:58	1	0	1	0
            88	2024-09-20 12:08:11	1	0	1	0
           370	2024-09-20 12:08:19	1	0	15	0
           121	2024-09-20 12:08:26	1	0	1	0
           623	2024-09-20 12:08:31	1	0	1	0
           259	2024-09-20 12:08:53	1	0	1	0
           413	2024-09-20 12:08:58	1	0	4	0
           338	2024-09-20 12:09:10	1	0	1	0
           523	2024-09-20 12:09:19	1	0	1	0
           546	2024-09-20 12:09:23	1	0	1	0
           467	2024-09-20 12:09:31	1	0	1	0
           331	2024-09-20 12:09:49	1	0	1	0
            74	2024-09-20 12:09:57	1	0	1	0
           314	2024-09-20 12:10:04	1	0	1	0
            53	2024-09-20 12:11:46	1	0	1	0
           375	2024-09-20 12:12:14	1	0	1	0
           640	2024-09-20 12:16:02	1	0	1	0
           529	2024-09-20 12:16:10	1	0	1	0
           575	2024-09-20 12:16:35	1	0	1	0
           414	2024-09-20 12:16:41	1	0	1	0
           101	2024-09-20 12:17:47	1	0	1	0
            37	2024-09-20 12:18:30	1	0	1	0
           601	2024-09-20 12:18:36	1	0	1	0
           589	2024-09-20 12:19:02	1	0	1	0
           631	2024-09-20 12:19:40	1	0	1	0
           492	2024-09-20 12:19:54	1	0	1	0
           516	2024-09-20 12:20:01	1	0	1	0
           502	2024-09-20 12:20:13	1	0	1	0
           584	2024-09-20 12:20:53	1	0	1	0
            75	2024-09-20 12:21:33	1	0	1	0
           252	2024-09-20 12:21:43	1	0	15	0
            55	2024-09-20 12:21:53	1	0	1	0
           511	2024-09-20 12:22:00	1	0	1	0
           593	2024-09-20 12:22:03	1	0	1	0
           205	2024-09-20 12:22:35	1	0	1	0
           146	2024-09-20 12:22:59	1	0	15	0
           444	2024-09-20 12:23:42	1	0	1	0
           546	2024-09-20 12:24:24	1	0	1	0
           467	2024-09-20 12:24:35	1	0	1	0
            77	2024-09-20 12:24:53	1	0	1	0
           655	2024-09-20 12:24:59	1	0	1	0
           265	2024-09-20 12:25:06	1	0	1	0
           465	2024-09-20 12:25:15	1	0	1	0
           314	2024-09-20 12:25:19	1	0	1	0
           604	2024-09-20 12:25:22	1	0	1	0
           125	2024-09-20 12:25:29	1	0	1	0
           288	2024-09-20 12:25:42	1	0	1	0
            74	2024-09-20 12:25:49	1	0	15	0
           236	2024-09-20 12:27:04	1	0	1	0
           556	2024-09-20 12:27:29	1	0	1	0
           413	2024-09-20 12:28:16	1	0	4	0
           541	2024-09-20 12:29:21	1	0	1	0
           331	2024-09-20 12:29:49	1	0	1	0
           476	2024-09-20 12:29:55	1	0	1	0
           404	2024-09-20 12:31:25	1	0	1	0
            83	2024-09-20 12:31:45	1	0	1	0
           586	2024-09-20 12:31:54	1	0	1	0
           583	2024-09-20 12:32:53	1	0	1	0
           513	2024-09-20 12:32:58	1	0	1	0
           184	2024-09-20 12:33:33	1	0	1	0
           623	2024-09-20 12:33:41	1	0	1	0
           399	2024-09-20 12:34:59	1	0	1	0
            69	2024-09-20 12:35:19	1	0	1	0
           375	2024-09-20 12:36:20	1	0	1	0
            87	2024-09-20 12:36:40	1	0	1	0
           370	2024-09-20 12:37:13	1	0	15	0
            88	2024-09-20 12:37:18	1	0	15	0
            55	2024-09-20 12:37:35	1	0	1	0
           259	2024-09-20 12:37:44	1	0	1	0
           516	2024-09-20 12:37:55	1	0	1	0
           492	2024-09-20 12:38:02	1	0	1	0
           403	2024-09-20 12:40:02	1	0	1	0
           584	2024-09-20 12:40:24	1	0	1	0
           589	2024-09-20 12:40:33	1	0	1	0
           635	2024-09-20 12:42:21	1	0	1	0
           338	2024-09-20 12:42:40	1	0	1	0
           523	2024-09-20 12:43:22	1	0	1	0
           355	2024-09-20 12:43:27	1	0	1	0
           397	2024-09-20 12:45:53	1	0	1	0
           603	2024-09-20 12:45:58	1	0	1	0
           121	2024-09-20 12:46:07	1	0	1	0
           252	2024-09-20 12:46:40	1	0	15	0
           444	2024-09-20 12:47:10	1	0	1	0
           529	2024-09-20 12:47:31	1	0	15	0
           640	2024-09-20 12:47:33	1	0	1	0
           194	2024-09-20 12:47:36	1	0	1	0
           275	2024-09-20 12:47:43	1	0	1	0
           182	2024-09-20 12:48:01	1	0	1	0
           513	2024-09-20 12:48:07	1	0	1	0
           604	2024-09-20 12:48:34	1	0	1	0
           125	2024-09-20 12:48:47	1	0	1	0
           601	2024-09-20 12:50:16	1	0	1	0
           637	2024-09-20 12:50:34	1	0	1	0
           643	2024-09-20 12:51:55	1	0	15	0
           399	2024-09-20 12:52:35	1	0	1	0
           502	2024-09-20 12:53:10	1	0	1	0
           575	2024-09-20 12:53:19	1	0	1	0
           434	2024-09-20 12:53:25	1	0	1	0
           404	2024-09-20 12:54:38	1	0	1	0
           206	2024-09-20 12:56:15	1	0	1	0
           312	2024-09-20 12:58:05	1	0	1	0
           200	2024-09-20 12:58:48	1	0	1	0
           485	2024-09-20 13:03:28	1	0	1	0
           485	2024-09-20 13:20:07	1	0	1	0
           567	2024-09-20 13:52:34	1	0	1	0
           620	2024-09-20 14:07:55	1	0	1	0
           418	2024-09-20 14:50:16	1	0	1	0
           375	2024-09-20 15:08:14	1	0	1	0
           124	2024-09-20 16:00:38	1	0	15	0
           182	2024-09-20 16:09:35	1	0	1	0
           413	2024-09-20 16:17:03	1	0	4	0
           600	2024-09-20 17:00:09	1	0	1	0
           366	2024-09-20 17:00:13	1	0	1	0
           581	2024-09-20 17:00:26	1	0	15	0
           184	2024-09-20 17:00:31	1	0	1	0
           601	2024-09-20 17:00:35	1	0	1	0
           387	2024-09-20 17:00:43	1	0	15	0
           643	2024-09-20 17:00:50	1	0	15	0
           582	2024-09-20 17:01:00	1	0	1	0
           422	2024-09-20 17:01:07	1	0	1	0
           646	2024-09-20 17:01:16	1	0	1	0
           123	2024-09-20 17:01:22	1	0	1	0
           603	2024-09-20 17:01:28	1	0	1	0
           637	2024-09-20 17:01:32	1	0	1	0
           194	2024-09-20 17:01:53	1	0	1	0
            53	2024-09-20 17:02:03	1	0	1	0
           397	2024-09-20 17:02:13	1	0	1	0
           556	2024-09-20 17:02:19	1	0	1	0
            74	2024-09-20 17:02:46	1	0	15	0
           516	2024-09-20 17:03:09	1	0	15	0
            77	2024-09-20 17:03:17	1	0	1	0
           399	2024-09-20 17:03:26	1	0	1	0
           631	2024-09-20 17:03:36	1	0	1	0
           331	2024-09-20 17:03:48	1	0	1	0
           562	2024-09-20 17:04:15	1	0	1	0
           146	2024-09-20 17:04:32	1	0	15	0
            39	2024-09-20 17:04:44	1	0	1	0
           635	2024-09-20 17:05:42	1	0	1	0
           476	2024-09-20 17:05:53	1	0	1	0
           523	2024-09-20 17:06:05	1	0	1	0
           252	2024-09-20 17:06:11	1	0	15	0
           655	2024-09-20 17:06:44	1	0	1	0
           288	2024-09-20 17:06:49	1	0	1	0
           404	2024-09-20 17:07:15	1	0	1	0
           493	2024-09-20 17:07:29	1	0	1	0
           196	2024-09-20 17:08:12	1	0	1	0
           370	2024-09-20 17:08:21	1	0	15	0
            27	2024-09-20 17:08:47	1	0	15	0
            38	2024-09-20 17:09:18	1	0	1	0
            73	2024-09-20 17:10:32	1	0	1	0
           403	2024-09-20 17:10:39	1	0	1	0
           529	2024-09-20 17:10:42	1	0	1	0
           584	2024-09-20 17:11:21	1	0	1	0
           121	2024-09-20 17:11:24	1	0	1	0
            55	2024-09-20 17:11:39	1	0	1	0
           513	2024-09-20 17:11:46	1	0	1	0
           119	2024-09-20 17:12:08	1	0	15	0
           604	2024-09-20 17:12:23	1	0	1	0
           125	2024-09-20 17:12:31	1	0	1	0
           453	2024-09-20 17:12:39	1	0	1	0
           492	2024-09-20 17:12:45	1	0	1	0
           589	2024-09-20 17:12:53	1	0	1	0
           338	2024-09-20 17:13:11	1	0	1	0
           546	2024-09-20 17:15:04	1	0	1	0
           360	2024-09-20 17:16:10	1	0	1	0
           355	2024-09-20 17:16:26	1	0	1	0
           105	2024-09-20 17:16:59	1	0	1	0
           101	2024-09-20 17:17:33	1	0	1	0
           434	2024-09-20 17:18:20	1	0	1	0
           467	2024-09-20 17:18:29	1	0	1	0
           573	2024-09-20 17:18:35	1	0	1	0
           398	2024-09-20 17:18:51	1	0	1	0
           580	2024-09-20 17:19:27	1	0	1	0
           575	2024-09-20 17:20:00	1	0	1	0
           337	2024-09-20 17:20:47	1	0	1	0
           236	2024-09-20 17:21:09	1	0	1	0
           586	2024-09-20 17:24:17	1	0	1	0
           114	2024-09-20 17:24:41	1	0	1	0
           583	2024-09-20 17:25:25	1	0	1	0
           312	2024-09-20 17:25:55	1	0	1	0
           640	2024-09-20 17:26:22	1	0	1	0
           265	2024-09-20 17:28:02	1	0	1	0
            43	2024-09-20 17:30:22	1	0	1	0
            69	2024-09-20 17:33:54	1	0	1	0
           444	2024-09-20 17:34:04	1	0	1	0
            83	2024-09-20 17:42:30	1	0	1	0
           314	2024-09-20 17:58:36	1	0	1	0
           485	2024-09-20 18:03:25	1	0	1	0
           206	2024-09-20 18:07:11	1	0	1	0
            87	2024-09-20 18:16:05	1	0	1	0
           275	2024-09-20 18:16:46	1	0	1	0
           645	2024-09-20 18:18:00	1	0	1	0
           623	2024-09-20 18:28:21	1	0	1	0
            88	2024-09-20 18:28:37	1	0	15	0
           205	2024-09-20 18:39:52	1	0	1	0
            75	2024-09-20 18:40:29	1	0	1	0
           465	2024-09-20 18:40:42	1	0	1	0
           502	2024-09-20 18:50:57	1	0	1	0
           259	2024-09-20 19:07:26	1	0	1	0
           414	2024-09-20 19:17:56	1	0	1	0
           511	2024-09-20 19:24:52	1	0	1	0
           417	2024-09-20 20:01:11	1	0	15	0
           593	2024-09-20 20:16:40	1	0	1	0
           541	2024-09-20 20:25:38	1	0	1	0
           200	2024-09-20 20:40:46	1	0	1	0
           567	2024-09-20 22:01:28	1	0	1	0
           418	2024-09-20 23:02:35	1	0	1	0
            70	2024-09-20 23:50:27	1	0	1	0
           645	2024-09-21 03:06:00	1	0	1	0
           620	2024-09-21 06:13:44	1	0	1	0
           632	2024-09-21 06:30:24	1	0	1	0
           196	2024-09-21 06:30:40	1	0	1	0
           305	2024-09-21 06:38:06	1	0	1	0
           422	2024-09-21 06:52:29	1	0	1	0
            70	2024-09-21 07:00:30	1	0	1	0
           387	2024-09-21 07:03:57	1	0	15	0
           646	2024-09-21 07:04:11	1	0	1	0
           581	2024-09-21 07:14:42	1	0	1	0
           642	2024-09-21 07:16:19	1	0	1	0
           643	2024-09-21 07:18:47	1	0	15	0
           566	2024-09-21 07:18:52	1	0	15	0
           398	2024-09-21 07:39:23	1	0	1	0
           124	2024-09-21 07:44:22	1	0	15	0
           460	2024-09-21 07:46:40	1	0	1	0
           363	2024-09-21 07:53:50	1	0	1	0
           360	2024-09-21 08:09:23	1	0	1	0
           581	2024-09-21 11:30:20	1	0	1	0
           632	2024-09-21 11:30:32	1	0	1	0
           646	2024-09-21 11:30:53	1	0	1	0
           387	2024-09-21 11:31:43	1	0	15	0
           422	2024-09-21 11:31:53	1	0	1	0
           566	2024-09-21 11:37:33	1	0	1	0
           642	2024-09-21 11:38:37	1	0	1	0
           643	2024-09-21 11:39:00	1	0	15	0
           360	2024-09-21 11:39:37	1	0	1	0
           196	2024-09-21 11:44:22	1	0	1	0
           360	2024-09-21 11:56:16	1	0	1	0
           581	2024-09-21 11:56:36	1	0	1	0
           422	2024-09-21 12:02:28	1	0	1	0
           387	2024-09-21 12:02:36	1	0	15	0
           460	2024-09-21 12:04:22	1	0	1	0
           196	2024-09-21 12:05:01	1	0	1	0
           566	2024-09-21 12:05:16	1	0	1	0
           363	2024-09-21 12:08:19	1	0	1	0
           460	2024-09-21 12:25:00	1	0	1	0
           642	2024-09-21 12:28:31	1	0	1	0
           646	2024-09-21 12:31:14	1	0	1	0
           363	2024-09-21 12:47:43	1	0	15	0
           643	2024-09-21 12:54:12	1	0	1	0
           305	2024-09-21 15:00:14	1	0	1	0
            70	2024-09-21 15:02:46	1	0	1	0
           620	2024-09-21 15:08:56	1	0	1	0
           124	2024-09-21 16:03:17	1	0	15	0
           581	2024-09-21 16:52:07	1	0	1	0
           566	2024-09-21 16:53:29	1	0	1	0
           387	2024-09-21 17:00:07	1	0	15	0
           422	2024-09-21 17:00:12	1	0	1	0
           642	2024-09-21 17:00:20	1	0	1	0
           643	2024-09-21 17:00:34	1	0	15	0
           646	2024-09-21 17:00:52	1	0	1	0
           460	2024-09-21 17:01:03	1	0	1	0
           363	2024-09-21 17:03:07	1	0	1	0
           196	2024-09-21 17:06:05	1	0	1	0
           398	2024-09-21 17:13:47	1	0	1	0
           360	2024-09-21 17:17:54	1	0	1	0
           418	2024-09-21 21:22:24	1	0	1	0
           567	2024-09-21 21:52:24	1	0	1	0
            70	2024-09-21 22:23:50	1	0	1	0
           645	2024-09-21 22:39:08	1	0	1	0
           305	2024-09-22 05:43:36	1	0	1	0
           567	2024-09-22 06:03:09	1	0	1	0
           620	2024-09-22 06:07:00	1	0	1	0
           418	2024-09-22 06:13:57	1	0	1	0
           124	2024-09-22 07:43:11	1	0	15	0
           567	2024-09-22 13:50:55	1	0	1	0
           305	2024-09-22 14:01:07	1	0	1	0
           620	2024-09-22 15:02:23	1	0	1	0
           124	2024-09-22 16:05:52	1	0	15	0
           567	2024-09-22 22:02:10	1	0	1	0
           418	2024-09-22 22:08:15	1	0	1	0
           620	2024-09-23 05:22:10	1	0	1	0
            70	2024-09-23 05:48:58	1	0	1	0
           196	2024-09-23 05:57:43	1	0	1	0
           337	2024-09-23 06:04:52	1	0	15	0
           182	2024-09-23 06:08:25	1	0	1	0
           646	2024-09-23 06:21:51	1	0	1	0
           422	2024-09-23 06:30:02	1	0	1	0
           398	2024-09-23 06:31:56	1	0	1	0
           387	2024-09-23 06:33:50	1	0	15	0
           187	2024-09-23 06:37:07	1	0	1	0
           632	2024-09-23 06:38:32	1	0	1	0
            88	2024-09-23 06:42:54	1	0	15	0
           645	2024-09-23 06:45:26	1	0	1	0
            37	2024-09-23 06:50:01	1	0	1	0
            39	2024-09-23 06:50:14	1	0	1	0
            86	2024-09-23 06:53:27	1	0	1	0
           303	2024-09-23 06:53:31	1	0	1	0
           227	2024-09-23 06:53:43	1	0	15	0
            93	2024-09-23 06:58:40	1	0	1	0
           418	2024-09-23 07:00:39	1	0	1	0
           413	2024-09-23 07:00:45	1	0	4	0
           566	2024-09-23 07:01:22	1	0	1	0
           584	2024-09-23 07:01:53	1	0	1	0
           149	2024-09-23 07:04:40	1	0	1	0
           184	2024-09-23 07:04:53	1	0	1	0
           146	2024-09-23 07:05:17	1	0	15	0
           115	2024-09-23 07:10:01	1	0	1	0
           366	2024-09-23 07:10:57	1	0	1	0
           581	2024-09-23 07:11:34	1	0	1	0
           631	2024-09-23 07:16:42	1	0	1	0
           465	2024-09-23 07:16:49	1	0	1	0
            75	2024-09-23 07:17:06	1	0	1	0
           603	2024-09-23 07:17:31	1	0	1	0
           642	2024-09-23 07:18:49	1	0	1	0
           643	2024-09-23 07:19:03	1	0	15	0
           546	2024-09-23 07:21:02	1	0	1	0
           573	2024-09-23 07:21:18	1	0	1	0
            77	2024-09-23 07:24:30	1	0	1	0
           123	2024-09-23 07:25:38	1	0	1	0
           101	2024-09-23 07:27:41	1	0	1	0
           125	2024-09-23 07:29:08	1	0	1	0
           355	2024-09-23 07:29:27	1	0	1	0
           541	2024-09-23 07:29:52	1	0	1	0
            27	2024-09-23 07:30:26	1	0	15	0
           453	2024-09-23 07:30:42	1	0	15	0
           252	2024-09-23 07:31:05	1	0	15	0
           361	2024-09-23 07:31:29	1	0	1	0
           434	2024-09-23 07:31:53	1	0	1	0
           523	2024-09-23 07:31:59	1	0	1	0
           397	2024-09-23 07:33:40	1	0	1	0
           408	2024-09-23 07:34:05	1	0	1	0
           314	2024-09-23 07:34:52	1	0	1	0
           556	2024-09-23 07:34:57	1	0	1	0
           554	2024-09-23 07:36:52	1	0	1	0
           360	2024-09-23 07:38:15	1	0	1	0
            69	2024-09-23 07:38:20	1	0	1	0
           492	2024-09-23 07:38:57	1	0	1	0
           205	2024-09-23 07:39:04	1	0	1	0
           516	2024-09-23 07:39:43	1	0	1	0
           493	2024-09-23 07:41:22	1	0	1	0
           370	2024-09-23 07:41:28	1	0	15	0
           444	2024-09-23 07:41:34	1	0	1	0
           640	2024-09-23 07:41:54	1	0	1	0
            38	2024-09-23 07:42:52	1	0	1	0
            73	2024-09-23 07:43:05	1	0	1	0
           467	2024-09-23 07:43:21	1	0	1	0
           132	2024-09-23 07:45:00	1	0	1	0
           655	2024-09-23 07:45:06	1	0	1	0
           338	2024-09-23 07:45:21	1	0	1	0
           502	2024-09-23 07:45:26	1	0	1	0
           403	2024-09-23 07:45:37	1	0	1	0
           589	2024-09-23 07:46:05	1	0	1	0
            83	2024-09-23 07:46:09	1	0	1	0
            87	2024-09-23 07:46:14	1	0	15	0
           105	2024-09-23 07:46:53	1	0	1	0
           635	2024-09-23 07:46:58	1	0	1	0
           404	2024-09-23 07:47:31	1	0	1	0
           575	2024-09-23 07:48:06	1	0	1	0
            55	2024-09-23 07:49:00	1	0	1	0
           593	2024-09-23 07:49:09	1	0	1	0
           637	2024-09-23 07:49:15	1	0	1	0
           194	2024-09-23 07:49:18	1	0	1	0
           288	2024-09-23 07:49:24	1	0	1	0
            53	2024-09-23 07:49:43	1	0	1	0
           583	2024-09-23 07:49:56	1	0	1	0
           513	2024-09-23 07:50:05	1	0	1	0
           399	2024-09-23 07:50:41	1	0	1	0
           259	2024-09-23 07:51:34	1	0	1	0
           363	2024-09-23 07:52:24	1	0	1	0
           331	2024-09-23 07:52:30	1	0	1	0
           374	2024-09-23 07:53:15	1	0	1	0
           562	2024-09-23 07:53:33	1	0	1	0
           623	2024-09-23 07:55:15	1	0	1	0
           604	2024-09-23 07:55:27	1	0	1	0
           529	2024-09-23 07:55:43	1	0	1	0
           476	2024-09-23 07:56:12	1	0	1	0
           114	2024-09-23 07:56:19	1	0	1	0
            74	2024-09-23 07:57:24	1	0	1	0
           586	2024-09-23 07:57:28	1	0	1	0
           335	2024-09-23 07:58:20	1	0	1	0
           265	2024-09-23 07:58:54	1	0	1	0
           200	2024-09-23 08:01:10	1	0	1	0
           236	2024-09-23 08:01:21	1	0	1	0
           511	2024-09-23 08:03:01	1	0	1	0
           312	2024-09-23 08:03:29	1	0	1	0
           485	2024-09-23 08:15:52	1	0	1	0
           601	2024-09-23 09:08:08	1	0	1	0
           183	2024-09-23 11:11:24	1	0	1	0
           566	2024-09-23 11:30:28	1	0	1	0
           422	2024-09-23 11:30:45	1	0	1	0
           387	2024-09-23 11:31:56	1	0	15	0
           366	2024-09-23 11:32:23	1	0	15	0
           123	2024-09-23 11:32:34	1	0	1	0
           643	2024-09-23 11:32:42	1	0	1	0
           196	2024-09-23 11:32:49	1	0	1	0
           642	2024-09-23 11:34:11	1	0	1	0
           360	2024-09-23 11:34:56	1	0	1	0
           632	2024-09-23 11:35:00	1	0	1	0
           581	2024-09-23 11:35:13	1	0	15	0
           115	2024-09-23 11:48:04	1	0	1	0
           337	2024-09-23 11:48:23	1	0	1	0
           366	2024-09-23 11:57:55	1	0	15	0
           566	2024-09-23 11:58:17	1	0	1	0
           123	2024-09-23 11:58:25	1	0	1	0
           546	2024-09-23 11:59:27	1	0	1	0
           312	2024-09-23 11:59:32	1	0	1	0
           399	2024-09-23 12:00:14	1	0	1	0
           643	2024-09-23 12:00:20	1	0	1	0
           642	2024-09-23 12:00:28	1	0	1	0
           105	2024-09-23 12:00:48	1	0	1	0
           408	2024-09-23 12:00:50	1	0	1	0
           513	2024-09-23 12:00:54	1	0	1	0
           387	2024-09-23 12:01:03	1	0	15	0
           422	2024-09-23 12:01:09	1	0	1	0
           132	2024-09-23 12:01:19	1	0	1	0
           338	2024-09-23 12:01:25	1	0	1	0
            55	2024-09-23 12:01:48	1	0	1	0
           182	2024-09-23 12:01:55	1	0	1	0
           149	2024-09-23 12:02:01	1	0	1	0
           541	2024-09-23 12:02:10	1	0	1	0
           562	2024-09-23 12:02:15	1	0	1	0
            93	2024-09-23 12:02:18	1	0	1	0
            69	2024-09-23 12:02:24	1	0	1	0
           635	2024-09-23 12:02:29	1	0	1	0
           631	2024-09-23 12:02:39	1	0	1	0
           603	2024-09-23 12:02:43	1	0	1	0
           397	2024-09-23 12:02:46	1	0	1	0
           403	2024-09-23 12:02:54	1	0	1	0
           259	2024-09-23 12:03:16	1	0	1	0
           374	2024-09-23 12:03:39	1	0	1	0
           583	2024-09-23 12:03:53	1	0	1	0
           581	2024-09-23 12:04:00	1	0	1	0
           350	2024-09-23 12:04:11	1	0	1	0
            87	2024-09-23 12:04:51	1	0	1	0
            88	2024-09-23 12:05:06	1	0	15	0
           288	2024-09-23 12:05:19	1	0	15	0
           637	2024-09-23 12:05:32	1	0	1	0
           556	2024-09-23 12:05:38	1	0	1	0
            37	2024-09-23 12:05:46	1	0	1	0
           121	2024-09-23 12:05:56	1	0	15	0
           601	2024-09-23 12:06:00	1	0	1	0
           476	2024-09-23 12:06:09	1	0	1	0
            75	2024-09-23 12:06:15	1	0	1	0
           275	2024-09-23 12:06:21	1	0	1	0
           206	2024-09-23 12:06:32	1	0	1	0
           589	2024-09-23 12:06:43	1	0	1	0
           265	2024-09-23 12:07:02	1	0	1	0
            77	2024-09-23 12:07:07	1	0	1	0
           331	2024-09-23 12:07:16	1	0	1	0
           196	2024-09-23 12:07:22	1	0	1	0
           492	2024-09-23 12:07:56	1	0	1	0
           516	2024-09-23 12:08:10	1	0	1	0
            38	2024-09-23 12:08:34	1	0	1	0
           573	2024-09-23 12:08:47	1	0	1	0
           467	2024-09-23 12:08:52	1	0	1	0
           115	2024-09-23 12:09:01	1	0	1	0
           370	2024-09-23 12:09:07	1	0	15	0
           314	2024-09-23 12:09:13	1	0	1	0
           355	2024-09-23 12:09:21	1	0	1	0
           337	2024-09-23 12:09:27	1	0	1	0
           194	2024-09-23 12:09:41	1	0	1	0
            74	2024-09-23 12:09:59	1	0	1	0
           335	2024-09-23 12:10:05	1	0	1	0
            73	2024-09-23 12:10:18	1	0	1	0
           236	2024-09-23 12:10:38	1	0	1	0
           493	2024-09-23 12:10:41	1	0	1	0
           101	2024-09-23 12:10:45	1	0	1	0
            27	2024-09-23 12:10:57	1	0	15	0
           453	2024-09-23 12:11:09	1	0	1	0
           205	2024-09-23 12:11:21	1	0	1	0
           623	2024-09-23 12:11:32	1	0	1	0
           511	2024-09-23 12:11:59	1	0	1	0
           593	2024-09-23 12:12:02	1	0	1	0
           586	2024-09-23 12:12:09	1	0	1	0
           434	2024-09-23 12:12:51	1	0	1	0
           252	2024-09-23 12:12:56	1	0	15	0
           200	2024-09-23 12:13:31	1	0	1	0
           465	2024-09-23 12:14:03	1	0	1	0
           655	2024-09-23 12:14:07	1	0	1	0
           523	2024-09-23 12:14:44	1	0	1	0
           529	2024-09-23 12:16:57	1	0	1	0
            55	2024-09-23 12:17:13	1	0	1	0
           546	2024-09-23 12:19:14	1	0	1	0
           541	2024-09-23 12:19:18	1	0	1	0
           374	2024-09-23 12:19:20	1	0	1	0
            53	2024-09-23 12:19:26	1	0	1	0
           502	2024-09-23 12:20:26	1	0	1	0
           288	2024-09-23 12:21:36	1	0	1	0
            88	2024-09-23 12:22:05	1	0	15	0
           182	2024-09-23 12:22:12	1	0	1	0
           631	2024-09-23 12:22:25	1	0	1	0
            77	2024-09-23 12:22:36	1	0	1	0
           265	2024-09-23 12:22:42	1	0	1	0
           259	2024-09-23 12:22:55	1	0	1	0
            83	2024-09-23 12:24:16	1	0	1	0
           370	2024-09-23 12:25:03	1	0	15	0
           640	2024-09-23 12:25:22	1	0	1	0
           413	2024-09-23 12:25:36	1	0	4	0
           467	2024-09-23 12:26:30	1	0	1	0
           314	2024-09-23 12:26:36	1	0	1	0
            27	2024-09-23 12:26:56	1	0	15	0
           453	2024-09-23 12:27:04	1	0	1	0
           493	2024-09-23 12:27:13	1	0	1	0
            87	2024-09-23 12:27:28	1	0	1	0
           511	2024-09-23 12:27:31	1	0	1	0
           593	2024-09-23 12:27:35	1	0	1	0
           492	2024-09-23 12:28:48	1	0	1	0
           331	2024-09-23 12:29:07	1	0	1	0
           363	2024-09-23 12:29:31	1	0	1	0
           516	2024-09-23 12:29:51	1	0	1	0
           556	2024-09-23 12:29:58	1	0	1	0
           404	2024-09-23 12:30:22	1	0	1	0
           583	2024-09-23 12:30:31	1	0	1	0
           434	2024-09-23 12:30:40	1	0	1	0
           573	2024-09-23 12:30:58	1	0	1	0
           205	2024-09-23 12:31:05	1	0	1	0
           335	2024-09-23 12:31:19	1	0	1	0
            74	2024-09-23 12:31:25	1	0	1	0
           465	2024-09-23 12:31:36	1	0	1	0
            69	2024-09-23 12:31:42	1	0	1	0
           655	2024-09-23 12:31:48	1	0	1	0
           403	2024-09-23 12:32:02	1	0	1	0
           101	2024-09-23 12:32:31	1	0	1	0
           604	2024-09-23 12:32:51	1	0	1	0
           125	2024-09-23 12:33:00	1	0	1	0
           529	2024-09-23 12:33:10	1	0	1	0
            38	2024-09-23 12:33:59	1	0	1	0
           562	2024-09-23 12:34:06	1	0	1	0
           408	2024-09-23 12:34:17	1	0	1	0
           105	2024-09-23 12:34:26	1	0	1	0
           575	2024-09-23 12:34:31	1	0	1	0
           476	2024-09-23 12:34:34	1	0	1	0
            73	2024-09-23 12:35:06	1	0	1	0
           513	2024-09-23 12:35:13	1	0	1	0
           338	2024-09-23 12:35:30	1	0	1	0
           121	2024-09-23 12:35:40	1	0	1	0
           589	2024-09-23 12:35:47	1	0	1	0
           635	2024-09-23 12:36:35	1	0	1	0
            93	2024-09-23 12:37:16	1	0	1	0
           183	2024-09-23 12:37:40	1	0	1	0
           399	2024-09-23 12:40:53	1	0	1	0
           194	2024-09-23 12:41:51	1	0	1	0
           252	2024-09-23 12:42:03	1	0	15	0
           586	2024-09-23 12:42:51	1	0	1	0
           444	2024-09-23 12:43:06	1	0	1	0
           637	2024-09-23 12:43:30	1	0	1	0
           149	2024-09-23 12:43:36	1	0	1	0
           623	2024-09-23 12:43:57	1	0	1	0
            83	2024-09-23 12:44:28	1	0	1	0
           397	2024-09-23 12:45:51	1	0	1	0
           603	2024-09-23 12:45:55	1	0	1	0
           350	2024-09-23 12:46:33	1	0	1	0
           404	2024-09-23 12:47:09	1	0	1	0
           413	2024-09-23 12:47:19	1	0	4	0
           604	2024-09-23 12:48:29	1	0	1	0
           125	2024-09-23 12:48:34	1	0	1	0
           363	2024-09-23 12:49:20	1	0	1	0
           236	2024-09-23 12:49:41	1	0	1	0
           275	2024-09-23 12:49:51	1	0	1	0
           206	2024-09-23 12:49:55	1	0	1	0
           355	2024-09-23 12:50:09	1	0	1	0
           132	2024-09-23 12:52:07	1	0	1	0
           523	2024-09-23 12:52:22	1	0	1	0
           601	2024-09-23 12:54:17	1	0	1	0
           312	2024-09-23 12:55:12	1	0	1	0
           640	2024-09-23 12:55:28	1	0	1	0
           502	2024-09-23 12:55:44	1	0	1	0
           183	2024-09-23 12:56:45	1	0	1	0
           575	2024-09-23 12:56:54	1	0	1	0
           200	2024-09-23 12:58:52	1	0	1	0
           444	2024-09-23 12:59:03	1	0	1	0
           485	2024-09-23 13:08:42	1	0	1	0
           485	2024-09-23 13:58:27	1	0	1	0
           620	2024-09-23 14:10:34	1	0	1	0
           567	2024-09-23 14:43:24	1	0	1	0
           566	2024-09-23 15:00:04	1	0	1	0
           645	2024-09-23 15:00:31	1	0	15	0
           331	2024-09-23 15:00:36	1	0	1	0
            70	2024-09-23 15:00:43	1	0	1	0
           236	2024-09-23 15:01:04	1	0	1	0
            53	2024-09-23 15:01:23	1	0	1	0
           581	2024-09-23 15:01:30	1	0	1	0
           632	2024-09-23 15:01:35	1	0	1	0
           562	2024-09-23 15:01:40	1	0	1	0
           646	2024-09-23 15:01:49	1	0	1	0
           631	2024-09-23 15:02:18	1	0	1	0
           601	2024-09-23 15:02:59	1	0	1	0
           374	2024-09-23 15:03:46	1	0	1	0
           403	2024-09-23 15:03:53	1	0	1	0
           637	2024-09-23 15:04:00	1	0	1	0
           196	2024-09-23 15:04:42	1	0	1	0
           360	2024-09-23 15:05:50	1	0	1	0
           398	2024-09-23 15:05:56	1	0	1	0
           603	2024-09-23 15:06:04	1	0	1	0
           194	2024-09-23 15:06:50	1	0	1	0
           404	2024-09-23 15:07:06	1	0	1	0
            77	2024-09-23 15:07:13	1	0	1	0
           252	2024-09-23 15:07:20	1	0	15	0
           397	2024-09-23 15:07:46	1	0	1	0
           350	2024-09-23 15:07:52	1	0	1	0
           366	2024-09-23 15:08:03	1	0	1	0
           453	2024-09-23 15:08:46	1	0	1	0
           115	2024-09-23 15:08:53	1	0	1	0
           586	2024-09-23 15:08:57	1	0	1	0
           149	2024-09-23 15:09:10	1	0	1	0
           105	2024-09-23 15:09:16	1	0	1	0
            83	2024-09-23 15:09:22	1	0	1	0
           643	2024-09-23 15:09:28	1	0	1	0
           408	2024-09-23 15:09:34	1	0	1	0
           476	2024-09-23 15:09:38	1	0	1	0
           513	2024-09-23 15:09:43	1	0	1	0
           338	2024-09-23 15:09:47	1	0	1	0
           132	2024-09-23 15:09:54	1	0	1	0
           387	2024-09-23 15:10:02	1	0	15	0
           422	2024-09-23 15:10:11	1	0	1	0
           363	2024-09-23 15:10:17	1	0	1	0
           123	2024-09-23 15:10:28	1	0	1	0
           604	2024-09-23 15:10:35	1	0	1	0
           125	2024-09-23 15:10:43	1	0	1	0
           523	2024-09-23 15:10:57	1	0	1	0
           355	2024-09-23 15:11:43	1	0	1	0
           529	2024-09-23 15:11:51	1	0	1	0
           556	2024-09-23 15:11:55	1	0	1	0
           642	2024-09-23 15:12:58	1	0	1	0
           312	2024-09-23 15:13:13	1	0	1	0
           399	2024-09-23 15:13:21	1	0	1	0
           623	2024-09-23 15:13:25	1	0	1	0
           502	2024-09-23 15:13:33	1	0	1	0
            38	2024-09-23 15:13:50	1	0	1	0
            69	2024-09-23 15:13:59	1	0	1	0
           546	2024-09-23 15:14:40	1	0	1	0
           337	2024-09-23 15:14:48	1	0	1	0
           575	2024-09-23 15:14:54	1	0	1	0
            27	2024-09-23 15:15:29	1	0	15	0
           485	2024-09-23 15:15:35	1	0	1	0
            73	2024-09-23 15:15:45	1	0	1	0
            88	2024-09-23 15:16:08	1	0	15	0
           640	2024-09-23 15:16:28	1	0	1	0
            93	2024-09-23 15:17:08	1	0	1	0
           444	2024-09-23 15:17:37	1	0	1	0
           184	2024-09-23 15:17:45	1	0	1	0
           288	2024-09-23 15:17:48	1	0	1	0
           121	2024-09-23 15:18:24	1	0	1	0
           589	2024-09-23 15:19:57	1	0	1	0
           493	2024-09-23 15:22:13	1	0	1	0
           275	2024-09-23 15:23:16	1	0	1	0
           182	2024-09-23 15:23:23	1	0	1	0
            55	2024-09-23 15:25:24	1	0	1	0
           146	2024-09-23 15:26:03	1	0	15	0
           265	2024-09-23 15:26:19	1	0	1	0
           492	2024-09-23 15:27:43	1	0	1	0
            87	2024-09-23 15:30:36	1	0	1	0
           259	2024-09-23 15:32:12	1	0	1	0
           655	2024-09-23 15:33:23	1	0	1	0
           206	2024-09-23 15:33:36	1	0	1	0
           511	2024-09-23 15:38:32	1	0	1	0
           370	2024-09-23 15:40:15	1	0	1	0
            37	2024-09-23 15:43:38	1	0	1	0
           413	2024-09-23 15:45:59	1	0	4	0
           335	2024-09-23 15:46:29	1	0	1	0
           583	2024-09-23 15:50:59	1	0	1	0
           573	2024-09-23 15:52:49	1	0	1	0
           467	2024-09-23 15:52:53	1	0	1	0
           314	2024-09-23 15:52:59	1	0	1	0
           200	2024-09-23 15:57:27	1	0	1	0
           465	2024-09-23 16:07:05	1	0	1	0
            75	2024-09-23 16:07:09	1	0	1	0
           183	2024-09-23 16:25:09	1	0	1	0
           101	2024-09-23 16:25:12	1	0	1	0
            74	2024-09-23 16:45:54	1	0	1	0
           205	2024-09-23 17:00:27	1	0	1	0
           635	2024-09-23 17:00:55	1	0	1	0
           434	2024-09-23 17:11:04	1	0	1	0
           414	2024-09-23 18:21:55	1	0	1	0
           516	2024-09-23 18:50:56	1	0	1	0
           593	2024-09-23 19:30:04	1	0	1	0
           305	2024-09-23 22:38:12	1	0	1	0
           567	2024-09-23 23:00:35	1	0	1	0
            70	2024-09-24 05:46:13	1	0	15	0
           337	2024-09-24 05:50:54	1	0	1	0
           146	2024-09-24 06:20:00	1	0	15	0
           184	2024-09-24 06:20:06	1	0	1	0
           196	2024-09-24 06:23:49	1	0	1	0
           119	2024-09-24 06:23:56	1	0	15	0
           422	2024-09-24 06:28:26	1	0	1	0
           387	2024-09-24 06:30:43	1	0	15	0
           252	2024-09-24 06:33:48	1	0	15	0
            88	2024-09-24 06:42:38	1	0	15	0
           645	2024-09-24 06:43:41	1	0	1	0
           182	2024-09-24 06:44:20	1	0	1	0
           460	2024-09-24 06:48:40	1	0	1	0
           366	2024-09-24 06:52:36	1	0	1	0
           582	2024-09-24 06:54:05	1	0	1	0
           413	2024-09-24 06:55:34	1	0	4	0
            93	2024-09-24 07:01:52	1	0	1	0
           305	2024-09-24 07:03:01	1	0	1	0
           227	2024-09-24 07:04:00	1	0	15	0
           631	2024-09-24 07:07:29	1	0	1	0
            53	2024-09-24 07:10:28	1	0	1	0
           646	2024-09-24 07:10:49	1	0	1	0
           523	2024-09-24 07:11:02	1	0	1	0
           149	2024-09-24 07:11:45	1	0	1	0
           465	2024-09-24 07:12:00	1	0	1	0
            75	2024-09-24 07:12:22	1	0	1	0
           566	2024-09-24 07:12:52	1	0	1	0
            39	2024-09-24 07:14:13	1	0	1	0
           187	2024-09-24 07:14:47	1	0	1	0
           581	2024-09-24 07:15:50	1	0	1	0
           115	2024-09-24 07:17:01	1	0	1	0
            55	2024-09-24 07:19:54	1	0	1	0
           123	2024-09-24 07:21:00	1	0	1	0
           642	2024-09-24 07:21:21	1	0	1	0
           643	2024-09-24 07:21:37	1	0	1	0
           546	2024-09-24 07:21:55	1	0	1	0
           573	2024-09-24 07:22:31	1	0	1	0
            27	2024-09-24 07:23:25	1	0	15	0
           403	2024-09-24 07:23:37	1	0	1	0
           453	2024-09-24 07:23:47	1	0	1	0
           206	2024-09-24 07:24:44	1	0	1	0
           275	2024-09-24 07:25:02	1	0	1	0
           655	2024-09-24 07:25:42	1	0	15	0
           101	2024-09-24 07:26:10	1	0	1	0
           603	2024-09-24 07:27:40	1	0	1	0
           434	2024-09-24 07:28:07	1	0	1	0
            77	2024-09-24 07:28:15	1	0	1	0
           124	2024-09-24 07:30:49	1	0	15	0
           492	2024-09-24 07:31:11	1	0	1	0
           408	2024-09-24 07:32:27	1	0	1	0
           259	2024-09-24 07:33:15	1	0	1	0
           601	2024-09-24 07:33:49	1	0	1	0
           350	2024-09-24 07:33:54	1	0	1	0
           125	2024-09-24 07:34:07	1	0	1	0
           541	2024-09-24 07:35:25	1	0	1	0
           314	2024-09-24 07:36:07	1	0	1	0
           397	2024-09-24 07:37:16	1	0	1	0
           355	2024-09-24 07:40:42	1	0	1	0
           637	2024-09-24 07:40:57	1	0	1	0
            37	2024-09-24 07:41:18	1	0	1	0
           556	2024-09-24 07:43:53	1	0	1	0
            74	2024-09-24 07:43:59	1	0	15	0
           623	2024-09-24 07:44:11	1	0	1	0
           132	2024-09-24 07:44:29	1	0	1	0
            69	2024-09-24 07:44:36	1	0	1	0
           338	2024-09-24 07:44:40	1	0	1	0
           444	2024-09-24 07:46:19	1	0	1	0
           589	2024-09-24 07:47:47	1	0	1	0
            83	2024-09-24 07:47:53	1	0	1	0
           640	2024-09-24 07:48:02	1	0	1	0
            73	2024-09-24 07:48:39	1	0	1	0
            38	2024-09-24 07:48:46	1	0	1	0
           604	2024-09-24 07:49:52	1	0	1	0
           105	2024-09-24 07:50:46	1	0	1	0
           370	2024-09-24 07:50:58	1	0	1	0
           575	2024-09-24 07:51:07	1	0	1	0
           493	2024-09-24 07:51:25	1	0	1	0
           404	2024-09-24 07:51:32	1	0	1	0
           502	2024-09-24 07:52:09	1	0	1	0
           374	2024-09-24 07:52:14	1	0	1	0
           635	2024-09-24 07:52:58	1	0	1	0
           399	2024-09-24 07:53:09	1	0	1	0
           476	2024-09-24 07:53:14	1	0	1	0
           331	2024-09-24 07:53:31	1	0	1	0
           583	2024-09-24 07:53:56	1	0	1	0
           200	2024-09-24 07:54:20	1	0	1	0
           516	2024-09-24 07:54:50	1	0	15	0
           205	2024-09-24 07:55:09	1	0	1	0
           562	2024-09-24 07:55:26	1	0	1	0
           265	2024-09-24 07:55:46	1	0	1	0
           363	2024-09-24 07:56:10	1	0	1	0
           467	2024-09-24 07:56:18	1	0	1	0
           586	2024-09-24 07:56:37	1	0	1	0
           194	2024-09-24 07:57:25	1	0	1	0
           593	2024-09-24 07:59:28	1	0	1	0
           361	2024-09-24 08:00:32	1	0	1	0
           312	2024-09-24 08:01:05	1	0	1	0
           414	2024-09-24 08:01:22	1	0	1	0
           121	2024-09-24 08:02:04	1	0	1	0
           335	2024-09-24 08:02:09	1	0	1	0
           529	2024-09-24 08:05:00	1	0	1	0
           511	2024-09-24 08:05:22	1	0	1	0
           236	2024-09-24 08:07:26	1	0	1	0
           183	2024-09-24 08:12:22	1	0	1	0
           513	2024-09-24 08:13:44	1	0	1	0
           303	2024-09-24 08:14:22	1	0	1	0
            87	2024-09-24 08:32:38	1	0	1	0
           398	2024-09-24 08:35:17	1	0	1	0
           485	2024-09-24 08:35:28	1	0	1	0
           375	2024-09-24 08:52:12	1	0	1	0
           417	2024-09-24 10:53:44	1	0	15	0
           460	2024-09-24 11:01:45	1	0	1	0
           566	2024-09-24 11:30:04	1	0	1	0
           642	2024-09-24 11:31:02	1	0	1	0
           366	2024-09-24 11:31:36	1	0	15	0
           422	2024-09-24 11:31:49	1	0	1	0
           581	2024-09-24 11:31:56	1	0	1	0
           387	2024-09-24 11:32:01	1	0	15	0
           460	2024-09-24 11:32:09	1	0	1	0
           582	2024-09-24 11:32:13	1	0	1	0
           643	2024-09-24 11:32:20	1	0	1	0
           196	2024-09-24 11:36:13	1	0	1	0
           119	2024-09-24 11:37:36	1	0	15	0
           123	2024-09-24 11:48:13	1	0	1	0
           646	2024-09-24 11:49:11	1	0	1	0
           546	2024-09-24 11:50:42	1	0	1	0
           573	2024-09-24 11:50:57	1	0	1	0
           115	2024-09-24 11:51:14	1	0	1	0
           337	2024-09-24 11:51:21	1	0	15	0
           314	2024-09-24 11:51:41	1	0	1	0
           366	2024-09-24 11:55:16	1	0	15	0
           581	2024-09-24 12:00:04	1	0	1	0
            75	2024-09-24 12:00:11	1	0	1	0
           196	2024-09-24 12:00:21	1	0	1	0
           387	2024-09-24 12:00:26	1	0	15	0
            55	2024-09-24 12:00:32	1	0	1	0
           556	2024-09-24 12:00:37	1	0	1	0
           422	2024-09-24 12:00:42	1	0	1	0
            87	2024-09-24 12:01:04	1	0	1	0
           149	2024-09-24 12:01:09	1	0	1	0
           631	2024-09-24 12:01:18	1	0	1	0
            37	2024-09-24 12:01:29	1	0	1	0
            83	2024-09-24 12:01:33	1	0	1	0
           397	2024-09-24 12:01:39	1	0	1	0
           603	2024-09-24 12:01:50	1	0	1	0
           403	2024-09-24 12:01:58	1	0	1	0
            69	2024-09-24 12:02:03	1	0	1	0
           184	2024-09-24 12:02:08	1	0	1	0
           183	2024-09-24 12:02:13	1	0	1	0
            93	2024-09-24 12:02:22	1	0	1	0
           331	2024-09-24 12:02:27	1	0	1	0
           132	2024-09-24 12:02:34	1	0	1	0
           105	2024-09-24 12:02:40	1	0	1	0
           265	2024-09-24 12:02:45	1	0	1	0
            38	2024-09-24 12:02:58	1	0	1	0
            77	2024-09-24 12:03:04	1	0	1	0
           476	2024-09-24 12:03:10	1	0	1	0
           121	2024-09-24 12:03:19	1	0	15	0
           408	2024-09-24 12:03:25	1	0	1	0
           338	2024-09-24 12:03:35	1	0	1	0
           513	2024-09-24 12:04:03	1	0	1	0
            86	2024-09-24 12:04:20	1	0	1	0
           635	2024-09-24 12:04:26	1	0	1	0
           236	2024-09-24 12:04:36	1	0	1	0
           350	2024-09-24 12:04:49	1	0	1	0
           206	2024-09-24 12:05:02	1	0	1	0
           303	2024-09-24 12:05:44	1	0	1	0
           623	2024-09-24 12:05:59	1	0	1	0
           119	2024-09-24 12:06:16	1	0	15	0
           205	2024-09-24 12:06:23	1	0	1	0
            74	2024-09-24 12:06:30	1	0	1	0
            53	2024-09-24 12:06:36	1	0	1	0
           355	2024-09-24 12:06:46	1	0	1	0
           523	2024-09-24 12:06:51	1	0	1	0
           123	2024-09-24 12:06:56	1	0	1	0
           573	2024-09-24 12:07:11	1	0	1	0
           434	2024-09-24 12:07:22	1	0	1	0
            27	2024-09-24 12:07:41	1	0	15	0
           453	2024-09-24 12:07:48	1	0	1	0
           337	2024-09-24 12:08:01	1	0	1	0
           586	2024-09-24 12:08:05	1	0	1	0
           314	2024-09-24 12:08:11	1	0	1	0
           115	2024-09-24 12:08:18	1	0	1	0
           493	2024-09-24 12:08:22	1	0	1	0
           414	2024-09-24 12:08:34	1	0	1	0
           655	2024-09-24 12:08:37	1	0	1	0
           375	2024-09-24 12:08:44	1	0	1	0
           363	2024-09-24 12:08:51	1	0	1	0
           146	2024-09-24 12:08:58	1	0	15	0
           361	2024-09-24 12:09:16	1	0	1	0
           194	2024-09-24 12:09:32	1	0	1	0
           640	2024-09-24 12:09:41	1	0	1	0
           467	2024-09-24 12:09:45	1	0	1	0
           546	2024-09-24 12:09:48	1	0	1	0
           370	2024-09-24 12:09:56	1	0	15	0
           516	2024-09-24 12:10:38	1	0	1	0
           492	2024-09-24 12:10:42	1	0	1	0
           252	2024-09-24 12:10:51	1	0	15	0
           601	2024-09-24 12:10:56	1	0	1	0
           413	2024-09-24 12:11:12	1	0	4	0
           182	2024-09-24 12:11:35	1	0	1	0
           275	2024-09-24 12:11:56	1	0	1	0
           404	2024-09-24 12:12:24	1	0	1	0
            73	2024-09-24 12:12:43	1	0	1	0
           465	2024-09-24 12:12:49	1	0	1	0
           643	2024-09-24 12:13:01	1	0	1	0
           566	2024-09-24 12:15:54	1	0	1	0
           642	2024-09-24 12:16:05	1	0	1	0
            88	2024-09-24 12:16:20	1	0	1	0
            69	2024-09-24 12:17:11	1	0	1	0
            37	2024-09-24 12:17:21	1	0	1	0
           183	2024-09-24 12:18:23	1	0	1	0
           589	2024-09-24 12:18:46	1	0	1	0
           541	2024-09-24 12:19:02	1	0	1	0
           374	2024-09-24 12:19:41	1	0	1	0
           335	2024-09-24 12:19:52	1	0	1	0
           583	2024-09-24 12:20:06	1	0	1	0
            83	2024-09-24 12:20:19	1	0	1	0
           631	2024-09-24 12:21:23	1	0	1	0
           101	2024-09-24 12:21:39	1	0	1	0
           556	2024-09-24 12:22:15	1	0	1	0
           434	2024-09-24 12:22:36	1	0	1	0
           312	2024-09-24 12:23:03	1	0	1	0
           149	2024-09-24 12:23:14	1	0	1	0
           399	2024-09-24 12:23:57	1	0	1	0
           375	2024-09-24 12:24:07	1	0	1	0
           363	2024-09-24 12:24:19	1	0	1	0
           303	2024-09-24 12:24:25	1	0	1	0
           361	2024-09-24 12:24:47	1	0	1	0
            86	2024-09-24 12:24:50	1	0	1	0
           492	2024-09-24 12:25:45	1	0	1	0
           516	2024-09-24 12:25:55	1	0	1	0
           604	2024-09-24 12:29:00	1	0	1	0
           125	2024-09-24 12:29:12	1	0	1	0
           593	2024-09-24 12:29:38	1	0	1	0
           655	2024-09-24 12:30:01	1	0	1	0
           465	2024-09-24 12:30:04	1	0	1	0
           184	2024-09-24 12:30:23	1	0	1	0
           414	2024-09-24 12:30:28	1	0	1	0
           146	2024-09-24 12:30:33	1	0	15	0
           331	2024-09-24 12:30:48	1	0	1	0
           259	2024-09-24 12:32:14	1	0	1	0
            88	2024-09-24 12:32:18	1	0	1	0
           408	2024-09-24 12:32:26	1	0	1	0
           502	2024-09-24 12:32:36	1	0	1	0
           467	2024-09-24 12:32:44	1	0	1	0
            38	2024-09-24 12:33:05	1	0	1	0
           338	2024-09-24 12:33:44	1	0	1	0
            27	2024-09-24 12:33:56	1	0	15	0
           453	2024-09-24 12:34:04	1	0	1	0
           493	2024-09-24 12:34:11	1	0	1	0
           403	2024-09-24 12:34:24	1	0	1	0
            74	2024-09-24 12:35:03	1	0	1	0
           205	2024-09-24 12:35:10	1	0	1	0
           265	2024-09-24 12:35:16	1	0	1	0
            77	2024-09-24 12:35:23	1	0	1	0
            75	2024-09-24 12:35:38	1	0	1	0
            73	2024-09-24 12:35:49	1	0	1	0
           575	2024-09-24 12:37:28	1	0	1	0
           589	2024-09-24 12:37:47	1	0	1	0
           529	2024-09-24 12:37:54	1	0	1	0
           200	2024-09-24 12:38:01	1	0	1	0
           583	2024-09-24 12:38:53	1	0	1	0
           374	2024-09-24 12:39:49	1	0	1	0
           541	2024-09-24 12:40:08	1	0	1	0
           513	2024-09-24 12:40:13	1	0	1	0
           399	2024-09-24 12:40:29	1	0	1	0
           121	2024-09-24 12:40:48	1	0	1	0
           635	2024-09-24 12:40:58	1	0	1	0
           105	2024-09-24 12:41:12	1	0	1	0
           312	2024-09-24 12:41:33	1	0	1	0
            87	2024-09-24 12:41:56	1	0	1	0
           444	2024-09-24 12:42:05	1	0	1	0
           404	2024-09-24 12:42:10	1	0	1	0
           182	2024-09-24 12:42:19	1	0	1	0
            93	2024-09-24 12:42:26	1	0	1	0
           132	2024-09-24 12:43:14	1	0	1	0
           194	2024-09-24 12:43:21	1	0	1	0
           413	2024-09-24 12:44:10	1	0	4	0
           350	2024-09-24 12:45:06	1	0	1	0
           640	2024-09-24 12:45:35	1	0	1	0
           586	2024-09-24 12:46:18	1	0	1	0
           397	2024-09-24 12:46:36	1	0	1	0
           603	2024-09-24 12:46:40	1	0	1	0
           604	2024-09-24 12:47:18	1	0	1	0
           125	2024-09-24 12:47:26	1	0	1	0
           502	2024-09-24 12:47:37	1	0	1	0
           259	2024-09-24 12:49:03	1	0	1	0
           206	2024-09-24 12:49:21	1	0	1	0
           275	2024-09-24 12:49:29	1	0	1	0
           370	2024-09-24 12:49:54	1	0	15	0
           335	2024-09-24 12:50:23	1	0	1	0
           101	2024-09-24 12:50:58	1	0	1	0
           523	2024-09-24 12:51:32	1	0	1	0
           355	2024-09-24 12:51:35	1	0	1	0
           476	2024-09-24 12:52:43	1	0	1	0
           601	2024-09-24 12:53:12	1	0	1	0
            55	2024-09-24 12:53:34	1	0	1	0
           623	2024-09-24 12:54:03	1	0	1	0
           593	2024-09-24 12:54:33	1	0	1	0
           575	2024-09-24 12:55:46	1	0	1	0
           529	2024-09-24 12:58:45	1	0	1	0
           200	2024-09-24 12:58:57	1	0	1	0
           444	2024-09-24 12:59:34	1	0	1	0
           485	2024-09-24 13:02:38	1	0	1	0
           236	2024-09-24 13:15:14	1	0	1	0
           418	2024-09-24 13:35:51	1	0	1	0
           485	2024-09-24 13:57:44	1	0	1	0
            70	2024-09-24 14:01:29	1	0	1	0
           124	2024-09-24 16:01:05	1	0	15	0
           566	2024-09-24 16:04:16	1	0	1	0
            93	2024-09-24 16:13:34	1	0	1	0
           413	2024-09-24 16:24:25	1	0	4	0
           375	2024-09-24 16:37:13	1	0	1	0
           523	2024-09-24 16:37:53	1	0	1	0
           460	2024-09-24 16:37:58	1	0	1	0
           581	2024-09-24 17:00:08	1	0	1	0
           363	2024-09-24 17:00:13	1	0	1	0
           387	2024-09-24 17:00:24	1	0	15	0
           422	2024-09-24 17:00:29	1	0	1	0
           366	2024-09-24 17:00:36	1	0	1	0
           603	2024-09-24 17:00:44	1	0	1	0
           582	2024-09-24 17:01:24	1	0	1	0
            37	2024-09-24 17:01:37	1	0	1	0
            77	2024-09-24 17:01:42	1	0	1	0
           123	2024-09-24 17:01:48	1	0	1	0
           399	2024-09-24 17:02:01	1	0	1	0
           643	2024-09-24 17:02:12	1	0	1	0
            27	2024-09-24 17:02:24	1	0	15	0
           646	2024-09-24 17:02:48	1	0	1	0
            74	2024-09-24 17:02:54	1	0	1	0
           397	2024-09-24 17:02:58	1	0	1	0
           331	2024-09-24 17:03:03	1	0	1	0
           252	2024-09-24 17:03:10	1	0	15	0
           556	2024-09-24 17:03:32	1	0	1	0
           631	2024-09-24 17:03:39	1	0	1	0
           642	2024-09-24 17:04:06	1	0	1	0
           115	2024-09-24 17:04:16	1	0	1	0
           374	2024-09-24 17:04:20	1	0	1	0
           453	2024-09-24 17:04:34	1	0	1	0
           601	2024-09-24 17:04:40	1	0	1	0
           350	2024-09-24 17:04:50	1	0	1	0
           236	2024-09-24 17:05:04	1	0	1	0
           227	2024-09-24 17:05:16	1	0	15	0
           196	2024-09-24 17:05:29	1	0	1	0
           623	2024-09-24 17:05:43	1	0	1	0
           635	2024-09-24 17:06:28	1	0	1	0
           493	2024-09-24 17:06:41	1	0	1	0
           149	2024-09-24 17:06:58	1	0	1	0
           546	2024-09-24 17:07:16	1	0	1	0
           573	2024-09-24 17:07:19	1	0	1	0
           119	2024-09-24 17:07:40	1	0	15	0
           121	2024-09-24 17:08:13	1	0	1	0
            38	2024-09-24 17:09:00	1	0	1	0
            86	2024-09-24 17:09:07	1	0	1	0
           303	2024-09-24 17:09:17	1	0	1	0
           184	2024-09-24 17:09:26	1	0	1	0
           146	2024-09-24 17:09:34	1	0	15	0
           604	2024-09-24 17:09:40	1	0	1	0
           194	2024-09-24 17:09:46	1	0	1	0
           655	2024-09-24 17:10:02	1	0	1	0
           640	2024-09-24 17:10:10	1	0	1	0
           101	2024-09-24 17:10:29	1	0	1	0
           404	2024-09-24 17:10:42	1	0	1	0
           403	2024-09-24 17:11:21	1	0	1	0
           132	2024-09-24 17:11:29	1	0	1	0
           502	2024-09-24 17:11:34	1	0	1	0
           105	2024-09-24 17:11:42	1	0	1	0
           337	2024-09-24 17:12:04	1	0	1	0
           511	2024-09-24 17:12:12	1	0	1	0
           205	2024-09-24 17:12:19	1	0	1	0
           575	2024-09-24 17:12:51	1	0	1	0
           182	2024-09-24 17:12:57	1	0	1	0
           361	2024-09-24 17:13:27	1	0	1	0
           476	2024-09-24 17:13:32	1	0	1	0
           492	2024-09-24 17:14:09	1	0	1	0
           586	2024-09-24 17:14:51	1	0	1	0
            83	2024-09-24 17:15:07	1	0	1	0
            69	2024-09-24 17:15:21	1	0	1	0
            88	2024-09-24 17:15:37	1	0	1	0
           355	2024-09-24 17:15:58	1	0	1	0
            73	2024-09-24 17:17:10	1	0	1	0
           583	2024-09-24 17:18:39	1	0	1	0
           125	2024-09-24 17:19:44	1	0	1	0
           529	2024-09-24 17:19:51	1	0	15	0
           434	2024-09-24 17:19:59	1	0	1	0
           370	2024-09-24 17:21:32	1	0	15	0
           589	2024-09-24 17:21:59	1	0	1	0
           513	2024-09-24 17:24:27	1	0	1	0
           408	2024-09-24 17:24:39	1	0	1	0
           465	2024-09-24 17:29:55	1	0	1	0
            75	2024-09-24 17:30:05	1	0	1	0
           265	2024-09-24 17:33:01	1	0	1	0
           312	2024-09-24 17:33:30	1	0	1	0
            53	2024-09-24 17:34:28	1	0	1	0
           467	2024-09-24 17:40:13	1	0	1	0
            55	2024-09-24 17:46:09	1	0	1	0
           314	2024-09-24 17:46:22	1	0	1	0
            87	2024-09-24 18:05:18	1	0	1	0
           259	2024-09-24 18:05:32	1	0	1	0
           183	2024-09-24 18:05:47	1	0	1	0
           398	2024-09-24 18:07:00	1	0	1	0
           485	2024-09-24 18:11:36	1	0	1	0
           562	2024-09-24 18:18:26	1	0	1	0
           637	2024-09-24 18:18:31	1	0	1	0
           335	2024-09-24 18:24:07	1	0	1	0
           645	2024-09-24 18:26:42	1	0	1	0
           206	2024-09-24 18:39:02	1	0	1	0
           275	2024-09-24 18:39:23	1	0	1	0
           417	2024-09-24 20:01:07	1	0	15	0
           541	2024-09-24 20:05:57	1	0	1	0
           516	2024-09-24 20:06:35	1	0	1	0
           593	2024-09-24 20:16:04	1	0	1	0
           200	2024-09-24 20:35:02	1	0	1	0
           414	2024-09-24 21:31:50	1	0	1	0
           305	2024-09-24 21:36:52	1	0	1	0
           418	2024-09-24 22:00:22	1	0	1	0
           567	2024-09-24 22:30:32	1	0	15	0
           620	2024-09-25 05:30:47	1	0	1	0
           337	2024-09-25 06:00:43	1	0	1	0
           305	2024-09-25 06:01:06	1	0	1	0
            70	2024-09-25 06:01:47	1	0	15	0
           646	2024-09-25 06:10:10	1	0	1	0
           196	2024-09-25 06:18:38	1	0	1	0
           119	2024-09-25 06:18:50	1	0	15	0
           632	2024-09-25 06:19:13	1	0	1	0
           184	2024-09-25 06:25:16	1	0	1	0
           146	2024-09-25 06:25:24	1	0	15	0
           387	2024-09-25 06:36:34	1	0	15	0
           114	2024-09-25 06:36:59	1	0	1	0
           422	2024-09-25 06:37:47	1	0	1	0
            88	2024-09-25 06:41:15	1	0	15	0
           582	2024-09-25 06:44:40	1	0	1	0
           206	2024-09-25 06:48:07	1	0	1	0
           275	2024-09-25 06:48:11	1	0	1	0
           645	2024-09-25 06:53:36	1	0	1	0
            93	2024-09-25 06:58:55	1	0	1	0
           460	2024-09-25 06:59:59	1	0	1	0
           413	2024-09-25 07:00:06	1	0	4	0
           567	2024-09-25 07:00:15	1	0	1	0
           183	2024-09-25 07:01:34	1	0	1	0
           187	2024-09-25 07:03:30	1	0	1	0
           182	2024-09-25 07:04:18	1	0	1	0
           566	2024-09-25 07:05:53	1	0	1	0
           366	2024-09-25 07:07:06	1	0	1	0
           194	2024-09-25 07:08:02	1	0	1	0
            53	2024-09-25 07:08:53	1	0	1	0
           227	2024-09-25 07:13:14	1	0	15	0
           573	2024-09-25 07:13:22	1	0	1	0
           631	2024-09-25 07:14:12	1	0	1	0
           642	2024-09-25 07:14:20	1	0	1	0
           643	2024-09-25 07:14:30	1	0	1	0
           149	2024-09-25 07:15:02	1	0	1	0
           465	2024-09-25 07:15:56	1	0	1	0
            75	2024-09-25 07:16:14	1	0	1	0
           581	2024-09-25 07:16:32	1	0	1	0
           360	2024-09-25 07:17:22	1	0	1	0
           101	2024-09-25 07:18:18	1	0	1	0
           546	2024-09-25 07:20:31	1	0	1	0
           123	2024-09-25 07:21:09	1	0	1	0
           397	2024-09-25 07:21:18	1	0	1	0
           523	2024-09-25 07:22:07	1	0	1	0
            77	2024-09-25 07:22:25	1	0	1	0
            55	2024-09-25 07:22:32	1	0	1	0
           335	2024-09-25 07:24:09	1	0	1	0
           259	2024-09-25 07:24:19	1	0	1	0
           516	2024-09-25 07:25:11	1	0	1	0
           125	2024-09-25 07:26:25	1	0	1	0
            39	2024-09-25 07:28:48	1	0	1	0
           355	2024-09-25 07:28:59	1	0	1	0
           115	2024-09-25 07:30:55	1	0	1	0
            37	2024-09-25 07:31:03	1	0	1	0
           434	2024-09-25 07:34:13	1	0	1	0
           408	2024-09-25 07:34:47	1	0	1	0
           603	2024-09-25 07:35:54	1	0	1	0
            95	2024-09-25 07:38:23	1	0	15	0
            27	2024-09-25 07:39:48	1	0	15	0
           492	2024-09-25 07:39:54	1	0	1	0
            83	2024-09-25 07:40:02	1	0	1	0
           453	2024-09-25 07:40:09	1	0	1	0
           124	2024-09-25 07:40:39	1	0	15	0
           303	2024-09-25 07:41:21	1	0	1	0
           575	2024-09-25 07:41:38	1	0	1	0
           556	2024-09-25 07:42:39	1	0	1	0
            86	2024-09-25 07:42:47	1	0	1	0
           655	2024-09-25 07:42:54	1	0	1	0
           593	2024-09-25 07:43:39	1	0	1	0
           640	2024-09-25 07:43:44	1	0	1	0
           350	2024-09-25 07:43:49	1	0	1	0
           252	2024-09-25 07:44:01	1	0	15	0
           105	2024-09-25 07:45:00	1	0	1	0
           476	2024-09-25 07:45:29	1	0	1	0
           404	2024-09-25 07:45:54	1	0	1	0
           444	2024-09-25 07:46:26	1	0	1	0
           399	2024-09-25 07:47:10	1	0	1	0
           312	2024-09-25 07:47:16	1	0	1	0
           493	2024-09-25 07:47:36	1	0	1	0
           374	2024-09-25 07:48:17	1	0	1	0
            69	2024-09-25 07:48:46	1	0	1	0
           417	2024-09-25 07:48:56	1	0	15	0
           338	2024-09-25 07:49:16	1	0	1	0
           370	2024-09-25 07:49:35	1	0	1	0
            74	2024-09-25 07:49:44	1	0	15	0
           604	2024-09-25 07:50:41	1	0	1	0
           511	2024-09-25 07:50:57	1	0	1	0
           331	2024-09-25 07:52:21	1	0	1	0
           623	2024-09-25 07:52:54	1	0	1	0
           502	2024-09-25 07:52:59	1	0	1	0
           589	2024-09-25 07:53:06	1	0	1	0
           398	2024-09-25 07:53:26	1	0	1	0
           467	2024-09-25 07:53:39	1	0	1	0
           583	2024-09-25 07:53:48	1	0	1	0
           265	2024-09-25 07:54:30	1	0	1	0
           541	2024-09-25 07:54:38	1	0	1	0
           205	2024-09-25 07:54:56	1	0	1	0
           637	2024-09-25 07:57:46	1	0	1	0
            73	2024-09-25 07:58:02	1	0	1	0
            38	2024-09-25 07:58:08	1	0	1	0
           635	2024-09-25 07:58:17	1	0	1	0
           529	2024-09-25 07:58:39	1	0	1	0
           361	2024-09-25 08:00:51	1	0	1	0
           403	2024-09-25 08:01:03	1	0	1	0
           200	2024-09-25 08:01:23	1	0	1	0
           586	2024-09-25 08:02:37	1	0	1	0
           414	2024-09-25 08:05:53	1	0	1	0
           513	2024-09-25 08:09:19	1	0	1	0
           562	2024-09-25 08:09:29	1	0	1	0
           485	2024-09-25 08:15:41	1	0	1	0
            87	2024-09-25 08:46:44	1	0	1	0
           460	2024-09-25 11:10:33	1	0	1	0
           360	2024-09-25 11:30:10	1	0	1	0
           643	2024-09-25 11:30:16	1	0	15	0
           582	2024-09-25 11:30:38	1	0	1	0
           366	2024-09-25 11:31:10	1	0	1	0
           119	2024-09-25 11:31:28	1	0	15	0
           123	2024-09-25 11:31:37	1	0	1	0
           196	2024-09-25 11:31:44	1	0	1	0
           646	2024-09-25 11:31:51	1	0	1	0
           566	2024-09-25 11:31:54	1	0	1	0
           422	2024-09-25 11:32:10	1	0	1	0
           642	2024-09-25 11:32:21	1	0	1	0
           387	2024-09-25 11:33:45	1	0	15	0
           581	2024-09-25 11:35:47	1	0	1	0
           460	2024-09-25 11:38:06	1	0	1	0
           115	2024-09-25 11:46:55	1	0	1	0
           546	2024-09-25 11:47:01	1	0	1	0
           314	2024-09-25 11:47:07	1	0	1	0
           337	2024-09-25 11:47:15	1	0	15	0
           573	2024-09-25 11:47:21	1	0	1	0
           363	2024-09-25 11:48:02	1	0	1	0
           360	2024-09-25 11:56:01	1	0	1	0
           366	2024-09-25 11:56:25	1	0	1	0
           566	2024-09-25 11:56:38	1	0	1	0
           581	2024-09-25 11:57:37	1	0	1	0
           387	2024-09-25 12:00:06	1	0	15	0
           422	2024-09-25 12:00:14	1	0	1	0
           476	2024-09-25 12:00:20	1	0	1	0
           586	2024-09-25 12:00:29	1	0	1	0
           397	2024-09-25 12:00:45	1	0	1	0
            95	2024-09-25 12:01:15	1	0	15	0
           603	2024-09-25 12:01:21	1	0	1	0
           631	2024-09-25 12:01:25	1	0	1	0
           236	2024-09-25 12:01:33	1	0	1	0
           637	2024-09-25 12:01:38	1	0	1	0
           493	2024-09-25 12:01:40	1	0	1	0
            27	2024-09-25 12:01:45	1	0	15	0
           453	2024-09-25 12:01:56	1	0	1	0
            37	2024-09-25 12:02:03	1	0	1	0
            75	2024-09-25 12:02:11	1	0	1	0
           350	2024-09-25 12:02:18	1	0	1	0
           303	2024-09-25 12:02:25	1	0	1	0
            69	2024-09-25 12:02:30	1	0	1	0
           121	2024-09-25 12:03:13	1	0	1	0
           589	2024-09-25 12:03:19	1	0	1	0
           546	2024-09-25 12:03:32	1	0	1	0
            83	2024-09-25 12:03:42	1	0	1	0
           635	2024-09-25 12:03:52	1	0	1	0
           115	2024-09-25 12:04:03	1	0	1	0
           562	2024-09-25 12:04:13	1	0	1	0
           314	2024-09-25 12:04:17	1	0	1	0
           259	2024-09-25 12:04:24	1	0	1	0
           403	2024-09-25 12:04:31	1	0	1	0
           337	2024-09-25 12:04:42	1	0	15	0
            40	2024-09-25 12:05:57	1	0	1	0
           399	2024-09-25 12:06:07	1	0	1	0
           265	2024-09-25 12:06:12	1	0	1	0
           123	2024-09-25 12:06:17	1	0	1	0
            86	2024-09-25 12:06:22	1	0	1	0
            77	2024-09-25 12:06:29	1	0	1	0
           573	2024-09-25 12:06:35	1	0	1	0
            53	2024-09-25 12:06:45	1	0	1	0
           184	2024-09-25 12:06:50	1	0	1	0
           467	2024-09-25 12:07:36	1	0	1	0
           541	2024-09-25 12:07:43	1	0	1	0
           114	2024-09-25 12:07:46	1	0	1	0
           206	2024-09-25 12:07:55	1	0	1	0
           275	2024-09-25 12:07:58	1	0	1	0
            38	2024-09-25 12:08:06	1	0	1	0
           556	2024-09-25 12:08:32	1	0	1	0
           655	2024-09-25 12:08:43	1	0	1	0
           374	2024-09-25 12:08:47	1	0	1	0
           465	2024-09-25 12:09:42	1	0	1	0
           252	2024-09-25 12:09:48	1	0	15	0
           583	2024-09-25 12:10:13	1	0	1	0
           646	2024-09-25 12:10:28	1	0	1	0
           355	2024-09-25 12:10:34	1	0	1	0
           523	2024-09-25 12:10:41	1	0	1	0
            73	2024-09-25 12:11:03	1	0	1	0
           312	2024-09-25 12:11:14	1	0	1	0
            88	2024-09-25 12:11:28	1	0	1	0
           593	2024-09-25 12:12:09	1	0	1	0
           511	2024-09-25 12:12:12	1	0	1	0
            87	2024-09-25 12:12:15	1	0	1	0
           623	2024-09-25 12:12:18	1	0	15	0
           643	2024-09-25 12:12:31	1	0	1	0
           194	2024-09-25 12:12:37	1	0	1	0
           640	2024-09-25 12:12:43	1	0	1	0
           414	2024-09-25 12:13:09	1	0	1	0
           146	2024-09-25 12:13:24	1	0	15	0
           205	2024-09-25 12:13:38	1	0	1	0
           434	2024-09-25 12:13:44	1	0	1	0
            55	2024-09-25 12:13:53	1	0	1	0
           370	2024-09-25 12:14:27	1	0	15	0
           119	2024-09-25 12:15:16	1	0	15	0
           408	2024-09-25 12:15:45	1	0	1	0
           182	2024-09-25 12:15:54	1	0	1	0
           331	2024-09-25 12:16:16	1	0	1	0
           105	2024-09-25 12:16:36	1	0	1	0
           413	2024-09-25 12:17:26	1	0	4	0
           516	2024-09-25 12:17:39	1	0	1	0
           492	2024-09-25 12:17:45	1	0	1	0
           101	2024-09-25 12:18:05	1	0	1	0
            37	2024-09-25 12:18:17	1	0	1	0
           601	2024-09-25 12:20:13	1	0	1	0
           361	2024-09-25 12:20:27	1	0	1	0
           417	2024-09-25 12:20:41	1	0	1	0
           493	2024-09-25 12:21:02	1	0	1	0
            27	2024-09-25 12:21:24	1	0	15	0
           453	2024-09-25 12:21:32	1	0	1	0
           476	2024-09-25 12:21:38	1	0	1	0
            53	2024-09-25 12:22:05	1	0	1	0
            39	2024-09-25 12:22:12	1	0	1	0
           183	2024-09-25 12:22:27	1	0	1	0
           513	2024-09-25 12:22:33	1	0	1	0
           404	2024-09-25 12:22:37	1	0	1	0
            77	2024-09-25 12:23:23	1	0	1	0
           265	2024-09-25 12:23:31	1	0	1	0
           335	2024-09-25 12:23:35	1	0	1	0
            83	2024-09-25 12:23:55	1	0	1	0
           374	2024-09-25 12:24:18	1	0	1	0
           589	2024-09-25 12:24:21	1	0	1	0
           541	2024-09-25 12:24:36	1	0	1	0
           655	2024-09-25 12:25:37	1	0	1	0
           502	2024-09-25 12:25:54	1	0	1	0
           114	2024-09-25 12:26:07	1	0	1	0
           465	2024-09-25 12:26:31	1	0	1	0
            74	2024-09-25 12:27:04	1	0	1	0
           593	2024-09-25 12:27:09	1	0	1	0
           511	2024-09-25 12:27:12	1	0	1	0
           623	2024-09-25 12:27:21	1	0	1	0
           259	2024-09-25 12:27:27	1	0	1	0
           252	2024-09-25 12:28:02	1	0	15	0
           642	2024-09-25 12:28:29	1	0	1	0
           205	2024-09-25 12:28:42	1	0	1	0
           434	2024-09-25 12:28:52	1	0	1	0
           556	2024-09-25 12:29:06	1	0	1	0
           529	2024-09-25 12:29:40	1	0	1	0
           604	2024-09-25 12:29:54	1	0	1	0
           125	2024-09-25 12:30:06	1	0	1	0
            55	2024-09-25 12:30:10	1	0	1	0
            69	2024-09-25 12:30:15	1	0	1	0
           586	2024-09-25 12:30:22	1	0	1	0
           631	2024-09-25 12:30:29	1	0	1	0
            40	2024-09-25 12:31:19	1	0	1	0
           562	2024-09-25 12:33:23	1	0	1	0
            75	2024-09-25 12:34:58	1	0	1	0
           516	2024-09-25 12:35:07	1	0	1	0
           492	2024-09-25 12:35:19	1	0	1	0
           575	2024-09-25 12:35:25	1	0	1	0
           583	2024-09-25 12:35:55	1	0	1	0
           413	2024-09-25 12:36:23	1	0	4	0
           467	2024-09-25 12:36:30	1	0	1	0
           635	2024-09-25 12:36:37	1	0	1	0
            73	2024-09-25 12:37:04	1	0	1	0
           338	2024-09-25 12:37:12	1	0	1	0
            93	2024-09-25 12:37:32	1	0	1	0
            38	2024-09-25 12:37:37	1	0	1	0
           200	2024-09-25 12:38:07	1	0	1	0
           408	2024-09-25 12:38:09	1	0	1	0
           149	2024-09-25 12:39:46	1	0	1	0
           101	2024-09-25 12:40:19	1	0	1	0
           403	2024-09-25 12:40:31	1	0	1	0
           502	2024-09-25 12:41:19	1	0	1	0
            86	2024-09-25 12:42:36	1	0	1	0
           303	2024-09-25 12:42:41	1	0	1	0
           513	2024-09-25 12:42:55	1	0	1	0
           121	2024-09-25 12:43:07	1	0	1	0
           206	2024-09-25 12:43:20	1	0	1	0
           444	2024-09-25 12:43:40	1	0	1	0
           640	2024-09-25 12:43:48	1	0	1	0
           275	2024-09-25 12:44:17	1	0	1	0
           529	2024-09-25 12:44:46	1	0	1	0
           604	2024-09-25 12:45:03	1	0	1	0
           125	2024-09-25 12:45:08	1	0	1	0
           361	2024-09-25 12:46:10	1	0	1	0
           417	2024-09-25 12:46:21	1	0	1	0
           637	2024-09-25 12:46:32	1	0	1	0
           105	2024-09-25 12:46:44	1	0	1	0
           397	2024-09-25 12:46:48	1	0	1	0
           603	2024-09-25 12:46:52	1	0	1	0
           404	2024-09-25 12:46:59	1	0	1	0
            88	2024-09-25 12:47:06	1	0	1	0
           370	2024-09-25 12:47:15	1	0	15	0
           350	2024-09-25 12:47:39	1	0	1	0
            74	2024-09-25 12:47:50	1	0	1	0
           582	2024-09-25 12:48:40	1	0	1	0
           182	2024-09-25 12:49:59	1	0	1	0
            39	2024-09-25 12:51:10	1	0	1	0
           355	2024-09-25 12:51:29	1	0	1	0
           523	2024-09-25 12:51:32	1	0	1	0
           194	2024-09-25 12:51:57	1	0	1	0
            87	2024-09-25 12:53:03	1	0	1	0
           399	2024-09-25 12:54:11	1	0	1	0
           183	2024-09-25 12:55:17	1	0	1	0
            93	2024-09-25 12:55:23	1	0	1	0
           331	2024-09-25 12:55:49	1	0	1	0
           575	2024-09-25 12:55:56	1	0	1	0
           184	2024-09-25 12:56:01	1	0	1	0
           312	2024-09-25 12:56:40	1	0	1	0
           200	2024-09-25 12:56:48	1	0	1	0
           444	2024-09-25 12:58:47	1	0	1	0
           485	2024-09-25 13:02:50	1	0	1	0
           236	2024-09-25 13:17:38	1	0	1	0
           485	2024-09-25 13:46:36	1	0	1	0
           620	2024-09-25 14:09:04	1	0	1	0
            70	2024-09-25 15:02:41	1	0	1	0
           124	2024-09-25 16:00:57	1	0	15	0
            93	2024-09-25 16:12:14	1	0	1	0
           182	2024-09-25 16:15:21	1	0	1	0
            88	2024-09-25 16:22:32	1	0	1	0
           413	2024-09-25 16:24:41	1	0	4	0
           460	2024-09-25 16:33:09	1	0	1	0
           581	2024-09-25 17:00:05	1	0	1	0
           123	2024-09-25 17:00:08	1	0	1	0
           422	2024-09-25 17:00:13	1	0	1	0
           387	2024-09-25 17:00:20	1	0	15	0
           603	2024-09-25 17:00:24	1	0	1	0
           566	2024-09-25 17:00:26	1	0	1	0
            55	2024-09-25 17:00:32	1	0	1	0
           366	2024-09-25 17:00:38	1	0	1	0
           645	2024-09-25 17:00:44	1	0	1	0
           582	2024-09-25 17:00:50	1	0	1	0
           642	2024-09-25 17:00:58	1	0	1	0
           643	2024-09-25 17:01:15	1	0	15	0
            77	2024-09-25 17:01:21	1	0	1	0
           646	2024-09-25 17:01:28	1	0	1	0
           397	2024-09-25 17:01:33	1	0	1	0
            37	2024-09-25 17:01:38	1	0	1	0
            74	2024-09-25 17:01:43	1	0	1	0
           184	2024-09-25 17:01:48	1	0	1	0
           331	2024-09-25 17:02:21	1	0	1	0
           350	2024-09-25 17:02:42	1	0	1	0
           601	2024-09-25 17:03:07	1	0	1	0
           556	2024-09-25 17:03:14	1	0	1	0
           149	2024-09-25 17:03:37	1	0	1	0
           101	2024-09-25 17:04:55	1	0	1	0
           637	2024-09-25 17:05:00	1	0	1	0
           115	2024-09-25 17:05:12	1	0	1	0
           523	2024-09-25 17:05:26	1	0	1	0
            39	2024-09-25 17:06:15	1	0	1	0
           476	2024-09-25 17:07:27	1	0	1	0
           493	2024-09-25 17:07:31	1	0	1	0
           374	2024-09-25 17:07:35	1	0	1	0
           586	2024-09-25 17:07:44	1	0	1	0
           589	2024-09-25 17:08:12	1	0	1	0
           623	2024-09-25 17:08:18	1	0	1	0
           399	2024-09-25 17:08:27	1	0	1	0
           453	2024-09-25 17:08:36	1	0	1	0
           631	2024-09-25 17:08:43	1	0	1	0
           604	2024-09-25 17:08:48	1	0	1	0
           417	2024-09-25 17:08:59	1	0	1	0
            27	2024-09-25 17:09:10	1	0	15	0
           546	2024-09-25 17:10:00	1	0	1	0
           337	2024-09-25 17:10:08	1	0	1	0
           492	2024-09-25 17:10:19	1	0	1	0
           252	2024-09-25 17:10:25	1	0	15	0
           655	2024-09-25 17:10:35	1	0	1	0
           194	2024-09-25 17:10:55	1	0	1	0
           227	2024-09-25 17:11:14	1	0	15	0
            53	2024-09-25 17:12:33	1	0	1	0
           146	2024-09-25 17:12:39	1	0	15	0
           355	2024-09-25 17:14:50	1	0	1	0
           236	2024-09-25 17:15:09	1	0	1	0
           265	2024-09-25 17:15:24	1	0	1	0
            38	2024-09-25 17:17:37	1	0	1	0
           312	2024-09-25 17:18:27	1	0	1	0
           444	2024-09-25 17:19:29	1	0	1	0
           640	2024-09-25 17:19:40	1	0	1	0
           583	2024-09-25 17:20:11	1	0	1	0
            69	2024-09-25 17:21:21	1	0	1	0
           434	2024-09-25 17:21:27	1	0	1	0
           575	2024-09-25 17:21:50	1	0	1	0
           513	2024-09-25 17:22:23	1	0	1	0
           408	2024-09-25 17:22:38	1	0	1	0
           338	2024-09-25 17:22:46	1	0	1	0
           467	2024-09-25 17:26:21	1	0	1	0
           370	2024-09-25 17:27:06	1	0	15	0
           502	2024-09-25 17:27:30	1	0	1	0
           403	2024-09-25 17:29:11	1	0	1	0
           529	2024-09-25 17:31:56	1	0	15	0
           635	2024-09-25 17:32:01	1	0	1	0
           125	2024-09-25 17:32:07	1	0	1	0
           361	2024-09-25 17:33:06	1	0	1	0
           303	2024-09-25 17:34:50	1	0	1	0
            86	2024-09-25 17:34:52	1	0	1	0
           573	2024-09-25 17:35:09	1	0	1	0
           314	2024-09-25 17:35:14	1	0	1	0
            73	2024-09-25 17:38:25	1	0	1	0
           465	2024-09-25 17:40:27	1	0	1	0
            95	2024-09-25 17:49:31	1	0	15	0
           114	2024-09-25 17:52:49	1	0	1	0
           511	2024-09-25 17:54:19	1	0	1	0
           121	2024-09-25 17:54:24	1	0	1	0
           196	2024-09-25 18:00:17	1	0	1	0
           485	2024-09-25 18:02:07	1	0	1	0
           119	2024-09-25 18:03:18	1	0	15	0
           398	2024-09-25 18:03:26	1	0	1	0
           360	2024-09-25 18:03:35	1	0	1	0
            83	2024-09-25 18:04:23	1	0	1	0
           183	2024-09-25 18:06:25	1	0	1	0
            87	2024-09-25 18:10:43	1	0	1	0
           206	2024-09-25 18:15:32	1	0	1	0
           259	2024-09-25 18:42:38	1	0	1	0
           205	2024-09-25 18:54:06	1	0	1	0
            40	2024-09-25 19:00:31	1	0	1	0
           516	2024-09-25 19:00:44	1	0	1	0
           335	2024-09-25 19:24:11	1	0	1	0
