           331	2024-05-08 07:50:58	1	0	1	0
           403	2024-05-08 07:51:14	1	0	1	0
           105	2024-05-08 07:51:24	1	0	1	0
           476	2024-05-08 07:51:29	1	0	1	0
           338	2024-05-08 07:51:34	1	0	1	0
           453	2024-05-08 07:51:42	1	0	1	0
            69	2024-05-08 07:52:11	1	0	1	0
           101	2024-05-08 07:52:20	1	0	1	0
           586	2024-05-08 07:52:42	1	0	1	0
           404	2024-05-08 07:53:03	1	0	1	0
           205	2024-05-08 07:53:17	1	0	1	0
           200	2024-05-08 07:53:51	1	0	1	0
           236	2024-05-08 07:54:37	1	0	1	0
           574	2024-05-08 07:55:45	1	0	1	0
           363	2024-05-08 07:55:58	1	0	1	0
           361	2024-05-08 07:56:02	1	0	1	0
           609	2024-05-08 07:57:38	1	0	1	0
           252	2024-05-08 08:01:34	1	0	15	0
           511	2024-05-08 08:02:12	1	0	1	0
           249	2024-05-08 08:07:49	1	0	1	0
           312	2024-05-08 08:08:38	1	0	1	0
           275	2024-05-08 08:13:24	1	0	1	0
           206	2024-05-08 08:13:30	1	0	1	0
           182	2024-05-08 08:30:42	1	0	1	0
           425	2024-05-08 08:31:08	1	0	1	0
           485	2024-05-08 08:43:09	1	0	1	0
           405	2024-05-08 08:44:37	1	0	1	0
           460	2024-05-08 11:00:21	1	0	1	0
            88	2024-05-08 11:02:40	1	0	15	0
           370	2024-05-08 11:02:46	1	0	15	0
           288	2024-05-08 11:02:51	1	0	1	0
            93	2024-05-08 11:03:00	1	0	1	0
           183	2024-05-08 11:21:21	1	0	1	0
           288	2024-05-08 11:21:26	1	0	1	0
            88	2024-05-08 11:21:33	1	0	15	0
           370	2024-05-08 11:21:38	1	0	15	0
            93	2024-05-08 11:21:46	1	0	1	0
           460	2024-05-08 11:23:14	1	0	1	0
           387	2024-05-08 11:30:21	1	0	15	0
           600	2024-05-08 11:30:27	1	0	1	0
           566	2024-05-08 11:30:31	1	0	1	0
           582	2024-05-08 11:30:41	1	0	1	0
           366	2024-05-08 11:30:50	1	0	1	0
           632	2024-05-08 11:30:59	1	0	1	0
           443	2024-05-08 11:31:32	1	0	1	0
           123	2024-05-08 11:32:01	1	0	1	0
           360	2024-05-08 11:33:04	1	0	1	0
           119	2024-05-08 11:35:35	1	0	15	0
           196	2024-05-08 11:35:49	1	0	1	0
           581	2024-05-08 11:36:57	1	0	1	0
           183	2024-05-08 11:53:12	1	0	1	0
           337	2024-05-08 11:54:08	1	0	1	0
           546	2024-05-08 11:54:13	1	0	1	0
           123	2024-05-08 11:54:40	1	0	1	0
           115	2024-05-08 11:58:14	1	0	1	0
           579	2024-05-08 11:58:22	1	0	1	0
           573	2024-05-08 11:58:28	1	0	1	0
           553	2024-05-08 11:58:33	1	0	1	0
           554	2024-05-08 11:58:38	1	0	1	0
            27	2024-05-08 12:00:06	1	0	15	0
           453	2024-05-08 12:00:16	1	0	15	0
           623	2024-05-08 12:00:20	1	0	15	0
           184	2024-05-08 12:00:28	1	0	1	0
           493	2024-05-08 12:00:34	1	0	1	0
           601	2024-05-08 12:00:38	1	0	1	0
           595	2024-05-08 12:00:41	1	0	1	0
           196	2024-05-08 12:00:46	1	0	1	0
           366	2024-05-08 12:00:59	1	0	15	0
           443	2024-05-08 12:01:07	1	0	1	0
           387	2024-05-08 12:01:14	1	0	15	0
            37	2024-05-08 12:01:21	1	0	1	0
           556	2024-05-08 12:01:26	1	0	1	0
           265	2024-05-08 12:01:35	1	0	1	0
            77	2024-05-08 12:01:40	1	0	1	0
           338	2024-05-08 12:01:45	1	0	1	0
           609	2024-05-08 12:01:53	1	0	1	0
           314	2024-05-08 12:02:06	1	0	1	0
           610	2024-05-08 12:02:10	1	0	1	0
           511	2024-05-08 12:02:16	1	0	1	0
           600	2024-05-08 12:02:21	1	0	1	0
           582	2024-05-08 12:02:34	1	0	1	0
           584	2024-05-08 12:02:41	1	0	1	0
           121	2024-05-08 12:02:50	1	0	1	0
           631	2024-05-08 12:02:57	1	0	1	0
           434	2024-05-08 12:04:08	1	0	1	0
           635	2024-05-08 12:04:26	1	0	1	0
           259	2024-05-08 12:04:33	1	0	15	0
           397	2024-05-08 12:04:37	1	0	1	0
           312	2024-05-08 12:04:41	1	0	1	0
           476	2024-05-08 12:04:45	1	0	1	0
            69	2024-05-08 12:05:22	1	0	1	0
           249	2024-05-08 12:05:39	1	0	1	0
           413	2024-05-08 12:05:48	1	0	4	0
           403	2024-05-08 12:05:59	1	0	1	0
           360	2024-05-08 12:06:06	1	0	1	0
           575	2024-05-08 12:06:12	1	0	1	0
           634	2024-05-08 12:06:16	1	0	1	0
           523	2024-05-08 12:06:52	1	0	1	0
           636	2024-05-08 12:06:55	1	0	1	0
            75	2024-05-08 12:07:30	1	0	1	0
           132	2024-05-08 12:07:51	1	0	1	0
           408	2024-05-08 12:07:58	1	0	1	0
           604	2024-05-08 12:08:27	1	0	1	0
           586	2024-05-08 12:08:36	1	0	1	0
           624	2024-05-08 12:08:41	1	0	1	0
           502	2024-05-08 12:09:21	1	0	1	0
           105	2024-05-08 12:09:35	1	0	1	0
           566	2024-05-08 12:09:52	1	0	1	0
           546	2024-05-08 12:09:58	1	0	1	0
           331	2024-05-08 12:10:49	1	0	1	0
           405	2024-05-08 12:13:17	1	0	1	0
           417	2024-05-08 12:13:25	1	0	1	0
           363	2024-05-08 12:13:38	1	0	1	0
           375	2024-05-08 12:13:44	1	0	1	0
            83	2024-05-08 12:14:05	1	0	1	0
            53	2024-05-08 12:14:15	1	0	1	0
           589	2024-05-08 12:14:18	1	0	1	0
           337	2024-05-08 12:14:32	1	0	1	0
           553	2024-05-08 12:14:43	1	0	1	0
           573	2024-05-08 12:14:50	1	0	1	0
           236	2024-05-08 12:14:58	1	0	1	0
           554	2024-05-08 12:15:27	1	0	1	0
           115	2024-05-08 12:15:33	1	0	1	0
           348	2024-05-08 12:16:02	1	0	1	0
           404	2024-05-08 12:16:39	1	0	1	0
            37	2024-05-08 12:17:16	1	0	1	0
           610	2024-05-08 12:17:36	1	0	1	0
           314	2024-05-08 12:17:40	1	0	1	0
           355	2024-05-08 12:17:45	1	0	1	0
           453	2024-05-08 12:18:05	1	0	1	0
            27	2024-05-08 12:18:21	1	0	15	0
           574	2024-05-08 12:18:27	1	0	1	0
           493	2024-05-08 12:18:30	1	0	1	0
           601	2024-05-08 12:18:54	1	0	1	0
           595	2024-05-08 12:19:02	1	0	1	0
           511	2024-05-08 12:19:12	1	0	1	0
           584	2024-05-08 12:19:41	1	0	1	0
           603	2024-05-08 12:20:23	1	0	1	0
           529	2024-05-08 12:20:24	1	0	15	0
           259	2024-05-08 12:20:51	1	0	1	0
           413	2024-05-08 12:21:19	1	0	4	0
           434	2024-05-08 12:21:25	1	0	1	0
            69	2024-05-08 12:21:33	1	0	1	0
           265	2024-05-08 12:22:21	1	0	1	0
            77	2024-05-08 12:22:27	1	0	1	0
           523	2024-05-08 12:22:36	1	0	1	0
           636	2024-05-08 12:22:42	1	0	1	0
           631	2024-05-08 12:24:02	1	0	1	0
            39	2024-05-08 12:24:13	1	0	1	0
           149	2024-05-08 12:24:45	1	0	1	0
            75	2024-05-08 12:25:18	1	0	1	0
           105	2024-05-08 12:28:02	1	0	1	0
            83	2024-05-08 12:30:11	1	0	1	0
           338	2024-05-08 12:30:16	1	0	1	0
            53	2024-05-08 12:30:36	1	0	1	0
           375	2024-05-08 12:30:41	1	0	1	0
           417	2024-05-08 12:30:54	1	0	15	0
           405	2024-05-08 12:31:02	1	0	1	0
           363	2024-05-08 12:31:09	1	0	1	0
           348	2024-05-08 12:31:23	1	0	1	0
           556	2024-05-08 12:31:48	1	0	1	0
           635	2024-05-08 12:32:22	1	0	1	0
           200	2024-05-08 12:32:50	1	0	1	0
           604	2024-05-08 12:33:25	1	0	1	0
           331	2024-05-08 12:33:37	1	0	1	0
           121	2024-05-08 12:33:47	1	0	1	0
           146	2024-05-08 12:34:21	1	0	15	0
           249	2024-05-08 12:34:49	1	0	1	0
           623	2024-05-08 12:34:59	1	0	1	0
           252	2024-05-08 12:35:08	1	0	15	0
           194	2024-05-08 12:35:22	1	0	15	0
           355	2024-05-08 12:36:42	1	0	1	0
           403	2024-05-08 12:39:07	1	0	1	0
           476	2024-05-08 12:40:10	1	0	1	0
           589	2024-05-08 12:40:13	1	0	1	0
           397	2024-05-08 12:41:01	1	0	1	0
           574	2024-05-08 12:41:05	1	0	1	0
           149	2024-05-08 12:41:22	1	0	1	0
           408	2024-05-08 12:43:28	1	0	1	0
           236	2024-05-08 12:44:31	1	0	1	0
           101	2024-05-08 12:44:48	1	0	1	0
            39	2024-05-08 12:45:37	1	0	1	0
           586	2024-05-08 12:46:56	1	0	1	0
           624	2024-05-08 12:47:04	1	0	1	0
           575	2024-05-08 12:47:43	1	0	1	0
           184	2024-05-08 12:48:09	1	0	1	0
           529	2024-05-08 12:50:07	1	0	1	0
           194	2024-05-08 12:50:25	1	0	15	0
           252	2024-05-08 12:51:09	1	0	15	0
           603	2024-05-08 12:51:15	1	0	1	0
           609	2024-05-08 12:53:41	1	0	1	0
           502	2024-05-08 12:56:33	1	0	1	0
           132	2024-05-08 12:56:56	1	0	1	0
           312	2024-05-08 12:57:04	1	0	1	0
           404	2024-05-08 12:57:15	1	0	1	0
           119	2024-05-08 12:57:34	1	0	15	0
           425	2024-05-08 13:02:26	1	0	1	0
            87	2024-05-08 13:03:18	1	0	1	0
           182	2024-05-08 13:07:14	1	0	15	0
           485	2024-05-08 13:07:43	1	0	1	0
           425	2024-05-08 13:26:24	1	0	1	0
           275	2024-05-08 13:31:04	1	0	1	0
           206	2024-05-08 13:31:11	1	0	1	0
            87	2024-05-08 13:34:57	1	0	1	0
           275	2024-05-08 13:46:12	1	0	1	0
           206	2024-05-08 13:46:27	1	0	1	0
           485	2024-05-08 13:56:44	1	0	1	0
           567	2024-05-08 14:41:15	1	0	1	0
           124	2024-05-08 15:00:16	1	0	15	0
           183	2024-05-08 16:19:44	1	0	1	0
           370	2024-05-08 16:32:29	1	0	15	0
           288	2024-05-08 16:56:20	1	0	1	0
           397	2024-05-08 17:00:07	1	0	1	0
           387	2024-05-08 17:00:14	1	0	15	0
            74	2024-05-08 17:00:19	1	0	1	0
           196	2024-05-08 17:00:24	1	0	1	0
           566	2024-05-08 17:00:27	1	0	1	0
           366	2024-05-08 17:00:33	1	0	1	0
           123	2024-05-08 17:00:40	1	0	1	0
           582	2024-05-08 17:00:45	1	0	1	0
           600	2024-05-08 17:00:53	1	0	1	0
            37	2024-05-08 17:01:06	1	0	1	0
           194	2024-05-08 17:01:14	1	0	1	0
            77	2024-05-08 17:01:17	1	0	1	0
           184	2024-05-08 17:01:23	1	0	1	0
           395	2024-05-08 17:01:28	1	0	1	0
            39	2024-05-08 17:01:34	1	0	1	0
           595	2024-05-08 17:01:41	1	0	1	0
           631	2024-05-08 17:01:47	1	0	1	0
           601	2024-05-08 17:01:52	1	0	1	0
           119	2024-05-08 17:02:01	1	0	15	0
           149	2024-05-08 17:02:17	1	0	1	0
           443	2024-05-08 17:02:23	1	0	1	0
           252	2024-05-08 17:03:02	1	0	15	0
           265	2024-05-08 17:03:07	1	0	1	0
           609	2024-05-08 17:03:19	1	0	1	0
           604	2024-05-08 17:03:36	1	0	1	0
            27	2024-05-08 17:03:53	1	0	15	0
           403	2024-05-08 17:04:01	1	0	1	0
           132	2024-05-08 17:04:08	1	0	1	0
           115	2024-05-08 17:04:39	1	0	1	0
           635	2024-05-08 17:04:46	1	0	1	0
           636	2024-05-08 17:04:57	1	0	1	0
           460	2024-05-08 17:05:06	1	0	1	0
           575	2024-05-08 17:05:37	1	0	1	0
           623	2024-05-08 17:05:40	1	0	15	0
           236	2024-05-08 17:05:49	1	0	1	0
           511	2024-05-08 17:06:51	1	0	1	0
           348	2024-05-08 17:07:04	1	0	1	0
           493	2024-05-08 17:07:39	1	0	1	0
           453	2024-05-08 17:07:44	1	0	1	0
           146	2024-05-08 17:07:54	1	0	15	0
           593	2024-05-08 17:09:18	1	0	1	0
           405	2024-05-08 17:09:28	1	0	1	0
           417	2024-05-08 17:09:34	1	0	15	0
           360	2024-05-08 17:10:01	1	0	1	0
           546	2024-05-08 17:10:05	1	0	1	0
           581	2024-05-08 17:10:57	1	0	1	0
           363	2024-05-08 17:13:04	1	0	1	0
           434	2024-05-08 17:13:12	1	0	1	0
            69	2024-05-08 17:13:20	1	0	1	0
           556	2024-05-08 17:14:02	1	0	1	0
           375	2024-05-08 17:14:35	1	0	1	0
           361	2024-05-08 17:14:39	1	0	1	0
           121	2024-05-08 17:15:16	1	0	1	0
           584	2024-05-08 17:15:24	1	0	1	0
           476	2024-05-08 17:15:31	1	0	1	0
           529	2024-05-08 17:15:48	1	0	1	0
           603	2024-05-08 17:15:50	1	0	1	0
           249	2024-05-08 17:15:56	1	0	1	0
           573	2024-05-08 17:17:34	1	0	1	0
           579	2024-05-08 17:17:41	1	0	1	0
           337	2024-05-08 17:17:48	1	0	1	0
           610	2024-05-08 17:17:53	1	0	1	0
           101	2024-05-08 17:18:29	1	0	1	0
           624	2024-05-08 17:20:07	1	0	1	0
           586	2024-05-08 17:20:15	1	0	1	0
           200	2024-05-08 17:22:40	1	0	1	0
           408	2024-05-08 17:24:38	1	0	1	0
           338	2024-05-08 17:24:40	1	0	1	0
           105	2024-05-08 17:24:50	1	0	1	0
            83	2024-05-08 17:26:10	1	0	1	0
           413	2024-05-08 17:26:13	1	0	4	0
           355	2024-05-08 17:29:59	1	0	1	0
            88	2024-05-08 17:30:34	1	0	15	0
           589	2024-05-08 17:34:47	1	0	1	0
           467	2024-05-08 17:35:52	1	0	1	0
           404	2024-05-08 17:38:19	1	0	1	0
           553	2024-05-08 17:39:54	1	0	1	0
           554	2024-05-08 17:39:57	1	0	1	0
           314	2024-05-08 17:40:04	1	0	1	0
           541	2024-05-08 17:40:30	1	0	1	0
           331	2024-05-08 17:42:11	1	0	1	0
           312	2024-05-08 17:44:15	1	0	1	0
           259	2024-05-08 17:47:40	1	0	1	0
           335	2024-05-08 17:54:31	1	0	1	0
           398	2024-05-08 17:57:27	1	0	1	0
           425	2024-05-08 18:02:47	1	0	1	0
           182	2024-05-08 18:06:35	1	0	1	0
            87	2024-05-08 18:08:42	1	0	1	0
           206	2024-05-08 18:10:10	1	0	1	0
           275	2024-05-08 18:10:18	1	0	1	0
           485	2024-05-08 18:14:39	1	0	1	0
           205	2024-05-08 18:30:21	1	0	1	0
           574	2024-05-08 19:05:08	1	0	1	0
           444	2024-05-08 19:08:20	1	0	1	0
           502	2024-05-08 21:35:14	1	0	1	0
           418	2024-05-08 22:23:55	1	0	1	0
           465	2024-05-08 22:39:56	1	0	1	0
            75	2024-05-08 22:40:04	1	0	1	0
           567	2024-05-08 23:00:50	1	0	1	0
           414	2024-05-09 00:28:42	1	0	1	0
           414	2024-05-09 01:19:00	1	0	1	0
           395	2024-05-09 04:29:17	1	0	1	0
           363	2024-05-09 05:56:01	1	0	1	0
           124	2024-05-09 06:00:12	1	0	15	0
           337	2024-05-09 06:00:22	1	0	1	0
           443	2024-05-09 06:11:34	1	0	1	0
           417	2024-05-09 06:20:14	1	0	1	0
           635	2024-05-09 06:22:10	1	0	1	0
           600	2024-05-09 06:25:57	1	0	1	0
           387	2024-05-09 06:27:09	1	0	15	0
           584	2024-05-09 06:27:28	1	0	1	0
           196	2024-05-09 06:32:22	1	0	1	0
           119	2024-05-09 06:32:31	1	0	15	0
           632	2024-05-09 06:32:39	1	0	1	0
           360	2024-05-09 06:36:15	1	0	1	0
           567	2024-05-09 06:36:54	1	0	1	0
            88	2024-05-09 06:39:51	1	0	15	0
           582	2024-05-09 06:45:33	1	0	1	0
           631	2024-05-09 06:48:06	1	0	1	0
           115	2024-05-09 06:52:59	1	0	1	0
           413	2024-05-09 06:53:05	1	0	4	0
           288	2024-05-09 06:53:17	1	0	1	0
           194	2024-05-09 06:53:21	1	0	1	0
           553	2024-05-09 06:54:32	1	0	1	0
            53	2024-05-09 06:56:07	1	0	1	0
            93	2024-05-09 06:56:29	1	0	1	0
           259	2024-05-09 06:57:36	1	0	1	0
           370	2024-05-09 06:59:38	1	0	15	0
           418	2024-05-09 07:00:13	1	0	1	0
           149	2024-05-09 07:02:28	1	0	1	0
            74	2024-05-09 07:04:52	1	0	1	0
           183	2024-05-09 07:05:54	1	0	1	0
           460	2024-05-09 07:06:01	1	0	1	0
           366	2024-05-09 07:06:28	1	0	1	0
           355	2024-05-09 07:07:02	1	0	1	0
           546	2024-05-09 07:08:08	1	0	1	0
            77	2024-05-09 07:11:17	1	0	1	0
           123	2024-05-09 07:14:19	1	0	1	0
           146	2024-05-09 07:15:23	1	0	15	0
           184	2024-05-09 07:15:30	1	0	1	0
           581	2024-05-09 07:15:56	1	0	1	0
            43	2024-05-09 07:16:57	1	0	1	0
           634	2024-05-09 07:17:36	1	0	1	0
            39	2024-05-09 07:21:18	1	0	1	0
           314	2024-05-09 07:22:19	1	0	1	0
            37	2024-05-09 07:23:26	1	0	1	0
           493	2024-05-09 07:24:01	1	0	1	0
           601	2024-05-09 07:24:41	1	0	1	0
           573	2024-05-09 07:25:05	1	0	1	0
           434	2024-05-09 07:28:00	1	0	1	0
           595	2024-05-09 07:28:22	1	0	1	0
            69	2024-05-09 07:31:41	1	0	1	0
           397	2024-05-09 07:31:53	1	0	1	0
           579	2024-05-09 07:32:30	1	0	1	0
           589	2024-05-09 07:32:54	1	0	1	0
           252	2024-05-09 07:33:01	1	0	15	0
           492	2024-05-09 07:34:09	1	0	1	0
           408	2024-05-09 07:35:26	1	0	1	0
           541	2024-05-09 07:35:42	1	0	1	0
           101	2024-05-09 07:36:10	1	0	1	0
           610	2024-05-09 07:36:47	1	0	1	0
           236	2024-05-09 07:37:10	1	0	1	0
           554	2024-05-09 07:38:05	1	0	1	0
           636	2024-05-09 07:38:13	1	0	1	0
           404	2024-05-09 07:38:54	1	0	1	0
           338	2024-05-09 07:39:17	1	0	1	0
            75	2024-05-09 07:39:36	1	0	1	0
           465	2024-05-09 07:39:43	1	0	1	0
           502	2024-05-09 07:41:39	1	0	1	0
            27	2024-05-09 07:41:47	1	0	15	0
           348	2024-05-09 07:41:59	1	0	15	0
           453	2024-05-09 07:42:10	1	0	15	0
            83	2024-05-09 07:44:25	1	0	1	0
           132	2024-05-09 07:45:01	1	0	1	0
           575	2024-05-09 07:45:08	1	0	1	0
           604	2024-05-09 07:46:19	1	0	1	0
           476	2024-05-09 07:46:25	1	0	1	0
           200	2024-05-09 07:47:31	1	0	1	0
           205	2024-05-09 07:47:35	1	0	1	0
           593	2024-05-09 07:49:07	1	0	1	0
           105	2024-05-09 07:49:14	1	0	1	0
           399	2024-05-09 07:49:20	1	0	1	0
           467	2024-05-09 07:49:30	1	0	1	0
           361	2024-05-09 07:51:43	1	0	1	0
           586	2024-05-09 07:51:47	1	0	1	0
           529	2024-05-09 07:52:15	1	0	1	0
           603	2024-05-09 07:52:18	1	0	1	0
           125	2024-05-09 07:52:44	1	0	1	0
           206	2024-05-09 07:53:37	1	0	1	0
           275	2024-05-09 07:53:47	1	0	1	0
           331	2024-05-09 07:53:54	1	0	1	0
           403	2024-05-09 07:54:02	1	0	1	0
           312	2024-05-09 07:55:13	1	0	1	0
           623	2024-05-09 07:55:44	1	0	1	0
           609	2024-05-09 07:57:59	1	0	1	0
           574	2024-05-09 07:59:18	1	0	1	0
           335	2024-05-09 07:59:49	1	0	1	0
           182	2024-05-09 08:17:56	1	0	1	0
           249	2024-05-09 08:20:25	1	0	1	0
           425	2024-05-09 08:30:15	1	0	1	0
            87	2024-05-09 08:34:05	1	0	1	0
           485	2024-05-09 09:10:09	1	0	1	0
            88	2024-05-09 11:01:44	1	0	15	0
            93	2024-05-09 11:01:51	1	0	1	0
           183	2024-05-09 11:02:02	1	0	1	0
           460	2024-05-09 11:02:11	1	0	1	0
           288	2024-05-09 11:10:50	1	0	1	0
           413	2024-05-09 11:15:43	1	0	4	0
           460	2024-05-09 11:17:24	1	0	1	0
           183	2024-05-09 11:27:56	1	0	1	0
            93	2024-05-09 11:28:02	1	0	1	0
            88	2024-05-09 11:28:21	1	0	15	0
           582	2024-05-09 11:31:13	1	0	1	0
           196	2024-05-09 11:31:19	1	0	1	0
           566	2024-05-09 11:31:42	1	0	1	0
           123	2024-05-09 11:31:54	1	0	1	0
           119	2024-05-09 11:32:04	1	0	15	0
           632	2024-05-09 11:32:11	1	0	1	0
           366	2024-05-09 11:32:19	1	0	1	0
           387	2024-05-09 11:32:36	1	0	15	0
           600	2024-05-09 11:32:55	1	0	1	0
           443	2024-05-09 11:34:46	1	0	1	0
           360	2024-05-09 11:38:12	1	0	1	0
           581	2024-05-09 11:39:11	1	0	1	0
           413	2024-05-09 11:50:18	1	0	4	0
           288	2024-05-09 11:52:13	1	0	1	0
           115	2024-05-09 11:52:37	1	0	1	0
           546	2024-05-09 11:56:48	1	0	1	0
           581	2024-05-09 11:58:29	1	0	1	0
           573	2024-05-09 11:58:51	1	0	1	0
           579	2024-05-09 11:58:57	1	0	1	0
           554	2024-05-09 11:59:01	1	0	1	0
           553	2024-05-09 11:59:07	1	0	1	0
           366	2024-05-09 11:59:19	1	0	1	0
           123	2024-05-09 11:59:24	1	0	1	0
           600	2024-05-09 11:59:29	1	0	1	0
           566	2024-05-09 11:59:37	1	0	1	0
           582	2024-05-09 11:59:41	1	0	1	0
            53	2024-05-09 12:00:04	1	0	1	0
           387	2024-05-09 12:00:15	1	0	15	0
           337	2024-05-09 12:00:22	1	0	1	0
           397	2024-05-09 12:00:28	1	0	1	0
           196	2024-05-09 12:00:34	1	0	1	0
           314	2024-05-09 12:00:41	1	0	1	0
            74	2024-05-09 12:00:47	1	0	1	0
           331	2024-05-09 12:00:58	1	0	1	0
           434	2024-05-09 12:01:05	1	0	1	0
           467	2024-05-09 12:01:10	1	0	1	0
            37	2024-05-09 12:01:19	1	0	1	0
           541	2024-05-09 12:01:23	1	0	1	0
           610	2024-05-09 12:01:35	1	0	1	0
            77	2024-05-09 12:01:39	1	0	1	0
           443	2024-05-09 12:01:55	1	0	1	0
           589	2024-05-09 12:02:02	1	0	1	0
           249	2024-05-09 12:02:07	1	0	1	0
            69	2024-05-09 12:02:12	1	0	1	0
           635	2024-05-09 12:02:17	1	0	1	0
           404	2024-05-09 12:02:22	1	0	1	0
           149	2024-05-09 12:02:28	1	0	1	0
           631	2024-05-09 12:02:37	1	0	1	0
           623	2024-05-09 12:02:59	1	0	1	0
           593	2024-05-09 12:03:03	1	0	1	0
           132	2024-05-09 12:03:10	1	0	1	0
           184	2024-05-09 12:03:24	1	0	1	0
           205	2024-05-09 12:03:35	1	0	1	0
           476	2024-05-09 12:03:41	1	0	1	0
           586	2024-05-09 12:03:47	1	0	1	0
           465	2024-05-09 12:04:03	1	0	1	0
           236	2024-05-09 12:04:14	1	0	1	0
           636	2024-05-09 12:04:22	1	0	1	0
           584	2024-05-09 12:04:27	1	0	1	0
           403	2024-05-09 12:04:37	1	0	1	0
            83	2024-05-09 12:04:50	1	0	1	0
           493	2024-05-09 12:05:13	1	0	1	0
           453	2024-05-09 12:05:31	1	0	1	0
           105	2024-05-09 12:05:38	1	0	1	0
           101	2024-05-09 12:05:45	1	0	1	0
           265	2024-05-09 12:05:55	1	0	1	0
           348	2024-05-09 12:06:05	1	0	1	0
           355	2024-05-09 12:06:13	1	0	1	0
            27	2024-05-09 12:06:25	1	0	15	0
            75	2024-05-09 12:07:05	1	0	1	0
            39	2024-05-09 12:07:18	1	0	1	0
           146	2024-05-09 12:08:30	1	0	15	0
           121	2024-05-09 12:08:44	1	0	1	0
           200	2024-05-09 12:09:57	1	0	1	0
           119	2024-05-09 12:10:20	1	0	15	0
           252	2024-05-09 12:10:26	1	0	1	0
           259	2024-05-09 12:10:35	1	0	1	0
           595	2024-05-09 12:11:18	1	0	1	0
           601	2024-05-09 12:11:20	1	0	1	0
           546	2024-05-09 12:11:50	1	0	1	0
           609	2024-05-09 12:12:34	1	0	1	0
           579	2024-05-09 12:14:35	1	0	1	0
           573	2024-05-09 12:14:52	1	0	1	0
           554	2024-05-09 12:15:11	1	0	1	0
           553	2024-05-09 12:15:17	1	0	1	0
           115	2024-05-09 12:15:28	1	0	1	0
           337	2024-05-09 12:16:03	1	0	1	0
           314	2024-05-09 12:16:40	1	0	1	0
           434	2024-05-09 12:16:46	1	0	1	0
           467	2024-05-09 12:16:54	1	0	1	0
           610	2024-05-09 12:17:07	1	0	1	0
           604	2024-05-09 12:17:27	1	0	1	0
           125	2024-05-09 12:17:32	1	0	1	0
            37	2024-05-09 12:17:38	1	0	1	0
           541	2024-05-09 12:17:43	1	0	1	0
            69	2024-05-09 12:17:48	1	0	1	0
           331	2024-05-09 12:18:04	1	0	1	0
           631	2024-05-09 12:18:20	1	0	1	0
            77	2024-05-09 12:18:28	1	0	1	0
            53	2024-05-09 12:19:28	1	0	1	0
           361	2024-05-09 12:21:05	1	0	1	0
           417	2024-05-09 12:21:13	1	0	1	0
           363	2024-05-09 12:21:26	1	0	1	0
           502	2024-05-09 12:21:35	1	0	1	0
           593	2024-05-09 12:21:42	1	0	1	0
           355	2024-05-09 12:21:49	1	0	1	0
           360	2024-05-09 12:21:57	1	0	1	0
           312	2024-05-09 12:22:05	1	0	1	0
           529	2024-05-09 12:22:39	1	0	1	0
           603	2024-05-09 12:22:45	1	0	1	0
           634	2024-05-09 12:23:38	1	0	1	0
           636	2024-05-09 12:25:43	1	0	1	0
           584	2024-05-09 12:28:01	1	0	1	0
           236	2024-05-09 12:28:39	1	0	1	0
           476	2024-05-09 12:29:18	1	0	15	0
           586	2024-05-09 12:29:26	1	0	1	0
           249	2024-05-09 12:29:54	1	0	1	0
           574	2024-05-09 12:30:42	1	0	1	0
           205	2024-05-09 12:30:54	1	0	1	0
            74	2024-05-09 12:31:08	1	0	1	0
           465	2024-05-09 12:31:37	1	0	1	0
            75	2024-05-09 12:31:41	1	0	1	0
           604	2024-05-09 12:32:51	1	0	1	0
           125	2024-05-09 12:32:57	1	0	1	0
            43	2024-05-09 12:35:13	1	0	1	0
           101	2024-05-09 12:35:51	1	0	1	0
           403	2024-05-09 12:36:33	1	0	1	0
           194	2024-05-09 12:36:38	1	0	1	0
           252	2024-05-09 12:36:46	1	0	1	0
           635	2024-05-09 12:36:53	1	0	1	0
           399	2024-05-09 12:37:05	1	0	1	0
           595	2024-05-09 12:38:31	1	0	1	0
           601	2024-05-09 12:38:35	1	0	1	0
           149	2024-05-09 12:38:45	1	0	1	0
           363	2024-05-09 12:38:51	1	0	1	0
           361	2024-05-09 12:38:57	1	0	1	0
           417	2024-05-09 12:39:09	1	0	1	0
           259	2024-05-09 12:39:47	1	0	1	0
            27	2024-05-09 12:39:57	1	0	15	0
           453	2024-05-09 12:40:04	1	0	15	0
           493	2024-05-09 12:40:11	1	0	1	0
           312	2024-05-09 12:40:15	1	0	1	0
           348	2024-05-09 12:40:39	1	0	15	0
           589	2024-05-09 12:41:08	1	0	1	0
           121	2024-05-09 12:41:13	1	0	1	0
           575	2024-05-09 12:41:24	1	0	1	0
           397	2024-05-09 12:41:32	1	0	1	0
           634	2024-05-09 12:43:56	1	0	1	0
           132	2024-05-09 12:45:28	1	0	1	0
           200	2024-05-09 12:45:37	1	0	1	0
            39	2024-05-09 12:45:45	1	0	1	0
           146	2024-05-09 12:46:24	1	0	15	0
           184	2024-05-09 12:46:31	1	0	1	0
           603	2024-05-09 12:47:30	1	0	1	0
           529	2024-05-09 12:47:37	1	0	1	0
           338	2024-05-09 12:48:23	1	0	1	0
           408	2024-05-09 12:48:25	1	0	1	0
           105	2024-05-09 12:48:33	1	0	1	0
           574	2024-05-09 12:50:53	1	0	1	0
           623	2024-05-09 12:51:07	1	0	1	0
           399	2024-05-09 12:52:33	1	0	1	0
           502	2024-05-09 12:53:18	1	0	1	0
            83	2024-05-09 12:54:22	1	0	1	0
           609	2024-05-09 12:54:37	1	0	1	0
            43	2024-05-09 12:56:56	1	0	1	0
           575	2024-05-09 12:57:13	1	0	1	0
           404	2024-05-09 12:57:29	1	0	1	0
            87	2024-05-09 13:03:31	1	0	1	0
           182	2024-05-09 13:04:34	1	0	1	0
           485	2024-05-09 13:07:48	1	0	1	0
           425	2024-05-09 13:07:52	1	0	1	0
           275	2024-05-09 13:08:00	1	0	1	0
           206	2024-05-09 13:08:07	1	0	1	0
           275	2024-05-09 13:25:31	1	0	1	0
           206	2024-05-09 13:25:37	1	0	1	0
           425	2024-05-09 13:28:49	1	0	1	0
            87	2024-05-09 13:40:17	1	0	1	0
           182	2024-05-09 13:40:29	1	0	1	0
           485	2024-05-09 13:51:19	1	0	1	0
           124	2024-05-09 14:00:43	1	0	15	0
           620	2024-05-09 14:26:10	1	0	1	0
           567	2024-05-09 15:00:09	1	0	1	0
           183	2024-05-09 16:01:34	1	0	1	0
            93	2024-05-09 16:01:40	1	0	1	0
           370	2024-05-09 16:22:01	1	0	15	0
           460	2024-05-09 16:34:57	1	0	1	0
           413	2024-05-09 16:51:21	1	0	1	0
           184	2024-05-09 17:00:04	1	0	1	0
           146	2024-05-09 17:00:08	1	0	15	0
           443	2024-05-09 17:00:20	1	0	1	0
            53	2024-05-09 17:00:27	1	0	1	0
           397	2024-05-09 17:00:31	1	0	1	0
           593	2024-05-09 17:00:37	1	0	1	0
           604	2024-05-09 17:00:46	1	0	1	0
           125	2024-05-09 17:00:50	1	0	1	0
           331	2024-05-09 17:00:56	1	0	1	0
           595	2024-05-09 17:01:00	1	0	1	0
           601	2024-05-09 17:01:05	1	0	1	0
            37	2024-05-09 17:01:14	1	0	1	0
           149	2024-05-09 17:01:23	1	0	1	0
           395	2024-05-09 17:01:32	1	0	1	0
           399	2024-05-09 17:01:39	1	0	1	0
           631	2024-05-09 17:01:45	1	0	1	0
            74	2024-05-09 17:01:51	1	0	1	0
           288	2024-05-09 17:01:55	1	0	1	0
            39	2024-05-09 17:02:06	1	0	1	0
           623	2024-05-09 17:02:18	1	0	1	0
            77	2024-05-09 17:02:37	1	0	1	0
           575	2024-05-09 17:02:45	1	0	1	0
           546	2024-05-09 17:02:51	1	0	1	0
           252	2024-05-09 17:03:09	1	0	15	0
           502	2024-05-09 17:03:24	1	0	1	0
           453	2024-05-09 17:04:14	1	0	1	0
           635	2024-05-09 17:04:29	1	0	1	0
           609	2024-05-09 17:05:06	1	0	1	0
           348	2024-05-09 17:05:22	1	0	1	0
            88	2024-05-09 17:05:57	1	0	15	0
           634	2024-05-09 17:06:03	1	0	1	0
           636	2024-05-09 17:06:12	1	0	1	0
            27	2024-05-09 17:06:25	1	0	15	0
           194	2024-05-09 17:07:17	1	0	1	0
           403	2024-05-09 17:07:29	1	0	1	0
           603	2024-05-09 17:07:46	1	0	1	0
           529	2024-05-09 17:08:06	1	0	15	0
           434	2024-05-09 17:08:48	1	0	1	0
           361	2024-05-09 17:10:44	1	0	1	0
           417	2024-05-09 17:10:52	1	0	1	0
           363	2024-05-09 17:11:21	1	0	1	0
           132	2024-05-09 17:14:52	1	0	15	0
           404	2024-05-09 17:16:05	1	0	1	0
           476	2024-05-09 17:16:10	1	0	1	0
           586	2024-05-09 17:16:15	1	0	1	0
           121	2024-05-09 17:17:18	1	0	1	0
           584	2024-05-09 17:17:25	1	0	1	0
           589	2024-05-09 17:17:35	1	0	1	0
           493	2024-05-09 17:18:13	1	0	1	0
           249	2024-05-09 17:19:42	1	0	1	0
            69	2024-05-09 17:20:52	1	0	1	0
           101	2024-05-09 17:22:33	1	0	1	0
           236	2024-05-09 17:24:20	1	0	1	0
           105	2024-05-09 17:26:30	1	0	1	0
           579	2024-05-09 17:30:19	1	0	1	0
           337	2024-05-09 17:30:31	1	0	1	0
           265	2024-05-09 17:30:44	1	0	1	0
            43	2024-05-09 17:33:13	1	0	1	0
           573	2024-05-09 17:42:32	1	0	1	0
           553	2024-05-09 17:42:37	1	0	1	0
           554	2024-05-09 17:42:47	1	0	1	0
           200	2024-05-09 17:56:45	1	0	1	0
           259	2024-05-09 17:57:05	1	0	1	0
           425	2024-05-09 18:02:36	1	0	1	0
            87	2024-05-09 18:04:08	1	0	1	0
           355	2024-05-09 18:04:14	1	0	1	0
           206	2024-05-09 18:05:06	1	0	1	0
           275	2024-05-09 18:05:19	1	0	1	0
           182	2024-05-09 18:05:53	1	0	1	0
            83	2024-05-09 18:12:01	1	0	1	0
           485	2024-05-09 18:24:08	1	0	1	0
           541	2024-05-09 18:28:10	1	0	1	0
           338	2024-05-09 18:39:24	1	0	1	0
           574	2024-05-09 19:10:22	1	0	1	0
           312	2024-05-09 19:11:33	1	0	1	0
           465	2024-05-09 19:27:05	1	0	1	0
            75	2024-05-09 19:27:09	1	0	1	0
           408	2024-05-09 19:33:15	1	0	1	0
           360	2024-05-09 19:43:03	1	0	1	0
           398	2024-05-09 19:43:09	1	0	1	0
           582	2024-05-09 19:43:52	1	0	1	0
           581	2024-05-09 19:48:07	1	0	1	0
           600	2024-05-09 19:48:59	1	0	1	0
           610	2024-05-09 20:00:10	1	0	1	0
           566	2024-05-09 20:00:17	1	0	1	0
           387	2024-05-09 20:00:31	1	0	15	0
           196	2024-05-09 20:00:36	1	0	1	0
           123	2024-05-09 20:00:41	1	0	1	0
           366	2024-05-09 20:00:51	1	0	1	0
           119	2024-05-09 20:01:04	1	0	15	0
           335	2024-05-09 20:02:23	1	0	1	0
           205	2024-05-09 20:15:34	1	0	1	0
           414	2024-05-09 20:31:14	1	0	1	0
           418	2024-05-09 21:25:10	1	0	1	0
           305	2024-05-09 22:06:54	1	0	1	0
           620	2024-05-09 23:01:47	1	0	1	0
           567	2024-05-10 05:42:09	1	0	1	0
           337	2024-05-10 06:04:38	1	0	1	0
           418	2024-05-10 06:10:03	1	0	1	0
           387	2024-05-10 06:17:12	1	0	15	0
           395	2024-05-10 06:22:48	1	0	1	0
           422	2024-05-10 06:34:20	1	0	1	0
           443	2024-05-10 06:35:35	1	0	1	0
           196	2024-05-10 06:36:57	1	0	1	0
           119	2024-05-10 06:37:10	1	0	15	0
           632	2024-05-10 06:37:19	1	0	1	0
            88	2024-05-10 06:39:23	1	0	15	0
           366	2024-05-10 06:40:49	1	0	1	0
           579	2024-05-10 06:44:32	1	0	1	0
           582	2024-05-10 06:44:49	1	0	1	0
           370	2024-05-10 06:50:46	1	0	15	0
            74	2024-05-10 06:51:37	1	0	1	0
           566	2024-05-10 06:54:04	1	0	1	0
           581	2024-05-10 06:54:17	1	0	1	0
           413	2024-05-10 06:55:16	1	0	1	0
           600	2024-05-10 06:58:09	1	0	1	0
           305	2024-05-10 07:00:13	1	0	1	0
           631	2024-05-10 07:02:06	1	0	1	0
           288	2024-05-10 07:02:15	1	0	1	0
           259	2024-05-10 07:02:52	1	0	1	0
           149	2024-05-10 07:04:16	1	0	1	0
           123	2024-05-10 07:04:41	1	0	1	0
           375	2024-05-10 07:05:07	1	0	1	0
           146	2024-05-10 07:06:04	1	0	15	0
           184	2024-05-10 07:06:12	1	0	1	0
            77	2024-05-10 07:08:50	1	0	1	0
           493	2024-05-10 07:10:47	1	0	1	0
           546	2024-05-10 07:11:45	1	0	1	0
           314	2024-05-10 07:12:53	1	0	1	0
           573	2024-05-10 07:17:11	1	0	1	0
           584	2024-05-10 07:18:34	1	0	1	0
           101	2024-05-10 07:19:00	1	0	1	0
           636	2024-05-10 07:20:09	1	0	1	0
           434	2024-05-10 07:20:18	1	0	1	0
           523	2024-05-10 07:20:43	1	0	15	0
           554	2024-05-10 07:21:11	1	0	1	0
           595	2024-05-10 07:21:20	1	0	1	0
            37	2024-05-10 07:22:12	1	0	1	0
           634	2024-05-10 07:22:20	1	0	1	0
           252	2024-05-10 07:23:07	1	0	15	0
            43	2024-05-10 07:28:55	1	0	1	0
           610	2024-05-10 07:30:35	1	0	1	0
           355	2024-05-10 07:31:43	1	0	1	0
           601	2024-05-10 07:33:43	1	0	1	0
           492	2024-05-10 07:34:26	1	0	1	0
           575	2024-05-10 07:35:01	1	0	1	0
           408	2024-05-10 07:35:07	1	0	1	0
            53	2024-05-10 07:35:14	1	0	1	0
           265	2024-05-10 07:35:39	1	0	1	0
           556	2024-05-10 07:36:23	1	0	1	0
           604	2024-05-10 07:37:57	1	0	1	0
           348	2024-05-10 07:38:33	1	0	1	0
            27	2024-05-10 07:38:51	1	0	15	0
           453	2024-05-10 07:39:00	1	0	15	0
           338	2024-05-10 07:39:12	1	0	1	0
           476	2024-05-10 07:41:37	1	0	1	0
           541	2024-05-10 07:41:44	1	0	1	0
           114	2024-05-10 07:42:15	1	0	1	0
           465	2024-05-10 07:43:01	1	0	1	0
            75	2024-05-10 07:43:07	1	0	1	0
           603	2024-05-10 07:43:13	1	0	1	0
           635	2024-05-10 07:43:18	1	0	1	0
           529	2024-05-10 07:43:24	1	0	1	0
           623	2024-05-10 07:43:44	1	0	1	0
           397	2024-05-10 07:43:48	1	0	1	0
           132	2024-05-10 07:43:53	1	0	1	0
           589	2024-05-10 07:43:58	1	0	1	0
            69	2024-05-10 07:44:07	1	0	1	0
           502	2024-05-10 07:44:37	1	0	1	0
            39	2024-05-10 07:47:11	1	0	1	0
           609	2024-05-10 07:47:44	1	0	1	0
           312	2024-05-10 07:49:17	1	0	1	0
           485	2024-05-10 07:49:26	1	0	1	0
           403	2024-05-10 07:49:49	1	0	1	0
           467	2024-05-10 07:50:50	1	0	1	0
           200	2024-05-10 07:51:31	1	0	1	0
           399	2024-05-10 07:52:43	1	0	1	0
           335	2024-05-10 07:53:23	1	0	1	0
           398	2024-05-10 07:54:11	1	0	1	0
           586	2024-05-10 07:54:34	1	0	1	0
           593	2024-05-10 07:54:51	1	0	1	0
           105	2024-05-10 07:54:59	1	0	1	0
           404	2024-05-10 07:57:45	1	0	1	0
           121	2024-05-10 07:59:33	1	0	1	0
           331	2024-05-10 07:59:41	1	0	1	0
           236	2024-05-10 07:59:50	1	0	1	0
           417	2024-05-10 08:00:41	1	0	15	0
           457	2024-05-10 08:00:48	1	0	1	0
           205	2024-05-10 08:03:00	1	0	1	0
           580	2024-05-10 08:04:40	1	0	1	0
           516	2024-05-10 08:04:46	1	0	1	0
           125	2024-05-10 08:04:52	1	0	1	0
           194	2024-05-10 08:06:45	1	0	1	0
           511	2024-05-10 08:07:26	1	0	1	0
           414	2024-05-10 08:15:40	1	0	1	0
           574	2024-05-10 08:17:50	1	0	1	0
           249	2024-05-10 08:21:54	1	0	15	0
           425	2024-05-10 08:24:57	1	0	1	0
           275	2024-05-10 08:34:59	1	0	1	0
            87	2024-05-10 08:38:52	1	0	1	0
           182	2024-05-10 08:48:24	1	0	15	0
           583	2024-05-10 08:53:20	1	0	1	0
           405	2024-05-10 08:56:00	1	0	1	0
            88	2024-05-10 11:24:31	1	0	15	0
           370	2024-05-10 11:24:38	1	0	15	0
           288	2024-05-10 11:24:44	1	0	1	0
           422	2024-05-10 11:30:55	1	0	1	0
           443	2024-05-10 11:31:42	1	0	1	0
            88	2024-05-10 11:46:29	1	0	15	0
           370	2024-05-10 11:46:36	1	0	15	0
           288	2024-05-10 11:46:45	1	0	1	0
           119	2024-05-10 11:49:02	1	0	15	0
           546	2024-05-10 11:54:49	1	0	1	0
           573	2024-05-10 11:54:53	1	0	1	0
           366	2024-05-10 11:56:50	1	0	1	0
           123	2024-05-10 11:56:56	1	0	1	0
           581	2024-05-10 11:57:25	1	0	1	0
           196	2024-05-10 11:57:31	1	0	1	0
           387	2024-05-10 11:57:37	1	0	15	0
           600	2024-05-10 11:58:36	1	0	1	0
           422	2024-05-10 12:00:20	1	0	1	0
           397	2024-05-10 12:00:27	1	0	1	0
           443	2024-05-10 12:00:38	1	0	1	0
           584	2024-05-10 12:00:50	1	0	1	0
           595	2024-05-10 12:00:55	1	0	1	0
            37	2024-05-10 12:01:05	1	0	1	0
           236	2024-05-10 12:01:12	1	0	1	0
           476	2024-05-10 12:01:28	1	0	1	0
           586	2024-05-10 12:01:33	1	0	1	0
           465	2024-05-10 12:01:49	1	0	1	0
           635	2024-05-10 12:02:31	1	0	1	0
           355	2024-05-10 12:02:50	1	0	1	0
           636	2024-05-10 12:02:55	1	0	1	0
           556	2024-05-10 12:03:11	1	0	1	0
           403	2024-05-10 12:03:19	1	0	1	0
           399	2024-05-10 12:03:26	1	0	1	0
           631	2024-05-10 12:03:36	1	0	1	0
            77	2024-05-10 12:03:53	1	0	1	0
           593	2024-05-10 12:04:10	1	0	1	0
           511	2024-05-10 12:04:13	1	0	1	0
            27	2024-05-10 12:04:25	1	0	15	0
           453	2024-05-10 12:04:35	1	0	1	0
            53	2024-05-10 12:04:45	1	0	1	0
           601	2024-05-10 12:04:53	1	0	1	0
           184	2024-05-10 12:05:00	1	0	1	0
           114	2024-05-10 12:05:30	1	0	1	0
           575	2024-05-10 12:05:36	1	0	1	0
           516	2024-05-10 12:05:58	1	0	1	0
           467	2024-05-10 12:06:15	1	0	1	0
           610	2024-05-10 12:06:21	1	0	1	0
           337	2024-05-10 12:06:36	1	0	1	0
           589	2024-05-10 12:06:42	1	0	1	0
           252	2024-05-10 12:06:52	1	0	15	0
           331	2024-05-10 12:07:01	1	0	1	0
           604	2024-05-10 12:08:07	1	0	1	0
           125	2024-05-10 12:08:12	1	0	1	0
           623	2024-05-10 12:08:19	1	0	1	0
           312	2024-05-10 12:09:36	1	0	1	0
           580	2024-05-10 12:10:02	1	0	1	0
           413	2024-05-10 12:10:36	1	0	4	0
           434	2024-05-10 12:10:42	1	0	1	0
           566	2024-05-10 12:10:51	1	0	1	0
           398	2024-05-10 12:10:56	1	0	1	0
           119	2024-05-10 12:11:54	1	0	15	0
           265	2024-05-10 12:12:03	1	0	1	0
           205	2024-05-10 12:12:13	1	0	1	0
           123	2024-05-10 12:12:20	1	0	1	0
            43	2024-05-10 12:12:28	1	0	1	0
           259	2024-05-10 12:12:36	1	0	1	0
            69	2024-05-10 12:12:54	1	0	1	0
           132	2024-05-10 12:13:05	1	0	1	0
           414	2024-05-10 12:13:23	1	0	1	0
           583	2024-05-10 12:13:32	1	0	1	0
           348	2024-05-10 12:15:46	1	0	1	0
           541	2024-05-10 12:15:53	1	0	1	0
           609	2024-05-10 12:16:50	1	0	1	0
            37	2024-05-10 12:17:27	1	0	1	0
           581	2024-05-10 12:17:33	1	0	1	0
           375	2024-05-10 12:17:56	1	0	1	0
           546	2024-05-10 12:18:26	1	0	1	0
           573	2024-05-10 12:18:43	1	0	1	0
            53	2024-05-10 12:20:07	1	0	1	0
           236	2024-05-10 12:20:18	1	0	1	0
            77	2024-05-10 12:21:29	1	0	1	0
           465	2024-05-10 12:21:32	1	0	1	0
           511	2024-05-10 12:21:39	1	0	1	0
           337	2024-05-10 12:22:18	1	0	1	0
           610	2024-05-10 12:22:35	1	0	1	0
           467	2024-05-10 12:22:40	1	0	1	0
           634	2024-05-10 12:23:51	1	0	1	0
           529	2024-05-10 12:24:35	1	0	1	0
           603	2024-05-10 12:24:39	1	0	1	0
            75	2024-05-10 12:24:45	1	0	1	0
           631	2024-05-10 12:25:08	1	0	1	0
           200	2024-05-10 12:25:18	1	0	1	0
           584	2024-05-10 12:25:33	1	0	1	0
           516	2024-05-10 12:25:37	1	0	1	0
           476	2024-05-10 12:25:58	1	0	1	0
            39	2024-05-10 12:26:13	1	0	1	0
           413	2024-05-10 12:26:20	1	0	4	0
           434	2024-05-10 12:26:47	1	0	1	0
           355	2024-05-10 12:26:56	1	0	1	0
           265	2024-05-10 12:27:07	1	0	1	0
           398	2024-05-10 12:28:02	1	0	1	0
           331	2024-05-10 12:28:08	1	0	1	0
           636	2024-05-10 12:28:36	1	0	1	0
           184	2024-05-10 12:28:49	1	0	1	0
           338	2024-05-10 12:29:02	1	0	1	0
           194	2024-05-10 12:29:05	1	0	1	0
           408	2024-05-10 12:29:10	1	0	1	0
           101	2024-05-10 12:29:13	1	0	1	0
           149	2024-05-10 12:29:18	1	0	1	0
           405	2024-05-10 12:29:34	1	0	1	0
           492	2024-05-10 12:29:41	1	0	1	0
           574	2024-05-10 12:29:48	1	0	1	0
           105	2024-05-10 12:29:57	1	0	1	0
           121	2024-05-10 12:30:15	1	0	1	0
           589	2024-05-10 12:30:26	1	0	1	0
           252	2024-05-10 12:31:31	1	0	1	0
           635	2024-05-10 12:31:39	1	0	1	0
           556	2024-05-10 12:32:35	1	0	1	0
           417	2024-05-10 12:32:43	1	0	15	0
           403	2024-05-10 12:32:50	1	0	1	0
           361	2024-05-10 12:34:09	1	0	1	0
           375	2024-05-10 12:34:12	1	0	1	0
           566	2024-05-10 12:34:19	1	0	1	0
           335	2024-05-10 12:34:52	1	0	1	0
           623	2024-05-10 12:35:50	1	0	1	0
           604	2024-05-10 12:36:24	1	0	1	0
           125	2024-05-10 12:36:32	1	0	1	0
           502	2024-05-10 12:38:17	1	0	1	0
           523	2024-05-10 12:38:52	1	0	1	0
           146	2024-05-10 12:39:05	1	0	15	0
           595	2024-05-10 12:41:49	1	0	1	0
           601	2024-05-10 12:41:53	1	0	1	0
            39	2024-05-10 12:42:56	1	0	1	0
           114	2024-05-10 12:43:05	1	0	1	0
            74	2024-05-10 12:43:25	1	0	1	0
           200	2024-05-10 12:43:29	1	0	1	0
           586	2024-05-10 12:43:37	1	0	1	0
           583	2024-05-10 12:44:22	1	0	1	0
           492	2024-05-10 12:45:07	1	0	1	0
           121	2024-05-10 12:47:14	1	0	1	0
            75	2024-05-10 12:47:20	1	0	1	0
           593	2024-05-10 12:47:36	1	0	1	0
           132	2024-05-10 12:47:42	1	0	1	0
           397	2024-05-10 12:47:56	1	0	1	0
           105	2024-05-10 12:48:16	1	0	1	0
           149	2024-05-10 12:48:28	1	0	1	0
            43	2024-05-10 12:48:54	1	0	1	0
           259	2024-05-10 12:50:11	1	0	1	0
           348	2024-05-10 12:50:32	1	0	1	0
           603	2024-05-10 12:51:33	1	0	1	0
           529	2024-05-10 12:51:38	1	0	1	0
           575	2024-05-10 12:52:00	1	0	1	0
           417	2024-05-10 12:52:15	1	0	15	0
           399	2024-05-10 12:52:27	1	0	1	0
           502	2024-05-10 12:53:24	1	0	1	0
           580	2024-05-10 12:53:52	1	0	1	0
           194	2024-05-10 12:54:17	1	0	1	0
           574	2024-05-10 12:54:53	1	0	1	0
           609	2024-05-10 12:55:25	1	0	1	0
           620	2024-05-10 12:57:00	1	0	1	0
            27	2024-05-10 13:01:01	1	0	15	0
            74	2024-05-10 13:01:07	1	0	1	0
           453	2024-05-10 13:01:12	1	0	15	0
           541	2024-05-10 13:03:13	1	0	1	0
           425	2024-05-10 13:03:36	1	0	1	0
           275	2024-05-10 13:07:15	1	0	1	0
            87	2024-05-10 13:07:22	1	0	1	0
           182	2024-05-10 13:07:28	1	0	1	0
           485	2024-05-10 13:14:12	1	0	1	0
           425	2024-05-10 13:21:53	1	0	1	0
           182	2024-05-10 13:36:40	1	0	1	0
           275	2024-05-10 13:36:48	1	0	1	0
            87	2024-05-10 13:36:53	1	0	1	0
           485	2024-05-10 13:45:21	1	0	1	0
           567	2024-05-10 14:07:57	1	0	1	0
           418	2024-05-10 14:46:33	1	0	1	0
           413	2024-05-10 16:21:40	1	0	1	0
           146	2024-05-10 17:00:10	1	0	15	0
           123	2024-05-10 17:00:19	1	0	1	0
           581	2024-05-10 17:00:23	1	0	1	0
           443	2024-05-10 17:00:27	1	0	1	0
           366	2024-05-10 17:00:41	1	0	1	0
           422	2024-05-10 17:00:48	1	0	1	0
           600	2024-05-10 17:00:53	1	0	1	0
           387	2024-05-10 17:01:04	1	0	15	0
           397	2024-05-10 17:01:09	1	0	1	0
           566	2024-05-10 17:01:15	1	0	1	0
           582	2024-05-10 17:01:18	1	0	1	0
            53	2024-05-10 17:01:23	1	0	1	0
           634	2024-05-10 17:01:29	1	0	1	0
           609	2024-05-10 17:01:34	1	0	1	0
           265	2024-05-10 17:01:38	1	0	1	0
           196	2024-05-10 17:01:44	1	0	1	0
           399	2024-05-10 17:01:53	1	0	1	0
            77	2024-05-10 17:01:59	1	0	1	0
           631	2024-05-10 17:02:06	1	0	1	0
           252	2024-05-10 17:02:22	1	0	15	0
            39	2024-05-10 17:02:30	1	0	1	0
           236	2024-05-10 17:02:50	1	0	1	0
           523	2024-05-10 17:03:09	1	0	1	0
           636	2024-05-10 17:03:26	1	0	1	0
           601	2024-05-10 17:03:33	1	0	1	0
           595	2024-05-10 17:03:37	1	0	1	0
           119	2024-05-10 17:03:53	1	0	15	0
           398	2024-05-10 17:04:02	1	0	1	0
           575	2024-05-10 17:04:08	1	0	1	0
           502	2024-05-10 17:04:14	1	0	1	0
           395	2024-05-10 17:05:15	1	0	1	0
           259	2024-05-10 17:05:21	1	0	1	0
           467	2024-05-10 17:05:44	1	0	1	0
           546	2024-05-10 17:05:47	1	0	1	0
           476	2024-05-10 17:06:21	1	0	1	0
           132	2024-05-10 17:06:32	1	0	1	0
           583	2024-05-10 17:06:36	1	0	1	0
           586	2024-05-10 17:06:40	1	0	1	0
           579	2024-05-10 17:06:51	1	0	1	0
           348	2024-05-10 17:09:39	1	0	15	0
           194	2024-05-10 17:10:21	1	0	1	0
           375	2024-05-10 17:12:14	1	0	1	0
            27	2024-05-10 17:12:55	1	0	15	0
           529	2024-05-10 17:13:57	1	0	1	0
           603	2024-05-10 17:14:01	1	0	1	0
           361	2024-05-10 17:14:07	1	0	1	0
           417	2024-05-10 17:14:12	1	0	15	0
           457	2024-05-10 17:14:22	1	0	1	0
           493	2024-05-10 17:16:04	1	0	1	0
           370	2024-05-10 17:16:33	1	0	15	0
            74	2024-05-10 17:17:21	1	0	1	0
           335	2024-05-10 17:17:38	1	0	1	0
           288	2024-05-10 17:17:52	1	0	1	0
            88	2024-05-10 17:18:58	1	0	15	0
           453	2024-05-10 17:19:08	1	0	15	0
           580	2024-05-10 17:19:16	1	0	1	0
           184	2024-05-10 17:19:51	1	0	1	0
           604	2024-05-10 17:21:29	1	0	1	0
           125	2024-05-10 17:21:36	1	0	1	0
           414	2024-05-10 17:22:29	1	0	1	0
           492	2024-05-10 17:26:35	1	0	1	0
           516	2024-05-10 17:26:41	1	0	1	0
           101	2024-05-10 17:26:52	1	0	1	0
           434	2024-05-10 17:28:09	1	0	1	0
           337	2024-05-10 17:29:16	1	0	1	0
           623	2024-05-10 17:32:31	1	0	1	0
           405	2024-05-10 17:33:37	1	0	1	0
           105	2024-05-10 17:34:10	1	0	15	0
           314	2024-05-10 17:39:28	1	0	1	0
           541	2024-05-10 17:39:32	1	0	1	0
           554	2024-05-10 17:39:50	1	0	1	0
           589	2024-05-10 17:40:00	1	0	1	0
           121	2024-05-10 17:40:09	1	0	15	0
           355	2024-05-10 17:44:47	1	0	1	0
            43	2024-05-10 17:49:04	1	0	1	0
           408	2024-05-10 17:50:44	1	0	1	0
           511	2024-05-10 17:53:06	1	0	1	0
           584	2024-05-10 17:53:52	1	0	1	0
           331	2024-05-10 17:55:54	1	0	1	0
           200	2024-05-10 17:56:40	1	0	1	0
           425	2024-05-10 18:00:12	1	0	1	0
           275	2024-05-10 18:00:18	1	0	1	0
            87	2024-05-10 18:01:09	1	0	1	0
           182	2024-05-10 18:01:18	1	0	1	0
           485	2024-05-10 18:01:36	1	0	1	0
           404	2024-05-10 18:05:01	1	0	1	0
           338	2024-05-10 18:10:28	1	0	1	0
           312	2024-05-10 18:21:34	1	0	1	0
           403	2024-05-10 19:06:44	1	0	1	0
           114	2024-05-10 19:08:40	1	0	1	0
           556	2024-05-10 19:13:56	1	0	1	0
           465	2024-05-10 19:16:48	1	0	1	0
            75	2024-05-10 19:16:53	1	0	1	0
           574	2024-05-10 20:10:59	1	0	1	0
           205	2024-05-10 20:43:41	1	0	1	0
           593	2024-05-10 20:58:34	1	0	1	0
           610	2024-05-10 21:00:11	1	0	1	0
           635	2024-05-10 21:32:20	1	0	1	0
           305	2024-05-10 21:46:59	1	0	1	0
           620	2024-05-10 22:01:59	1	0	1	0
           418	2024-05-10 23:04:28	1	0	15	0
           620	2024-05-11 05:08:01	1	0	1	0
           305	2024-05-11 06:00:21	1	0	1	0
           443	2024-05-11 06:27:05	1	0	1	0
           119	2024-05-11 06:54:52	1	0	15	0
           123	2024-05-11 06:59:31	1	0	1	0
           582	2024-05-11 07:02:17	1	0	1	0
           363	2024-05-11 07:39:18	1	0	1	0
           460	2024-05-11 07:41:41	1	0	1	0
           443	2024-05-11 11:30:44	1	0	1	0
           119	2024-05-11 11:38:09	1	0	15	0
           582	2024-05-11 11:38:19	1	0	1	0
           123	2024-05-11 11:38:27	1	0	1	0
           460	2024-05-11 12:03:30	1	0	1	0
           443	2024-05-11 12:06:18	1	0	1	0
           363	2024-05-11 12:07:01	1	0	1	0
           123	2024-05-11 12:13:03	1	0	1	0
           460	2024-05-11 12:27:16	1	0	1	0
           363	2024-05-11 12:46:07	1	0	1	0
           119	2024-05-11 12:54:39	1	0	15	0
           418	2024-05-11 13:26:03	1	0	1	0
           305	2024-05-11 14:40:39	1	0	1	0
           620	2024-05-11 15:00:19	1	0	1	0
           582	2024-05-11 17:01:11	1	0	1	0
           460	2024-05-11 17:01:23	1	0	1	0
           443	2024-05-11 17:02:17	1	0	1	0
           123	2024-05-11 17:02:39	1	0	1	0
           363	2024-05-11 17:35:06	1	0	1	0
           418	2024-05-11 22:00:07	1	0	1	0
           124	2024-05-11 22:33:29	1	0	15	0
           305	2024-05-11 23:02:19	1	0	1	0
           620	2024-05-12 05:22:43	1	0	1	0
           418	2024-05-12 06:41:06	1	0	1	0
           124	2024-05-12 07:00:55	1	0	15	0
           305	2024-05-12 13:43:12	1	0	1	0
           620	2024-05-12 14:03:30	1	0	1	0
           418	2024-05-12 15:21:13	1	0	1	0
           567	2024-05-12 21:31:42	1	0	1	0
           305	2024-05-12 22:00:07	1	0	1	0
           124	2024-05-12 22:13:30	1	0	15	0
           465	2024-05-13 04:40:47	1	0	1	0
            75	2024-05-13 04:40:58	1	0	1	0
           443	2024-05-13 05:51:25	1	0	1	0
           337	2024-05-13 06:03:14	1	0	1	0
           124	2024-05-13 06:05:40	1	0	15	0
           418	2024-05-13 06:06:29	1	0	1	0
           395	2024-05-13 06:19:03	1	0	1	0
           114	2024-05-13 06:19:38	1	0	1	0
           387	2024-05-13 06:23:29	1	0	15	0
           360	2024-05-13 06:26:08	1	0	1	0
           422	2024-05-13 06:28:08	1	0	1	0
           196	2024-05-13 06:28:14	1	0	1	0
           457	2024-05-13 06:28:25	1	0	1	0
           119	2024-05-13 06:28:40	1	0	15	0
           632	2024-05-13 06:28:46	1	0	1	0
            88	2024-05-13 06:29:49	1	0	15	0
           314	2024-05-13 06:31:50	1	0	1	0
           183	2024-05-13 06:35:19	1	0	1	0
           398	2024-05-13 06:39:06	1	0	1	0
           305	2024-05-13 06:40:53	1	0	1	0
            87	2024-05-13 06:43:53	1	0	1	0
           375	2024-05-13 06:53:23	1	0	1	0
           600	2024-05-13 06:53:34	1	0	1	0
           288	2024-05-13 06:56:02	1	0	1	0
            83	2024-05-13 06:57:54	1	0	1	0
            93	2024-05-13 06:59:04	1	0	1	0
           370	2024-05-13 06:59:18	1	0	15	0
           631	2024-05-13 06:59:30	1	0	1	0
           567	2024-05-13 07:02:28	1	0	1	0
           460	2024-05-13 07:03:10	1	0	1	0
           259	2024-05-13 07:04:47	1	0	1	0
           554	2024-05-13 07:04:52	1	0	1	0
            77	2024-05-13 07:08:28	1	0	1	0
           553	2024-05-13 07:09:18	1	0	1	0
           573	2024-05-13 07:09:25	1	0	1	0
           546	2024-05-13 07:09:56	1	0	1	0
            74	2024-05-13 07:10:59	1	0	1	0
            37	2024-05-13 07:12:13	1	0	1	0
           115	2024-05-13 07:12:21	1	0	1	0
           123	2024-05-13 07:13:08	1	0	1	0
           566	2024-05-13 07:13:45	1	0	1	0
           355	2024-05-13 07:15:23	1	0	1	0
           146	2024-05-13 07:16:12	1	0	15	0
           184	2024-05-13 07:16:22	1	0	1	0
           149	2024-05-13 07:17:19	1	0	1	0
           579	2024-05-13 07:20:55	1	0	1	0
           581	2024-05-13 07:21:36	1	0	1	0
           331	2024-05-13 07:22:48	1	0	1	0
           397	2024-05-13 07:22:59	1	0	1	0
           636	2024-05-13 07:23:37	1	0	1	0
            39	2024-05-13 07:23:45	1	0	1	0
            38	2024-05-13 07:23:52	1	0	1	0
            73	2024-05-13 07:24:15	1	0	1	0
           582	2024-05-13 07:25:34	1	0	1	0
           595	2024-05-13 07:25:47	1	0	1	0
           634	2024-05-13 07:27:09	1	0	1	0
           434	2024-05-13 07:28:56	1	0	1	0
           101	2024-05-13 07:29:46	1	0	1	0
           601	2024-05-13 07:30:21	1	0	1	0
           523	2024-05-13 07:30:29	1	0	1	0
           408	2024-05-13 07:31:04	1	0	1	0
           265	2024-05-13 07:31:47	1	0	1	0
           541	2024-05-13 07:31:56	1	0	1	0
           492	2024-05-13 07:32:16	1	0	1	0
           574	2024-05-13 07:33:31	1	0	1	0
            27	2024-05-13 07:35:03	1	0	15	0
           348	2024-05-13 07:35:17	1	0	15	0
           584	2024-05-13 07:35:24	1	0	1	0
           453	2024-05-13 07:35:32	1	0	15	0
           444	2024-05-13 07:37:58	1	0	1	0
           338	2024-05-13 07:38:23	1	0	1	0
           476	2024-05-13 07:38:26	1	0	1	0
           556	2024-05-13 07:38:35	1	0	1	0
           609	2024-05-13 07:40:05	1	0	1	0
           467	2024-05-13 07:40:15	1	0	1	0
           105	2024-05-13 07:41:53	1	0	1	0
           404	2024-05-13 07:43:49	1	0	1	0
           275	2024-05-13 07:43:56	1	0	1	0
           624	2024-05-13 07:44:27	1	0	1	0
           493	2024-05-13 07:44:47	1	0	1	0
           604	2024-05-13 07:44:58	1	0	1	0
           589	2024-05-13 07:45:06	1	0	1	0
           610	2024-05-13 07:45:14	1	0	1	0
           132	2024-05-13 07:45:33	1	0	1	0
           635	2024-05-13 07:46:19	1	0	1	0
           502	2024-05-13 07:46:35	1	0	1	0
            69	2024-05-13 07:47:01	1	0	1	0
           593	2024-05-13 07:47:42	1	0	1	0
           575	2024-05-13 07:48:13	1	0	1	0
           236	2024-05-13 07:49:22	1	0	1	0
           182	2024-05-13 07:49:59	1	0	15	0
           399	2024-05-13 07:52:25	1	0	1	0
           121	2024-05-13 07:52:34	1	0	1	0
           363	2024-05-13 07:54:48	1	0	15	0
           403	2024-05-13 07:54:56	1	0	1	0
           623	2024-05-13 07:55:26	1	0	1	0
           361	2024-05-13 07:56:51	1	0	1	0
           125	2024-05-13 07:57:20	1	0	1	0
           580	2024-05-13 07:57:29	1	0	1	0
           312	2024-05-13 07:58:49	1	0	1	0
           485	2024-05-13 07:58:52	1	0	1	0
           529	2024-05-13 08:02:04	1	0	1	0
           603	2024-05-13 08:02:10	1	0	1	0
            53	2024-05-13 08:04:07	1	0	1	0
           516	2024-05-13 08:07:59	1	0	1	0
           511	2024-05-13 08:10:00	1	0	1	0
           425	2024-05-13 08:17:31	1	0	1	0
           414	2024-05-13 08:25:56	1	0	1	0
           405	2024-05-13 08:39:46	1	0	1	0
           460	2024-05-13 11:01:09	1	0	1	0
           183	2024-05-13 11:06:35	1	0	1	0
            93	2024-05-13 11:06:44	1	0	1	0
            88	2024-05-13 11:10:34	1	0	15	0
           370	2024-05-13 11:10:40	1	0	15	0
           460	2024-05-13 11:18:15	1	0	1	0
           288	2024-05-13 11:19:19	1	0	1	0
           395	2024-05-13 11:30:06	1	0	1	0
           600	2024-05-13 11:30:15	1	0	1	0
           387	2024-05-13 11:30:22	1	0	15	0
           119	2024-05-13 11:31:37	1	0	15	0
           123	2024-05-13 11:31:53	1	0	1	0
           632	2024-05-13 11:31:57	1	0	1	0
           582	2024-05-13 11:32:02	1	0	1	0
           422	2024-05-13 11:32:19	1	0	1	0
           581	2024-05-13 11:32:43	1	0	1	0
           196	2024-05-13 11:33:22	1	0	1	0
           566	2024-05-13 11:33:37	1	0	15	0
           360	2024-05-13 11:35:12	1	0	1	0
            93	2024-05-13 11:42:37	1	0	1	0
           183	2024-05-13 11:42:44	1	0	1	0
            88	2024-05-13 11:45:53	1	0	15	0
           370	2024-05-13 11:46:00	1	0	15	0
           288	2024-05-13 11:50:24	1	0	1	0
           546	2024-05-13 11:54:49	1	0	1	0
           115	2024-05-13 11:55:04	1	0	1	0
           337	2024-05-13 11:55:12	1	0	1	0
           360	2024-05-13 11:57:22	1	0	1	0
           123	2024-05-13 11:59:59	1	0	1	0
           397	2024-05-13 12:00:06	1	0	1	0
           582	2024-05-13 12:00:10	1	0	1	0
           387	2024-05-13 12:00:17	1	0	15	0
           404	2024-05-13 12:00:22	1	0	1	0
           196	2024-05-13 12:00:28	1	0	1	0
           422	2024-05-13 12:00:36	1	0	1	0
            53	2024-05-13 12:00:43	1	0	1	0
           566	2024-05-13 12:00:53	1	0	1	0
            69	2024-05-13 12:01:12	1	0	1	0
            37	2024-05-13 12:01:19	1	0	1	0
           408	2024-05-13 12:01:24	1	0	1	0
            38	2024-05-13 12:01:59	1	0	1	0
           184	2024-05-13 12:02:05	1	0	1	0
           403	2024-05-13 12:02:12	1	0	1	0
           631	2024-05-13 12:02:22	1	0	1	0
           119	2024-05-13 12:02:30	1	0	15	0
           600	2024-05-13 12:02:37	1	0	1	0
           259	2024-05-13 12:02:40	1	0	15	0
           623	2024-05-13 12:02:48	1	0	1	0
           593	2024-05-13 12:02:55	1	0	1	0
           511	2024-05-13 12:02:58	1	0	1	0
           236	2024-05-13 12:03:08	1	0	1	0
           574	2024-05-13 12:03:14	1	0	1	0
           575	2024-05-13 12:03:20	1	0	1	0
           132	2024-05-13 12:03:26	1	0	1	0
            75	2024-05-13 12:03:38	1	0	1	0
           465	2024-05-13 12:03:43	1	0	1	0
           363	2024-05-13 12:03:52	1	0	1	0
           414	2024-05-13 12:03:58	1	0	1	0
           265	2024-05-13 12:04:01	1	0	1	0
            77	2024-05-13 12:04:09	1	0	1	0
           434	2024-05-13 12:04:22	1	0	1	0
           635	2024-05-13 12:04:41	1	0	1	0
           121	2024-05-13 12:05:02	1	0	1	0
           476	2024-05-13 12:05:06	1	0	1	0
           586	2024-05-13 12:05:11	1	0	1	0
           624	2024-05-13 12:05:20	1	0	1	0
           584	2024-05-13 12:05:43	1	0	1	0
           493	2024-05-13 12:05:45	1	0	1	0
           589	2024-05-13 12:05:49	1	0	1	0
           405	2024-05-13 12:06:08	1	0	1	0
           595	2024-05-13 12:06:11	1	0	1	0
           395	2024-05-13 12:06:17	1	0	1	0
            39	2024-05-13 12:06:25	1	0	1	0
            73	2024-05-13 12:06:36	1	0	1	0
           604	2024-05-13 12:06:57	1	0	1	0
           125	2024-05-13 12:07:03	1	0	1	0
            27	2024-05-13 12:07:25	1	0	15	0
           348	2024-05-13 12:07:31	1	0	15	0
           541	2024-05-13 12:07:38	1	0	1	0
           453	2024-05-13 12:07:45	1	0	15	0
           149	2024-05-13 12:09:12	1	0	1	0
           601	2024-05-13 12:09:16	1	0	1	0
           603	2024-05-13 12:09:25	1	0	1	0
           636	2024-05-13 12:09:35	1	0	1	0
           529	2024-05-13 12:09:40	1	0	1	0
           546	2024-05-13 12:09:49	1	0	1	0
           331	2024-05-13 12:09:58	1	0	1	0
           115	2024-05-13 12:10:04	1	0	1	0
           337	2024-05-13 12:10:15	1	0	1	0
           355	2024-05-13 12:10:19	1	0	1	0
           335	2024-05-13 12:10:27	1	0	1	0
           523	2024-05-13 12:11:57	1	0	1	0
           114	2024-05-13 12:12:17	1	0	1	0
           467	2024-05-13 12:13:48	1	0	1	0
           314	2024-05-13 12:13:54	1	0	1	0
           610	2024-05-13 12:14:02	1	0	1	0
           101	2024-05-13 12:14:35	1	0	1	0
           609	2024-05-13 12:15:33	1	0	1	0
            69	2024-05-13 12:17:06	1	0	1	0
            37	2024-05-13 12:17:12	1	0	1	0
           580	2024-05-13 12:17:27	1	0	1	0
           573	2024-05-13 12:17:36	1	0	1	0
           375	2024-05-13 12:17:42	1	0	1	0
           417	2024-05-13 12:17:51	1	0	1	0
           556	2024-05-13 12:17:57	1	0	1	0
           554	2024-05-13 12:18:11	1	0	1	0
           404	2024-05-13 12:18:18	1	0	1	0
            83	2024-05-13 12:19:05	1	0	1	0
           579	2024-05-13 12:19:13	1	0	1	0
           553	2024-05-13 12:19:20	1	0	1	0
            53	2024-05-13 12:21:10	1	0	1	0
           465	2024-05-13 12:21:35	1	0	1	0
            75	2024-05-13 12:21:39	1	0	1	0
           414	2024-05-13 12:21:45	1	0	1	0
           265	2024-05-13 12:21:52	1	0	1	0
           338	2024-05-13 12:21:57	1	0	1	0
           434	2024-05-13 12:22:10	1	0	1	0
           604	2024-05-13 12:22:13	1	0	1	0
           125	2024-05-13 12:22:19	1	0	1	0
           492	2024-05-13 12:22:23	1	0	1	0
           516	2024-05-13 12:22:29	1	0	1	0
           457	2024-05-13 12:22:35	1	0	1	0
           493	2024-05-13 12:22:49	1	0	1	0
           589	2024-05-13 12:22:55	1	0	1	0
           584	2024-05-13 12:23:03	1	0	1	0
           631	2024-05-13 12:25:08	1	0	1	0
           121	2024-05-13 12:25:14	1	0	1	0
           575	2024-05-13 12:25:23	1	0	1	0
           634	2024-05-13 12:25:28	1	0	1	0
           361	2024-05-13 12:26:25	1	0	1	0
           184	2024-05-13 12:26:41	1	0	1	0
           541	2024-05-13 12:29:08	1	0	1	0
           610	2024-05-13 12:29:13	1	0	1	0
           586	2024-05-13 12:29:19	1	0	1	0
           624	2024-05-13 12:29:32	1	0	1	0
           331	2024-05-13 12:29:37	1	0	1	0
           467	2024-05-13 12:29:43	1	0	1	0
           314	2024-05-13 12:29:51	1	0	1	0
            77	2024-05-13 12:30:06	1	0	1	0
           105	2024-05-13 12:30:44	1	0	1	0
            39	2024-05-13 12:31:16	1	0	1	0
           405	2024-05-13 12:31:22	1	0	1	0
           363	2024-05-13 12:31:29	1	0	1	0
           348	2024-05-13 12:31:53	1	0	15	0
            73	2024-05-13 12:32:19	1	0	1	0
            38	2024-05-13 12:32:48	1	0	1	0
           593	2024-05-13 12:32:52	1	0	1	0
           511	2024-05-13 12:32:56	1	0	1	0
            27	2024-05-13 12:33:41	1	0	15	0
           453	2024-05-13 12:33:50	1	0	1	0
           502	2024-05-13 12:34:00	1	0	1	0
            74	2024-05-13 12:34:07	1	0	1	0
           573	2024-05-13 12:34:15	1	0	1	0
           554	2024-05-13 12:34:22	1	0	1	0
           579	2024-05-13 12:34:42	1	0	1	0
           114	2024-05-13 12:34:51	1	0	1	0
           476	2024-05-13 12:34:59	1	0	1	0
           556	2024-05-13 12:35:11	1	0	1	0
           635	2024-05-13 12:36:55	1	0	1	0
           375	2024-05-13 12:37:15	1	0	1	0
           417	2024-05-13 12:37:29	1	0	15	0
           149	2024-05-13 12:37:41	1	0	1	0
           574	2024-05-13 12:38:10	1	0	1	0
           580	2024-05-13 12:39:47	1	0	1	0
           492	2024-05-13 12:40:02	1	0	1	0
           457	2024-05-13 12:40:13	1	0	1	0
           516	2024-05-13 12:40:20	1	0	1	0
           444	2024-05-13 12:40:38	1	0	1	0
           101	2024-05-13 12:40:57	1	0	1	0
           335	2024-05-13 12:41:10	1	0	1	0
           361	2024-05-13 12:41:53	1	0	1	0
           146	2024-05-13 12:42:36	1	0	15	0
           553	2024-05-13 12:42:49	1	0	1	0
           338	2024-05-13 12:43:39	1	0	1	0
           397	2024-05-13 12:44:19	1	0	1	0
           595	2024-05-13 12:45:20	1	0	1	0
           601	2024-05-13 12:45:23	1	0	1	0
           132	2024-05-13 12:47:38	1	0	1	0
            83	2024-05-13 12:48:04	1	0	1	0
           408	2024-05-13 12:48:28	1	0	1	0
           403	2024-05-13 12:49:22	1	0	1	0
            74	2024-05-13 12:49:30	1	0	1	0
           502	2024-05-13 12:50:34	1	0	1	0
           609	2024-05-13 12:51:28	1	0	1	0
           623	2024-05-13 12:51:35	1	0	1	0
           355	2024-05-13 12:52:17	1	0	1	0
           529	2024-05-13 12:52:41	1	0	1	0
           603	2024-05-13 12:52:45	1	0	1	0
           523	2024-05-13 12:54:22	1	0	1	0
           236	2024-05-13 13:00:00	1	0	1	0
           444	2024-05-13 13:00:08	1	0	1	0
            87	2024-05-13 13:01:13	1	0	1	0
           425	2024-05-13 13:03:27	1	0	1	0
           485	2024-05-13 13:11:33	1	0	1	0
           182	2024-05-13 13:22:05	1	0	1	0
           275	2024-05-13 13:24:31	1	0	1	0
           425	2024-05-13 13:25:13	1	0	1	0
            87	2024-05-13 13:46:22	1	0	1	0
           182	2024-05-13 13:46:34	1	0	1	0
           275	2024-05-13 13:46:40	1	0	1	0
           485	2024-05-13 13:49:56	1	0	1	0
           418	2024-05-13 14:13:58	1	0	1	0
           124	2024-05-13 14:40:59	1	0	15	0
           305	2024-05-13 15:06:36	1	0	1	0
            93	2024-05-13 16:00:11	1	0	1	0
           183	2024-05-13 16:02:42	1	0	1	0
           288	2024-05-13 16:02:49	1	0	1	0
           460	2024-05-13 16:08:01	1	0	1	0
           370	2024-05-13 16:30:23	1	0	15	0
            74	2024-05-13 17:00:05	1	0	1	0
           184	2024-05-13 17:00:11	1	0	1	0
           422	2024-05-13 17:00:15	1	0	1	0
           634	2024-05-13 17:00:20	1	0	1	0
           387	2024-05-13 17:00:26	1	0	15	0
           581	2024-05-13 17:00:31	1	0	1	0
           609	2024-05-13 17:00:35	1	0	1	0
           566	2024-05-13 17:00:39	1	0	1	0
           146	2024-05-13 17:00:46	1	0	15	0
           397	2024-05-13 17:00:54	1	0	1	0
           115	2024-05-13 17:01:03	1	0	1	0
            37	2024-05-13 17:01:08	1	0	1	0
           149	2024-05-13 17:01:13	1	0	1	0
           574	2024-05-13 17:01:17	1	0	1	0
           582	2024-05-13 17:01:21	1	0	1	0
            77	2024-05-13 17:01:26	1	0	1	0
           123	2024-05-13 17:01:37	1	0	1	0
           600	2024-05-13 17:01:45	1	0	1	0
           631	2024-05-13 17:01:50	1	0	1	0
           196	2024-05-13 17:01:56	1	0	1	0
           623	2024-05-13 17:02:04	1	0	1	0
           101	2024-05-13 17:02:15	1	0	1	0
           119	2024-05-13 17:02:34	1	0	15	0
           603	2024-05-13 17:02:46	1	0	1	0
           529	2024-05-13 17:02:50	1	0	1	0
           556	2024-05-13 17:03:10	1	0	1	0
           121	2024-05-13 17:03:15	1	0	1	0
           595	2024-05-13 17:03:26	1	0	1	0
           601	2024-05-13 17:03:29	1	0	1	0
           398	2024-05-13 17:03:34	1	0	1	0
            39	2024-05-13 17:03:40	1	0	1	0
           265	2024-05-13 17:03:47	1	0	1	0
           360	2024-05-13 17:03:57	1	0	1	0
            38	2024-05-13 17:04:03	1	0	1	0
            53	2024-05-13 17:04:58	1	0	1	0
           511	2024-05-13 17:05:15	1	0	1	0
           589	2024-05-13 17:05:28	1	0	1	0
           348	2024-05-13 17:05:52	1	0	15	0
           624	2024-05-13 17:06:30	1	0	1	0
           523	2024-05-13 17:06:34	1	0	1	0
           132	2024-05-13 17:06:41	1	0	1	0
           586	2024-05-13 17:06:49	1	0	1	0
           476	2024-05-13 17:07:05	1	0	1	0
           259	2024-05-13 17:07:56	1	0	15	0
            27	2024-05-13 17:08:06	1	0	15	0
            83	2024-05-13 17:08:24	1	0	1	0
           584	2024-05-13 17:08:47	1	0	1	0
            88	2024-05-13 17:09:18	1	0	1	0
           405	2024-05-13 17:09:26	1	0	1	0
           417	2024-05-13 17:09:33	1	0	1	0
           453	2024-05-13 17:09:51	1	0	15	0
           493	2024-05-13 17:10:04	1	0	1	0
           604	2024-05-13 17:10:25	1	0	1	0
           125	2024-05-13 17:10:31	1	0	1	0
           575	2024-05-13 17:11:07	1	0	1	0
           375	2024-05-13 17:11:13	1	0	1	0
           502	2024-05-13 17:11:30	1	0	1	0
           363	2024-05-13 17:11:41	1	0	1	0
           361	2024-05-13 17:11:47	1	0	1	0
           635	2024-05-13 17:13:35	1	0	1	0
           434	2024-05-13 17:14:24	1	0	1	0
            73	2024-05-13 17:15:19	1	0	1	0
           404	2024-05-13 17:15:47	1	0	1	0
            69	2024-05-13 17:16:32	1	0	1	0
           580	2024-05-13 17:18:07	1	0	1	0
           403	2024-05-13 17:19:22	1	0	1	0
           236	2024-05-13 17:19:56	1	0	1	0
           541	2024-05-13 17:23:43	1	0	1	0
           573	2024-05-13 17:23:51	1	0	1	0
           546	2024-05-13 17:24:25	1	0	1	0
           492	2024-05-13 17:27:30	1	0	1	0
           355	2024-05-13 17:28:14	1	0	1	0
           335	2024-05-13 17:31:19	1	0	1	0
           331	2024-05-13 17:43:53	1	0	1	0
           593	2024-05-13 17:44:18	1	0	1	0
           444	2024-05-13 17:54:02	1	0	1	0
           275	2024-05-13 18:00:05	1	0	1	0
           425	2024-05-13 18:01:15	1	0	1	0
            87	2024-05-13 18:01:41	1	0	1	0
           182	2024-05-13 18:01:49	1	0	1	0
           485	2024-05-13 18:08:22	1	0	1	0
           114	2024-05-13 18:14:29	1	0	1	0
           395	2024-05-13 18:21:00	1	0	1	0
           105	2024-05-13 18:37:09	1	0	1	0
           408	2024-05-13 18:37:15	1	0	1	0
           312	2024-05-13 18:37:21	1	0	1	0
           338	2024-05-13 18:37:26	1	0	1	0
           205	2024-05-13 18:55:44	1	0	1	0
           457	2024-05-13 19:05:12	1	0	1	0
           516	2024-05-13 19:05:18	1	0	1	0
           467	2024-05-13 19:06:32	1	0	1	0
           337	2024-05-13 19:07:57	1	0	1	0
           579	2024-05-13 19:08:02	1	0	1	0
           414	2024-05-13 19:10:26	1	0	1	0
           314	2024-05-13 19:50:58	1	0	1	0
           465	2024-05-13 19:56:43	1	0	1	0
            75	2024-05-13 19:56:52	1	0	1	0
           610	2024-05-13 20:31:32	1	0	1	0
           567	2024-05-13 21:37:12	1	0	1	0
           124	2024-05-13 23:00:07	1	0	15	0
           305	2024-05-14 05:51:48	1	0	1	0
           443	2024-05-14 05:57:41	1	0	1	0
           335	2024-05-14 05:59:09	1	0	1	0
           337	2024-05-14 06:01:53	1	0	1	0
           567	2024-05-14 06:02:04	1	0	1	0
           620	2024-05-14 06:06:12	1	0	1	0
           395	2024-05-14 06:30:49	1	0	1	0
           422	2024-05-14 06:34:33	1	0	1	0
           387	2024-05-14 06:38:26	1	0	15	0
           600	2024-05-14 06:43:18	1	0	1	0
           119	2024-05-14 06:46:32	1	0	15	0
           196	2024-05-14 06:46:36	1	0	1	0
           632	2024-05-14 06:46:45	1	0	1	0
           413	2024-05-14 06:47:42	1	0	1	0
            74	2024-05-14 06:53:48	1	0	15	0
           584	2024-05-14 06:57:24	1	0	1	0
            88	2024-05-14 06:57:49	1	0	15	0
            93	2024-05-14 06:59:54	1	0	1	0
           288	2024-05-14 07:01:28	1	0	1	0
           183	2024-05-14 07:01:36	1	0	1	0
           259	2024-05-14 07:03:18	1	0	1	0
           360	2024-05-14 07:04:05	1	0	1	0
           573	2024-05-14 07:05:06	1	0	1	0
            77	2024-05-14 07:06:04	1	0	1	0
           566	2024-05-14 07:06:14	1	0	1	0
           460	2024-05-14 07:06:29	1	0	1	0
           581	2024-05-14 07:06:36	1	0	1	0
           546	2024-05-14 07:09:45	1	0	1	0
           631	2024-05-14 07:10:34	1	0	1	0
           123	2024-05-14 07:11:34	1	0	1	0
           554	2024-05-14 07:11:44	1	0	1	0
           582	2024-05-14 07:13:41	1	0	1	0
           493	2024-05-14 07:15:02	1	0	1	0
            37	2024-05-14 07:15:15	1	0	1	0
           115	2024-05-14 07:15:24	1	0	1	0
           149	2024-05-14 07:16:15	1	0	1	0
           146	2024-05-14 07:17:55	1	0	15	0
           184	2024-05-14 07:18:09	1	0	1	0
           252	2024-05-14 07:19:24	1	0	15	0
           314	2024-05-14 07:19:39	1	0	1	0
           370	2024-05-14 07:21:13	1	0	15	0
           556	2024-05-14 07:24:48	1	0	1	0
           601	2024-05-14 07:25:45	1	0	1	0
           623	2024-05-14 07:28:10	1	0	1	0
           114	2024-05-14 07:28:45	1	0	1	0
           636	2024-05-14 07:29:23	1	0	1	0
            39	2024-05-14 07:30:38	1	0	1	0
           434	2024-05-14 07:31:48	1	0	1	0
           595	2024-05-14 07:32:32	1	0	1	0
           575	2024-05-14 07:34:19	1	0	1	0
           476	2024-05-14 07:36:25	1	0	1	0
           492	2024-05-14 07:37:29	1	0	1	0
           101	2024-05-14 07:37:55	1	0	1	0
           516	2024-05-14 07:38:06	1	0	1	0
           457	2024-05-14 07:38:24	1	0	1	0
           265	2024-05-14 07:38:35	1	0	1	0
           397	2024-05-14 07:39:23	1	0	1	0
            27	2024-05-14 07:40:12	1	0	15	0
           348	2024-05-14 07:40:19	1	0	15	0
           453	2024-05-14 07:40:28	1	0	15	0
           553	2024-05-14 07:40:38	1	0	1	0
           408	2024-05-14 07:42:48	1	0	1	0
           580	2024-05-14 07:42:57	1	0	1	0
           338	2024-05-14 07:43:45	1	0	1	0
           417	2024-05-14 07:43:50	1	0	15	0
           604	2024-05-14 07:44:13	1	0	1	0
            53	2024-05-14 07:45:14	1	0	1	0
           444	2024-05-14 07:46:01	1	0	1	0
            69	2024-05-14 07:47:48	1	0	1	0
           502	2024-05-14 07:48:05	1	0	1	0
            83	2024-05-14 07:49:02	1	0	1	0
           403	2024-05-14 07:50:24	1	0	1	0
           541	2024-05-14 07:50:56	1	0	1	0
           586	2024-05-14 07:51:12	1	0	1	0
           125	2024-05-14 07:51:28	1	0	1	0
           467	2024-05-14 07:51:49	1	0	1	0
           624	2024-05-14 07:51:55	1	0	1	0
           609	2024-05-14 07:53:30	1	0	1	0
           589	2024-05-14 07:53:36	1	0	1	0
           132	2024-05-14 07:53:42	1	0	1	0
           105	2024-05-14 07:54:10	1	0	1	0
           205	2024-05-14 07:54:58	1	0	1	0
           404	2024-05-14 07:55:13	1	0	1	0
            38	2024-05-14 07:55:19	1	0	1	0
            73	2024-05-14 07:55:32	1	0	1	0
           398	2024-05-14 07:55:40	1	0	1	0
           465	2024-05-14 07:55:47	1	0	1	0
            75	2024-05-14 07:55:54	1	0	1	0
           361	2024-05-14 07:56:00	1	0	1	0
           331	2024-05-14 07:56:11	1	0	1	0
           574	2024-05-14 07:57:21	1	0	1	0
           363	2024-05-14 07:57:52	1	0	1	0
           610	2024-05-14 07:59:06	1	0	1	0
           121	2024-05-14 07:59:11	1	0	1	0
           593	2024-05-14 08:00:55	1	0	1	0
           511	2024-05-14 08:02:42	1	0	1	0
           200	2024-05-14 08:07:19	1	0	1	0
           249	2024-05-14 08:07:51	1	0	1	0
           312	2024-05-14 08:09:32	1	0	1	0
           236	2024-05-14 08:11:18	1	0	1	0
           583	2024-05-14 08:25:52	1	0	1	0
           275	2024-05-14 08:26:32	1	0	1	0
           425	2024-05-14 08:41:18	1	0	1	0
           182	2024-05-14 08:41:51	1	0	1	0
            87	2024-05-14 08:49:11	1	0	1	0
           529	2024-05-14 08:51:24	1	0	1	0
           603	2024-05-14 08:51:30	1	0	1	0
           485	2024-05-14 09:01:46	1	0	1	0
           288	2024-05-14 11:00:50	1	0	1	0
            88	2024-05-14 11:02:59	1	0	15	0
           370	2024-05-14 11:03:05	1	0	15	0
           183	2024-05-14 11:03:12	1	0	15	0
            93	2024-05-14 11:03:19	1	0	1	0
           460	2024-05-14 11:07:22	1	0	1	0
           288	2024-05-14 11:16:22	1	0	1	0
           370	2024-05-14 11:21:36	1	0	15	0
            88	2024-05-14 11:21:46	1	0	15	0
            93	2024-05-14 11:21:53	1	0	1	0
           183	2024-05-14 11:24:13	1	0	1	0
           634	2024-05-14 11:27:37	1	0	1	0
           566	2024-05-14 11:30:03	1	0	1	0
           123	2024-05-14 11:30:09	1	0	1	0
           581	2024-05-14 11:30:16	1	0	1	0
           632	2024-05-14 11:30:27	1	0	1	0
           387	2024-05-14 11:30:49	1	0	15	0
           582	2024-05-14 11:30:54	1	0	1	0
           422	2024-05-14 11:31:02	1	0	1	0
           360	2024-05-14 11:32:55	1	0	1	0
           600	2024-05-14 11:34:56	1	0	1	0
           119	2024-05-14 11:35:01	1	0	15	0
           196	2024-05-14 11:35:15	1	0	1	0
           408	2024-05-14 11:36:12	1	0	1	0
           554	2024-05-14 11:40:24	1	0	1	0
           553	2024-05-14 11:43:43	1	0	1	0
           460	2024-05-14 11:44:03	1	0	1	0
           573	2024-05-14 11:46:05	1	0	1	0
           546	2024-05-14 11:46:08	1	0	1	0
           115	2024-05-14 11:51:09	1	0	1	0
           337	2024-05-14 11:51:19	1	0	1	0
           314	2024-05-14 11:51:26	1	0	1	0
           413	2024-05-14 11:56:12	1	0	1	0
           529	2024-05-14 12:00:03	1	0	1	0
           603	2024-05-14 12:00:07	1	0	1	0
           397	2024-05-14 12:00:10	1	0	1	0
           119	2024-05-14 12:00:18	1	0	15	0
            74	2024-05-14 12:00:29	1	0	1	0
           581	2024-05-14 12:00:35	1	0	1	0
           184	2024-05-14 12:00:52	1	0	1	0
            69	2024-05-14 12:01:06	1	0	1	0
            37	2024-05-14 12:01:10	1	0	1	0
           132	2024-05-14 12:01:17	1	0	1	0
           265	2024-05-14 12:01:22	1	0	1	0
           582	2024-05-14 12:01:27	1	0	1	0
            77	2024-05-14 12:01:33	1	0	1	0
           422	2024-05-14 12:01:43	1	0	15	0
           196	2024-05-14 12:01:51	1	0	1	0
           123	2024-05-14 12:01:55	1	0	1	0
           387	2024-05-14 12:02:04	1	0	15	0
           631	2024-05-14 12:02:10	1	0	1	0
            53	2024-05-14 12:02:19	1	0	1	0
           259	2024-05-14 12:02:26	1	0	15	0
           586	2024-05-14 12:02:31	1	0	1	0
           624	2024-05-14 12:02:38	1	0	1	0
           434	2024-05-14 12:02:44	1	0	1	0
           574	2024-05-14 12:02:51	1	0	1	0
           114	2024-05-14 12:02:55	1	0	1	0
           403	2024-05-14 12:03:02	1	0	1	0
           205	2024-05-14 12:03:07	1	0	1	0
           623	2024-05-14 12:03:12	1	0	1	0
           511	2024-05-14 12:03:21	1	0	1	0
           556	2024-05-14 12:03:25	1	0	1	0
            38	2024-05-14 12:03:37	1	0	1	0
           604	2024-05-14 12:03:47	1	0	1	0
           125	2024-05-14 12:03:54	1	0	1	0
           584	2024-05-14 12:03:58	1	0	1	0
           636	2024-05-14 12:04:38	1	0	1	0
           236	2024-05-14 12:06:37	1	0	1	0
           601	2024-05-14 12:06:51	1	0	1	0
           595	2024-05-14 12:06:54	1	0	1	0
           493	2024-05-14 12:07:04	1	0	1	0
            27	2024-05-14 12:07:17	1	0	15	0
           453	2024-05-14 12:07:23	1	0	1	0
           121	2024-05-14 12:07:33	1	0	1	0
           249	2024-05-14 12:07:46	1	0	1	0
           589	2024-05-14 12:07:51	1	0	1	0
           465	2024-05-14 12:09:01	1	0	1	0
            75	2024-05-14 12:09:04	1	0	1	0
           476	2024-05-14 12:09:25	1	0	1	0
           634	2024-05-14 12:09:29	1	0	1	0
           337	2024-05-14 12:10:00	1	0	1	0
           115	2024-05-14 12:10:07	1	0	1	0
           457	2024-05-14 12:10:14	1	0	1	0
           492	2024-05-14 12:10:21	1	0	1	0
           314	2024-05-14 12:10:27	1	0	1	0
           516	2024-05-14 12:10:38	1	0	1	0
           252	2024-05-14 12:11:31	1	0	15	0
           413	2024-05-14 12:11:52	1	0	1	0
           583	2024-05-14 12:12:28	1	0	1	0
            39	2024-05-14 12:13:32	1	0	1	0
           348	2024-05-14 12:13:43	1	0	15	0
           331	2024-05-14 12:14:16	1	0	1	0
           575	2024-05-14 12:14:38	1	0	1	0
           149	2024-05-14 12:14:57	1	0	1	0
           546	2024-05-14 12:16:06	1	0	1	0
           610	2024-05-14 12:16:20	1	0	1	0
           467	2024-05-14 12:16:26	1	0	1	0
           541	2024-05-14 12:16:28	1	0	1	0
            37	2024-05-14 12:16:38	1	0	1	0
            69	2024-05-14 12:16:49	1	0	1	0
            83	2024-05-14 12:16:57	1	0	1	0
           363	2024-05-14 12:18:18	1	0	1	0
           361	2024-05-14 12:18:23	1	0	1	0
           417	2024-05-14 12:18:31	1	0	15	0
           573	2024-05-14 12:18:47	1	0	1	0
           604	2024-05-14 12:18:55	1	0	1	0
           125	2024-05-14 12:19:01	1	0	1	0
            73	2024-05-14 12:19:24	1	0	1	0
           259	2024-05-14 12:19:34	1	0	1	0
           580	2024-05-14 12:20:04	1	0	1	0
           434	2024-05-14 12:20:22	1	0	1	0
           502	2024-05-14 12:20:46	1	0	1	0
           184	2024-05-14 12:21:39	1	0	1	0
           265	2024-05-14 12:22:21	1	0	1	0
           404	2024-05-14 12:22:46	1	0	1	0
           105	2024-05-14 12:24:02	1	0	1	0
           205	2024-05-14 12:24:31	1	0	1	0
           312	2024-05-14 12:24:40	1	0	1	0
           121	2024-05-14 12:24:57	1	0	1	0
           589	2024-05-14 12:25:16	1	0	1	0
           609	2024-05-14 12:25:23	1	0	1	0
           249	2024-05-14 12:26:19	1	0	1	0
           200	2024-05-14 12:26:32	1	0	1	0
           465	2024-05-14 12:26:44	1	0	1	0
           146	2024-05-14 12:27:02	1	0	15	0
            75	2024-05-14 12:27:11	1	0	1	0
           511	2024-05-14 12:27:43	1	0	1	0
           574	2024-05-14 12:29:16	1	0	1	0
           623	2024-05-14 12:29:27	1	0	1	0
           360	2024-05-14 12:30:28	1	0	1	0
            77	2024-05-14 12:31:02	1	0	1	0
           556	2024-05-14 12:32:32	1	0	1	0
           634	2024-05-14 12:32:39	1	0	1	0
            39	2024-05-14 12:32:56	1	0	1	0
           575	2024-05-14 12:33:28	1	0	1	0
           636	2024-05-14 12:33:38	1	0	1	0
            83	2024-05-14 12:35:36	1	0	1	0
           610	2024-05-14 12:35:45	1	0	1	0
           541	2024-05-14 12:36:00	1	0	1	0
           467	2024-05-14 12:36:05	1	0	1	0
           603	2024-05-14 12:36:40	1	0	1	0
           584	2024-05-14 12:37:25	1	0	1	0
           453	2024-05-14 12:38:18	1	0	1	0
           149	2024-05-14 12:38:29	1	0	1	0
            27	2024-05-14 12:38:44	1	0	15	0
           493	2024-05-14 12:38:58	1	0	1	0
           361	2024-05-14 12:39:08	1	0	1	0
           363	2024-05-14 12:39:13	1	0	1	0
           417	2024-05-14 12:39:23	1	0	15	0
           348	2024-05-14 12:39:44	1	0	15	0
           502	2024-05-14 12:40:33	1	0	1	0
           593	2024-05-14 12:40:51	1	0	1	0
           403	2024-05-14 12:41:07	1	0	1	0
            74	2024-05-14 12:41:15	1	0	15	0
           583	2024-05-14 12:41:22	1	0	1	0
           476	2024-05-14 12:41:49	1	0	1	0
           631	2024-05-14 12:41:55	1	0	1	0
           586	2024-05-14 12:42:01	1	0	1	0
           624	2024-05-14 12:42:09	1	0	1	0
           312	2024-05-14 12:42:45	1	0	1	0
           397	2024-05-14 12:44:05	1	0	1	0
           338	2024-05-14 12:44:24	1	0	1	0
           200	2024-05-14 12:44:30	1	0	1	0
           444	2024-05-14 12:44:43	1	0	1	0
           335	2024-05-14 12:44:50	1	0	1	0
           105	2024-05-14 12:45:07	1	0	1	0
            73	2024-05-14 12:45:30	1	0	1	0
            38	2024-05-14 12:45:59	1	0	1	0
           592	2024-05-14 12:46:51	1	0	15	0
           601	2024-05-14 12:46:53	1	0	1	0
           595	2024-05-14 12:46:55	1	0	1	0
           101	2024-05-14 12:47:00	1	0	1	0
           580	2024-05-14 12:47:46	1	0	1	0
           132	2024-05-14 12:48:43	1	0	1	0
           408	2024-05-14 12:51:08	1	0	1	0
           404	2024-05-14 12:51:25	1	0	1	0
           252	2024-05-14 12:51:29	1	0	15	0
           492	2024-05-14 12:51:48	1	0	1	0
           457	2024-05-14 12:51:54	1	0	1	0
           516	2024-05-14 12:51:58	1	0	1	0
           529	2024-05-14 12:56:32	1	0	1	0
           114	2024-05-14 12:59:45	1	0	1	0
           331	2024-05-14 13:00:02	1	0	1	0
           146	2024-05-14 13:01:17	1	0	15	0
           275	2024-05-14 13:01:42	1	0	1	0
           593	2024-05-14 13:02:43	1	0	1	0
           485	2024-05-14 13:04:09	1	0	1	0
            87	2024-05-14 13:06:40	1	0	1	0
           609	2024-05-14 13:08:20	1	0	1	0
           425	2024-05-14 13:10:15	1	0	1	0
           182	2024-05-14 13:13:38	1	0	15	0
           275	2024-05-14 13:26:16	1	0	1	0
            87	2024-05-14 13:29:08	1	0	1	0
           182	2024-05-14 13:29:17	1	0	1	0
           425	2024-05-14 13:37:49	1	0	1	0
           485	2024-05-14 13:48:13	1	0	1	0
           124	2024-05-14 13:59:09	1	0	15	0
           305	2024-05-14 14:09:32	1	0	1	0
           567	2024-05-14 14:42:01	1	0	1	0
           620	2024-05-14 15:00:15	1	0	1	0
           288	2024-05-14 16:01:23	1	0	1	0
           183	2024-05-14 16:03:04	1	0	15	0
            93	2024-05-14 16:03:11	1	0	1	0
           413	2024-05-14 16:24:24	1	0	1	0
           370	2024-05-14 16:48:05	1	0	15	0
           395	2024-05-14 17:00:08	1	0	1	0
           331	2024-05-14 17:00:12	1	0	1	0
            74	2024-05-14 17:00:18	1	0	1	0
           556	2024-05-14 17:00:29	1	0	1	0
           397	2024-05-14 17:00:34	1	0	1	0
           581	2024-05-14 17:00:38	1	0	1	0
           387	2024-05-14 17:00:49	1	0	15	0
           595	2024-05-14 17:00:56	1	0	1	0
           511	2024-05-14 17:01:01	1	0	1	0
            53	2024-05-14 17:01:07	1	0	1	0
           422	2024-05-14 17:01:12	1	0	1	0
           631	2024-05-14 17:01:18	1	0	1	0
           149	2024-05-14 17:01:26	1	0	1	0
           259	2024-05-14 17:01:34	1	0	1	0
           101	2024-05-14 17:01:40	1	0	1	0
           600	2024-05-14 17:01:53	1	0	1	0
           457	2024-05-14 17:02:03	1	0	1	0
           582	2024-05-14 17:02:20	1	0	1	0
           601	2024-05-14 17:02:30	1	0	1	0
           265	2024-05-14 17:02:36	1	0	1	0
            77	2024-05-14 17:02:47	1	0	1	0
           623	2024-05-14 17:02:59	1	0	1	0
           123	2024-05-14 17:03:03	1	0	1	0
           196	2024-05-14 17:03:32	1	0	1	0
            37	2024-05-14 17:03:46	1	0	1	0
            39	2024-05-14 17:04:00	1	0	1	0
           603	2024-05-14 17:05:37	1	0	1	0
           529	2024-05-14 17:05:47	1	0	1	0
           132	2024-05-14 17:06:00	1	0	1	0
           609	2024-05-14 17:06:12	1	0	1	0
           583	2024-05-14 17:06:18	1	0	1	0
           146	2024-05-14 17:06:39	1	0	15	0
           575	2024-05-14 17:06:48	1	0	1	0
           184	2024-05-14 17:06:57	1	0	1	0
           252	2024-05-14 17:07:03	1	0	15	0
           460	2024-05-14 17:07:34	1	0	1	0
           636	2024-05-14 17:07:41	1	0	1	0
           502	2024-05-14 17:08:43	1	0	1	0
           604	2024-05-14 17:09:42	1	0	1	0
           125	2024-05-14 17:09:53	1	0	1	0
           119	2024-05-14 17:11:15	1	0	15	0
           546	2024-05-14 17:11:33	1	0	1	0
           348	2024-05-14 17:13:21	1	0	15	0
            69	2024-05-14 17:14:23	1	0	1	0
           403	2024-05-14 17:14:37	1	0	1	0
            38	2024-05-14 17:14:46	1	0	1	0
           398	2024-05-14 17:15:20	1	0	1	0
           361	2024-05-14 17:15:30	1	0	1	0
           417	2024-05-14 17:15:39	1	0	15	0
           360	2024-05-14 17:15:49	1	0	1	0
           493	2024-05-14 17:16:42	1	0	1	0
           634	2024-05-14 17:16:49	1	0	1	0
           453	2024-05-14 17:17:21	1	0	1	0
           434	2024-05-14 17:18:00	1	0	1	0
           404	2024-05-14 17:18:47	1	0	1	0
           115	2024-05-14 17:19:06	1	0	1	0
           363	2024-05-14 17:20:30	1	0	1	0
           236	2024-05-14 17:21:06	1	0	1	0
            73	2024-05-14 17:21:13	1	0	1	0
           476	2024-05-14 17:21:21	1	0	1	0
           586	2024-05-14 17:21:34	1	0	1	0
           624	2024-05-14 17:21:38	1	0	1	0
           337	2024-05-14 17:22:40	1	0	1	0
           314	2024-05-14 17:22:46	1	0	1	0
           553	2024-05-14 17:22:52	1	0	1	0
           573	2024-05-14 17:22:57	1	0	1	0
           541	2024-05-14 17:23:04	1	0	1	0
           593	2024-05-14 17:26:00	1	0	1	0
            27	2024-05-14 17:26:12	1	0	15	0
           200	2024-05-14 17:27:02	1	0	1	0
           121	2024-05-14 17:28:33	1	0	1	0
           249	2024-05-14 17:28:38	1	0	1	0
           584	2024-05-14 17:28:47	1	0	1	0
           589	2024-05-14 17:28:53	1	0	1	0
           580	2024-05-14 17:29:47	1	0	1	0
           105	2024-05-14 17:39:03	1	0	1	0
           408	2024-05-14 17:39:11	1	0	1	0
           338	2024-05-14 17:39:15	1	0	1	0
           205	2024-05-14 17:54:29	1	0	1	0
           574	2024-05-14 17:54:41	1	0	1	0
            83	2024-05-14 17:55:55	1	0	1	0
           485	2024-05-14 18:00:29	1	0	1	0
           425	2024-05-14 18:00:36	1	0	1	0
           182	2024-05-14 18:01:28	1	0	1	0
            87	2024-05-14 18:03:12	1	0	1	0
           275	2024-05-14 18:05:55	1	0	1	0
           312	2024-05-14 18:13:01	1	0	1	0
           444	2024-05-14 18:15:07	1	0	1	0
           467	2024-05-14 18:27:32	1	0	1	0
            75	2024-05-14 18:37:44	1	0	1	0
           465	2024-05-14 18:37:49	1	0	1	0
            88	2024-05-14 18:44:19	1	0	15	0
           114	2024-05-14 18:45:01	1	0	1	0
           443	2024-05-14 18:50:10	1	0	1	0
           492	2024-05-14 19:00:44	1	0	1	0
           610	2024-05-14 20:25:57	1	0	1	0
           124	2024-05-14 22:02:53	1	0	15	0
           414	2024-05-14 22:03:30	1	0	1	0
           516	2024-05-14 22:21:44	1	0	1	0
           567	2024-05-14 23:00:34	1	0	1	0
            75	2024-05-15 04:31:08	1	0	1	0
           395	2024-05-15 05:23:16	1	0	1	0
           337	2024-05-15 06:03:46	1	0	1	0
           443	2024-05-15 06:10:08	1	0	1	0
           196	2024-05-15 06:23:00	1	0	1	0
           119	2024-05-15 06:23:34	1	0	15	0
           632	2024-05-15 06:23:45	1	0	1	0
           387	2024-05-15 06:24:52	1	0	15	0
           493	2024-05-15 06:24:59	1	0	1	0
           422	2024-05-15 06:26:45	1	0	1	0
           314	2024-05-15 06:31:25	1	0	1	0
           600	2024-05-15 06:39:49	1	0	1	0
           360	2024-05-15 06:43:00	1	0	1	0
            88	2024-05-15 06:44:33	1	0	15	0
           124	2024-05-15 06:46:42	1	0	15	0
           408	2024-05-15 06:46:51	1	0	1	0
           595	2024-05-15 06:47:46	1	0	1	0
           413	2024-05-15 06:49:10	1	0	1	0
           457	2024-05-15 06:50:17	1	0	1	0
           460	2024-05-15 06:59:47	1	0	1	0
           288	2024-05-15 07:00:54	1	0	1	0
           631	2024-05-15 07:01:23	1	0	1	0
           183	2024-05-15 07:01:47	1	0	1	0
           546	2024-05-15 07:03:33	1	0	1	0
           123	2024-05-15 07:04:25	1	0	1	0
           259	2024-05-15 07:05:25	1	0	1	0
           398	2024-05-15 07:07:09	1	0	1	0
           348	2024-05-15 07:07:43	1	0	15	0
            27	2024-05-15 07:07:53	1	0	15	0
           453	2024-05-15 07:08:10	1	0	1	0
           115	2024-05-15 07:10:20	1	0	1	0
            77	2024-05-15 07:10:54	1	0	1	0
            93	2024-05-15 07:12:11	1	0	1	0
           624	2024-05-15 07:12:59	1	0	1	0
           573	2024-05-15 07:13:14	1	0	1	0
            74	2024-05-15 07:15:03	1	0	1	0
           579	2024-05-15 07:15:31	1	0	1	0
           523	2024-05-15 07:16:18	1	0	1	0
           146	2024-05-15 07:16:51	1	0	15	0
           184	2024-05-15 07:17:12	1	0	1	0
           601	2024-05-15 07:18:29	1	0	1	0
           584	2024-05-15 07:19:34	1	0	1	0
           554	2024-05-15 07:21:32	1	0	1	0
           205	2024-05-15 07:21:49	1	0	1	0
           553	2024-05-15 07:24:27	1	0	1	0
           434	2024-05-15 07:24:35	1	0	1	0
           370	2024-05-15 07:24:43	1	0	15	0
            37	2024-05-15 07:25:54	1	0	1	0
           105	2024-05-15 07:28:29	1	0	1	0
           581	2024-05-15 07:28:54	1	0	1	0
            39	2024-05-15 07:29:08	1	0	1	0
           582	2024-05-15 07:31:03	1	0	1	0
           556	2024-05-15 07:31:35	1	0	1	0
           476	2024-05-15 07:35:45	1	0	1	0
           529	2024-05-15 07:36:29	1	0	15	0
           603	2024-05-15 07:36:34	1	0	1	0
           114	2024-05-15 07:36:39	1	0	1	0
           265	2024-05-15 07:36:54	1	0	1	0
           403	2024-05-15 07:37:57	1	0	1	0
           355	2024-05-15 07:38:33	1	0	1	0
           575	2024-05-15 07:38:39	1	0	1	0
            38	2024-05-15 07:39:49	1	0	1	0
            73	2024-05-15 07:40:00	1	0	1	0
           604	2024-05-15 07:40:16	1	0	1	0
           574	2024-05-15 07:40:23	1	0	1	0
           361	2024-05-15 07:40:34	1	0	1	0
           404	2024-05-15 07:41:11	1	0	1	0
           516	2024-05-15 07:43:33	1	0	1	0
           397	2024-05-15 07:44:00	1	0	1	0
           101	2024-05-15 07:44:56	1	0	1	0
           610	2024-05-15 07:45:18	1	0	1	0
            83	2024-05-15 07:45:41	1	0	1	0
           635	2024-05-15 07:45:53	1	0	1	0
           444	2024-05-15 07:46:01	1	0	1	0
           236	2024-05-15 07:47:14	1	0	1	0
           200	2024-05-15 07:47:23	1	0	1	0
            69	2024-05-15 07:47:45	1	0	1	0
           467	2024-05-15 07:47:54	1	0	1	0
           609	2024-05-15 07:48:02	1	0	1	0
           502	2024-05-15 07:49:21	1	0	1	0
            53	2024-05-15 07:51:09	1	0	1	0
           252	2024-05-15 07:51:17	1	0	15	0
           589	2024-05-15 07:52:55	1	0	1	0
           623	2024-05-15 07:53:04	1	0	1	0
           541	2024-05-15 07:54:22	1	0	1	0
           331	2024-05-15 07:54:29	1	0	1	0
           338	2024-05-15 07:54:35	1	0	1	0
           121	2024-05-15 07:54:49	1	0	1	0
           194	2024-05-15 07:55:49	1	0	15	0
           511	2024-05-15 07:55:54	1	0	1	0
           206	2024-05-15 07:57:20	1	0	1	0
           363	2024-05-15 07:57:56	1	0	1	0
           465	2024-05-15 08:00:00	1	0	1	0
           580	2024-05-15 08:02:08	1	0	1	0
           125	2024-05-15 08:02:11	1	0	1	0
           593	2024-05-15 08:03:40	1	0	1	0
           417	2024-05-15 08:03:56	1	0	15	0
           312	2024-05-15 08:05:53	1	0	1	0
           182	2024-05-15 08:08:56	1	0	1	0
           249	2024-05-15 08:12:01	1	0	1	0
           583	2024-05-15 08:14:33	1	0	1	0
           425	2024-05-15 08:21:27	1	0	1	0
            87	2024-05-15 08:38:41	1	0	1	0
           405	2024-05-15 08:41:59	1	0	1	0
           634	2024-05-15 10:05:21	1	0	1	0
           413	2024-05-15 11:01:23	1	0	1	0
           288	2024-05-15 11:02:39	1	0	1	0
           183	2024-05-15 11:07:19	1	0	15	0
            88	2024-05-15 11:07:27	1	0	15	0
            93	2024-05-15 11:07:39	1	0	1	0
           370	2024-05-15 11:07:50	1	0	15	0
           460	2024-05-15 11:09:32	1	0	1	0
           288	2024-05-15 11:25:16	1	0	1	0
           183	2024-05-15 11:25:22	1	0	15	0
            93	2024-05-15 11:25:29	1	0	1	0
            88	2024-05-15 11:25:37	1	0	15	0
           370	2024-05-15 11:25:44	1	0	15	0
           460	2024-05-15 11:26:05	1	0	1	0
           581	2024-05-15 11:30:07	1	0	1	0
           360	2024-05-15 11:30:14	1	0	1	0
           387	2024-05-15 11:30:24	1	0	15	0
           422	2024-05-15 11:30:40	1	0	1	0
           582	2024-05-15 11:30:48	1	0	1	0
           123	2024-05-15 11:30:55	1	0	1	0
           632	2024-05-15 11:31:01	1	0	1	0
           196	2024-05-15 11:31:14	1	0	1	0
           119	2024-05-15 11:31:22	1	0	15	0
           413	2024-05-15 11:32:12	1	0	4	0
           600	2024-05-15 11:32:42	1	0	1	0
           337	2024-05-15 11:51:45	1	0	1	0
           115	2024-05-15 11:52:05	1	0	1	0
            53	2024-05-15 12:00:09	1	0	1	0
           600	2024-05-15 12:00:16	1	0	1	0
           196	2024-05-15 12:00:20	1	0	1	0
           387	2024-05-15 12:00:31	1	0	15	0
           422	2024-05-15 12:00:37	1	0	1	0
           397	2024-05-15 12:00:42	1	0	1	0
           123	2024-05-15 12:00:49	1	0	1	0
           584	2024-05-15 12:00:57	1	0	1	0
           604	2024-05-15 12:01:05	1	0	1	0
           125	2024-05-15 12:01:10	1	0	1	0
           635	2024-05-15 12:01:15	1	0	1	0
            77	2024-05-15 12:01:20	1	0	1	0
            39	2024-05-15 12:01:25	1	0	1	0
           573	2024-05-15 12:01:34	1	0	1	0
           554	2024-05-15 12:01:37	1	0	1	0
           546	2024-05-15 12:01:45	1	0	1	0
           314	2024-05-15 12:01:49	1	0	1	0
           579	2024-05-15 12:01:59	1	0	1	0
           580	2024-05-15 12:02:04	1	0	1	0
            69	2024-05-15 12:02:10	1	0	1	0
           582	2024-05-15 12:02:14	1	0	1	0
           184	2024-05-15 12:02:19	1	0	1	0
           553	2024-05-15 12:02:23	1	0	1	0
           511	2024-05-15 12:02:28	1	0	1	0
           623	2024-05-15 12:02:32	1	0	1	0
           593	2024-05-15 12:02:34	1	0	1	0
           114	2024-05-15 12:02:43	1	0	1	0
           119	2024-05-15 12:02:52	1	0	15	0
           631	2024-05-15 12:02:58	1	0	1	0
           414	2024-05-15 12:03:03	1	0	1	0
           541	2024-05-15 12:03:07	1	0	1	0
           574	2024-05-15 12:03:11	1	0	1	0
           476	2024-05-15 12:03:18	1	0	1	0
           624	2024-05-15 12:03:22	1	0	1	0
           355	2024-05-15 12:03:31	1	0	1	0
           523	2024-05-15 12:03:35	1	0	1	0
           331	2024-05-15 12:03:52	1	0	1	0
           634	2024-05-15 12:04:33	1	0	1	0
           259	2024-05-15 12:05:28	1	0	15	0
           121	2024-05-15 12:06:06	1	0	1	0
           493	2024-05-15 12:06:18	1	0	1	0
           348	2024-05-15 12:06:27	1	0	15	0
           101	2024-05-15 12:06:36	1	0	1	0
           249	2024-05-15 12:06:45	1	0	1	0
            27	2024-05-15 12:06:56	1	0	15	0
           453	2024-05-15 12:07:03	1	0	1	0
           575	2024-05-15 12:07:10	1	0	1	0
           465	2024-05-15 12:07:23	1	0	1	0
           603	2024-05-15 12:07:31	1	0	1	0
           335	2024-05-15 12:07:43	1	0	1	0
           556	2024-05-15 12:07:48	1	0	1	0
           337	2024-05-15 12:08:09	1	0	1	0
           529	2024-05-15 12:08:30	1	0	1	0
           601	2024-05-15 12:08:33	1	0	1	0
           115	2024-05-15 12:08:38	1	0	15	0
           595	2024-05-15 12:08:52	1	0	1	0
            83	2024-05-15 12:09:31	1	0	1	0
           609	2024-05-15 12:09:42	1	0	1	0
           589	2024-05-15 12:09:48	1	0	1	0
           610	2024-05-15 12:13:03	1	0	1	0
           467	2024-05-15 12:13:09	1	0	1	0
            74	2024-05-15 12:14:33	1	0	1	0
           434	2024-05-15 12:14:39	1	0	1	0
            53	2024-05-15 12:15:13	1	0	1	0
           236	2024-05-15 12:15:37	1	0	1	0
           546	2024-05-15 12:16:50	1	0	1	0
           314	2024-05-15 12:16:56	1	0	1	0
           252	2024-05-15 12:17:09	1	0	15	0
            77	2024-05-15 12:17:31	1	0	1	0
            37	2024-05-15 12:17:47	1	0	1	0
           338	2024-05-15 12:17:55	1	0	1	0
            69	2024-05-15 12:18:02	1	0	1	0
           573	2024-05-15 12:18:06	1	0	1	0
           554	2024-05-15 12:18:12	1	0	1	0
           631	2024-05-15 12:18:28	1	0	1	0
            39	2024-05-15 12:18:55	1	0	1	0
           184	2024-05-15 12:19:27	1	0	1	0
           553	2024-05-15 12:20:01	1	0	1	0
           541	2024-05-15 12:20:20	1	0	1	0
           579	2024-05-15 12:20:23	1	0	1	0
           584	2024-05-15 12:21:00	1	0	1	0
           414	2024-05-15 12:21:28	1	0	1	0
           114	2024-05-15 12:22:09	1	0	1	0
           465	2024-05-15 12:23:54	1	0	1	0
           583	2024-05-15 12:24:03	1	0	1	0
           146	2024-05-15 12:24:58	1	0	15	0
            73	2024-05-15 12:26:19	1	0	1	0
           403	2024-05-15 12:26:53	1	0	1	0
           434	2024-05-15 12:29:44	1	0	1	0
            74	2024-05-15 12:30:10	1	0	1	0
           635	2024-05-15 12:30:27	1	0	1	0
           101	2024-05-15 12:30:39	1	0	1	0
           610	2024-05-15 12:30:47	1	0	1	0
           467	2024-05-15 12:30:54	1	0	1	0
           265	2024-05-15 12:31:03	1	0	1	0
            38	2024-05-15 12:31:13	1	0	1	0
           397	2024-05-15 12:32:38	1	0	1	0
           634	2024-05-15 12:32:55	1	0	1	0
            37	2024-05-15 12:33:03	1	0	1	0
           121	2024-05-15 12:33:08	1	0	1	0
           476	2024-05-15 12:33:16	1	0	1	0
           624	2024-05-15 12:33:21	1	0	1	0
           249	2024-05-15 12:33:27	1	0	1	0
           200	2024-05-15 12:34:07	1	0	1	0
            75	2024-05-15 12:34:56	1	0	1	0
           556	2024-05-15 12:35:19	1	0	1	0
           502	2024-05-15 12:35:50	1	0	1	0
           609	2024-05-15 12:36:07	1	0	1	0
           574	2024-05-15 12:36:30	1	0	1	0
           360	2024-05-15 12:37:26	1	0	1	0
           575	2024-05-15 12:38:10	1	0	1	0
           252	2024-05-15 12:40:05	1	0	15	0
           331	2024-05-15 12:40:16	1	0	1	0
           361	2024-05-15 12:40:44	1	0	1	0
           580	2024-05-15 12:41:17	1	0	1	0
           236	2024-05-15 12:42:34	1	0	1	0
           194	2024-05-15 12:43:36	1	0	1	0
           444	2024-05-15 12:43:39	1	0	1	0
           593	2024-05-15 12:43:57	1	0	1	0
           511	2024-05-15 12:44:02	1	0	1	0
           604	2024-05-15 12:44:08	1	0	1	0
           125	2024-05-15 12:44:12	1	0	1	0
           595	2024-05-15 12:44:19	1	0	1	0
            27	2024-05-15 12:44:37	1	0	15	0
           493	2024-05-15 12:44:43	1	0	1	0
           453	2024-05-15 12:44:49	1	0	1	0
            83	2024-05-15 12:44:57	1	0	1	0
           601	2024-05-15 12:45:01	1	0	1	0
           403	2024-05-15 12:45:30	1	0	1	0
           363	2024-05-15 12:45:57	1	0	1	0
           405	2024-05-15 12:46:03	1	0	1	0
           417	2024-05-15 12:46:16	1	0	15	0
           589	2024-05-15 12:46:25	1	0	1	0
           348	2024-05-15 12:46:46	1	0	15	0
           583	2024-05-15 12:46:55	1	0	1	0
           623	2024-05-15 12:48:45	1	0	1	0
           523	2024-05-15 12:49:46	1	0	1	0
           355	2024-05-15 12:49:51	1	0	1	0
           146	2024-05-15 12:50:24	1	0	15	0
           603	2024-05-15 12:50:33	1	0	1	0
           529	2024-05-15 12:50:39	1	0	1	0
           338	2024-05-15 12:50:50	1	0	1	0
            73	2024-05-15 12:52:13	1	0	1	0
            38	2024-05-15 12:52:33	1	0	1	0
           502	2024-05-15 12:53:14	1	0	1	0
           200	2024-05-15 12:54:57	1	0	1	0
           361	2024-05-15 12:58:01	1	0	1	0
           194	2024-05-15 12:58:43	1	0	1	0
           444	2024-05-15 12:58:53	1	0	1	0
           363	2024-05-15 13:01:04	1	0	1	0
           405	2024-05-15 13:01:09	1	0	1	0
           425	2024-05-15 13:01:17	1	0	1	0
           417	2024-05-15 13:01:27	1	0	1	0
            87	2024-05-15 13:02:10	1	0	1	0
           182	2024-05-15 13:12:14	1	0	1	0
           425	2024-05-15 13:17:47	1	0	1	0
           567	2024-05-15 13:39:18	1	0	1	0
            87	2024-05-15 13:39:59	1	0	1	0
           182	2024-05-15 13:49:18	1	0	1	0
           124	2024-05-15 15:00:18	1	0	15	0
           288	2024-05-15 16:00:09	1	0	1	0
            93	2024-05-15 16:00:18	1	0	1	0
            88	2024-05-15 16:04:04	1	0	15	0
           183	2024-05-15 16:12:35	1	0	15	0
           460	2024-05-15 16:19:04	1	0	1	0
           584	2024-05-15 16:36:12	1	0	1	0
           370	2024-05-15 16:37:20	1	0	15	0
           413	2024-05-15 16:48:27	1	0	4	0
            53	2024-05-15 17:00:07	1	0	1	0
           397	2024-05-15 17:00:12	1	0	1	0
           609	2024-05-15 17:00:15	1	0	1	0
            74	2024-05-15 17:00:28	1	0	15	0
           387	2024-05-15 17:00:35	1	0	15	0
           395	2024-05-15 17:00:42	1	0	1	0
           422	2024-05-15 17:00:47	1	0	1	0
           511	2024-05-15 17:00:51	1	0	1	0
           623	2024-05-15 17:00:55	1	0	1	0
           593	2024-05-15 17:00:59	1	0	1	0
            77	2024-05-15 17:01:10	1	0	1	0
           631	2024-05-15 17:01:15	1	0	1	0
           348	2024-05-15 17:01:21	1	0	1	0
           184	2024-05-15 17:01:27	1	0	1	0
           146	2024-05-15 17:01:32	1	0	15	0
           634	2024-05-15 17:01:41	1	0	1	0
           575	2024-05-15 17:02:06	1	0	1	0
           600	2024-05-15 17:02:17	1	0	1	0
           123	2024-05-15 17:02:21	1	0	1	0
           582	2024-05-15 17:02:26	1	0	1	0
           249	2024-05-15 17:02:39	1	0	1	0
           405	2024-05-15 17:02:46	1	0	1	0
           589	2024-05-15 17:02:54	1	0	1	0
           121	2024-05-15 17:03:02	1	0	1	0
           236	2024-05-15 17:03:11	1	0	1	0
           196	2024-05-15 17:03:25	1	0	1	0
           403	2024-05-15 17:03:46	1	0	1	0
           601	2024-05-15 17:03:51	1	0	1	0
           595	2024-05-15 17:03:55	1	0	1	0
           119	2024-05-15 17:04:12	1	0	15	0
           360	2024-05-15 17:04:37	1	0	1	0
           398	2024-05-15 17:04:41	1	0	1	0
           546	2024-05-15 17:04:46	1	0	1	0
           523	2024-05-15 17:05:06	1	0	1	0
           624	2024-05-15 17:05:16	1	0	1	0
           476	2024-05-15 17:05:25	1	0	1	0
            27	2024-05-15 17:05:51	1	0	15	0
           580	2024-05-15 17:06:15	1	0	1	0
           493	2024-05-15 17:06:24	1	0	1	0
           331	2024-05-15 17:06:42	1	0	1	0
           453	2024-05-15 17:07:05	1	0	15	0
            38	2024-05-15 17:07:41	1	0	1	0
           502	2024-05-15 17:08:06	1	0	1	0
           635	2024-05-15 17:09:17	1	0	1	0
           335	2024-05-15 17:09:28	1	0	1	0
           417	2024-05-15 17:09:39	1	0	15	0
           361	2024-05-15 17:09:46	1	0	1	0
           363	2024-05-15 17:09:53	1	0	1	0
           125	2024-05-15 17:09:58	1	0	1	0
           604	2024-05-15 17:10:02	1	0	1	0
           115	2024-05-15 17:10:10	1	0	1	0
           101	2024-05-15 17:11:20	1	0	1	0
           583	2024-05-15 17:11:48	1	0	1	0
           259	2024-05-15 17:13:08	1	0	15	0
            69	2024-05-15 17:14:43	1	0	1	0
           265	2024-05-15 17:17:23	1	0	1	0
            73	2024-05-15 17:18:13	1	0	1	0
            37	2024-05-15 17:18:43	1	0	1	0
           434	2024-05-15 17:19:33	1	0	1	0
           252	2024-05-15 17:20:29	1	0	15	0
           338	2024-05-15 17:21:28	1	0	1	0
           556	2024-05-15 17:24:13	1	0	1	0
           467	2024-05-15 17:24:35	1	0	1	0
           408	2024-05-15 17:28:18	1	0	1	0
           355	2024-05-15 17:35:36	1	0	1	0
            83	2024-05-15 17:36:14	1	0	1	0
           194	2024-05-15 17:41:03	1	0	1	0
           529	2024-05-15 17:45:16	1	0	1	0
           603	2024-05-15 17:45:21	1	0	1	0
           404	2024-05-15 17:55:38	1	0	1	0
           425	2024-05-15 18:00:17	1	0	1	0
            87	2024-05-15 18:02:19	1	0	1	0
           182	2024-05-15 18:02:37	1	0	1	0
           206	2024-05-15 18:02:49	1	0	1	0
           573	2024-05-15 18:03:04	1	0	1	0
           553	2024-05-15 18:05:51	1	0	1	0
           443	2024-05-15 18:24:04	1	0	1	0
           312	2024-05-15 18:24:10	1	0	1	0
           579	2024-05-15 18:24:36	1	0	1	0
           337	2024-05-15 18:24:43	1	0	1	0
           541	2024-05-15 18:24:49	1	0	1	0
           314	2024-05-15 18:24:56	1	0	1	0
           554	2024-05-15 18:25:03	1	0	1	0
           114	2024-05-15 18:26:07	1	0	1	0
           465	2024-05-15 18:51:28	1	0	1	0
            75	2024-05-15 18:51:33	1	0	1	0
           205	2024-05-15 18:56:39	1	0	1	0
           414	2024-05-15 18:56:55	1	0	1	0
           574	2024-05-15 19:04:47	1	0	15	0
           620	2024-05-15 19:51:28	1	0	1	0
           444	2024-05-15 19:53:27	1	0	1	0
           610	2024-05-15 19:55:52	1	0	1	0
           200	2024-05-15 20:26:26	1	0	1	0
           418	2024-05-15 20:35:20	1	0	1	0
           567	2024-05-15 22:00:05	1	0	1	0
           620	2024-05-16 06:04:18	1	0	1	0
           124	2024-05-16 06:05:56	1	0	15	0
           337	2024-05-16 06:06:36	1	0	1	0
           567	2024-05-16 06:12:26	1	0	15	0
           395	2024-05-16 06:16:21	1	0	1	0
           600	2024-05-16 06:26:11	1	0	1	0
           387	2024-05-16 06:27:47	1	0	15	0
           422	2024-05-16 06:30:44	1	0	1	0
           196	2024-05-16 06:34:34	1	0	1	0
           119	2024-05-16 06:34:44	1	0	15	0
           632	2024-05-16 06:35:02	1	0	1	0
            88	2024-05-16 06:42:30	1	0	15	0
           584	2024-05-16 06:45:16	1	0	1	0
           413	2024-05-16 06:45:27	1	0	4	0
           443	2024-05-16 06:50:19	1	0	1	0
           360	2024-05-16 06:59:39	1	0	1	0
            93	2024-05-16 06:59:51	1	0	1	0
           418	2024-05-16 07:00:14	1	0	1	0
           460	2024-05-16 07:00:26	1	0	1	0
           183	2024-05-16 07:02:38	1	0	1	0
           546	2024-05-16 07:03:35	1	0	1	0
           259	2024-05-16 07:04:14	1	0	15	0
           314	2024-05-16 07:04:31	1	0	1	0
           288	2024-05-16 07:05:27	1	0	1	0
           582	2024-05-16 07:07:01	1	0	1	0
           370	2024-05-16 07:08:57	1	0	15	0
           631	2024-05-16 07:09:45	1	0	1	0
           554	2024-05-16 07:12:34	1	0	1	0
            77	2024-05-16 07:14:37	1	0	1	0
           146	2024-05-16 07:15:22	1	0	15	0
           184	2024-05-16 07:16:00	1	0	1	0
           123	2024-05-16 07:16:35	1	0	1	0
           573	2024-05-16 07:18:24	1	0	1	0
            74	2024-05-16 07:18:31	1	0	1	0
            37	2024-05-16 07:18:43	1	0	1	0
           601	2024-05-16 07:19:07	1	0	1	0
           398	2024-05-16 07:19:41	1	0	1	0
           553	2024-05-16 07:22:08	1	0	1	0
           579	2024-05-16 07:22:20	1	0	1	0
           595	2024-05-16 07:25:19	1	0	1	0
            39	2024-05-16 07:26:27	1	0	1	0
           574	2024-05-16 07:28:14	1	0	1	0
           434	2024-05-16 07:29:00	1	0	1	0
           566	2024-05-16 07:29:15	1	0	1	0
           338	2024-05-16 07:29:39	1	0	1	0
           523	2024-05-16 07:31:02	1	0	1	0
           610	2024-05-16 07:32:20	1	0	1	0
           465	2024-05-16 07:32:28	1	0	1	0
            75	2024-05-16 07:32:34	1	0	1	0
           634	2024-05-16 07:32:51	1	0	1	0
           397	2024-05-16 07:35:13	1	0	1	0
           624	2024-05-16 07:35:49	1	0	1	0
           444	2024-05-16 07:36:05	1	0	1	0
           502	2024-05-16 07:36:54	1	0	1	0
           476	2024-05-16 07:37:26	1	0	1	0
           265	2024-05-16 07:37:55	1	0	1	0
           511	2024-05-16 07:38:27	1	0	1	0
            53	2024-05-16 07:38:48	1	0	1	0
           541	2024-05-16 07:40:34	1	0	1	0
           403	2024-05-16 07:41:06	1	0	1	0
           556	2024-05-16 07:41:37	1	0	1	0
           101	2024-05-16 07:41:44	1	0	1	0
           623	2024-05-16 07:42:06	1	0	1	0
            38	2024-05-16 07:42:35	1	0	1	0
           417	2024-05-16 07:43:16	1	0	1	0
           529	2024-05-16 07:43:41	1	0	1	0
           603	2024-05-16 07:43:45	1	0	1	0
           414	2024-05-16 07:44:04	1	0	1	0
           348	2024-05-16 07:44:19	1	0	1	0
            27	2024-05-16 07:44:27	1	0	15	0
           453	2024-05-16 07:44:47	1	0	1	0
            69	2024-05-16 07:44:56	1	0	1	0
           149	2024-05-16 07:45:07	1	0	1	0
           205	2024-05-16 07:45:25	1	0	1	0
           467	2024-05-16 07:45:51	1	0	1	0
           604	2024-05-16 07:45:59	1	0	1	0
           635	2024-05-16 07:46:07	1	0	1	0
           355	2024-05-16 07:46:16	1	0	1	0
           236	2024-05-16 07:46:37	1	0	1	0
           331	2024-05-16 07:49:47	1	0	1	0
           493	2024-05-16 07:50:46	1	0	1	0
           399	2024-05-16 07:52:29	1	0	1	0
           361	2024-05-16 07:52:36	1	0	1	0
           589	2024-05-16 07:53:03	1	0	1	0
           194	2024-05-16 07:53:28	1	0	1	0
           575	2024-05-16 07:54:53	1	0	1	0
           404	2024-05-16 07:55:08	1	0	1	0
           252	2024-05-16 07:55:25	1	0	15	0
           609	2024-05-16 07:55:39	1	0	1	0
           200	2024-05-16 07:57:23	1	0	1	0
           363	2024-05-16 08:00:02	1	0	1	0
           312	2024-05-16 08:02:54	1	0	1	0
           580	2024-05-16 08:03:11	1	0	1	0
           114	2024-05-16 08:03:17	1	0	1	0
           335	2024-05-16 08:03:31	1	0	1	0
           125	2024-05-16 08:11:51	1	0	1	0
           249	2024-05-16 08:15:37	1	0	1	0
           425	2024-05-16 08:26:32	1	0	1	0
           593	2024-05-16 08:28:41	1	0	1	0
           583	2024-05-16 08:30:34	1	0	1	0
           182	2024-05-16 08:38:17	1	0	15	0
           485	2024-05-16 08:51:24	1	0	1	0
            87	2024-05-16 08:57:49	1	0	1	0
           460	2024-05-16 11:03:42	1	0	1	0
            93	2024-05-16 11:03:52	1	0	1	0
           288	2024-05-16 11:07:08	1	0	1	0
            88	2024-05-16 11:10:00	1	0	15	0
           183	2024-05-16 11:10:11	1	0	15	0
           413	2024-05-16 11:16:47	1	0	1	0
           370	2024-05-16 11:29:27	1	0	15	0
           566	2024-05-16 11:30:03	1	0	1	0
           600	2024-05-16 11:30:12	1	0	1	0
           123	2024-05-16 11:30:18	1	0	1	0
           582	2024-05-16 11:30:23	1	0	1	0
           443	2024-05-16 11:30:33	1	0	1	0
           632	2024-05-16 11:31:03	1	0	1	0
           422	2024-05-16 11:31:29	1	0	1	0
           387	2024-05-16 11:31:47	1	0	15	0
           119	2024-05-16 11:33:05	1	0	15	0
           196	2024-05-16 11:33:13	1	0	1	0
           360	2024-05-16 11:33:22	1	0	1	0
           460	2024-05-16 11:34:51	1	0	1	0
            88	2024-05-16 11:35:55	1	0	15	0
           288	2024-05-16 11:36:03	1	0	15	0
           183	2024-05-16 11:36:13	1	0	15	0
            93	2024-05-16 11:36:20	1	0	1	0
           573	2024-05-16 11:46:03	1	0	1	0
           579	2024-05-16 11:46:07	1	0	1	0
           546	2024-05-16 11:46:13	1	0	1	0
           337	2024-05-16 11:46:24	1	0	1	0
           314	2024-05-16 11:47:49	1	0	1	0
           413	2024-05-16 11:50:33	1	0	1	0
           370	2024-05-16 11:52:21	1	0	15	0
            27	2024-05-16 12:00:12	1	0	15	0
           146	2024-05-16 12:00:18	1	0	15	0
           453	2024-05-16 12:00:24	1	0	15	0
           184	2024-05-16 12:00:30	1	0	1	0
           422	2024-05-16 12:00:34	1	0	1	0
           196	2024-05-16 12:00:43	1	0	1	0
            53	2024-05-16 12:00:48	1	0	1	0
           123	2024-05-16 12:00:54	1	0	1	0
           443	2024-05-16 12:01:01	1	0	1	0
           387	2024-05-16 12:01:17	1	0	15	0
           119	2024-05-16 12:01:23	1	0	15	0
            74	2024-05-16 12:01:32	1	0	1	0
           205	2024-05-16 12:01:38	1	0	1	0
           580	2024-05-16 12:01:43	1	0	1	0
            37	2024-05-16 12:01:55	1	0	1	0
            69	2024-05-16 12:02:00	1	0	1	0
           583	2024-05-16 12:02:04	1	0	1	0
           236	2024-05-16 12:02:09	1	0	1	0
           265	2024-05-16 12:02:15	1	0	1	0
           493	2024-05-16 12:02:21	1	0	1	0
           584	2024-05-16 12:02:24	1	0	1	0
            77	2024-05-16 12:02:30	1	0	1	0
           582	2024-05-16 12:02:34	1	0	1	0
           600	2024-05-16 12:02:39	1	0	1	0
           397	2024-05-16 12:02:42	1	0	1	0
           566	2024-05-16 12:02:45	1	0	1	0
           623	2024-05-16 12:02:54	1	0	1	0
           511	2024-05-16 12:02:59	1	0	1	0
           546	2024-05-16 12:03:03	1	0	1	0
           573	2024-05-16 12:03:07	1	0	1	0
           337	2024-05-16 12:03:18	1	0	1	0
           579	2024-05-16 12:03:26	1	0	1	0
           314	2024-05-16 12:03:32	1	0	1	0
           609	2024-05-16 12:03:34	1	0	1	0
           589	2024-05-16 12:03:39	1	0	1	0
           355	2024-05-16 12:03:47	1	0	1	0
           523	2024-05-16 12:03:52	1	0	1	0
           249	2024-05-16 12:04:04	1	0	1	0
           259	2024-05-16 12:05:11	1	0	1	0
           610	2024-05-16 12:05:20	1	0	1	0
           467	2024-05-16 12:05:24	1	0	1	0
           335	2024-05-16 12:05:29	1	0	1	0
           624	2024-05-16 12:05:40	1	0	1	0
           556	2024-05-16 12:05:44	1	0	1	0
           465	2024-05-16 12:05:51	1	0	1	0
           575	2024-05-16 12:05:58	1	0	1	0
            38	2024-05-16 12:06:20	1	0	1	0
           348	2024-05-16 12:06:30	1	0	15	0
           601	2024-05-16 12:06:35	1	0	1	0
           595	2024-05-16 12:06:39	1	0	1	0
           414	2024-05-16 12:07:00	1	0	1	0
           403	2024-05-16 12:07:08	1	0	1	0
           635	2024-05-16 12:07:12	1	0	1	0
           529	2024-05-16 12:07:17	1	0	15	0
           603	2024-05-16 12:07:22	1	0	1	0
           338	2024-05-16 12:07:25	1	0	1	0
           631	2024-05-16 12:07:38	1	0	1	0
           476	2024-05-16 12:07:48	1	0	1	0
           634	2024-05-16 12:08:28	1	0	1	0
           541	2024-05-16 12:08:35	1	0	1	0
           252	2024-05-16 12:08:50	1	0	15	0
           121	2024-05-16 12:08:57	1	0	1	0
           434	2024-05-16 12:10:14	1	0	1	0
           312	2024-05-16 12:10:26	1	0	1	0
            75	2024-05-16 12:11:00	1	0	1	0
           604	2024-05-16 12:11:43	1	0	1	0
           125	2024-05-16 12:11:49	1	0	1	0
           114	2024-05-16 12:12:26	1	0	1	0
           502	2024-05-16 12:16:12	1	0	1	0
           360	2024-05-16 12:17:05	1	0	1	0
           331	2024-05-16 12:17:15	1	0	1	0
            37	2024-05-16 12:17:26	1	0	1	0
            69	2024-05-16 12:17:39	1	0	1	0
           574	2024-05-16 12:19:46	1	0	1	0
           101	2024-05-16 12:20:03	1	0	1	0
           149	2024-05-16 12:20:15	1	0	1	0
           335	2024-05-16 12:20:48	1	0	1	0
           511	2024-05-16 12:20:56	1	0	1	0
           249	2024-05-16 12:21:32	1	0	1	0
           465	2024-05-16 12:21:38	1	0	1	0
           467	2024-05-16 12:21:49	1	0	1	0
           610	2024-05-16 12:21:53	1	0	1	0
           361	2024-05-16 12:23:56	1	0	1	0
           417	2024-05-16 12:24:08	1	0	15	0
           363	2024-05-16 12:24:18	1	0	1	0
           583	2024-05-16 12:25:23	1	0	1	0
           493	2024-05-16 12:25:32	1	0	1	0
           575	2024-05-16 12:26:11	1	0	1	0
           453	2024-05-16 12:26:39	1	0	1	0
            38	2024-05-16 12:26:47	1	0	1	0
            27	2024-05-16 12:27:10	1	0	15	0
           541	2024-05-16 12:27:39	1	0	1	0
           604	2024-05-16 12:27:47	1	0	1	0
           125	2024-05-16 12:27:55	1	0	1	0
           624	2024-05-16 12:28:02	1	0	1	0
           631	2024-05-16 12:28:56	1	0	1	0
           414	2024-05-16 12:29:58	1	0	1	0
           403	2024-05-16 12:30:15	1	0	1	0
           584	2024-05-16 12:31:37	1	0	1	0
           589	2024-05-16 12:32:00	1	0	1	0
           121	2024-05-16 12:32:09	1	0	1	0
           114	2024-05-16 12:34:45	1	0	1	0
           194	2024-05-16 12:35:07	1	0	1	0
           398	2024-05-16 12:35:11	1	0	1	0
           265	2024-05-16 12:35:37	1	0	1	0
           580	2024-05-16 12:35:42	1	0	1	0
           205	2024-05-16 12:35:48	1	0	1	0
           574	2024-05-16 12:35:54	1	0	1	0
           623	2024-05-16 12:36:02	1	0	1	0
           444	2024-05-16 12:36:29	1	0	1	0
           101	2024-05-16 12:36:38	1	0	1	0
           200	2024-05-16 12:37:57	1	0	1	0
           149	2024-05-16 12:38:18	1	0	1	0
            77	2024-05-16 12:38:26	1	0	1	0
           404	2024-05-16 12:38:39	1	0	1	0
           609	2024-05-16 12:39:08	1	0	1	0
            39	2024-05-16 12:40:13	1	0	1	0
           252	2024-05-16 12:41:58	1	0	15	0
           361	2024-05-16 12:42:13	1	0	1	0
           363	2024-05-16 12:42:20	1	0	1	0
           417	2024-05-16 12:42:27	1	0	15	0
           556	2024-05-16 12:42:37	1	0	1	0
            74	2024-05-16 12:42:43	1	0	1	0
           434	2024-05-16 12:43:19	1	0	1	0
           397	2024-05-16 12:43:33	1	0	1	0
           236	2024-05-16 12:44:11	1	0	1	0
           595	2024-05-16 12:45:44	1	0	1	0
           601	2024-05-16 12:45:47	1	0	1	0
           476	2024-05-16 12:46:15	1	0	1	0
           259	2024-05-16 12:46:19	1	0	15	0
            75	2024-05-16 12:48:27	1	0	1	0
           502	2024-05-16 12:48:34	1	0	1	0
           414	2024-05-16 12:48:45	1	0	1	0
           355	2024-05-16 12:49:32	1	0	1	0
           348	2024-05-16 12:50:23	1	0	15	0
           603	2024-05-16 12:51:51	1	0	1	0
           529	2024-05-16 12:51:59	1	0	15	0
           338	2024-05-16 12:52:08	1	0	1	0
           184	2024-05-16 12:54:18	1	0	1	0
           312	2024-05-16 12:54:22	1	0	1	0
           194	2024-05-16 12:56:17	1	0	1	0
           444	2024-05-16 12:56:26	1	0	1	0
           146	2024-05-16 12:57:00	1	0	15	0
            39	2024-05-16 12:57:30	1	0	1	0
           485	2024-05-16 13:04:08	1	0	1	0
           182	2024-05-16 13:04:13	1	0	1	0
           425	2024-05-16 13:05:32	1	0	1	0
            87	2024-05-16 13:14:16	1	0	1	0
           425	2024-05-16 13:21:08	1	0	1	0
           485	2024-05-16 13:23:24	1	0	1	0
           182	2024-05-16 13:27:53	1	0	1	0
            87	2024-05-16 13:30:20	1	0	1	0
           634	2024-05-16 13:30:52	1	0	1	0
           620	2024-05-16 13:39:17	1	0	1	0
           124	2024-05-16 14:00:06	1	0	15	0
           567	2024-05-16 15:00:16	1	0	1	0
            93	2024-05-16 16:03:44	1	0	1	0
           460	2024-05-16 16:15:51	1	0	1	0
           370	2024-05-16 16:36:13	1	0	15	0
           183	2024-05-16 16:40:53	1	0	1	0
           413	2024-05-16 16:52:18	1	0	4	0
           288	2024-05-16 16:53:02	1	0	1	0
            88	2024-05-16 16:57:48	1	0	1	0
           395	2024-05-16 17:00:06	1	0	1	0
           331	2024-05-16 17:00:10	1	0	1	0
            53	2024-05-16 17:00:16	1	0	1	0
           582	2024-05-16 17:00:26	1	0	1	0
           397	2024-05-16 17:00:31	1	0	1	0
           387	2024-05-16 17:00:44	1	0	15	0
           422	2024-05-16 17:00:55	1	0	1	0
           348	2024-05-16 17:01:10	1	0	1	0
            37	2024-05-16 17:01:23	1	0	1	0
           631	2024-05-16 17:01:33	1	0	1	0
           566	2024-05-16 17:01:38	1	0	1	0
           259	2024-05-16 17:01:43	1	0	15	0
           123	2024-05-16 17:01:49	1	0	1	0
           196	2024-05-16 17:01:55	1	0	1	0
           119	2024-05-16 17:02:05	1	0	15	0
           600	2024-05-16 17:02:12	1	0	1	0
           149	2024-05-16 17:02:18	1	0	1	0
           194	2024-05-16 17:02:26	1	0	1	0
           623	2024-05-16 17:02:29	1	0	1	0
           443	2024-05-16 17:02:35	1	0	1	0
           635	2024-05-16 17:02:40	1	0	1	0
           601	2024-05-16 17:02:46	1	0	1	0
            39	2024-05-16 17:02:54	1	0	1	0
           511	2024-05-16 17:03:03	1	0	1	0
           595	2024-05-16 17:03:07	1	0	1	0
           101	2024-05-16 17:03:16	1	0	1	0
           624	2024-05-16 17:03:29	1	0	1	0
           476	2024-05-16 17:03:49	1	0	1	0
           265	2024-05-16 17:04:04	1	0	1	0
            27	2024-05-16 17:04:16	1	0	15	0
            74	2024-05-16 17:04:23	1	0	1	0
           403	2024-05-16 17:04:42	1	0	1	0
           502	2024-05-16 17:04:49	1	0	1	0
           593	2024-05-16 17:05:08	1	0	1	0
           575	2024-05-16 17:05:30	1	0	1	0
           604	2024-05-16 17:05:45	1	0	1	0
           125	2024-05-16 17:05:50	1	0	1	0
           360	2024-05-16 17:06:01	1	0	1	0
           398	2024-05-16 17:06:06	1	0	1	0
            77	2024-05-16 17:06:13	1	0	1	0
           546	2024-05-16 17:06:34	1	0	1	0
           453	2024-05-16 17:07:52	1	0	1	0
           556	2024-05-16 17:07:59	1	0	1	0
           252	2024-05-16 17:08:05	1	0	15	0
           609	2024-05-16 17:08:12	1	0	1	0
           580	2024-05-16 17:09:44	1	0	1	0
            69	2024-05-16 17:10:03	1	0	1	0
           363	2024-05-16 17:10:39	1	0	1	0
            38	2024-05-16 17:11:07	1	0	1	0
           361	2024-05-16 17:12:09	1	0	1	0
           417	2024-05-16 17:12:18	1	0	15	0
           236	2024-05-16 17:12:47	1	0	1	0
           583	2024-05-16 17:14:00	1	0	1	0
           184	2024-05-16 17:15:13	1	0	1	0
           603	2024-05-16 17:17:35	1	0	1	0
           529	2024-05-16 17:17:46	1	0	1	0
           573	2024-05-16 17:18:49	1	0	1	0
           553	2024-05-16 17:18:53	1	0	1	0
           337	2024-05-16 17:19:29	1	0	1	0
           541	2024-05-16 17:19:32	1	0	1	0
           579	2024-05-16 17:19:36	1	0	1	0
           493	2024-05-16 17:19:48	1	0	1	0
           312	2024-05-16 17:19:51	1	0	1	0
           338	2024-05-16 17:20:15	1	0	1	0
           105	2024-05-16 17:20:37	1	0	1	0
           121	2024-05-16 17:20:50	1	0	1	0
           584	2024-05-16 17:21:06	1	0	1	0
           589	2024-05-16 17:21:13	1	0	1	0
           249	2024-05-16 17:21:23	1	0	1	0
           554	2024-05-16 17:27:12	1	0	1	0
           314	2024-05-16 17:27:16	1	0	1	0
           434	2024-05-16 17:29:20	1	0	15	0
           404	2024-05-16 17:31:33	1	0	1	0
           355	2024-05-16 17:39:10	1	0	1	0
           146	2024-05-16 17:39:33	1	0	15	0
           335	2024-05-16 17:56:47	1	0	1	0
            87	2024-05-16 18:03:22	1	0	1	0
           182	2024-05-16 18:03:49	1	0	1	0
           485	2024-05-16 18:03:57	1	0	1	0
           425	2024-05-16 18:05:08	1	0	1	0
           205	2024-05-16 18:14:13	1	0	1	0
           467	2024-05-16 18:20:17	1	0	1	0
           465	2024-05-16 18:23:38	1	0	1	0
            75	2024-05-16 18:23:51	1	0	1	0
           200	2024-05-16 18:55:39	1	0	1	0
           444	2024-05-16 19:01:01	1	0	1	0
           574	2024-05-16 19:01:30	1	0	1	0
           610	2024-05-16 20:40:04	1	0	1	0
           418	2024-05-16 21:26:25	1	0	1	0
           305	2024-05-16 22:06:50	1	0	1	0
           620	2024-05-16 23:07:50	1	0	1	0
           114	2024-05-17 04:16:18	1	0	1	0
           567	2024-05-17 05:43:20	1	0	1	0
           337	2024-05-17 06:04:10	1	0	1	0
           418	2024-05-17 06:06:00	1	0	1	0
           395	2024-05-17 06:09:17	1	0	1	0
           387	2024-05-17 06:23:19	1	0	15	0
           453	2024-05-17 06:24:53	1	0	1	0
           422	2024-05-17 06:25:09	1	0	1	0
           196	2024-05-17 06:35:14	1	0	1	0
           119	2024-05-17 06:35:28	1	0	15	0
           632	2024-05-17 06:35:41	1	0	1	0
           413	2024-05-17 06:40:31	1	0	4	0
            88	2024-05-17 06:41:58	1	0	15	0
           600	2024-05-17 06:45:05	1	0	1	0
           584	2024-05-17 06:50:01	1	0	1	0
           443	2024-05-17 06:52:01	1	0	1	0
           375	2024-05-17 06:59:02	1	0	1	0
           554	2024-05-17 06:59:13	1	0	1	0
           460	2024-05-17 07:00:48	1	0	1	0
           305	2024-05-17 07:01:06	1	0	1	0
           259	2024-05-17 07:03:42	1	0	1	0
           546	2024-05-17 07:09:30	1	0	1	0
           123	2024-05-17 07:09:37	1	0	1	0
            77	2024-05-17 07:09:48	1	0	1	0
           370	2024-05-17 07:09:56	1	0	15	0
           360	2024-05-17 07:11:04	1	0	1	0
           338	2024-05-17 07:11:53	1	0	1	0
           398	2024-05-17 07:13:03	1	0	1	0
           312	2024-05-17 07:13:31	1	0	1	0
           631	2024-05-17 07:14:23	1	0	1	0
           582	2024-05-17 07:14:40	1	0	1	0
           184	2024-05-17 07:15:13	1	0	1	0
           146	2024-05-17 07:15:29	1	0	15	0
            38	2024-05-17 07:16:21	1	0	1	0
            73	2024-05-17 07:17:23	1	0	1	0
           314	2024-05-17 07:18:08	1	0	1	0
           149	2024-05-17 07:19:21	1	0	1	0
           634	2024-05-17 07:20:21	1	0	1	0
           573	2024-05-17 07:20:34	1	0	1	0
           566	2024-05-17 07:20:45	1	0	1	0
           579	2024-05-17 07:20:53	1	0	1	0
            74	2024-05-17 07:21:08	1	0	1	0
           182	2024-05-17 07:24:59	1	0	1	0
           132	2024-05-17 07:25:45	1	0	1	0
           624	2024-05-17 07:26:02	1	0	15	0
            27	2024-05-17 07:26:12	1	0	15	0
           434	2024-05-17 07:26:21	1	0	1	0
           601	2024-05-17 07:27:14	1	0	1	0
            37	2024-05-17 07:29:42	1	0	1	0
           635	2024-05-17 07:30:11	1	0	1	0
           465	2024-05-17 07:32:19	1	0	1	0
            75	2024-05-17 07:32:30	1	0	1	0
           553	2024-05-17 07:35:20	1	0	1	0
           194	2024-05-17 07:35:25	1	0	1	0
           288	2024-05-17 07:35:31	1	0	1	0
            39	2024-05-17 07:36:04	1	0	1	0
           595	2024-05-17 07:36:34	1	0	1	0
           105	2024-05-17 07:37:03	1	0	1	0
           335	2024-05-17 07:37:26	1	0	1	0
           444	2024-05-17 07:37:31	1	0	1	0
           589	2024-05-17 07:37:49	1	0	1	0
           397	2024-05-17 07:38:02	1	0	1	0
           265	2024-05-17 07:38:32	1	0	1	0
           610	2024-05-17 07:39:37	1	0	1	0
           603	2024-05-17 07:45:29	1	0	1	0
           529	2024-05-17 07:45:33	1	0	1	0
           604	2024-05-17 07:46:40	1	0	1	0
           403	2024-05-17 07:46:58	1	0	1	0
            69	2024-05-17 07:47:03	1	0	1	0
           101	2024-05-17 07:48:01	1	0	1	0
           467	2024-05-17 07:48:08	1	0	1	0
           404	2024-05-17 07:48:13	1	0	1	0
           331	2024-05-17 07:48:20	1	0	1	0
           200	2024-05-17 07:48:28	1	0	1	0
           609	2024-05-17 07:48:43	1	0	1	0
           125	2024-05-17 07:49:03	1	0	1	0
           502	2024-05-17 07:49:11	1	0	1	0
           493	2024-05-17 07:49:27	1	0	1	0
           623	2024-05-17 07:49:45	1	0	1	0
           586	2024-05-17 07:50:05	1	0	1	0
           399	2024-05-17 07:50:28	1	0	1	0
           575	2024-05-17 07:50:43	1	0	1	0
            43	2024-05-17 07:51:50	1	0	1	0
           541	2024-05-17 07:52:46	1	0	1	0
           556	2024-05-17 07:53:06	1	0	1	0
           593	2024-05-17 07:53:40	1	0	1	0
           574	2024-05-17 07:54:50	1	0	1	0
           205	2024-05-17 07:54:54	1	0	1	0
           511	2024-05-17 07:57:07	1	0	1	0
            53	2024-05-17 07:57:13	1	0	1	0
           348	2024-05-17 07:58:45	1	0	1	0
           121	2024-05-17 07:59:08	1	0	1	0
           363	2024-05-17 08:00:52	1	0	1	0
           236	2024-05-17 08:07:01	1	0	1	0
           361	2024-05-17 08:08:09	1	0	1	0
           408	2024-05-17 08:08:21	1	0	1	0
           252	2024-05-17 08:12:03	1	0	15	0
           414	2024-05-17 08:18:25	1	0	1	0
           249	2024-05-17 08:18:48	1	0	1	0
           580	2024-05-17 08:21:35	1	0	1	0
           583	2024-05-17 08:22:15	1	0	1	0
           405	2024-05-17 08:37:52	1	0	1	0
           425	2024-05-17 08:38:03	1	0	1	0
            87	2024-05-17 08:50:28	1	0	1	0
           485	2024-05-17 08:56:56	1	0	1	0
           460	2024-05-17 11:01:32	1	0	1	0
            88	2024-05-17 11:04:00	1	0	15	0
           370	2024-05-17 11:07:09	1	0	15	0
           288	2024-05-17 11:17:02	1	0	1	0
           460	2024-05-17 11:24:45	1	0	1	0
           600	2024-05-17 11:30:21	1	0	1	0
           443	2024-05-17 11:30:25	1	0	1	0
           123	2024-05-17 11:30:33	1	0	1	0
           566	2024-05-17 11:30:39	1	0	1	0
           582	2024-05-17 11:30:41	1	0	1	0
           632	2024-05-17 11:31:32	1	0	1	0
           422	2024-05-17 11:32:15	1	0	1	0
           387	2024-05-17 11:32:24	1	0	15	0
           196	2024-05-17 11:33:34	1	0	1	0
            88	2024-05-17 11:33:40	1	0	15	0
           119	2024-05-17 11:34:24	1	0	15	0
           360	2024-05-17 11:36:32	1	0	1	0
           370	2024-05-17 11:38:00	1	0	15	0
           288	2024-05-17 11:41:40	1	0	1	0
           546	2024-05-17 11:47:29	1	0	1	0
           337	2024-05-17 11:47:34	1	0	1	0
           314	2024-05-17 11:48:15	1	0	1	0
           573	2024-05-17 11:48:31	1	0	1	0
           404	2024-05-17 11:58:58	1	0	1	0
           196	2024-05-17 12:00:08	1	0	1	0
            53	2024-05-17 12:00:13	1	0	1	0
           443	2024-05-17 12:00:17	1	0	1	0
            75	2024-05-17 12:00:22	1	0	1	0
           634	2024-05-17 12:00:28	1	0	1	0
           623	2024-05-17 12:00:32	1	0	1	0
           397	2024-05-17 12:00:46	1	0	1	0
            77	2024-05-17 12:01:06	1	0	1	0
            37	2024-05-17 12:01:12	1	0	15	0
           609	2024-05-17 12:01:39	1	0	1	0
           631	2024-05-17 12:01:46	1	0	1	0
           265	2024-05-17 12:01:51	1	0	1	0
           403	2024-05-17 12:01:56	1	0	1	0
           511	2024-05-17 12:02:02	1	0	1	0
           331	2024-05-17 12:02:06	1	0	1	0
           593	2024-05-17 12:02:08	1	0	1	0
           184	2024-05-17 12:02:13	1	0	1	0
           146	2024-05-17 12:02:18	1	0	15	0
            69	2024-05-17 12:02:22	1	0	1	0
            73	2024-05-17 12:02:31	1	0	1	0
           375	2024-05-17 12:02:41	1	0	1	0
           361	2024-05-17 12:02:55	1	0	1	0
           363	2024-05-17 12:03:06	1	0	1	0
           405	2024-05-17 12:03:14	1	0	1	0
            39	2024-05-17 12:03:21	1	0	1	0
           337	2024-05-17 12:03:35	1	0	1	0
           546	2024-05-17 12:03:40	1	0	1	0
           314	2024-05-17 12:03:45	1	0	1	0
           573	2024-05-17 12:03:50	1	0	1	0
           635	2024-05-17 12:03:57	1	0	1	0
           123	2024-05-17 12:04:02	1	0	1	0
           566	2024-05-17 12:04:06	1	0	1	0
            38	2024-05-17 12:04:10	1	0	1	0
           434	2024-05-17 12:04:21	1	0	15	0
           601	2024-05-17 12:04:28	1	0	1	0
           582	2024-05-17 12:04:32	1	0	1	0
           119	2024-05-17 12:04:40	1	0	15	0
           600	2024-05-17 12:04:53	1	0	1	0
           259	2024-05-17 12:04:56	1	0	15	0
           586	2024-05-17 12:05:04	1	0	1	0
           624	2024-05-17 12:05:09	1	0	1	0
           399	2024-05-17 12:05:15	1	0	1	0
           584	2024-05-17 12:05:24	1	0	1	0
           360	2024-05-17 12:05:30	1	0	1	0
           595	2024-05-17 12:05:35	1	0	1	0
           465	2024-05-17 12:05:39	1	0	1	0
           413	2024-05-17 12:05:45	1	0	1	0
           493	2024-05-17 12:05:59	1	0	1	0
           338	2024-05-17 12:06:45	1	0	1	0
           236	2024-05-17 12:07:41	1	0	1	0
           414	2024-05-17 12:07:49	1	0	1	0
           529	2024-05-17 12:07:59	1	0	1	0
           603	2024-05-17 12:08:03	1	0	1	0
           194	2024-05-17 12:08:05	1	0	1	0
           556	2024-05-17 12:08:17	1	0	1	0
           200	2024-05-17 12:08:31	1	0	1	0
           132	2024-05-17 12:09:15	1	0	1	0
           583	2024-05-17 12:09:33	1	0	1	0
           422	2024-05-17 12:09:45	1	0	1	0
           387	2024-05-17 12:09:55	1	0	15	0
           467	2024-05-17 12:10:16	1	0	1	0
           610	2024-05-17 12:10:26	1	0	1	0
           579	2024-05-17 12:10:32	1	0	1	0
           335	2024-05-17 12:10:50	1	0	1	0
           604	2024-05-17 12:11:22	1	0	1	0
           125	2024-05-17 12:11:29	1	0	1	0
           589	2024-05-17 12:12:12	1	0	1	0
           121	2024-05-17 12:12:19	1	0	1	0
           348	2024-05-17 12:13:53	1	0	15	0
           249	2024-05-17 12:14:29	1	0	1	0
           580	2024-05-17 12:15:16	1	0	1	0
            53	2024-05-17 12:15:29	1	0	1	0
           404	2024-05-17 12:15:34	1	0	1	0
           252	2024-05-17 12:15:38	1	0	15	0
            37	2024-05-17 12:16:28	1	0	1	0
            27	2024-05-17 12:17:02	1	0	15	0
            74	2024-05-17 12:17:43	1	0	1	0
           149	2024-05-17 12:17:53	1	0	1	0
           511	2024-05-17 12:18:52	1	0	1	0
           593	2024-05-17 12:18:57	1	0	1	0
           541	2024-05-17 12:19:00	1	0	1	0
            69	2024-05-17 12:19:42	1	0	1	0
           434	2024-05-17 12:19:59	1	0	1	0
            38	2024-05-17 12:21:16	1	0	1	0
           413	2024-05-17 12:22:59	1	0	1	0
            75	2024-05-17 12:23:08	1	0	1	0
           465	2024-05-17 12:23:15	1	0	1	0
           414	2024-05-17 12:23:18	1	0	1	0
           259	2024-05-17 12:23:45	1	0	1	0
           631	2024-05-17 12:23:53	1	0	1	0
            73	2024-05-17 12:24:47	1	0	1	0
           583	2024-05-17 12:25:07	1	0	1	0
           467	2024-05-17 12:25:41	1	0	1	0
           579	2024-05-17 12:25:45	1	0	1	0
           610	2024-05-17 12:26:06	1	0	1	0
           586	2024-05-17 12:26:19	1	0	1	0
           624	2024-05-17 12:26:25	1	0	1	0
           604	2024-05-17 12:26:40	1	0	1	0
           125	2024-05-17 12:26:46	1	0	1	0
           635	2024-05-17 12:26:55	1	0	1	0
           574	2024-05-17 12:28:49	1	0	1	0
           575	2024-05-17 12:29:10	1	0	1	0
           584	2024-05-17 12:29:51	1	0	1	0
           493	2024-05-17 12:29:54	1	0	1	0
            39	2024-05-17 12:31:53	1	0	1	0
           101	2024-05-17 12:32:22	1	0	1	0
           502	2024-05-17 12:33:01	1	0	1	0
           403	2024-05-17 12:34:24	1	0	1	0
           265	2024-05-17 12:34:33	1	0	1	0
           252	2024-05-17 12:34:37	1	0	15	0
           338	2024-05-17 12:36:26	1	0	1	0
           121	2024-05-17 12:37:32	1	0	1	0
           149	2024-05-17 12:37:56	1	0	1	0
           541	2024-05-17 12:38:05	1	0	1	0
           335	2024-05-17 12:41:14	1	0	1	0
           397	2024-05-17 12:41:48	1	0	1	0
           589	2024-05-17 12:41:56	1	0	1	0
           348	2024-05-17 12:42:47	1	0	1	0
           249	2024-05-17 12:43:49	1	0	1	0
           623	2024-05-17 12:44:21	1	0	1	0
           595	2024-05-17 12:45:22	1	0	1	0
           601	2024-05-17 12:45:25	1	0	1	0
           375	2024-05-17 12:45:42	1	0	1	0
           405	2024-05-17 12:45:48	1	0	1	0
           363	2024-05-17 12:45:52	1	0	1	0
           444	2024-05-17 12:46:00	1	0	1	0
           574	2024-05-17 12:46:05	1	0	1	0
           236	2024-05-17 12:46:47	1	0	1	0
           361	2024-05-17 12:47:06	1	0	1	0
           556	2024-05-17 12:47:42	1	0	1	0
            77	2024-05-17 12:48:19	1	0	1	0
           101	2024-05-17 12:48:44	1	0	1	0
           609	2024-05-17 12:49:03	1	0	1	0
           529	2024-05-17 12:49:24	1	0	1	0
           603	2024-05-17 12:49:27	1	0	1	0
           399	2024-05-17 12:49:35	1	0	1	0
            27	2024-05-17 12:49:44	1	0	15	0
            74	2024-05-17 12:52:42	1	0	1	0
           575	2024-05-17 12:52:56	1	0	1	0
           331	2024-05-17 12:53:22	1	0	1	0
           580	2024-05-17 12:54:09	1	0	1	0
           200	2024-05-17 12:55:38	1	0	1	0
           194	2024-05-17 12:56:23	1	0	1	0
           132	2024-05-17 12:57:16	1	0	1	0
           502	2024-05-17 12:57:38	1	0	1	0
           425	2024-05-17 13:01:04	1	0	1	0
           182	2024-05-17 13:02:50	1	0	1	0
           485	2024-05-17 13:04:11	1	0	1	0
           184	2024-05-17 13:04:25	1	0	1	0
           146	2024-05-17 13:04:30	1	0	15	0
            87	2024-05-17 13:05:51	1	0	1	0
           425	2024-05-17 13:22:41	1	0	1	0
           620	2024-05-17 13:23:46	1	0	1	0
           205	2024-05-17 13:32:40	1	0	1	0
           634	2024-05-17 13:39:56	1	0	1	0
            87	2024-05-17 13:47:58	1	0	1	0
           485	2024-05-17 13:50:34	1	0	1	0
           567	2024-05-17 14:00:14	1	0	1	0
           418	2024-05-17 14:44:07	1	0	1	0
           460	2024-05-17 16:18:05	1	0	1	0
           413	2024-05-17 16:22:04	1	0	1	0
            88	2024-05-17 16:32:42	1	0	15	0
           370	2024-05-17 16:32:49	1	0	15	0
            53	2024-05-17 17:00:08	1	0	1	0
           397	2024-05-17 17:00:16	1	0	1	0
            74	2024-05-17 17:00:20	1	0	1	0
            27	2024-05-17 17:00:28	1	0	15	0
           348	2024-05-17 17:00:34	1	0	1	0
           566	2024-05-17 17:00:40	1	0	1	0
           443	2024-05-17 17:00:43	1	0	1	0
           600	2024-05-17 17:00:49	1	0	1	0
           493	2024-05-17 17:00:55	1	0	1	0
           604	2024-05-17 17:01:01	1	0	1	0
           125	2024-05-17 17:01:09	1	0	1	0
           265	2024-05-17 17:01:12	1	0	1	0
           395	2024-05-17 17:01:18	1	0	1	0
            77	2024-05-17 17:01:23	1	0	1	0
           582	2024-05-17 17:01:28	1	0	1	0
           387	2024-05-17 17:01:35	1	0	15	0
           631	2024-05-17 17:01:42	1	0	1	0
           453	2024-05-17 17:01:51	1	0	1	0
           422	2024-05-17 17:01:56	1	0	1	0
            39	2024-05-17 17:02:01	1	0	1	0
           634	2024-05-17 17:02:13	1	0	1	0
           502	2024-05-17 17:02:21	1	0	1	0
           556	2024-05-17 17:02:31	1	0	1	0
           635	2024-05-17 17:02:36	1	0	1	0
           119	2024-05-17 17:02:57	1	0	15	0
           123	2024-05-17 17:03:17	1	0	1	0
           196	2024-05-17 17:03:23	1	0	1	0
           331	2024-05-17 17:03:29	1	0	1	0
           121	2024-05-17 17:04:44	1	0	1	0
           149	2024-05-17 17:04:52	1	0	1	0
           249	2024-05-17 17:04:59	1	0	1	0
           624	2024-05-17 17:05:21	1	0	1	0
           601	2024-05-17 17:05:30	1	0	1	0
           595	2024-05-17 17:05:34	1	0	1	0
           575	2024-05-17 17:05:39	1	0	1	0
           609	2024-05-17 17:05:45	1	0	1	0
           399	2024-05-17 17:05:54	1	0	1	0
           586	2024-05-17 17:05:57	1	0	1	0
           101	2024-05-17 17:06:03	1	0	1	0
           132	2024-05-17 17:06:09	1	0	1	0
           252	2024-05-17 17:06:18	1	0	1	0
           398	2024-05-17 17:06:23	1	0	1	0
           194	2024-05-17 17:06:30	1	0	1	0
           546	2024-05-17 17:06:34	1	0	1	0
           360	2024-05-17 17:06:39	1	0	1	0
           583	2024-05-17 17:06:44	1	0	1	0
           593	2024-05-17 17:06:49	1	0	1	0
           403	2024-05-17 17:07:03	1	0	1	0
           603	2024-05-17 17:07:11	1	0	1	0
           529	2024-05-17 17:07:18	1	0	1	0
           623	2024-05-17 17:07:25	1	0	1	0
           405	2024-05-17 17:08:59	1	0	1	0
           363	2024-05-17 17:09:07	1	0	1	0
           404	2024-05-17 17:09:37	1	0	1	0
           375	2024-05-17 17:13:33	1	0	1	0
           335	2024-05-17 17:13:44	1	0	1	0
           589	2024-05-17 17:17:07	1	0	1	0
           361	2024-05-17 17:17:21	1	0	1	0
           236	2024-05-17 17:17:33	1	0	1	0
            69	2024-05-17 17:18:10	1	0	1	0
            38	2024-05-17 17:19:00	1	0	1	0
           580	2024-05-17 17:19:55	1	0	1	0
           434	2024-05-17 17:20:40	1	0	1	0
           579	2024-05-17 17:21:17	1	0	1	0
           337	2024-05-17 17:21:23	1	0	1	0
           541	2024-05-17 17:21:44	1	0	1	0
           259	2024-05-17 17:22:40	1	0	15	0
           467	2024-05-17 17:23:54	1	0	1	0
           584	2024-05-17 17:25:30	1	0	1	0
           105	2024-05-17 17:30:50	1	0	1	0
           408	2024-05-17 17:30:58	1	0	1	0
           573	2024-05-17 17:32:36	1	0	1	0
           554	2024-05-17 17:32:42	1	0	1	0
           314	2024-05-17 17:32:47	1	0	1	0
           553	2024-05-17 17:32:53	1	0	1	0
           414	2024-05-17 17:35:58	1	0	1	0
           114	2024-05-17 17:40:30	1	0	1	0
            43	2024-05-17 18:00:00	1	0	1	0
           425	2024-05-17 18:00:52	1	0	1	0
           205	2024-05-17 18:02:02	1	0	1	0
            87	2024-05-17 18:07:58	1	0	1	0
           312	2024-05-17 18:29:19	1	0	1	0
           485	2024-05-17 18:35:39	1	0	1	0
           184	2024-05-17 18:37:42	1	0	1	0
           146	2024-05-17 18:44:00	1	0	15	0
            75	2024-05-17 18:59:42	1	0	1	0
           465	2024-05-17 18:59:45	1	0	1	0
           574	2024-05-17 19:09:48	1	0	1	0
            73	2024-05-17 20:47:27	1	0	1	0
           610	2024-05-17 20:54:26	1	0	1	0
           200	2024-05-17 20:56:51	1	0	1	0
           444	2024-05-17 20:58:02	1	0	1	0
           305	2024-05-17 21:34:14	1	0	1	0
           620	2024-05-17 22:03:21	1	0	1	0
           418	2024-05-17 23:01:30	1	0	1	0
           620	2024-05-18 04:59:45	1	0	1	0
           566	2024-05-18 05:58:56	1	0	1	0
           398	2024-05-18 06:48:30	1	0	1	0
           417	2024-05-18 07:26:19	1	0	15	0
           485	2024-05-18 08:25:57	1	0	1	0
           566	2024-05-18 11:30:05	1	0	1	0
           566	2024-05-18 12:03:21	1	0	1	0
           485	2024-05-18 12:06:18	1	0	1	0
           417	2024-05-18 12:13:23	1	0	15	0
           485	2024-05-18 12:25:20	1	0	1	0
           417	2024-05-18 12:29:28	1	0	15	0
           566	2024-05-18 13:12:21	1	0	1	0
           418	2024-05-18 13:44:34	1	0	1	0
           305	2024-05-18 14:33:08	1	0	1	0
           620	2024-05-18 15:01:35	1	0	1	0
           398	2024-05-18 15:36:18	1	0	1	0
           417	2024-05-18 17:00:55	1	0	1	0
           485	2024-05-18 17:20:26	1	0	1	0
           418	2024-05-18 22:00:14	1	0	1	0
           124	2024-05-18 22:28:52	1	0	15	0
           305	2024-05-18 23:04:42	1	0	1	0
           620	2024-05-19 04:56:56	1	0	1	0
           398	2024-05-19 06:05:09	1	0	1	0
           418	2024-05-19 06:46:46	1	0	1	0
           124	2024-05-19 07:00:58	1	0	15	0
           398	2024-05-19 12:13:49	1	0	1	0
           305	2024-05-19 13:40:33	1	0	1	0
           620	2024-05-19 14:00:17	1	0	1	0
           398	2024-05-19 14:20:14	1	0	1	0
           418	2024-05-19 15:00:16	1	0	1	0
           567	2024-05-19 21:45:10	1	0	1	0
           124	2024-05-19 21:46:19	1	0	15	0
           305	2024-05-19 22:00:47	1	0	1	0
           418	2024-05-20 06:00:07	1	0	1	0
           124	2024-05-20 06:01:12	1	0	15	0
           337	2024-05-20 06:02:44	1	0	1	0
           395	2024-05-20 06:18:18	1	0	1	0
           422	2024-05-20 06:23:08	1	0	1	0
           196	2024-05-20 06:24:20	1	0	1	0
           119	2024-05-20 06:24:34	1	0	15	0
           632	2024-05-20 06:24:48	1	0	1	0
           366	2024-05-20 06:24:55	1	0	1	0
           387	2024-05-20 06:30:25	1	0	15	0
           600	2024-05-20 06:35:15	1	0	1	0
           457	2024-05-20 06:39:08	1	0	1	0
           183	2024-05-20 06:42:22	1	0	1	0
           305	2024-05-20 06:42:35	1	0	1	0
           443	2024-05-20 06:44:29	1	0	1	0
           375	2024-05-20 06:45:55	1	0	1	0
            74	2024-05-20 06:49:37	1	0	1	0
            37	2024-05-20 06:54:12	1	0	1	0
            88	2024-05-20 06:57:12	1	0	1	0
           370	2024-05-20 06:57:17	1	0	15	0
           360	2024-05-20 06:57:42	1	0	1	0
            93	2024-05-20 06:58:02	1	0	1	0
           149	2024-05-20 06:58:13	1	0	1	0
           413	2024-05-20 06:58:40	1	0	4	0
           567	2024-05-20 07:00:04	1	0	1	0
           546	2024-05-20 07:01:43	1	0	1	0
           460	2024-05-20 07:02:34	1	0	1	0
           259	2024-05-20 07:03:03	1	0	15	0
           397	2024-05-20 07:03:57	1	0	1	0
           398	2024-05-20 07:04:41	1	0	1	0
           444	2024-05-20 07:04:48	1	0	1	0
           200	2024-05-20 07:05:14	1	0	1	0
           595	2024-05-20 07:06:05	1	0	1	0
           631	2024-05-20 07:07:17	1	0	1	0
           417	2024-05-20 07:07:24	1	0	1	0
           194	2024-05-20 07:07:34	1	0	1	0
           288	2024-05-20 07:07:40	1	0	1	0
           184	2024-05-20 07:09:11	1	0	1	0
           584	2024-05-20 07:09:15	1	0	1	0
            77	2024-05-20 07:10:28	1	0	1	0
           115	2024-05-20 07:10:34	1	0	1	0
           553	2024-05-20 07:10:42	1	0	1	0
           581	2024-05-20 07:14:10	1	0	1	0
           123	2024-05-20 07:14:16	1	0	1	0
           554	2024-05-20 07:14:30	1	0	1	0
           601	2024-05-20 07:17:42	1	0	1	0
            43	2024-05-20 07:17:57	1	0	1	0
           492	2024-05-20 07:21:10	1	0	1	0
           634	2024-05-20 07:23:19	1	0	1	0
           579	2024-05-20 07:23:53	1	0	1	0
           541	2024-05-20 07:24:03	1	0	1	0
           573	2024-05-20 07:26:13	1	0	1	0
            38	2024-05-20 07:26:58	1	0	1	0
            73	2024-05-20 07:27:35	1	0	1	0
           338	2024-05-20 07:28:11	1	0	1	0
           556	2024-05-20 07:29:22	1	0	1	0
           467	2024-05-20 07:34:22	1	0	1	0
            39	2024-05-20 07:35:06	1	0	1	0
           511	2024-05-20 07:35:12	1	0	1	0
           529	2024-05-20 07:35:18	1	0	1	0
           603	2024-05-20 07:35:24	1	0	1	0
           105	2024-05-20 07:35:31	1	0	15	0
           265	2024-05-20 07:35:37	1	0	1	0
           408	2024-05-20 07:35:47	1	0	1	0
           404	2024-05-20 07:36:19	1	0	1	0
           101	2024-05-20 07:38:44	1	0	1	0
           335	2024-05-20 07:40:40	1	0	1	0
           312	2024-05-20 07:44:49	1	0	1	0
           624	2024-05-20 07:44:55	1	0	1	0
           485	2024-05-20 07:45:01	1	0	1	0
           182	2024-05-20 07:45:29	1	0	1	0
           249	2024-05-20 07:45:34	1	0	1	0
           205	2024-05-20 07:45:41	1	0	1	0
           348	2024-05-20 07:46:04	1	0	1	0
            27	2024-05-20 07:46:15	1	0	15	0
           314	2024-05-20 07:46:21	1	0	1	0
           453	2024-05-20 07:46:29	1	0	1	0
           132	2024-05-20 07:47:51	1	0	1	0
            83	2024-05-20 07:48:05	1	0	1	0
           502	2024-05-20 07:48:53	1	0	1	0
           399	2024-05-20 07:49:23	1	0	1	0
           403	2024-05-20 07:50:25	1	0	1	0
            69	2024-05-20 07:50:37	1	0	1	0
           493	2024-05-20 07:50:41	1	0	1	0
           586	2024-05-20 07:50:52	1	0	1	0
           589	2024-05-20 07:55:38	1	0	1	0
           580	2024-05-20 07:55:49	1	0	1	0
           361	2024-05-20 07:56:00	1	0	1	0
           331	2024-05-20 07:56:05	1	0	1	0
           609	2024-05-20 07:56:10	1	0	1	0
            53	2024-05-20 07:56:23	1	0	1	0
           574	2024-05-20 07:57:30	1	0	1	0
           623	2024-05-20 07:57:45	1	0	1	0
           604	2024-05-20 07:58:16	1	0	1	0
           125	2024-05-20 07:58:22	1	0	1	0
           252	2024-05-20 07:59:23	1	0	15	0
           575	2024-05-20 07:59:31	1	0	1	0
           593	2024-05-20 08:01:35	1	0	1	0
           236	2024-05-20 08:05:01	1	0	1	0
           425	2024-05-20 08:06:19	1	0	1	0
           414	2024-05-20 08:12:02	1	0	1	0
           516	2024-05-20 08:15:14	1	0	1	0
           583	2024-05-20 08:24:31	1	0	1	0
           405	2024-05-20 08:34:29	1	0	1	0
           460	2024-05-20 11:03:07	1	0	1	0
           413	2024-05-20 11:19:20	1	0	4	0
           460	2024-05-20 11:30:40	1	0	1	0
           632	2024-05-20 11:31:47	1	0	1	0
           422	2024-05-20 11:31:51	1	0	1	0
           366	2024-05-20 11:31:58	1	0	1	0
           360	2024-05-20 11:32:06	1	0	1	0
           387	2024-05-20 11:32:12	1	0	15	0
           395	2024-05-20 11:32:19	1	0	1	0
           196	2024-05-20 11:32:26	1	0	1	0
           123	2024-05-20 11:32:30	1	0	1	0
           443	2024-05-20 11:32:38	1	0	1	0
           581	2024-05-20 11:33:22	1	0	1	0
           413	2024-05-20 11:34:57	1	0	4	0
            88	2024-05-20 11:44:53	1	0	1	0
           288	2024-05-20 11:44:59	1	0	1	0
            93	2024-05-20 11:45:05	1	0	1	0
           370	2024-05-20 11:45:12	1	0	15	0
           600	2024-05-20 11:50:15	1	0	1	0
           119	2024-05-20 11:50:27	1	0	15	0
           573	2024-05-20 11:50:50	1	0	1	0
           546	2024-05-20 11:50:54	1	0	1	0
           337	2024-05-20 11:51:25	1	0	1	0
           115	2024-05-20 11:51:34	1	0	1	0
           360	2024-05-20 11:51:44	1	0	1	0
           579	2024-05-20 11:52:01	1	0	1	0
           553	2024-05-20 11:52:04	1	0	1	0
           581	2024-05-20 11:52:09	1	0	1	0
           123	2024-05-20 11:59:50	1	0	1	0
           443	2024-05-20 11:59:56	1	0	1	0
            88	2024-05-20 12:00:16	1	0	15	0
           370	2024-05-20 12:00:22	1	0	15	0
            93	2024-05-20 12:00:28	1	0	1	0
           397	2024-05-20 12:00:31	1	0	1	0
           331	2024-05-20 12:00:36	1	0	1	0
           387	2024-05-20 12:00:46	1	0	15	0
           422	2024-05-20 12:00:57	1	0	1	0
           196	2024-05-20 12:01:03	1	0	1	0
            37	2024-05-20 12:01:09	1	0	1	0
           395	2024-05-20 12:01:14	1	0	1	0
            69	2024-05-20 12:01:20	1	0	1	0
           335	2024-05-20 12:01:23	1	0	1	0
           556	2024-05-20 12:01:29	1	0	1	0
            77	2024-05-20 12:01:33	1	0	1	0
           265	2024-05-20 12:01:43	1	0	1	0
           366	2024-05-20 12:01:47	1	0	1	0
           593	2024-05-20 12:01:54	1	0	1	0
           511	2024-05-20 12:01:57	1	0	1	0
           623	2024-05-20 12:02:02	1	0	1	0
           259	2024-05-20 12:02:11	1	0	15	0
            53	2024-05-20 12:02:25	1	0	1	0
           624	2024-05-20 12:02:34	1	0	1	0
           586	2024-05-20 12:02:38	1	0	1	0
           132	2024-05-20 12:02:51	1	0	1	0
           631	2024-05-20 12:03:41	1	0	1	0
            43	2024-05-20 12:03:55	1	0	1	0
           580	2024-05-20 12:04:07	1	0	1	0
           205	2024-05-20 12:04:12	1	0	1	0
           493	2024-05-20 12:04:18	1	0	1	0
           399	2024-05-20 12:04:22	1	0	1	0
            27	2024-05-20 12:04:56	1	0	15	0
           403	2024-05-20 12:05:04	1	0	1	0
           453	2024-05-20 12:05:11	1	0	15	0
           609	2024-05-20 12:05:21	1	0	1	0
           121	2024-05-20 12:05:25	1	0	1	0
           575	2024-05-20 12:05:32	1	0	1	0
           584	2024-05-20 12:05:41	1	0	1	0
           589	2024-05-20 12:05:50	1	0	1	0
           249	2024-05-20 12:05:56	1	0	1	0
           457	2024-05-20 12:06:19	1	0	1	0
           492	2024-05-20 12:06:29	1	0	1	0
           516	2024-05-20 12:06:35	1	0	1	0
           601	2024-05-20 12:06:42	1	0	1	0
           600	2024-05-20 12:08:38	1	0	1	0
           119	2024-05-20 12:08:55	1	0	15	0
           337	2024-05-20 12:09:33	1	0	1	0
           604	2024-05-20 12:10:15	1	0	1	0
           348	2024-05-20 12:10:20	1	0	1	0
           125	2024-05-20 12:10:26	1	0	1	0
            73	2024-05-20 12:10:40	1	0	1	0
           583	2024-05-20 12:10:48	1	0	1	0
           595	2024-05-20 12:10:56	1	0	1	0
           149	2024-05-20 12:11:27	1	0	1	0
           115	2024-05-20 12:11:39	1	0	1	0
           634	2024-05-20 12:11:51	1	0	1	0
           252	2024-05-20 12:12:28	1	0	15	0
           541	2024-05-20 12:12:37	1	0	1	0
            39	2024-05-20 12:12:47	1	0	1	0
           236	2024-05-20 12:13:01	1	0	1	0
           184	2024-05-20 12:13:44	1	0	1	0
           573	2024-05-20 12:15:08	1	0	1	0
           546	2024-05-20 12:15:11	1	0	1	0
           502	2024-05-20 12:16:25	1	0	1	0
           331	2024-05-20 12:16:47	1	0	1	0
            37	2024-05-20 12:16:59	1	0	1	0
           610	2024-05-20 12:17:12	1	0	1	0
           467	2024-05-20 12:17:17	1	0	1	0
            69	2024-05-20 12:17:22	1	0	1	0
            53	2024-05-20 12:17:31	1	0	1	0
           265	2024-05-20 12:18:32	1	0	1	0
            77	2024-05-20 12:18:40	1	0	1	0
           335	2024-05-20 12:18:43	1	0	1	0
           553	2024-05-20 12:19:35	1	0	1	0
           579	2024-05-20 12:19:40	1	0	1	0
           584	2024-05-20 12:21:16	1	0	1	0
            83	2024-05-20 12:21:24	1	0	1	0
           457	2024-05-20 12:22:55	1	0	1	0
           492	2024-05-20 12:23:03	1	0	1	0
           516	2024-05-20 12:23:10	1	0	15	0
           556	2024-05-20 12:23:22	1	0	1	0
           623	2024-05-20 12:24:59	1	0	1	0
           575	2024-05-20 12:25:28	1	0	1	0
            73	2024-05-20 12:26:08	1	0	1	0
           493	2024-05-20 12:26:13	1	0	1	0
           601	2024-05-20 12:26:32	1	0	1	0
           595	2024-05-20 12:26:38	1	0	1	0
           586	2024-05-20 12:26:43	1	0	1	0
           624	2024-05-20 12:26:47	1	0	1	0
           105	2024-05-20 12:27:15	1	0	15	0
           574	2024-05-20 12:27:28	1	0	1	0
           541	2024-05-20 12:27:49	1	0	1	0
           631	2024-05-20 12:30:41	1	0	1	0
           589	2024-05-20 12:32:31	1	0	1	0
           338	2024-05-20 12:33:20	1	0	1	0
           149	2024-05-20 12:33:31	1	0	1	0
           101	2024-05-20 12:33:40	1	0	1	0
           249	2024-05-20 12:33:44	1	0	1	0
           403	2024-05-20 12:34:01	1	0	1	0
           121	2024-05-20 12:34:11	1	0	1	0
           399	2024-05-20 12:34:39	1	0	1	0
           634	2024-05-20 12:34:51	1	0	1	0
           467	2024-05-20 12:35:26	1	0	1	0
           610	2024-05-20 12:35:37	1	0	1	0
           194	2024-05-20 12:36:17	1	0	1	0
           200	2024-05-20 12:36:22	1	0	1	0
           603	2024-05-20 12:36:27	1	0	1	0
           529	2024-05-20 12:36:33	1	0	1	0
           312	2024-05-20 12:36:40	1	0	1	0
           375	2024-05-20 12:36:51	1	0	1	0
           417	2024-05-20 12:37:06	1	0	15	0
           405	2024-05-20 12:37:10	1	0	1	0
           361	2024-05-20 12:37:16	1	0	1	0
           404	2024-05-20 12:37:35	1	0	1	0
           252	2024-05-20 12:38:10	1	0	15	0
           604	2024-05-20 12:38:51	1	0	1	0
           125	2024-05-20 12:38:57	1	0	1	0
            43	2024-05-20 12:39:09	1	0	1	0
           444	2024-05-20 12:40:33	1	0	1	0
           593	2024-05-20 12:40:49	1	0	1	0
           511	2024-05-20 12:40:53	1	0	1	0
            74	2024-05-20 12:41:01	1	0	1	0
            27	2024-05-20 12:42:47	1	0	15	0
           453	2024-05-20 12:43:29	1	0	1	0
           259	2024-05-20 12:43:42	1	0	15	0
            83	2024-05-20 12:43:55	1	0	1	0
           609	2024-05-20 12:44:20	1	0	1	0
           314	2024-05-20 12:44:31	1	0	1	0
           397	2024-05-20 12:44:53	1	0	1	0
           580	2024-05-20 12:47:11	1	0	1	0
           105	2024-05-20 12:48:00	1	0	1	0
            39	2024-05-20 12:48:44	1	0	1	0
           132	2024-05-20 12:49:06	1	0	1	0
           583	2024-05-20 12:49:36	1	0	1	0
           574	2024-05-20 12:49:54	1	0	1	0
           348	2024-05-20 12:50:05	1	0	1	0
           398	2024-05-20 12:50:28	1	0	1	0
           184	2024-05-20 12:51:42	1	0	1	0
           603	2024-05-20 12:51:49	1	0	1	0
           312	2024-05-20 12:52:21	1	0	1	0
           601	2024-05-20 12:52:59	1	0	1	0
           338	2024-05-20 12:53:02	1	0	1	0
           375	2024-05-20 12:54:15	1	0	1	0
           529	2024-05-20 12:54:22	1	0	1	0
           502	2024-05-20 12:54:39	1	0	1	0
           361	2024-05-20 12:55:01	1	0	1	0
           417	2024-05-20 12:55:07	1	0	15	0
           405	2024-05-20 12:55:14	1	0	1	0
           194	2024-05-20 12:55:24	1	0	15	0
            74	2024-05-20 12:56:24	1	0	1	0
           101	2024-05-20 12:57:42	1	0	1	0
           444	2024-05-20 12:57:57	1	0	1	0
           404	2024-05-20 12:59:09	1	0	1	0
           314	2024-05-20 12:59:37	1	0	1	0
           425	2024-05-20 13:02:33	1	0	1	0
           485	2024-05-20 13:14:10	1	0	1	0
           236	2024-05-20 13:15:04	1	0	1	0
           425	2024-05-20 13:29:48	1	0	1	0
           182	2024-05-20 13:31:39	1	0	1	0
           485	2024-05-20 13:55:29	1	0	1	0
           418	2024-05-20 14:09:17	1	0	1	0
           124	2024-05-20 14:35:14	1	0	15	0
           305	2024-05-20 15:02:51	1	0	1	0
           183	2024-05-20 16:08:07	1	0	1	0
            93	2024-05-20 16:08:12	1	0	1	0
           460	2024-05-20 16:08:35	1	0	1	0
           370	2024-05-20 16:11:56	1	0	15	0
           581	2024-05-20 17:00:06	1	0	1	0
           366	2024-05-20 17:00:08	1	0	1	0
           123	2024-05-20 17:00:17	1	0	1	0
           443	2024-05-20 17:00:22	1	0	1	0
           387	2024-05-20 17:00:35	1	0	15	0
           422	2024-05-20 17:00:43	1	0	1	0
            53	2024-05-20 17:00:48	1	0	1	0
           609	2024-05-20 17:00:57	1	0	1	0
            74	2024-05-20 17:01:02	1	0	1	0
           397	2024-05-20 17:01:06	1	0	1	0
            37	2024-05-20 17:01:19	1	0	1	0
            77	2024-05-20 17:01:25	1	0	1	0
           634	2024-05-20 17:01:30	1	0	1	0
           115	2024-05-20 17:01:39	1	0	1	0
           395	2024-05-20 17:01:45	1	0	1	0
           149	2024-05-20 17:01:52	1	0	1	0
           631	2024-05-20 17:01:59	1	0	1	0
           265	2024-05-20 17:02:06	1	0	1	0
           600	2024-05-20 17:02:13	1	0	1	0
           196	2024-05-20 17:02:19	1	0	1	0
           493	2024-05-20 17:02:40	1	0	1	0
           119	2024-05-20 17:02:51	1	0	15	0
           623	2024-05-20 17:03:22	1	0	1	0
           575	2024-05-20 17:03:27	1	0	1	0
           583	2024-05-20 17:03:31	1	0	1	0
           601	2024-05-20 17:03:36	1	0	1	0
           502	2024-05-20 17:03:44	1	0	1	0
           511	2024-05-20 17:03:51	1	0	1	0
           194	2024-05-20 17:04:04	1	0	1	0
           399	2024-05-20 17:04:30	1	0	1	0
           288	2024-05-20 17:04:43	1	0	1	0
           405	2024-05-20 17:05:37	1	0	1	0
           375	2024-05-20 17:05:43	1	0	1	0
           417	2024-05-20 17:05:51	1	0	1	0
           603	2024-05-20 17:05:55	1	0	1	0
           529	2024-05-20 17:06:00	1	0	1	0
           252	2024-05-20 17:06:05	1	0	15	0
           361	2024-05-20 17:06:26	1	0	1	0
            39	2024-05-20 17:07:05	1	0	1	0
           595	2024-05-20 17:07:12	1	0	1	0
            69	2024-05-20 17:07:23	1	0	1	0
           604	2024-05-20 17:07:30	1	0	1	0
           574	2024-05-20 17:07:39	1	0	1	0
           125	2024-05-20 17:07:45	1	0	1	0
           589	2024-05-20 17:07:50	1	0	1	0
           249	2024-05-20 17:08:01	1	0	1	0
           331	2024-05-20 17:08:11	1	0	1	0
           121	2024-05-20 17:08:23	1	0	1	0
           541	2024-05-20 17:08:59	1	0	1	0
            38	2024-05-20 17:09:30	1	0	1	0
           236	2024-05-20 17:10:55	1	0	1	0
           348	2024-05-20 17:11:34	1	0	15	0
           259	2024-05-20 17:11:47	1	0	15	0
           624	2024-05-20 17:12:12	1	0	1	0
           398	2024-05-20 17:12:25	1	0	1	0
           360	2024-05-20 17:12:36	1	0	1	0
           101	2024-05-20 17:12:51	1	0	1	0
           205	2024-05-20 17:13:01	1	0	1	0
           586	2024-05-20 17:13:14	1	0	1	0
           184	2024-05-20 17:13:56	1	0	1	0
            73	2024-05-20 17:14:10	1	0	1	0
           546	2024-05-20 17:14:26	1	0	1	0
           337	2024-05-20 17:14:35	1	0	1	0
           579	2024-05-20 17:14:46	1	0	1	0
           453	2024-05-20 17:15:54	1	0	1	0
           403	2024-05-20 17:16:49	1	0	1	0
            88	2024-05-20 17:17:36	1	0	15	0
           553	2024-05-20 17:19:05	1	0	1	0
           314	2024-05-20 17:19:11	1	0	1	0
           573	2024-05-20 17:19:17	1	0	1	0
           554	2024-05-20 17:19:22	1	0	1	0
            27	2024-05-20 17:20:42	1	0	15	0
           580	2024-05-20 17:21:11	1	0	1	0
           584	2024-05-20 17:22:39	1	0	1	0
           413	2024-05-20 17:23:58	1	0	1	0
           105	2024-05-20 17:26:54	1	0	15	0
           414	2024-05-20 17:27:10	1	0	1	0
           408	2024-05-20 17:27:52	1	0	1	0
           338	2024-05-20 17:28:47	1	0	1	0
           467	2024-05-20 17:29:05	1	0	1	0
           404	2024-05-20 17:35:17	1	0	1	0
            43	2024-05-20 17:35:26	1	0	1	0
           132	2024-05-20 17:39:10	1	0	1	0
           556	2024-05-20 17:49:29	1	0	1	0
           425	2024-05-20 18:00:05	1	0	1	0
           485	2024-05-20 18:00:08	1	0	1	0
            83	2024-05-20 18:05:53	1	0	1	0
           182	2024-05-20 18:07:23	1	0	1	0
           335	2024-05-20 18:17:59	1	0	1	0
           312	2024-05-20 18:19:48	1	0	1	0
           414	2024-05-20 18:40:09	1	0	1	0
           457	2024-05-20 18:44:32	1	0	1	0
           492	2024-05-20 18:44:37	1	0	1	0
           516	2024-05-20 18:44:43	1	0	1	0
           200	2024-05-20 19:21:35	1	0	1	0
           444	2024-05-20 19:21:43	1	0	1	0
           610	2024-05-20 20:45:44	1	0	1	0
           567	2024-05-20 21:50:25	1	0	1	0
           124	2024-05-20 23:00:14	1	0	15	0
           395	2024-05-21 05:20:31	1	0	1	0
           305	2024-05-21 05:50:18	1	0	1	0
           620	2024-05-21 06:00:35	1	0	1	0
           337	2024-05-21 06:03:37	1	0	1	0
           567	2024-05-21 06:03:52	1	0	1	0
           387	2024-05-21 06:25:24	1	0	15	0
           422	2024-05-21 06:28:53	1	0	1	0
           196	2024-05-21 06:35:47	1	0	1	0
           119	2024-05-21 06:35:59	1	0	15	0
           632	2024-05-21 06:36:20	1	0	1	0
           335	2024-05-21 06:38:30	1	0	1	0
           443	2024-05-21 06:38:54	1	0	15	0
           553	2024-05-21 06:42:15	1	0	1	0
            88	2024-05-21 06:46:06	1	0	15	0
           523	2024-05-21 06:46:28	1	0	1	0
           417	2024-05-21 06:49:21	1	0	15	0
           583	2024-05-21 06:49:43	1	0	1	0
           366	2024-05-21 06:52:16	1	0	1	0
           584	2024-05-21 06:53:49	1	0	1	0
           413	2024-05-21 06:55:27	1	0	4	0
            74	2024-05-21 06:56:51	1	0	15	0
           375	2024-05-21 06:57:02	1	0	1	0
           398	2024-05-21 06:57:09	1	0	1	0
           183	2024-05-21 07:01:36	1	0	1	0
           370	2024-05-21 07:03:46	1	0	15	0
           546	2024-05-21 07:03:58	1	0	1	0
           460	2024-05-21 07:04:05	1	0	1	0
           259	2024-05-21 07:05:20	1	0	1	0
            93	2024-05-21 07:06:33	1	0	1	0
           414	2024-05-21 07:07:06	1	0	1	0
           582	2024-05-21 07:07:33	1	0	1	0
           601	2024-05-21 07:07:50	1	0	1	0
           467	2024-05-21 07:10:41	1	0	1	0
           194	2024-05-21 07:11:33	1	0	1	0
           288	2024-05-21 07:11:41	1	0	1	0
            77	2024-05-21 07:12:03	1	0	1	0
           149	2024-05-21 07:14:24	1	0	1	0
            27	2024-05-21 07:15:33	1	0	15	0
           405	2024-05-21 07:15:43	1	0	1	0
           453	2024-05-21 07:15:57	1	0	1	0
           348	2024-05-21 07:16:06	1	0	1	0
           631	2024-05-21 07:16:50	1	0	1	0
           476	2024-05-21 07:18:41	1	0	1	0
           123	2024-05-21 07:18:54	1	0	1	0
           581	2024-05-21 07:19:00	1	0	1	0
           457	2024-05-21 07:19:17	1	0	1	0
            39	2024-05-21 07:20:34	1	0	1	0
           184	2024-05-21 07:22:30	1	0	15	0
            37	2024-05-21 07:23:05	1	0	1	0
            53	2024-05-21 07:24:19	1	0	1	0
           408	2024-05-21 07:25:26	1	0	1	0
           595	2024-05-21 07:25:34	1	0	1	0
           554	2024-05-21 07:27:02	1	0	1	0
           360	2024-05-21 07:27:35	1	0	1	0
           444	2024-05-21 07:27:50	1	0	1	0
           579	2024-05-21 07:28:07	1	0	1	0
           573	2024-05-21 07:29:32	1	0	1	0
           574	2024-05-21 07:31:39	1	0	1	0
           355	2024-05-21 07:33:58	1	0	1	0
           556	2024-05-21 07:35:38	1	0	1	0
            43	2024-05-21 07:35:45	1	0	1	0
            83	2024-05-21 07:37:10	1	0	1	0
           610	2024-05-21 07:38:01	1	0	1	0
           492	2024-05-21 07:38:51	1	0	1	0
           493	2024-05-21 07:39:37	1	0	1	0
           101	2024-05-21 07:40:12	1	0	1	0
            38	2024-05-21 07:40:52	1	0	1	0
            73	2024-05-21 07:41:02	1	0	1	0
           361	2024-05-21 07:41:34	1	0	1	0
           586	2024-05-21 07:41:53	1	0	1	0
           338	2024-05-21 07:43:46	1	0	1	0
           132	2024-05-21 07:44:21	1	0	1	0
           575	2024-05-21 07:44:31	1	0	1	0
           624	2024-05-21 07:45:30	1	0	1	0
           623	2024-05-21 07:46:23	1	0	1	0
           589	2024-05-21 07:46:35	1	0	1	0
           635	2024-05-21 07:47:26	1	0	1	0
           609	2024-05-21 07:47:31	1	0	1	0
            69	2024-05-21 07:47:38	1	0	1	0
           516	2024-05-21 07:47:45	1	0	1	0
           265	2024-05-21 07:48:12	1	0	1	0
           604	2024-05-21 07:48:36	1	0	1	0
           502	2024-05-21 07:49:06	1	0	1	0
           363	2024-05-21 07:50:04	1	0	1	0
           603	2024-05-21 07:50:08	1	0	1	0
           529	2024-05-21 07:50:19	1	0	1	0
           312	2024-05-21 07:50:41	1	0	1	0
           403	2024-05-21 07:51:12	1	0	1	0
           399	2024-05-21 07:51:22	1	0	1	0
           252	2024-05-21 07:52:44	1	0	15	0
           200	2024-05-21 07:54:34	1	0	1	0
           314	2024-05-21 07:54:42	1	0	1	0
           105	2024-05-21 07:55:00	1	0	15	0
           331	2024-05-21 07:55:05	1	0	1	0
           114	2024-05-21 07:55:19	1	0	1	0
           249	2024-05-21 07:55:40	1	0	1	0
           404	2024-05-21 07:56:13	1	0	1	0
           121	2024-05-21 07:58:48	1	0	1	0
           125	2024-05-21 08:02:21	1	0	1	0
           236	2024-05-21 08:08:16	1	0	1	0
           205	2024-05-21 08:10:11	1	0	1	0
           580	2024-05-21 08:15:19	1	0	1	0
           425	2024-05-21 08:35:18	1	0	1	0
           182	2024-05-21 08:48:23	1	0	1	0
           485	2024-05-21 08:58:36	1	0	1	0
           634	2024-05-21 09:28:18	1	0	1	0
           288	2024-05-21 11:05:10	1	0	1	0
           183	2024-05-21 11:11:54	1	0	1	0
            88	2024-05-21 11:12:03	1	0	15	0
            93	2024-05-21 11:12:10	1	0	15	0
           370	2024-05-21 11:12:17	1	0	15	0
           413	2024-05-21 11:22:13	1	0	4	0
           360	2024-05-21 11:30:09	1	0	1	0
           366	2024-05-21 11:30:19	1	0	1	0
           581	2024-05-21 11:30:25	1	0	1	0
           632	2024-05-21 11:30:46	1	0	1	0
           387	2024-05-21 11:31:00	1	0	15	0
           422	2024-05-21 11:31:09	1	0	1	0
           196	2024-05-21 11:31:16	1	0	1	0
           443	2024-05-21 11:32:16	1	0	1	0
           582	2024-05-21 11:32:32	1	0	1	0
           119	2024-05-21 11:32:47	1	0	15	0
           123	2024-05-21 11:34:03	1	0	1	0
           183	2024-05-21 11:34:30	1	0	1	0
            93	2024-05-21 11:34:47	1	0	1	0
            88	2024-05-21 11:35:00	1	0	15	0
           370	2024-05-21 11:35:07	1	0	15	0
           413	2024-05-21 11:41:26	1	0	4	0
           546	2024-05-21 11:48:37	1	0	1	0
           337	2024-05-21 11:48:45	1	0	1	0
           579	2024-05-21 11:49:20	1	0	1	0
           573	2024-05-21 11:49:24	1	0	1	0
           314	2024-05-21 11:49:31	1	0	1	0
           288	2024-05-21 11:50:29	1	0	1	0
           360	2024-05-21 11:55:23	1	0	1	0
           422	2024-05-21 12:00:07	1	0	1	0
           529	2024-05-21 12:00:10	1	0	1	0
           603	2024-05-21 12:00:16	1	0	1	0
           387	2024-05-21 12:00:37	1	0	15	0
           457	2024-05-21 12:00:47	1	0	1	0
           492	2024-05-21 12:00:51	1	0	1	0
           516	2024-05-21 12:00:57	1	0	1	0
           375	2024-05-21 12:01:05	1	0	1	0
           361	2024-05-21 12:01:14	1	0	1	0
           363	2024-05-21 12:01:20	1	0	1	0
           405	2024-05-21 12:01:26	1	0	1	0
           417	2024-05-21 12:01:33	1	0	1	0
            39	2024-05-21 12:01:38	1	0	1	0
           609	2024-05-21 12:01:43	1	0	1	0
            53	2024-05-21 12:01:53	1	0	1	0
            37	2024-05-21 12:02:01	1	0	1	0
            74	2024-05-21 12:02:08	1	0	1	0
            77	2024-05-21 12:02:12	1	0	1	0
           259	2024-05-21 12:02:18	1	0	1	0
           123	2024-05-21 12:02:22	1	0	1	0
           196	2024-05-21 12:02:27	1	0	1	0
           556	2024-05-21 12:02:33	1	0	1	0
           582	2024-05-21 12:02:38	1	0	1	0
           119	2024-05-21 12:02:44	1	0	15	0
           236	2024-05-21 12:02:52	1	0	1	0
           635	2024-05-21 12:03:00	1	0	1	0
           623	2024-05-21 12:03:06	1	0	1	0
           132	2024-05-21 12:03:17	1	0	1	0
           366	2024-05-21 12:03:28	1	0	1	0
           443	2024-05-21 12:03:36	1	0	1	0
           546	2024-05-21 12:03:44	1	0	1	0
           523	2024-05-21 12:03:55	1	0	1	0
           355	2024-05-21 12:03:59	1	0	1	0
           337	2024-05-21 12:04:11	1	0	1	0
            43	2024-05-21 12:04:26	1	0	1	0
           573	2024-05-21 12:04:31	1	0	1	0
           314	2024-05-21 12:04:37	1	0	1	0
           579	2024-05-21 12:04:49	1	0	1	0
           631	2024-05-21 12:04:56	1	0	1	0
            73	2024-05-21 12:05:10	1	0	1	0
           601	2024-05-21 12:05:37	1	0	1	0
           114	2024-05-21 12:06:01	1	0	1	0
           249	2024-05-21 12:06:10	1	0	1	0
           589	2024-05-21 12:06:15	1	0	1	0
           121	2024-05-21 12:06:20	1	0	1	0
           595	2024-05-21 12:06:27	1	0	1	0
           584	2024-05-21 12:06:35	1	0	1	0
           404	2024-05-21 12:06:47	1	0	1	0
            38	2024-05-21 12:06:54	1	0	1	0
           493	2024-05-21 12:07:01	1	0	1	0
           580	2024-05-21 12:07:08	1	0	1	0
           575	2024-05-21 12:07:21	1	0	1	0
           476	2024-05-21 12:07:29	1	0	1	0
           252	2024-05-21 12:07:48	1	0	15	0
           624	2024-05-21 12:07:58	1	0	1	0
           586	2024-05-21 12:08:04	1	0	1	0
           403	2024-05-21 12:09:06	1	0	1	0
           467	2024-05-21 12:09:51	1	0	1	0
           610	2024-05-21 12:09:59	1	0	1	0
           335	2024-05-21 12:10:11	1	0	1	0
           312	2024-05-21 12:10:20	1	0	1	0
           348	2024-05-21 12:10:49	1	0	1	0
            69	2024-05-21 12:10:53	1	0	1	0
           408	2024-05-21 12:11:15	1	0	1	0
           331	2024-05-21 12:12:40	1	0	1	0
           265	2024-05-21 12:12:49	1	0	1	0
           101	2024-05-21 12:13:13	1	0	1	0
           149	2024-05-21 12:14:59	1	0	1	0
           375	2024-05-21 12:16:10	1	0	1	0
           361	2024-05-21 12:16:20	1	0	1	0
           363	2024-05-21 12:16:24	1	0	1	0
           405	2024-05-21 12:16:31	1	0	1	0
           457	2024-05-21 12:16:41	1	0	1	0
           492	2024-05-21 12:16:45	1	0	1	0
           184	2024-05-21 12:16:50	1	0	1	0
           417	2024-05-21 12:16:56	1	0	1	0
            39	2024-05-21 12:17:02	1	0	1	0
           516	2024-05-21 12:17:09	1	0	1	0
           583	2024-05-21 12:17:14	1	0	1	0
            53	2024-05-21 12:17:22	1	0	1	0
            74	2024-05-21 12:17:39	1	0	1	0
            37	2024-05-21 12:17:49	1	0	1	0
           205	2024-05-21 12:18:02	1	0	1	0
           634	2024-05-21 12:18:41	1	0	1	0
           574	2024-05-21 12:19:51	1	0	1	0
           200	2024-05-21 12:19:56	1	0	1	0
            77	2024-05-21 12:21:18	1	0	1	0
           444	2024-05-21 12:21:32	1	0	1	0
           399	2024-05-21 12:22:39	1	0	1	0
           249	2024-05-21 12:22:44	1	0	1	0
           589	2024-05-21 12:24:46	1	0	1	0
           584	2024-05-21 12:24:49	1	0	1	0
            83	2024-05-21 12:24:55	1	0	1	0
           404	2024-05-21 12:25:01	1	0	1	0
           121	2024-05-21 12:25:04	1	0	15	0
           252	2024-05-21 12:25:42	1	0	15	0
           194	2024-05-21 12:26:12	1	0	1	0
           467	2024-05-21 12:27:10	1	0	1	0
           610	2024-05-21 12:27:18	1	0	1	0
           502	2024-05-21 12:27:59	1	0	1	0
           476	2024-05-21 12:28:06	1	0	1	0
           236	2024-05-21 12:28:36	1	0	1	0
            73	2024-05-21 12:29:26	1	0	1	0
           125	2024-05-21 12:30:24	1	0	1	0
           604	2024-05-21 12:30:27	1	0	1	0
           556	2024-05-21 12:30:32	1	0	1	0
            38	2024-05-21 12:31:20	1	0	1	0
           335	2024-05-21 12:31:55	1	0	1	0
            43	2024-05-21 12:33:10	1	0	1	0
           631	2024-05-21 12:33:28	1	0	1	0
           403	2024-05-21 12:33:36	1	0	1	0
           259	2024-05-21 12:33:45	1	0	1	0
           205	2024-05-21 12:33:59	1	0	1	0
            69	2024-05-21 12:34:48	1	0	1	0
           101	2024-05-21 12:35:06	1	0	1	0
           265	2024-05-21 12:35:40	1	0	1	0
           634	2024-05-21 12:35:50	1	0	1	0
           635	2024-05-21 12:36:17	1	0	1	0
           338	2024-05-21 12:38:09	1	0	1	0
           493	2024-05-21 12:39:06	1	0	1	0
           624	2024-05-21 12:39:47	1	0	1	0
           586	2024-05-21 12:39:52	1	0	1	0
           331	2024-05-21 12:41:27	1	0	1	0
           623	2024-05-21 12:41:40	1	0	1	0
           348	2024-05-21 12:42:36	1	0	1	0
           105	2024-05-21 12:43:14	1	0	15	0
            83	2024-05-21 12:45:04	1	0	1	0
           184	2024-05-21 12:45:11	1	0	1	0
           312	2024-05-21 12:45:44	1	0	1	0
           583	2024-05-21 12:47:19	1	0	1	0
           609	2024-05-21 12:47:50	1	0	1	0
           399	2024-05-21 12:48:29	1	0	1	0
           408	2024-05-21 12:48:45	1	0	1	0
           601	2024-05-21 12:48:48	1	0	1	0
           595	2024-05-21 12:48:52	1	0	1	0
           194	2024-05-21 12:50:06	1	0	1	0
           529	2024-05-21 12:50:21	1	0	1	0
           603	2024-05-21 12:50:25	1	0	1	0
           574	2024-05-21 12:50:30	1	0	1	0
           200	2024-05-21 12:50:48	1	0	1	0
           444	2024-05-21 12:50:55	1	0	1	0
           502	2024-05-21 12:51:59	1	0	1	0
           132	2024-05-21 12:53:06	1	0	1	0
           355	2024-05-21 12:55:16	1	0	1	0
           523	2024-05-21 12:55:20	1	0	1	0
           575	2024-05-21 12:55:40	1	0	1	0
           338	2024-05-21 12:57:20	1	0	1	0
           580	2024-05-21 12:58:14	1	0	1	0
           105	2024-05-21 12:58:32	1	0	15	0
           149	2024-05-21 12:58:42	1	0	1	0
           485	2024-05-21 13:00:44	1	0	1	0
           182	2024-05-21 13:03:30	1	0	1	0
           425	2024-05-21 13:06:06	1	0	1	0
           425	2024-05-21 13:32:11	1	0	1	0
           485	2024-05-21 13:32:47	1	0	1	0
           124	2024-05-21 13:53:57	1	0	15	0
           305	2024-05-21 14:01:12	1	0	1	0
           567	2024-05-21 14:39:24	1	0	1	0
           620	2024-05-21 15:00:08	1	0	1	0
            93	2024-05-21 16:01:12	1	0	1	0
           370	2024-05-21 16:02:54	1	0	15	0
           183	2024-05-21 16:11:32	1	0	1	0
           413	2024-05-21 16:14:11	1	0	4	0
           288	2024-05-21 16:37:32	1	0	1	0
           443	2024-05-21 17:00:03	1	0	1	0
           581	2024-05-21 17:00:10	1	0	1	0
           422	2024-05-21 17:00:17	1	0	1	0
           366	2024-05-21 17:00:27	1	0	15	0
           387	2024-05-21 17:00:34	1	0	15	0
           609	2024-05-21 17:00:39	1	0	1	0
           582	2024-05-21 17:00:45	1	0	1	0
            74	2024-05-21 17:00:58	1	0	1	0
           194	2024-05-21 17:01:08	1	0	1	0
            37	2024-05-21 17:01:13	1	0	1	0
            77	2024-05-21 17:01:21	1	0	1	0
           149	2024-05-21 17:01:27	1	0	1	0
           631	2024-05-21 17:01:35	1	0	1	0
           123	2024-05-21 17:01:44	1	0	1	0
           249	2024-05-21 17:02:11	1	0	1	0
           196	2024-05-21 17:02:17	1	0	1	0
           265	2024-05-21 17:02:28	1	0	1	0
           121	2024-05-21 17:02:34	1	0	1	0
           589	2024-05-21 17:02:41	1	0	1	0
           398	2024-05-21 17:02:45	1	0	1	0
           360	2024-05-21 17:02:54	1	0	1	0
           119	2024-05-21 17:03:03	1	0	15	0
           101	2024-05-21 17:03:08	1	0	1	0
           604	2024-05-21 17:03:17	1	0	1	0
           375	2024-05-21 17:03:25	1	0	1	0
            39	2024-05-21 17:03:35	1	0	1	0
           405	2024-05-21 17:03:41	1	0	1	0
           331	2024-05-21 17:03:47	1	0	1	0
           259	2024-05-21 17:03:54	1	0	1	0
           125	2024-05-21 17:04:02	1	0	1	0
           575	2024-05-21 17:04:10	1	0	1	0
           403	2024-05-21 17:04:32	1	0	1	0
           502	2024-05-21 17:04:58	1	0	1	0
           523	2024-05-21 17:05:08	1	0	1	0
           460	2024-05-21 17:05:14	1	0	1	0
           361	2024-05-21 17:05:24	1	0	1	0
           635	2024-05-21 17:05:48	1	0	1	0
           363	2024-05-21 17:05:56	1	0	1	0
           399	2024-05-21 17:06:04	1	0	1	0
           417	2024-05-21 17:06:23	1	0	1	0
           348	2024-05-21 17:06:37	1	0	1	0
           556	2024-05-21 17:06:42	1	0	1	0
           476	2024-05-21 17:07:37	1	0	1	0
           132	2024-05-21 17:07:47	1	0	1	0
           493	2024-05-21 17:07:54	1	0	1	0
           624	2024-05-21 17:07:59	1	0	1	0
           586	2024-05-21 17:08:04	1	0	1	0
            27	2024-05-21 17:08:18	1	0	15	0
           453	2024-05-21 17:09:17	1	0	1	0
           601	2024-05-21 17:09:24	1	0	1	0
           595	2024-05-21 17:09:29	1	0	1	0
           623	2024-05-21 17:09:35	1	0	1	0
           580	2024-05-21 17:09:40	1	0	1	0
           546	2024-05-21 17:10:08	1	0	1	0
           105	2024-05-21 17:10:56	1	0	15	0
           408	2024-05-21 17:11:04	1	0	1	0
           338	2024-05-21 17:11:47	1	0	1	0
            69	2024-05-21 17:13:06	1	0	1	0
           184	2024-05-21 17:13:57	1	0	15	0
           252	2024-05-21 17:14:03	1	0	15	0
            38	2024-05-21 17:16:03	1	0	1	0
           573	2024-05-21 17:16:40	1	0	1	0
           554	2024-05-21 17:17:16	1	0	1	0
           634	2024-05-21 17:18:07	1	0	1	0
           579	2024-05-21 17:19:34	1	0	1	0
           553	2024-05-21 17:19:38	1	0	1	0
           314	2024-05-21 17:19:45	1	0	1	0
           337	2024-05-21 17:19:49	1	0	1	0
            53	2024-05-21 17:20:46	1	0	1	0
            73	2024-05-21 17:23:35	1	0	1	0
           583	2024-05-21 17:23:49	1	0	1	0
           236	2024-05-21 17:24:43	1	0	1	0
            43	2024-05-21 17:27:31	1	0	1	0
           584	2024-05-21 17:30:21	1	0	1	0
           335	2024-05-21 17:34:21	1	0	1	0
           529	2024-05-21 17:36:01	1	0	15	0
           603	2024-05-21 17:36:07	1	0	1	0
           355	2024-05-21 17:43:02	1	0	1	0
           205	2024-05-21 17:51:26	1	0	1	0
           312	2024-05-21 17:54:23	1	0	1	0
           492	2024-05-21 17:55:42	1	0	1	0
           425	2024-05-21 18:04:02	1	0	1	0
           485	2024-05-21 18:04:21	1	0	1	0
           182	2024-05-21 18:05:04	1	0	1	0
            83	2024-05-21 18:06:48	1	0	1	0
           467	2024-05-21 18:07:41	1	0	1	0
           404	2024-05-21 18:11:03	1	0	1	0
           610	2024-05-21 18:21:00	1	0	1	0
            88	2024-05-21 18:59:21	1	0	1	0
           414	2024-05-21 19:03:29	1	0	1	0
           444	2024-05-21 19:19:55	1	0	1	0
           200	2024-05-21 19:19:59	1	0	1	0
           574	2024-05-21 19:20:07	1	0	1	0
           395	2024-05-21 19:45:47	1	0	1	0
           457	2024-05-21 20:40:43	1	0	1	0
           124	2024-05-21 22:02:45	1	0	15	0
           516	2024-05-21 22:10:23	1	0	1	0
           567	2024-05-21 23:01:59	1	0	1	0
           114	2024-05-22 05:47:50	1	0	1	0
           337	2024-05-22 06:03:51	1	0	1	0
           395	2024-05-22 06:09:59	1	0	1	0
           443	2024-05-22 06:24:00	1	0	1	0
           119	2024-05-22 06:30:06	1	0	15	0
           632	2024-05-22 06:30:17	1	0	1	0
           196	2024-05-22 06:30:23	1	0	1	0
           422	2024-05-22 06:32:35	1	0	1	0
           573	2024-05-22 06:36:41	1	0	1	0
           387	2024-05-22 06:38:27	1	0	15	0
            88	2024-05-22 06:43:46	1	0	1	0
            93	2024-05-22 06:46:00	1	0	1	0
           600	2024-05-22 06:46:45	1	0	1	0
           183	2024-05-22 06:46:58	1	0	1	0
           413	2024-05-22 06:47:07	1	0	1	0
           314	2024-05-22 06:49:11	1	0	1	0
           249	2024-05-22 06:51:37	1	0	1	0
           546	2024-05-22 06:53:10	1	0	1	0
           366	2024-05-22 06:55:11	1	0	1	0
           375	2024-05-22 06:56:56	1	0	1	0
           124	2024-05-22 06:58:26	1	0	15	0
           259	2024-05-22 07:02:21	1	0	1	0
           631	2024-05-22 07:03:05	1	0	1	0
           370	2024-05-22 07:05:01	1	0	15	0
           582	2024-05-22 07:06:40	1	0	1	0
           184	2024-05-22 07:08:51	1	0	1	0
           460	2024-05-22 07:08:56	1	0	1	0
           566	2024-05-22 07:08:58	1	0	1	0
           581	2024-05-22 07:09:36	1	0	1	0
            77	2024-05-22 07:09:46	1	0	1	0
           123	2024-05-22 07:11:40	1	0	1	0
           595	2024-05-22 07:16:24	1	0	1	0
           149	2024-05-22 07:18:32	1	0	1	0
           601	2024-05-22 07:21:34	1	0	1	0
           584	2024-05-22 07:21:39	1	0	1	0
           288	2024-05-22 07:21:57	1	0	1	0
           194	2024-05-22 07:22:02	1	0	1	0
           634	2024-05-22 07:22:50	1	0	1	0
            37	2024-05-22 07:26:19	1	0	1	0
           252	2024-05-22 07:26:56	1	0	15	0
           556	2024-05-22 07:27:02	1	0	1	0
           553	2024-05-22 07:27:40	1	0	1	0
            38	2024-05-22 07:27:53	1	0	1	0
            73	2024-05-22 07:28:13	1	0	1	0
           360	2024-05-22 07:30:00	1	0	1	0
           476	2024-05-22 07:30:18	1	0	1	0
           493	2024-05-22 07:30:51	1	0	1	0
           457	2024-05-22 07:31:02	1	0	1	0
           579	2024-05-22 07:31:38	1	0	1	0
           624	2024-05-22 07:32:06	1	0	1	0
           132	2024-05-22 07:32:28	1	0	1	0
           115	2024-05-22 07:33:14	1	0	1	0
           101	2024-05-22 07:33:25	1	0	1	0
           511	2024-05-22 07:34:40	1	0	1	0
           444	2024-05-22 07:34:48	1	0	1	0
           338	2024-05-22 07:35:11	1	0	1	0
            53	2024-05-22 07:35:59	1	0	1	0
           492	2024-05-22 07:37:49	1	0	1	0
           355	2024-05-22 07:37:56	1	0	1	0
           417	2024-05-22 07:40:31	1	0	15	0
            83	2024-05-22 07:42:46	1	0	1	0
           502	2024-05-22 07:42:53	1	0	1	0
           265	2024-05-22 07:44:06	1	0	1	0
           516	2024-05-22 07:44:16	1	0	1	0
           554	2024-05-22 07:44:22	1	0	1	0
           348	2024-05-22 07:44:44	1	0	15	0
            27	2024-05-22 07:44:50	1	0	15	0
           453	2024-05-22 07:45:01	1	0	15	0
            74	2024-05-22 07:45:35	1	0	1	0
            69	2024-05-22 07:47:39	1	0	1	0
           610	2024-05-22 07:48:26	1	0	1	0
           635	2024-05-22 07:48:33	1	0	1	0
           105	2024-05-22 07:48:53	1	0	15	0
           404	2024-05-22 07:49:46	1	0	1	0
           586	2024-05-22 07:49:51	1	0	1	0
           335	2024-05-22 07:50:09	1	0	1	0
           182	2024-05-22 07:50:15	1	0	1	0
           236	2024-05-22 07:50:37	1	0	1	0
           399	2024-05-22 07:54:16	1	0	1	0
           467	2024-05-22 07:54:23	1	0	1	0
           414	2024-05-22 07:54:40	1	0	1	0
           408	2024-05-22 07:56:13	1	0	1	0
           604	2024-05-22 07:56:54	1	0	1	0
           609	2024-05-22 07:57:29	1	0	1	0
           331	2024-05-22 07:57:58	1	0	1	0
           361	2024-05-22 07:58:36	1	0	1	0
           589	2024-05-22 07:58:45	1	0	1	0
           312	2024-05-22 08:00:23	1	0	1	0
           623	2024-05-22 08:00:25	1	0	1	0
           574	2024-05-22 08:00:32	1	0	1	0
           541	2024-05-22 08:00:43	1	0	1	0
           125	2024-05-22 08:00:57	1	0	1	0
           580	2024-05-22 08:02:05	1	0	1	0
           363	2024-05-22 08:02:24	1	0	1	0
           575	2024-05-22 08:02:59	1	0	1	0
           529	2024-05-22 08:04:59	1	0	15	0
           603	2024-05-22 08:05:03	1	0	1	0
           403	2024-05-22 08:05:15	1	0	1	0
           205	2024-05-22 08:15:31	1	0	1	0
           206	2024-05-22 08:24:46	1	0	1	0
           583	2024-05-22 08:32:57	1	0	1	0
           425	2024-05-22 08:41:23	1	0	1	0
           405	2024-05-22 08:49:38	1	0	1	0
           485	2024-05-22 08:52:14	1	0	1	0
            87	2024-05-22 08:58:34	1	0	1	0
           460	2024-05-22 11:02:33	1	0	1	0
           413	2024-05-22 11:12:36	1	0	4	0
            88	2024-05-22 11:17:49	1	0	1	0
           288	2024-05-22 11:17:56	1	0	1	0
            93	2024-05-22 11:18:03	1	0	1	0
           183	2024-05-22 11:20:24	1	0	1	0
           460	2024-05-22 11:24:19	1	0	1	0
           632	2024-05-22 11:30:17	1	0	1	0
           387	2024-05-22 11:30:23	1	0	15	0
           422	2024-05-22 11:30:34	1	0	1	0
           360	2024-05-22 11:30:50	1	0	1	0
           600	2024-05-22 11:32:31	1	0	1	0
           582	2024-05-22 11:32:36	1	0	1	0
           196	2024-05-22 11:32:48	1	0	1	0
           443	2024-05-22 11:32:56	1	0	1	0
           566	2024-05-22 11:34:03	1	0	1	0
           123	2024-05-22 11:34:08	1	0	1	0
           366	2024-05-22 11:34:57	1	0	15	0
           119	2024-05-22 11:35:07	1	0	15	0
           581	2024-05-22 11:35:12	1	0	1	0
           288	2024-05-22 11:42:18	1	0	1	0
            88	2024-05-22 11:42:36	1	0	15	0
            93	2024-05-22 11:42:44	1	0	1	0
           183	2024-05-22 11:49:00	1	0	1	0
           413	2024-05-22 11:49:30	1	0	4	0
           337	2024-05-22 11:52:51	1	0	1	0
           546	2024-05-22 11:52:55	1	0	1	0
           573	2024-05-22 11:53:01	1	0	1	0
           579	2024-05-22 11:53:06	1	0	1	0
           314	2024-05-22 11:55:40	1	0	1	0
           360	2024-05-22 11:57:07	1	0	1	0
           366	2024-05-22 11:57:42	1	0	1	0
           123	2024-05-22 11:59:09	1	0	15	0
           600	2024-05-22 11:59:22	1	0	1	0
           196	2024-05-22 12:00:04	1	0	1	0
           422	2024-05-22 12:00:09	1	0	1	0
           387	2024-05-22 12:00:14	1	0	15	0
           582	2024-05-22 12:00:20	1	0	1	0
            53	2024-05-22 12:00:28	1	0	1	0
           566	2024-05-22 12:00:32	1	0	1	0
           404	2024-05-22 12:00:38	1	0	1	0
           623	2024-05-22 12:00:44	1	0	1	0
           511	2024-05-22 12:00:48	1	0	1	0
           443	2024-05-22 12:01:01	1	0	1	0
            37	2024-05-22 12:01:16	1	0	1	0
           119	2024-05-22 12:01:27	1	0	15	0
            69	2024-05-22 12:01:32	1	0	1	0
           259	2024-05-22 12:01:46	1	0	1	0
           149	2024-05-22 12:02:00	1	0	1	0
           601	2024-05-22 12:02:25	1	0	1	0
           584	2024-05-22 12:02:27	1	0	1	0
           595	2024-05-22 12:02:30	1	0	1	0
           493	2024-05-22 12:02:35	1	0	1	0
           631	2024-05-22 12:02:42	1	0	1	0
           635	2024-05-22 12:02:47	1	0	1	0
            74	2024-05-22 12:03:06	1	0	1	0
           121	2024-05-22 12:03:21	1	0	1	0
           249	2024-05-22 12:03:34	1	0	1	0
           589	2024-05-22 12:03:43	1	0	1	0
           476	2024-05-22 12:03:47	1	0	1	0
           624	2024-05-22 12:04:02	1	0	1	0
           265	2024-05-22 12:04:23	1	0	1	0
            77	2024-05-22 12:04:35	1	0	1	0
           604	2024-05-22 12:04:43	1	0	1	0
           125	2024-05-22 12:04:50	1	0	1	0
           575	2024-05-22 12:04:56	1	0	1	0
            38	2024-05-22 12:05:02	1	0	1	0
           529	2024-05-22 12:05:08	1	0	15	0
           603	2024-05-22 12:05:14	1	0	1	0
           634	2024-05-22 12:05:23	1	0	1	0
           586	2024-05-22 12:05:29	1	0	1	0
           403	2024-05-22 12:06:00	1	0	1	0
           184	2024-05-22 12:07:32	1	0	1	0
           546	2024-05-22 12:08:03	1	0	1	0
           337	2024-05-22 12:08:13	1	0	1	0
           610	2024-05-22 12:08:21	1	0	1	0
           467	2024-05-22 12:08:24	1	0	1	0
           579	2024-05-22 12:08:33	1	0	1	0
           573	2024-05-22 12:08:42	1	0	1	0
           338	2024-05-22 12:09:19	1	0	1	0
            73	2024-05-22 12:09:41	1	0	1	0
           205	2024-05-22 12:09:51	1	0	1	0
           583	2024-05-22 12:10:26	1	0	1	0
            83	2024-05-22 12:11:11	1	0	1	0
           314	2024-05-22 12:11:18	1	0	1	0
           556	2024-05-22 12:11:26	1	0	1	0
           101	2024-05-22 12:11:45	1	0	1	0
           331	2024-05-22 12:12:54	1	0	1	0
           457	2024-05-22 12:13:17	1	0	1	0
           492	2024-05-22 12:13:27	1	0	1	0
           516	2024-05-22 12:13:41	1	0	1	0
           355	2024-05-22 12:13:53	1	0	1	0
           414	2024-05-22 12:14:23	1	0	1	0
           541	2024-05-22 12:14:39	1	0	1	0
           408	2024-05-22 12:14:42	1	0	1	0
           114	2024-05-22 12:14:58	1	0	1	0
           580	2024-05-22 12:15:31	1	0	1	0
           252	2024-05-22 12:15:37	1	0	15	0
           574	2024-05-22 12:16:10	1	0	1	0
            53	2024-05-22 12:16:24	1	0	1	0
           404	2024-05-22 12:16:37	1	0	1	0
            37	2024-05-22 12:17:12	1	0	1	0
            69	2024-05-22 12:17:17	1	0	1	0
           236	2024-05-22 12:17:34	1	0	1	0
           348	2024-05-22 12:18:23	1	0	1	0
           335	2024-05-22 12:18:35	1	0	1	0
            27	2024-05-22 12:19:09	1	0	15	0
           511	2024-05-22 12:19:17	1	0	1	0
           453	2024-05-22 12:19:24	1	0	1	0
            74	2024-05-22 12:19:35	1	0	1	0
           609	2024-05-22 12:21:23	1	0	1	0
           121	2024-05-22 12:21:36	1	0	1	0
           589	2024-05-22 12:21:40	1	0	1	0
           249	2024-05-22 12:21:43	1	0	1	0
           417	2024-05-22 12:22:08	1	0	15	0
           375	2024-05-22 12:22:26	1	0	1	0
           405	2024-05-22 12:22:33	1	0	1	0
            38	2024-05-22 12:22:40	1	0	1	0
           634	2024-05-22 12:22:51	1	0	1	0
           467	2024-05-22 12:23:53	1	0	1	0
           610	2024-05-22 12:23:58	1	0	1	0
           105	2024-05-22 12:25:59	1	0	15	0
           259	2024-05-22 12:26:40	1	0	1	0
           601	2024-05-22 12:26:53	1	0	1	0
           584	2024-05-22 12:26:55	1	0	1	0
           595	2024-05-22 12:27:01	1	0	1	0
           493	2024-05-22 12:27:04	1	0	1	0
           476	2024-05-22 12:28:20	1	0	1	0
           624	2024-05-22 12:28:30	1	0	1	0
           502	2024-05-22 12:28:49	1	0	1	0
           586	2024-05-22 12:28:59	1	0	1	0
           541	2024-05-22 12:29:41	1	0	1	0
            73	2024-05-22 12:31:28	1	0	1	0
           580	2024-05-22 12:31:37	1	0	1	0
           631	2024-05-22 12:32:41	1	0	1	0
           252	2024-05-22 12:34:15	1	0	15	0
           492	2024-05-22 12:35:51	1	0	1	0
           516	2024-05-22 12:36:03	1	0	1	0
           457	2024-05-22 12:36:22	1	0	15	0
           114	2024-05-22 12:36:30	1	0	1	0
           348	2024-05-22 12:36:39	1	0	1	0
           583	2024-05-22 12:36:45	1	0	1	0
           335	2024-05-22 12:36:50	1	0	1	0
           403	2024-05-22 12:36:55	1	0	1	0
           101	2024-05-22 12:37:42	1	0	1	0
           604	2024-05-22 12:38:19	1	0	1	0
           125	2024-05-22 12:38:27	1	0	1	0
           265	2024-05-22 12:39:06	1	0	1	0
            77	2024-05-22 12:39:10	1	0	1	0
           635	2024-05-22 12:39:15	1	0	1	0
           444	2024-05-22 12:39:21	1	0	1	0
           194	2024-05-22 12:39:28	1	0	1	0
           200	2024-05-22 12:39:32	1	0	1	0
           556	2024-05-22 12:39:37	1	0	1	0
           375	2024-05-22 12:42:40	1	0	1	0
           405	2024-05-22 12:42:48	1	0	1	0
           417	2024-05-22 12:43:00	1	0	15	0
           574	2024-05-22 12:43:07	1	0	1	0
           363	2024-05-22 12:43:20	1	0	1	0
            83	2024-05-22 12:45:17	1	0	1	0
           331	2024-05-22 12:46:17	1	0	1	0
           361	2024-05-22 12:46:42	1	0	1	0
           205	2024-05-22 12:47:31	1	0	1	0
           502	2024-05-22 12:49:19	1	0	1	0
           575	2024-05-22 12:51:13	1	0	1	0
            27	2024-05-22 12:51:59	1	0	15	0
           453	2024-05-22 12:52:07	1	0	1	0
           408	2024-05-22 12:53:10	1	0	1	0
           338	2024-05-22 12:53:14	1	0	1	0
           355	2024-05-22 12:53:25	1	0	1	0
           603	2024-05-22 12:54:12	1	0	1	0
           529	2024-05-22 12:54:16	1	0	15	0
           149	2024-05-22 12:54:58	1	0	1	0
           105	2024-05-22 12:55:17	1	0	15	0
           184	2024-05-22 12:55:52	1	0	1	0
           609	2024-05-22 12:56:33	1	0	1	0
           444	2024-05-22 12:57:15	1	0	1	0
           200	2024-05-22 12:57:24	1	0	1	0
           194	2024-05-22 12:57:49	1	0	1	0
           236	2024-05-22 12:59:41	1	0	1	0
           485	2024-05-22 13:03:38	1	0	1	0
           425	2024-05-22 13:03:47	1	0	1	0
           206	2024-05-22 13:12:16	1	0	1	0
           182	2024-05-22 13:12:22	1	0	1	0
           425	2024-05-22 13:30:17	1	0	1	0
           567	2024-05-22 13:38:24	1	0	1	0
           206	2024-05-22 13:40:03	1	0	1	0
           182	2024-05-22 13:40:09	1	0	1	0
           485	2024-05-22 13:51:58	1	0	1	0
           124	2024-05-22 15:00:13	1	0	15	0
           288	2024-05-22 16:01:17	1	0	1	0
            93	2024-05-22 16:04:32	1	0	1	0
           370	2024-05-22 16:04:40	1	0	15	0
           183	2024-05-22 16:30:12	1	0	1	0
           460	2024-05-22 16:33:26	1	0	1	0
            88	2024-05-22 16:44:29	1	0	1	0
           184	2024-05-22 17:00:04	1	0	1	0
            83	2024-05-22 17:00:11	1	0	1	0
           581	2024-05-22 17:00:19	1	0	1	0
           600	2024-05-22 17:00:24	1	0	1	0
           375	2024-05-22 17:00:30	1	0	1	0
           265	2024-05-22 17:00:42	1	0	1	0
           609	2024-05-22 17:00:47	1	0	1	0
           405	2024-05-22 17:00:52	1	0	1	0
           417	2024-05-22 17:00:58	1	0	15	0
            37	2024-05-22 17:01:12	1	0	1	0
           387	2024-05-22 17:01:21	1	0	15	0
           566	2024-05-22 17:01:27	1	0	1	0
           422	2024-05-22 17:01:32	1	0	1	0
           457	2024-05-22 17:01:41	1	0	1	0
           149	2024-05-22 17:01:47	1	0	1	0
           366	2024-05-22 17:01:52	1	0	1	0
           511	2024-05-22 17:01:55	1	0	1	0
           634	2024-05-22 17:01:59	1	0	1	0
           236	2024-05-22 17:02:08	1	0	1	0
           582	2024-05-22 17:02:12	1	0	1	0
            77	2024-05-22 17:02:18	1	0	1	0
           631	2024-05-22 17:02:40	1	0	1	0
           196	2024-05-22 17:02:46	1	0	1	0
           115	2024-05-22 17:02:57	1	0	1	0
           395	2024-05-22 17:03:04	1	0	1	0
           595	2024-05-22 17:03:13	1	0	1	0
           601	2024-05-22 17:03:17	1	0	1	0
           259	2024-05-22 17:03:25	1	0	1	0
           443	2024-05-22 17:03:30	1	0	1	0
           363	2024-05-22 17:03:39	1	0	1	0
           580	2024-05-22 17:04:02	1	0	1	0
           119	2024-05-22 17:04:16	1	0	15	0
           361	2024-05-22 17:04:25	1	0	1	0
           348	2024-05-22 17:04:37	1	0	1	0
           604	2024-05-22 17:04:45	1	0	1	0
           125	2024-05-22 17:04:52	1	0	1	0
           360	2024-05-22 17:05:05	1	0	1	0
           123	2024-05-22 17:05:11	1	0	1	0
           635	2024-05-22 17:05:18	1	0	1	0
           493	2024-05-22 17:05:23	1	0	1	0
           105	2024-05-22 17:05:36	1	0	15	0
           556	2024-05-22 17:06:03	1	0	1	0
           403	2024-05-22 17:06:10	1	0	1	0
           583	2024-05-22 17:06:17	1	0	1	0
           252	2024-05-22 17:06:44	1	0	15	0
           586	2024-05-22 17:06:58	1	0	1	0
           337	2024-05-22 17:07:09	1	0	1	0
           573	2024-05-22 17:07:14	1	0	1	0
           314	2024-05-22 17:07:20	1	0	1	0
           579	2024-05-22 17:07:24	1	0	1	0
           554	2024-05-22 17:07:30	1	0	1	0
           584	2024-05-22 17:07:42	1	0	1	0
           121	2024-05-22 17:08:12	1	0	1	0
           575	2024-05-22 17:08:17	1	0	1	0
           249	2024-05-22 17:08:31	1	0	1	0
            27	2024-05-22 17:08:40	1	0	15	0
           453	2024-05-22 17:08:49	1	0	1	0
           624	2024-05-22 17:08:57	1	0	1	0
           623	2024-05-22 17:09:03	1	0	1	0
           476	2024-05-22 17:09:11	1	0	1	0
           589	2024-05-22 17:09:18	1	0	1	0
           101	2024-05-22 17:10:08	1	0	1	0
           408	2024-05-22 17:10:23	1	0	1	0
           194	2024-05-22 17:11:05	1	0	1	0
            69	2024-05-22 17:12:36	1	0	1	0
            38	2024-05-22 17:13:36	1	0	1	0
           355	2024-05-22 17:13:46	1	0	1	0
           312	2024-05-22 17:15:25	1	0	1	0
           404	2024-05-22 17:15:39	1	0	1	0
            73	2024-05-22 17:15:54	1	0	1	0
           413	2024-05-22 17:18:58	1	0	4	0
            74	2024-05-22 17:23:05	1	0	1	0
           467	2024-05-22 17:33:43	1	0	1	0
           205	2024-05-22 17:42:06	1	0	1	0
           331	2024-05-22 17:42:37	1	0	1	0
           335	2024-05-22 17:56:05	1	0	1	0
           502	2024-05-22 17:57:19	1	0	1	0
           529	2024-05-22 17:59:32	1	0	1	0
           603	2024-05-22 17:59:38	1	0	1	0
           485	2024-05-22 18:00:25	1	0	1	0
           425	2024-05-22 18:00:39	1	0	1	0
            87	2024-05-22 18:03:22	1	0	1	0
           182	2024-05-22 18:04:00	1	0	15	0
           206	2024-05-22 18:04:08	1	0	1	0
           492	2024-05-22 18:12:16	1	0	1	0
           114	2024-05-22 18:38:02	1	0	1	0
            53	2024-05-22 18:46:58	1	0	1	0
           541	2024-05-22 19:01:36	1	0	1	0
           574	2024-05-22 19:10:53	1	0	1	0
           620	2024-05-22 20:14:40	1	0	1	0
           610	2024-05-22 20:31:30	1	0	1	0
           200	2024-05-22 20:59:47	1	0	1	0
           444	2024-05-22 21:00:21	1	0	1	0
           516	2024-05-22 21:06:46	1	0	1	0
           567	2024-05-22 22:01:00	1	0	1	0
           418	2024-05-22 22:18:14	1	0	1	0
           337	2024-05-23 06:01:12	1	0	1	0
           620	2024-05-23 06:02:18	1	0	1	0
           124	2024-05-23 06:11:05	1	0	15	0
           395	2024-05-23 06:13:16	1	0	1	0
           196	2024-05-23 06:20:27	1	0	1	0
           119	2024-05-23 06:20:34	1	0	15	0
           632	2024-05-23 06:20:44	1	0	1	0
            88	2024-05-23 06:34:56	1	0	15	0
           443	2024-05-23 06:35:34	1	0	1	0
           422	2024-05-23 06:36:31	1	0	1	0
           387	2024-05-23 06:37:14	1	0	15	0
           413	2024-05-23 06:40:02	1	0	1	0
           567	2024-05-23 06:40:50	1	0	1	0
           600	2024-05-23 06:41:35	1	0	1	0
           288	2024-05-23 06:45:33	1	0	1	0
            93	2024-05-23 06:53:09	1	0	15	0
           366	2024-05-23 06:54:15	1	0	1	0
            74	2024-05-23 06:55:55	1	0	1	0
           314	2024-05-23 06:56:00	1	0	1	0
           418	2024-05-23 06:57:29	1	0	1	0
           398	2024-05-23 06:59:16	1	0	1	0
           460	2024-05-23 06:59:21	1	0	1	0
           183	2024-05-23 06:59:53	1	0	1	0
           259	2024-05-23 07:00:01	1	0	1	0
           582	2024-05-23 07:02:16	1	0	1	0
           370	2024-05-23 07:03:00	1	0	15	0
           149	2024-05-23 07:04:55	1	0	1	0
           581	2024-05-23 07:07:31	1	0	1	0
           566	2024-05-23 07:07:37	1	0	1	0
           417	2024-05-23 07:08:23	1	0	15	0
            77	2024-05-23 07:08:34	1	0	1	0
           546	2024-05-23 07:09:22	1	0	1	0
           631	2024-05-23 07:11:16	1	0	1	0
           624	2024-05-23 07:13:33	1	0	1	0
           123	2024-05-23 07:16:04	1	0	1	0
           360	2024-05-23 07:20:59	1	0	1	0
           492	2024-05-23 07:21:25	1	0	1	0
           114	2024-05-23 07:23:20	1	0	1	0
           397	2024-05-23 07:24:32	1	0	1	0
            37	2024-05-23 07:24:41	1	0	1	0
           573	2024-05-23 07:24:48	1	0	1	0
           634	2024-05-23 07:24:58	1	0	1	0
           348	2024-05-23 07:25:16	1	0	15	0
            27	2024-05-23 07:25:21	1	0	15	0
           453	2024-05-23 07:25:28	1	0	15	0
           601	2024-05-23 07:25:41	1	0	1	0
           252	2024-05-23 07:26:45	1	0	15	0
           584	2024-05-23 07:27:58	1	0	1	0
           457	2024-05-23 07:28:27	1	0	1	0
           579	2024-05-23 07:28:52	1	0	1	0
           444	2024-05-23 07:29:10	1	0	1	0
           476	2024-05-23 07:29:33	1	0	1	0
           603	2024-05-23 07:29:39	1	0	1	0
           115	2024-05-23 07:30:20	1	0	1	0
           529	2024-05-23 07:30:30	1	0	1	0
           554	2024-05-23 07:33:39	1	0	1	0
           132	2024-05-23 07:34:30	1	0	1	0
            38	2024-05-23 07:34:51	1	0	1	0
            73	2024-05-23 07:35:00	1	0	1	0
           338	2024-05-23 07:35:28	1	0	1	0
           101	2024-05-23 07:39:27	1	0	1	0
           355	2024-05-23 07:39:54	1	0	1	0
           335	2024-05-23 07:40:00	1	0	1	0
           361	2024-05-23 07:40:47	1	0	1	0
           200	2024-05-23 07:42:22	1	0	1	0
           574	2024-05-23 07:43:42	1	0	1	0
           589	2024-05-23 07:43:50	1	0	1	0
           265	2024-05-23 07:45:27	1	0	1	0
           595	2024-05-23 07:46:35	1	0	1	0
           403	2024-05-23 07:47:49	1	0	1	0
           610	2024-05-23 07:48:03	1	0	1	0
           146	2024-05-23 07:49:34	1	0	15	0
           184	2024-05-23 07:49:38	1	0	1	0
           502	2024-05-23 07:49:43	1	0	1	0
           465	2024-05-23 07:50:09	1	0	1	0
            75	2024-05-23 07:50:14	1	0	1	0
           467	2024-05-23 07:51:09	1	0	1	0
            53	2024-05-23 07:51:17	1	0	1	0
           105	2024-05-23 07:52:07	1	0	15	0
            69	2024-05-23 07:52:25	1	0	1	0
           623	2024-05-23 07:52:30	1	0	1	0
           604	2024-05-23 07:52:40	1	0	1	0
           404	2024-05-23 07:52:58	1	0	1	0
           194	2024-05-23 07:53:08	1	0	1	0
           516	2024-05-23 07:53:28	1	0	1	0
           493	2024-05-23 07:53:34	1	0	1	0
           553	2024-05-23 07:53:47	1	0	1	0
           575	2024-05-23 07:54:20	1	0	1	0
           583	2024-05-23 07:57:08	1	0	1	0
           236	2024-05-23 07:57:17	1	0	1	0
           399	2024-05-23 07:57:25	1	0	1	0
           586	2024-05-23 07:57:34	1	0	1	0
           541	2024-05-23 07:57:54	1	0	1	0
           635	2024-05-23 07:57:58	1	0	1	0
           556	2024-05-23 07:58:04	1	0	1	0
           580	2024-05-23 07:59:21	1	0	1	0
           593	2024-05-23 07:59:50	1	0	1	0
           408	2024-05-23 08:02:51	1	0	1	0
           609	2024-05-23 08:04:58	1	0	1	0
           125	2024-05-23 08:05:03	1	0	1	0
           205	2024-05-23 08:08:56	1	0	1	0
           511	2024-05-23 08:10:01	1	0	1	0
           249	2024-05-23 08:14:54	1	0	1	0
           312	2024-05-23 08:16:12	1	0	1	0
           425	2024-05-23 08:26:51	1	0	1	0
           275	2024-05-23 08:50:10	1	0	1	0
           206	2024-05-23 08:50:29	1	0	1	0
           182	2024-05-23 08:52:59	1	0	1	0
           363	2024-05-23 09:17:55	1	0	1	0
           460	2024-05-23 11:03:29	1	0	1	0
           183	2024-05-23 11:08:16	1	0	1	0
            88	2024-05-23 11:11:03	1	0	1	0
           288	2024-05-23 11:11:09	1	0	1	0
            93	2024-05-23 11:11:14	1	0	1	0
           460	2024-05-23 11:26:16	1	0	1	0
           288	2024-05-23 11:27:10	1	0	1	0
            93	2024-05-23 11:27:19	1	0	1	0
            88	2024-05-23 11:28:13	1	0	1	0
           360	2024-05-23 11:30:08	1	0	1	0
           387	2024-05-23 11:30:15	1	0	15	0
           582	2024-05-23 11:30:26	1	0	1	0
           566	2024-05-23 11:30:37	1	0	15	0
           632	2024-05-23 11:30:45	1	0	1	0
           123	2024-05-23 11:31:07	1	0	1	0
           600	2024-05-23 11:31:12	1	0	1	0
           119	2024-05-23 11:31:21	1	0	15	0
           366	2024-05-23 11:31:33	1	0	15	0
           422	2024-05-23 11:33:47	1	0	1	0
           581	2024-05-23 11:33:51	1	0	1	0
           196	2024-05-23 11:35:59	1	0	1	0
           370	2024-05-23 11:37:38	1	0	15	0
           183	2024-05-23 11:40:23	1	0	1	0
           413	2024-05-23 11:41:59	1	0	4	0
           443	2024-05-23 11:42:06	1	0	1	0
           546	2024-05-23 11:46:05	1	0	1	0
           115	2024-05-23 11:46:13	1	0	1	0
           337	2024-05-23 11:46:20	1	0	1	0
           314	2024-05-23 11:52:08	1	0	1	0
           579	2024-05-23 11:52:22	1	0	1	0
           573	2024-05-23 11:52:35	1	0	1	0
           370	2024-05-23 11:55:28	1	0	15	0
           366	2024-05-23 11:58:17	1	0	1	0
           600	2024-05-23 11:58:23	1	0	1	0
           123	2024-05-23 11:58:26	1	0	15	0
           413	2024-05-23 11:59:34	1	0	4	0
           443	2024-05-23 11:59:52	1	0	1	0
           397	2024-05-23 12:00:04	1	0	1	0
           387	2024-05-23 12:00:11	1	0	15	0
           422	2024-05-23 12:00:19	1	0	1	0
           582	2024-05-23 12:00:24	1	0	1	0
           196	2024-05-23 12:00:32	1	0	1	0
           604	2024-05-23 12:01:05	1	0	1	0
           125	2024-05-23 12:01:08	1	0	1	0
           149	2024-05-23 12:01:15	1	0	1	0
            69	2024-05-23 12:01:21	1	0	1	0
            53	2024-05-23 12:01:26	1	0	1	0
           404	2024-05-23 12:01:31	1	0	1	0
           265	2024-05-23 12:01:36	1	0	1	0
           115	2024-05-23 12:01:45	1	0	1	0
            37	2024-05-23 12:01:59	1	0	1	0
           595	2024-05-23 12:02:04	1	0	1	0
           546	2024-05-23 12:02:08	1	0	1	0
           601	2024-05-23 12:02:10	1	0	1	0
           337	2024-05-23 12:02:16	1	0	1	0
            77	2024-05-23 12:02:21	1	0	1	0
           623	2024-05-23 12:02:26	1	0	1	0
           511	2024-05-23 12:02:31	1	0	1	0
           556	2024-05-23 12:02:39	1	0	1	0
           119	2024-05-23 12:02:48	1	0	15	0
           584	2024-05-23 12:02:52	1	0	1	0
           631	2024-05-23 12:03:02	1	0	1	0
           132	2024-05-23 12:03:07	1	0	1	0
           634	2024-05-23 12:03:31	1	0	1	0
           312	2024-05-23 12:03:40	1	0	1	0
            38	2024-05-23 12:03:47	1	0	1	0
           414	2024-05-23 12:04:14	1	0	1	0
           609	2024-05-23 12:05:08	1	0	1	0
           259	2024-05-23 12:05:15	1	0	1	0
           493	2024-05-23 12:05:38	1	0	1	0
           583	2024-05-23 12:05:51	1	0	1	0
           603	2024-05-23 12:06:26	1	0	1	0
           529	2024-05-23 12:06:29	1	0	1	0
           252	2024-05-23 12:06:37	1	0	15	0
           417	2024-05-23 12:07:03	1	0	1	0
            75	2024-05-23 12:07:20	1	0	1	0
           146	2024-05-23 12:07:27	1	0	15	0
           205	2024-05-23 12:07:41	1	0	1	0
           581	2024-05-23 12:07:50	1	0	1	0
           516	2024-05-23 12:08:00	1	0	1	0
           184	2024-05-23 12:08:04	1	0	1	0
           355	2024-05-23 12:08:09	1	0	1	0
           610	2024-05-23 12:08:22	1	0	1	0
           403	2024-05-23 12:08:29	1	0	1	0
           579	2024-05-23 12:08:41	1	0	1	0
           467	2024-05-23 12:08:48	1	0	1	0
           314	2024-05-23 12:08:53	1	0	1	0
           573	2024-05-23 12:08:56	1	0	1	0
           101	2024-05-23 12:10:10	1	0	1	0
           541	2024-05-23 12:11:00	1	0	1	0
           114	2024-05-23 12:11:07	1	0	1	0
           589	2024-05-23 12:11:25	1	0	1	0
           121	2024-05-23 12:11:32	1	0	1	0
            74	2024-05-23 12:11:50	1	0	1	0
           575	2024-05-23 12:12:43	1	0	1	0
           335	2024-05-23 12:12:58	1	0	1	0
           200	2024-05-23 12:13:23	1	0	1	0
           465	2024-05-23 12:15:02	1	0	1	0
           476	2024-05-23 12:15:21	1	0	1	0
           624	2024-05-23 12:15:25	1	0	1	0
           586	2024-05-23 12:15:36	1	0	1	0
            73	2024-05-23 12:16:25	1	0	1	0
            37	2024-05-23 12:17:14	1	0	1	0
           635	2024-05-23 12:17:34	1	0	1	0
           511	2024-05-23 12:19:01	1	0	1	0
           404	2024-05-23 12:19:08	1	0	1	0
           580	2024-05-23 12:20:03	1	0	1	0
            38	2024-05-23 12:20:25	1	0	1	0
           574	2024-05-23 12:20:29	1	0	1	0
           399	2024-05-23 12:20:37	1	0	1	0
           634	2024-05-23 12:20:47	1	0	1	0
           252	2024-05-23 12:22:35	1	0	15	0
           623	2024-05-23 12:22:49	1	0	1	0
           363	2024-05-23 12:23:08	1	0	1	0
           361	2024-05-23 12:23:15	1	0	1	0
           516	2024-05-23 12:23:23	1	0	1	0
           205	2024-05-23 12:23:30	1	0	1	0
           348	2024-05-23 12:24:33	1	0	1	0
           249	2024-05-23 12:24:40	1	0	1	0
           631	2024-05-23 12:25:01	1	0	1	0
           584	2024-05-23 12:25:37	1	0	1	0
           467	2024-05-23 12:25:49	1	0	1	0
           610	2024-05-23 12:25:55	1	0	1	0
           121	2024-05-23 12:27:15	1	0	1	0
           114	2024-05-23 12:29:30	1	0	1	0
           541	2024-05-23 12:29:33	1	0	1	0
           583	2024-05-23 12:31:02	1	0	1	0
           589	2024-05-23 12:32:45	1	0	1	0
           265	2024-05-23 12:33:26	1	0	1	0
            77	2024-05-23 12:33:39	1	0	1	0
            73	2024-05-23 12:33:49	1	0	1	0
           414	2024-05-23 12:33:55	1	0	1	0
           604	2024-05-23 12:34:04	1	0	1	0
           125	2024-05-23 12:34:10	1	0	1	0
           417	2024-05-23 12:34:19	1	0	15	0
           101	2024-05-23 12:34:26	1	0	1	0
           609	2024-05-23 12:36:01	1	0	1	0
           476	2024-05-23 12:36:16	1	0	1	0
           399	2024-05-23 12:36:23	1	0	1	0
            27	2024-05-23 12:36:37	1	0	15	0
           453	2024-05-23 12:36:45	1	0	15	0
           335	2024-05-23 12:37:46	1	0	1	0
            75	2024-05-23 12:37:59	1	0	1	0
           149	2024-05-23 12:38:07	1	0	1	0
           465	2024-05-23 12:38:20	1	0	1	0
           184	2024-05-23 12:38:27	1	0	1	0
           194	2024-05-23 12:38:35	1	0	1	0
           485	2024-05-23 12:40:17	1	0	1	0
           146	2024-05-23 12:40:44	1	0	15	0
           492	2024-05-23 12:40:49	1	0	1	0
           397	2024-05-23 12:41:21	1	0	1	0
           403	2024-05-23 12:41:36	1	0	1	0
           574	2024-05-23 12:42:18	1	0	1	0
           444	2024-05-23 12:42:22	1	0	1	0
           556	2024-05-23 12:42:37	1	0	1	0
           361	2024-05-23 12:42:58	1	0	1	0
           363	2024-05-23 12:43:07	1	0	1	0
           575	2024-05-23 12:43:17	1	0	1	0
           502	2024-05-23 12:43:44	1	0	1	0
           586	2024-05-23 12:44:13	1	0	1	0
           624	2024-05-23 12:44:21	1	0	1	0
           200	2024-05-23 12:45:02	1	0	1	0
           249	2024-05-23 12:45:30	1	0	1	0
           566	2024-05-23 12:46:56	1	0	1	0
           132	2024-05-23 12:47:57	1	0	1	0
           259	2024-05-23 12:48:22	1	0	1	0
           595	2024-05-23 12:48:40	1	0	1	0
           601	2024-05-23 12:48:45	1	0	1	0
           348	2024-05-23 12:49:03	1	0	1	0
           355	2024-05-23 12:49:54	1	0	1	0
           493	2024-05-23 12:50:14	1	0	1	0
           529	2024-05-23 12:52:39	1	0	1	0
           603	2024-05-23 12:52:42	1	0	1	0
           580	2024-05-23 12:53:53	1	0	1	0
           194	2024-05-23 12:54:05	1	0	1	0
            27	2024-05-23 12:54:21	1	0	15	0
           453	2024-05-23 12:54:29	1	0	15	0
           492	2024-05-23 12:56:18	1	0	1	0
           312	2024-05-23 12:56:23	1	0	1	0
           236	2024-05-23 12:58:02	1	0	1	0
           444	2024-05-23 12:58:43	1	0	1	0
           502	2024-05-23 12:59:09	1	0	1	0
           425	2024-05-23 13:01:43	1	0	1	0
           182	2024-05-23 13:02:05	1	0	1	0
           206	2024-05-23 13:02:19	1	0	1	0
           275	2024-05-23 13:03:44	1	0	1	0
           360	2024-05-23 13:10:21	1	0	1	0
           206	2024-05-23 13:17:20	1	0	1	0
           425	2024-05-23 13:27:52	1	0	1	0
           275	2024-05-23 13:43:27	1	0	1	0
           182	2024-05-23 13:58:27	1	0	1	0
           124	2024-05-23 14:00:44	1	0	15	0
           620	2024-05-23 14:13:22	1	0	1	0
           567	2024-05-23 15:00:33	1	0	1	0
           511	2024-05-23 16:02:28	1	0	1	0
            93	2024-05-23 16:03:21	1	0	1	0
           460	2024-05-23 16:12:49	1	0	1	0
           183	2024-05-23 16:32:57	1	0	1	0
           370	2024-05-23 16:34:06	1	0	15	0
           413	2024-05-23 16:48:54	1	0	4	0
           288	2024-05-23 16:57:32	1	0	1	0
           566	2024-05-23 17:00:03	1	0	1	0
           366	2024-05-23 17:00:10	1	0	1	0
           581	2024-05-23 17:00:16	1	0	1	0
           443	2024-05-23 17:00:19	1	0	1	0
           387	2024-05-23 17:00:25	1	0	15	0
           422	2024-05-23 17:00:39	1	0	1	0
           634	2024-05-23 17:00:47	1	0	1	0
           397	2024-05-23 17:00:53	1	0	1	0
           395	2024-05-23 17:01:00	1	0	1	0
           123	2024-05-23 17:01:06	1	0	1	0
           149	2024-05-23 17:01:21	1	0	1	0
           593	2024-05-23 17:01:29	1	0	1	0
           631	2024-05-23 17:01:35	1	0	1	0
           582	2024-05-23 17:01:39	1	0	1	0
            37	2024-05-23 17:01:46	1	0	1	0
           609	2024-05-23 17:01:52	1	0	1	0
           600	2024-05-23 17:01:58	1	0	1	0
           546	2024-05-23 17:02:02	1	0	1	0
           119	2024-05-23 17:02:16	1	0	15	0
           196	2024-05-23 17:02:22	1	0	1	0
            77	2024-05-23 17:02:28	1	0	1	0
           399	2024-05-23 17:02:36	1	0	1	0
           623	2024-05-23 17:02:53	1	0	1	0
           348	2024-05-23 17:03:42	1	0	1	0
           575	2024-05-23 17:04:00	1	0	1	0
            74	2024-05-23 17:04:10	1	0	1	0
           236	2024-05-23 17:04:34	1	0	1	0
           115	2024-05-23 17:06:07	1	0	1	0
            38	2024-05-23 17:06:15	1	0	1	0
           265	2024-05-23 17:06:21	1	0	1	0
           194	2024-05-23 17:06:44	1	0	1	0
           252	2024-05-23 17:07:14	1	0	15	0
           355	2024-05-23 17:08:17	1	0	1	0
           259	2024-05-23 17:08:23	1	0	1	0
           502	2024-05-23 17:08:31	1	0	1	0
           132	2024-05-23 17:09:10	1	0	1	0
            73	2024-05-23 17:09:18	1	0	1	0
           121	2024-05-23 17:09:26	1	0	1	0
           404	2024-05-23 17:09:35	1	0	1	0
            69	2024-05-23 17:09:45	1	0	1	0
           604	2024-05-23 17:09:50	1	0	1	0
           125	2024-05-23 17:09:58	1	0	1	0
            27	2024-05-23 17:10:18	1	0	15	0
           589	2024-05-23 17:10:24	1	0	1	0
           603	2024-05-23 17:10:33	1	0	1	0
           493	2024-05-23 17:10:39	1	0	1	0
           529	2024-05-23 17:10:44	1	0	1	0
           363	2024-05-23 17:10:50	1	0	1	0
           361	2024-05-23 17:11:03	1	0	1	0
           417	2024-05-23 17:11:11	1	0	1	0
           453	2024-05-23 17:11:36	1	0	15	0
           584	2024-05-23 17:12:11	1	0	1	0
           403	2024-05-23 17:13:49	1	0	1	0
            53	2024-05-23 17:13:54	1	0	1	0
           580	2024-05-23 17:14:06	1	0	1	0
           556	2024-05-23 17:14:31	1	0	1	0
           101	2024-05-23 17:14:55	1	0	1	0
           476	2024-05-23 17:15:48	1	0	1	0
           338	2024-05-23 17:16:09	1	0	1	0
           601	2024-05-23 17:16:56	1	0	1	0
           457	2024-05-23 17:17:20	1	0	15	0
           516	2024-05-23 17:17:27	1	0	1	0
           595	2024-05-23 17:17:36	1	0	1	0
           586	2024-05-23 17:17:43	1	0	1	0
           624	2024-05-23 17:17:50	1	0	1	0
           314	2024-05-23 17:17:54	1	0	1	0
           579	2024-05-23 17:17:59	1	0	1	0
           573	2024-05-23 17:18:04	1	0	1	0
           337	2024-05-23 17:18:12	1	0	1	0
           553	2024-05-23 17:18:24	1	0	1	0
           554	2024-05-23 17:18:27	1	0	1	0
            88	2024-05-23 17:18:42	1	0	15	0
           467	2024-05-23 17:19:18	1	0	1	0
           635	2024-05-23 17:19:35	1	0	1	0
           398	2024-05-23 17:20:07	1	0	1	0
           360	2024-05-23 17:20:28	1	0	1	0
           105	2024-05-23 17:24:32	1	0	15	0
           404	2024-05-23 17:24:41	1	0	1	0
           114	2024-05-23 17:27:54	1	0	1	0
           541	2024-05-23 17:36:02	1	0	1	0
           465	2024-05-23 17:36:46	1	0	1	0
            75	2024-05-23 17:36:52	1	0	1	0
           583	2024-05-23 17:38:43	1	0	1	0
           492	2024-05-23 17:39:53	1	0	1	0
           312	2024-05-23 17:53:24	1	0	1	0
           182	2024-05-23 17:55:39	1	0	1	0
           200	2024-05-23 17:56:42	1	0	1	0
           205	2024-05-23 18:00:35	1	0	1	0
           206	2024-05-23 18:01:00	1	0	15	0
           275	2024-05-23 18:01:12	1	0	1	0
           425	2024-05-23 18:01:17	1	0	1	0
           485	2024-05-23 18:01:23	1	0	1	0
           335	2024-05-23 18:03:25	1	0	1	0
           146	2024-05-23 18:25:32	1	0	15	0
           414	2024-05-23 18:31:05	1	0	1	0
           184	2024-05-23 18:31:21	1	0	1	0
           249	2024-05-23 18:43:33	1	0	1	0
           574	2024-05-23 19:12:24	1	0	1	0
           444	2024-05-23 19:12:29	1	0	1	0
           610	2024-05-23 20:19:29	1	0	1	0
           418	2024-05-23 21:16:18	1	0	1	0
           305	2024-05-23 22:34:48	1	0	1	0
           620	2024-05-23 23:08:38	1	0	1	0
           567	2024-05-24 05:44:37	1	0	1	0
           337	2024-05-24 06:04:10	1	0	1	0
           584	2024-05-24 06:18:28	1	0	1	0
           366	2024-05-24 06:19:15	1	0	15	0
           387	2024-05-24 06:20:33	1	0	15	0
           395	2024-05-24 06:21:49	1	0	1	0
           600	2024-05-24 06:28:36	1	0	1	0
           196	2024-05-24 06:28:43	1	0	1	0
           119	2024-05-24 06:28:55	1	0	15	0
           632	2024-05-24 06:29:03	1	0	1	0
           460	2024-05-24 06:31:19	1	0	1	0
           418	2024-05-24 06:37:47	1	0	1	0
           422	2024-05-24 06:40:26	1	0	1	0
           443	2024-05-24 06:44:17	1	0	1	0
           275	2024-05-24 06:45:34	1	0	1	0
           413	2024-05-24 06:53:12	1	0	1	0
           314	2024-05-24 06:54:28	1	0	1	0
            88	2024-05-24 06:57:58	1	0	1	0
           305	2024-05-24 07:03:54	1	0	1	0
           149	2024-05-24 07:04:06	1	0	1	0
           123	2024-05-24 07:04:21	1	0	1	0
           259	2024-05-24 07:04:50	1	0	1	0
           631	2024-05-24 07:06:06	1	0	1	0
            77	2024-05-24 07:06:19	1	0	1	0
           115	2024-05-24 07:07:07	1	0	1	0
           370	2024-05-24 07:08:40	1	0	15	0
           546	2024-05-24 07:10:00	1	0	1	0
           360	2024-05-24 07:14:09	1	0	1	0
           601	2024-05-24 07:15:53	1	0	1	0
           417	2024-05-24 07:16:08	1	0	1	0
           566	2024-05-24 07:17:33	1	0	1	0
           581	2024-05-24 07:17:40	1	0	1	0
           288	2024-05-24 07:18:37	1	0	1	0
           194	2024-05-24 07:18:47	1	0	1	0
            74	2024-05-24 07:18:57	1	0	1	0
           573	2024-05-24 07:21:04	1	0	1	0
           493	2024-05-24 07:29:38	1	0	1	0
            37	2024-05-24 07:30:19	1	0	1	0
           579	2024-05-24 07:30:52	1	0	1	0
           582	2024-05-24 07:32:19	1	0	1	0
           397	2024-05-24 07:32:58	1	0	1	0
           444	2024-05-24 07:33:30	1	0	1	0
            38	2024-05-24 07:35:42	1	0	1	0
            73	2024-05-24 07:36:08	1	0	1	0
           476	2024-05-24 07:36:19	1	0	1	0
           457	2024-05-24 07:37:01	1	0	1	0
           529	2024-05-24 07:39:29	1	0	15	0
           603	2024-05-24 07:39:37	1	0	1	0
           511	2024-05-24 07:39:59	1	0	1	0
           114	2024-05-24 07:40:42	1	0	1	0
           492	2024-05-24 07:40:50	1	0	1	0
            43	2024-05-24 07:42:34	1	0	1	0
           355	2024-05-24 07:42:41	1	0	1	0
           265	2024-05-24 07:42:51	1	0	1	0
            53	2024-05-24 07:43:02	1	0	1	0
           338	2024-05-24 07:43:11	1	0	1	0
           398	2024-05-24 07:43:56	1	0	1	0
           101	2024-05-24 07:44:04	1	0	1	0
           403	2024-05-24 07:45:33	1	0	1	0
           623	2024-05-24 07:45:56	1	0	1	0
           604	2024-05-24 07:46:27	1	0	1	0
           375	2024-05-24 07:48:15	1	0	1	0
           574	2024-05-24 07:48:22	1	0	1	0
           595	2024-05-24 07:48:33	1	0	1	0
           554	2024-05-24 07:49:05	1	0	1	0
           516	2024-05-24 07:49:09	1	0	1	0
           589	2024-05-24 07:49:43	1	0	1	0
           105	2024-05-24 07:52:06	1	0	15	0
           404	2024-05-24 07:53:01	1	0	1	0
           541	2024-05-24 07:53:09	1	0	1	0
           408	2024-05-24 07:53:28	1	0	1	0
           132	2024-05-24 07:53:38	1	0	1	0
           624	2024-05-24 07:53:45	1	0	1	0
           335	2024-05-24 07:53:50	1	0	1	0
           467	2024-05-24 07:54:03	1	0	1	0
           609	2024-05-24 07:54:09	1	0	1	0
            27	2024-05-24 07:55:13	1	0	15	0
           348	2024-05-24 07:55:24	1	0	15	0
           453	2024-05-24 07:55:34	1	0	15	0
            69	2024-05-24 07:56:16	1	0	1	0
           361	2024-05-24 07:56:50	1	0	1	0
           575	2024-05-24 07:58:00	1	0	1	0
           610	2024-05-24 07:58:47	1	0	1	0
           465	2024-05-24 08:00:26	1	0	1	0
            75	2024-05-24 08:00:31	1	0	1	0
           586	2024-05-24 08:00:58	1	0	1	0
           556	2024-05-24 08:01:01	1	0	1	0
           635	2024-05-24 08:06:22	1	0	1	0
           580	2024-05-24 08:11:23	1	0	1	0
           236	2024-05-24 08:12:37	1	0	1	0
           405	2024-05-24 08:15:20	1	0	1	0
           593	2024-05-24 08:16:22	1	0	1	0
           249	2024-05-24 08:22:23	1	0	1	0
           252	2024-05-24 08:26:34	1	0	15	0
           583	2024-05-24 08:29:22	1	0	1	0
           312	2024-05-24 08:30:08	1	0	1	0
           425	2024-05-24 08:37:16	1	0	1	0
           206	2024-05-24 08:37:26	1	0	1	0
           182	2024-05-24 08:39:35	1	0	1	0
           485	2024-05-24 08:50:22	1	0	1	0
           460	2024-05-24 11:02:14	1	0	1	0
            88	2024-05-24 11:13:55	1	0	1	0
           370	2024-05-24 11:14:05	1	0	15	0
           288	2024-05-24 11:24:28	1	0	1	0
           600	2024-05-24 11:30:40	1	0	1	0
           123	2024-05-24 11:30:47	1	0	1	0
           360	2024-05-24 11:30:53	1	0	1	0
           443	2024-05-24 11:31:01	1	0	1	0
           582	2024-05-24 11:31:11	1	0	1	0
           366	2024-05-24 11:31:18	1	0	1	0
           196	2024-05-24 11:31:25	1	0	1	0
           422	2024-05-24 11:31:34	1	0	1	0
           566	2024-05-24 11:31:37	1	0	1	0
           632	2024-05-24 11:31:42	1	0	1	0
           581	2024-05-24 11:31:49	1	0	1	0
           387	2024-05-24 11:32:54	1	0	15	0
           460	2024-05-24 11:35:07	1	0	1	0
            88	2024-05-24 11:40:44	1	0	1	0
           370	2024-05-24 11:40:50	1	0	15	0
           119	2024-05-24 11:41:32	1	0	15	0
           366	2024-05-24 11:56:27	1	0	1	0
           600	2024-05-24 11:56:31	1	0	1	0
           123	2024-05-24 11:58:17	1	0	1	0
           196	2024-05-24 12:00:36	1	0	1	0
           443	2024-05-24 12:00:40	1	0	1	0
           422	2024-05-24 12:00:50	1	0	1	0
           387	2024-05-24 12:00:59	1	0	15	0
            38	2024-05-24 12:01:10	1	0	1	0
            69	2024-05-24 12:01:15	1	0	1	0
           337	2024-05-24 12:01:25	1	0	1	0
            77	2024-05-24 12:01:29	1	0	1	0
           414	2024-05-24 12:01:40	1	0	1	0
           119	2024-05-24 12:01:53	1	0	15	0
            37	2024-05-24 12:01:58	1	0	1	0
           355	2024-05-24 12:02:04	1	0	1	0
           115	2024-05-24 12:02:17	1	0	1	0
           546	2024-05-24 12:02:23	1	0	1	0
           573	2024-05-24 12:02:30	1	0	1	0
           579	2024-05-24 12:02:35	1	0	1	0
           635	2024-05-24 12:02:45	1	0	1	0
           631	2024-05-24 12:02:51	1	0	1	0
           604	2024-05-24 12:02:55	1	0	1	0
           125	2024-05-24 12:02:59	1	0	1	0
            74	2024-05-24 12:03:17	1	0	1	0
           397	2024-05-24 12:03:23	1	0	1	0
           375	2024-05-24 12:03:30	1	0	1	0
           405	2024-05-24 12:03:37	1	0	1	0
           361	2024-05-24 12:03:46	1	0	1	0
           417	2024-05-24 12:03:53	1	0	1	0
           200	2024-05-24 12:04:29	1	0	1	0
            53	2024-05-24 12:04:50	1	0	1	0
           566	2024-05-24 12:05:00	1	0	1	0
           581	2024-05-24 12:05:05	1	0	1	0
           403	2024-05-24 12:05:14	1	0	1	0
           584	2024-05-24 12:05:19	1	0	1	0
           595	2024-05-24 12:05:23	1	0	1	0
           623	2024-05-24 12:05:31	1	0	1	0
           593	2024-05-24 12:05:35	1	0	1	0
           511	2024-05-24 12:05:38	1	0	1	0
           338	2024-05-24 12:05:41	1	0	1	0
           493	2024-05-24 12:05:43	1	0	1	0
           609	2024-05-24 12:05:48	1	0	1	0
           121	2024-05-24 12:06:11	1	0	1	0
           556	2024-05-24 12:06:17	1	0	1	0
           589	2024-05-24 12:06:20	1	0	1	0
           194	2024-05-24 12:06:28	1	0	1	0
           249	2024-05-24 12:06:33	1	0	1	0
           574	2024-05-24 12:06:39	1	0	1	0
           465	2024-05-24 12:06:45	1	0	1	0
           529	2024-05-24 12:07:08	1	0	1	0
            75	2024-05-24 12:07:20	1	0	1	0
           603	2024-05-24 12:07:38	1	0	1	0
           413	2024-05-24 12:08:11	1	0	1	0
           114	2024-05-24 12:08:34	1	0	1	0
           457	2024-05-24 12:08:48	1	0	1	0
           516	2024-05-24 12:08:54	1	0	1	0
           492	2024-05-24 12:09:01	1	0	1	0
           467	2024-05-24 12:12:54	1	0	1	0
           610	2024-05-24 12:12:59	1	0	1	0
           314	2024-05-24 12:13:07	1	0	1	0
            43	2024-05-24 12:13:23	1	0	1	0
           335	2024-05-24 12:13:54	1	0	1	0
           541	2024-05-24 12:14:19	1	0	1	0
            73	2024-05-24 12:14:28	1	0	1	0
           554	2024-05-24 12:14:37	1	0	1	0
           149	2024-05-24 12:15:10	1	0	1	0
           132	2024-05-24 12:15:26	1	0	1	0
           476	2024-05-24 12:15:30	1	0	1	0
           624	2024-05-24 12:15:35	1	0	1	0
           586	2024-05-24 12:15:40	1	0	1	0
           205	2024-05-24 12:16:02	1	0	1	0
            37	2024-05-24 12:17:15	1	0	1	0
           337	2024-05-24 12:17:30	1	0	1	0
            77	2024-05-24 12:17:37	1	0	1	0
           115	2024-05-24 12:18:01	1	0	1	0
            74	2024-05-24 12:18:24	1	0	1	0
           259	2024-05-24 12:18:35	1	0	1	0
           601	2024-05-24 12:19:13	1	0	1	0
           623	2024-05-24 12:21:08	1	0	1	0
           511	2024-05-24 12:21:12	1	0	1	0
           593	2024-05-24 12:21:14	1	0	1	0
           413	2024-05-24 12:23:17	1	0	1	0
           573	2024-05-24 12:23:31	1	0	1	0
           546	2024-05-24 12:23:36	1	0	1	0
           579	2024-05-24 12:23:46	1	0	1	0
           252	2024-05-24 12:24:22	1	0	15	0
           492	2024-05-24 12:25:08	1	0	1	0
           457	2024-05-24 12:25:38	1	0	1	0
           516	2024-05-24 12:25:51	1	0	1	0
           348	2024-05-24 12:28:00	1	0	1	0
           101	2024-05-24 12:28:05	1	0	1	0
           312	2024-05-24 12:28:11	1	0	1	0
           631	2024-05-24 12:28:23	1	0	1	0
           575	2024-05-24 12:29:55	1	0	1	0
           465	2024-05-24 12:30:01	1	0	1	0
            73	2024-05-24 12:30:25	1	0	1	0
           121	2024-05-24 12:30:30	1	0	1	0
           249	2024-05-24 12:30:47	1	0	1	0
           476	2024-05-24 12:30:52	1	0	1	0
           624	2024-05-24 12:31:02	1	0	1	0
            75	2024-05-24 12:31:07	1	0	1	0
           335	2024-05-24 12:31:19	1	0	1	0
           595	2024-05-24 12:32:12	1	0	1	0
           556	2024-05-24 12:32:18	1	0	1	0
           584	2024-05-24 12:32:22	1	0	1	0
           132	2024-05-24 12:32:25	1	0	1	0
            38	2024-05-24 12:32:57	1	0	1	0
           586	2024-05-24 12:33:17	1	0	1	0
           541	2024-05-24 12:33:39	1	0	1	0
           314	2024-05-24 12:33:50	1	0	1	0
            27	2024-05-24 12:34:40	1	0	15	0
           453	2024-05-24 12:34:47	1	0	15	0
           467	2024-05-24 12:34:54	1	0	1	0
           610	2024-05-24 12:35:00	1	0	1	0
           554	2024-05-24 12:35:18	1	0	1	0
           360	2024-05-24 12:35:55	1	0	1	0
           609	2024-05-24 12:36:57	1	0	1	0
           259	2024-05-24 12:37:27	1	0	1	0
           236	2024-05-24 12:37:58	1	0	1	0
           589	2024-05-24 12:38:44	1	0	1	0
           403	2024-05-24 12:39:42	1	0	1	0
           580	2024-05-24 12:40:05	1	0	1	0
           583	2024-05-24 12:40:13	1	0	1	0
           635	2024-05-24 12:41:06	1	0	1	0
           397	2024-05-24 12:41:24	1	0	1	0
           252	2024-05-24 12:41:36	1	0	15	0
           444	2024-05-24 12:41:55	1	0	1	0
           404	2024-05-24 12:42:15	1	0	1	0
           114	2024-05-24 12:42:41	1	0	1	0
           200	2024-05-24 12:43:56	1	0	1	0
            43	2024-05-24 12:45:05	1	0	1	0
           603	2024-05-24 12:45:41	1	0	1	0
            69	2024-05-24 12:47:36	1	0	1	0
           604	2024-05-24 12:48:09	1	0	1	0
           125	2024-05-24 12:48:13	1	0	1	0
           493	2024-05-24 12:49:00	1	0	1	0
            27	2024-05-24 12:49:54	1	0	15	0
           348	2024-05-24 12:50:05	1	0	15	0
           453	2024-05-24 12:50:16	1	0	1	0
           574	2024-05-24 12:50:26	1	0	1	0
           101	2024-05-24 12:50:36	1	0	1	0
           312	2024-05-24 12:50:58	1	0	1	0
           575	2024-05-24 12:51:29	1	0	1	0
           355	2024-05-24 12:52:22	1	0	1	0
           184	2024-05-24 12:52:51	1	0	1	0
           194	2024-05-24 12:55:14	1	0	1	0
           583	2024-05-24 12:56:06	1	0	1	0
           580	2024-05-24 12:56:11	1	0	1	0
           375	2024-05-24 12:56:30	1	0	1	0
           405	2024-05-24 12:56:38	1	0	1	0
           417	2024-05-24 12:56:48	1	0	1	0
           361	2024-05-24 12:56:57	1	0	1	0
           105	2024-05-24 12:58:56	1	0	15	0
           444	2024-05-24 12:59:27	1	0	1	0
           620	2024-05-24 13:00:49	1	0	1	0
           529	2024-05-24 13:00:59	1	0	1	0
           485	2024-05-24 13:02:26	1	0	1	0
           425	2024-05-24 13:04:51	1	0	1	0
           149	2024-05-24 13:08:04	1	0	1	0
           236	2024-05-24 13:08:17	1	0	1	0
           182	2024-05-24 13:11:51	1	0	1	0
           275	2024-05-24 13:12:28	1	0	1	0
           206	2024-05-24 13:12:32	1	0	1	0
           425	2024-05-24 13:30:10	1	0	1	0
           418	2024-05-24 13:57:33	1	0	1	0
           485	2024-05-24 13:57:59	1	0	1	0
           567	2024-05-24 14:01:16	1	0	1	0
           460	2024-05-24 16:06:41	1	0	1	0
           288	2024-05-24 16:24:40	1	0	1	0
           370	2024-05-24 16:32:53	1	0	15	0
           413	2024-05-24 16:35:59	1	0	1	0
           397	2024-05-24 17:00:04	1	0	1	0
           387	2024-05-24 17:00:10	1	0	15	0
           422	2024-05-24 17:00:15	1	0	1	0
            74	2024-05-24 17:00:21	1	0	1	0
           395	2024-05-24 17:00:28	1	0	1	0
           582	2024-05-24 17:00:34	1	0	1	0
           600	2024-05-24 17:00:39	1	0	1	0
           443	2024-05-24 17:00:42	1	0	1	0
           123	2024-05-24 17:00:45	1	0	1	0
           566	2024-05-24 17:00:48	1	0	1	0
           511	2024-05-24 17:00:52	1	0	1	0
           196	2024-05-24 17:00:57	1	0	1	0
           366	2024-05-24 17:01:00	1	0	1	0
            53	2024-05-24 17:01:11	1	0	1	0
           119	2024-05-24 17:01:22	1	0	15	0
           609	2024-05-24 17:01:28	1	0	1	0
           493	2024-05-24 17:01:33	1	0	1	0
           348	2024-05-24 17:01:43	1	0	15	0
            27	2024-05-24 17:01:51	1	0	15	0
           623	2024-05-24 17:01:57	1	0	1	0
           453	2024-05-24 17:02:11	1	0	1	0
            77	2024-05-24 17:02:17	1	0	1	0
           265	2024-05-24 17:02:23	1	0	1	0
           635	2024-05-24 17:02:31	1	0	1	0
           581	2024-05-24 17:02:36	1	0	1	0
           132	2024-05-24 17:02:59	1	0	1	0
           624	2024-05-24 17:04:04	1	0	1	0
           586	2024-05-24 17:04:11	1	0	1	0
           457	2024-05-24 17:04:28	1	0	1	0
           516	2024-05-24 17:04:34	1	0	1	0
           476	2024-05-24 17:04:41	1	0	1	0
           405	2024-05-24 17:04:52	1	0	1	0
           417	2024-05-24 17:05:01	1	0	15	0
           595	2024-05-24 17:05:12	1	0	1	0
           601	2024-05-24 17:05:16	1	0	1	0
           375	2024-05-24 17:05:22	1	0	1	0
           403	2024-05-24 17:05:34	1	0	1	0
           575	2024-05-24 17:05:39	1	0	1	0
           631	2024-05-24 17:05:47	1	0	1	0
           335	2024-05-24 17:06:06	1	0	1	0
           589	2024-05-24 17:06:13	1	0	1	0
           149	2024-05-24 17:07:04	1	0	1	0
           361	2024-05-24 17:07:48	1	0	1	0
           252	2024-05-24 17:08:43	1	0	15	0
           355	2024-05-24 17:09:11	1	0	1	0
           259	2024-05-24 17:10:41	1	0	1	0
            73	2024-05-24 17:11:30	1	0	1	0
           398	2024-05-24 17:12:11	1	0	1	0
           360	2024-05-24 17:12:19	1	0	1	0
           101	2024-05-24 17:13:43	1	0	1	0
            38	2024-05-24 17:14:23	1	0	1	0
            69	2024-05-24 17:14:32	1	0	1	0
           236	2024-05-24 17:17:52	1	0	1	0
           593	2024-05-24 17:19:24	1	0	1	0
           546	2024-05-24 17:19:57	1	0	1	0
           604	2024-05-24 17:20:15	1	0	1	0
           125	2024-05-24 17:20:28	1	0	1	0
           337	2024-05-24 17:20:34	1	0	1	0
           580	2024-05-24 17:23:41	1	0	1	0
           583	2024-05-24 17:23:48	1	0	1	0
           121	2024-05-24 17:25:28	1	0	1	0
           584	2024-05-24 17:25:44	1	0	1	0
           105	2024-05-24 17:28:54	1	0	15	0
            43	2024-05-24 17:29:41	1	0	1	0
           408	2024-05-24 17:36:46	1	0	1	0
           338	2024-05-24 17:36:50	1	0	1	0
           573	2024-05-24 17:46:22	1	0	1	0
           114	2024-05-24 17:48:55	1	0	1	0
            88	2024-05-24 17:53:09	1	0	1	0
           541	2024-05-24 17:57:31	1	0	1	0
           314	2024-05-24 18:00:00	1	0	1	0
           425	2024-05-24 18:01:21	1	0	1	0
           182	2024-05-24 18:03:20	1	0	1	0
           206	2024-05-24 18:07:19	1	0	1	0
           275	2024-05-24 18:07:31	1	0	1	0
           485	2024-05-24 18:08:04	1	0	1	0
           312	2024-05-24 18:08:07	1	0	1	0
           467	2024-05-24 18:24:31	1	0	1	0
           249	2024-05-24 18:30:43	1	0	1	0
           205	2024-05-24 18:34:29	1	0	1	0
           184	2024-05-24 18:44:25	1	0	1	0
           146	2024-05-24 18:45:53	1	0	15	0
           404	2024-05-24 19:43:06	1	0	1	0
           194	2024-05-24 19:44:31	1	0	1	0
           603	2024-05-24 19:44:54	1	0	1	0
           529	2024-05-24 19:46:39	1	0	1	0
            75	2024-05-24 19:47:13	1	0	1	0
           574	2024-05-24 20:05:37	1	0	1	0
           200	2024-05-24 20:13:13	1	0	1	0
           444	2024-05-24 20:14:22	1	0	1	0
           610	2024-05-24 20:26:34	1	0	1	0
           414	2024-05-24 20:28:23	1	0	1	0
           305	2024-05-24 21:25:35	1	0	1	0
           620	2024-05-24 22:02:03	1	0	1	0
           418	2024-05-24 22:06:01	1	0	1	0
           492	2024-05-24 22:15:48	1	0	1	0
           620	2024-05-25 05:30:54	1	0	1	0
           305	2024-05-25 06:01:40	1	0	1	0
           425	2024-05-25 07:35:23	1	0	1	0
           363	2024-05-25 07:56:10	1	0	1	0
           398	2024-05-25 07:56:15	1	0	1	0
           425	2024-05-25 12:08:58	1	0	1	0
           363	2024-05-25 12:10:28	1	0	1	0
           425	2024-05-25 12:26:59	1	0	1	0
           363	2024-05-25 12:29:31	1	0	1	0
           305	2024-05-25 14:18:55	1	0	1	0
           418	2024-05-25 14:42:23	1	0	1	0
           620	2024-05-25 15:01:07	1	0	1	0
           363	2024-05-25 17:01:17	1	0	1	0
           425	2024-05-25 17:07:03	1	0	1	0
           124	2024-05-25 22:45:08	1	0	15	0
           418	2024-05-25 23:00:46	1	0	15	0
           305	2024-05-25 23:03:22	1	0	1	0
           620	2024-05-26 05:39:11	1	0	1	0
           418	2024-05-26 06:52:20	1	0	1	0
           124	2024-05-26 07:00:47	1	0	15	0
           398	2024-05-26 09:45:23	1	0	1	0
           398	2024-05-26 12:26:48	1	0	1	0
           398	2024-05-26 12:54:55	1	0	1	0
           305	2024-05-26 13:13:31	1	0	1	0
           620	2024-05-26 14:02:16	1	0	1	0
           418	2024-05-26 15:06:57	1	0	1	0
           398	2024-05-26 16:30:57	1	0	1	0
           124	2024-05-26 21:39:03	1	0	15	0
           305	2024-05-26 22:01:13	1	0	1	0
           567	2024-05-26 22:06:28	1	0	1	0
           418	2024-05-27 05:47:13	1	0	1	0
           335	2024-05-27 05:59:13	1	0	1	0
           337	2024-05-27 06:04:50	1	0	1	0
           124	2024-05-27 06:12:08	1	0	15	0
           387	2024-05-27 06:19:49	1	0	15	0
           584	2024-05-27 06:24:38	1	0	1	0
           119	2024-05-27 06:29:56	1	0	15	0
           196	2024-05-27 06:30:07	1	0	1	0
           395	2024-05-27 06:30:17	1	0	1	0
           632	2024-05-27 06:30:25	1	0	1	0
           457	2024-05-27 06:36:13	1	0	1	0
           183	2024-05-27 06:36:26	1	0	1	0
           422	2024-05-27 06:38:16	1	0	1	0
            93	2024-05-27 06:40:10	1	0	1	0
           413	2024-05-27 06:44:12	1	0	4	0
           360	2024-05-27 06:44:25	1	0	1	0
           366	2024-05-27 06:47:09	1	0	1	0
            88	2024-05-27 06:49:03	1	0	1	0
           460	2024-05-27 06:51:05	1	0	1	0
           288	2024-05-27 06:55:02	1	0	1	0
           194	2024-05-27 06:55:06	1	0	1	0
           567	2024-05-27 07:00:17	1	0	1	0
           370	2024-05-27 07:01:21	1	0	15	0
           314	2024-05-27 07:02:50	1	0	1	0
            37	2024-05-27 07:04:37	1	0	1	0
           149	2024-05-27 07:05:31	1	0	1	0
           546	2024-05-27 07:09:31	1	0	1	0
           566	2024-05-27 07:10:35	1	0	1	0
            77	2024-05-27 07:10:44	1	0	1	0
           581	2024-05-27 07:10:52	1	0	1	0
           634	2024-05-27 07:11:43	1	0	1	0
           398	2024-05-27 07:12:10	1	0	1	0
           582	2024-05-27 07:12:28	1	0	1	0
           123	2024-05-27 07:15:24	1	0	1	0
           601	2024-05-27 07:16:27	1	0	1	0
           631	2024-05-27 07:16:56	1	0	1	0
           115	2024-05-27 07:17:07	1	0	1	0
            53	2024-05-27 07:17:52	1	0	1	0
           579	2024-05-27 07:18:13	1	0	1	0
           465	2024-05-27 07:18:34	1	0	1	0
            75	2024-05-27 07:18:41	1	0	1	0
           408	2024-05-27 07:18:50	1	0	1	0
           580	2024-05-27 07:20:54	1	0	1	0
           556	2024-05-27 07:21:18	1	0	1	0
           573	2024-05-27 07:22:13	1	0	1	0
           434	2024-05-27 07:23:20	1	0	1	0
           259	2024-05-27 07:23:34	1	0	15	0
            43	2024-05-27 07:26:46	1	0	1	0
           595	2024-05-27 07:27:48	1	0	1	0
           338	2024-05-27 07:29:28	1	0	1	0
           101	2024-05-27 07:30:45	1	0	1	0
           205	2024-05-27 07:31:18	1	0	1	0
           348	2024-05-27 07:32:50	1	0	1	0
            27	2024-05-27 07:33:04	1	0	15	0
           453	2024-05-27 07:33:16	1	0	15	0
            38	2024-05-27 07:33:26	1	0	1	0
            73	2024-05-27 07:33:39	1	0	1	0
           575	2024-05-27 07:33:50	1	0	1	0
           444	2024-05-27 07:34:32	1	0	1	0
            74	2024-05-27 07:35:56	1	0	15	0
           265	2024-05-27 07:37:36	1	0	1	0
            69	2024-05-27 07:37:41	1	0	1	0
           541	2024-05-27 07:38:05	1	0	1	0
           331	2024-05-27 07:38:09	1	0	1	0
           492	2024-05-27 07:38:37	1	0	1	0
           355	2024-05-27 07:38:45	1	0	1	0
           610	2024-05-27 07:39:08	1	0	1	0
           184	2024-05-27 07:40:48	1	0	1	0
           146	2024-05-27 07:40:56	1	0	15	0
           523	2024-05-27 07:41:34	1	0	15	0
           200	2024-05-27 07:41:48	1	0	1	0
           403	2024-05-27 07:41:56	1	0	1	0
            83	2024-05-27 07:42:53	1	0	1	0
           589	2024-05-27 07:42:57	1	0	1	0
           132	2024-05-27 07:43:01	1	0	1	0
           476	2024-05-27 07:43:44	1	0	1	0
           114	2024-05-27 07:45:13	1	0	1	0
           361	2024-05-27 07:47:13	1	0	1	0
           604	2024-05-27 07:49:27	1	0	1	0
           312	2024-05-27 07:49:33	1	0	1	0
           493	2024-05-27 07:50:29	1	0	1	0
           467	2024-05-27 07:52:10	1	0	1	0
           121	2024-05-27 07:52:28	1	0	1	0
           414	2024-05-27 07:52:47	1	0	1	0
           529	2024-05-27 07:53:00	1	0	1	0
           603	2024-05-27 07:53:08	1	0	1	0
           574	2024-05-27 07:53:41	1	0	1	0
           635	2024-05-27 07:54:25	1	0	1	0
           417	2024-05-27 07:54:35	1	0	15	0
           363	2024-05-27 07:56:03	1	0	1	0
           623	2024-05-27 07:56:21	1	0	1	0
           182	2024-05-27 07:56:58	1	0	1	0
           583	2024-05-27 07:57:33	1	0	1	0
           105	2024-05-27 07:58:05	1	0	15	0
           404	2024-05-27 07:58:08	1	0	1	0
           586	2024-05-27 07:58:20	1	0	1	0
           511	2024-05-27 08:06:54	1	0	1	0
           593	2024-05-27 08:08:05	1	0	1	0
           249	2024-05-27 08:08:53	1	0	1	0
           252	2024-05-27 08:09:02	1	0	15	0
           609	2024-05-27 08:10:27	1	0	1	0
           516	2024-05-27 08:12:52	1	0	1	0
           236	2024-05-27 08:14:13	1	0	1	0
           405	2024-05-27 08:33:37	1	0	1	0
            87	2024-05-27 08:45:11	1	0	1	0
           275	2024-05-27 08:49:25	1	0	1	0
           206	2024-05-27 08:49:28	1	0	1	0
           485	2024-05-27 08:50:53	1	0	1	0
           460	2024-05-27 11:01:58	1	0	1	0
            88	2024-05-27 11:07:47	1	0	1	0
           288	2024-05-27 11:07:53	1	0	1	0
           460	2024-05-27 11:18:02	1	0	1	0
           566	2024-05-27 11:30:07	1	0	1	0
           395	2024-05-27 11:30:12	1	0	1	0
           422	2024-05-27 11:30:19	1	0	1	0
           366	2024-05-27 11:30:45	1	0	1	0
           387	2024-05-27 11:30:58	1	0	15	0
           582	2024-05-27 11:31:38	1	0	1	0
           123	2024-05-27 11:31:46	1	0	1	0
           119	2024-05-27 11:32:39	1	0	15	0
           360	2024-05-27 11:33:52	1	0	1	0
           581	2024-05-27 11:33:59	1	0	1	0
           196	2024-05-27 11:34:05	1	0	1	0
           632	2024-05-27 11:34:12	1	0	1	0
            88	2024-05-27 11:44:54	1	0	1	0
           288	2024-05-27 11:45:00	1	0	1	0
           546	2024-05-27 11:48:42	1	0	1	0
           115	2024-05-27 11:49:00	1	0	1	0
           337	2024-05-27 11:49:14	1	0	1	0
           413	2024-05-27 11:50:20	1	0	1	0
           573	2024-05-27 11:52:28	1	0	1	0
           579	2024-05-27 11:52:34	1	0	1	0
           314	2024-05-27 11:52:45	1	0	1	0
           123	2024-05-27 11:58:51	1	0	1	0
           196	2024-05-27 12:00:04	1	0	1	0
           422	2024-05-27 12:00:09	1	0	1	0
            53	2024-05-27 12:00:15	1	0	1	0
           395	2024-05-27 12:00:23	1	0	1	0
           335	2024-05-27 12:00:26	1	0	1	0
           556	2024-05-27 12:00:31	1	0	1	0
           589	2024-05-27 12:00:36	1	0	1	0
           457	2024-05-27 12:00:49	1	0	1	0
           387	2024-05-27 12:01:02	1	0	15	0
           184	2024-05-27 12:01:08	1	0	1	0
           265	2024-05-27 12:01:11	1	0	1	0
           249	2024-05-27 12:01:15	1	0	1	0
            38	2024-05-27 12:01:22	1	0	1	0
           121	2024-05-27 12:01:27	1	0	1	0
            77	2024-05-27 12:01:32	1	0	1	0
            69	2024-05-27 12:01:37	1	0	1	0
            37	2024-05-27 12:01:43	1	0	1	0
           114	2024-05-27 12:01:48	1	0	1	0
           366	2024-05-27 12:01:54	1	0	1	0
           119	2024-05-27 12:02:11	1	0	15	0
            75	2024-05-27 12:02:18	1	0	1	0
           414	2024-05-27 12:02:25	1	0	1	0
           465	2024-05-27 12:02:32	1	0	1	0
           404	2024-05-27 12:02:38	1	0	1	0
           593	2024-05-27 12:02:42	1	0	1	0
           623	2024-05-27 12:02:45	1	0	1	0
           511	2024-05-27 12:02:49	1	0	1	0
           609	2024-05-27 12:02:54	1	0	1	0
           331	2024-05-27 12:02:59	1	0	1	0
           476	2024-05-27 12:03:03	1	0	1	0
           403	2024-05-27 12:03:09	1	0	1	0
           634	2024-05-27 12:03:17	1	0	1	0
           635	2024-05-27 12:03:26	1	0	1	0
           631	2024-05-27 12:03:32	1	0	1	0
           566	2024-05-27 12:03:36	1	0	1	0
           132	2024-05-27 12:03:42	1	0	1	0
           581	2024-05-27 12:03:46	1	0	1	0
           467	2024-05-27 12:03:55	1	0	1	0
           610	2024-05-27 12:04:06	1	0	1	0
           101	2024-05-27 12:04:13	1	0	1	0
           595	2024-05-27 12:04:24	1	0	1	0
           575	2024-05-27 12:04:30	1	0	1	0
           493	2024-05-27 12:04:37	1	0	1	0
           546	2024-05-27 12:05:07	1	0	1	0
           601	2024-05-27 12:05:11	1	0	1	0
           115	2024-05-27 12:05:20	1	0	1	0
           337	2024-05-27 12:05:38	1	0	1	0
           413	2024-05-27 12:06:13	1	0	1	0
           259	2024-05-27 12:06:51	1	0	1	0
           146	2024-05-27 12:07:48	1	0	15	0
           573	2024-05-27 12:07:59	1	0	1	0
           314	2024-05-27 12:08:06	1	0	1	0
           355	2024-05-27 12:08:19	1	0	1	0
           523	2024-05-27 12:08:22	1	0	1	0
           492	2024-05-27 12:09:16	1	0	1	0
           516	2024-05-27 12:09:26	1	0	1	0
           584	2024-05-27 12:10:06	1	0	1	0
           149	2024-05-27 12:10:22	1	0	1	0
           312	2024-05-27 12:10:27	1	0	1	0
           236	2024-05-27 12:10:36	1	0	1	0
            83	2024-05-27 12:10:53	1	0	1	0
           252	2024-05-27 12:11:03	1	0	1	0
           580	2024-05-27 12:11:23	1	0	1	0
           398	2024-05-27 12:12:05	1	0	1	0
           194	2024-05-27 12:13:36	1	0	1	0
           457	2024-05-27 12:15:49	1	0	1	0
           604	2024-05-27 12:16:12	1	0	1	0
           265	2024-05-27 12:16:19	1	0	1	0
           125	2024-05-27 12:16:22	1	0	1	0
            77	2024-05-27 12:16:48	1	0	1	0
            37	2024-05-27 12:17:07	1	0	1	0
           434	2024-05-27 12:17:19	1	0	1	0
           574	2024-05-27 12:17:28	1	0	1	0
           579	2024-05-27 12:18:15	1	0	1	0
           586	2024-05-27 12:18:21	1	0	1	0
           476	2024-05-27 12:18:29	1	0	1	0
           583	2024-05-27 12:18:51	1	0	1	0
            43	2024-05-27 12:20:11	1	0	1	0
           105	2024-05-27 12:20:25	1	0	15	0
           467	2024-05-27 12:20:52	1	0	1	0
           610	2024-05-27 12:21:04	1	0	1	0
           511	2024-05-27 12:21:09	1	0	1	0
           623	2024-05-27 12:21:15	1	0	1	0
           593	2024-05-27 12:22:23	1	0	1	0
            75	2024-05-27 12:22:44	1	0	1	0
           414	2024-05-27 12:22:49	1	0	1	0
           465	2024-05-27 12:22:54	1	0	1	0
           146	2024-05-27 12:23:03	1	0	15	0
           529	2024-05-27 12:23:19	1	0	1	0
           355	2024-05-27 12:23:27	1	0	1	0
           335	2024-05-27 12:23:33	1	0	1	0
           523	2024-05-27 12:23:53	1	0	1	0
           205	2024-05-27 12:24:01	1	0	1	0
           556	2024-05-27 12:24:25	1	0	1	0
           360	2024-05-27 12:24:46	1	0	1	0
           575	2024-05-27 12:24:51	1	0	1	0
            53	2024-05-27 12:24:57	1	0	1	0
            27	2024-05-27 12:25:14	1	0	15	0
           453	2024-05-27 12:25:23	1	0	1	0
           631	2024-05-27 12:25:36	1	0	1	0
           348	2024-05-27 12:26:26	1	0	1	0
            73	2024-05-27 12:28:12	1	0	1	0
           338	2024-05-27 12:29:00	1	0	1	0
           595	2024-05-27 12:29:36	1	0	1	0
           589	2024-05-27 12:29:41	1	0	1	0
           601	2024-05-27 12:29:44	1	0	1	0
           603	2024-05-27 12:30:29	1	0	1	0
           492	2024-05-27 12:30:34	1	0	1	0
           516	2024-05-27 12:30:42	1	0	1	0
            39	2024-05-27 12:30:52	1	0	1	0
           541	2024-05-27 12:32:03	1	0	1	0
           259	2024-05-27 12:32:18	1	0	1	0
           236	2024-05-27 12:32:27	1	0	1	0
           634	2024-05-27 12:32:44	1	0	1	0
           584	2024-05-27 12:34:09	1	0	1	0
           249	2024-05-27 12:37:24	1	0	1	0
           121	2024-05-27 12:37:40	1	0	1	0
           583	2024-05-27 12:38:00	1	0	1	0
            69	2024-05-27 12:38:09	1	0	1	0
           404	2024-05-27 12:38:14	1	0	1	0
           403	2024-05-27 12:38:42	1	0	1	0
           331	2024-05-27 12:38:54	1	0	1	0
            74	2024-05-27 12:39:02	1	0	1	0
           609	2024-05-27 12:39:17	1	0	1	0
           105	2024-05-27 12:39:25	1	0	15	0
           252	2024-05-27 12:39:33	1	0	1	0
           635	2024-05-27 12:39:58	1	0	1	0
           149	2024-05-27 12:40:13	1	0	1	0
           405	2024-05-27 12:40:21	1	0	1	0
           444	2024-05-27 12:40:46	1	0	1	0
           398	2024-05-27 12:41:17	1	0	1	0
           361	2024-05-27 12:41:38	1	0	1	0
           417	2024-05-27 12:41:52	1	0	15	0
           363	2024-05-27 12:42:01	1	0	1	0
           434	2024-05-27 12:42:18	1	0	1	0
            43	2024-05-27 12:43:18	1	0	1	0
            83	2024-05-27 12:44:28	1	0	1	0
            73	2024-05-27 12:44:33	1	0	1	0
           604	2024-05-27 12:44:46	1	0	1	0
           125	2024-05-27 12:44:51	1	0	1	0
           194	2024-05-27 12:44:57	1	0	1	0
           603	2024-05-27 12:45:32	1	0	1	0
           529	2024-05-27 12:45:49	1	0	1	0
           132	2024-05-27 12:46:21	1	0	1	0
            39	2024-05-27 12:46:30	1	0	1	0
           586	2024-05-27 12:46:56	1	0	1	0
           101	2024-05-27 12:47:11	1	0	1	0
           574	2024-05-27 12:47:58	1	0	1	0
           338	2024-05-27 12:50:42	1	0	1	0
           580	2024-05-27 12:50:48	1	0	1	0
           348	2024-05-27 12:51:16	1	0	1	0
           493	2024-05-27 12:51:26	1	0	1	0
            27	2024-05-27 12:52:05	1	0	15	0
           453	2024-05-27 12:52:18	1	0	1	0
           312	2024-05-27 12:52:33	1	0	1	0
            74	2024-05-27 12:55:29	1	0	1	0
           184	2024-05-27 12:56:51	1	0	1	0
           444	2024-05-27 12:57:56	1	0	1	0
           361	2024-05-27 12:59:59	1	0	1	0
           417	2024-05-27 13:00:05	1	0	15	0
           363	2024-05-27 13:00:12	1	0	1	0
           485	2024-05-27 13:00:50	1	0	1	0
           206	2024-05-27 13:04:53	1	0	1	0
           182	2024-05-27 13:07:46	1	0	1	0
           275	2024-05-27 13:09:29	1	0	1	0
            87	2024-05-27 13:13:30	1	0	1	0
           206	2024-05-27 13:21:26	1	0	1	0
           182	2024-05-27 13:29:56	1	0	1	0
            87	2024-05-27 13:33:53	1	0	1	0
           275	2024-05-27 13:47:04	1	0	1	0
           485	2024-05-27 13:58:21	1	0	1	0
           418	2024-05-27 14:02:46	1	0	1	0
           124	2024-05-27 14:37:49	1	0	15	0
           609	2024-05-27 14:45:15	1	0	1	0
            93	2024-05-27 16:03:46	1	0	1	0
           370	2024-05-27 16:05:53	1	0	15	0
           460	2024-05-27 16:09:57	1	0	1	0
           413	2024-05-27 16:51:09	1	0	4	0
           183	2024-05-27 16:53:16	1	0	1	0
           566	2024-05-27 17:00:05	1	0	1	0
           123	2024-05-27 17:00:13	1	0	1	0
           581	2024-05-27 17:00:18	1	0	1	0
           366	2024-05-27 17:00:22	1	0	1	0
           603	2024-05-27 17:00:27	1	0	1	0
           387	2024-05-27 17:00:35	1	0	15	0
           529	2024-05-27 17:00:41	1	0	1	0
           422	2024-05-27 17:00:46	1	0	1	0
           556	2024-05-27 17:00:51	1	0	1	0
            53	2024-05-27 17:00:56	1	0	1	0
            74	2024-05-27 17:01:03	1	0	15	0
           196	2024-05-27 17:01:09	1	0	1	0
           631	2024-05-27 17:01:14	1	0	1	0
            37	2024-05-27 17:01:20	1	0	1	0
           149	2024-05-27 17:01:27	1	0	1	0
            77	2024-05-27 17:01:33	1	0	1	0
           119	2024-05-27 17:01:42	1	0	15	0
           404	2024-05-27 17:01:48	1	0	1	0
           398	2024-05-27 17:01:52	1	0	1	0
           360	2024-05-27 17:02:02	1	0	1	0
           634	2024-05-27 17:02:08	1	0	1	0
           623	2024-05-27 17:02:56	1	0	1	0
           523	2024-05-27 17:03:43	1	0	1	0
           457	2024-05-27 17:03:47	1	0	1	0
           511	2024-05-27 17:03:50	1	0	1	0
           493	2024-05-27 17:03:55	1	0	1	0
           395	2024-05-27 17:04:05	1	0	1	0
           604	2024-05-27 17:04:11	1	0	1	0
           125	2024-05-27 17:04:19	1	0	1	0
           252	2024-05-27 17:04:49	1	0	15	0
           595	2024-05-27 17:05:03	1	0	1	0
           601	2024-05-27 17:05:09	1	0	1	0
           453	2024-05-27 17:05:31	1	0	1	0
            69	2024-05-27 17:05:42	1	0	1	0
           348	2024-05-27 17:06:15	1	0	15	0
           575	2024-05-27 17:06:30	1	0	1	0
           403	2024-05-27 17:06:42	1	0	1	0
            27	2024-05-27 17:06:54	1	0	15	0
           635	2024-05-27 17:08:00	1	0	1	0
           101	2024-05-27 17:08:16	1	0	1	0
           236	2024-05-27 17:08:46	1	0	1	0
           355	2024-05-27 17:09:24	1	0	1	0
           288	2024-05-27 17:11:42	1	0	1	0
           331	2024-05-27 17:11:46	1	0	1	0
           115	2024-05-27 17:12:13	1	0	1	0
           593	2024-05-27 17:13:21	1	0	1	0
           132	2024-05-27 17:13:55	1	0	1	0
           476	2024-05-27 17:15:13	1	0	1	0
           194	2024-05-27 17:15:18	1	0	1	0
            38	2024-05-27 17:15:26	1	0	1	0
           265	2024-05-27 17:16:23	1	0	1	0
           121	2024-05-27 17:17:33	1	0	1	0
            73	2024-05-27 17:17:43	1	0	1	0
           205	2024-05-27 17:17:53	1	0	1	0
           249	2024-05-27 17:18:01	1	0	1	0
           589	2024-05-27 17:18:09	1	0	1	0
           586	2024-05-27 17:18:25	1	0	1	0
           361	2024-05-27 17:20:26	1	0	1	0
           417	2024-05-27 17:20:36	1	0	15	0
           259	2024-05-27 17:20:52	1	0	1	0
           363	2024-05-27 17:21:26	1	0	1	0
           434	2024-05-27 17:21:48	1	0	1	0
           338	2024-05-27 17:23:04	1	0	1	0
           408	2024-05-27 17:23:10	1	0	1	0
            88	2024-05-27 17:23:25	1	0	1	0
           312	2024-05-27 17:24:12	1	0	1	0
            83	2024-05-27 17:26:04	1	0	1	0
            43	2024-05-27 17:26:33	1	0	1	0
           335	2024-05-27 17:28:35	1	0	1	0
           584	2024-05-27 17:30:43	1	0	1	0
           546	2024-05-27 17:38:14	1	0	1	0
           465	2024-05-27 17:38:47	1	0	1	0
            75	2024-05-27 17:38:54	1	0	1	0
           583	2024-05-27 17:41:37	1	0	1	0
           580	2024-05-27 17:44:32	1	0	1	0
           492	2024-05-27 17:47:33	1	0	1	0
           184	2024-05-27 17:48:32	1	0	1	0
           146	2024-05-27 17:59:52	1	0	15	0
            87	2024-05-27 18:01:13	1	0	1	0
           182	2024-05-27 18:01:25	1	0	1	0
           206	2024-05-27 18:02:18	1	0	1	0
           275	2024-05-27 18:02:44	1	0	1	0
           485	2024-05-27 18:05:15	1	0	1	0
           579	2024-05-27 18:24:28	1	0	1	0
           200	2024-05-27 18:44:57	1	0	1	0
           467	2024-05-27 18:55:52	1	0	1	0
           414	2024-05-27 18:57:15	1	0	1	0
           573	2024-05-27 18:59:48	1	0	1	0
           554	2024-05-27 18:59:55	1	0	1	0
           574	2024-05-27 19:07:21	1	0	1	0
           444	2024-05-27 19:07:27	1	0	1	0
           114	2024-05-27 19:15:10	1	0	1	0
           541	2024-05-27 19:16:17	1	0	1	0
           337	2024-05-27 19:16:24	1	0	1	0
           314	2024-05-27 19:16:30	1	0	1	0
           516	2024-05-27 20:06:33	1	0	1	0
           610	2024-05-27 20:44:12	1	0	1	0
           567	2024-05-27 21:49:31	1	0	1	0
           124	2024-05-27 23:01:07	1	0	15	0
           305	2024-05-27 23:06:11	1	0	1	0
           620	2024-05-28 05:32:36	1	0	1	0
           567	2024-05-28 06:01:24	1	0	1	0
           337	2024-05-28 06:04:41	1	0	15	0
           196	2024-05-28 06:25:48	1	0	1	0
           632	2024-05-28 06:26:02	1	0	1	0
           119	2024-05-28 06:27:08	1	0	15	0
           422	2024-05-28 06:29:26	1	0	1	0
           395	2024-05-28 06:30:10	1	0	1	0
           575	2024-05-28 06:34:47	1	0	1	0
           115	2024-05-28 06:37:30	1	0	1	0
           387	2024-05-28 06:38:48	1	0	15	0
           366	2024-05-28 06:42:20	1	0	1	0
           413	2024-05-28 06:44:03	1	0	1	0
           600	2024-05-28 06:44:49	1	0	1	0
            88	2024-05-28 06:47:19	1	0	15	0
           492	2024-05-28 06:49:02	1	0	1	0
           546	2024-05-28 06:52:44	1	0	1	0
           584	2024-05-28 06:52:51	1	0	1	0
           183	2024-05-28 06:58:37	1	0	1	0
            93	2024-05-28 06:59:45	1	0	1	0
           360	2024-05-28 07:00:06	1	0	1	0
           305	2024-05-28 07:01:13	1	0	1	0
           370	2024-05-28 07:03:43	1	0	15	0
           460	2024-05-28 07:07:59	1	0	1	0
            77	2024-05-28 07:09:11	1	0	1	0
           523	2024-05-28 07:09:53	1	0	1	0
           457	2024-05-28 07:10:25	1	0	1	0
           573	2024-05-28 07:11:26	1	0	1	0
            73	2024-05-28 07:14:49	1	0	1	0
            39	2024-05-28 07:14:59	1	0	1	0
            38	2024-05-28 07:15:08	1	0	1	0
           624	2024-05-28 07:16:35	1	0	1	0
           579	2024-05-28 07:17:03	1	0	1	0
           123	2024-05-28 07:20:46	1	0	1	0
           259	2024-05-28 07:21:32	1	0	15	0
           601	2024-05-28 07:22:07	1	0	1	0
           184	2024-05-28 07:23:59	1	0	1	0
           434	2024-05-28 07:24:17	1	0	1	0
            43	2024-05-28 07:26:18	1	0	1	0
           114	2024-05-28 07:26:25	1	0	1	0
           338	2024-05-28 07:27:18	1	0	1	0
           403	2024-05-28 07:27:50	1	0	1	0
           146	2024-05-28 07:28:34	1	0	15	0
           444	2024-05-28 07:28:40	1	0	1	0
           101	2024-05-28 07:29:27	1	0	1	0
            37	2024-05-28 07:30:54	1	0	1	0
           634	2024-05-28 07:31:46	1	0	1	0
           589	2024-05-28 07:33:19	1	0	1	0
           206	2024-05-28 07:33:39	1	0	1	0
            74	2024-05-28 07:33:47	1	0	1	0
           586	2024-05-28 07:33:52	1	0	1	0
           275	2024-05-28 07:33:59	1	0	1	0
           397	2024-05-28 07:35:38	1	0	1	0
           149	2024-05-28 07:36:22	1	0	1	0
            27	2024-05-28 07:37:55	1	0	15	0
           348	2024-05-28 07:38:03	1	0	1	0
           453	2024-05-28 07:38:13	1	0	15	0
            69	2024-05-28 07:38:52	1	0	1	0
           314	2024-05-28 07:39:27	1	0	1	0
           631	2024-05-28 07:39:36	1	0	1	0
            83	2024-05-28 07:40:21	1	0	1	0
           355	2024-05-28 07:41:20	1	0	1	0
           476	2024-05-28 07:42:19	1	0	1	0
           502	2024-05-28 07:45:02	1	0	1	0
           610	2024-05-28 07:45:26	1	0	1	0
           467	2024-05-28 07:46:20	1	0	1	0
           252	2024-05-28 07:46:25	1	0	15	0
           398	2024-05-28 07:47:51	1	0	1	0
           493	2024-05-28 07:47:58	1	0	1	0
           541	2024-05-28 07:48:03	1	0	1	0
           604	2024-05-28 07:48:09	1	0	1	0
           581	2024-05-28 07:48:15	1	0	1	0
           580	2024-05-28 07:48:26	1	0	1	0
           105	2024-05-28 07:49:00	1	0	15	0
           404	2024-05-28 07:50:28	1	0	1	0
           465	2024-05-28 07:50:51	1	0	1	0
           408	2024-05-28 07:50:58	1	0	1	0
            75	2024-05-28 07:51:07	1	0	1	0
           574	2024-05-28 07:51:12	1	0	1	0
           414	2024-05-28 07:51:20	1	0	1	0
           556	2024-05-28 07:52:20	1	0	1	0
           417	2024-05-28 07:52:27	1	0	15	0
           623	2024-05-28 07:52:36	1	0	1	0
           635	2024-05-28 07:53:51	1	0	1	0
            87	2024-05-28 07:54:11	1	0	1	0
           331	2024-05-28 07:56:28	1	0	1	0
           249	2024-05-28 07:56:49	1	0	1	0
            53	2024-05-28 07:57:19	1	0	1	0
           363	2024-05-28 07:57:56	1	0	1	0
           516	2024-05-28 07:58:22	1	0	1	0
           205	2024-05-28 07:58:52	1	0	1	0
           609	2024-05-28 07:59:40	1	0	1	0
           511	2024-05-28 08:00:06	1	0	1	0
           361	2024-05-28 08:01:03	1	0	1	0
           236	2024-05-28 08:03:53	1	0	1	0
           132	2024-05-28 08:04:16	1	0	1	0
           593	2024-05-28 08:12:54	1	0	1	0
           312	2024-05-28 08:13:25	1	0	1	0
           529	2024-05-28 08:15:37	1	0	1	0
           125	2024-05-28 08:20:58	1	0	1	0
           425	2024-05-28 08:25:13	1	0	1	0
           583	2024-05-28 08:34:38	1	0	1	0
           182	2024-05-28 08:48:50	1	0	1	0
           485	2024-05-28 08:57:36	1	0	1	0
           288	2024-05-28 09:11:21	1	0	1	0
           194	2024-05-28 09:11:29	1	0	1	0
           460	2024-05-28 11:01:25	1	0	1	0
           413	2024-05-28 11:01:28	1	0	1	0
            88	2024-05-28 11:07:15	1	0	15	0
           370	2024-05-28 11:07:21	1	0	15	0
           288	2024-05-28 11:07:26	1	0	1	0
            93	2024-05-28 11:07:32	1	0	1	0
           183	2024-05-28 11:13:12	1	0	1	0
           413	2024-05-28 11:21:25	1	0	1	0
           460	2024-05-28 11:23:09	1	0	1	0
            88	2024-05-28 11:26:19	1	0	15	0
           370	2024-05-28 11:26:25	1	0	15	0
           288	2024-05-28 11:26:31	1	0	15	0
            93	2024-05-28 11:26:37	1	0	1	0
           360	2024-05-28 11:30:06	1	0	1	0
           581	2024-05-28 11:30:12	1	0	1	0
           123	2024-05-28 11:30:20	1	0	1	0
           366	2024-05-28 11:30:29	1	0	1	0
           196	2024-05-28 11:30:35	1	0	1	0
           632	2024-05-28 11:30:39	1	0	1	0
           422	2024-05-28 11:30:53	1	0	1	0
           387	2024-05-28 11:32:24	1	0	15	0
           600	2024-05-28 11:35:54	1	0	1	0
           119	2024-05-28 11:36:08	1	0	15	0
           183	2024-05-28 11:36:54	1	0	1	0
           546	2024-05-28 11:48:19	1	0	1	0
           337	2024-05-28 11:48:25	1	0	1	0
           115	2024-05-28 11:48:31	1	0	1	0
           314	2024-05-28 11:48:43	1	0	1	0
           366	2024-05-28 11:56:54	1	0	1	0
           600	2024-05-28 11:57:02	1	0	1	0
           123	2024-05-28 11:57:13	1	0	1	0
           579	2024-05-28 11:59:26	1	0	1	0
           397	2024-05-28 12:00:04	1	0	1	0
           184	2024-05-28 12:00:09	1	0	1	0
            53	2024-05-28 12:00:19	1	0	1	0
           331	2024-05-28 12:00:31	1	0	1	0
            77	2024-05-28 12:01:06	1	0	1	0
            37	2024-05-28 12:01:13	1	0	1	0
           249	2024-05-28 12:01:22	1	0	1	0
           121	2024-05-28 12:01:31	1	0	1	0
           635	2024-05-28 12:01:37	1	0	1	0
           196	2024-05-28 12:01:44	1	0	1	0
           631	2024-05-28 12:01:49	1	0	1	0
           422	2024-05-28 12:02:01	1	0	1	0
           387	2024-05-28 12:02:08	1	0	15	0
           119	2024-05-28 12:02:38	1	0	15	0
           529	2024-05-28 12:02:44	1	0	1	0
           465	2024-05-28 12:02:51	1	0	1	0
            75	2024-05-28 12:02:58	1	0	1	0
           259	2024-05-28 12:03:11	1	0	1	0
           476	2024-05-28 12:03:16	1	0	1	0
           624	2024-05-28 12:03:22	1	0	1	0
           586	2024-05-28 12:03:30	1	0	1	0
           541	2024-05-28 12:03:33	1	0	1	0
           114	2024-05-28 12:03:39	1	0	1	0
            69	2024-05-28 12:03:43	1	0	1	0
           146	2024-05-28 12:03:54	1	0	15	0
           414	2024-05-28 12:04:20	1	0	1	0
           546	2024-05-28 12:04:29	1	0	1	0
           337	2024-05-28 12:04:48	1	0	1	0
           115	2024-05-28 12:04:56	1	0	1	0
           355	2024-05-28 12:05:03	1	0	1	0
           523	2024-05-28 12:05:13	1	0	1	0
           101	2024-05-28 12:05:19	1	0	1	0
           467	2024-05-28 12:05:25	1	0	1	0
           610	2024-05-28 12:05:30	1	0	1	0
           604	2024-05-28 12:06:02	1	0	1	0
           125	2024-05-28 12:06:13	1	0	1	0
           583	2024-05-28 12:06:18	1	0	1	0
           252	2024-05-28 12:06:25	1	0	15	0
           609	2024-05-28 12:06:34	1	0	1	0
           200	2024-05-28 12:06:39	1	0	1	0
           417	2024-05-28 12:07:18	1	0	1	0
           574	2024-05-28 12:07:31	1	0	1	0
           623	2024-05-28 12:07:35	1	0	1	0
           493	2024-05-28 12:07:38	1	0	1	0
           149	2024-05-28 12:07:41	1	0	1	0
            38	2024-05-28 12:08:02	1	0	1	0
           589	2024-05-28 12:08:47	1	0	1	0
           601	2024-05-28 12:09:16	1	0	1	0
           575	2024-05-28 12:09:24	1	0	1	0
           348	2024-05-28 12:09:34	1	0	1	0
            43	2024-05-28 12:10:33	1	0	1	0
            73	2024-05-28 12:11:55	1	0	1	0
           556	2024-05-28 12:12:17	1	0	1	0
           335	2024-05-28 12:12:25	1	0	1	0
           205	2024-05-28 12:12:57	1	0	1	0
           314	2024-05-28 12:13:44	1	0	1	0
           511	2024-05-28 12:13:58	1	0	1	0
           584	2024-05-28 12:15:02	1	0	1	0
           579	2024-05-28 12:15:16	1	0	1	0
            83	2024-05-28 12:15:30	1	0	1	0
           338	2024-05-28 12:17:14	1	0	1	0
            77	2024-05-28 12:17:20	1	0	1	0
            37	2024-05-28 12:17:29	1	0	1	0
           457	2024-05-28 12:17:33	1	0	1	0
            53	2024-05-28 12:17:39	1	0	1	0
           492	2024-05-28 12:17:49	1	0	1	0
           516	2024-05-28 12:18:01	1	0	1	0
           580	2024-05-28 12:18:28	1	0	1	0
           132	2024-05-28 12:18:51	1	0	1	0
           121	2024-05-28 12:20:00	1	0	1	0
           541	2024-05-28 12:20:17	1	0	1	0
           105	2024-05-28 12:21:29	1	0	15	0
           467	2024-05-28 12:21:39	1	0	1	0
           610	2024-05-28 12:21:43	1	0	1	0
            69	2024-05-28 12:21:53	1	0	1	0
            74	2024-05-28 12:21:59	1	0	15	0
           634	2024-05-28 12:23:16	1	0	1	0
           465	2024-05-28 12:24:08	1	0	1	0
            75	2024-05-28 12:25:01	1	0	1	0
           114	2024-05-28 12:25:11	1	0	1	0
           331	2024-05-28 12:26:37	1	0	1	0
           631	2024-05-28 12:26:47	1	0	1	0
           623	2024-05-28 12:27:07	1	0	15	0
           259	2024-05-28 12:27:28	1	0	1	0
            27	2024-05-28 12:27:44	1	0	15	0
           453	2024-05-28 12:27:55	1	0	1	0
           502	2024-05-28 12:28:08	1	0	1	0
           609	2024-05-28 12:28:54	1	0	1	0
           511	2024-05-28 12:29:11	1	0	1	0
           583	2024-05-28 12:29:59	1	0	1	0
            38	2024-05-28 12:30:45	1	0	1	0
           101	2024-05-28 12:31:04	1	0	1	0
           635	2024-05-28 12:31:32	1	0	1	0
           149	2024-05-28 12:31:39	1	0	1	0
           476	2024-05-28 12:31:48	1	0	1	0
           194	2024-05-28 12:31:53	1	0	1	0
           574	2024-05-28 12:32:07	1	0	1	0
           444	2024-05-28 12:32:10	1	0	1	0
           624	2024-05-28 12:32:27	1	0	1	0
           586	2024-05-28 12:32:42	1	0	1	0
           252	2024-05-28 12:33:36	1	0	15	0
           556	2024-05-28 12:35:14	1	0	1	0
           236	2024-05-28 12:35:29	1	0	1	0
            73	2024-05-28 12:35:48	1	0	1	0
           457	2024-05-28 12:36:12	1	0	1	0
           348	2024-05-28 12:36:35	1	0	1	0
           492	2024-05-28 12:36:50	1	0	1	0
            74	2024-05-28 12:36:59	1	0	15	0
           404	2024-05-28 12:37:06	1	0	1	0
           516	2024-05-28 12:37:12	1	0	1	0
           335	2024-05-28 12:37:18	1	0	1	0
           146	2024-05-28 12:38:07	1	0	15	0
           184	2024-05-28 12:38:28	1	0	1	0
           493	2024-05-28 12:39:08	1	0	1	0
           434	2024-05-28 12:40:00	1	0	1	0
           604	2024-05-28 12:40:20	1	0	1	0
           125	2024-05-28 12:40:29	1	0	1	0
           575	2024-05-28 12:40:36	1	0	1	0
           529	2024-05-28 12:41:36	1	0	1	0
           397	2024-05-28 12:41:45	1	0	1	0
           249	2024-05-28 12:42:22	1	0	1	0
            83	2024-05-28 12:43:23	1	0	1	0
           589	2024-05-28 12:43:59	1	0	1	0
           601	2024-05-28 12:44:07	1	0	1	0
           363	2024-05-28 12:44:32	1	0	1	0
           361	2024-05-28 12:44:43	1	0	1	0
           417	2024-05-28 12:44:51	1	0	1	0
           200	2024-05-28 12:45:07	1	0	1	0
           502	2024-05-28 12:45:12	1	0	1	0
           360	2024-05-28 12:47:16	1	0	1	0
           580	2024-05-28 12:49:54	1	0	1	0
           523	2024-05-28 12:50:00	1	0	1	0
           355	2024-05-28 12:50:05	1	0	1	0
            27	2024-05-28 12:50:20	1	0	15	0
           453	2024-05-28 12:50:31	1	0	1	0
            43	2024-05-28 12:51:17	1	0	1	0
           584	2024-05-28 12:51:23	1	0	1	0
           132	2024-05-28 12:52:31	1	0	1	0
           236	2024-05-28 12:54:44	1	0	1	0
           194	2024-05-28 12:55:33	1	0	1	0
           434	2024-05-28 12:55:39	1	0	1	0
           404	2024-05-28 12:59:12	1	0	1	0
           444	2024-05-28 12:59:15	1	0	1	0
           593	2024-05-28 12:59:39	1	0	1	0
           361	2024-05-28 13:00:04	1	0	1	0
           363	2024-05-28 13:00:13	1	0	1	0
           485	2024-05-28 13:01:05	1	0	1	0
           425	2024-05-28 13:04:04	1	0	1	0
           182	2024-05-28 13:15:08	1	0	1	0
            87	2024-05-28 13:15:14	1	0	1	0
           206	2024-05-28 13:15:36	1	0	1	0
           275	2024-05-28 13:18:14	1	0	1	0
           425	2024-05-28 13:35:56	1	0	1	0
           275	2024-05-28 13:36:34	1	0	1	0
           206	2024-05-28 13:41:42	1	0	1	0
           182	2024-05-28 13:41:50	1	0	1	0
           124	2024-05-28 13:52:15	1	0	15	0
           485	2024-05-28 13:54:16	1	0	1	0
           620	2024-05-28 14:14:26	1	0	1	0
           567	2024-05-28 14:38:48	1	0	1	0
            93	2024-05-28 16:06:26	1	0	1	0
           460	2024-05-28 16:08:23	1	0	1	0
           183	2024-05-28 16:13:34	1	0	1	0
           370	2024-05-28 16:17:24	1	0	15	0
           413	2024-05-28 16:29:18	1	0	4	0
           363	2024-05-28 17:00:12	1	0	1	0
           581	2024-05-28 17:00:19	1	0	1	0
           609	2024-05-28 17:00:26	1	0	1	0
           387	2024-05-28 17:00:39	1	0	15	0
           422	2024-05-28 17:00:51	1	0	1	0
            74	2024-05-28 17:01:00	1	0	15	0
           149	2024-05-28 17:01:13	1	0	1	0
            37	2024-05-28 17:01:21	1	0	1	0
           361	2024-05-28 17:01:26	1	0	1	0
            77	2024-05-28 17:01:33	1	0	1	0
           146	2024-05-28 17:01:41	1	0	15	0
           337	2024-05-28 17:01:46	1	0	1	0
            53	2024-05-28 17:01:52	1	0	1	0
           360	2024-05-28 17:02:07	1	0	1	0
           398	2024-05-28 17:02:12	1	0	1	0
           366	2024-05-28 17:02:18	1	0	1	0
           196	2024-05-28 17:02:23	1	0	1	0
           348	2024-05-28 17:02:30	1	0	1	0
           529	2024-05-28 17:02:39	1	0	1	0
           434	2024-05-28 17:02:46	1	0	1	0
           395	2024-05-28 17:02:53	1	0	1	0
           123	2024-05-28 17:02:59	1	0	1	0
           600	2024-05-28 17:03:05	1	0	1	0
           119	2024-05-28 17:03:10	1	0	15	0
           523	2024-05-28 17:03:16	1	0	1	0
           623	2024-05-28 17:03:19	1	0	1	0
           259	2024-05-28 17:03:25	1	0	1	0
           511	2024-05-28 17:03:31	1	0	1	0
           252	2024-05-28 17:03:37	1	0	1	0
           115	2024-05-28 17:03:45	1	0	1	0
           205	2024-05-28 17:04:00	1	0	1	0
           575	2024-05-28 17:04:12	1	0	1	0
           502	2024-05-28 17:04:16	1	0	1	0
           634	2024-05-28 17:04:25	1	0	1	0
           397	2024-05-28 17:04:32	1	0	1	0
           331	2024-05-28 17:04:36	1	0	1	0
           101	2024-05-28 17:05:14	1	0	1	0
           601	2024-05-28 17:05:29	1	0	1	0
           593	2024-05-28 17:06:05	1	0	1	0
           121	2024-05-28 17:06:21	1	0	1	0
           249	2024-05-28 17:06:28	1	0	1	0
           236	2024-05-28 17:06:51	1	0	1	0
            38	2024-05-28 17:07:06	1	0	1	0
           604	2024-05-28 17:07:17	1	0	1	0
           125	2024-05-28 17:07:24	1	0	1	0
            88	2024-05-28 17:08:34	1	0	1	0
           404	2024-05-28 17:08:52	1	0	1	0
            69	2024-05-28 17:09:17	1	0	1	0
           546	2024-05-28 17:09:25	1	0	1	0
           541	2024-05-28 17:09:36	1	0	1	0
           573	2024-05-28 17:09:41	1	0	1	0
           556	2024-05-28 17:09:46	1	0	1	0
            27	2024-05-28 17:10:12	1	0	15	0
           335	2024-05-28 17:10:25	1	0	1	0
           493	2024-05-28 17:10:44	1	0	1	0
           453	2024-05-28 17:10:55	1	0	1	0
            73	2024-05-28 17:11:17	1	0	1	0
           635	2024-05-28 17:11:45	1	0	1	0
           476	2024-05-28 17:11:50	1	0	1	0
           584	2024-05-28 17:12:05	1	0	1	0
           403	2024-05-28 17:13:39	1	0	1	0
           105	2024-05-28 17:13:52	1	0	15	0
           586	2024-05-28 17:14:16	1	0	1	0
           624	2024-05-28 17:14:21	1	0	1	0
           132	2024-05-28 17:14:39	1	0	1	0
           580	2024-05-28 17:16:07	1	0	1	0
           184	2024-05-28 17:16:13	1	0	1	0
           583	2024-05-28 17:17:21	1	0	1	0
           355	2024-05-28 17:19:45	1	0	1	0
           631	2024-05-28 17:23:01	1	0	1	0
           314	2024-05-28 17:23:10	1	0	1	0
           467	2024-05-28 17:31:21	1	0	1	0
           338	2024-05-28 17:33:42	1	0	1	0
           589	2024-05-28 17:34:53	1	0	1	0
           114	2024-05-28 17:41:06	1	0	1	0
           408	2024-05-28 17:45:53	1	0	1	0
           312	2024-05-28 17:45:56	1	0	1	0
           457	2024-05-28 17:48:43	1	0	1	0
           610	2024-05-28 17:57:17	1	0	1	0
           579	2024-05-28 17:57:39	1	0	1	0
           554	2024-05-28 17:57:43	1	0	1	0
           425	2024-05-28 18:00:49	1	0	1	0
           485	2024-05-28 18:01:26	1	0	1	0
            87	2024-05-28 18:04:58	1	0	1	0
           182	2024-05-28 18:05:21	1	0	1	0
           275	2024-05-28 18:06:49	1	0	1	0
           206	2024-05-28 18:07:23	1	0	1	0
           200	2024-05-28 18:31:12	1	0	1	0
            43	2024-05-28 18:36:41	1	0	1	0
           465	2024-05-28 18:41:37	1	0	1	0
            75	2024-05-28 18:41:44	1	0	1	0
           574	2024-05-28 18:58:05	1	0	1	0
           444	2024-05-28 19:08:04	1	0	1	0
           492	2024-05-28 20:27:59	1	0	1	0
           414	2024-05-28 20:28:02	1	0	1	0
           516	2024-05-28 20:44:18	1	0	1	0
           124	2024-05-28 22:02:06	1	0	15	0
           305	2024-05-28 22:24:49	1	0	1	0
           567	2024-05-28 23:01:20	1	0	1	0
            53	2024-05-29 05:57:15	1	0	1	0
           395	2024-05-29 06:01:28	1	0	1	0
           114	2024-05-29 06:02:20	1	0	1	0
           600	2024-05-29 06:11:04	1	0	1	0
           584	2024-05-29 06:27:48	1	0	1	0
           387	2024-05-29 06:29:48	1	0	15	0
           422	2024-05-29 06:32:09	1	0	1	0
           196	2024-05-29 06:36:08	1	0	1	0
           119	2024-05-29 06:36:14	1	0	15	0
           632	2024-05-29 06:36:42	1	0	1	0
           355	2024-05-29 06:41:10	1	0	1	0
           492	2024-05-29 06:41:20	1	0	1	0
            88	2024-05-29 06:41:41	1	0	15	0
           413	2024-05-29 06:43:13	1	0	1	0
           624	2024-05-29 06:44:37	1	0	1	0
           132	2024-05-29 06:44:54	1	0	1	0
            87	2024-05-29 06:45:28	1	0	1	0
            83	2024-05-29 06:45:37	1	0	1	0
            43	2024-05-29 06:49:35	1	0	1	0
           183	2024-05-29 06:51:25	1	0	1	0
           360	2024-05-29 06:51:39	1	0	1	0
           124	2024-05-29 06:52:15	1	0	1	0
           149	2024-05-29 06:52:30	1	0	1	0
           105	2024-05-29 06:52:38	1	0	15	0
           408	2024-05-29 06:53:11	1	0	1	0
           582	2024-05-29 06:53:30	1	0	1	0
           366	2024-05-29 06:55:54	1	0	15	0
           312	2024-05-29 06:56:38	1	0	1	0
           361	2024-05-29 06:58:22	1	0	1	0
           370	2024-05-29 07:01:58	1	0	15	0
           546	2024-05-29 07:02:35	1	0	1	0
           305	2024-05-29 07:03:03	1	0	1	0
            93	2024-05-29 07:03:09	1	0	1	0
           101	2024-05-29 07:04:58	1	0	1	0
           249	2024-05-29 07:05:30	1	0	1	0
           581	2024-05-29 07:05:37	1	0	1	0
           566	2024-05-29 07:05:41	1	0	1	0
            77	2024-05-29 07:06:01	1	0	1	0
           573	2024-05-29 07:13:46	1	0	1	0
           457	2024-05-29 07:14:38	1	0	1	0
           115	2024-05-29 07:18:35	1	0	1	0
           493	2024-05-29 07:19:10	1	0	1	0
           123	2024-05-29 07:19:22	1	0	1	0
           259	2024-05-29 07:20:18	1	0	1	0
           595	2024-05-29 07:22:28	1	0	1	0
           314	2024-05-29 07:22:55	1	0	1	0
           205	2024-05-29 07:22:59	1	0	1	0
           601	2024-05-29 07:25:20	1	0	1	0
           453	2024-05-29 07:28:19	1	0	15	0
            27	2024-05-29 07:28:35	1	0	15	0
           348	2024-05-29 07:28:58	1	0	1	0
           579	2024-05-29 07:29:38	1	0	1	0
            69	2024-05-29 07:29:53	1	0	1	0
           444	2024-05-29 07:30:04	1	0	1	0
           184	2024-05-29 07:31:05	1	0	1	0
            37	2024-05-29 07:32:36	1	0	1	0
           476	2024-05-29 07:33:11	1	0	1	0
           610	2024-05-29 07:34:10	1	0	1	0
           335	2024-05-29 07:34:47	1	0	1	0
           397	2024-05-29 07:34:52	1	0	1	0
           574	2024-05-29 07:34:59	1	0	1	0
           523	2024-05-29 07:35:11	1	0	1	0
           631	2024-05-29 07:35:54	1	0	1	0
            38	2024-05-29 07:38:11	1	0	1	0
            73	2024-05-29 07:38:30	1	0	1	0
           623	2024-05-29 07:38:38	1	0	1	0
           556	2024-05-29 07:38:45	1	0	1	0
           414	2024-05-29 07:39:25	1	0	1	0
           541	2024-05-29 07:40:03	1	0	1	0
            75	2024-05-29 07:40:25	1	0	1	0
           465	2024-05-29 07:40:43	1	0	1	0
           586	2024-05-29 07:41:08	1	0	1	0
           589	2024-05-29 07:41:31	1	0	1	0
           529	2024-05-29 07:42:04	1	0	15	0
           603	2024-05-29 07:42:10	1	0	1	0
           125	2024-05-29 07:43:00	1	0	1	0
           634	2024-05-29 07:43:52	1	0	1	0
           502	2024-05-29 07:45:16	1	0	1	0
           338	2024-05-29 07:46:53	1	0	1	0
           467	2024-05-29 07:48:03	1	0	1	0
           604	2024-05-29 07:48:33	1	0	1	0
           635	2024-05-29 07:48:45	1	0	1	0
           236	2024-05-29 07:50:15	1	0	1	0
           609	2024-05-29 07:50:48	1	0	1	0
           252	2024-05-29 07:51:20	1	0	15	0
           404	2024-05-29 07:51:44	1	0	1	0
           516	2024-05-29 07:55:17	1	0	1	0
           593	2024-05-29 07:56:06	1	0	1	0
           403	2024-05-29 07:56:14	1	0	1	0
           331	2024-05-29 07:56:21	1	0	1	0
           121	2024-05-29 07:56:37	1	0	1	0
           363	2024-05-29 07:57:41	1	0	1	0
           511	2024-05-29 08:00:57	1	0	1	0
           580	2024-05-29 08:03:50	1	0	1	0
           200	2024-05-29 08:05:23	1	0	1	0
           583	2024-05-29 08:12:14	1	0	1	0
           425	2024-05-29 08:22:31	1	0	1	0
           275	2024-05-29 08:42:19	1	0	1	0
           206	2024-05-29 08:42:36	1	0	1	0
           485	2024-05-29 08:47:00	1	0	1	0
           182	2024-05-29 08:53:16	1	0	1	0
            88	2024-05-29 11:11:20	1	0	15	0
           370	2024-05-29 11:11:26	1	0	15	0
            93	2024-05-29 11:11:31	1	0	1	0
           288	2024-05-29 11:12:09	1	0	1	0
           566	2024-05-29 11:30:03	1	0	1	0
           582	2024-05-29 11:30:10	1	0	1	0
           123	2024-05-29 11:30:16	1	0	1	0
           366	2024-05-29 11:30:29	1	0	1	0
           422	2024-05-29 11:30:49	1	0	1	0
           600	2024-05-29 11:30:58	1	0	1	0
           119	2024-05-29 11:32:11	1	0	15	0
           196	2024-05-29 11:32:37	1	0	1	0
           632	2024-05-29 11:32:47	1	0	1	0
           387	2024-05-29 11:33:32	1	0	15	0
           581	2024-05-29 11:34:12	1	0	15	0
           360	2024-05-29 11:34:38	1	0	1	0
            93	2024-05-29 11:45:13	1	0	15	0
            88	2024-05-29 11:45:34	1	0	15	0
           370	2024-05-29 11:45:41	1	0	15	0
           288	2024-05-29 11:45:47	1	0	1	0
           546	2024-05-29 11:48:08	1	0	1	0
           314	2024-05-29 11:48:13	1	0	1	0
           579	2024-05-29 11:53:58	1	0	1	0
           573	2024-05-29 11:54:02	1	0	1	0
           581	2024-05-29 11:54:52	1	0	1	0
           366	2024-05-29 11:55:17	1	0	15	0
           600	2024-05-29 11:57:28	1	0	1	0
           566	2024-05-29 11:57:33	1	0	1	0
           196	2024-05-29 12:00:04	1	0	1	0
           422	2024-05-29 12:00:09	1	0	1	0
           387	2024-05-29 12:00:16	1	0	15	0
           582	2024-05-29 12:00:21	1	0	1	0
           119	2024-05-29 12:00:27	1	0	15	0
           404	2024-05-29 12:00:32	1	0	1	0
           123	2024-05-29 12:00:37	1	0	1	0
           604	2024-05-29 12:00:53	1	0	1	0
           125	2024-05-29 12:01:02	1	0	1	0
            37	2024-05-29 12:01:08	1	0	1	0
           259	2024-05-29 12:01:15	1	0	1	0
           397	2024-05-29 12:01:20	1	0	1	0
           457	2024-05-29 12:01:27	1	0	1	0
            69	2024-05-29 12:01:35	1	0	1	0
           516	2024-05-29 12:01:45	1	0	1	0
           335	2024-05-29 12:01:49	1	0	1	0
           511	2024-05-29 12:01:55	1	0	1	0
           593	2024-05-29 12:02:01	1	0	1	0
           184	2024-05-29 12:02:06	1	0	1	0
           146	2024-05-29 12:02:11	1	0	15	0
           601	2024-05-29 12:02:17	1	0	1	0
           331	2024-05-29 12:02:27	1	0	1	0
           589	2024-05-29 12:02:32	1	0	1	0
           631	2024-05-29 12:02:36	1	0	1	0
           541	2024-05-29 12:02:46	1	0	1	0
            77	2024-05-29 12:02:54	1	0	1	0
           546	2024-05-29 12:03:26	1	0	1	0
           493	2024-05-29 12:03:40	1	0	1	0
           584	2024-05-29 12:03:45	1	0	1	0
           623	2024-05-29 12:04:02	1	0	1	0
           556	2024-05-29 12:04:46	1	0	1	0
           121	2024-05-29 12:05:12	1	0	1	0
           529	2024-05-29 12:05:16	1	0	1	0
           603	2024-05-29 12:05:21	1	0	1	0
           252	2024-05-29 12:05:27	1	0	15	0
           476	2024-05-29 12:05:32	1	0	1	0
           624	2024-05-29 12:05:38	1	0	1	0
           586	2024-05-29 12:05:42	1	0	1	0
           200	2024-05-29 12:05:48	1	0	1	0
           413	2024-05-29 12:05:56	1	0	1	0
           414	2024-05-29 12:06:05	1	0	1	0
           467	2024-05-29 12:06:43	1	0	1	0
           610	2024-05-29 12:06:56	1	0	1	0
           635	2024-05-29 12:07:03	1	0	1	0
           114	2024-05-29 12:07:38	1	0	1	0
           101	2024-05-29 12:07:54	1	0	1	0
            75	2024-05-29 12:08:02	1	0	1	0
           523	2024-05-29 12:09:04	1	0	1	0
           609	2024-05-29 12:10:11	1	0	1	0
           115	2024-05-29 12:11:46	1	0	1	0
           574	2024-05-29 12:13:09	1	0	1	0
           573	2024-05-29 12:13:13	1	0	1	0
           579	2024-05-29 12:13:17	1	0	1	0
           492	2024-05-29 12:13:28	1	0	1	0
           314	2024-05-29 12:13:35	1	0	1	0
            83	2024-05-29 12:13:39	1	0	1	0
           580	2024-05-29 12:13:48	1	0	1	0
           465	2024-05-29 12:15:26	1	0	1	0
           583	2024-05-29 12:16:09	1	0	1	0
            37	2024-05-29 12:17:27	1	0	1	0
           593	2024-05-29 12:18:01	1	0	1	0
           511	2024-05-29 12:18:06	1	0	1	0
           541	2024-05-29 12:18:26	1	0	1	0
           338	2024-05-29 12:20:42	1	0	1	0
           457	2024-05-29 12:20:47	1	0	1	0
           631	2024-05-29 12:21:15	1	0	1	0
           413	2024-05-29 12:21:30	1	0	1	0
           634	2024-05-29 12:21:37	1	0	1	0
           623	2024-05-29 12:21:54	1	0	1	0
           516	2024-05-29 12:22:39	1	0	1	0
           610	2024-05-29 12:23:03	1	0	1	0
           348	2024-05-29 12:23:28	1	0	1	0
           467	2024-05-29 12:25:21	1	0	1	0
           635	2024-05-29 12:25:30	1	0	1	0
           584	2024-05-29 12:26:01	1	0	1	0
           601	2024-05-29 12:26:06	1	0	1	0
            77	2024-05-29 12:26:28	1	0	1	0
           556	2024-05-29 12:26:37	1	0	1	0
           236	2024-05-29 12:26:43	1	0	1	0
           476	2024-05-29 12:26:52	1	0	1	0
           589	2024-05-29 12:27:33	1	0	1	0
           252	2024-05-29 12:28:38	1	0	15	0
           194	2024-05-29 12:28:45	1	0	1	0
           363	2024-05-29 12:30:00	1	0	1	0
           492	2024-05-29 12:30:17	1	0	1	0
           101	2024-05-29 12:30:23	1	0	1	0
           609	2024-05-29 12:30:30	1	0	1	0
            75	2024-05-29 12:30:43	1	0	1	0
           502	2024-05-29 12:30:56	1	0	1	0
            27	2024-05-29 12:31:07	1	0	15	0
           453	2024-05-29 12:31:16	1	0	15	0
           397	2024-05-29 12:31:21	1	0	1	0
           444	2024-05-29 12:31:26	1	0	1	0
           331	2024-05-29 12:32:33	1	0	1	0
           115	2024-05-29 12:34:41	1	0	1	0
           146	2024-05-29 12:34:58	1	0	15	0
           586	2024-05-29 12:35:34	1	0	1	0
           624	2024-05-29 12:35:43	1	0	1	0
           465	2024-05-29 12:36:02	1	0	1	0
           604	2024-05-29 12:37:17	1	0	1	0
           125	2024-05-29 12:37:36	1	0	1	0
           121	2024-05-29 12:38:31	1	0	1	0
           404	2024-05-29 12:38:34	1	0	1	0
           114	2024-05-29 12:38:39	1	0	1	0
           348	2024-05-29 12:40:09	1	0	1	0
           259	2024-05-29 12:43:27	1	0	1	0
           583	2024-05-29 12:44:20	1	0	1	0
           580	2024-05-29 12:45:32	1	0	1	0
            69	2024-05-29 12:46:12	1	0	1	0
           502	2024-05-29 12:49:15	1	0	1	0
           523	2024-05-29 12:49:31	1	0	1	0
            27	2024-05-29 12:49:40	1	0	15	0
           603	2024-05-29 12:49:47	1	0	1	0
           529	2024-05-29 12:49:50	1	0	15	0
           453	2024-05-29 12:50:00	1	0	1	0
           493	2024-05-29 12:50:05	1	0	1	0
            83	2024-05-29 12:51:35	1	0	1	0
           574	2024-05-29 12:51:40	1	0	1	0
           200	2024-05-29 12:51:55	1	0	1	0
           363	2024-05-29 12:53:00	1	0	1	0
           335	2024-05-29 12:55:55	1	0	1	0
           634	2024-05-29 12:56:40	1	0	1	0
           444	2024-05-29 12:58:06	1	0	1	0
           236	2024-05-29 13:00:29	1	0	1	0
           485	2024-05-29 13:01:40	1	0	1	0
           425	2024-05-29 13:01:45	1	0	1	0
           182	2024-05-29 13:07:43	1	0	1	0
           275	2024-05-29 13:11:53	1	0	1	0
           206	2024-05-29 13:17:09	1	0	1	0
           425	2024-05-29 13:26:18	1	0	1	0
           182	2024-05-29 13:39:21	1	0	1	0
           275	2024-05-29 13:39:57	1	0	1	0
           567	2024-05-29 13:42:41	1	0	1	0
           485	2024-05-29 13:48:57	1	0	1	0
           206	2024-05-29 13:53:08	1	0	1	0
           124	2024-05-29 15:00:05	1	0	15	0
            93	2024-05-29 16:02:44	1	0	1	0
           370	2024-05-29 16:11:01	1	0	15	0
           183	2024-05-29 16:37:36	1	0	1	0
           413	2024-05-29 16:55:19	1	0	1	0
           397	2024-05-29 17:00:04	1	0	1	0
           603	2024-05-29 17:00:10	1	0	1	0
           581	2024-05-29 17:00:13	1	0	1	0
           529	2024-05-29 17:00:17	1	0	1	0
           566	2024-05-29 17:00:20	1	0	1	0
           609	2024-05-29 17:00:24	1	0	1	0
           366	2024-05-29 17:00:30	1	0	1	0
           600	2024-05-29 17:00:36	1	0	1	0
           387	2024-05-29 17:00:40	1	0	15	0
           422	2024-05-29 17:00:46	1	0	1	0
           149	2024-05-29 17:00:54	1	0	1	0
            37	2024-05-29 17:01:02	1	0	1	0
           101	2024-05-29 17:01:09	1	0	1	0
           123	2024-05-29 17:01:18	1	0	1	0
           395	2024-05-29 17:01:25	1	0	1	0
           453	2024-05-29 17:01:34	1	0	1	0
           335	2024-05-29 17:01:41	1	0	1	0
            77	2024-05-29 17:01:53	1	0	1	0
           196	2024-05-29 17:02:17	1	0	1	0
           631	2024-05-29 17:02:25	1	0	1	0
           582	2024-05-29 17:02:59	1	0	1	0
           493	2024-05-29 17:03:05	1	0	1	0
           348	2024-05-29 17:03:12	1	0	1	0
           589	2024-05-29 17:03:16	1	0	1	0
           434	2024-05-29 17:03:27	1	0	1	0
           623	2024-05-29 17:03:34	1	0	1	0
           259	2024-05-29 17:03:41	1	0	1	0
           331	2024-05-29 17:04:15	1	0	1	0
           511	2024-05-29 17:04:22	1	0	1	0
           593	2024-05-29 17:04:42	1	0	1	0
           604	2024-05-29 17:04:48	1	0	1	0
           125	2024-05-29 17:05:07	1	0	1	0
            38	2024-05-29 17:05:19	1	0	1	0
           252	2024-05-29 17:05:26	1	0	15	0
           288	2024-05-29 17:05:33	1	0	1	0
           634	2024-05-29 17:05:41	1	0	1	0
           249	2024-05-29 17:05:53	1	0	1	0
           132	2024-05-29 17:06:44	1	0	1	0
           601	2024-05-29 17:07:07	1	0	1	0
           476	2024-05-29 17:07:34	1	0	1	0
           624	2024-05-29 17:07:39	1	0	1	0
            69	2024-05-29 17:07:44	1	0	1	0
           586	2024-05-29 17:08:33	1	0	1	0
           236	2024-05-29 17:09:39	1	0	1	0
           403	2024-05-29 17:09:54	1	0	1	0
           194	2024-05-29 17:10:26	1	0	1	0
           355	2024-05-29 17:10:31	1	0	1	0
           363	2024-05-29 17:11:10	1	0	1	0
           580	2024-05-29 17:11:32	1	0	1	0
           635	2024-05-29 17:12:00	1	0	1	0
            75	2024-05-29 17:12:23	1	0	1	0
           119	2024-05-29 17:12:36	1	0	15	0
            73	2024-05-29 17:15:58	1	0	1	0
           121	2024-05-29 17:16:23	1	0	1	0
           338	2024-05-29 17:17:29	1	0	1	0
           546	2024-05-29 17:17:37	1	0	1	0
            83	2024-05-29 17:18:45	1	0	1	0
           115	2024-05-29 17:19:01	1	0	1	0
           408	2024-05-29 17:20:10	1	0	1	0
            43	2024-05-29 17:22:34	1	0	1	0
           584	2024-05-29 17:23:35	1	0	1	0
           583	2024-05-29 17:26:39	1	0	1	0
           105	2024-05-29 17:31:48	1	0	15	0
           404	2024-05-29 17:43:39	1	0	1	0
           205	2024-05-29 17:44:16	1	0	1	0
           146	2024-05-29 17:57:53	1	0	15	0
            88	2024-05-29 17:58:13	1	0	1	0
           275	2024-05-29 18:00:04	1	0	1	0
           182	2024-05-29 18:01:04	1	0	1	0
            87	2024-05-29 18:01:12	1	0	1	0
           206	2024-05-29 18:01:17	1	0	1	0
           485	2024-05-29 18:04:06	1	0	1	0
           425	2024-05-29 18:04:12	1	0	1	0
           184	2024-05-29 18:10:32	1	0	1	0
           200	2024-05-29 18:14:51	1	0	1	0
           312	2024-05-29 18:16:52	1	0	1	0
           574	2024-05-29 19:02:39	1	0	1	0
           444	2024-05-29 19:07:54	1	0	1	0
           414	2024-05-29 19:42:00	1	0	1	0
           620	2024-05-29 19:46:10	1	0	1	0
           465	2024-05-29 19:57:44	1	0	1	0
           502	2024-05-29 19:57:51	1	0	1	0
           516	2024-05-29 20:01:07	1	0	1	0
           457	2024-05-29 20:01:13	1	0	1	0
           467	2024-05-29 20:37:22	1	0	1	0
            27	2024-05-29 20:38:24	1	0	15	0
           418	2024-05-29 21:00:06	1	0	1	0
           610	2024-05-29 21:08:40	1	0	1	0
           567	2024-05-29 22:01:10	1	0	1	0
           314	2024-05-29 22:23:34	1	0	1	0
           573	2024-05-29 22:23:49	1	0	1	0
           579	2024-05-29 22:23:53	1	0	1	0
           492	2024-05-29 22:53:04	1	0	1	0
           395	2024-05-30 05:51:59	1	0	1	0
           337	2024-05-30 05:59:41	1	0	1	0
           418	2024-05-30 06:00:19	1	0	1	0
            88	2024-05-30 06:00:47	1	0	1	0
           124	2024-05-30 06:08:48	1	0	15	0
           620	2024-05-30 06:21:04	1	0	1	0
           196	2024-05-30 06:33:32	1	0	1	0
           119	2024-05-30 06:33:42	1	0	15	0
           632	2024-05-30 06:34:08	1	0	1	0
           387	2024-05-30 06:34:33	1	0	15	0
           422	2024-05-30 06:34:48	1	0	1	0
           600	2024-05-30 06:35:11	1	0	1	0
           567	2024-05-30 06:37:11	1	0	1	0
            74	2024-05-30 06:37:54	1	0	15	0
           413	2024-05-30 06:39:40	1	0	4	0
           115	2024-05-30 06:41:47	1	0	1	0
           366	2024-05-30 06:49:04	1	0	15	0
           360	2024-05-30 06:49:33	1	0	1	0
           183	2024-05-30 06:49:57	1	0	1	0
           546	2024-05-30 06:53:24	1	0	1	0
           566	2024-05-30 06:55:51	1	0	1	0
           581	2024-05-30 06:55:54	1	0	1	0
           457	2024-05-30 06:58:05	1	0	1	0
           460	2024-05-30 07:01:07	1	0	1	0
            93	2024-05-30 07:08:15	1	0	1	0
           149	2024-05-30 07:09:24	1	0	1	0
            77	2024-05-30 07:10:24	1	0	1	0
           123	2024-05-30 07:15:49	1	0	1	0
           634	2024-05-30 07:16:19	1	0	1	0
           601	2024-05-30 07:17:33	1	0	1	0
           114	2024-05-30 07:17:54	1	0	1	0
           398	2024-05-30 07:20:23	1	0	1	0
           101	2024-05-30 07:22:07	1	0	1	0
           610	2024-05-30 07:26:32	1	0	1	0
           573	2024-05-30 07:27:03	1	0	1	0
           434	2024-05-30 07:27:09	1	0	1	0
           355	2024-05-30 07:28:28	1	0	1	0
           584	2024-05-30 07:30:38	1	0	1	0
            43	2024-05-30 07:32:44	1	0	1	0
            75	2024-05-30 07:33:11	1	0	1	0
           465	2024-05-30 07:33:19	1	0	1	0
           595	2024-05-30 07:33:23	1	0	1	0
           259	2024-05-30 07:33:46	1	0	1	0
            73	2024-05-30 07:34:07	1	0	1	0
            38	2024-05-30 07:34:15	1	0	1	0
           574	2024-05-30 07:34:24	1	0	1	0
           444	2024-05-30 07:34:48	1	0	1	0
            37	2024-05-30 07:35:12	1	0	1	0
           338	2024-05-30 07:35:30	1	0	1	0
            69	2024-05-30 07:35:42	1	0	1	0
           623	2024-05-30 07:36:15	1	0	1	0
           265	2024-05-30 07:37:15	1	0	1	0
           397	2024-05-30 07:37:25	1	0	1	0
           609	2024-05-30 07:37:31	1	0	1	0
           476	2024-05-30 07:39:26	1	0	1	0
           631	2024-05-30 07:39:59	1	0	1	0
           492	2024-05-30 07:41:47	1	0	1	0
           288	2024-05-30 07:42:56	1	0	1	0
           194	2024-05-30 07:43:02	1	0	1	0
            53	2024-05-30 07:44:25	1	0	1	0
           624	2024-05-30 07:44:39	1	0	1	0
           467	2024-05-30 07:45:24	1	0	1	0
           589	2024-05-30 07:45:49	1	0	1	0
           125	2024-05-30 07:47:28	1	0	1	0
            83	2024-05-30 07:47:46	1	0	1	0
           604	2024-05-30 07:48:33	1	0	1	0
           403	2024-05-30 07:48:41	1	0	1	0
           529	2024-05-30 07:50:03	1	0	1	0
           603	2024-05-30 07:50:06	1	0	1	0
           502	2024-05-30 07:52:04	1	0	1	0
           105	2024-05-30 07:52:32	1	0	15	0
           511	2024-05-30 07:52:37	1	0	1	0
           404	2024-05-30 07:52:57	1	0	1	0
           132	2024-05-30 07:53:08	1	0	1	0
           363	2024-05-30 07:54:18	1	0	1	0
           579	2024-05-30 07:54:26	1	0	1	0
           541	2024-05-30 07:55:06	1	0	1	0
           635	2024-05-30 07:55:10	1	0	1	0
           586	2024-05-30 07:55:52	1	0	1	0
           408	2024-05-30 07:56:39	1	0	1	0
           516	2024-05-30 07:56:45	1	0	1	0
            27	2024-05-30 07:56:58	1	0	15	0
           348	2024-05-30 07:57:14	1	0	15	0
           453	2024-05-30 07:57:21	1	0	15	0
           417	2024-05-30 07:58:19	1	0	1	0
           312	2024-05-30 07:58:46	1	0	1	0
           575	2024-05-30 08:00:35	1	0	1	0
           236	2024-05-30 08:00:51	1	0	1	0
           361	2024-05-30 08:01:09	1	0	1	0
           121	2024-05-30 08:01:15	1	0	1	0
           205	2024-05-30 08:01:30	1	0	1	0
           593	2024-05-30 08:02:14	1	0	1	0
           146	2024-05-30 08:03:44	1	0	15	0
           184	2024-05-30 08:03:51	1	0	1	0
           583	2024-05-30 08:05:31	1	0	1	0
           331	2024-05-30 08:05:41	1	0	1	0
           252	2024-05-30 08:06:58	1	0	15	0
           580	2024-05-30 08:07:46	1	0	1	0
           493	2024-05-30 08:13:15	1	0	1	0
           249	2024-05-30 08:14:00	1	0	1	0
           425	2024-05-30 08:19:57	1	0	1	0
           485	2024-05-30 08:44:45	1	0	1	0
            87	2024-05-30 08:53:07	1	0	1	0
           275	2024-05-30 09:05:03	1	0	1	0
           206	2024-05-30 09:05:55	1	0	1	0
           460	2024-05-30 11:05:17	1	0	1	0
           288	2024-05-30 11:07:50	1	0	1	0
            93	2024-05-30 11:07:55	1	0	1	0
            88	2024-05-30 11:14:52	1	0	1	0
           413	2024-05-30 11:20:28	1	0	1	0
           460	2024-05-30 11:25:20	1	0	1	0
           581	2024-05-30 11:30:21	1	0	1	0
           387	2024-05-30 11:30:33	1	0	15	0
           632	2024-05-30 11:30:43	1	0	1	0
           196	2024-05-30 11:30:48	1	0	1	0
           422	2024-05-30 11:30:53	1	0	1	0
            88	2024-05-30 11:31:00	1	0	15	0
            93	2024-05-30 11:31:20	1	0	1	0
           566	2024-05-30 11:32:10	1	0	1	0
           600	2024-05-30 11:32:13	1	0	1	0
           360	2024-05-30 11:32:28	1	0	1	0
           119	2024-05-30 11:33:09	1	0	15	0
           366	2024-05-30 11:33:19	1	0	15	0
           123	2024-05-30 11:36:11	1	0	1	0
           395	2024-05-30 11:36:43	1	0	1	0
           413	2024-05-30 11:41:35	1	0	1	0
           288	2024-05-30 11:46:16	1	0	1	0
           360	2024-05-30 11:47:48	1	0	1	0
           314	2024-05-30 11:52:48	1	0	1	0
           579	2024-05-30 11:53:42	1	0	1	0
           546	2024-05-30 11:53:47	1	0	1	0
           337	2024-05-30 11:53:54	1	0	1	0
           115	2024-05-30 11:54:30	1	0	1	0
           573	2024-05-30 11:55:59	1	0	1	0
           366	2024-05-30 11:57:14	1	0	1	0
           600	2024-05-30 11:59:18	1	0	1	0
           123	2024-05-30 11:59:23	1	0	1	0
           395	2024-05-30 12:00:09	1	0	1	0
           196	2024-05-30 12:00:15	1	0	1	0
           422	2024-05-30 12:00:19	1	0	1	0
            43	2024-05-30 12:00:29	1	0	1	0
           387	2024-05-30 12:00:37	1	0	15	0
           397	2024-05-30 12:00:43	1	0	1	0
            75	2024-05-30 12:00:47	1	0	1	0
           465	2024-05-30 12:00:53	1	0	1	0
           631	2024-05-30 12:01:00	1	0	1	0
           119	2024-05-30 12:01:07	1	0	15	0
           236	2024-05-30 12:01:21	1	0	1	0
           417	2024-05-30 12:02:04	1	0	1	0
           635	2024-05-30 12:02:16	1	0	1	0
           105	2024-05-30 12:02:51	1	0	15	0
           408	2024-05-30 12:02:55	1	0	1	0
           361	2024-05-30 12:03:00	1	0	1	0
           338	2024-05-30 12:03:03	1	0	1	0
           265	2024-05-30 12:03:08	1	0	1	0
            77	2024-05-30 12:03:11	1	0	1	0
            69	2024-05-30 12:03:16	1	0	1	0
           184	2024-05-30 12:03:43	1	0	1	0
            53	2024-05-30 12:03:51	1	0	1	0
           604	2024-05-30 12:04:01	1	0	1	0
           125	2024-05-30 12:04:11	1	0	1	0
           575	2024-05-30 12:04:31	1	0	1	0
           583	2024-05-30 12:04:35	1	0	1	0
           348	2024-05-30 12:04:41	1	0	1	0
           355	2024-05-30 12:04:47	1	0	1	0
           523	2024-05-30 12:04:54	1	0	1	0
           624	2024-05-30 12:05:06	1	0	1	0
           586	2024-05-30 12:05:14	1	0	1	0
            37	2024-05-30 12:05:25	1	0	1	0
           259	2024-05-30 12:05:34	1	0	1	0
           476	2024-05-30 12:05:39	1	0	1	0
            73	2024-05-30 12:05:46	1	0	1	0
           331	2024-05-30 12:05:55	1	0	1	0
           580	2024-05-30 12:06:07	1	0	1	0
           403	2024-05-30 12:06:13	1	0	1	0
           132	2024-05-30 12:06:35	1	0	1	0
           121	2024-05-30 12:06:39	1	0	1	0
           603	2024-05-30 12:06:44	1	0	1	0
           529	2024-05-30 12:06:48	1	0	1	0
           249	2024-05-30 12:06:52	1	0	1	0
           589	2024-05-30 12:06:58	1	0	1	0
           511	2024-05-30 12:07:09	1	0	1	0
           593	2024-05-30 12:07:16	1	0	1	0
           623	2024-05-30 12:07:21	1	0	1	0
            38	2024-05-30 12:07:37	1	0	1	0
           114	2024-05-30 12:07:42	1	0	1	0
           363	2024-05-30 12:07:49	1	0	1	0
           314	2024-05-30 12:08:04	1	0	1	0
           610	2024-05-30 12:08:09	1	0	1	0
            74	2024-05-30 12:08:25	1	0	15	0
           434	2024-05-30 12:08:31	1	0	1	0
           609	2024-05-30 12:08:36	1	0	1	0
           634	2024-05-30 12:08:40	1	0	1	0
           546	2024-05-30 12:08:47	1	0	1	0
           556	2024-05-30 12:09:08	1	0	1	0
           337	2024-05-30 12:09:15	1	0	1	0
           115	2024-05-30 12:09:31	1	0	1	0
           579	2024-05-30 12:09:41	1	0	1	0
           584	2024-05-30 12:10:10	1	0	1	0
           101	2024-05-30 12:10:35	1	0	1	0
           601	2024-05-30 12:11:58	1	0	1	0
           595	2024-05-30 12:12:01	1	0	1	0
           573	2024-05-30 12:12:41	1	0	1	0
           541	2024-05-30 12:14:04	1	0	1	0
           146	2024-05-30 12:14:29	1	0	15	0
           467	2024-05-30 12:14:36	1	0	1	0
           205	2024-05-30 12:16:48	1	0	1	0
           492	2024-05-30 12:17:19	1	0	1	0
           149	2024-05-30 12:17:30	1	0	1	0
           457	2024-05-30 12:17:40	1	0	1	0
           361	2024-05-30 12:18:11	1	0	1	0
           516	2024-05-30 12:18:25	1	0	1	0
            27	2024-05-30 12:18:42	1	0	15	0
           453	2024-05-30 12:18:49	1	0	15	0
           574	2024-05-30 12:18:57	1	0	1	0
           194	2024-05-30 12:19:12	1	0	15	0
           631	2024-05-30 12:20:33	1	0	1	0
           252	2024-05-30 12:20:47	1	0	15	0
            37	2024-05-30 12:20:57	1	0	1	0
           493	2024-05-30 12:21:01	1	0	1	0
           403	2024-05-30 12:21:55	1	0	1	0
           331	2024-05-30 12:22:05	1	0	1	0
           465	2024-05-30 12:22:49	1	0	1	0
            77	2024-05-30 12:22:55	1	0	1	0
           604	2024-05-30 12:23:47	1	0	1	0
           125	2024-05-30 12:23:51	1	0	1	0
           265	2024-05-30 12:24:08	1	0	1	0
            43	2024-05-30 12:24:18	1	0	1	0
            75	2024-05-30 12:24:33	1	0	1	0
           583	2024-05-30 12:24:39	1	0	1	0
           404	2024-05-30 12:24:50	1	0	1	0
           434	2024-05-30 12:25:06	1	0	1	0
           584	2024-05-30 12:25:11	1	0	1	0
           610	2024-05-30 12:25:15	1	0	1	0
            74	2024-05-30 12:25:42	1	0	1	0
            83	2024-05-30 12:26:50	1	0	1	0
           338	2024-05-30 12:27:15	1	0	1	0
           408	2024-05-30 12:27:29	1	0	1	0
           363	2024-05-30 12:28:31	1	0	1	0
           417	2024-05-30 12:28:41	1	0	15	0
           132	2024-05-30 12:29:02	1	0	1	0
           101	2024-05-30 12:29:22	1	0	1	0
            73	2024-05-30 12:29:46	1	0	1	0
            38	2024-05-30 12:30:02	1	0	1	0
            53	2024-05-30 12:30:16	1	0	1	0
           476	2024-05-30 12:30:28	1	0	1	0
           575	2024-05-30 12:31:02	1	0	1	0
           205	2024-05-30 12:32:10	1	0	1	0
           467	2024-05-30 12:32:47	1	0	1	0
           348	2024-05-30 12:32:59	1	0	1	0
           634	2024-05-30 12:33:08	1	0	1	0
           516	2024-05-30 12:33:27	1	0	1	0
           457	2024-05-30 12:33:30	1	0	1	0
           492	2024-05-30 12:33:37	1	0	1	0
           335	2024-05-30 12:35:05	1	0	1	0
           635	2024-05-30 12:36:30	1	0	1	0
           502	2024-05-30 12:36:52	1	0	1	0
           121	2024-05-30 12:38:15	1	0	1	0
           249	2024-05-30 12:38:22	1	0	1	0
           589	2024-05-30 12:38:56	1	0	1	0
           595	2024-05-30 12:39:00	1	0	1	0
           259	2024-05-30 12:39:06	1	0	1	0
           184	2024-05-30 12:39:11	1	0	1	0
           601	2024-05-30 12:39:16	1	0	1	0
           511	2024-05-30 12:39:25	1	0	1	0
           593	2024-05-30 12:39:30	1	0	1	0
           623	2024-05-30 12:39:34	1	0	1	0
            27	2024-05-30 12:40:13	1	0	15	0
           453	2024-05-30 12:40:36	1	0	15	0
           493	2024-05-30 12:40:43	1	0	1	0
           444	2024-05-30 12:40:51	1	0	1	0
           146	2024-05-30 12:41:35	1	0	15	0
           397	2024-05-30 12:41:57	1	0	1	0
           252	2024-05-30 12:43:43	1	0	15	0
           574	2024-05-30 12:45:57	1	0	1	0
           556	2024-05-30 12:47:13	1	0	1	0
           236	2024-05-30 12:48:47	1	0	1	0
            69	2024-05-30 12:49:14	1	0	1	0
           603	2024-05-30 12:50:46	1	0	1	0
           529	2024-05-30 12:50:50	1	0	1	0
           355	2024-05-30 12:50:57	1	0	1	0
           609	2024-05-30 12:51:05	1	0	1	0
           580	2024-05-30 12:51:31	1	0	1	0
           502	2024-05-30 12:52:18	1	0	1	0
           586	2024-05-30 12:52:36	1	0	1	0
           624	2024-05-30 12:52:43	1	0	1	0
           404	2024-05-30 12:54:16	1	0	1	0
           194	2024-05-30 12:55:04	1	0	1	0
            83	2024-05-30 12:56:52	1	0	1	0
           335	2024-05-30 12:57:37	1	0	1	0
           444	2024-05-30 13:00:04	1	0	1	0
            87	2024-05-30 13:01:57	1	0	1	0
           425	2024-05-30 13:03:32	1	0	1	0
           485	2024-05-30 13:16:09	1	0	1	0
           275	2024-05-30 13:19:40	1	0	1	0
           533	2024-05-30 13:21:53	1	0	1	0
           206	2024-05-30 13:24:19	1	0	1	0
           425	2024-05-30 13:30:34	1	0	1	0
            87	2024-05-30 13:36:01	1	0	1	0
           206	2024-05-30 13:44:18	1	0	1	0
           275	2024-05-30 13:46:52	1	0	1	0
           620	2024-05-30 13:50:33	1	0	1	0
           485	2024-05-30 13:57:11	1	0	1	0
           124	2024-05-30 14:06:46	1	0	15	0
           418	2024-05-30 14:28:44	1	0	1	0
           567	2024-05-30 15:00:14	1	0	1	0
           183	2024-05-30 16:09:58	1	0	1	0
            93	2024-05-30 16:10:04	1	0	1	0
            88	2024-05-30 16:13:39	1	0	1	0
           460	2024-05-30 16:21:04	1	0	1	0
            53	2024-05-30 17:00:47	1	0	1	0
           331	2024-05-30 17:00:52	1	0	1	0
           422	2024-05-30 17:00:59	1	0	1	0
           387	2024-05-30 17:01:06	1	0	15	0
           397	2024-05-30 17:01:12	1	0	1	0
           623	2024-05-30 17:01:15	1	0	1	0
            74	2024-05-30 17:01:22	1	0	1	0
           631	2024-05-30 17:01:30	1	0	1	0
           395	2024-05-30 17:01:37	1	0	1	0
           196	2024-05-30 17:01:43	1	0	1	0
           366	2024-05-30 17:01:46	1	0	1	0
            37	2024-05-30 17:01:58	1	0	1	0
           600	2024-05-30 17:02:04	1	0	1	0
           360	2024-05-30 17:02:11	1	0	1	0
           511	2024-05-30 17:02:16	1	0	1	0
           123	2024-05-30 17:02:20	1	0	1	0
           149	2024-05-30 17:02:33	1	0	1	0
           604	2024-05-30 17:02:38	1	0	1	0
           125	2024-05-30 17:02:47	1	0	1	0
           119	2024-05-30 17:03:01	1	0	15	0
           634	2024-05-30 17:03:09	1	0	1	0
           575	2024-05-30 17:03:36	1	0	1	0
           502	2024-05-30 17:03:47	1	0	1	0
           252	2024-05-30 17:03:57	1	0	15	0
           609	2024-05-30 17:04:02	1	0	1	0
           593	2024-05-30 17:04:11	1	0	1	0
           583	2024-05-30 17:04:17	1	0	1	0
           417	2024-05-30 17:05:10	1	0	1	0
           348	2024-05-30 17:05:19	1	0	1	0
           236	2024-05-30 17:05:44	1	0	1	0
           398	2024-05-30 17:05:55	1	0	1	0
           523	2024-05-30 17:06:01	1	0	1	0
           635	2024-05-30 17:06:13	1	0	1	0
           595	2024-05-30 17:06:24	1	0	1	0
           601	2024-05-30 17:06:27	1	0	1	0
           265	2024-05-30 17:06:56	1	0	1	0
           580	2024-05-30 17:07:07	1	0	1	0
           132	2024-05-30 17:07:18	1	0	1	0
           493	2024-05-30 17:07:23	1	0	1	0
           146	2024-05-30 17:07:29	1	0	15	0
           249	2024-05-30 17:07:35	1	0	1	0
           259	2024-05-30 17:07:42	1	0	15	0
           476	2024-05-30 17:07:47	1	0	1	0
           603	2024-05-30 17:07:52	1	0	1	0
           529	2024-05-30 17:07:58	1	0	1	0
           586	2024-05-30 17:08:14	1	0	1	0
           624	2024-05-30 17:08:20	1	0	1	0
           361	2024-05-30 17:08:36	1	0	1	0
           363	2024-05-30 17:08:47	1	0	1	0
           101	2024-05-30 17:08:55	1	0	1	0
           403	2024-05-30 17:09:49	1	0	1	0
           589	2024-05-30 17:10:20	1	0	1	0
           121	2024-05-30 17:10:25	1	0	1	0
            38	2024-05-30 17:10:33	1	0	1	0
           184	2024-05-30 17:10:38	1	0	1	0
           194	2024-05-30 17:11:03	1	0	1	0
           288	2024-05-30 17:11:32	1	0	1	0
           413	2024-05-30 17:11:55	1	0	4	0
            27	2024-05-30 17:12:32	1	0	15	0
            77	2024-05-30 17:13:22	1	0	1	0
            69	2024-05-30 17:14:02	1	0	1	0
           453	2024-05-30 17:14:15	1	0	1	0
           355	2024-05-30 17:17:07	1	0	1	0
           434	2024-05-30 17:17:13	1	0	1	0
            73	2024-05-30 17:24:34	1	0	1	0
           404	2024-05-30 17:25:40	1	0	1	0
           338	2024-05-30 17:26:11	1	0	1	0
           584	2024-05-30 17:26:44	1	0	1	0
            43	2024-05-30 17:27:34	1	0	1	0
           408	2024-05-30 17:30:09	1	0	1	0
            83	2024-05-30 17:34:44	1	0	1	0
           556	2024-05-30 17:50:25	1	0	1	0
           105	2024-05-30 17:53:54	1	0	15	0
           312	2024-05-30 17:55:45	1	0	15	0
            87	2024-05-30 18:01:53	1	0	1	0
           275	2024-05-30 18:02:03	1	0	1	0
           206	2024-05-30 18:02:09	1	0	1	0
           485	2024-05-30 18:03:15	1	0	1	0
           425	2024-05-30 18:03:20	1	0	1	0
           541	2024-05-30 18:06:23	1	0	1	0
           573	2024-05-30 18:06:26	1	0	1	0
           200	2024-05-30 18:44:37	1	0	1	0
           205	2024-05-30 19:10:06	1	0	1	0
           574	2024-05-30 19:16:40	1	0	1	0
           444	2024-05-30 19:16:47	1	0	1	0
           414	2024-05-30 19:17:32	1	0	1	0
            75	2024-05-30 19:33:20	1	0	1	0
           465	2024-05-30 19:33:27	1	0	1	0
           335	2024-05-30 21:55:31	1	0	1	0
           337	2024-05-30 21:55:46	1	0	1	0
           115	2024-05-30 21:55:54	1	0	1	0
           610	2024-05-30 22:01:02	1	0	1	0
           305	2024-05-30 22:09:58	1	0	1	0
           516	2024-05-30 22:24:43	1	0	1	0
           457	2024-05-30 22:24:47	1	0	1	0
           620	2024-05-30 23:00:18	1	0	1	0
           418	2024-05-30 23:00:22	1	0	1	0
           579	2024-05-30 23:13:36	1	0	1	0
           492	2024-05-30 23:19:25	1	0	1	0
           314	2024-05-31 01:26:44	1	0	1	0
           620	2024-05-31 04:27:16	1	0	1	0
           115	2024-05-31 05:31:31	1	0	1	0
           337	2024-05-31 05:57:50	1	0	1	0
           335	2024-05-31 06:06:07	1	0	1	0
           546	2024-05-31 06:08:19	1	0	1	0
           573	2024-05-31 06:09:22	1	0	1	0
           492	2024-05-31 06:18:33	1	0	1	0
           395	2024-05-31 06:22:51	1	0	1	0
           387	2024-05-31 06:23:50	1	0	15	0
           467	2024-05-31 06:28:03	1	0	1	0
           196	2024-05-31 06:31:34	1	0	1	0
           119	2024-05-31 06:31:46	1	0	15	0
           632	2024-05-31 06:31:57	1	0	1	0
           422	2024-05-31 06:33:45	1	0	1	0
           457	2024-05-31 06:39:04	1	0	1	0
           398	2024-05-31 06:39:21	1	0	1	0
           554	2024-05-31 06:40:21	1	0	1	0
           579	2024-05-31 06:42:04	1	0	1	0
           360	2024-05-31 06:44:49	1	0	1	0
           413	2024-05-31 06:47:25	1	0	1	0
           205	2024-05-31 06:49:14	1	0	1	0
            88	2024-05-31 06:55:03	1	0	15	0
           634	2024-05-31 06:59:17	1	0	1	0
           305	2024-05-31 07:00:05	1	0	1	0
           610	2024-05-31 07:01:03	1	0	1	0
           460	2024-05-31 07:03:23	1	0	1	0
           581	2024-05-31 07:04:02	1	0	1	0
           259	2024-05-31 07:04:18	1	0	1	0
           370	2024-05-31 07:05:20	1	0	15	0
           624	2024-05-31 07:07:28	1	0	1	0
           366	2024-05-31 07:08:19	1	0	1	0
           601	2024-05-31 07:10:55	1	0	1	0
           288	2024-05-31 07:12:07	1	0	1	0
           194	2024-05-31 07:12:12	1	0	1	0
           123	2024-05-31 07:14:55	1	0	1	0
           314	2024-05-31 07:15:44	1	0	1	0
            43	2024-05-31 07:17:45	1	0	1	0
           149	2024-05-31 07:24:22	1	0	1	0
            37	2024-05-31 07:27:02	1	0	1	0
           574	2024-05-31 07:28:13	1	0	1	0
           584	2024-05-31 07:28:18	1	0	1	0
           582	2024-05-31 07:28:25	1	0	1	0
           434	2024-05-31 07:28:47	1	0	1	0
           444	2024-05-31 07:31:41	1	0	1	0
           101	2024-05-31 07:32:46	1	0	1	0
           338	2024-05-31 07:36:08	1	0	1	0
            75	2024-05-31 07:37:19	1	0	1	0
           465	2024-05-31 07:37:25	1	0	1	0
            74	2024-05-31 07:37:39	1	0	15	0
           595	2024-05-31 07:37:56	1	0	1	0
           348	2024-05-31 07:38:34	1	0	1	0
           541	2024-05-31 07:38:40	1	0	1	0
           114	2024-05-31 07:38:45	1	0	1	0
            69	2024-05-31 07:38:52	1	0	1	0
           453	2024-05-31 07:38:58	1	0	15	0
            27	2024-05-31 07:39:08	1	0	15	0
           132	2024-05-31 07:39:14	1	0	1	0
           516	2024-05-31 07:39:27	1	0	1	0
           593	2024-05-31 07:39:35	1	0	1	0
           265	2024-05-31 07:39:41	1	0	1	0
           105	2024-05-31 07:40:43	1	0	15	0
           397	2024-05-31 07:42:05	1	0	1	0
           404	2024-05-31 07:42:12	1	0	1	0
            53	2024-05-31 07:42:49	1	0	1	0
            77	2024-05-31 07:43:21	1	0	1	0
           403	2024-05-31 07:44:41	1	0	1	0
           502	2024-05-31 07:44:51	1	0	1	0
           604	2024-05-31 07:46:15	1	0	1	0
            87	2024-05-31 07:46:50	1	0	1	0
           200	2024-05-31 07:47:00	1	0	1	0
            38	2024-05-31 07:47:16	1	0	1	0
            73	2024-05-31 07:47:44	1	0	1	0
           476	2024-05-31 07:48:08	1	0	1	0
           417	2024-05-31 07:48:15	1	0	15	0
           589	2024-05-31 07:49:11	1	0	1	0
           623	2024-05-31 07:49:16	1	0	1	0
           125	2024-05-31 07:49:29	1	0	1	0
           146	2024-05-31 07:52:44	1	0	15	0
           631	2024-05-31 07:52:56	1	0	1	0
           121	2024-05-31 07:53:56	1	0	1	0
           331	2024-05-31 07:54:05	1	0	1	0
           249	2024-05-31 07:54:21	1	0	1	0
           252	2024-05-31 07:54:40	1	0	15	0
           182	2024-05-31 07:55:21	1	0	1	0
           609	2024-05-31 07:55:52	1	0	1	0
           529	2024-05-31 07:56:32	1	0	1	0
           603	2024-05-31 07:56:35	1	0	1	0
           408	2024-05-31 07:56:58	1	0	1	0
           635	2024-05-31 07:58:54	1	0	1	0
           312	2024-05-31 08:00:05	1	0	1	0
           575	2024-05-31 08:00:53	1	0	1	0
           556	2024-05-31 08:03:59	1	0	1	0
           511	2024-05-31 08:07:22	1	0	1	0
           236	2024-05-31 08:08:47	1	0	1	0
           580	2024-05-31 08:10:00	1	0	1	0
           583	2024-05-31 08:19:20	1	0	1	0
           493	2024-05-31 08:19:23	1	0	1	0
           425	2024-05-31 08:39:39	1	0	1	0
           275	2024-05-31 08:48:34	1	0	1	0
           206	2024-05-31 08:48:49	1	0	1	0
           485	2024-05-31 08:55:30	1	0	1	0
           586	2024-05-31 10:06:05	1	0	1	0
           184	2024-05-31 10:35:50	1	0	1	0
           413	2024-05-31 11:00:12	1	0	1	0
           460	2024-05-31 11:02:46	1	0	1	0
           288	2024-05-31 11:11:01	1	0	1	0
           413	2024-05-31 11:17:09	1	0	1	0
           460	2024-05-31 11:29:16	1	0	1	0
           581	2024-05-31 11:31:06	1	0	1	0
           632	2024-05-31 11:31:41	1	0	1	0
           196	2024-05-31 11:31:47	1	0	1	0
           387	2024-05-31 11:31:59	1	0	15	0
           366	2024-05-31 11:32:16	1	0	1	0
           582	2024-05-31 11:32:25	1	0	1	0
           123	2024-05-31 11:32:31	1	0	1	0
           395	2024-05-31 11:33:04	1	0	1	0
           119	2024-05-31 11:34:39	1	0	15	0
           288	2024-05-31 11:35:48	1	0	1	0
           422	2024-05-31 11:41:37	1	0	1	0
           200	2024-05-31 11:49:03	1	0	1	0
            88	2024-05-31 11:51:06	1	0	1	0
           123	2024-05-31 12:00:02	1	0	1	0
           360	2024-05-31 12:00:14	1	0	1	0
           335	2024-05-31 12:00:17	1	0	1	0
           516	2024-05-31 12:00:26	1	0	1	0
           493	2024-05-31 12:00:30	1	0	1	0
            27	2024-05-31 12:00:39	1	0	15	0
           348	2024-05-31 12:00:45	1	0	1	0
           453	2024-05-31 12:00:52	1	0	15	0
            53	2024-05-31 12:01:01	1	0	1	0
           397	2024-05-31 12:01:07	1	0	1	0
           582	2024-05-31 12:01:13	1	0	1	0
           366	2024-05-31 12:01:19	1	0	1	0
           196	2024-05-31 12:01:25	1	0	1	0
           631	2024-05-31 12:01:29	1	0	1	0
           556	2024-05-31 12:01:34	1	0	1	0
            37	2024-05-31 12:01:40	1	0	1	0
           422	2024-05-31 12:01:46	1	0	1	0
           395	2024-05-31 12:01:54	1	0	1	0
            69	2024-05-31 12:02:04	1	0	1	0
           623	2024-05-31 12:02:11	1	0	1	0
           387	2024-05-31 12:02:27	1	0	15	0
            74	2024-05-31 12:02:44	1	0	15	0
           403	2024-05-31 12:02:54	1	0	1	0
           609	2024-05-31 12:03:19	1	0	1	0
           574	2024-05-31 12:03:25	1	0	1	0
           583	2024-05-31 12:03:28	1	0	1	0
           465	2024-05-31 12:03:38	1	0	1	0
           635	2024-05-31 12:03:44	1	0	1	0
           259	2024-05-31 12:03:54	1	0	1	0
            75	2024-05-31 12:04:44	1	0	1	0
           252	2024-05-31 12:04:49	1	0	15	0
           575	2024-05-31 12:04:59	1	0	1	0
           331	2024-05-31 12:06:14	1	0	1	0
           444	2024-05-31 12:06:33	1	0	1	0
           589	2024-05-31 12:06:37	1	0	1	0
           249	2024-05-31 12:06:42	1	0	1	0
           121	2024-05-31 12:06:46	1	0	1	0
           132	2024-05-31 12:06:57	1	0	1	0
           119	2024-05-31 12:07:35	1	0	15	0
           603	2024-05-31 12:07:58	1	0	1	0
           529	2024-05-31 12:08:02	1	0	1	0
           417	2024-05-31 12:08:15	1	0	1	0
            77	2024-05-31 12:08:47	1	0	1	0
           149	2024-05-31 12:08:58	1	0	1	0
           312	2024-05-31 12:09:08	1	0	1	0
           338	2024-05-31 12:09:25	1	0	1	0
           476	2024-05-31 12:09:32	1	0	1	0
           580	2024-05-31 12:09:42	1	0	1	0
           502	2024-05-31 12:10:20	1	0	1	0
           595	2024-05-31 12:10:32	1	0	1	0
           586	2024-05-31 12:10:38	1	0	1	0
           624	2024-05-31 12:10:45	1	0	1	0
            38	2024-05-31 12:10:55	1	0	1	0
           101	2024-05-31 12:11:04	1	0	1	0
           434	2024-05-31 12:11:25	1	0	1	0
           601	2024-05-31 12:11:30	1	0	1	0
           184	2024-05-31 12:11:42	1	0	1	0
           584	2024-05-31 12:11:50	1	0	1	0
           634	2024-05-31 12:11:57	1	0	1	0
           105	2024-05-31 12:12:24	1	0	15	0
           573	2024-05-31 12:12:31	1	0	1	0
           314	2024-05-31 12:12:36	1	0	1	0
           579	2024-05-31 12:12:41	1	0	1	0
           404	2024-05-31 12:12:47	1	0	1	0
           457	2024-05-31 12:13:05	1	0	1	0
           146	2024-05-31 12:13:37	1	0	15	0
            73	2024-05-31 12:13:50	1	0	1	0
           604	2024-05-31 12:15:34	1	0	1	0
           125	2024-05-31 12:15:41	1	0	1	0
           337	2024-05-31 12:16:05	1	0	1	0
            53	2024-05-31 12:16:17	1	0	1	0
           546	2024-05-31 12:17:19	1	0	1	0
           610	2024-05-31 12:17:25	1	0	1	0
            37	2024-05-31 12:17:31	1	0	1	0
           581	2024-05-31 12:18:44	1	0	1	0
            69	2024-05-31 12:19:16	1	0	1	0
           331	2024-05-31 12:21:54	1	0	1	0
           236	2024-05-31 12:22:13	1	0	1	0
           132	2024-05-31 12:23:33	1	0	1	0
           511	2024-05-31 12:24:05	1	0	1	0
            77	2024-05-31 12:24:10	1	0	1	0
           575	2024-05-31 12:24:21	1	0	1	0
            74	2024-05-31 12:25:25	1	0	15	0
           631	2024-05-31 12:25:35	1	0	1	0
            75	2024-05-31 12:25:57	1	0	1	0
           465	2024-05-31 12:26:09	1	0	1	0
           338	2024-05-31 12:26:37	1	0	1	0
           556	2024-05-31 12:26:41	1	0	1	0
           312	2024-05-31 12:26:45	1	0	1	0
           623	2024-05-31 12:26:58	1	0	1	0
           252	2024-05-31 12:27:21	1	0	15	0
           434	2024-05-31 12:27:29	1	0	1	0
           502	2024-05-31 12:27:38	1	0	1	0
           417	2024-05-31 12:27:48	1	0	15	0
           574	2024-05-31 12:27:54	1	0	1	0
           265	2024-05-31 12:29:52	1	0	1	0
           604	2024-05-31 12:30:47	1	0	1	0
           125	2024-05-31 12:30:52	1	0	1	0
           337	2024-05-31 12:31:21	1	0	1	0
           149	2024-05-31 12:31:36	1	0	1	0
           609	2024-05-31 12:31:47	1	0	1	0
           610	2024-05-31 12:32:28	1	0	1	0
           635	2024-05-31 12:33:15	1	0	1	0
           403	2024-05-31 12:33:26	1	0	1	0
           194	2024-05-31 12:33:31	1	0	1	0
           146	2024-05-31 12:35:11	1	0	15	0
           634	2024-05-31 12:37:43	1	0	1	0
           583	2024-05-31 12:37:49	1	0	1	0
           457	2024-05-31 12:38:20	1	0	1	0
           511	2024-05-31 12:39:17	1	0	1	0
           101	2024-05-31 12:39:22	1	0	1	0
           249	2024-05-31 12:39:28	1	0	1	0
           121	2024-05-31 12:39:35	1	0	1	0
           589	2024-05-31 12:39:39	1	0	1	0
           584	2024-05-31 12:39:41	1	0	1	0
           404	2024-05-31 12:39:49	1	0	1	0
           335	2024-05-31 12:40:01	1	0	1	0
           516	2024-05-31 12:40:10	1	0	1	0
           397	2024-05-31 12:41:55	1	0	1	0
           624	2024-05-31 12:42:55	1	0	1	0
           586	2024-05-31 12:42:58	1	0	1	0
           492	2024-05-31 12:43:51	1	0	1	0
           580	2024-05-31 12:46:37	1	0	1	0
            27	2024-05-31 12:48:37	1	0	15	0
           453	2024-05-31 12:48:43	1	0	15	0
           493	2024-05-31 12:48:53	1	0	1	0
           348	2024-05-31 12:50:00	1	0	1	0
           259	2024-05-31 12:50:11	1	0	1	0
           265	2024-05-31 12:50:15	1	0	1	0
           601	2024-05-31 12:50:50	1	0	1	0
           595	2024-05-31 12:50:53	1	0	1	0
            73	2024-05-31 12:51:17	1	0	1	0
           593	2024-05-31 12:51:37	1	0	1	0
           444	2024-05-31 12:52:27	1	0	1	0
           603	2024-05-31 12:52:41	1	0	1	0
           529	2024-05-31 12:52:47	1	0	1	0
           200	2024-05-31 12:52:52	1	0	1	0
           476	2024-05-31 12:52:55	1	0	1	0
           105	2024-05-31 12:53:04	1	0	15	0
           338	2024-05-31 12:53:30	1	0	1	0
            38	2024-05-31 12:57:16	1	0	1	0
           236	2024-05-31 12:57:30	1	0	1	0
           184	2024-05-31 12:57:46	1	0	1	0
           546	2024-05-31 12:57:57	1	0	1	0
           492	2024-05-31 12:59:17	1	0	1	0
           425	2024-05-31 13:03:16	1	0	1	0
           593	2024-05-31 13:07:03	1	0	1	0
           485	2024-05-31 13:12:53	1	0	1	0
           182	2024-05-31 13:13:31	1	0	1	0
           206	2024-05-31 13:23:28	1	0	1	0
           275	2024-05-31 13:25:37	1	0	1	0
           425	2024-05-31 13:26:53	1	0	1	0
            87	2024-05-31 13:30:58	1	0	1	0
           567	2024-05-31 13:37:15	1	0	1	0
           182	2024-05-31 13:39:27	1	0	1	0
           275	2024-05-31 13:41:36	1	0	1	0
           206	2024-05-31 13:47:47	1	0	1	0
            87	2024-05-31 13:52:39	1	0	1	0
           485	2024-05-31 13:54:07	1	0	1	0
           620	2024-05-31 14:01:18	1	0	1	0
           418	2024-05-31 14:46:09	1	0	1	0
           288	2024-05-31 16:02:39	1	0	1	0
           460	2024-05-31 16:28:35	1	0	1	0
           370	2024-05-31 16:34:05	1	0	15	0
           252	2024-05-31 17:00:11	1	0	15	0
           581	2024-05-31 17:00:16	1	0	1	0
           366	2024-05-31 17:00:21	1	0	1	0
           582	2024-05-31 17:00:26	1	0	1	0
           387	2024-05-31 17:00:32	1	0	15	0
           123	2024-05-31 17:00:41	1	0	1	0
            74	2024-05-31 17:00:48	1	0	15	0
           422	2024-05-31 17:00:56	1	0	1	0
           395	2024-05-31 17:01:04	1	0	1	0
           609	2024-05-31 17:01:10	1	0	1	0
           149	2024-05-31 17:01:15	1	0	1	0
           413	2024-05-31 17:01:26	1	0	1	0
           453	2024-05-31 17:01:40	1	0	1	0
           631	2024-05-31 17:01:49	1	0	1	0
           397	2024-05-31 17:01:54	1	0	1	0
           502	2024-05-31 17:02:48	1	0	1	0
           575	2024-05-31 17:02:58	1	0	1	0
           196	2024-05-31 17:03:04	1	0	1	0
            53	2024-05-31 17:03:11	1	0	1	0
           635	2024-05-31 17:03:20	1	0	1	0
            38	2024-05-31 17:03:46	1	0	1	0
           119	2024-05-31 17:04:18	1	0	15	0
           604	2024-05-31 17:04:29	1	0	1	0
           125	2024-05-31 17:04:39	1	0	1	0
           634	2024-05-31 17:05:02	1	0	1	0
           403	2024-05-31 17:05:33	1	0	1	0
            77	2024-05-31 17:06:41	1	0	1	0
           580	2024-05-31 17:06:47	1	0	1	0
           259	2024-05-31 17:07:28	1	0	1	0
           511	2024-05-31 17:07:33	1	0	1	0
           574	2024-05-31 17:10:04	1	0	1	0
           360	2024-05-31 17:10:56	1	0	1	0
           623	2024-05-31 17:11:14	1	0	1	0
           444	2024-05-31 17:11:46	1	0	1	0
           595	2024-05-31 17:13:32	1	0	1	0
           603	2024-05-31 17:14:58	1	0	1	0
           529	2024-05-31 17:15:01	1	0	1	0
           434	2024-05-31 17:15:32	1	0	1	0
           236	2024-05-31 17:16:06	1	0	1	0
           121	2024-05-31 17:17:08	1	0	1	0
           249	2024-05-31 17:17:21	1	0	1	0
           589	2024-05-31 17:17:38	1	0	1	0
            27	2024-05-31 17:18:53	1	0	15	0
           348	2024-05-31 17:19:56	1	0	1	0
           601	2024-05-31 17:20:02	1	0	1	0
            73	2024-05-31 17:20:55	1	0	1	0
           265	2024-05-31 17:22:28	1	0	1	0
           417	2024-05-31 17:23:04	1	0	15	0
           586	2024-05-31 17:23:58	1	0	1	0
           624	2024-05-31 17:24:03	1	0	1	0
           476	2024-05-31 17:24:06	1	0	1	0
           556	2024-05-31 17:24:23	1	0	1	0
           132	2024-05-31 17:25:05	1	0	1	0
           101	2024-05-31 17:26:25	1	0	1	0
           457	2024-05-31 17:29:16	1	0	1	0
           516	2024-05-31 17:29:20	1	0	1	0
           485	2024-05-31 17:34:42	1	0	1	0
           584	2024-05-31 17:36:32	1	0	1	0
           338	2024-05-31 17:36:39	1	0	1	0
           408	2024-05-31 17:36:45	1	0	1	0
           335	2024-05-31 17:37:13	1	0	1	0
           105	2024-05-31 17:38:46	1	0	15	0
            69	2024-05-31 17:39:05	1	0	1	0
            43	2024-05-31 17:40:07	1	0	1	0
           398	2024-05-31 17:54:35	1	0	1	0
           583	2024-05-31 17:56:01	1	0	1	0
           425	2024-05-31 18:00:30	1	0	1	0
           465	2024-05-31 18:04:27	1	0	1	0
            75	2024-05-31 18:04:37	1	0	1	0
           182	2024-05-31 18:06:46	1	0	1	0
           146	2024-05-31 18:07:28	1	0	15	0
            87	2024-05-31 18:08:46	1	0	1	0
           275	2024-05-31 18:19:52	1	0	1	0
           206	2024-05-31 18:20:08	1	0	1	0
           493	2024-05-31 18:20:22	1	0	1	0
           184	2024-05-31 18:25:47	1	0	1	0
           200	2024-05-31 18:26:43	1	0	1	0
           331	2024-05-31 18:35:28	1	0	1	0
           115	2024-05-31 18:46:14	1	0	1	0
            88	2024-05-31 18:48:44	1	0	1	0
           337	2024-05-31 18:51:38	1	0	1	0
           546	2024-05-31 18:53:38	1	0	1	0
           467	2024-05-31 19:01:59	1	0	1	0
           205	2024-05-31 19:02:26	1	0	1	0
           579	2024-05-31 19:02:46	1	0	1	0
           573	2024-05-31 19:04:49	1	0	1	0
           541	2024-05-31 19:04:54	1	0	1	0
           314	2024-05-31 19:09:06	1	0	1	0
           492	2024-05-31 19:41:34	1	0	1	0
