           114	2024-10-01 05:31:29	1	1	1	0
           418	2024-10-01 06:01:52	1	1	1	0
           443	2024-10-01 06:08:18	1	1	1	0
           119	2024-10-01 06:10:31	1	1	15	0
           196	2024-10-01 06:10:41	1	1	1	0
           632	2024-10-01 06:10:50	1	1	1	0
            88	2024-10-01 06:26:49	1	1	15	0
           387	2024-10-01 06:36:18	1	1	15	0
           413	2024-10-01 06:41:08	1	1	4	0
           523	2024-10-01 06:46:29	1	1	1	0
           600	2024-10-01 06:48:53	1	1	1	0
           227	2024-10-01 06:49:01	1	1	15	0
           375	2024-10-01 06:52:49	1	1	1	0
           182	2024-10-01 06:53:17	1	1	1	0
           422	2024-10-01 06:56:27	1	1	1	0
           146	2024-10-01 06:59:07	1	1	15	0
           184	2024-10-01 06:59:11	1	1	1	0
            93	2024-10-01 06:59:16	1	1	1	0
           645	2024-10-01 06:59:38	1	1	1	0
           305	2024-10-01 07:00:08	1	1	1	0
           314	2024-10-01 07:04:01	1	1	1	0
           187	2024-10-01 07:04:06	1	1	1	0
            37	2024-10-01 07:04:35	1	1	1	0
           593	2024-10-01 07:04:49	1	1	1	0
           631	2024-10-01 07:06:22	1	1	1	0
           149	2024-10-01 07:08:49	1	1	15	0
           460	2024-10-01 07:09:51	1	1	1	0
           546	2024-10-01 07:10:15	1	1	1	0
           366	2024-10-01 07:11:47	1	1	1	0
           573	2024-10-01 07:14:09	1	1	1	0
           493	2024-10-01 07:15:38	1	1	1	0
           360	2024-10-01 07:17:39	1	1	1	0
           642	2024-10-01 07:17:51	1	1	1	0
           465	2024-10-01 07:17:59	1	1	1	0
           123	2024-10-01 07:18:04	1	1	1	0
            75	2024-10-01 07:18:11	1	1	1	0
           115	2024-10-01 07:19:00	1	1	1	0
           606	2024-10-01 07:19:08	1	1	1	0
           398	2024-10-01 07:19:20	1	1	1	0
            39	2024-10-01 07:19:45	1	1	1	0
           601	2024-10-01 07:23:52	1	1	1	0
            95	2024-10-01 07:24:04	1	1	1	0
            77	2024-10-01 07:24:26	1	1	1	0
           603	2024-10-01 07:26:18	1	1	1	0
           259	2024-10-01 07:26:39	1	1	15	0
           434	2024-10-01 07:31:28	1	1	1	0
           303	2024-10-01 07:31:44	1	1	1	0
           370	2024-10-01 07:32:01	1	1	1	0
           355	2024-10-01 07:33:11	1	1	1	0
            53	2024-10-01 07:33:22	1	1	1	0
           541	2024-10-01 07:33:38	1	1	1	0
            86	2024-10-01 07:33:44	1	1	1	0
            83	2024-10-01 07:33:56	1	1	1	0
           125	2024-10-01 07:34:28	1	1	1	0
           414	2024-10-01 07:36:58	1	1	1	0
            27	2024-10-01 07:37:44	1	1	15	0
           492	2024-10-01 07:37:54	1	1	1	0
           453	2024-10-01 07:38:06	1	1	1	0
           105	2024-10-01 07:40:38	1	1	1	0
           252	2024-10-01 07:41:20	1	1	15	0
           404	2024-10-01 07:41:28	1	1	1	0
           635	2024-10-01 07:41:52	1	1	1	0
           444	2024-10-01 07:42:50	1	1	1	0
           586	2024-10-01 07:42:55	1	1	1	0
            69	2024-10-01 07:43:01	1	1	1	0
           655	2024-10-01 07:44:31	1	1	1	0
            38	2024-10-01 07:45:58	1	1	1	0
           397	2024-10-01 07:46:02	1	1	1	0
            73	2024-10-01 07:46:20	1	1	1	0
           640	2024-10-01 07:46:59	1	1	1	0
           338	2024-10-01 07:47:07	1	1	1	0
           604	2024-10-01 07:47:54	1	1	1	0
            55	2024-10-01 07:48:04	1	1	1	0
           556	2024-10-01 07:48:10	1	1	1	0
           467	2024-10-01 07:48:37	1	1	1	0
           408	2024-10-01 07:49:13	1	1	1	0
           205	2024-10-01 07:50:27	1	1	1	0
            70	2024-10-01 07:51:59	1	1	1	0
           374	2024-10-01 07:52:46	1	1	1	0
           502	2024-10-01 07:53:04	1	1	1	0
           399	2024-10-01 07:53:23	1	1	1	0
           589	2024-10-01 07:53:30	1	1	1	0
           361	2024-10-01 07:54:22	1	1	1	0
           575	2024-10-01 07:54:39	1	1	1	0
           183	2024-10-01 07:54:47	1	1	1	0
           583	2024-10-01 07:54:52	1	1	1	0
           363	2024-10-01 07:55:35	1	1	1	0
           132	2024-10-01 07:55:39	1	1	1	0
           513	2024-10-01 07:56:07	1	1	1	0
           265	2024-10-01 07:56:18	1	1	1	0
           350	2024-10-01 07:56:51	1	1	1	0
           529	2024-10-01 07:57:00	1	1	1	0
           312	2024-10-01 07:57:15	1	1	1	0
           331	2024-10-01 07:57:35	1	1	1	0
           403	2024-10-01 07:58:13	1	1	1	0
           637	2024-10-01 07:58:23	1	1	1	0
           194	2024-10-01 07:58:55	1	1	1	0
           288	2024-10-01 07:59:04	1	1	1	0
           623	2024-10-01 08:00:52	1	1	1	0
           520	2024-10-01 08:01:36	1	1	1	0
           200	2024-10-01 08:02:30	1	1	1	0
           236	2024-10-01 08:04:22	1	1	1	0
           275	2024-10-01 08:07:21	1	1	1	0
           206	2024-10-01 08:07:25	1	1	1	0
           511	2024-10-01 08:14:22	1	1	1	0
            40	2024-10-01 08:26:10	1	1	1	0
           648	2024-10-01 08:26:47	1	1	1	0
            87	2024-10-01 08:37:00	1	1	1	0
           485	2024-10-01 08:55:26	1	1	1	0
           417	2024-10-01 10:47:43	1	1	15	0
           657	2024-10-01 11:06:12	1	1	1	0
           460	2024-10-01 11:06:57	1	1	1	0
           658	2024-10-01 11:08:57	1	1	1	0
           123	2024-10-01 11:30:18	1	1	1	0
           387	2024-10-01 11:30:27	1	1	15	0
           632	2024-10-01 11:31:22	1	1	1	0
           443	2024-10-01 11:31:41	1	1	1	0
           366	2024-10-01 11:32:00	1	1	1	0
           196	2024-10-01 11:32:30	1	1	1	0
           360	2024-10-01 11:33:47	1	1	1	0
           460	2024-10-01 11:37:33	1	1	1	0
           600	2024-10-01 11:38:19	1	1	1	0
           422	2024-10-01 11:38:28	1	1	1	0
           119	2024-10-01 11:38:47	1	1	15	0
           642	2024-10-01 11:39:44	1	1	1	0
           360	2024-10-01 11:50:56	1	1	1	0
           366	2024-10-01 11:56:46	1	1	1	0
           123	2024-10-01 11:57:53	1	1	1	0
           115	2024-10-01 11:59:03	1	1	1	0
           546	2024-10-01 11:59:10	1	1	1	0
           314	2024-10-01 11:59:16	1	1	1	0
           573	2024-10-01 11:59:20	1	1	1	0
           581	2024-10-01 12:00:04	1	1	1	0
           600	2024-10-01 12:00:21	1	1	1	0
           119	2024-10-01 12:00:27	1	1	15	0
           422	2024-10-01 12:00:40	1	1	1	0
           196	2024-10-01 12:00:46	1	1	1	0
           556	2024-10-01 12:00:51	1	1	1	0
           387	2024-10-01 12:01:02	1	1	15	0
           350	2024-10-01 12:01:07	1	1	1	0
           397	2024-10-01 12:01:11	1	1	1	0
           603	2024-10-01 12:01:16	1	1	1	0
           467	2024-10-01 12:01:22	1	1	1	0
           374	2024-10-01 12:01:27	1	1	1	0
           493	2024-10-01 12:01:54	1	1	1	0
            69	2024-10-01 12:01:59	1	1	1	0
           265	2024-10-01 12:02:15	1	1	1	0
           443	2024-10-01 12:02:22	1	1	1	0
            77	2024-10-01 12:02:27	1	1	1	0
           513	2024-10-01 12:02:33	1	1	1	0
           121	2024-10-01 12:02:40	1	1	1	0
           631	2024-10-01 12:02:45	1	1	1	0
           657	2024-10-01 12:03:03	1	1	1	0
           658	2024-10-01 12:03:08	1	1	1	0
           601	2024-10-01 12:03:18	1	1	1	0
           132	2024-10-01 12:03:30	1	1	1	0
           623	2024-10-01 12:03:35	1	1	1	0
           635	2024-10-01 12:03:44	1	1	1	0
            40	2024-10-01 12:03:50	1	1	1	0
           606	2024-10-01 12:03:56	1	1	1	0
            27	2024-10-01 12:04:11	1	1	15	0
           408	2024-10-01 12:04:30	1	1	1	0
           453	2024-10-01 12:05:30	1	1	1	0
           414	2024-10-01 12:05:39	1	1	1	0
           205	2024-10-01 12:05:44	1	1	1	0
            38	2024-10-01 12:05:50	1	1	1	0
           465	2024-10-01 12:06:02	1	1	1	0
           403	2024-10-01 12:07:01	1	1	1	0
           586	2024-10-01 12:07:09	1	1	1	0
           648	2024-10-01 12:07:15	1	1	1	0
           355	2024-10-01 12:08:34	1	1	1	0
           492	2024-10-01 12:08:47	1	1	1	0
           637	2024-10-01 12:08:57	1	1	1	0
           655	2024-10-01 12:09:22	1	1	1	0
           589	2024-10-01 12:09:45	1	1	1	0
            83	2024-10-01 12:10:12	1	1	1	0
           252	2024-10-01 12:10:20	1	1	15	0
           434	2024-10-01 12:10:31	1	1	1	0
           146	2024-10-01 12:10:37	1	1	15	0
           511	2024-10-01 12:10:42	1	1	1	0
            55	2024-10-01 12:10:53	1	1	1	0
           331	2024-10-01 12:11:29	1	1	1	0
           259	2024-10-01 12:11:51	1	1	1	0
           303	2024-10-01 12:12:30	1	1	1	0
           149	2024-10-01 12:13:39	1	1	1	0
           200	2024-10-01 12:15:53	1	1	1	0
            73	2024-10-01 12:16:09	1	1	1	0
           541	2024-10-01 12:16:18	1	1	1	0
           374	2024-10-01 12:16:42	1	1	1	0
           375	2024-10-01 12:17:10	1	1	1	0
           556	2024-10-01 12:17:19	1	1	1	0
           546	2024-10-01 12:17:24	1	1	1	0
           573	2024-10-01 12:17:27	1	1	1	0
           115	2024-10-01 12:17:37	1	1	1	0
           314	2024-10-01 12:17:53	1	1	1	0
           467	2024-10-01 12:17:56	1	1	1	0
            77	2024-10-01 12:18:08	1	1	1	0
           265	2024-10-01 12:18:14	1	1	1	0
           184	2024-10-01 12:18:19	1	1	1	0
           601	2024-10-01 12:18:27	1	1	1	0
           370	2024-10-01 12:18:35	1	1	1	0
           604	2024-10-01 12:18:56	1	1	1	0
           529	2024-10-01 12:19:02	1	1	1	0
           520	2024-10-01 12:19:12	1	1	1	0
           125	2024-10-01 12:19:15	1	1	1	0
            88	2024-10-01 12:19:19	1	1	1	0
           275	2024-10-01 12:19:27	1	1	1	0
            93	2024-10-01 12:19:39	1	1	1	0
           206	2024-10-01 12:19:44	1	1	1	0
           182	2024-10-01 12:19:49	1	1	1	0
            87	2024-10-01 12:19:56	1	1	1	0
           114	2024-10-01 12:20:10	1	1	1	0
           288	2024-10-01 12:20:20	1	1	1	0
           635	2024-10-01 12:20:30	1	1	1	0
            40	2024-10-01 12:20:44	1	1	1	0
           414	2024-10-01 12:21:00	1	1	1	0
           513	2024-10-01 12:21:06	1	1	1	0
           121	2024-10-01 12:21:11	1	1	1	0
           205	2024-10-01 12:21:17	1	1	1	0
           465	2024-10-01 12:21:40	1	1	1	0
           363	2024-10-01 12:21:53	1	1	1	0
           523	2024-10-01 12:22:38	1	1	1	0
           236	2024-10-01 12:22:59	1	1	1	0
            39	2024-10-01 12:23:14	1	1	1	0
           640	2024-10-01 12:23:18	1	1	1	0
           502	2024-10-01 12:23:56	1	1	1	0
           583	2024-10-01 12:24:09	1	1	1	0
           355	2024-10-01 12:24:29	1	1	1	0
           492	2024-10-01 12:24:43	1	1	1	0
           338	2024-10-01 12:25:07	1	1	1	0
           655	2024-10-01 12:25:13	1	1	1	0
           434	2024-10-01 12:27:08	1	1	1	0
            69	2024-10-01 12:27:13	1	1	1	0
           658	2024-10-01 12:27:29	1	1	1	0
           657	2024-10-01 12:27:35	1	1	1	0
           575	2024-10-01 12:28:39	1	1	1	0
            55	2024-10-01 12:28:48	1	1	1	0
           589	2024-10-01 12:29:04	1	1	1	0
           399	2024-10-01 12:29:21	1	1	1	0
            53	2024-10-01 12:30:46	1	1	1	0
           606	2024-10-01 12:30:52	1	1	1	0
            83	2024-10-01 12:35:15	1	1	1	0
           631	2024-10-01 12:35:43	1	1	1	0
           252	2024-10-01 12:36:51	1	1	15	0
           206	2024-10-01 12:37:02	1	1	1	0
           370	2024-10-01 12:37:15	1	1	1	0
           275	2024-10-01 12:37:20	1	1	1	0
           541	2024-10-01 12:38:15	1	1	1	0
           643	2024-10-01 12:39:29	1	1	15	0
           403	2024-10-01 12:39:42	1	1	1	0
           476	2024-10-01 12:40:26	1	1	1	0
            73	2024-10-01 12:41:09	1	1	1	0
           642	2024-10-01 12:41:24	1	1	1	0
           259	2024-10-01 12:41:30	1	1	1	0
           194	2024-10-01 12:41:39	1	1	1	0
           312	2024-10-01 12:41:44	1	1	1	0
           404	2024-10-01 12:41:50	1	1	1	0
            93	2024-10-01 12:41:56	1	1	1	0
           493	2024-10-01 12:42:11	1	1	1	0
            27	2024-10-01 12:42:24	1	1	15	0
           453	2024-10-01 12:42:30	1	1	1	0
           182	2024-10-01 12:42:41	1	1	1	0
           444	2024-10-01 12:42:46	1	1	1	0
           338	2024-10-01 12:43:12	1	1	1	0
           288	2024-10-01 12:43:20	1	1	1	0
            88	2024-10-01 12:43:39	1	1	1	0
            38	2024-10-01 12:44:35	1	1	1	0
           586	2024-10-01 12:45:31	1	1	1	0
           648	2024-10-01 12:45:36	1	1	1	0
           603	2024-10-01 12:46:06	1	1	1	0
           397	2024-10-01 12:46:09	1	1	1	0
           350	2024-10-01 12:46:36	1	1	1	0
           149	2024-10-01 12:46:58	1	1	1	0
           200	2024-10-01 12:48:09	1	1	1	0
            39	2024-10-01 12:48:15	1	1	1	0
           604	2024-10-01 12:48:47	1	1	1	0
           520	2024-10-01 12:48:54	1	1	1	0
           125	2024-10-01 12:49:00	1	1	1	0
           640	2024-10-01 12:51:31	1	1	1	0
           114	2024-10-01 12:51:46	1	1	1	0
           399	2024-10-01 12:51:52	1	1	1	0
           511	2024-10-01 12:51:56	1	1	1	0
           623	2024-10-01 12:51:59	1	1	1	0
           637	2024-10-01 12:52:06	1	1	1	0
           331	2024-10-01 12:52:42	1	1	1	0
           303	2024-10-01 12:53:25	1	1	1	0
           583	2024-10-01 12:54:56	1	1	1	0
           375	2024-10-01 12:56:07	1	1	1	0
           363	2024-10-01 12:56:14	1	1	1	0
           523	2024-10-01 12:56:35	1	1	1	0
           236	2024-10-01 12:56:53	1	1	1	0
           312	2024-10-01 12:57:12	1	1	1	0
           502	2024-10-01 12:57:20	1	1	1	0
           575	2024-10-01 12:57:45	1	1	1	0
           408	2024-10-01 12:58:33	1	1	1	0
           404	2024-10-01 12:58:52	1	1	1	0
           194	2024-10-01 12:58:58	1	1	1	0
           444	2024-10-01 12:59:04	1	1	1	0
           529	2024-10-01 13:00:02	1	1	1	0
           146	2024-10-01 13:00:13	1	1	15	0
           132	2024-10-01 13:00:42	1	1	1	0
           485	2024-10-01 13:02:32	1	1	1	0
           485	2024-10-01 13:47:55	1	1	1	0
           305	2024-10-01 13:55:34	1	1	1	0
           418	2024-10-01 14:05:21	1	1	1	0
           124	2024-10-01 14:48:40	1	1	15	0
            70	2024-10-01 16:00:17	1	1	1	0
           413	2024-10-01 16:06:46	1	1	4	0
           460	2024-10-01 16:07:02	1	1	1	0
            93	2024-10-01 16:26:29	1	1	1	0
           182	2024-10-01 16:55:15	1	1	1	0
           363	2024-10-01 17:00:11	1	1	1	0
           375	2024-10-01 17:00:19	1	1	1	0
           601	2024-10-01 17:00:24	1	1	1	0
           581	2024-10-01 17:00:29	1	1	1	0
           387	2024-10-01 17:00:35	1	1	15	0
           422	2024-10-01 17:00:43	1	1	1	0
           556	2024-10-01 17:00:51	1	1	1	0
           252	2024-10-01 17:00:57	1	1	15	0
           589	2024-10-01 17:01:07	1	1	1	0
            77	2024-10-01 17:01:12	1	1	1	0
           366	2024-10-01 17:01:24	1	1	1	0
           331	2024-10-01 17:01:34	1	1	1	0
           404	2024-10-01 17:01:47	1	1	1	0
           637	2024-10-01 17:02:42	1	1	1	0
           350	2024-10-01 17:02:49	1	1	1	0
           600	2024-10-01 17:03:23	1	1	1	0
           631	2024-10-01 17:03:52	1	1	1	0
           184	2024-10-01 17:03:59	1	1	1	0
           493	2024-10-01 17:04:13	1	1	1	0
           642	2024-10-01 17:04:35	1	1	1	0
           443	2024-10-01 17:04:40	1	1	1	0
           360	2024-10-01 17:04:51	1	1	1	0
           123	2024-10-01 17:04:59	1	1	15	0
           236	2024-10-01 17:05:06	1	1	1	0
           643	2024-10-01 17:05:16	1	1	1	0
           397	2024-10-01 17:05:20	1	1	1	0
           119	2024-10-01 17:05:32	1	1	15	0
           196	2024-10-01 17:05:37	1	1	1	0
           645	2024-10-01 17:05:58	1	1	1	0
           115	2024-10-01 17:06:05	1	1	1	0
           583	2024-10-01 17:06:14	1	1	1	0
           606	2024-10-01 17:07:14	1	1	1	0
           149	2024-10-01 17:07:40	1	1	1	0
           194	2024-10-01 17:08:09	1	1	1	0
           476	2024-10-01 17:09:08	1	1	1	0
           398	2024-10-01 17:10:43	1	1	1	0
           523	2024-10-01 17:10:57	1	1	1	0
           408	2024-10-01 17:11:05	1	1	1	0
           403	2024-10-01 17:11:30	1	1	1	0
           502	2024-10-01 17:12:01	1	1	1	0
           101	2024-10-01 17:12:25	1	1	1	0
           265	2024-10-01 17:12:44	1	1	1	0
            38	2024-10-01 17:12:51	1	1	1	0
            53	2024-10-01 17:13:13	1	1	1	0
           603	2024-10-01 17:13:18	1	1	1	0
            86	2024-10-01 17:14:16	1	1	1	0
            69	2024-10-01 17:14:49	1	1	1	0
           575	2024-10-01 17:15:04	1	1	1	0
           658	2024-10-01 17:15:18	1	1	1	0
           513	2024-10-01 17:15:25	1	1	1	0
           657	2024-10-01 17:15:39	1	1	1	0
           132	2024-10-01 17:15:56	1	1	1	0
           303	2024-10-01 17:16:06	1	1	1	0
           648	2024-10-01 17:16:18	1	1	1	0
           604	2024-10-01 17:16:25	1	1	1	0
           529	2024-10-01 17:16:35	1	1	15	0
           520	2024-10-01 17:16:43	1	1	1	0
           125	2024-10-01 17:16:49	1	1	1	0
           370	2024-10-01 17:16:56	1	1	15	0
           399	2024-10-01 17:17:02	1	1	1	0
            27	2024-10-01 17:17:20	1	1	15	0
           453	2024-10-01 17:19:38	1	1	1	0
           640	2024-10-01 17:19:49	1	1	1	0
           586	2024-10-01 17:21:19	1	1	1	0
           146	2024-10-01 17:22:03	1	1	15	0
           227	2024-10-01 17:22:18	1	1	15	0
           355	2024-10-01 17:22:38	1	1	1	0
           434	2024-10-01 17:22:58	1	1	1	0
           114	2024-10-01 17:26:00	1	1	1	0
            40	2024-10-01 17:26:05	1	1	1	0
           492	2024-10-01 17:27:31	1	1	1	0
           623	2024-10-01 17:27:46	1	1	1	0
            73	2024-10-01 17:27:54	1	1	1	0
            88	2024-10-01 17:28:32	1	1	15	0
           312	2024-10-01 17:28:40	1	1	1	0
            39	2024-10-01 17:30:33	1	1	1	0
           444	2024-10-01 17:31:49	1	1	1	0
           121	2024-10-01 17:36:14	1	1	1	0
            55	2024-10-01 17:41:48	1	1	1	0
           655	2024-10-01 17:47:26	1	1	1	0
           205	2024-10-01 17:55:55	1	1	1	0
           485	2024-10-01 18:01:34	1	1	1	0
           183	2024-10-01 18:02:45	1	1	1	0
           259	2024-10-01 18:03:24	1	1	1	0
           511	2024-10-01 18:05:10	1	1	1	0
            87	2024-10-01 18:08:19	1	1	1	0
            83	2024-10-01 18:09:04	1	1	1	0
           206	2024-10-01 18:12:09	1	1	1	0
           275	2024-10-01 18:12:17	1	1	1	0
           465	2024-10-01 18:16:16	1	1	1	0
           593	2024-10-01 18:19:47	1	1	1	0
           414	2024-10-01 18:23:28	1	1	1	0
           573	2024-10-01 18:37:07	1	1	1	0
           467	2024-10-01 18:37:11	1	1	1	0
           314	2024-10-01 18:37:20	1	1	1	0
           546	2024-10-01 18:37:22	1	1	1	0
           417	2024-10-01 20:01:38	1	1	15	0
           200	2024-10-01 20:27:36	1	1	1	0
           541	2024-10-01 20:44:38	1	1	1	0
           305	2024-10-01 22:01:20	1	1	1	0
           567	2024-10-01 22:04:47	1	1	1	0
           124	2024-10-01 23:07:30	1	1	15	0
           114	2024-10-02 05:30:37	1	1	1	0
           337	2024-10-02 06:00:46	1	1	1	0
           443	2024-10-02 06:21:11	1	1	1	0
           119	2024-10-02 06:22:21	1	1	15	0
           196	2024-10-02 06:22:29	1	1	1	0
           632	2024-10-02 06:22:37	1	1	1	0
           646	2024-10-02 06:24:31	1	1	1	0
           645	2024-10-02 06:28:55	1	1	1	0
           387	2024-10-02 06:36:14	1	1	15	0
           305	2024-10-02 06:42:23	1	1	1	0
           658	2024-10-02 06:43:15	1	1	15	0
           422	2024-10-02 06:52:59	1	1	1	0
            88	2024-10-02 06:53:10	1	1	1	0
           182	2024-10-02 06:54:07	1	1	1	0
           657	2024-10-02 06:56:09	1	1	15	0
           413	2024-10-02 06:57:47	1	1	4	0
           460	2024-10-02 06:59:02	1	1	1	0
           146	2024-10-02 06:59:41	1	1	15	0
           184	2024-10-02 06:59:51	1	1	1	0
            93	2024-10-02 07:01:22	1	1	1	0
           453	2024-10-02 07:01:28	1	1	1	0
           567	2024-10-02 07:01:36	1	1	1	0
            27	2024-10-02 07:02:47	1	1	15	0
           366	2024-10-02 07:04:49	1	1	1	0
           658	2024-10-02 07:05:08	1	1	1	0
           375	2024-10-02 07:05:24	1	1	1	0
           314	2024-10-02 07:07:00	1	1	1	0
           579	2024-10-02 07:09:24	1	1	1	0
            37	2024-10-02 07:09:36	1	1	1	0
           546	2024-10-02 07:09:52	1	1	1	0
           573	2024-10-02 07:12:38	1	1	1	0
           465	2024-10-02 07:13:37	1	1	1	0
            75	2024-10-02 07:13:50	1	1	1	0
           642	2024-10-02 07:14:47	1	1	1	0
           643	2024-10-02 07:14:58	1	1	1	0
           606	2024-10-02 07:15:10	1	1	1	0
           631	2024-10-02 07:15:27	1	1	1	0
           149	2024-10-02 07:16:26	1	1	1	0
           101	2024-10-02 07:16:50	1	1	1	0
           581	2024-10-02 07:17:01	1	1	1	0
            55	2024-10-02 07:17:07	1	1	1	0
           566	2024-10-02 07:18:56	1	1	1	0
           123	2024-10-02 07:21:06	1	1	1	0
           493	2024-10-02 07:21:41	1	1	1	0
            77	2024-10-02 07:22:00	1	1	1	0
           125	2024-10-02 07:24:43	1	1	1	0
           115	2024-10-02 07:25:47	1	1	1	0
           434	2024-10-02 07:26:45	1	1	1	0
           398	2024-10-02 07:31:51	1	1	1	0
           355	2024-10-02 07:32:50	1	1	1	0
           397	2024-10-02 07:34:55	1	1	1	0
           523	2024-10-02 07:35:24	1	1	1	0
           601	2024-10-02 07:35:34	1	1	1	0
           583	2024-10-02 07:36:44	1	1	1	0
           360	2024-10-02 07:37:04	1	1	1	0
           408	2024-10-02 07:38:30	1	1	1	0
           338	2024-10-02 07:39:14	1	1	1	0
           516	2024-10-02 07:39:40	1	1	1	0
            86	2024-10-02 07:39:48	1	1	1	0
           303	2024-10-02 07:40:15	1	1	1	0
           444	2024-10-02 07:40:21	1	1	1	0
            95	2024-10-02 07:40:29	1	1	1	0
           132	2024-10-02 07:42:10	1	1	1	0
           265	2024-10-02 07:42:54	1	1	1	0
            74	2024-10-02 07:43:45	1	1	15	0
           541	2024-10-02 07:44:29	1	1	1	0
           288	2024-10-02 07:45:47	1	1	1	0
           492	2024-10-02 07:45:57	1	1	1	0
           604	2024-10-02 07:46:20	1	1	1	0
           331	2024-10-02 07:46:26	1	1	1	0
            69	2024-10-02 07:47:47	1	1	1	0
           586	2024-10-02 07:47:58	1	1	1	0
           589	2024-10-02 07:48:22	1	1	1	0
           370	2024-10-02 07:49:16	1	1	15	0
           205	2024-10-02 07:49:51	1	1	1	0
            38	2024-10-02 07:50:35	1	1	1	0
           105	2024-10-02 07:50:42	1	1	1	0
           476	2024-10-02 07:50:48	1	1	1	0
            73	2024-10-02 07:51:01	1	1	1	0
           655	2024-10-02 07:51:17	1	1	1	0
           404	2024-10-02 07:51:39	1	1	1	0
           562	2024-10-02 07:51:53	1	1	1	0
            83	2024-10-02 07:51:59	1	1	1	0
            70	2024-10-02 07:52:30	1	1	15	0
           403	2024-10-02 07:52:37	1	1	1	0
           529	2024-10-02 07:52:41	1	1	1	0
           467	2024-10-02 07:52:47	1	1	1	0
           637	2024-10-02 07:53:10	1	1	1	0
           374	2024-10-02 07:53:14	1	1	1	0
           640	2024-10-02 07:53:41	1	1	1	0
           350	2024-10-02 07:54:07	1	1	1	0
           502	2024-10-02 07:54:13	1	1	1	0
            40	2024-10-02 07:54:23	1	1	1	0
           635	2024-10-02 07:56:22	1	1	1	0
            53	2024-10-02 07:57:07	1	1	1	0
           399	2024-10-02 07:57:16	1	1	1	0
           593	2024-10-02 07:57:25	1	1	1	0
           556	2024-10-02 07:57:47	1	1	1	0
           513	2024-10-02 07:58:14	1	1	1	0
           361	2024-10-02 07:58:39	1	1	1	0
           200	2024-10-02 07:58:46	1	1	1	0
           520	2024-10-02 07:59:49	1	1	1	0
           648	2024-10-02 08:00:03	1	1	1	0
           312	2024-10-02 08:00:11	1	1	1	0
           417	2024-10-02 08:00:17	1	1	1	0
           575	2024-10-02 08:00:53	1	1	1	0
           623	2024-10-02 08:00:58	1	1	1	0
           236	2024-10-02 08:05:36	1	1	1	0
           259	2024-10-02 08:05:44	1	1	1	0
           511	2024-10-02 08:16:11	1	1	1	0
           121	2024-10-02 08:16:33	1	1	1	0
           603	2024-10-02 08:20:30	1	1	1	0
           275	2024-10-02 08:24:34	1	1	1	0
            87	2024-10-02 08:39:44	1	1	1	0
           485	2024-10-02 08:52:32	1	1	1	0
           363	2024-10-02 09:04:30	1	1	1	0
           460	2024-10-02 11:02:10	1	1	1	0
           460	2024-10-02 11:28:12	1	1	1	0
           581	2024-10-02 11:30:09	1	1	1	0
           632	2024-10-02 11:30:23	1	1	1	0
           387	2024-10-02 11:32:20	1	1	15	0
           123	2024-10-02 11:32:30	1	1	1	0
           443	2024-10-02 11:32:35	1	1	1	0
           196	2024-10-02 11:32:43	1	1	15	0
           119	2024-10-02 11:32:59	1	1	15	0
           360	2024-10-02 11:33:08	1	1	1	0
           422	2024-10-02 11:35:35	1	1	1	0
           366	2024-10-02 11:36:11	1	1	1	0
           643	2024-10-02 11:36:35	1	1	15	0
           566	2024-10-02 11:43:39	1	1	15	0
           642	2024-10-02 11:44:09	1	1	1	0
           115	2024-10-02 11:48:33	1	1	1	0
           337	2024-10-02 11:48:45	1	1	15	0
           546	2024-10-02 11:48:49	1	1	1	0
           579	2024-10-02 11:50:01	1	1	1	0
           573	2024-10-02 11:50:06	1	1	1	0
           360	2024-10-02 11:51:14	1	1	1	0
           314	2024-10-02 11:52:31	1	1	1	0
           123	2024-10-02 11:56:43	1	1	1	0
           366	2024-10-02 11:56:51	1	1	1	0
           581	2024-10-02 12:00:08	1	1	1	0
           196	2024-10-02 12:00:29	1	1	1	0
           422	2024-10-02 12:00:34	1	1	1	0
           434	2024-10-02 12:00:40	1	1	1	0
           387	2024-10-02 12:00:48	1	1	15	0
           523	2024-10-02 12:00:53	1	1	1	0
           637	2024-10-02 12:00:59	1	1	1	0
           443	2024-10-02 12:01:05	1	1	1	0
            69	2024-10-02 12:01:11	1	1	1	0
           355	2024-10-02 12:01:14	1	1	1	0
           259	2024-10-02 12:01:21	1	1	1	0
            53	2024-10-02 12:01:27	1	1	1	0
           265	2024-10-02 12:01:33	1	1	1	0
           417	2024-10-02 12:01:38	1	1	15	0
           476	2024-10-02 12:01:50	1	1	1	0
            38	2024-10-02 12:01:53	1	1	1	0
           375	2024-10-02 12:02:12	1	1	1	0
           374	2024-10-02 12:02:25	1	1	1	0
           623	2024-10-02 12:02:28	1	1	1	0
           511	2024-10-02 12:02:37	1	1	1	0
           397	2024-10-02 12:03:03	1	1	1	0
           603	2024-10-02 12:03:07	1	1	1	0
            40	2024-10-02 12:03:18	1	1	1	0
           635	2024-10-02 12:03:23	1	1	1	0
           350	2024-10-02 12:03:35	1	1	1	0
            74	2024-10-02 12:03:41	1	1	1	0
           465	2024-10-02 12:03:45	1	1	1	0
           655	2024-10-02 12:03:52	1	1	1	0
           183	2024-10-02 12:03:59	1	1	1	0
           631	2024-10-02 12:04:14	1	1	1	0
           556	2024-10-02 12:04:27	1	1	1	0
           586	2024-10-02 12:04:34	1	1	1	0
           648	2024-10-02 12:04:40	1	1	1	0
            87	2024-10-02 12:04:46	1	1	1	0
           119	2024-10-02 12:04:59	1	1	15	0
           115	2024-10-02 12:05:07	1	1	1	0
           546	2024-10-02 12:05:11	1	1	1	0
           606	2024-10-02 12:05:18	1	1	1	0
           146	2024-10-02 12:05:28	1	1	15	0
           493	2024-10-02 12:05:34	1	1	1	0
           658	2024-10-02 12:05:39	1	1	1	0
           657	2024-10-02 12:05:49	1	1	1	0
           337	2024-10-02 12:06:06	1	1	15	0
           288	2024-10-02 12:06:11	1	1	1	0
           562	2024-10-02 12:06:16	1	1	1	0
           370	2024-10-02 12:06:32	1	1	1	0
            86	2024-10-02 12:06:47	1	1	1	0
           453	2024-10-02 12:06:52	1	1	1	0
           413	2024-10-02 12:06:58	1	1	4	0
           361	2024-10-02 12:07:08	1	1	1	0
           414	2024-10-02 12:07:12	1	1	1	0
           398	2024-10-02 12:07:24	1	1	1	0
           601	2024-10-02 12:07:36	1	1	1	0
           643	2024-10-02 12:07:58	1	1	15	0
           573	2024-10-02 12:08:03	1	1	1	0
           579	2024-10-02 12:08:09	1	1	1	0
           236	2024-10-02 12:08:17	1	1	1	0
           182	2024-10-02 12:08:25	1	1	1	0
           132	2024-10-02 12:08:29	1	1	1	0
           303	2024-10-02 12:08:35	1	1	1	0
           101	2024-10-02 12:08:41	1	1	1	0
           502	2024-10-02 12:08:50	1	1	1	0
           335	2024-10-02 12:09:08	1	1	1	0
           403	2024-10-02 12:10:08	1	1	1	0
            73	2024-10-02 12:10:29	1	1	1	0
           520	2024-10-02 12:11:08	1	1	1	0
           604	2024-10-02 12:11:43	1	1	1	0
           529	2024-10-02 12:11:48	1	1	1	0
           125	2024-10-02 12:11:54	1	1	1	0
           114	2024-10-02 12:11:58	1	1	1	0
           583	2024-10-02 12:12:05	1	1	1	0
           331	2024-10-02 12:14:06	1	1	1	0
           338	2024-10-02 12:14:14	1	1	1	0
           566	2024-10-02 12:14:25	1	1	1	0
           184	2024-10-02 12:15:26	1	1	1	0
           312	2024-10-02 12:15:41	1	1	1	0
           513	2024-10-02 12:16:29	1	1	1	0
           492	2024-10-02 12:16:48	1	1	1	0
           149	2024-10-02 12:17:37	1	1	1	0
            88	2024-10-02 12:18:06	1	1	1	0
           589	2024-10-02 12:19:59	1	1	1	0
            27	2024-10-02 12:20:27	1	1	15	0
           655	2024-10-02 12:20:33	1	1	1	0
           205	2024-10-02 12:20:43	1	1	1	0
           465	2024-10-02 12:21:12	1	1	1	0
           635	2024-10-02 12:22:11	1	1	1	0
           575	2024-10-02 12:24:40	1	1	1	0
           637	2024-10-02 12:25:52	1	1	1	0
           132	2024-10-02 12:26:00	1	1	1	0
            93	2024-10-02 12:26:06	1	1	1	0
           642	2024-10-02 12:27:09	1	1	1	0
           121	2024-10-02 12:27:18	1	1	1	0
           601	2024-10-02 12:27:50	1	1	1	0
           606	2024-10-02 12:27:55	1	1	1	0
            53	2024-10-02 12:28:22	1	1	1	0
            55	2024-10-02 12:28:30	1	1	1	0
            74	2024-10-02 12:28:39	1	1	1	0
            40	2024-10-02 12:28:46	1	1	1	0
            69	2024-10-02 12:28:55	1	1	1	0
           583	2024-10-02 12:29:01	1	1	1	0
           413	2024-10-02 12:29:10	1	1	4	0
           114	2024-10-02 12:29:18	1	1	1	0
           453	2024-10-02 12:29:41	1	1	1	0
            38	2024-10-02 12:30:18	1	1	1	0
           586	2024-10-02 12:32:24	1	1	1	0
           648	2024-10-02 12:32:29	1	1	1	0
           492	2024-10-02 12:33:01	1	1	1	0
           658	2024-10-02 12:33:33	1	1	1	0
           657	2024-10-02 12:33:36	1	1	1	0
           200	2024-10-02 12:34:00	1	1	1	0
           562	2024-10-02 12:34:14	1	1	1	0
            86	2024-10-02 12:35:41	1	1	1	0
           623	2024-10-02 12:36:23	1	1	1	0
           511	2024-10-02 12:36:26	1	1	1	0
           303	2024-10-02 12:36:33	1	1	1	0
           640	2024-10-02 12:38:36	1	1	1	0
           493	2024-10-02 12:38:53	1	1	1	0
           444	2024-10-02 12:39:07	1	1	1	0
           589	2024-10-02 12:39:18	1	1	1	0
           404	2024-10-02 12:40:29	1	1	1	0
           265	2024-10-02 12:40:41	1	1	1	0
           399	2024-10-02 12:42:37	1	1	1	0
           603	2024-10-02 12:43:07	1	1	1	0
           631	2024-10-02 12:43:11	1	1	1	0
           121	2024-10-02 12:43:18	1	1	1	0
            73	2024-10-02 12:43:39	1	1	1	0
           350	2024-10-02 12:44:09	1	1	1	0
           338	2024-10-02 12:44:19	1	1	1	0
           584	2024-10-02 12:44:24	1	1	1	0
            87	2024-10-02 12:45:05	1	1	1	0
           408	2024-10-02 12:45:16	1	1	1	0
           331	2024-10-02 12:45:37	1	1	1	0
           105	2024-10-02 12:46:08	1	1	1	0
           355	2024-10-02 12:46:16	1	1	1	0
           375	2024-10-02 12:46:29	1	1	1	0
           361	2024-10-02 12:46:39	1	1	1	0
           476	2024-10-02 12:48:06	1	1	1	0
           397	2024-10-02 12:48:15	1	1	1	0
           183	2024-10-02 12:48:34	1	1	1	0
            93	2024-10-02 12:48:42	1	1	1	0
           370	2024-10-02 12:48:52	1	1	1	0
            55	2024-10-02 12:49:18	1	1	1	0
           101	2024-10-02 12:49:26	1	1	1	0
           502	2024-10-02 12:49:32	1	1	1	0
           529	2024-10-02 12:49:45	1	1	1	0
           403	2024-10-02 12:49:51	1	1	1	0
           604	2024-10-02 12:49:59	1	1	15	0
           520	2024-10-02 12:50:06	1	1	1	0
           434	2024-10-02 12:50:10	1	1	1	0
           125	2024-10-02 12:50:23	1	1	1	0
           182	2024-10-02 12:50:50	1	1	1	0
           184	2024-10-02 12:52:49	1	1	1	0
           146	2024-10-02 12:52:53	1	1	15	0
           513	2024-10-02 12:53:35	1	1	1	0
           417	2024-10-02 12:53:49	1	1	1	0
           312	2024-10-02 12:54:17	1	1	1	0
           335	2024-10-02 12:54:47	1	1	1	0
            88	2024-10-02 12:54:50	1	1	1	0
            95	2024-10-02 12:54:56	1	1	1	0
           149	2024-10-02 12:55:14	1	1	1	0
           575	2024-10-02 12:55:24	1	1	1	0
           200	2024-10-02 12:55:50	1	1	1	0
           640	2024-10-02 12:55:56	1	1	1	0
           374	2024-10-02 12:57:20	1	1	1	0
           259	2024-10-02 12:57:49	1	1	1	0
           288	2024-10-02 12:57:53	1	1	1	0
           444	2024-10-02 12:59:04	1	1	1	0
           404	2024-10-02 12:59:06	1	1	1	0
           399	2024-10-02 12:59:20	1	1	1	0
           236	2024-10-02 13:03:38	1	1	1	0
           485	2024-10-02 13:16:14	1	1	1	0
           485	2024-10-02 13:53:27	1	1	1	0
           124	2024-10-02 13:56:01	1	1	15	0
           305	2024-10-02 15:01:24	1	1	1	0
            70	2024-10-02 16:00:52	1	1	1	0
           413	2024-10-02 16:01:37	1	1	4	0
           460	2024-10-02 16:06:17	1	1	1	0
            93	2024-10-02 16:10:28	1	1	1	0
            88	2024-10-02 16:51:37	1	1	1	0
           566	2024-10-02 17:00:04	1	1	1	0
           387	2024-10-02 17:00:13	1	1	15	0
           581	2024-10-02 17:00:15	1	1	1	0
           422	2024-10-02 17:00:32	1	1	1	0
           556	2024-10-02 17:00:38	1	1	1	0
           366	2024-10-02 17:00:45	1	1	1	0
           601	2024-10-02 17:00:50	1	1	1	0
            53	2024-10-02 17:01:00	1	1	1	0
           603	2024-10-02 17:01:42	1	1	1	0
           184	2024-10-02 17:01:48	1	1	1	0
           523	2024-10-02 17:02:14	1	1	1	0
           375	2024-10-02 17:02:25	1	1	1	0
            74	2024-10-02 17:02:50	1	1	1	0
           397	2024-10-02 17:02:56	1	1	1	0
           631	2024-10-02 17:03:04	1	1	1	0
           370	2024-10-02 17:03:44	1	1	1	0
           331	2024-10-02 17:03:49	1	1	1	0
           645	2024-10-02 17:04:00	1	1	1	0
            27	2024-10-02 17:04:11	1	1	15	0
           643	2024-10-02 17:04:18	1	1	1	0
           642	2024-10-02 17:04:38	1	1	1	0
           123	2024-10-02 17:04:48	1	1	1	0
           350	2024-10-02 17:04:53	1	1	1	0
           583	2024-10-02 17:04:59	1	1	1	0
           646	2024-10-02 17:05:15	1	1	1	0
           562	2024-10-02 17:05:38	1	1	1	0
           453	2024-10-02 17:05:45	1	1	1	0
           288	2024-10-02 17:05:50	1	1	1	0
           196	2024-10-02 17:05:57	1	1	1	0
           443	2024-10-02 17:06:32	1	1	1	0
           115	2024-10-02 17:06:38	1	1	1	0
           398	2024-10-02 17:06:47	1	1	1	0
           360	2024-10-02 17:06:55	1	1	1	0
           374	2024-10-02 17:07:00	1	1	1	0
           132	2024-10-02 17:07:09	1	1	1	0
           265	2024-10-02 17:07:15	1	1	1	0
           604	2024-10-02 17:07:42	1	1	1	0
           149	2024-10-02 17:07:53	1	1	1	0
           529	2024-10-02 17:08:04	1	1	1	0
            95	2024-10-02 17:08:09	1	1	1	0
            40	2024-10-02 17:08:15	1	1	1	0
           125	2024-10-02 17:08:25	1	1	1	0
           520	2024-10-02 17:08:34	1	1	1	0
           648	2024-10-02 17:08:40	1	1	1	0
            38	2024-10-02 17:08:47	1	1	1	0
           337	2024-10-02 17:08:57	1	1	1	0
           476	2024-10-02 17:09:03	1	1	1	0
           511	2024-10-02 17:09:07	1	1	1	0
           119	2024-10-02 17:10:30	1	1	15	0
           361	2024-10-02 17:11:04	1	1	1	0
           586	2024-10-02 17:11:17	1	1	1	0
           658	2024-10-02 17:11:31	1	1	1	0
           502	2024-10-02 17:11:38	1	1	1	0
           657	2024-10-02 17:11:46	1	1	1	0
            69	2024-10-02 17:11:52	1	1	1	0
           493	2024-10-02 17:12:58	1	1	1	0
           101	2024-10-02 17:13:07	1	1	1	0
           575	2024-10-02 17:13:25	1	1	1	0
           403	2024-10-02 17:13:43	1	1	1	0
           444	2024-10-02 17:13:49	1	1	1	0
           417	2024-10-02 17:14:53	1	1	15	0
           399	2024-10-02 17:14:59	1	1	1	0
           335	2024-10-02 17:16:31	1	1	1	0
           182	2024-10-02 17:17:44	1	1	1	0
           640	2024-10-02 17:17:55	1	1	1	0
           146	2024-10-02 17:18:00	1	1	15	0
           606	2024-10-02 17:18:08	1	1	1	0
           635	2024-10-02 17:19:28	1	1	1	0
           355	2024-10-02 17:19:42	1	1	1	0
            73	2024-10-02 17:20:48	1	1	1	0
           467	2024-10-02 17:21:25	1	1	1	0
           579	2024-10-02 17:21:34	1	1	1	0
            86	2024-10-02 17:22:42	1	1	1	0
           303	2024-10-02 17:22:53	1	1	1	0
           434	2024-10-02 17:24:29	1	1	1	0
           513	2024-10-02 17:25:27	1	1	1	0
           338	2024-10-02 17:25:55	1	1	1	0
           105	2024-10-02 17:27:13	1	1	1	0
           408	2024-10-02 17:27:17	1	1	1	0
           312	2024-10-02 17:27:52	1	1	1	0
           573	2024-10-02 17:31:20	1	1	1	0
           546	2024-10-02 17:31:24	1	1	1	0
           314	2024-10-02 17:31:38	1	1	1	0
           589	2024-10-02 17:36:43	1	1	1	0
           404	2024-10-02 17:40:26	1	1	1	0
           121	2024-10-02 17:41:36	1	1	1	0
           414	2024-10-02 17:53:18	1	1	1	0
            55	2024-10-02 17:56:27	1	1	1	0
            87	2024-10-02 18:01:12	1	1	1	0
           183	2024-10-02 18:01:33	1	1	1	0
           485	2024-10-02 18:02:30	1	1	1	0
           259	2024-10-02 18:02:56	1	1	1	0
           205	2024-10-02 18:17:53	1	1	1	0
           655	2024-10-02 18:19:38	1	1	1	0
           275	2024-10-02 18:27:58	1	1	1	0
           492	2024-10-02 18:39:29	1	1	1	0
           465	2024-10-02 18:42:06	1	1	1	0
           363	2024-10-02 19:57:20	1	1	1	0
           200	2024-10-02 21:14:53	1	1	1	0
           567	2024-10-02 21:28:19	1	1	1	0
           620	2024-10-02 21:31:36	1	1	1	0
           124	2024-10-02 22:04:01	1	1	15	0
           305	2024-10-03 05:51:57	1	1	1	0
           227	2024-10-03 05:54:25	1	1	15	0
           337	2024-10-03 05:56:46	1	1	1	0
           567	2024-10-03 06:00:11	1	1	1	0
           205	2024-10-03 06:21:54	1	1	1	0
           196	2024-10-03 06:26:22	1	1	1	0
           119	2024-10-03 06:26:39	1	1	15	0
           632	2024-10-03 06:26:47	1	1	1	0
           646	2024-10-03 06:27:12	1	1	1	0
           124	2024-10-03 06:31:35	1	1	15	0
           387	2024-10-03 06:36:35	1	1	15	0
            37	2024-10-03 06:38:48	1	1	1	0
           465	2024-10-03 06:40:19	1	1	1	0
            69	2024-10-03 06:40:25	1	1	1	0
            88	2024-10-03 06:41:42	1	1	1	0
           562	2024-10-03 06:41:53	1	1	1	0
           422	2024-10-03 06:44:31	1	1	1	0
           600	2024-10-03 06:46:08	1	1	1	0
           582	2024-10-03 06:50:35	1	1	1	0
           184	2024-10-03 06:52:06	1	1	1	0
           146	2024-10-03 06:52:15	1	1	15	0
           645	2024-10-03 06:56:16	1	1	1	0
            27	2024-10-03 06:56:30	1	1	15	0
           453	2024-10-03 06:56:44	1	1	1	0
           460	2024-10-03 06:57:00	1	1	1	0
            93	2024-10-03 06:57:40	1	1	1	0
           366	2024-10-03 06:59:43	1	1	1	0
           566	2024-10-03 06:59:48	1	1	1	0
           657	2024-10-03 06:59:51	1	1	1	0
           413	2024-10-03 07:00:22	1	1	4	0
           603	2024-10-03 07:00:49	1	1	1	0
            95	2024-10-03 07:02:02	1	1	1	0
           620	2024-10-03 07:04:03	1	1	1	0
            83	2024-10-03 07:05:37	1	1	1	0
           314	2024-10-03 07:09:27	1	1	1	0
            73	2024-10-03 07:10:37	1	1	1	0
           556	2024-10-03 07:11:03	1	1	1	0
            40	2024-10-03 07:11:29	1	1	1	0
           581	2024-10-03 07:11:46	1	1	1	0
           101	2024-10-03 07:17:07	1	1	1	0
           579	2024-10-03 07:17:33	1	1	1	0
           642	2024-10-03 07:19:45	1	1	1	0
           643	2024-10-03 07:19:53	1	1	1	0
           573	2024-10-03 07:20:09	1	1	1	0
           546	2024-10-03 07:20:13	1	1	1	0
           606	2024-10-03 07:20:18	1	1	1	0
           631	2024-10-03 07:20:51	1	1	1	0
            77	2024-10-03 07:21:34	1	1	1	0
           658	2024-10-03 07:24:58	1	1	1	0
           149	2024-10-03 07:25:18	1	1	1	0
           434	2024-10-03 07:25:46	1	1	1	0
           523	2024-10-03 07:30:10	1	1	1	0
           355	2024-10-03 07:30:45	1	1	1	0
           123	2024-10-03 07:31:09	1	1	1	0
           194	2024-10-03 07:33:14	1	1	1	0
           288	2024-10-03 07:33:19	1	1	1	0
           397	2024-10-03 07:34:04	1	1	1	0
           125	2024-10-03 07:36:55	1	1	1	0
           492	2024-10-03 07:37:24	1	1	1	0
           589	2024-10-03 07:39:46	1	1	15	0
           640	2024-10-03 07:40:15	1	1	1	0
           403	2024-10-03 07:40:56	1	1	1	0
           583	2024-10-03 07:41:21	1	1	1	0
           444	2024-10-03 07:41:34	1	1	1	0
           404	2024-10-03 07:43:03	1	1	1	0
           105	2024-10-03 07:44:32	1	1	1	0
           604	2024-10-03 07:45:32	1	1	1	0
           338	2024-10-03 07:46:20	1	1	1	0
            53	2024-10-03 07:46:43	1	1	1	0
           476	2024-10-03 07:46:47	1	1	1	0
           398	2024-10-03 07:46:56	1	1	1	0
           370	2024-10-03 07:49:25	1	1	1	0
           586	2024-10-03 07:49:29	1	1	1	0
           601	2024-10-03 07:49:58	1	1	1	0
           529	2024-10-03 07:50:06	1	1	1	0
           467	2024-10-03 07:50:41	1	1	1	0
           408	2024-10-03 07:50:52	1	1	1	0
            70	2024-10-03 07:51:04	1	1	1	0
           312	2024-10-03 07:51:15	1	1	1	0
           513	2024-10-03 07:53:09	1	1	1	0
           541	2024-10-03 07:54:02	1	1	1	0
           635	2024-10-03 07:54:24	1	1	1	0
           374	2024-10-03 07:54:51	1	1	1	0
           399	2024-10-03 07:54:58	1	1	1	0
            87	2024-10-03 07:55:35	1	1	1	0
           183	2024-10-03 07:55:42	1	1	1	0
           350	2024-10-03 07:55:47	1	1	1	0
           200	2024-10-03 07:56:00	1	1	1	0
           623	2024-10-03 07:56:48	1	1	1	0
           236	2024-10-03 07:57:46	1	1	1	0
            55	2024-10-03 07:58:03	1	1	1	0
           511	2024-10-03 07:58:17	1	1	1	0
           655	2024-10-03 08:00:01	1	1	1	0
           259	2024-10-03 08:00:33	1	1	1	0
           363	2024-10-03 08:01:06	1	1	1	0
           331	2024-10-03 08:01:19	1	1	1	0
           516	2024-10-03 08:02:29	1	1	1	0
           417	2024-10-03 08:02:40	1	1	1	0
           520	2024-10-03 08:04:30	1	1	1	0
           593	2024-10-03 08:05:18	1	1	1	0
           414	2024-10-03 08:06:51	1	1	1	0
           648	2024-10-03 08:07:43	1	1	1	0
           265	2024-10-03 08:08:18	1	1	1	0
           275	2024-10-03 08:30:35	1	1	1	0
           485	2024-10-03 08:39:35	1	1	1	0
           460	2024-10-03 11:03:00	1	1	1	0
           659	2024-10-03 11:18:15	1	1	1	0
           566	2024-10-03 11:30:05	1	1	1	0
           642	2024-10-03 11:30:15	1	1	1	0
           581	2024-10-03 11:30:25	1	1	1	0
           643	2024-10-03 11:31:35	1	1	1	0
           600	2024-10-03 11:31:51	1	1	1	0
           123	2024-10-03 11:32:12	1	1	1	0
           422	2024-10-03 11:32:19	1	1	1	0
           582	2024-10-03 11:32:38	1	1	1	0
           366	2024-10-03 11:33:04	1	1	15	0
           460	2024-10-03 11:33:16	1	1	1	0
           387	2024-10-03 11:33:26	1	1	15	0
           119	2024-10-03 11:33:43	1	1	15	0
           196	2024-10-03 11:35:00	1	1	1	0
           360	2024-10-03 11:36:58	1	1	1	0
           573	2024-10-03 11:49:11	1	1	1	0
           337	2024-10-03 11:49:19	1	1	15	0
           579	2024-10-03 11:49:59	1	1	1	0
           314	2024-10-03 11:50:04	1	1	1	0
           366	2024-10-03 11:56:10	1	1	1	0
           581	2024-10-03 12:00:05	1	1	1	0
           604	2024-10-03 12:00:19	1	1	1	0
           520	2024-10-03 12:00:24	1	1	1	0
           125	2024-10-03 12:00:29	1	1	1	0
           119	2024-10-03 12:00:41	1	1	15	0
           196	2024-10-03 12:00:50	1	1	1	0
           387	2024-10-03 12:00:57	1	1	15	0
           422	2024-10-03 12:01:03	1	1	1	0
           566	2024-10-03 12:01:07	1	1	1	0
           635	2024-10-03 12:01:12	1	1	1	0
           350	2024-10-03 12:01:20	1	1	1	0
           265	2024-10-03 12:01:26	1	1	1	0
            77	2024-10-03 12:01:33	1	1	1	0
           149	2024-10-03 12:01:53	1	1	1	0
            87	2024-10-03 12:01:57	1	1	1	0
           331	2024-10-03 12:02:17	1	1	1	0
           556	2024-10-03 12:02:48	1	1	1	0
           183	2024-10-03 12:03:05	1	1	1	0
           593	2024-10-03 12:03:33	1	1	1	0
           511	2024-10-03 12:03:36	1	1	1	0
           370	2024-10-03 12:03:53	1	1	1	0
           404	2024-10-03 12:03:57	1	1	1	0
           606	2024-10-03 12:04:03	1	1	1	0
           399	2024-10-03 12:04:13	1	1	1	0
           657	2024-10-03 12:04:19	1	1	1	0
           658	2024-10-03 12:04:27	1	1	1	0
           397	2024-10-03 12:04:38	1	1	1	0
           601	2024-10-03 12:04:43	1	1	1	0
           337	2024-10-03 12:04:50	1	1	1	0
           579	2024-10-03 12:05:14	1	1	1	0
           314	2024-10-03 12:05:24	1	1	1	0
           236	2024-10-03 12:05:37	1	1	1	0
           465	2024-10-03 12:05:57	1	1	1	0
           655	2024-10-03 12:06:00	1	1	1	0
           360	2024-10-03 12:06:10	1	1	1	0
           623	2024-10-03 12:06:51	1	1	1	0
           398	2024-10-03 12:06:55	1	1	1	0
           184	2024-10-03 12:07:00	1	1	1	0
            93	2024-10-03 12:07:10	1	1	1	0
           631	2024-10-03 12:07:27	1	1	1	0
           275	2024-10-03 12:07:35	1	1	1	0
           467	2024-10-03 12:07:56	1	1	1	0
            69	2024-10-03 12:08:00	1	1	1	0
           573	2024-10-03 12:08:03	1	1	1	0
           600	2024-10-03 12:08:08	1	1	1	0
           643	2024-10-03 12:08:15	1	1	1	0
            88	2024-10-03 12:08:48	1	1	1	0
           355	2024-10-03 12:09:00	1	1	1	0
           523	2024-10-03 12:09:02	1	1	1	0
           493	2024-10-03 12:09:10	1	1	1	0
           583	2024-10-03 12:09:40	1	1	1	0
           413	2024-10-03 12:09:48	1	1	4	0
           434	2024-10-03 12:09:52	1	1	1	0
            83	2024-10-03 12:10:06	1	1	1	0
           121	2024-10-03 12:10:31	1	1	1	0
           640	2024-10-03 12:11:07	1	1	1	0
           194	2024-10-03 12:11:12	1	1	1	0
           476	2024-10-03 12:11:17	1	1	1	0
           586	2024-10-03 12:11:23	1	1	1	0
           648	2024-10-03 12:11:29	1	1	1	0
           403	2024-10-03 12:12:29	1	1	1	0
           123	2024-10-03 12:13:53	1	1	1	0
           312	2024-10-03 12:14:02	1	1	1	0
            77	2024-10-03 12:17:25	1	1	1	0
           265	2024-10-03 12:17:31	1	1	1	0
           513	2024-10-03 12:17:37	1	1	1	0
           408	2024-10-03 12:17:41	1	1	1	0
           338	2024-10-03 12:17:44	1	1	1	0
           331	2024-10-03 12:18:27	1	1	1	0
           593	2024-10-03 12:18:39	1	1	1	0
           511	2024-10-03 12:18:42	1	1	1	0
           404	2024-10-03 12:19:18	1	1	1	0
           259	2024-10-03 12:20:03	1	1	1	0
            87	2024-10-03 12:20:52	1	1	1	0
           606	2024-10-03 12:21:08	1	1	1	0
           623	2024-10-03 12:22:02	1	1	1	0
           370	2024-10-03 12:23:07	1	1	1	0
           146	2024-10-03 12:23:49	1	1	15	0
           413	2024-10-03 12:25:09	1	1	4	0
           434	2024-10-03 12:25:15	1	1	1	0
           655	2024-10-03 12:25:23	1	1	1	0
           465	2024-10-03 12:25:45	1	1	1	0
            69	2024-10-03 12:25:57	1	1	1	0
           149	2024-10-03 12:26:44	1	1	1	0
            53	2024-10-03 12:27:46	1	1	1	0
           631	2024-10-03 12:28:24	1	1	1	0
           414	2024-10-03 12:29:29	1	1	1	0
           642	2024-10-03 12:30:14	1	1	1	0
           398	2024-10-03 12:30:19	1	1	1	0
           200	2024-10-03 12:30:45	1	1	1	0
           529	2024-10-03 12:32:52	1	1	1	0
           374	2024-10-03 12:33:18	1	1	1	0
           101	2024-10-03 12:34:09	1	1	1	0
           236	2024-10-03 12:34:34	1	1	1	0
           583	2024-10-03 12:35:10	1	1	1	0
           275	2024-10-03 12:35:42	1	1	1	0
           635	2024-10-03 12:36:46	1	1	1	0
           312	2024-10-03 12:37:42	1	1	1	0
            93	2024-10-03 12:38:00	1	1	1	0
           476	2024-10-03 12:38:24	1	1	1	0
            88	2024-10-03 12:38:53	1	1	1	0
           556	2024-10-03 12:39:03	1	1	1	0
           541	2024-10-03 12:39:07	1	1	1	0
           363	2024-10-03 12:39:40	1	1	1	0
           417	2024-10-03 12:39:45	1	1	1	0
           335	2024-10-03 12:40:38	1	1	1	0
           657	2024-10-03 12:41:00	1	1	1	0
           658	2024-10-03 12:41:09	1	1	1	0
           586	2024-10-03 12:42:10	1	1	1	0
           648	2024-10-03 12:42:14	1	1	1	0
           146	2024-10-03 12:42:21	1	1	15	0
           444	2024-10-03 12:42:43	1	1	1	0
            83	2024-10-03 12:43:22	1	1	1	0
           513	2024-10-03 12:43:27	1	1	1	0
           493	2024-10-03 12:44:50	1	1	1	0
           601	2024-10-03 12:45:28	1	1	1	0
           397	2024-10-03 12:45:58	1	1	1	0
           467	2024-10-03 12:47:53	1	1	1	0
           523	2024-10-03 12:49:21	1	1	1	0
           355	2024-10-03 12:49:25	1	1	1	0
           121	2024-10-03 12:49:41	1	1	1	0
           582	2024-10-03 12:49:52	1	1	1	0
           184	2024-10-03 12:50:09	1	1	1	0
           183	2024-10-03 12:50:15	1	1	1	0
           529	2024-10-03 12:50:20	1	1	1	0
           604	2024-10-03 12:50:30	1	1	1	0
           403	2024-10-03 12:50:37	1	1	1	0
           200	2024-10-03 12:50:45	1	1	1	0
           520	2024-10-03 12:50:51	1	1	1	0
           125	2024-10-03 12:50:59	1	1	1	0
           408	2024-10-03 12:52:08	1	1	1	0
           640	2024-10-03 12:52:59	1	1	1	0
           338	2024-10-03 12:53:04	1	1	1	0
           259	2024-10-03 12:53:44	1	1	1	0
           288	2024-10-03 12:53:56	1	1	1	0
           374	2024-10-03 12:56:18	1	1	1	0
           541	2024-10-03 12:56:21	1	1	1	0
           637	2024-10-03 12:56:29	1	1	1	0
           335	2024-10-03 12:56:58	1	1	1	0
           350	2024-10-03 12:57:03	1	1	1	0
           363	2024-10-03 12:57:15	1	1	1	0
           417	2024-10-03 12:57:21	1	1	15	0
           101	2024-10-03 12:57:32	1	1	1	0
           444	2024-10-03 12:59:02	1	1	1	0
           194	2024-10-03 13:03:40	1	1	1	0
           485	2024-10-03 13:10:29	1	1	1	0
           305	2024-10-03 14:18:58	1	1	1	0
           567	2024-10-03 14:31:57	1	1	1	0
           124	2024-10-03 15:05:35	1	1	15	0
            70	2024-10-03 16:03:33	1	1	1	0
            93	2024-10-03 16:11:55	1	1	1	0
           413	2024-10-03 16:14:03	1	1	4	0
           460	2024-10-03 16:14:11	1	1	1	0
           331	2024-10-03 17:00:04	1	1	1	0
           363	2024-10-03 17:00:08	1	1	1	0
           417	2024-10-03 17:00:13	1	1	1	0
           566	2024-10-03 17:00:20	1	1	1	0
           581	2024-10-03 17:00:25	1	1	1	0
           637	2024-10-03 17:00:29	1	1	1	0
           397	2024-10-03 17:00:39	1	1	1	0
           387	2024-10-03 17:01:03	1	1	15	0
            77	2024-10-03 17:01:09	1	1	1	0
           422	2024-10-03 17:01:14	1	1	1	0
           600	2024-10-03 17:01:19	1	1	1	0
            53	2024-10-03 17:01:26	1	1	1	0
           493	2024-10-03 17:01:32	1	1	1	0
           350	2024-10-03 17:01:56	1	1	1	0
           288	2024-10-03 17:02:28	1	1	1	0
           374	2024-10-03 17:02:36	1	1	1	0
           366	2024-10-03 17:02:41	1	1	1	0
           194	2024-10-03 17:02:47	1	1	1	0
           236	2024-10-03 17:02:56	1	1	1	0
           146	2024-10-03 17:03:02	1	1	15	0
           635	2024-10-03 17:03:07	1	1	1	0
           601	2024-10-03 17:03:12	1	1	1	0
           583	2024-10-03 17:03:45	1	1	1	0
           582	2024-10-03 17:04:13	1	1	1	0
           149	2024-10-03 17:04:19	1	1	1	0
           119	2024-10-03 17:04:42	1	1	15	0
           631	2024-10-03 17:04:50	1	1	1	0
           101	2024-10-03 17:04:59	1	1	1	0
           123	2024-10-03 17:05:08	1	1	1	0
           643	2024-10-03 17:05:35	1	1	1	0
           648	2024-10-03 17:05:42	1	1	1	0
           646	2024-10-03 17:05:56	1	1	1	0
           640	2024-10-03 17:06:02	1	1	1	0
           115	2024-10-03 17:06:10	1	1	1	0
           196	2024-10-03 17:06:16	1	1	1	0
           184	2024-10-03 17:06:18	1	1	1	0
           556	2024-10-03 17:06:26	1	1	1	0
           562	2024-10-03 17:06:55	1	1	1	0
           399	2024-10-03 17:07:23	1	1	1	0
           476	2024-10-03 17:07:27	1	1	1	0
           623	2024-10-03 17:08:13	1	1	1	0
           642	2024-10-03 17:08:41	1	1	1	0
           403	2024-10-03 17:08:48	1	1	1	0
           529	2024-10-03 17:09:41	1	1	1	0
           658	2024-10-03 17:09:53	1	1	1	0
           657	2024-10-03 17:10:01	1	1	1	0
           655	2024-10-03 17:10:44	1	1	1	0
           370	2024-10-03 17:13:17	1	1	1	0
           604	2024-10-03 17:15:39	1	1	1	0
           105	2024-10-03 17:15:50	1	1	1	0
           520	2024-10-03 17:15:55	1	1	1	0
           125	2024-10-03 17:15:57	1	1	1	0
           573	2024-10-03 17:16:04	1	1	1	0
           467	2024-10-03 17:16:10	1	1	1	0
            88	2024-10-03 17:16:33	1	1	1	0
           121	2024-10-03 17:16:41	1	1	1	0
           444	2024-10-03 17:16:51	1	1	1	0
            83	2024-10-03 17:17:18	1	1	1	0
           434	2024-10-03 17:17:59	1	1	1	0
           523	2024-10-03 17:18:09	1	1	1	0
           606	2024-10-03 17:18:16	1	1	1	0
           355	2024-10-03 17:19:14	1	1	1	0
            69	2024-10-03 17:21:43	1	1	1	0
           408	2024-10-03 17:23:36	1	1	1	0
           513	2024-10-03 17:24:03	1	1	1	0
           338	2024-10-03 17:24:22	1	1	1	0
           337	2024-10-03 17:27:06	1	1	1	0
           586	2024-10-03 17:28:08	1	1	1	0
           265	2024-10-03 17:30:29	1	1	1	0
           398	2024-10-03 17:30:59	1	1	1	0
           314	2024-10-03 17:32:34	1	1	1	0
           579	2024-10-03 17:32:38	1	1	1	0
           546	2024-10-03 17:32:42	1	1	1	0
           492	2024-10-03 17:32:47	1	1	1	0
           404	2024-10-03 17:37:17	1	1	1	0
           453	2024-10-03 17:37:26	1	1	1	0
           511	2024-10-03 17:38:07	1	1	1	0
            55	2024-10-03 17:45:41	1	1	1	0
            73	2024-10-03 17:54:10	1	1	1	0
           645	2024-10-03 17:55:50	1	1	1	0
           312	2024-10-03 17:56:39	1	1	1	0
           259	2024-10-03 18:01:06	1	1	1	0
           183	2024-10-03 18:01:15	1	1	1	0
           360	2024-10-03 18:02:52	1	1	1	0
           335	2024-10-03 18:04:36	1	1	1	0
           516	2024-10-03 18:06:19	1	1	1	0
            27	2024-10-03 18:09:24	1	1	15	0
           485	2024-10-03 18:10:11	1	1	1	0
            87	2024-10-03 18:13:49	1	1	1	0
           465	2024-10-03 18:36:57	1	1	1	0
           205	2024-10-03 18:42:38	1	1	1	0
           414	2024-10-03 19:09:41	1	1	1	0
           275	2024-10-03 19:35:17	1	1	1	0
           593	2024-10-03 20:00:21	1	1	1	0
           200	2024-10-03 20:14:54	1	1	1	0
           541	2024-10-03 20:18:39	1	1	1	0
           620	2024-10-03 20:29:31	1	1	1	0
           567	2024-10-03 23:00:41	1	1	1	0
           337	2024-10-04 05:56:27	1	1	1	0
           124	2024-10-04 06:09:28	1	1	15	0
           620	2024-10-04 06:22:46	1	1	1	0
           119	2024-10-04 06:28:10	1	1	15	0
           196	2024-10-04 06:28:17	1	1	1	0
           632	2024-10-04 06:29:04	1	1	1	0
           387	2024-10-04 06:34:48	1	1	15	0
           146	2024-10-04 06:35:30	1	1	15	0
           184	2024-10-04 06:35:36	1	1	1	0
           658	2024-10-04 06:35:44	1	1	1	0
           422	2024-10-04 06:44:11	1	1	1	0
           646	2024-10-04 06:46:08	1	1	1	0
           227	2024-10-04 06:50:38	1	1	15	0
           413	2024-10-04 06:52:34	1	1	4	0
           645	2024-10-04 06:54:37	1	1	1	0
            88	2024-10-04 06:57:57	1	1	1	0
           582	2024-10-04 07:05:49	1	1	1	0
           375	2024-10-04 07:07:00	1	1	1	0
           366	2024-10-04 07:09:03	1	1	1	0
           312	2024-10-04 07:10:17	1	1	1	0
           566	2024-10-04 07:10:40	1	1	1	0
           123	2024-10-04 07:13:41	1	1	1	0
           606	2024-10-04 07:13:58	1	1	1	0
           314	2024-10-04 07:14:08	1	1	1	0
           465	2024-10-04 07:15:48	1	1	1	0
            75	2024-10-04 07:16:14	1	1	1	0
           631	2024-10-04 07:17:09	1	1	1	0
           642	2024-10-04 07:17:19	1	1	1	0
           643	2024-10-04 07:17:47	1	1	15	0
           546	2024-10-04 07:17:53	1	1	1	0
           573	2024-10-04 07:18:59	1	1	1	0
           105	2024-10-04 07:19:13	1	1	1	0
           492	2024-10-04 07:19:20	1	1	1	0
           101	2024-10-04 07:19:35	1	1	1	0
           581	2024-10-04 07:20:06	1	1	1	0
           493	2024-10-04 07:20:36	1	1	1	0
           115	2024-10-04 07:20:55	1	1	1	0
            77	2024-10-04 07:22:35	1	1	1	0
           398	2024-10-04 07:23:23	1	1	1	0
           579	2024-10-04 07:24:53	1	1	1	0
           360	2024-10-04 07:27:22	1	1	1	0
           434	2024-10-04 07:29:33	1	1	1	0
            73	2024-10-04 07:29:58	1	1	1	0
            55	2024-10-04 07:32:51	1	1	1	0
           355	2024-10-04 07:33:00	1	1	1	0
           397	2024-10-04 07:34:04	1	1	1	0
            95	2024-10-04 07:34:21	1	1	1	0
           516	2024-10-04 07:35:58	1	1	1	0
            27	2024-10-04 07:36:14	1	1	15	0
           125	2024-10-04 07:36:22	1	1	1	0
           453	2024-10-04 07:36:28	1	1	1	0
            83	2024-10-04 07:37:17	1	1	1	0
           541	2024-10-04 07:37:58	1	1	1	0
            37	2024-10-04 07:38:32	1	1	1	0
           635	2024-10-04 07:38:49	1	1	1	0
           149	2024-10-04 07:39:10	1	1	1	0
            69	2024-10-04 07:39:17	1	1	1	0
           604	2024-10-04 07:41:46	1	1	1	0
           648	2024-10-04 07:42:28	1	1	1	0
           655	2024-10-04 07:44:09	1	1	1	0
           444	2024-10-04 07:45:54	1	1	1	0
           601	2024-10-04 07:47:48	1	1	1	0
           350	2024-10-04 07:48:18	1	1	1	0
           331	2024-10-04 07:48:45	1	1	1	0
           338	2024-10-04 07:48:59	1	1	1	0
            70	2024-10-04 07:49:05	1	1	15	0
            74	2024-10-04 07:49:23	1	1	15	0
           523	2024-10-04 07:49:32	1	1	1	0
           476	2024-10-04 07:50:12	1	1	1	0
           374	2024-10-04 07:51:03	1	1	1	0
            53	2024-10-04 07:51:49	1	1	1	0
           399	2024-10-04 07:52:06	1	1	1	0
           467	2024-10-04 07:52:14	1	1	1	0
           640	2024-10-04 07:52:24	1	1	1	0
           404	2024-10-04 07:53:33	1	1	1	0
           370	2024-10-04 07:54:04	1	1	1	0
           194	2024-10-04 07:56:13	1	1	1	0
           288	2024-10-04 07:56:19	1	1	1	0
           200	2024-10-04 07:56:26	1	1	1	0
           403	2024-10-04 07:57:00	1	1	1	0
           562	2024-10-04 07:57:07	1	1	1	0
           408	2024-10-04 07:57:16	1	1	1	0
           556	2024-10-04 07:57:46	1	1	1	0
           513	2024-10-04 07:57:59	1	1	1	0
           520	2024-10-04 07:59:10	1	1	1	0
           623	2024-10-04 08:00:13	1	1	1	0
           637	2024-10-04 08:00:16	1	1	1	0
           236	2024-10-04 08:02:11	1	1	1	0
           529	2024-10-04 08:02:19	1	1	1	0
           511	2024-10-04 08:02:24	1	1	1	0
           205	2024-10-04 08:03:44	1	1	1	0
           417	2024-10-04 08:03:51	1	1	15	0
           583	2024-10-04 08:05:45	1	1	1	0
           335	2024-10-04 08:07:53	1	1	1	0
           593	2024-10-04 08:14:42	1	0	1	0
           259	2024-10-04 08:14:52	1	0	1	0
           485	2024-10-04 08:26:54	1	0	1	0
            87	2024-10-04 08:32:08	1	0	1	0
           405	2024-10-04 08:36:23	1	0	1	0
           275	2024-10-04 08:53:33	1	0	1	0
           206	2024-10-04 08:54:03	1	0	1	0
           581	2024-10-04 11:30:16	1	0	1	0
           632	2024-10-04 11:30:27	1	0	1	0
           643	2024-10-04 11:30:32	1	0	1	0
           642	2024-10-04 11:31:17	1	0	1	0
           566	2024-10-04 11:31:26	1	0	1	0
           366	2024-10-04 11:31:34	1	0	1	0
           646	2024-10-04 11:32:09	1	0	1	0
           123	2024-10-04 11:32:14	1	0	1	0
           387	2024-10-04 11:32:22	1	0	15	0
           422	2024-10-04 11:32:33	1	0	1	0
           582	2024-10-04 11:33:01	1	0	1	0
           196	2024-10-04 11:33:10	1	0	1	0
           360	2024-10-04 11:33:18	1	0	1	0
           119	2024-10-04 11:35:05	1	0	15	0
           115	2024-10-04 11:47:56	1	0	1	0
           337	2024-10-04 11:48:08	1	0	15	0
           314	2024-10-04 11:48:15	1	0	1	0
           573	2024-10-04 11:51:38	1	0	1	0
           579	2024-10-04 11:51:44	1	0	1	0
           546	2024-10-04 11:52:42	1	0	1	0
           581	2024-10-04 11:53:06	1	0	1	0
           360	2024-10-04 11:54:42	1	0	1	0
           366	2024-10-04 11:57:04	1	0	1	0
           196	2024-10-04 12:00:04	1	0	1	0
           422	2024-10-04 12:00:08	1	0	1	0
           387	2024-10-04 12:00:17	1	0	15	0
           566	2024-10-04 12:00:21	1	0	1	0
           556	2024-10-04 12:00:25	1	0	1	0
           119	2024-10-04 12:00:42	1	0	15	0
           397	2024-10-04 12:00:47	1	0	1	0
            53	2024-10-04 12:00:53	1	0	1	0
           604	2024-10-04 12:01:09	1	0	1	0
           520	2024-10-04 12:01:17	1	0	1	0
           125	2024-10-04 12:01:24	1	0	1	0
           583	2024-10-04 12:01:36	1	0	1	0
           399	2024-10-04 12:01:56	1	0	1	0
           643	2024-10-04 12:02:18	1	0	15	0
            88	2024-10-04 12:02:33	1	0	1	0
           635	2024-10-04 12:02:59	1	0	1	0
            69	2024-10-04 12:03:03	1	0	1	0
            83	2024-10-04 12:03:21	1	0	1	0
           205	2024-10-04 12:03:37	1	0	1	0
            74	2024-10-04 12:03:50	1	0	1	0
           541	2024-10-04 12:03:54	1	0	1	0
           467	2024-10-04 12:04:00	1	0	1	0
            37	2024-10-04 12:04:07	1	0	1	0
           414	2024-10-04 12:04:11	1	0	1	0
           476	2024-10-04 12:04:15	1	0	1	0
           350	2024-10-04 12:04:20	1	0	1	0
           586	2024-10-04 12:04:25	1	0	1	0
           648	2024-10-04 12:04:30	1	0	1	0
           655	2024-10-04 12:04:35	1	0	1	0
            77	2024-10-04 12:04:43	1	0	1	0
           465	2024-10-04 12:04:50	1	0	1	0
            75	2024-10-04 12:05:07	1	0	1	0
           146	2024-10-04 12:05:13	1	0	15	0
           265	2024-10-04 12:05:18	1	0	1	0
           637	2024-10-04 12:05:23	1	0	1	0
           493	2024-10-04 12:05:33	1	0	1	0
           275	2024-10-04 12:05:38	1	0	1	0
           206	2024-10-04 12:05:44	1	0	1	0
            87	2024-10-04 12:05:49	1	0	1	0
           404	2024-10-04 12:05:53	1	0	1	0
           149	2024-10-04 12:05:58	1	0	1	0
           331	2024-10-04 12:06:03	1	0	1	0
           374	2024-10-04 12:06:13	1	0	1	0
           335	2024-10-04 12:06:17	1	0	1	0
           601	2024-10-04 12:06:26	1	0	1	0
           562	2024-10-04 12:06:33	1	0	1	0
           115	2024-10-04 12:06:41	1	0	1	0
           337	2024-10-04 12:06:52	1	0	15	0
           314	2024-10-04 12:06:57	1	0	1	0
           403	2024-10-04 12:07:07	1	0	1	0
           593	2024-10-04 12:07:46	1	0	1	0
           623	2024-10-04 12:07:49	1	0	1	0
           511	2024-10-04 12:07:51	1	0	1	0
           606	2024-10-04 12:07:58	1	0	1	0
           184	2024-10-04 12:08:13	1	0	1	0
           492	2024-10-04 12:08:18	1	0	1	0
           516	2024-10-04 12:08:25	1	0	1	0
           259	2024-10-04 12:08:35	1	0	1	0
           338	2024-10-04 12:08:41	1	0	1	0
           513	2024-10-04 12:08:50	1	0	1	0
           631	2024-10-04 12:08:59	1	0	1	0
           417	2024-10-04 12:09:47	1	0	1	0
           121	2024-10-04 12:10:05	1	0	1	0
           355	2024-10-04 12:11:02	1	0	1	0
           101	2024-10-04 12:12:03	1	0	1	0
           573	2024-10-04 12:12:35	1	0	1	0
           579	2024-10-04 12:12:45	1	0	1	0
           523	2024-10-04 12:12:51	1	0	1	0
           370	2024-10-04 12:14:27	1	0	1	0
           236	2024-10-04 12:15:07	1	0	1	0
            55	2024-10-04 12:15:15	1	0	1	0
           434	2024-10-04 12:15:23	1	0	1	0
            53	2024-10-04 12:17:19	1	0	1	0
           200	2024-10-04 12:18:28	1	0	1	0
            83	2024-10-04 12:18:45	1	0	1	0
           194	2024-10-04 12:19:11	1	0	1	0
           556	2024-10-04 12:19:52	1	0	1	0
           350	2024-10-04 12:20:16	1	0	1	0
           583	2024-10-04 12:20:23	1	0	1	0
           146	2024-10-04 12:20:30	1	0	15	0
           205	2024-10-04 12:20:40	1	0	1	0
           414	2024-10-04 12:20:48	1	0	1	0
           655	2024-10-04 12:20:53	1	0	1	0
           404	2024-10-04 12:21:05	1	0	1	0
            37	2024-10-04 12:21:25	1	0	1	0
            75	2024-10-04 12:21:38	1	0	1	0
           335	2024-10-04 12:21:44	1	0	1	0
           640	2024-10-04 12:21:56	1	0	1	0
            69	2024-10-04 12:22:07	1	0	1	0
           465	2024-10-04 12:22:11	1	0	1	0
           265	2024-10-04 12:22:16	1	0	1	0
            77	2024-10-04 12:22:38	1	0	1	0
           623	2024-10-04 12:23:02	1	0	1	0
            87	2024-10-04 12:23:09	1	0	1	0
           467	2024-10-04 12:23:15	1	0	1	0
           546	2024-10-04 12:23:19	1	0	1	0
           541	2024-10-04 12:23:22	1	0	1	0
           593	2024-10-04 12:23:26	1	0	1	0
           511	2024-10-04 12:23:28	1	0	1	0
           492	2024-10-04 12:23:50	1	0	1	0
           516	2024-10-04 12:23:57	1	0	1	0
           405	2024-10-04 12:24:22	1	0	1	0
           375	2024-10-04 12:24:37	1	0	1	0
           331	2024-10-04 12:25:00	1	0	1	0
           338	2024-10-04 12:25:08	1	0	1	0
           408	2024-10-04 12:25:15	1	0	1	0
           606	2024-10-04 12:26:34	1	0	1	0
           562	2024-10-04 12:27:04	1	0	1	0
           288	2024-10-04 12:27:52	1	0	1	0
           476	2024-10-04 12:28:45	1	0	1	0
           417	2024-10-04 12:30:36	1	0	15	0
           149	2024-10-04 12:31:47	1	0	1	0
            55	2024-10-04 12:33:59	1	0	1	0
           631	2024-10-04 12:34:59	1	0	1	0
           206	2024-10-04 12:36:30	1	0	1	0
           642	2024-10-04 12:36:54	1	0	1	0
           637	2024-10-04 12:37:07	1	0	1	0
           635	2024-10-04 12:37:34	1	0	1	0
           259	2024-10-04 12:37:50	1	0	1	0
            88	2024-10-04 12:39:32	1	0	1	0
           375	2024-10-04 12:39:43	1	0	1	0
           405	2024-10-04 12:39:49	1	0	1	0
           444	2024-10-04 12:40:21	1	0	1	0
           529	2024-10-04 12:42:22	1	0	1	0
           493	2024-10-04 12:44:35	1	0	1	0
           403	2024-10-04 12:44:45	1	0	1	0
           370	2024-10-04 12:45:02	1	0	15	0
           646	2024-10-04 12:45:43	1	0	1	0
           397	2024-10-04 12:46:02	1	0	1	0
           374	2024-10-04 12:47:01	1	0	1	0
           601	2024-10-04 12:47:51	1	0	1	0
           640	2024-10-04 12:48:04	1	0	1	0
           604	2024-10-04 12:48:53	1	0	1	0
           520	2024-10-04 12:49:00	1	0	1	0
           125	2024-10-04 12:49:10	1	0	1	0
           101	2024-10-04 12:49:15	1	0	1	0
           184	2024-10-04 12:49:21	1	0	1	0
           121	2024-10-04 12:49:28	1	0	1	0
           408	2024-10-04 12:51:40	1	0	1	0
           434	2024-10-04 12:52:47	1	0	1	0
           194	2024-10-04 12:53:09	1	0	1	0
           200	2024-10-04 12:53:14	1	0	1	0
           513	2024-10-04 12:53:23	1	0	1	0
           355	2024-10-04 12:53:42	1	0	1	0
           523	2024-10-04 12:53:46	1	0	1	0
           586	2024-10-04 12:54:53	1	0	1	0
           648	2024-10-04 12:54:57	1	0	1	0
           288	2024-10-04 12:55:16	1	0	1	0
           236	2024-10-04 12:56:35	1	0	1	0
           399	2024-10-04 12:56:44	1	0	1	0
           444	2024-10-04 12:58:54	1	0	1	0
           529	2024-10-04 12:59:04	1	0	1	0
           485	2024-10-04 13:18:39	1	0	1	0
           620	2024-10-04 13:37:14	1	0	1	0
           567	2024-10-04 13:42:47	1	0	1	0
           485	2024-10-04 13:55:38	1	0	1	0
           124	2024-10-04 14:15:01	1	0	15	0
            70	2024-10-04 16:00:11	1	0	1	0
            53	2024-10-04 17:00:12	1	0	1	0
           566	2024-10-04 17:00:17	1	0	1	0
           581	2024-10-04 17:00:21	1	0	1	0
           422	2024-10-04 17:00:24	1	0	1	0
           387	2024-10-04 17:00:30	1	0	15	0
           123	2024-10-04 17:00:36	1	0	1	0
           637	2024-10-04 17:00:44	1	0	1	0
           582	2024-10-04 17:00:57	1	0	1	0
           366	2024-10-04 17:01:02	1	0	1	0
           645	2024-10-04 17:01:07	1	0	1	0
           642	2024-10-04 17:01:15	1	0	1	0
           643	2024-10-04 17:01:20	1	0	1	0
           331	2024-10-04 17:01:25	1	0	1	0
            77	2024-10-04 17:01:30	1	0	1	0
            74	2024-10-04 17:01:37	1	0	1	0
           350	2024-10-04 17:01:41	1	0	1	0
           562	2024-10-04 17:01:45	1	0	1	0
           646	2024-10-04 17:01:52	1	0	1	0
           397	2024-10-04 17:01:56	1	0	1	0
           583	2024-10-04 17:01:59	1	0	1	0
           196	2024-10-04 17:02:06	1	0	1	0
           374	2024-10-04 17:02:09	1	0	1	0
           556	2024-10-04 17:02:12	1	0	1	0
           655	2024-10-04 17:02:33	1	0	1	0
           119	2024-10-04 17:03:48	1	0	15	0
           194	2024-10-04 17:03:56	1	0	1	0
           375	2024-10-04 17:04:15	1	0	1	0
           631	2024-10-04 17:04:32	1	0	1	0
           606	2024-10-04 17:04:35	1	0	1	0
           417	2024-10-04 17:04:51	1	0	15	0
           403	2024-10-04 17:05:01	1	0	1	0
           635	2024-10-04 17:05:08	1	0	1	0
           493	2024-10-04 17:05:14	1	0	1	0
           405	2024-10-04 17:05:36	1	0	1	0
           404	2024-10-04 17:06:52	1	0	1	0
           601	2024-10-04 17:07:45	1	0	1	0
           648	2024-10-04 17:08:06	1	0	1	0
           523	2024-10-04 17:09:16	1	0	1	0
           623	2024-10-04 17:10:42	1	0	1	0
           184	2024-10-04 17:11:44	1	0	1	0
           355	2024-10-04 17:12:01	1	0	1	0
           288	2024-10-04 17:12:29	1	0	1	0
           399	2024-10-04 17:13:02	1	0	1	0
           236	2024-10-04 17:13:38	1	0	1	0
           337	2024-10-04 17:13:48	1	0	1	0
            83	2024-10-04 17:14:35	1	0	1	0
           444	2024-10-04 17:16:14	1	0	1	0
           398	2024-10-04 17:16:40	1	0	1	0
            73	2024-10-04 17:17:14	1	0	1	0
           413	2024-10-04 17:17:29	1	0	1	0
           511	2024-10-04 17:17:53	1	0	1	0
           408	2024-10-04 17:18:34	1	0	1	0
           338	2024-10-04 17:18:40	1	0	1	0
           586	2024-10-04 17:19:50	1	0	1	0
           640	2024-10-04 17:20:03	1	0	1	0
           573	2024-10-04 17:20:07	1	0	1	0
           546	2024-10-04 17:20:12	1	0	1	0
           467	2024-10-04 17:20:16	1	0	1	0
            69	2024-10-04 17:20:21	1	0	1	0
           516	2024-10-04 17:20:28	1	0	1	0
           149	2024-10-04 17:20:38	1	0	1	0
           520	2024-10-04 17:21:08	1	0	1	0
           360	2024-10-04 17:21:31	1	0	1	0
           146	2024-10-04 17:21:39	1	0	15	0
           434	2024-10-04 17:21:47	1	0	1	0
           370	2024-10-04 17:22:15	1	0	1	0
           101	2024-10-04 17:22:36	1	0	1	0
           335	2024-10-04 17:23:12	1	0	1	0
           121	2024-10-04 17:24:47	1	0	1	0
           529	2024-10-04 17:25:30	1	0	1	0
           115	2024-10-04 17:25:49	1	0	1	0
           541	2024-10-04 17:33:45	1	0	1	0
           658	2024-10-04 17:34:25	1	0	1	0
           579	2024-10-04 17:37:21	1	0	1	0
            55	2024-10-04 17:40:18	1	0	1	0
           312	2024-10-04 17:45:48	1	0	1	0
           453	2024-10-04 17:51:48	1	0	1	0
            27	2024-10-04 17:56:42	1	0	15	0
           314	2024-10-04 18:00:20	1	0	1	0
            87	2024-10-04 18:04:05	1	0	1	0
            88	2024-10-04 18:04:30	1	0	1	0
           259	2024-10-04 18:05:19	1	0	1	0
           485	2024-10-04 18:07:54	1	0	1	0
           414	2024-10-04 18:12:39	1	0	1	0
           205	2024-10-04 18:15:10	1	0	1	0
           206	2024-10-04 18:17:13	1	0	1	0
           275	2024-10-04 18:17:23	1	0	1	0
           265	2024-10-04 18:17:31	1	0	1	0
           604	2024-10-04 18:26:58	1	0	1	0
           125	2024-10-04 18:27:08	1	0	1	0
           593	2024-10-04 18:27:58	1	0	1	0
           465	2024-10-04 18:35:41	1	0	1	0
            75	2024-10-04 18:35:50	1	0	1	0
           492	2024-10-04 19:31:32	1	0	1	0
           200	2024-10-04 20:12:28	1	0	1	0
           567	2024-10-04 22:04:00	1	0	1	0
           620	2024-10-04 23:46:30	1	0	1	0
           398	2024-10-05 06:32:48	1	0	1	0
           196	2024-10-05 06:36:14	1	0	1	0
           632	2024-10-05 06:36:23	1	0	1	0
           387	2024-10-05 06:49:21	1	0	15	0
           422	2024-10-05 06:51:41	1	0	1	0
           567	2024-10-05 06:54:59	1	0	1	0
           642	2024-10-05 07:12:26	1	0	15	0
           643	2024-10-05 07:12:50	1	0	15	0
           366	2024-10-05 07:13:38	1	0	15	0
           460	2024-10-05 07:28:30	1	0	1	0
           581	2024-10-05 07:29:44	1	0	1	0
           360	2024-10-05 07:31:04	1	0	1	0
           646	2024-10-05 07:31:29	1	0	1	0
            70	2024-10-05 07:36:18	1	0	15	0
           363	2024-10-05 08:13:14	1	0	1	0
           360	2024-10-05 11:30:11	1	0	1	0
           581	2024-10-05 11:30:30	1	0	15	0
           632	2024-10-05 11:30:48	1	0	1	0
           196	2024-10-05 11:30:55	1	0	1	0
           422	2024-10-05 11:31:36	1	0	1	0
           646	2024-10-05 11:31:54	1	0	1	0
           366	2024-10-05 11:32:35	1	0	1	0
           387	2024-10-05 11:33:11	1	0	15	0
           643	2024-10-05 11:37:12	1	0	1	0
           642	2024-10-05 11:40:19	1	0	1	0
           366	2024-10-05 11:58:29	1	0	1	0
           360	2024-10-05 11:59:14	1	0	1	0
           387	2024-10-05 12:00:08	1	0	15	0
           422	2024-10-05 12:00:14	1	0	1	0
           643	2024-10-05 12:00:34	1	0	1	0
           196	2024-10-05 12:00:41	1	0	1	0
           646	2024-10-05 12:01:16	1	0	1	0
           581	2024-10-05 12:02:26	1	0	1	0
           363	2024-10-05 12:04:56	1	0	1	0
           460	2024-10-05 12:07:25	1	0	1	0
           642	2024-10-05 12:13:51	1	0	1	0
           363	2024-10-05 12:20:20	1	0	1	0
           460	2024-10-05 12:30:21	1	0	1	0
           620	2024-10-05 13:18:41	1	0	1	0
           363	2024-10-05 15:02:11	1	0	1	0
           567	2024-10-05 15:03:27	1	0	1	0
            70	2024-10-05 16:07:41	1	0	1	0
           422	2024-10-05 17:00:18	1	0	1	0
           387	2024-10-05 17:00:29	1	0	15	0
           581	2024-10-05 17:00:35	1	0	15	0
           460	2024-10-05 17:00:45	1	0	1	0
           360	2024-10-05 17:04:21	1	0	1	0
           366	2024-10-05 17:04:33	1	0	15	0
           642	2024-10-05 17:04:55	1	0	1	0
           196	2024-10-05 17:05:00	1	0	1	0
           643	2024-10-05 17:05:20	1	0	1	0
           646	2024-10-05 17:05:31	1	0	1	0
           398	2024-10-05 17:41:36	1	0	1	0
           305	2024-10-05 21:43:40	1	0	1	0
           620	2024-10-05 22:00:11	1	0	1	0
           567	2024-10-06 05:56:31	1	0	1	0
           620	2024-10-06 06:17:12	1	0	1	0
           305	2024-10-06 07:01:32	1	0	1	0
           567	2024-10-06 14:00:13	1	0	1	0
           620	2024-10-06 17:50:00	1	0	1	0
           305	2024-10-06 21:12:56	1	0	1	0
           620	2024-10-07 05:03:57	1	0	1	0
            70	2024-10-07 05:53:27	1	0	1	0
           196	2024-10-07 05:53:45	1	0	1	0
           119	2024-10-07 05:54:22	1	0	15	0
           305	2024-10-07 06:01:12	1	0	1	0
           337	2024-10-07 06:09:48	1	0	15	0
           646	2024-10-07 06:19:13	1	0	1	0
           658	2024-10-07 06:22:42	1	0	1	0
           632	2024-10-07 06:23:53	1	0	1	0
           398	2024-10-07 06:32:19	1	0	1	0
           422	2024-10-07 06:32:34	1	0	1	0
           387	2024-10-07 06:37:21	1	0	15	0
           146	2024-10-07 06:40:37	1	0	15	0
           184	2024-10-07 06:40:42	1	0	1	0
            88	2024-10-07 06:45:21	1	0	1	0
           600	2024-10-07 06:45:51	1	0	1	0
           645	2024-10-07 06:47:14	1	0	1	0
           252	2024-10-07 06:49:35	1	0	15	0
           443	2024-10-07 06:51:31	1	0	1	0
           465	2024-10-07 06:51:38	1	0	1	0
            75	2024-10-07 06:51:46	1	0	1	0
           182	2024-10-07 06:52:29	1	0	1	0
            93	2024-10-07 06:53:02	1	0	1	0
           413	2024-10-07 06:54:25	1	0	1	0
           631	2024-10-07 06:57:54	1	0	1	0
           582	2024-10-07 06:58:14	1	0	1	0
           460	2024-10-07 07:02:03	1	0	1	0
           366	2024-10-07 07:06:33	1	0	15	0
           606	2024-10-07 07:09:20	1	0	1	0
           546	2024-10-07 07:09:53	1	0	1	0
           581	2024-10-07 07:10:28	1	0	1	0
           101	2024-10-07 07:10:36	1	0	1	0
           149	2024-10-07 07:10:59	1	0	1	0
           566	2024-10-07 07:12:47	1	0	1	0
           493	2024-10-07 07:13:34	1	0	1	0
           123	2024-10-07 07:15:29	1	0	1	0
           643	2024-10-07 07:15:53	1	0	1	0
           579	2024-10-07 07:17:57	1	0	1	0
            27	2024-10-07 07:21:32	1	0	15	0
           453	2024-10-07 07:21:41	1	0	1	0
           659	2024-10-07 07:22:11	1	0	1	0
           227	2024-10-07 07:22:27	1	0	15	0
            77	2024-10-07 07:22:34	1	0	1	0
           434	2024-10-07 07:25:03	1	0	1	0
           355	2024-10-07 07:25:54	1	0	1	0
            39	2024-10-07 07:26:31	1	0	1	0
           115	2024-10-07 07:26:45	1	0	1	0
           314	2024-10-07 07:27:07	1	0	1	0
           511	2024-10-07 07:27:25	1	0	1	0
           397	2024-10-07 07:27:33	1	0	1	0
           573	2024-10-07 07:30:52	1	0	1	0
           523	2024-10-07 07:32:59	1	0	1	0
           604	2024-10-07 07:33:08	1	0	1	0
           601	2024-10-07 07:33:32	1	0	1	0
            95	2024-10-07 07:38:00	1	0	1	0
           444	2024-10-07 07:38:12	1	0	1	0
           408	2024-10-07 07:38:34	1	0	1	0
           635	2024-10-07 07:39:00	1	0	1	0
           338	2024-10-07 07:39:09	1	0	1	0
           360	2024-10-07 07:40:26	1	0	1	0
            38	2024-10-07 07:40:36	1	0	1	0
            73	2024-10-07 07:40:45	1	0	1	0
           236	2024-10-07 07:41:42	1	0	1	0
           640	2024-10-07 07:41:49	1	0	1	0
           335	2024-10-07 07:42:05	1	0	1	0
            69	2024-10-07 07:42:13	1	0	1	0
            83	2024-10-07 07:42:33	1	0	1	0
           125	2024-10-07 07:42:43	1	0	1	0
           492	2024-10-07 07:42:47	1	0	1	0
            74	2024-10-07 07:43:17	1	0	1	0
           485	2024-10-07 07:43:27	1	0	1	0
           556	2024-10-07 07:44:27	1	0	1	0
           583	2024-10-07 07:44:31	1	0	1	0
           414	2024-10-07 07:45:08	1	0	1	0
           502	2024-10-07 07:46:10	1	0	1	0
           183	2024-10-07 07:46:36	1	0	1	0
           370	2024-10-07 07:47:50	1	0	15	0
           259	2024-10-07 07:48:12	1	0	15	0
           312	2024-10-07 07:48:56	1	0	1	0
           132	2024-10-07 07:49:40	1	0	1	0
           265	2024-10-07 07:49:53	1	0	1	0
           529	2024-10-07 07:49:57	1	0	1	0
           655	2024-10-07 07:50:29	1	0	1	0
           467	2024-10-07 07:50:37	1	0	1	0
           660	2024-10-07 07:52:04	1	0	1	0
           331	2024-10-07 07:52:20	1	0	1	0
           476	2024-10-07 07:52:42	1	0	1	0
           105	2024-10-07 07:52:55	1	0	1	0
           637	2024-10-07 07:53:38	1	0	1	0
           404	2024-10-07 07:53:49	1	0	1	0
           374	2024-10-07 07:54:48	1	0	1	0
           575	2024-10-07 07:54:59	1	0	1	0
           350	2024-10-07 07:55:54	1	0	1	0
           562	2024-10-07 07:56:02	1	0	1	0
            53	2024-10-07 07:56:09	1	0	1	0
           303	2024-10-07 07:56:19	1	0	1	0
            86	2024-10-07 07:56:22	1	0	1	0
           593	2024-10-07 07:56:31	1	0	1	0
           200	2024-10-07 07:57:01	1	0	1	0
           399	2024-10-07 07:57:07	1	0	1	0
           361	2024-10-07 07:58:32	1	0	1	0
           623	2024-10-07 07:59:25	1	0	1	0
           275	2024-10-07 08:00:29	1	0	1	0
           206	2024-10-07 08:00:33	1	0	1	0
            40	2024-10-07 08:01:54	1	0	1	0
           194	2024-10-07 08:02:00	1	0	1	0
           288	2024-10-07 08:02:06	1	0	1	0
           541	2024-10-07 08:02:25	1	0	1	0
           648	2024-10-07 08:07:30	1	0	1	0
           586	2024-10-07 08:10:50	1	0	1	0
           513	2024-10-07 08:12:51	1	0	1	0
           516	2024-10-07 08:22:23	1	0	1	0
            87	2024-10-07 08:29:45	1	0	1	0
           405	2024-10-07 08:51:30	1	0	1	0
            55	2024-10-07 09:36:38	1	0	1	0
           413	2024-10-07 09:36:43	1	0	4	0
           460	2024-10-07 11:02:28	1	0	1	0
           460	2024-10-07 11:19:31	1	0	1	0
           581	2024-10-07 11:30:03	1	0	1	0
           566	2024-10-07 11:30:06	1	0	1	0
           646	2024-10-07 11:30:17	1	0	1	0
           643	2024-10-07 11:30:25	1	0	1	0
           387	2024-10-07 11:30:37	1	0	15	0
           632	2024-10-07 11:32:07	1	0	1	0
           360	2024-10-07 11:32:11	1	0	1	0
           422	2024-10-07 11:32:26	1	0	1	0
           366	2024-10-07 11:33:19	1	0	1	0
           196	2024-10-07 11:36:37	1	0	1	0
           119	2024-10-07 11:36:55	1	0	15	0
           600	2024-10-07 11:37:03	1	0	1	0
           582	2024-10-07 11:38:29	1	0	15	0
           123	2024-10-07 11:38:44	1	0	1	0
           645	2024-10-07 11:39:01	1	0	1	0
           443	2024-10-07 11:41:25	1	0	1	0
           337	2024-10-07 11:48:42	1	0	15	0
           115	2024-10-07 11:48:53	1	0	1	0
            86	2024-10-07 11:52:06	1	0	15	0
           546	2024-10-07 11:54:26	1	0	1	0
           579	2024-10-07 11:54:31	1	0	1	0
           360	2024-10-07 11:58:31	1	0	1	0
           566	2024-10-07 11:58:35	1	0	1	0
           600	2024-10-07 11:58:40	1	0	1	0
           581	2024-10-07 11:59:01	1	0	1	0
           443	2024-10-07 11:59:09	1	0	1	0
           366	2024-10-07 11:59:20	1	0	1	0
            53	2024-10-07 12:00:06	1	0	1	0
            75	2024-10-07 12:00:11	1	0	1	0
           123	2024-10-07 12:00:20	1	0	1	0
           511	2024-10-07 12:00:24	1	0	1	0
            87	2024-10-07 12:00:29	1	0	1	0
           331	2024-10-07 12:00:36	1	0	1	0
           645	2024-10-07 12:00:41	1	0	1	0
           387	2024-10-07 12:00:56	1	0	15	0
           422	2024-10-07 12:01:04	1	0	1	0
           196	2024-10-07 12:01:10	1	0	1	0
            69	2024-10-07 12:01:14	1	0	1	0
           465	2024-10-07 12:01:16	1	0	1	0
           655	2024-10-07 12:01:26	1	0	1	0
           631	2024-10-07 12:01:33	1	0	1	0
           397	2024-10-07 12:01:39	1	0	1	0
           660	2024-10-07 12:01:44	1	0	1	0
           593	2024-10-07 12:01:49	1	0	1	0
           374	2024-10-07 12:01:55	1	0	1	0
           119	2024-10-07 12:02:02	1	0	15	0
            77	2024-10-07 12:02:10	1	0	1	0
           132	2024-10-07 12:02:19	1	0	1	0
           556	2024-10-07 12:02:24	1	0	1	0
           236	2024-10-07 12:02:34	1	0	1	0
           114	2024-10-07 12:02:37	1	0	1	0
           399	2024-10-07 12:02:50	1	0	1	0
           404	2024-10-07 12:02:55	1	0	1	0
           350	2024-10-07 12:03:00	1	0	1	0
           635	2024-10-07 12:03:08	1	0	1	0
           265	2024-10-07 12:03:33	1	0	1	0
           520	2024-10-07 12:04:35	1	0	1	0
            74	2024-10-07 12:04:43	1	0	1	0
           252	2024-10-07 12:04:49	1	0	15	0
           640	2024-10-07 12:04:54	1	0	1	0
           121	2024-10-07 12:04:58	1	0	1	0
           604	2024-10-07 12:05:03	1	0	1	0
           125	2024-10-07 12:05:09	1	0	1	0
           115	2024-10-07 12:05:22	1	0	1	0
           337	2024-10-07 12:05:28	1	0	15	0
           623	2024-10-07 12:05:33	1	0	15	0
           606	2024-10-07 12:05:49	1	0	1	0
           601	2024-10-07 12:06:12	1	0	1	0
           637	2024-10-07 12:06:44	1	0	1	0
           658	2024-10-07 12:07:16	1	0	1	0
           646	2024-10-07 12:07:28	1	0	1	0
           194	2024-10-07 12:08:07	1	0	1	0
           200	2024-10-07 12:08:13	1	0	1	0
           413	2024-10-07 12:09:04	1	0	4	0
            88	2024-10-07 12:09:11	1	0	1	0
           182	2024-10-07 12:09:18	1	0	1	0
           183	2024-10-07 12:09:25	1	0	1	0
           288	2024-10-07 12:09:31	1	0	1	0
            93	2024-10-07 12:09:35	1	0	1	0
           206	2024-10-07 12:09:41	1	0	1	0
           275	2024-10-07 12:09:47	1	0	1	0
           370	2024-10-07 12:09:53	1	0	1	0
            86	2024-10-07 12:10:02	1	0	1	0
           573	2024-10-07 12:10:08	1	0	1	0
           314	2024-10-07 12:10:14	1	0	1	0
           467	2024-10-07 12:10:16	1	0	1	0
           579	2024-10-07 12:10:24	1	0	1	0
           546	2024-10-07 12:10:31	1	0	1	0
           643	2024-10-07 12:11:04	1	0	1	0
            83	2024-10-07 12:11:13	1	0	1	0
           259	2024-10-07 12:11:44	1	0	1	0
            38	2024-10-07 12:11:56	1	0	1	0
           355	2024-10-07 12:12:03	1	0	1	0
           523	2024-10-07 12:12:11	1	0	1	0
           184	2024-10-07 12:12:43	1	0	1	0
           146	2024-10-07 12:12:49	1	0	15	0
           335	2024-10-07 12:13:21	1	0	1	0
           583	2024-10-07 12:13:38	1	0	1	0
           434	2024-10-07 12:13:45	1	0	1	0
           529	2024-10-07 12:14:36	1	0	1	0
           493	2024-10-07 12:14:43	1	0	1	0
           516	2024-10-07 12:15:11	1	0	1	0
           648	2024-10-07 12:15:37	1	0	1	0
           586	2024-10-07 12:15:40	1	0	1	0
           405	2024-10-07 12:16:42	1	0	1	0
           361	2024-10-07 12:16:48	1	0	1	0
           149	2024-10-07 12:16:55	1	0	1	0
            95	2024-10-07 12:17:16	1	0	1	0
           374	2024-10-07 12:17:27	1	0	1	0
            73	2024-10-07 12:17:39	1	0	1	0
           465	2024-10-07 12:17:46	1	0	1	0
            75	2024-10-07 12:17:51	1	0	1	0
           655	2024-10-07 12:18:07	1	0	1	0
            77	2024-10-07 12:18:14	1	0	1	0
           414	2024-10-07 12:18:21	1	0	1	0
           492	2024-10-07 12:18:24	1	0	1	0
           265	2024-10-07 12:18:35	1	0	1	0
           476	2024-10-07 12:18:41	1	0	1	0
           101	2024-10-07 12:19:03	1	0	1	0
           404	2024-10-07 12:19:20	1	0	1	0
           331	2024-10-07 12:19:40	1	0	1	0
           556	2024-10-07 12:19:57	1	0	1	0
            87	2024-10-07 12:20:06	1	0	1	0
            74	2024-10-07 12:20:18	1	0	1	0
           635	2024-10-07 12:20:30	1	0	1	0
           601	2024-10-07 12:22:19	1	0	1	0
           303	2024-10-07 12:22:33	1	0	1	0
           453	2024-10-07 12:24:02	1	0	1	0
           312	2024-10-07 12:24:57	1	0	1	0
           467	2024-10-07 12:25:16	1	0	1	0
           573	2024-10-07 12:25:26	1	0	1	0
           314	2024-10-07 12:25:32	1	0	1	0
           502	2024-10-07 12:26:11	1	0	1	0
           183	2024-10-07 12:26:53	1	0	1	0
           182	2024-10-07 12:27:03	1	0	1	0
            93	2024-10-07 12:27:15	1	0	1	0
           252	2024-10-07 12:27:20	1	0	15	0
           575	2024-10-07 12:27:38	1	0	1	0
           121	2024-10-07 12:28:26	1	0	1	0
           631	2024-10-07 12:28:32	1	0	1	0
           275	2024-10-07 12:29:15	1	0	1	0
           206	2024-10-07 12:29:20	1	0	1	0
            40	2024-10-07 12:30:06	1	0	1	0
           513	2024-10-07 12:30:24	1	0	1	0
           355	2024-10-07 12:30:59	1	0	1	0
           523	2024-10-07 12:31:03	1	0	1	0
           637	2024-10-07 12:31:10	1	0	1	0
           408	2024-10-07 12:31:14	1	0	1	0
           593	2024-10-07 12:31:22	1	0	1	0
           511	2024-10-07 12:31:26	1	0	1	0
           370	2024-10-07 12:32:10	1	0	1	0
           434	2024-10-07 12:32:18	1	0	1	0
           338	2024-10-07 12:32:31	1	0	1	0
           492	2024-10-07 12:33:41	1	0	1	0
           516	2024-10-07 12:33:51	1	0	1	0
           259	2024-10-07 12:34:03	1	0	1	0
           405	2024-10-07 12:34:18	1	0	1	0
           335	2024-10-07 12:34:41	1	0	1	0
            38	2024-10-07 12:35:02	1	0	1	0
           606	2024-10-07 12:35:07	1	0	1	0
           399	2024-10-07 12:35:42	1	0	1	0
           149	2024-10-07 12:35:49	1	0	1	0
           236	2024-10-07 12:37:07	1	0	1	0
            69	2024-10-07 12:37:30	1	0	1	0
           146	2024-10-07 12:37:49	1	0	15	0
           184	2024-10-07 12:37:53	1	0	1	0
           541	2024-10-07 12:38:02	1	0	1	0
           444	2024-10-07 12:38:39	1	0	1	0
           640	2024-10-07 12:38:46	1	0	1	0
            88	2024-10-07 12:38:51	1	0	1	0
           101	2024-10-07 12:38:57	1	0	1	0
           493	2024-10-07 12:39:09	1	0	1	0
           288	2024-10-07 12:39:15	1	0	1	0
           194	2024-10-07 12:39:18	1	0	1	0
           583	2024-10-07 12:39:46	1	0	1	0
           200	2024-10-07 12:40:19	1	0	1	0
           453	2024-10-07 12:43:30	1	0	1	0
            27	2024-10-07 12:43:37	1	0	15	0
           658	2024-10-07 12:44:10	1	0	1	0
           413	2024-10-07 12:44:16	1	0	4	0
           648	2024-10-07 12:44:36	1	0	1	0
           586	2024-10-07 12:44:46	1	0	1	0
           114	2024-10-07 12:45:19	1	0	1	0
           397	2024-10-07 12:45:55	1	0	1	0
           660	2024-10-07 12:46:03	1	0	1	0
           513	2024-10-07 12:47:44	1	0	1	0
           575	2024-10-07 12:47:49	1	0	1	0
            73	2024-10-07 12:48:35	1	0	1	0
           476	2024-10-07 12:49:05	1	0	1	0
           105	2024-10-07 12:49:11	1	0	1	0
           361	2024-10-07 12:49:21	1	0	1	0
           604	2024-10-07 12:49:37	1	0	1	0
           529	2024-10-07 12:49:45	1	0	1	0
           520	2024-10-07 12:49:52	1	0	1	0
           125	2024-10-07 12:49:56	1	0	1	0
           350	2024-10-07 12:50:02	1	0	1	0
           132	2024-10-07 12:51:24	1	0	1	0
           312	2024-10-07 12:52:00	1	0	1	0
            40	2024-10-07 12:52:27	1	0	1	0
            83	2024-10-07 12:53:08	1	0	1	0
           623	2024-10-07 12:53:31	1	0	1	0
            86	2024-10-07 12:54:59	1	0	1	0
           303	2024-10-07 12:55:03	1	0	1	0
           502	2024-10-07 12:55:18	1	0	1	0
           444	2024-10-07 12:57:08	1	0	1	0
           485	2024-10-07 13:03:44	1	0	1	0
            95	2024-10-07 13:04:29	1	0	1	0
           485	2024-10-07 13:29:37	1	0	1	0
           620	2024-10-07 14:05:57	1	0	1	0
           305	2024-10-07 14:36:05	1	0	1	0
            70	2024-10-07 15:14:09	1	0	15	0
            93	2024-10-07 16:08:24	1	0	1	0
           460	2024-10-07 16:10:58	1	0	1	0
           182	2024-10-07 16:17:55	1	0	1	0
            88	2024-10-07 16:32:34	1	0	1	0
           581	2024-10-07 17:00:07	1	0	1	0
           387	2024-10-07 17:00:11	1	0	15	0
           422	2024-10-07 17:00:16	1	0	1	0
           443	2024-10-07 17:00:21	1	0	1	0
           600	2024-10-07 17:00:25	1	0	1	0
           582	2024-10-07 17:00:29	1	0	1	0
            74	2024-10-07 17:00:35	1	0	1	0
            86	2024-10-07 17:00:41	1	0	1	0
           366	2024-10-07 17:00:47	1	0	1	0
           566	2024-10-07 17:00:51	1	0	1	0
            53	2024-10-07 17:01:00	1	0	1	0
           252	2024-10-07 17:01:06	1	0	15	0
           556	2024-10-07 17:01:11	1	0	1	0
           645	2024-10-07 17:01:16	1	0	1	0
           184	2024-10-07 17:01:22	1	0	1	0
           643	2024-10-07 17:01:40	1	0	15	0
           123	2024-10-07 17:01:46	1	0	1	0
           413	2024-10-07 17:01:49	1	0	4	0
           227	2024-10-07 17:01:57	1	0	15	0
           646	2024-10-07 17:02:14	1	0	1	0
           660	2024-10-07 17:02:20	1	0	1	0
           194	2024-10-07 17:02:26	1	0	1	0
            55	2024-10-07 17:02:31	1	0	1	0
            77	2024-10-07 17:02:37	1	0	1	0
           350	2024-10-07 17:02:42	1	0	1	0
           331	2024-10-07 17:02:47	1	0	1	0
           397	2024-10-07 17:02:53	1	0	1	0
           523	2024-10-07 17:02:58	1	0	1	0
           303	2024-10-07 17:03:03	1	0	1	0
           361	2024-10-07 17:03:09	1	0	1	0
           601	2024-10-07 17:03:13	1	0	1	0
           631	2024-10-07 17:03:18	1	0	1	0
           520	2024-10-07 17:03:28	1	0	1	0
           121	2024-10-07 17:03:32	1	0	1	0
           637	2024-10-07 17:03:40	1	0	1	0
            38	2024-10-07 17:03:47	1	0	1	0
           635	2024-10-07 17:03:53	1	0	1	0
           265	2024-10-07 17:03:58	1	0	1	0
            39	2024-10-07 17:04:17	1	0	1	0
           288	2024-10-07 17:04:22	1	0	1	0
           640	2024-10-07 17:04:46	1	0	1	0
           546	2024-10-07 17:04:54	1	0	1	0
           623	2024-10-07 17:05:10	1	0	1	0
           370	2024-10-07 17:05:29	1	0	1	0
           399	2024-10-07 17:05:53	1	0	1	0
           236	2024-10-07 17:06:09	1	0	1	0
           115	2024-10-07 17:06:46	1	0	1	0
           149	2024-10-07 17:06:53	1	0	1	0
           101	2024-10-07 17:07:29	1	0	1	0
           405	2024-10-07 17:07:57	1	0	1	0
           583	2024-10-07 17:08:25	1	0	1	0
           659	2024-10-07 17:08:38	1	0	1	0
           648	2024-10-07 17:08:46	1	0	1	0
           114	2024-10-07 17:08:58	1	0	1	0
           476	2024-10-07 17:09:02	1	0	1	0
           132	2024-10-07 17:09:24	1	0	1	0
           658	2024-10-07 17:09:31	1	0	1	0
           586	2024-10-07 17:10:20	1	0	1	0
           355	2024-10-07 17:10:30	1	0	1	0
           337	2024-10-07 17:11:06	1	0	15	0
           541	2024-10-07 17:11:12	1	0	1	0
           579	2024-10-07 17:11:16	1	0	1	0
           573	2024-10-07 17:11:25	1	0	1	0
           146	2024-10-07 17:11:32	1	0	15	0
           398	2024-10-07 17:12:45	1	0	1	0
           360	2024-10-07 17:12:53	1	0	1	0
           502	2024-10-07 17:13:28	1	0	1	0
            69	2024-10-07 17:13:35	1	0	1	0
            27	2024-10-07 17:13:44	1	0	15	0
           575	2024-10-07 17:13:55	1	0	1	0
           604	2024-10-07 17:14:48	1	0	1	0
           453	2024-10-07 17:14:56	1	0	1	0
           434	2024-10-07 17:15:27	1	0	1	0
            73	2024-10-07 17:16:31	1	0	1	0
           414	2024-10-07 17:19:20	1	0	1	0
           655	2024-10-07 17:19:26	1	0	1	0
           444	2024-10-07 17:23:17	1	0	1	0
           606	2024-10-07 17:44:35	1	0	1	0
           196	2024-10-07 17:45:05	1	0	1	0
           119	2024-10-07 17:46:52	1	0	15	0
           467	2024-10-07 17:57:23	1	0	1	0
           314	2024-10-07 17:58:04	1	0	1	0
           513	2024-10-07 17:58:37	1	0	1	0
           404	2024-10-07 17:59:52	1	0	1	0
           338	2024-10-07 18:00:49	1	0	1	0
            40	2024-10-07 18:01:01	1	0	1	0
           105	2024-10-07 18:01:08	1	0	1	0
           408	2024-10-07 18:01:34	1	0	1	0
           312	2024-10-07 18:01:45	1	0	1	0
            87	2024-10-07 18:07:55	1	0	1	0
           529	2024-10-07 18:12:57	1	0	1	0
           493	2024-10-07 18:14:26	1	0	1	0
           259	2024-10-07 18:14:34	1	0	1	0
           206	2024-10-07 18:16:24	1	0	1	0
           275	2024-10-07 18:16:54	1	0	1	0
           516	2024-10-07 18:27:03	1	0	1	0
            95	2024-10-07 18:28:22	1	0	1	0
            83	2024-10-07 18:46:24	1	0	1	0
           485	2024-10-07 18:47:52	1	0	1	0
           335	2024-10-07 18:50:54	1	0	1	0
           183	2024-10-07 18:51:50	1	0	1	0
           511	2024-10-07 18:58:39	1	0	1	0
           593	2024-10-07 18:58:48	1	0	1	0
           125	2024-10-07 19:34:08	1	0	1	0
           465	2024-10-07 19:45:52	1	0	1	0
            75	2024-10-07 19:45:58	1	0	1	0
           492	2024-10-07 19:57:31	1	0	1	0
           200	2024-10-07 20:01:04	1	0	1	0
           305	2024-10-07 23:00:13	1	0	1	0
            70	2024-10-08 05:53:01	1	0	15	0
           337	2024-10-08 06:09:12	1	0	15	0
           196	2024-10-08 06:34:48	1	0	1	0
           119	2024-10-08 06:35:07	1	0	15	0
           646	2024-10-08 06:35:23	1	0	1	0
           632	2024-10-08 06:35:35	1	0	1	0
           422	2024-10-08 06:46:06	1	0	1	0
            88	2024-10-08 06:48:36	1	0	1	0
           387	2024-10-08 06:49:52	1	0	15	0
           546	2024-10-08 06:50:11	1	0	1	0
           465	2024-10-08 06:53:54	1	0	1	0
            75	2024-10-08 06:54:08	1	0	1	0
            93	2024-10-08 06:54:34	1	0	1	0
           443	2024-10-08 06:55:19	1	0	1	0
           658	2024-10-08 06:56:23	1	0	1	0
           413	2024-10-08 06:56:47	1	0	4	0
           184	2024-10-08 06:58:42	1	0	1	0
           146	2024-10-08 06:58:47	1	0	15	0
           182	2024-10-08 07:01:35	1	0	1	0
           582	2024-10-08 07:02:47	1	0	1	0
           645	2024-10-08 07:04:15	1	0	1	0
           460	2024-10-08 07:04:43	1	0	1	0
           660	2024-10-08 07:06:09	1	0	1	0
           606	2024-10-08 07:08:21	1	0	1	0
           149	2024-10-08 07:08:37	1	0	1	0
           366	2024-10-08 07:08:51	1	0	1	0
           643	2024-10-08 07:10:57	1	0	1	0
           631	2024-10-08 07:12:06	1	0	1	0
           556	2024-10-08 07:12:48	1	0	1	0
           566	2024-10-08 07:13:11	1	0	1	0
           227	2024-10-08 07:17:59	1	0	15	0
           523	2024-10-08 07:18:25	1	0	15	0
           374	2024-10-08 07:18:51	1	0	1	0
           123	2024-10-08 07:20:05	1	0	1	0
           581	2024-10-08 07:20:41	1	0	1	0
           642	2024-10-08 07:20:46	1	0	1	0
            95	2024-10-08 07:21:02	1	0	1	0
            37	2024-10-08 07:24:23	1	0	1	0
           101	2024-10-08 07:26:14	1	0	1	0
           398	2024-10-08 07:26:20	1	0	1	0
            77	2024-10-08 07:26:46	1	0	1	0
           355	2024-10-08 07:28:12	1	0	1	0
            39	2024-10-08 07:30:30	1	0	1	0
           434	2024-10-08 07:31:51	1	0	1	0
           205	2024-10-08 07:32:53	1	0	1	0
           593	2024-10-08 07:33:27	1	0	1	0
           105	2024-10-08 07:33:33	1	0	1	0
           573	2024-10-08 07:33:58	1	0	1	0
           579	2024-10-08 07:34:02	1	0	1	0
           493	2024-10-08 07:34:55	1	0	1	0
           397	2024-10-08 07:37:25	1	0	1	0
           115	2024-10-08 07:37:46	1	0	1	0
           360	2024-10-08 07:37:54	1	0	1	0
           370	2024-10-08 07:38:49	1	0	15	0
           444	2024-10-08 07:39:01	1	0	1	0
           604	2024-10-08 07:40:09	1	0	1	0
           586	2024-10-08 07:40:35	1	0	1	0
           562	2024-10-08 07:42:18	1	0	1	0
           659	2024-10-08 07:42:44	1	0	1	0
           338	2024-10-08 07:42:50	1	0	1	0
           516	2024-10-08 07:43:46	1	0	1	0
           236	2024-10-08 07:44:20	1	0	1	0
           265	2024-10-08 07:44:48	1	0	1	0
            74	2024-10-08 07:44:59	1	0	1	0
           529	2024-10-08 07:45:04	1	0	1	0
           655	2024-10-08 07:45:26	1	0	1	0
           601	2024-10-08 07:45:39	1	0	1	0
           408	2024-10-08 07:46:23	1	0	1	0
           492	2024-10-08 07:46:41	1	0	1	0
           312	2024-10-08 07:46:50	1	0	1	0
           335	2024-10-08 07:47:31	1	0	1	0
            83	2024-10-08 07:47:35	1	0	1	0
           404	2024-10-08 07:47:56	1	0	1	0
            53	2024-10-08 07:48:33	1	0	1	0
           303	2024-10-08 07:48:58	1	0	1	0
           331	2024-10-08 07:49:05	1	0	1	0
            38	2024-10-08 07:50:29	1	0	1	0
            86	2024-10-08 07:50:44	1	0	1	0
           640	2024-10-08 07:50:51	1	0	1	0
            73	2024-10-08 07:50:58	1	0	1	0
           513	2024-10-08 07:51:30	1	0	1	0
            69	2024-10-08 07:51:41	1	0	1	0
           623	2024-10-08 07:52:28	1	0	1	0
           350	2024-10-08 07:52:50	1	0	1	0
           583	2024-10-08 07:53:09	1	0	1	0
           417	2024-10-08 07:56:06	1	0	15	0
           453	2024-10-08 07:56:17	1	0	1	0
            27	2024-10-08 07:56:25	1	0	15	0
           635	2024-10-08 07:56:49	1	0	1	0
           252	2024-10-08 07:56:55	1	0	15	0
           399	2024-10-08 07:57:31	1	0	1	0
           467	2024-10-08 07:57:54	1	0	1	0
           637	2024-10-08 07:57:58	1	0	1	0
           121	2024-10-08 07:59:05	1	0	1	0
           125	2024-10-08 07:59:11	1	0	1	0
           648	2024-10-08 08:00:10	1	0	1	0
           259	2024-10-08 08:01:01	1	0	1	0
           194	2024-10-08 08:01:54	1	0	1	0
           288	2024-10-08 08:01:58	1	0	1	0
           511	2024-10-08 08:02:06	1	0	1	0
            55	2024-10-08 08:02:23	1	0	1	0
           541	2024-10-08 08:05:13	1	0	1	0
           114	2024-10-08 08:07:21	1	0	1	0
           520	2024-10-08 08:07:27	1	0	1	0
           132	2024-10-08 08:10:49	1	0	1	0
           275	2024-10-08 08:17:14	1	0	1	0
           206	2024-10-08 08:17:20	1	0	1	0
           485	2024-10-08 08:48:27	1	0	1	0
            87	2024-10-08 08:56:09	1	0	1	0
           183	2024-10-08 09:04:40	1	0	1	0
           460	2024-10-08 11:08:35	1	0	1	0
           360	2024-10-08 11:31:33	1	0	1	0
           581	2024-10-08 11:31:37	1	0	1	0
           632	2024-10-08 11:31:50	1	0	1	0
           443	2024-10-08 11:31:56	1	0	1	0
           642	2024-10-08 11:33:00	1	0	1	0
           387	2024-10-08 11:34:11	1	0	15	0
           566	2024-10-08 11:34:17	1	0	1	0
           119	2024-10-08 11:34:48	1	0	15	0
           646	2024-10-08 11:35:03	1	0	1	0
           582	2024-10-08 11:35:09	1	0	1	0
           123	2024-10-08 11:35:15	1	0	1	0
           196	2024-10-08 11:36:31	1	0	1	0
           460	2024-10-08 11:36:38	1	0	1	0
           643	2024-10-08 11:36:57	1	0	1	0
           422	2024-10-08 11:37:44	1	0	1	0
           366	2024-10-08 11:38:21	1	0	1	0
           360	2024-10-08 11:59:24	1	0	1	0
           635	2024-10-08 12:00:30	1	0	1	0
           387	2024-10-08 12:00:45	1	0	15	0
           422	2024-10-08 12:00:51	1	0	1	0
           119	2024-10-08 12:01:04	1	0	15	0
           556	2024-10-08 12:01:10	1	0	1	0
            37	2024-10-08 12:01:18	1	0	1	0
           397	2024-10-08 12:01:29	1	0	1	0
           404	2024-10-08 12:01:42	1	0	1	0
           132	2024-10-08 12:01:50	1	0	1	0
           566	2024-10-08 12:02:01	1	0	1	0
           443	2024-10-08 12:02:25	1	0	1	0
            69	2024-10-08 12:02:44	1	0	1	0
            75	2024-10-08 12:03:15	1	0	1	0
            74	2024-10-08 12:03:18	1	0	1	0
           114	2024-10-08 12:03:41	1	0	1	0
           541	2024-10-08 12:03:43	1	0	1	0
            55	2024-10-08 12:03:52	1	0	1	0
           337	2024-10-08 12:04:03	1	0	15	0
           606	2024-10-08 12:04:26	1	0	1	0
           623	2024-10-08 12:04:32	1	0	1	0
           511	2024-10-08 12:04:34	1	0	1	0
           194	2024-10-08 12:04:50	1	0	1	0
           200	2024-10-08 12:04:56	1	0	1	0
           529	2024-10-08 12:05:00	1	0	1	0
           562	2024-10-08 12:05:05	1	0	1	0
           643	2024-10-08 12:05:10	1	0	1	0
           259	2024-10-08 12:05:16	1	0	1	0
           640	2024-10-08 12:05:26	1	0	1	0
           252	2024-10-08 12:05:49	1	0	15	0
           121	2024-10-08 12:05:57	1	0	1	0
           146	2024-10-08 12:06:04	1	0	15	0
           366	2024-10-08 12:06:10	1	0	1	0
           205	2024-10-08 12:06:22	1	0	1	0
           601	2024-10-08 12:06:28	1	0	1	0
            38	2024-10-08 12:06:35	1	0	1	0
           646	2024-10-08 12:06:45	1	0	1	0
           350	2024-10-08 12:06:51	1	0	1	0
           434	2024-10-08 12:06:57	1	0	1	0
           631	2024-10-08 12:07:12	1	0	1	0
           303	2024-10-08 12:08:01	1	0	1	0
            86	2024-10-08 12:08:04	1	0	1	0
           655	2024-10-08 12:08:27	1	0	1	0
           637	2024-10-08 12:08:32	1	0	1	0
           408	2024-10-08 12:08:38	1	0	1	0
           583	2024-10-08 12:08:53	1	0	1	0
           399	2024-10-08 12:09:00	1	0	1	0
           196	2024-10-08 12:09:39	1	0	1	0
            87	2024-10-08 12:09:48	1	0	1	0
           183	2024-10-08 12:09:53	1	0	1	0
           288	2024-10-08 12:10:06	1	0	1	0
           658	2024-10-08 12:10:13	1	0	1	0
           586	2024-10-08 12:10:18	1	0	1	0
           648	2024-10-08 12:10:24	1	0	1	0
           182	2024-10-08 12:10:29	1	0	1	0
            93	2024-10-08 12:10:39	1	0	1	0
           184	2024-10-08 12:10:42	1	0	1	0
           659	2024-10-08 12:11:04	1	0	1	0
           573	2024-10-08 12:11:10	1	0	1	0
           579	2024-10-08 12:11:17	1	0	1	0
            27	2024-10-08 12:11:41	1	0	15	0
           453	2024-10-08 12:11:48	1	0	1	0
            83	2024-10-08 12:12:03	1	0	1	0
           465	2024-10-08 12:12:07	1	0	1	0
           101	2024-10-08 12:12:12	1	0	1	0
           149	2024-10-08 12:12:17	1	0	1	0
           265	2024-10-08 12:12:24	1	0	1	0
            77	2024-10-08 12:12:32	1	0	1	0
           467	2024-10-08 12:12:41	1	0	1	0
           520	2024-10-08 12:12:47	1	0	1	0
           604	2024-10-08 12:12:55	1	0	1	0
           370	2024-10-08 12:13:05	1	0	1	0
           125	2024-10-08 12:13:08	1	0	1	0
            73	2024-10-08 12:13:17	1	0	1	0
           236	2024-10-08 12:13:54	1	0	1	0
           546	2024-10-08 12:13:59	1	0	1	0
           314	2024-10-08 12:14:04	1	0	1	0
           492	2024-10-08 12:14:13	1	0	1	0
           414	2024-10-08 12:14:37	1	0	1	0
           516	2024-10-08 12:16:10	1	0	1	0
           331	2024-10-08 12:16:41	1	0	1	0
           476	2024-10-08 12:17:03	1	0	1	0
            37	2024-10-08 12:17:19	1	0	1	0
           404	2024-10-08 12:17:25	1	0	1	0
            53	2024-10-08 12:17:52	1	0	1	0
           413	2024-10-08 12:18:55	1	0	4	0
            55	2024-10-08 12:20:06	1	0	1	0
           623	2024-10-08 12:20:12	1	0	1	0
           511	2024-10-08 12:20:16	1	0	1	0
           337	2024-10-08 12:20:43	1	0	15	0
            74	2024-10-08 12:21:04	1	0	1	0
           556	2024-10-08 12:22:53	1	0	1	0
           206	2024-10-08 12:23:10	1	0	1	0
           252	2024-10-08 12:24:17	1	0	15	0
            39	2024-10-08 12:24:29	1	0	1	0
           259	2024-10-08 12:25:12	1	0	1	0
           335	2024-10-08 12:25:25	1	0	1	0
           146	2024-10-08 12:25:30	1	0	15	0
           355	2024-10-08 12:25:39	1	0	1	0
           523	2024-10-08 12:25:45	1	0	1	0
           583	2024-10-08 12:25:56	1	0	1	0
           200	2024-10-08 12:26:24	1	0	1	0
           184	2024-10-08 12:26:42	1	0	1	0
           655	2024-10-08 12:26:48	1	0	1	0
           121	2024-10-08 12:28:36	1	0	1	0
           275	2024-10-08 12:28:42	1	0	1	0
            69	2024-10-08 12:30:10	1	0	1	0
           631	2024-10-08 12:30:17	1	0	1	0
            75	2024-10-08 12:30:44	1	0	1	0
           642	2024-10-08 12:32:24	1	0	1	0
            38	2024-10-08 12:32:32	1	0	1	0
           573	2024-10-08 12:32:36	1	0	1	0
           579	2024-10-08 12:32:42	1	0	1	0
           465	2024-10-08 12:32:51	1	0	1	0
           331	2024-10-08 12:33:15	1	0	1	0
            77	2024-10-08 12:33:20	1	0	1	0
           434	2024-10-08 12:33:41	1	0	1	0
           314	2024-10-08 12:34:06	1	0	1	0
           467	2024-10-08 12:34:12	1	0	1	0
           546	2024-10-08 12:34:17	1	0	1	0
           492	2024-10-08 12:34:35	1	0	1	0
           265	2024-10-08 12:34:42	1	0	1	0
           236	2024-10-08 12:34:54	1	0	1	0
           593	2024-10-08 12:34:59	1	0	1	0
           115	2024-10-08 12:35:07	1	0	1	0
           123	2024-10-08 12:35:18	1	0	1	0
           413	2024-10-08 12:35:23	1	0	4	0
           516	2024-10-08 12:35:27	1	0	1	0
           101	2024-10-08 12:35:33	1	0	1	0
           303	2024-10-08 12:36:06	1	0	1	0
            73	2024-10-08 12:38:16	1	0	1	0
           606	2024-10-08 12:38:23	1	0	1	0
            27	2024-10-08 12:39:06	1	0	15	0
           453	2024-10-08 12:39:12	1	0	1	0
           513	2024-10-08 12:39:33	1	0	1	0
            88	2024-10-08 12:39:49	1	0	1	0
           635	2024-10-08 12:40:30	1	0	1	0
           604	2024-10-08 12:40:48	1	0	1	0
           417	2024-10-08 12:41:12	1	0	1	0
           370	2024-10-08 12:41:28	1	0	15	0
           335	2024-10-08 12:41:45	1	0	1	0
           183	2024-10-08 12:41:57	1	0	1	0
           288	2024-10-08 12:42:03	1	0	1	0
            93	2024-10-08 12:42:12	1	0	1	0
           182	2024-10-08 12:42:20	1	0	1	0
           562	2024-10-08 12:42:25	1	0	1	0
           414	2024-10-08 12:42:28	1	0	1	0
           659	2024-10-08 12:42:33	1	0	1	0
            83	2024-10-08 12:42:42	1	0	1	0
           312	2024-10-08 12:43:01	1	0	1	0
           444	2024-10-08 12:43:33	1	0	1	0
           541	2024-10-08 12:43:53	1	0	1	0
           338	2024-10-08 12:43:57	1	0	1	0
           194	2024-10-08 12:45:28	1	0	1	0
           640	2024-10-08 12:45:38	1	0	1	0
           529	2024-10-08 12:45:42	1	0	1	0
           350	2024-10-08 12:45:46	1	0	1	0
           397	2024-10-08 12:45:51	1	0	1	0
           206	2024-10-08 12:46:01	1	0	1	0
           132	2024-10-08 12:46:13	1	0	1	0
           493	2024-10-08 12:46:40	1	0	1	0
           586	2024-10-08 12:48:46	1	0	1	0
           648	2024-10-08 12:48:50	1	0	1	0
           637	2024-10-08 12:49:05	1	0	1	0
           658	2024-10-08 12:49:24	1	0	1	0
           125	2024-10-08 12:49:31	1	0	1	0
           520	2024-10-08 12:49:36	1	0	1	0
            39	2024-10-08 12:50:07	1	0	1	0
           399	2024-10-08 12:50:43	1	0	1	0
           275	2024-10-08 12:51:30	1	0	1	0
           601	2024-10-08 12:51:34	1	0	1	0
           149	2024-10-08 12:52:29	1	0	1	0
           523	2024-10-08 12:53:30	1	0	1	0
           355	2024-10-08 12:53:37	1	0	1	0
            87	2024-10-08 12:54:49	1	0	1	0
            88	2024-10-08 12:54:53	1	0	1	0
           312	2024-10-08 12:58:17	1	0	1	0
           444	2024-10-08 12:58:41	1	0	1	0
           417	2024-10-08 12:59:18	1	0	15	0
           115	2024-10-08 13:01:26	1	0	1	0
           485	2024-10-08 13:09:10	1	0	1	0
           485	2024-10-08 13:27:37	1	0	1	0
           305	2024-10-08 13:40:37	1	0	1	0
            70	2024-10-08 14:04:10	1	0	1	0
           124	2024-10-08 14:36:20	1	0	15	0
            93	2024-10-08 16:03:53	1	0	1	0
           460	2024-10-08 16:13:40	1	0	1	0
           182	2024-10-08 16:44:00	1	0	1	0
           331	2024-10-08 17:00:07	1	0	1	0
           581	2024-10-08 17:00:14	1	0	1	0
           387	2024-10-08 17:00:21	1	0	15	0
           660	2024-10-08 17:00:28	1	0	1	0
           566	2024-10-08 17:00:33	1	0	1	0
           648	2024-10-08 17:00:46	1	0	1	0
           397	2024-10-08 17:00:51	1	0	1	0
           422	2024-10-08 17:00:56	1	0	1	0
           582	2024-10-08 17:01:05	1	0	1	0
           601	2024-10-08 17:01:08	1	0	1	0
            37	2024-10-08 17:01:25	1	0	1	0
            86	2024-10-08 17:01:34	1	0	1	0
           303	2024-10-08 17:01:40	1	0	1	0
            55	2024-10-08 17:01:49	1	0	1	0
           252	2024-10-08 17:01:57	1	0	15	0
           646	2024-10-08 17:02:12	1	0	1	0
           417	2024-10-08 17:02:25	1	0	15	0
            77	2024-10-08 17:02:39	1	0	1	0
           556	2024-10-08 17:02:47	1	0	1	0
           637	2024-10-08 17:02:50	1	0	1	0
           149	2024-10-08 17:02:59	1	0	1	0
           350	2024-10-08 17:03:26	1	0	1	0
           366	2024-10-08 17:03:36	1	0	1	0
           631	2024-10-08 17:03:48	1	0	1	0
            74	2024-10-08 17:03:51	1	0	1	0
           443	2024-10-08 17:04:07	1	0	1	0
           643	2024-10-08 17:04:52	1	0	1	0
           453	2024-10-08 17:05:00	1	0	1	0
           523	2024-10-08 17:05:08	1	0	1	0
           194	2024-10-08 17:06:07	1	0	1	0
            88	2024-10-08 17:06:18	1	0	1	0
           196	2024-10-08 17:06:25	1	0	1	0
           642	2024-10-08 17:06:32	1	0	1	0
           123	2024-10-08 17:06:45	1	0	1	0
            38	2024-10-08 17:06:52	1	0	1	0
           583	2024-10-08 17:07:05	1	0	1	0
           399	2024-10-08 17:07:41	1	0	1	0
           121	2024-10-08 17:07:47	1	0	1	0
           119	2024-10-08 17:07:56	1	0	15	0
           640	2024-10-08 17:08:17	1	0	1	0
           288	2024-10-08 17:08:35	1	0	1	0
           115	2024-10-08 17:09:17	1	0	1	0
            39	2024-10-08 17:09:52	1	0	1	0
            53	2024-10-08 17:10:23	1	0	1	0
           635	2024-10-08 17:10:39	1	0	1	0
           101	2024-10-08 17:11:34	1	0	1	0
           562	2024-10-08 17:11:59	1	0	1	0
           658	2024-10-08 17:12:31	1	0	1	0
            27	2024-10-08 17:13:54	1	0	15	0
           404	2024-10-08 17:14:00	1	0	1	0
           604	2024-10-08 17:14:17	1	0	1	0
           655	2024-10-08 17:14:23	1	0	1	0
           520	2024-10-08 17:14:31	1	0	1	0
           125	2024-10-08 17:14:38	1	0	1	0
            73	2024-10-08 17:15:26	1	0	1	0
           236	2024-10-08 17:15:41	1	0	1	0
           337	2024-10-08 17:16:10	1	0	15	0
           579	2024-10-08 17:16:22	1	0	1	0
           492	2024-10-08 17:16:30	1	0	1	0
           360	2024-10-08 17:16:45	1	0	1	0
           513	2024-10-08 17:18:01	1	0	1	0
           132	2024-10-08 17:18:22	1	0	1	0
           355	2024-10-08 17:18:35	1	0	1	0
           370	2024-10-08 17:18:59	1	0	15	0
           659	2024-10-08 17:19:40	1	0	1	0
           444	2024-10-08 17:20:44	1	0	1	0
           434	2024-10-08 17:21:05	1	0	1	0
           529	2024-10-08 17:21:12	1	0	1	0
            69	2024-10-08 17:21:42	1	0	1	0
           413	2024-10-08 17:22:13	1	0	4	0
           606	2024-10-08 17:23:36	1	0	1	0
           398	2024-10-08 17:26:32	1	0	1	0
           623	2024-10-08 17:28:44	1	0	1	0
           645	2024-10-08 17:30:41	1	0	1	0
           184	2024-10-08 17:35:33	1	0	1	0
           476	2024-10-08 17:37:03	1	0	1	0
           546	2024-10-08 17:43:13	1	0	1	0
           586	2024-10-08 17:44:25	1	0	1	0
           467	2024-10-08 17:45:46	1	0	1	0
           265	2024-10-08 17:46:15	1	0	1	0
           314	2024-10-08 17:46:28	1	0	1	0
           573	2024-10-08 17:52:06	1	0	1	0
           146	2024-10-08 17:54:58	1	0	15	0
           183	2024-10-08 18:01:07	1	0	1	0
           259	2024-10-08 18:01:52	1	0	1	0
           493	2024-10-08 18:02:15	1	0	1	0
            87	2024-10-08 18:04:01	1	0	1	0
           206	2024-10-08 18:06:32	1	0	1	0
           275	2024-10-08 18:06:49	1	0	1	0
           485	2024-10-08 18:09:56	1	0	1	0
           105	2024-10-08 18:43:42	1	0	1	0
           312	2024-10-08 18:47:46	1	0	1	0
           408	2024-10-08 18:47:56	1	0	1	0
           338	2024-10-08 18:48:03	1	0	1	0
           205	2024-10-08 18:50:38	1	0	1	0
            83	2024-10-08 19:07:45	1	0	1	0
           541	2024-10-08 20:06:49	1	0	1	0
           200	2024-10-08 20:11:19	1	0	1	0
           335	2024-10-08 20:14:57	1	0	1	0
            95	2024-10-08 20:20:56	1	0	1	0
           414	2024-10-08 20:37:08	1	0	1	0
           516	2024-10-08 21:27:46	1	0	1	0
           593	2024-10-08 21:59:30	1	0	1	0
           305	2024-10-08 22:00:18	1	0	1	0
           567	2024-10-08 22:12:47	1	0	1	0
           465	2024-10-08 22:22:43	1	0	1	0
            75	2024-10-08 22:23:05	1	0	1	0
           124	2024-10-08 23:03:47	1	0	15	0
           196	2024-10-09 06:01:19	1	0	1	0
           119	2024-10-09 06:01:32	1	0	15	0
           337	2024-10-09 06:08:23	1	0	1	0
           123	2024-10-09 06:12:45	1	0	1	0
           398	2024-10-09 06:20:26	1	0	1	0
           632	2024-10-09 06:23:02	1	0	1	0
           422	2024-10-09 06:29:42	1	0	1	0
            88	2024-10-09 06:33:41	1	0	1	0
           465	2024-10-09 06:35:21	1	0	1	0
            75	2024-10-09 06:35:28	1	0	1	0
           387	2024-10-09 06:38:58	1	0	15	0
           305	2024-10-09 06:41:37	1	0	1	0
           645	2024-10-09 06:44:13	1	0	1	0
           453	2024-10-09 06:45:42	1	0	1	0
            27	2024-10-09 06:45:47	1	0	15	0
           646	2024-10-09 06:47:57	1	0	1	0
           546	2024-10-09 06:50:34	1	0	1	0
           443	2024-10-09 06:51:49	1	0	1	0
           648	2024-10-09 06:51:54	1	0	1	0
            93	2024-10-09 06:52:38	1	0	1	0
           184	2024-10-09 06:54:56	1	0	1	0
           146	2024-10-09 06:55:02	1	0	15	0
           413	2024-10-09 06:56:19	1	0	4	0
           101	2024-10-09 06:58:03	1	0	1	0
           182	2024-10-09 07:01:24	1	0	1	0
           252	2024-10-09 07:01:46	1	0	15	0
           460	2024-10-09 07:02:20	1	0	1	0
           582	2024-10-09 07:03:20	1	0	1	0
           567	2024-10-09 07:03:28	1	0	15	0
           581	2024-10-09 07:03:46	1	0	1	0
           476	2024-10-09 07:07:49	1	0	1	0
           366	2024-10-09 07:09:50	1	0	1	0
           566	2024-10-09 07:09:57	1	0	1	0
           631	2024-10-09 07:11:15	1	0	1	0
           227	2024-10-09 07:13:05	1	0	15	0
           606	2024-10-09 07:13:19	1	0	1	0
           642	2024-10-09 07:13:26	1	0	1	0
           643	2024-10-09 07:13:40	1	0	1	0
           586	2024-10-09 07:17:21	1	0	1	0
           573	2024-10-09 07:19:17	1	0	1	0
           658	2024-10-09 07:20:20	1	0	1	0
           132	2024-10-09 07:22:33	1	0	1	0
            37	2024-10-09 07:24:49	1	0	15	0
           115	2024-10-09 07:26:08	1	0	1	0
           187	2024-10-09 07:26:57	1	0	1	0
           434	2024-10-09 07:27:17	1	0	1	0
            77	2024-10-09 07:28:01	1	0	1	0
            95	2024-10-09 07:30:29	1	0	1	0
           149	2024-10-09 07:30:33	1	0	1	0
            53	2024-10-09 07:30:48	1	0	1	0
           493	2024-10-09 07:31:15	1	0	1	0
           583	2024-10-09 07:32:17	1	0	1	0
           303	2024-10-09 07:32:23	1	0	1	0
            83	2024-10-09 07:32:58	1	0	1	0
           541	2024-10-09 07:33:02	1	0	1	0
            86	2024-10-09 07:33:42	1	0	1	0
            39	2024-10-09 07:34:17	1	0	1	0
           660	2024-10-09 07:36:59	1	0	1	0
           511	2024-10-09 07:39:02	1	0	1	0
           200	2024-10-09 07:39:49	1	0	1	0
           338	2024-10-09 07:40:23	1	0	1	0
           492	2024-10-09 07:40:42	1	0	1	0
           579	2024-10-09 07:41:56	1	0	1	0
           444	2024-10-09 07:42:37	1	0	1	0
           604	2024-10-09 07:43:21	1	0	1	0
           114	2024-10-09 07:43:42	1	0	1	0
           360	2024-10-09 07:44:22	1	0	1	0
            74	2024-10-09 07:44:39	1	0	1	0
           105	2024-10-09 07:44:50	1	0	1	0
           205	2024-10-09 07:44:53	1	0	1	0
           404	2024-10-09 07:46:00	1	0	1	0
            38	2024-10-09 07:46:12	1	0	1	0
           370	2024-10-09 07:46:23	1	0	15	0
            73	2024-10-09 07:46:48	1	0	1	0
           523	2024-10-09 07:47:08	1	0	1	0
           659	2024-10-09 07:47:54	1	0	1	0
            55	2024-10-09 07:48:21	1	0	1	0
           335	2024-10-09 07:49:20	1	0	1	0
           408	2024-10-09 07:49:28	1	0	1	0
           635	2024-10-09 07:49:32	1	0	1	0
            69	2024-10-09 07:49:54	1	0	1	0
           562	2024-10-09 07:50:38	1	0	1	0
           331	2024-10-09 07:50:44	1	0	1	0
           265	2024-10-09 07:52:15	1	0	1	0
           399	2024-10-09 07:52:31	1	0	1	0
           236	2024-10-09 07:52:41	1	0	1	0
           655	2024-10-09 07:53:18	1	0	1	0
            70	2024-10-09 07:53:56	1	0	1	0
           637	2024-10-09 07:54:13	1	0	1	0
           556	2024-10-09 07:54:38	1	0	1	0
           350	2024-10-09 07:55:51	1	0	1	0
           513	2024-10-09 07:56:30	1	0	1	0
           312	2024-10-09 07:57:42	1	0	1	0
           516	2024-10-09 07:57:48	1	0	1	0
           288	2024-10-09 07:57:54	1	0	1	0
           194	2024-10-09 07:57:59	1	0	1	0
           529	2024-10-09 07:58:06	1	0	1	0
           623	2024-10-09 07:58:13	1	0	1	0
           593	2024-10-09 07:58:19	1	0	1	0
           467	2024-10-09 07:58:50	1	0	1	0
           121	2024-10-09 07:59:56	1	0	1	0
           417	2024-10-09 08:00:19	1	0	1	0
           374	2024-10-09 08:00:25	1	0	1	0
           259	2024-10-09 08:01:38	1	0	1	0
           520	2024-10-09 08:03:41	1	0	1	0
           414	2024-10-09 08:07:40	1	0	1	0
           125	2024-10-09 08:12:40	1	0	1	0
           601	2024-10-09 08:23:49	1	0	1	0
           405	2024-10-09 08:39:44	1	0	1	0
           183	2024-10-09 08:42:23	1	0	1	0
           275	2024-10-09 08:45:25	1	0	1	0
            87	2024-10-09 08:45:31	1	0	1	0
           206	2024-10-09 08:45:37	1	0	1	0
           485	2024-10-09 08:46:39	1	0	1	0
           460	2024-10-09 11:02:27	1	0	1	0
           387	2024-10-09 11:30:13	1	0	15	0
           643	2024-10-09 11:31:09	1	0	15	0
           646	2024-10-09 11:31:24	1	0	1	0
           566	2024-10-09 11:31:38	1	0	1	0
           642	2024-10-09 11:31:45	1	0	1	0
           366	2024-10-09 11:32:00	1	0	15	0
           123	2024-10-09 11:32:19	1	0	1	0
           582	2024-10-09 11:32:24	1	0	1	0
           360	2024-10-09 11:32:30	1	0	1	0
           119	2024-10-09 11:32:39	1	0	15	0
           422	2024-10-09 11:32:49	1	0	1	0
           443	2024-10-09 11:33:26	1	0	1	0
           632	2024-10-09 11:33:33	1	0	1	0
           460	2024-10-09 11:33:41	1	0	1	0
           581	2024-10-09 11:34:54	1	0	1	0
           360	2024-10-09 11:50:15	1	0	1	0
           115	2024-10-09 11:53:02	1	0	1	0
           337	2024-10-09 11:53:13	1	0	1	0
           579	2024-10-09 11:54:24	1	0	1	0
           123	2024-10-09 11:55:20	1	0	1	0
           646	2024-10-09 11:55:33	1	0	1	0
           632	2024-10-09 11:55:46	1	0	1	0
           366	2024-10-09 11:57:51	1	0	1	0
           566	2024-10-09 11:59:29	1	0	1	0
           387	2024-10-09 12:00:21	1	0	15	0
            55	2024-10-09 12:00:30	1	0	1	0
           422	2024-10-09 12:00:40	1	0	1	0
           659	2024-10-09 12:00:46	1	0	1	0
           443	2024-10-09 12:00:55	1	0	1	0
            75	2024-10-09 12:01:12	1	0	1	0
           444	2024-10-09 12:01:16	1	0	1	0
           640	2024-10-09 12:01:20	1	0	1	0
           149	2024-10-09 12:01:29	1	0	1	0
           655	2024-10-09 12:01:35	1	0	1	0
           658	2024-10-09 12:01:40	1	0	1	0
           635	2024-10-09 12:01:54	1	0	1	0
           601	2024-10-09 12:02:08	1	0	1	0
           331	2024-10-09 12:02:12	1	0	1	0
           593	2024-10-09 12:02:15	1	0	1	0
            37	2024-10-09 12:02:36	1	0	1	0
           404	2024-10-09 12:02:43	1	0	1	0
           398	2024-10-09 12:02:49	1	0	1	0
            27	2024-10-09 12:03:11	1	0	15	0
           556	2024-10-09 12:03:24	1	0	1	0
           259	2024-10-09 12:03:34	1	0	1	0
           194	2024-10-09 12:03:58	1	0	1	0
           493	2024-10-09 12:04:28	1	0	1	0
           236	2024-10-09 12:04:50	1	0	1	0
           205	2024-10-09 12:04:59	1	0	1	0
           453	2024-10-09 12:05:09	1	0	1	0
           573	2024-10-09 12:05:35	1	0	1	0
           467	2024-10-09 12:05:39	1	0	1	0
            69	2024-10-09 12:05:55	1	0	1	0
           265	2024-10-09 12:06:02	1	0	1	0
            53	2024-10-09 12:06:14	1	0	1	0
           200	2024-10-09 12:06:33	1	0	1	0
           182	2024-10-09 12:06:40	1	0	1	0
           183	2024-10-09 12:06:48	1	0	1	0
            87	2024-10-09 12:06:57	1	0	1	0
            93	2024-10-09 12:07:03	1	0	1	0
           660	2024-10-09 12:07:32	1	0	1	0
           121	2024-10-09 12:07:36	1	0	1	0
           184	2024-10-09 12:08:04	1	0	1	0
           252	2024-10-09 12:08:33	1	0	15	0
           631	2024-10-09 12:08:38	1	0	1	0
            88	2024-10-09 12:09:24	1	0	1	0
            77	2024-10-09 12:09:31	1	0	1	0
           350	2024-10-09 12:10:03	1	0	1	0
           115	2024-10-09 12:10:15	1	0	1	0
           337	2024-10-09 12:10:33	1	0	1	0
           583	2024-10-09 12:10:38	1	0	1	0
           520	2024-10-09 12:10:54	1	0	1	0
           604	2024-10-09 12:11:01	1	0	1	0
           513	2024-10-09 12:11:47	1	0	1	0
           413	2024-10-09 12:11:50	1	0	4	0
           648	2024-10-09 12:12:07	1	0	1	0
           132	2024-10-09 12:12:29	1	0	1	0
           586	2024-10-09 12:12:38	1	0	1	0
            74	2024-10-09 12:13:16	1	0	1	0
           146	2024-10-09 12:13:41	1	0	15	0
           405	2024-10-09 12:14:12	1	0	1	0
           417	2024-10-09 12:14:20	1	0	15	0
           606	2024-10-09 12:14:53	1	0	1	0
            83	2024-10-09 12:15:12	1	0	1	0
           434	2024-10-09 12:15:18	1	0	1	0
            95	2024-10-09 12:15:30	1	0	1	0
           125	2024-10-09 12:15:38	1	0	1	0
           303	2024-10-09 12:15:42	1	0	1	0
            73	2024-10-09 12:15:59	1	0	1	0
           523	2024-10-09 12:16:06	1	0	1	0
            38	2024-10-09 12:16:21	1	0	1	0
           312	2024-10-09 12:16:39	1	0	1	0
           338	2024-10-09 12:17:39	1	0	1	0
            37	2024-10-09 12:17:50	1	0	1	0
           637	2024-10-09 12:17:55	1	0	1	0
           335	2024-10-09 12:18:00	1	0	1	0
            75	2024-10-09 12:19:05	1	0	1	0
           187	2024-10-09 12:19:31	1	0	1	0
           149	2024-10-09 12:19:56	1	0	1	0
           331	2024-10-09 12:20:13	1	0	1	0
           516	2024-10-09 12:20:17	1	0	1	0
           492	2024-10-09 12:20:21	1	0	1	0
           546	2024-10-09 12:20:45	1	0	1	0
            86	2024-10-09 12:21:10	1	0	1	0
           556	2024-10-09 12:21:22	1	0	1	0
           265	2024-10-09 12:21:28	1	0	1	0
            69	2024-10-09 12:21:36	1	0	1	0
           642	2024-10-09 12:21:41	1	0	15	0
           236	2024-10-09 12:22:19	1	0	1	0
           579	2024-10-09 12:23:13	1	0	1	0
           206	2024-10-09 12:24:07	1	0	1	0
           101	2024-10-09 12:25:00	1	0	1	0
           655	2024-10-09 12:25:07	1	0	1	0
            77	2024-10-09 12:25:17	1	0	1	0
           205	2024-10-09 12:25:25	1	0	15	0
           114	2024-10-09 12:25:34	1	0	1	0
           314	2024-10-09 12:26:02	1	0	1	0
           350	2024-10-09 12:26:27	1	0	1	0
           370	2024-10-09 12:26:37	1	0	1	0
           573	2024-10-09 12:27:32	1	0	1	0
           467	2024-10-09 12:27:36	1	0	1	0
           529	2024-10-09 12:27:53	1	0	1	0
           658	2024-10-09 12:28:48	1	0	1	0
           146	2024-10-09 12:29:07	1	0	15	0
            74	2024-10-09 12:29:17	1	0	1	0
           194	2024-10-09 12:29:48	1	0	1	0
           623	2024-10-09 12:31:08	1	0	1	0
           413	2024-10-09 12:31:51	1	0	4	0
           520	2024-10-09 12:31:58	1	0	1	0
           604	2024-10-09 12:32:06	1	0	1	0
           125	2024-10-09 12:32:13	1	0	1	0
           183	2024-10-09 12:32:17	1	0	1	0
           182	2024-10-09 12:32:25	1	0	1	0
            93	2024-10-09 12:32:42	1	0	1	0
            87	2024-10-09 12:32:49	1	0	1	0
           399	2024-10-09 12:32:57	1	0	1	0
            95	2024-10-09 12:33:16	1	0	1	0
           631	2024-10-09 12:33:35	1	0	1	0
           405	2024-10-09 12:33:54	1	0	1	0
           635	2024-10-09 12:34:31	1	0	1	0
           476	2024-10-09 12:34:34	1	0	1	0
           200	2024-10-09 12:34:50	1	0	1	0
            39	2024-10-09 12:34:56	1	0	1	0
           417	2024-10-09 12:35:05	1	0	1	0
            27	2024-10-09 12:35:21	1	0	15	0
           492	2024-10-09 12:35:30	1	0	1	0
           516	2024-10-09 12:35:38	1	0	1	0
           453	2024-10-09 12:35:46	1	0	1	0
           338	2024-10-09 12:36:05	1	0	1	0
           121	2024-10-09 12:36:11	1	0	1	0
           434	2024-10-09 12:37:17	1	0	1	0
           398	2024-10-09 12:39:10	1	0	1	0
           660	2024-10-09 12:39:36	1	0	1	0
           374	2024-10-09 12:39:39	1	0	1	0
           606	2024-10-09 12:39:53	1	0	1	0
           640	2024-10-09 12:40:06	1	0	1	0
            38	2024-10-09 12:40:51	1	0	1	0
           252	2024-10-09 12:41:14	1	0	15	0
           184	2024-10-09 12:42:31	1	0	1	0
            83	2024-10-09 12:43:01	1	0	1	0
           101	2024-10-09 12:43:26	1	0	1	0
           541	2024-10-09 12:44:41	1	0	1	0
           206	2024-10-09 12:45:47	1	0	1	0
           370	2024-10-09 12:45:54	1	0	15	0
           648	2024-10-09 12:46:11	1	0	1	0
            73	2024-10-09 12:46:53	1	0	1	0
           643	2024-10-09 12:47:21	1	0	1	0
           119	2024-10-09 12:47:34	1	0	15	0
           583	2024-10-09 12:48:34	1	0	1	0
           637	2024-10-09 12:49:07	1	0	1	0
            88	2024-10-09 12:49:45	1	0	1	0
           259	2024-10-09 12:49:54	1	0	1	0
           200	2024-10-09 12:50:33	1	0	1	0
           523	2024-10-09 12:51:14	1	0	1	0
           114	2024-10-09 12:51:23	1	0	1	0
           623	2024-10-09 12:51:33	1	0	1	0
           593	2024-10-09 12:51:40	1	0	1	0
           399	2024-10-09 12:54:06	1	0	1	0
           444	2024-10-09 12:55:19	1	0	1	0
           335	2024-10-09 12:55:24	1	0	1	0
            39	2024-10-09 12:55:30	1	0	1	0
           374	2024-10-09 12:56:06	1	0	1	0
           546	2024-10-09 12:56:20	1	0	1	0
           529	2024-10-09 12:56:36	1	0	1	0
           485	2024-10-09 13:00:03	1	0	1	0
            55	2024-10-09 13:00:39	1	0	1	0
           541	2024-10-09 13:04:19	1	0	1	0
           124	2024-10-09 13:39:19	1	0	15	0
           485	2024-10-09 13:42:20	1	0	1	0
           305	2024-10-09 15:01:57	1	0	1	0
            70	2024-10-09 16:00:12	1	0	1	0
            93	2024-10-09 16:08:59	1	0	15	0
           413	2024-10-09 16:25:01	1	0	4	0
           184	2024-10-09 16:27:50	1	0	1	0
           146	2024-10-09 16:27:59	1	0	15	0
           460	2024-10-09 16:41:16	1	0	1	0
           581	2024-10-09 17:00:04	1	0	1	0
           331	2024-10-09 17:00:10	1	0	1	0
            53	2024-10-09 17:00:22	1	0	1	0
           443	2024-10-09 17:00:28	1	0	1	0
           562	2024-10-09 17:00:32	1	0	1	0
           637	2024-10-09 17:00:36	1	0	1	0
           422	2024-10-09 17:00:44	1	0	1	0
           366	2024-10-09 17:00:47	1	0	15	0
           582	2024-10-09 17:01:05	1	0	1	0
           387	2024-10-09 17:01:11	1	0	15	0
            37	2024-10-09 17:01:34	1	0	1	0
           646	2024-10-09 17:01:40	1	0	1	0
           643	2024-10-09 17:01:46	1	0	1	0
           566	2024-10-09 17:01:51	1	0	1	0
           404	2024-10-09 17:01:56	1	0	1	0
           123	2024-10-09 17:02:02	1	0	1	0
           659	2024-10-09 17:02:07	1	0	1	0
           556	2024-10-09 17:02:15	1	0	1	0
           236	2024-10-09 17:02:25	1	0	1	0
           350	2024-10-09 17:02:30	1	0	1	0
           374	2024-10-09 17:02:34	1	0	1	0
           642	2024-10-09 17:02:40	1	0	1	0
           635	2024-10-09 17:02:45	1	0	1	0
            77	2024-10-09 17:02:49	1	0	1	0
           660	2024-10-09 17:02:55	1	0	1	0
           632	2024-10-09 17:03:41	1	0	1	0
           194	2024-10-09 17:03:46	1	0	1	0
           149	2024-10-09 17:04:22	1	0	1	0
           523	2024-10-09 17:04:47	1	0	1	0
            74	2024-10-09 17:04:56	1	0	1	0
           252	2024-10-09 17:05:10	1	0	15	0
           623	2024-10-09 17:05:15	1	0	1	0
           417	2024-10-09 17:05:31	1	0	15	0
           405	2024-10-09 17:05:39	1	0	1	0
           398	2024-10-09 17:05:53	1	0	1	0
           631	2024-10-09 17:06:25	1	0	1	0
           529	2024-10-09 17:08:19	1	0	1	0
           121	2024-10-09 17:08:47	1	0	1	0
           101	2024-10-09 17:08:52	1	0	1	0
           640	2024-10-09 17:11:40	1	0	1	0
           360	2024-10-09 17:15:16	1	0	1	0
           125	2024-10-09 17:15:35	1	0	1	0
           604	2024-10-09 17:15:38	1	0	1	0
           114	2024-10-09 17:15:44	1	0	1	0
           520	2024-10-09 17:15:58	1	0	1	0
            55	2024-10-09 17:16:03	1	0	1	0
           399	2024-10-09 17:19:08	1	0	1	0
           182	2024-10-09 17:19:26	1	0	1	0
           115	2024-10-09 17:19:53	1	0	1	0
            83	2024-10-09 17:20:11	1	0	1	0
            38	2024-10-09 17:21:15	1	0	1	0
           288	2024-10-09 17:22:03	1	0	1	0
           370	2024-10-09 17:22:16	1	0	15	0
            69	2024-10-09 17:29:47	1	0	1	0
           583	2024-10-09 17:30:52	1	0	1	0
           205	2024-10-09 17:31:47	1	0	1	0
           658	2024-10-09 17:32:23	1	0	1	0
           444	2024-10-09 17:32:29	1	0	1	0
           265	2024-10-09 17:32:40	1	0	1	0
           606	2024-10-09 17:38:26	1	0	1	0
           655	2024-10-09 17:48:13	1	0	1	0
           546	2024-10-09 17:48:24	1	0	1	0
            73	2024-10-09 17:49:40	1	0	1	0
           513	2024-10-09 17:50:29	1	0	1	0
            86	2024-10-09 17:52:35	1	0	1	0
           303	2024-10-09 17:53:17	1	0	1	0
           119	2024-10-09 17:59:23	1	0	15	0
           398	2024-10-09 18:00:29	1	0	1	0
           259	2024-10-09 18:02:13	1	0	1	0
           485	2024-10-09 18:02:25	1	0	1	0
           337	2024-10-09 18:02:35	1	0	1	0
           573	2024-10-09 18:02:48	1	0	1	0
           579	2024-10-09 18:02:54	1	0	1	0
           554	2024-10-09 18:03:00	1	0	1	0
           335	2024-10-09 18:03:09	1	0	1	0
           183	2024-10-09 18:03:42	1	0	1	0
           206	2024-10-09 18:04:44	1	0	1	0
           467	2024-10-09 18:09:08	1	0	1	0
           275	2024-10-09 18:09:12	1	0	1	0
            87	2024-10-09 18:09:19	1	0	1	0
            88	2024-10-09 18:10:18	1	0	1	0
            39	2024-10-09 18:14:24	1	0	1	0
           196	2024-10-09 18:20:11	1	0	1	0
           312	2024-10-09 18:31:18	1	0	1	0
           648	2024-10-09 18:49:40	1	0	1	0
           408	2024-10-09 19:00:23	1	0	1	0
            27	2024-10-09 19:06:23	1	0	15	0
           453	2024-10-09 19:06:39	1	0	1	0
           511	2024-10-09 19:09:04	1	0	1	0
           132	2024-10-09 19:17:05	1	0	1	0
           476	2024-10-09 19:21:05	1	0	1	0
           586	2024-10-09 19:21:15	1	0	1	0
           541	2024-10-09 19:39:58	1	0	1	0
           492	2024-10-09 19:45:49	1	0	1	0
           516	2024-10-09 19:46:05	1	0	1	0
           645	2024-10-09 20:00:19	1	0	1	0
           434	2024-10-09 20:25:34	1	0	1	0
           465	2024-10-09 20:25:54	1	0	1	0
           314	2024-10-09 20:31:15	1	0	1	0
           593	2024-10-09 20:49:56	1	0	1	0
            95	2024-10-09 20:57:03	1	0	1	0
           398	2024-10-09 21:33:28	1	0	1	0
           567	2024-10-09 21:41:01	1	0	1	0
            75	2024-10-09 21:41:48	1	0	1	0
           227	2024-10-09 21:42:07	1	0	15	0
           620	2024-10-09 21:46:27	1	0	1	0
           124	2024-10-09 22:01:28	1	0	15	0
           414	2024-10-09 22:06:20	1	0	1	0
           305	2024-10-10 05:44:13	1	0	1	0
           567	2024-10-10 06:07:06	1	0	1	0
           123	2024-10-10 06:07:52	1	0	1	0
           337	2024-10-10 06:13:22	1	0	1	0
           119	2024-10-10 06:19:22	1	0	15	0
           632	2024-10-10 06:19:55	1	0	1	0
           196	2024-10-10 06:20:03	1	0	1	0
           422	2024-10-10 06:38:51	1	0	1	0
           124	2024-10-10 06:41:37	1	0	15	0
           387	2024-10-10 06:44:51	1	0	15	0
           600	2024-10-10 06:44:57	1	0	1	0
            88	2024-10-10 06:45:16	1	0	1	0
           645	2024-10-10 06:48:37	1	0	1	0
           335	2024-10-10 06:50:00	1	0	1	0
           646	2024-10-10 06:51:00	1	0	1	0
           443	2024-10-10 06:52:02	1	0	1	0
           182	2024-10-10 06:52:33	1	0	1	0
           259	2024-10-10 06:54:00	1	0	15	0
           460	2024-10-10 06:56:01	1	0	1	0
            93	2024-10-10 06:58:33	1	0	1	0
           582	2024-10-10 06:59:20	1	0	1	0
           413	2024-10-10 06:59:39	1	0	1	0
           184	2024-10-10 07:02:19	1	0	1	0
           146	2024-10-10 07:02:28	1	0	15	0
           566	2024-10-10 07:03:32	1	0	1	0
           620	2024-10-10 07:04:04	1	0	1	0
           303	2024-10-10 07:05:25	1	0	1	0
            86	2024-10-10 07:07:04	1	0	1	0
           115	2024-10-10 07:08:50	1	0	1	0
           366	2024-10-10 07:09:51	1	0	1	0
           642	2024-10-10 07:10:03	1	0	1	0
           631	2024-10-10 07:11:09	1	0	1	0
           465	2024-10-10 07:12:39	1	0	1	0
           658	2024-10-10 07:12:46	1	0	1	0
            75	2024-10-10 07:12:54	1	0	1	0
           546	2024-10-10 07:14:28	1	0	1	0
           187	2024-10-10 07:15:27	1	0	1	0
           101	2024-10-10 07:17:04	1	0	1	0
           227	2024-10-10 07:17:11	1	0	15	0
           643	2024-10-10 07:17:51	1	0	1	0
           606	2024-10-10 07:17:58	1	0	1	0
           573	2024-10-10 07:18:23	1	0	1	0
           513	2024-10-10 07:19:02	1	0	1	0
           149	2024-10-10 07:21:30	1	0	1	0
            95	2024-10-10 07:24:53	1	0	1	0
           183	2024-10-10 07:25:14	1	0	1	0
            77	2024-10-10 07:25:21	1	0	1	0
            37	2024-10-10 07:26:00	1	0	1	0
           355	2024-10-10 07:27:10	1	0	1	0
           660	2024-10-10 07:29:42	1	0	1	0
           397	2024-10-10 07:30:14	1	0	1	0
           492	2024-10-10 07:30:30	1	0	1	0
           314	2024-10-10 07:32:33	1	0	1	0
           360	2024-10-10 07:33:28	1	0	1	0
            83	2024-10-10 07:34:00	1	0	1	0
           516	2024-10-10 07:34:14	1	0	1	0
           398	2024-10-10 07:34:38	1	0	1	0
           493	2024-10-10 07:35:13	1	0	1	0
            39	2024-10-10 07:37:07	1	0	1	0
           579	2024-10-10 07:37:13	1	0	1	0
           408	2024-10-10 07:41:42	1	0	1	0
           205	2024-10-10 07:42:13	1	0	1	0
            74	2024-10-10 07:43:16	1	0	15	0
           434	2024-10-10 07:43:45	1	0	1	0
           105	2024-10-10 07:44:25	1	0	1	0
           637	2024-10-10 07:44:31	1	0	1	0
           523	2024-10-10 07:44:45	1	0	15	0
           252	2024-10-10 07:44:57	1	0	15	0
           404	2024-10-10 07:45:06	1	0	1	0
           640	2024-10-10 07:45:25	1	0	1	0
           604	2024-10-10 07:46:08	1	0	1	0
           659	2024-10-10 07:46:27	1	0	1	0
            38	2024-10-10 07:47:17	1	0	1	0
            73	2024-10-10 07:47:29	1	0	1	0
           265	2024-10-10 07:47:38	1	0	1	0
           331	2024-10-10 07:48:23	1	0	1	0
           635	2024-10-10 07:48:30	1	0	1	0
            69	2024-10-10 07:48:35	1	0	1	0
           556	2024-10-10 07:48:49	1	0	1	0
           121	2024-10-10 07:49:07	1	0	1	0
           132	2024-10-10 07:50:10	1	0	1	0
           338	2024-10-10 07:50:49	1	0	1	0
           575	2024-10-10 07:51:28	1	0	1	0
            55	2024-10-10 07:51:33	1	0	1	0
           583	2024-10-10 07:51:42	1	0	1	0
           312	2024-10-10 07:52:18	1	0	1	0
           194	2024-10-10 07:52:25	1	0	1	0
           288	2024-10-10 07:52:32	1	0	1	0
           444	2024-10-10 07:53:01	1	0	1	0
           374	2024-10-10 07:53:07	1	0	1	0
           541	2024-10-10 07:54:42	1	0	1	0
           655	2024-10-10 07:55:00	1	0	1	0
           370	2024-10-10 07:55:18	1	0	1	0
            40	2024-10-10 07:55:26	1	0	1	0
            70	2024-10-10 07:56:17	1	0	1	0
           502	2024-10-10 07:56:32	1	0	1	0
           467	2024-10-10 07:56:47	1	0	1	0
           399	2024-10-10 07:56:54	1	0	1	0
           236	2024-10-10 07:57:07	1	0	1	0
           125	2024-10-10 07:57:31	1	0	1	0
            27	2024-10-10 07:58:22	1	0	15	0
           453	2024-10-10 07:58:29	1	0	1	0
           529	2024-10-10 07:58:41	1	0	1	0
           520	2024-10-10 07:59:17	1	0	1	0
           417	2024-10-10 07:59:26	1	0	15	0
           114	2024-10-10 07:59:32	1	0	1	0
           623	2024-10-10 07:59:37	1	0	1	0
           350	2024-10-10 08:00:02	1	0	1	0
           363	2024-10-10 08:00:15	1	0	1	0
           562	2024-10-10 08:04:04	1	0	1	0
           206	2024-10-10 08:07:10	1	0	1	0
           275	2024-10-10 08:07:17	1	0	1	0
           648	2024-10-10 08:07:26	1	0	1	0
           586	2024-10-10 08:09:34	1	0	1	0
           593	2024-10-10 08:19:56	1	0	1	0
           485	2024-10-10 08:42:12	1	0	1	0
            87	2024-10-10 08:42:25	1	0	1	0
           460	2024-10-10 11:02:10	1	0	1	0
           460	2024-10-10 11:27:21	1	0	1	0
           566	2024-10-10 11:30:05	1	0	1	0
           643	2024-10-10 11:30:12	1	0	1	0
           366	2024-10-10 11:30:19	1	0	1	0
           646	2024-10-10 11:30:29	1	0	1	0
           642	2024-10-10 11:30:45	1	0	1	0
           360	2024-10-10 11:31:14	1	0	1	0
           632	2024-10-10 11:31:24	1	0	1	0
           387	2024-10-10 11:31:54	1	0	15	0
           422	2024-10-10 11:32:28	1	0	1	0
           600	2024-10-10 11:37:01	1	0	1	0
           582	2024-10-10 11:37:07	1	0	1	0
           119	2024-10-10 11:37:13	1	0	15	0
           123	2024-10-10 11:37:20	1	0	1	0
           196	2024-10-10 11:37:41	1	0	1	0
           443	2024-10-10 11:39:34	1	0	1	0
           115	2024-10-10 11:50:26	1	0	1	0
           337	2024-10-10 11:50:36	1	0	15	0
           546	2024-10-10 11:52:58	1	0	1	0
           573	2024-10-10 11:53:04	1	0	1	0
           314	2024-10-10 11:53:15	1	0	1	0
           579	2024-10-10 11:53:22	1	0	1	0
           366	2024-10-10 11:55:07	1	0	1	0
           443	2024-10-10 11:55:14	1	0	1	0
           123	2024-10-10 11:55:58	1	0	1	0
           600	2024-10-10 11:56:02	1	0	1	0
           632	2024-10-10 11:56:12	1	0	1	0
           582	2024-10-10 11:56:33	1	0	1	0
           581	2024-10-10 12:00:03	1	0	1	0
            55	2024-10-10 12:01:16	1	0	1	0
           387	2024-10-10 12:01:28	1	0	15	0
            75	2024-10-10 12:01:37	1	0	1	0
           275	2024-10-10 12:01:43	1	0	1	0
           556	2024-10-10 12:01:48	1	0	1	0
           196	2024-10-10 12:01:54	1	0	1	0
           404	2024-10-10 12:01:58	1	0	1	0
           146	2024-10-10 12:02:02	1	0	15	0
           434	2024-10-10 12:02:11	1	0	1	0
           397	2024-10-10 12:02:16	1	0	1	0
            37	2024-10-10 12:02:22	1	0	1	0
           660	2024-10-10 12:02:29	1	0	1	0
           350	2024-10-10 12:02:33	1	0	1	0
           121	2024-10-10 12:02:39	1	0	15	0
           422	2024-10-10 12:02:47	1	0	1	0
           149	2024-10-10 12:02:53	1	0	15	0
           252	2024-10-10 12:02:59	1	0	15	0
           655	2024-10-10 12:03:04	1	0	15	0
           465	2024-10-10 12:03:11	1	0	1	0
           467	2024-10-10 12:03:16	1	0	1	0
           606	2024-10-10 12:03:43	1	0	1	0
           631	2024-10-10 12:03:54	1	0	1	0
           119	2024-10-10 12:04:05	1	0	15	0
           200	2024-10-10 12:04:20	1	0	1	0
            69	2024-10-10 12:04:24	1	0	1	0
            38	2024-10-10 12:04:29	1	0	1	0
           529	2024-10-10 12:04:34	1	0	1	0
           541	2024-10-10 12:05:15	1	0	1	0
           331	2024-10-10 12:05:34	1	0	1	0
           132	2024-10-10 12:05:42	1	0	1	0
           114	2024-10-10 12:05:45	1	0	1	0
            77	2024-10-10 12:05:57	1	0	1	0
           265	2024-10-10 12:06:01	1	0	1	0
           635	2024-10-10 12:06:09	1	0	1	0
            27	2024-10-10 12:06:23	1	0	15	0
           453	2024-10-10 12:06:35	1	0	1	0
           637	2024-10-10 12:07:08	1	0	1	0
           337	2024-10-10 12:07:28	1	0	1	0
           194	2024-10-10 12:07:36	1	0	1	0
           640	2024-10-10 12:07:41	1	0	1	0
           523	2024-10-10 12:07:46	1	0	1	0
           355	2024-10-10 12:07:53	1	0	1	0
           115	2024-10-10 12:08:00	1	0	1	0
           374	2024-10-10 12:08:07	1	0	1	0
           573	2024-10-10 12:08:12	1	0	1	0
           314	2024-10-10 12:08:18	1	0	1	0
           493	2024-10-10 12:08:22	1	0	1	0
           659	2024-10-10 12:08:34	1	0	1	0
            40	2024-10-10 12:08:41	1	0	1	0
            87	2024-10-10 12:09:07	1	0	1	0
           643	2024-10-10 12:09:15	1	0	1	0
            83	2024-10-10 12:10:49	1	0	1	0
           646	2024-10-10 12:11:07	1	0	1	0
           259	2024-10-10 12:11:15	1	0	1	0
           583	2024-10-10 12:11:20	1	0	1	0
           408	2024-10-10 12:11:32	1	0	1	0
           338	2024-10-10 12:11:36	1	0	1	0
           476	2024-10-10 12:11:58	1	0	1	0
           414	2024-10-10 12:13:00	1	0	1	0
            93	2024-10-10 12:13:06	1	0	1	0
           182	2024-10-10 12:13:13	1	0	1	0
           206	2024-10-10 12:13:24	1	0	1	0
           593	2024-10-10 12:13:31	1	0	1	0
           623	2024-10-10 12:13:36	1	0	1	0
           658	2024-10-10 12:13:54	1	0	1	0
           101	2024-10-10 12:14:26	1	0	1	0
            86	2024-10-10 12:15:10	1	0	1	0
           586	2024-10-10 12:15:46	1	0	1	0
           648	2024-10-10 12:15:53	1	0	1	0
           303	2024-10-10 12:15:57	1	0	1	0
           492	2024-10-10 12:16:04	1	0	1	0
           516	2024-10-10 12:16:11	1	0	1	0
           370	2024-10-10 12:16:18	1	0	1	0
            39	2024-10-10 12:17:05	1	0	1	0
            75	2024-10-10 12:17:18	1	0	1	0
           205	2024-10-10 12:17:25	1	0	1	0
            74	2024-10-10 12:17:33	1	0	1	0
            37	2024-10-10 12:17:44	1	0	1	0
           546	2024-10-10 12:18:15	1	0	1	0
           579	2024-10-10 12:18:18	1	0	1	0
           467	2024-10-10 12:18:23	1	0	1	0
           513	2024-10-10 12:19:27	1	0	1	0
           655	2024-10-10 12:19:38	1	0	1	0
           146	2024-10-10 12:19:43	1	0	15	0
           434	2024-10-10 12:19:52	1	0	1	0
            69	2024-10-10 12:19:58	1	0	1	0
           465	2024-10-10 12:20:07	1	0	1	0
           520	2024-10-10 12:20:15	1	0	1	0
           604	2024-10-10 12:20:27	1	0	1	0
           125	2024-10-10 12:20:33	1	0	1	0
            38	2024-10-10 12:20:40	1	0	1	0
           312	2024-10-10 12:20:46	1	0	1	0
           631	2024-10-10 12:20:54	1	0	1	0
            77	2024-10-10 12:21:09	1	0	1	0
           265	2024-10-10 12:21:21	1	0	1	0
           413	2024-10-10 12:21:48	1	0	4	0
           556	2024-10-10 12:22:38	1	0	1	0
           105	2024-10-10 12:23:01	1	0	1	0
           252	2024-10-10 12:23:33	1	0	15	0
           642	2024-10-10 12:24:05	1	0	1	0
           399	2024-10-10 12:24:14	1	0	1	0
            88	2024-10-10 12:25:13	1	0	1	0
           288	2024-10-10 12:29:19	1	0	1	0
           541	2024-10-10 12:29:29	1	0	1	0
           374	2024-10-10 12:29:33	1	0	1	0
           408	2024-10-10 12:30:06	1	0	1	0
           593	2024-10-10 12:30:23	1	0	1	0
           331	2024-10-10 12:30:56	1	0	1	0
           586	2024-10-10 12:31:04	1	0	1	0
           648	2024-10-10 12:31:11	1	0	1	0
           338	2024-10-10 12:31:56	1	0	1	0
           259	2024-10-10 12:32:26	1	0	15	0
           492	2024-10-10 12:33:15	1	0	1	0
           476	2024-10-10 12:33:21	1	0	1	0
           516	2024-10-10 12:33:34	1	0	1	0
           583	2024-10-10 12:34:09	1	0	1	0
           121	2024-10-10 12:34:25	1	0	1	0
           502	2024-10-10 12:37:03	1	0	1	0
           194	2024-10-10 12:37:37	1	0	1	0
           640	2024-10-10 12:37:41	1	0	1	0
           444	2024-10-10 12:37:46	1	0	1	0
           635	2024-10-10 12:38:01	1	0	1	0
           236	2024-10-10 12:38:41	1	0	1	0
           370	2024-10-10 12:39:14	1	0	15	0
           575	2024-10-10 12:39:41	1	0	1	0
           529	2024-10-10 12:39:46	1	0	1	0
            87	2024-10-10 12:40:16	1	0	1	0
           637	2024-10-10 12:40:29	1	0	1	0
           363	2024-10-10 12:40:37	1	0	1	0
           417	2024-10-10 12:40:44	1	0	15	0
           182	2024-10-10 12:40:53	1	0	1	0
            93	2024-10-10 12:41:02	1	0	1	0
            40	2024-10-10 12:41:20	1	0	1	0
           659	2024-10-10 12:41:44	1	0	1	0
            73	2024-10-10 12:41:53	1	0	1	0
           453	2024-10-10 12:42:39	1	0	1	0
            27	2024-10-10 12:42:44	1	0	15	0
           275	2024-10-10 12:43:06	1	0	1	0
            83	2024-10-10 12:43:28	1	0	1	0
           493	2024-10-10 12:43:33	1	0	1	0
           623	2024-10-10 12:43:43	1	0	1	0
           658	2024-10-10 12:45:38	1	0	1	0
           303	2024-10-10 12:46:03	1	0	1	0
           397	2024-10-10 12:46:31	1	0	1	0
           660	2024-10-10 12:46:37	1	0	1	0
           350	2024-10-10 12:46:43	1	0	1	0
            55	2024-10-10 12:46:55	1	0	1	0
           114	2024-10-10 12:47:01	1	0	1	0
           101	2024-10-10 12:47:14	1	0	1	0
           606	2024-10-10 12:47:30	1	0	1	0
            88	2024-10-10 12:47:36	1	0	1	0
           399	2024-10-10 12:47:45	1	0	1	0
           206	2024-10-10 12:48:28	1	0	1	0
           513	2024-10-10 12:48:36	1	0	1	0
            39	2024-10-10 12:48:52	1	0	1	0
           288	2024-10-10 12:49:26	1	0	1	0
            38	2024-10-10 12:50:00	1	0	1	0
           149	2024-10-10 12:51:08	1	0	1	0
           520	2024-10-10 12:52:23	1	0	1	0
           604	2024-10-10 12:52:28	1	0	1	0
           125	2024-10-10 12:52:35	1	0	1	0
           355	2024-10-10 12:53:58	1	0	1	0
           523	2024-10-10 12:54:03	1	0	1	0
           502	2024-10-10 12:55:35	1	0	1	0
           417	2024-10-10 12:55:46	1	0	15	0
           363	2024-10-10 12:55:54	1	0	1	0
           132	2024-10-10 12:56:03	1	0	1	0
           312	2024-10-10 12:56:22	1	0	1	0
           575	2024-10-10 12:56:41	1	0	1	0
           105	2024-10-10 12:56:52	1	0	1	0
            73	2024-10-10 12:57:05	1	0	1	0
           583	2024-10-10 12:57:42	1	0	1	0
           444	2024-10-10 12:58:17	1	0	1	0
           485	2024-10-10 13:02:12	1	0	1	0
           236	2024-10-10 13:02:57	1	0	1	0
           404	2024-10-10 13:07:07	1	0	1	0
           485	2024-10-10 13:42:08	1	0	1	0
           305	2024-10-10 14:08:54	1	0	1	0
           567	2024-10-10 14:47:47	1	0	1	0
           124	2024-10-10 15:08:35	1	0	15	0
            70	2024-10-10 16:05:36	1	0	1	0
            93	2024-10-10 16:13:33	1	0	1	0
           460	2024-10-10 16:21:28	1	0	1	0
           182	2024-10-10 16:27:44	1	0	1	0
           413	2024-10-10 16:37:16	1	0	4	0
            88	2024-10-10 16:49:36	1	0	1	0
           331	2024-10-10 17:00:04	1	0	1	0
           581	2024-10-10 17:00:09	1	0	1	0
           422	2024-10-10 17:00:15	1	0	1	0
           387	2024-10-10 17:00:24	1	0	15	0
           366	2024-10-10 17:00:29	1	0	1	0
           288	2024-10-10 17:00:36	1	0	1	0
            37	2024-10-10 17:01:08	1	0	1	0
           637	2024-10-10 17:01:14	1	0	1	0
            74	2024-10-10 17:01:17	1	0	1	0
           600	2024-10-10 17:01:42	1	0	1	0
           443	2024-10-10 17:01:49	1	0	1	0
            86	2024-10-10 17:01:54	1	0	1	0
           303	2024-10-10 17:02:00	1	0	1	0
           660	2024-10-10 17:02:07	1	0	1	0
           363	2024-10-10 17:02:15	1	0	1	0
           417	2024-10-10 17:02:23	1	0	15	0
           645	2024-10-10 17:02:30	1	0	1	0
           635	2024-10-10 17:02:39	1	0	1	0
           149	2024-10-10 17:02:50	1	0	1	0
           562	2024-10-10 17:02:56	1	0	1	0
            40	2024-10-10 17:03:05	1	0	1	0
           631	2024-10-10 17:03:18	1	0	1	0
           374	2024-10-10 17:03:24	1	0	1	0
           523	2024-10-10 17:03:29	1	0	1	0
            77	2024-10-10 17:03:34	1	0	1	0
           582	2024-10-10 17:03:41	1	0	1	0
           646	2024-10-10 17:03:46	1	0	1	0
           101	2024-10-10 17:03:53	1	0	1	0
           659	2024-10-10 17:03:58	1	0	1	0
           643	2024-10-10 17:04:29	1	0	15	0
           606	2024-10-10 17:04:34	1	0	1	0
           556	2024-10-10 17:04:38	1	0	1	0
           642	2024-10-10 17:04:48	1	0	1	0
           350	2024-10-10 17:04:54	1	0	1	0
           123	2024-10-10 17:04:59	1	0	1	0
           397	2024-10-10 17:05:03	1	0	1	0
           632	2024-10-10 17:05:11	1	0	1	0
           115	2024-10-10 17:05:14	1	0	1	0
           546	2024-10-10 17:05:21	1	0	1	0
           404	2024-10-10 17:05:28	1	0	1	0
           194	2024-10-10 17:05:35	1	0	1	0
           658	2024-10-10 17:05:52	1	0	1	0
           476	2024-10-10 17:05:58	1	0	1	0
           623	2024-10-10 17:06:24	1	0	1	0
           513	2024-10-10 17:07:10	1	0	1	0
           119	2024-10-10 17:07:21	1	0	15	0
           502	2024-10-10 17:07:47	1	0	1	0
           265	2024-10-10 17:07:57	1	0	1	0
           648	2024-10-10 17:08:33	1	0	1	0
           575	2024-10-10 17:09:26	1	0	1	0
           399	2024-10-10 17:10:50	1	0	1	0
           640	2024-10-10 17:10:59	1	0	1	0
           184	2024-10-10 17:11:58	1	0	1	0
            83	2024-10-10 17:12:07	1	0	1	0
           132	2024-10-10 17:12:16	1	0	1	0
           146	2024-10-10 17:12:27	1	0	15	0
           434	2024-10-10 17:13:48	1	0	1	0
           196	2024-10-10 17:13:57	1	0	1	0
           370	2024-10-10 17:16:51	1	0	1	0
           236	2024-10-10 17:17:13	1	0	1	0
            38	2024-10-10 17:18:05	1	0	1	0
           355	2024-10-10 17:19:31	1	0	1	0
           105	2024-10-10 17:20:09	1	0	1	0
           444	2024-10-10 17:20:50	1	0	1	0
           408	2024-10-10 17:23:54	1	0	1	0
           579	2024-10-10 17:26:40	1	0	1	0
           573	2024-10-10 17:26:45	1	0	1	0
           554	2024-10-10 17:26:52	1	0	1	0
           121	2024-10-10 17:29:00	1	0	1	0
           398	2024-10-10 17:30:07	1	0	1	0
           227	2024-10-10 17:30:15	1	0	15	0
           453	2024-10-10 17:33:16	1	0	1	0
           541	2024-10-10 17:34:31	1	0	1	0
           338	2024-10-10 17:36:00	1	0	1	0
            27	2024-10-10 17:36:28	1	0	15	0
            55	2024-10-10 17:36:41	1	0	1	0
           604	2024-10-10 17:36:56	1	0	1	0
           529	2024-10-10 17:37:02	1	0	1	0
           125	2024-10-10 17:37:07	1	0	1	0
           520	2024-10-10 17:37:14	1	0	1	0
           252	2024-10-10 17:42:11	1	0	15	0
           586	2024-10-10 18:00:53	1	0	1	0
           187	2024-10-10 18:01:50	1	0	1	0
            73	2024-10-10 18:03:15	1	0	1	0
           485	2024-10-10 18:03:43	1	0	1	0
           259	2024-10-10 18:06:01	1	0	1	0
            87	2024-10-10 18:06:36	1	0	1	0
           206	2024-10-10 18:08:19	1	0	1	0
           275	2024-10-10 18:08:53	1	0	1	0
            69	2024-10-10 18:09:05	1	0	1	0
           467	2024-10-10 18:10:38	1	0	1	0
            39	2024-10-10 18:13:57	1	0	1	0
           312	2024-10-10 18:15:01	1	0	1	0
           583	2024-10-10 18:16:29	1	0	1	0
           114	2024-10-10 18:17:46	1	0	1	0
           337	2024-10-10 18:25:29	1	0	15	0
           493	2024-10-10 18:31:47	1	0	1	0
           205	2024-10-10 19:24:27	1	0	1	0
           335	2024-10-10 19:27:29	1	0	1	0
            95	2024-10-10 19:27:37	1	0	1	0
           593	2024-10-10 19:44:38	1	0	1	0
           492	2024-10-10 20:01:19	1	0	1	0
           620	2024-10-10 20:15:12	1	0	1	0
           314	2024-10-10 20:55:24	1	0	1	0
           516	2024-10-10 22:32:26	1	0	1	0
           567	2024-10-10 23:00:05	1	0	1	0
           655	2024-10-10 23:23:44	1	0	1	0
           414	2024-10-10 23:32:08	1	0	1	0
           465	2024-10-10 23:32:11	1	0	1	0
            75	2024-10-10 23:32:27	1	0	1	0
           114	2024-10-11 05:33:06	1	0	1	0
           124	2024-10-11 06:02:47	1	0	15	0
           337	2024-10-11 06:08:48	1	0	15	0
           196	2024-10-11 06:10:23	1	0	1	0
           119	2024-10-11 06:10:29	1	0	15	0
           620	2024-10-11 06:13:02	1	0	1	0
           123	2024-10-11 06:18:17	1	0	1	0
           443	2024-10-11 06:31:56	1	0	1	0
           387	2024-10-11 06:33:46	1	0	15	0
           632	2024-10-11 06:34:32	1	0	1	0
           422	2024-10-11 06:44:12	1	0	1	0
           182	2024-10-11 06:53:16	1	0	1	0
           413	2024-10-11 06:54:31	1	0	4	0
           658	2024-10-11 06:54:46	1	0	1	0
           645	2024-10-11 06:55:51	1	0	1	0
           375	2024-10-11 06:57:01	1	0	1	0
           184	2024-10-11 06:57:28	1	0	1	0
           146	2024-10-11 06:57:33	1	0	15	0
            88	2024-10-11 06:58:05	1	0	1	0
           600	2024-10-11 06:58:17	1	0	1	0
           646	2024-10-11 06:58:28	1	0	1	0
           366	2024-10-11 07:00:21	1	0	1	0
           582	2024-10-11 07:04:00	1	0	1	0
            69	2024-10-11 07:06:20	1	0	1	0
           460	2024-10-11 07:08:23	1	0	1	0
           581	2024-10-11 07:09:56	1	0	1	0
           398	2024-10-11 07:11:08	1	0	15	0
           606	2024-10-11 07:11:52	1	0	1	0
           546	2024-10-11 07:13:24	1	0	1	0
           631	2024-10-11 07:14:16	1	0	1	0
            27	2024-10-11 07:15:44	1	0	15	0
           453	2024-10-11 07:15:53	1	0	1	0
           642	2024-10-11 07:16:21	1	0	1	0
           465	2024-10-11 07:16:58	1	0	1	0
            75	2024-10-11 07:17:30	1	0	1	0
           115	2024-10-11 07:19:38	1	0	1	0
           643	2024-10-11 07:20:17	1	0	1	0
           101	2024-10-11 07:20:26	1	0	1	0
           573	2024-10-11 07:21:37	1	0	1	0
            77	2024-10-11 07:22:19	1	0	1	0
            37	2024-10-11 07:24:14	1	0	1	0
            39	2024-10-11 07:25:23	1	0	1	0
           355	2024-10-11 07:27:50	1	0	1	0
           523	2024-10-11 07:28:19	1	0	1	0
            74	2024-10-11 07:31:22	1	0	15	0
           227	2024-10-11 07:32:06	1	0	15	0
            83	2024-10-11 07:32:48	1	0	1	0
           434	2024-10-11 07:33:27	1	0	1	0
           360	2024-10-11 07:33:39	1	0	1	0
           604	2024-10-11 07:33:48	1	0	1	0
           660	2024-10-11 07:34:26	1	0	1	0
           397	2024-10-11 07:34:38	1	0	1	0
           579	2024-10-11 07:34:49	1	0	1	0
           541	2024-10-11 07:37:06	1	0	1	0
           492	2024-10-11 07:37:14	1	0	1	0
           493	2024-10-11 07:38:33	1	0	1	0
            70	2024-10-11 07:38:59	1	0	15	0
           259	2024-10-11 07:39:19	1	0	1	0
            95	2024-10-11 07:40:49	1	0	1	0
           640	2024-10-11 07:43:29	1	0	1	0
           132	2024-10-11 07:45:53	1	0	1	0
            38	2024-10-11 07:45:59	1	0	1	0
            73	2024-10-11 07:46:51	1	0	1	0
           502	2024-10-11 07:47:00	1	0	1	0
           194	2024-10-11 07:47:07	1	0	1	0
           288	2024-10-11 07:47:13	1	0	1	0
           655	2024-10-11 07:47:21	1	0	1	0
           556	2024-10-11 07:47:24	1	0	1	0
           338	2024-10-11 07:48:19	1	0	1	0
           265	2024-10-11 07:49:17	1	0	1	0
           586	2024-10-11 07:49:22	1	0	1	0
           467	2024-10-11 07:49:29	1	0	1	0
           205	2024-10-11 07:50:36	1	0	1	0
           659	2024-10-11 07:51:02	1	0	1	0
           635	2024-10-11 07:51:38	1	0	1	0
           331	2024-10-11 07:51:42	1	0	1	0
            53	2024-10-11 07:51:49	1	0	1	0
            55	2024-10-11 07:51:55	1	0	1	0
           105	2024-10-11 07:52:29	1	0	1	0
           529	2024-10-11 07:52:33	1	0	1	0
           350	2024-10-11 07:52:58	1	0	1	0
           404	2024-10-11 07:53:21	1	0	1	0
           444	2024-10-11 07:53:37	1	0	1	0
           374	2024-10-11 07:54:22	1	0	1	0
           637	2024-10-11 07:54:26	1	0	1	0
           370	2024-10-11 07:54:31	1	0	1	0
           583	2024-10-11 07:54:36	1	0	1	0
           303	2024-10-11 07:55:28	1	0	1	0
            86	2024-10-11 07:56:57	1	0	1	0
           125	2024-10-11 07:58:01	1	0	1	0
           476	2024-10-11 07:58:28	1	0	1	0
           623	2024-10-11 07:59:13	1	0	1	0
           335	2024-10-11 07:59:21	1	0	1	0
           575	2024-10-11 07:59:35	1	0	1	0
           363	2024-10-11 07:59:53	1	0	1	0
           399	2024-10-11 08:00:03	1	0	1	0
           417	2024-10-11 08:00:20	1	0	15	0
            40	2024-10-11 08:00:31	1	0	1	0
           408	2024-10-11 08:00:39	1	0	1	0
           513	2024-10-11 08:00:42	1	0	1	0
           516	2024-10-11 08:02:36	1	0	1	0
           511	2024-10-11 08:02:40	1	0	1	0
           520	2024-10-11 08:03:26	1	0	1	0
           236	2024-10-11 08:05:54	1	0	1	0
           648	2024-10-11 08:07:58	1	0	1	0
           312	2024-10-11 08:09:40	1	0	1	0
           252	2024-10-11 08:15:18	1	0	15	0
           206	2024-10-11 08:18:31	1	0	1	0
           275	2024-10-11 08:18:43	1	0	1	0
           405	2024-10-11 08:25:42	1	0	1	0
            87	2024-10-11 09:03:11	1	0	1	0
           460	2024-10-11 11:08:11	1	0	1	0
           643	2024-10-11 11:31:15	1	0	1	0
           646	2024-10-11 11:31:21	1	0	1	0
           366	2024-10-11 11:31:54	1	0	1	0
           460	2024-10-11 11:32:14	1	0	1	0
           443	2024-10-11 11:32:36	1	0	1	0
           422	2024-10-11 11:33:12	1	0	1	0
           642	2024-10-11 11:33:26	1	0	1	0
           600	2024-10-11 11:34:26	1	0	1	0
           119	2024-10-11 11:34:37	1	0	15	0
           360	2024-10-11 11:34:51	1	0	1	0
           581	2024-10-11 11:34:56	1	0	1	0
           387	2024-10-11 11:35:03	1	0	15	0
           632	2024-10-11 11:35:13	1	0	1	0
           123	2024-10-11 11:37:00	1	0	1	0
           582	2024-10-11 11:37:30	1	0	1	0
           414	2024-10-11 11:43:50	1	0	1	0
           546	2024-10-11 11:51:19	1	0	1	0
           314	2024-10-11 11:51:24	1	0	1	0
           579	2024-10-11 11:51:32	1	0	1	0
           366	2024-10-11 11:58:17	1	0	1	0
           582	2024-10-11 11:58:26	1	0	1	0
           123	2024-10-11 11:58:31	1	0	1	0
           600	2024-10-11 11:58:37	1	0	1	0
           632	2024-10-11 11:58:42	1	0	1	0
            53	2024-10-11 12:00:08	1	0	1	0
           414	2024-10-11 12:00:13	1	0	1	0
           387	2024-10-11 12:00:19	1	0	15	0
           184	2024-10-11 12:00:27	1	0	1	0
           422	2024-10-11 12:00:38	1	0	1	0
           465	2024-10-11 12:00:42	1	0	1	0
           265	2024-10-11 12:00:47	1	0	1	0
           637	2024-10-11 12:00:57	1	0	1	0
           583	2024-10-11 12:01:03	1	0	1	0
           119	2024-10-11 12:01:14	1	0	15	0
           360	2024-10-11 12:01:24	1	0	1	0
           397	2024-10-11 12:01:28	1	0	1	0
           399	2024-10-11 12:01:33	1	0	1	0
           101	2024-10-11 12:01:41	1	0	1	0
           443	2024-10-11 12:01:49	1	0	1	0
           659	2024-10-11 12:01:55	1	0	1	0
           562	2024-10-11 12:01:59	1	0	1	0
           236	2024-10-11 12:02:13	1	0	1	0
           493	2024-10-11 12:02:21	1	0	1	0
           655	2024-10-11 12:02:26	1	0	1	0
           635	2024-10-11 12:02:30	1	0	1	0
            55	2024-10-11 12:03:00	1	0	1	0
           350	2024-10-11 12:03:11	1	0	1	0
            27	2024-10-11 12:03:21	1	0	15	0
           453	2024-10-11 12:03:30	1	0	15	0
           476	2024-10-11 12:03:42	1	0	1	0
           194	2024-10-11 12:04:03	1	0	1	0
           303	2024-10-11 12:04:08	1	0	1	0
           660	2024-10-11 12:04:14	1	0	1	0
           523	2024-10-11 12:04:19	1	0	1	0
           355	2024-10-11 12:04:25	1	0	1	0
           606	2024-10-11 12:04:36	1	0	1	0
           643	2024-10-11 12:04:56	1	0	1	0
           640	2024-10-11 12:06:09	1	0	1	0
           556	2024-10-11 12:06:19	1	0	1	0
           252	2024-10-11 12:06:25	1	0	15	0
            83	2024-10-11 12:06:30	1	0	1	0
            69	2024-10-11 12:06:36	1	0	1	0
            77	2024-10-11 12:07:24	1	0	1	0
           467	2024-10-11 12:07:31	1	0	1	0
           337	2024-10-11 12:07:38	1	0	15	0
           586	2024-10-11 12:07:44	1	0	1	0
           492	2024-10-11 12:08:03	1	0	1	0
           581	2024-10-11 12:08:06	1	0	1	0
           312	2024-10-11 12:08:09	1	0	1	0
           593	2024-10-11 12:08:26	1	0	1	0
           623	2024-10-11 12:08:31	1	0	1	0
            38	2024-10-11 12:09:04	1	0	1	0
            88	2024-10-11 12:09:10	1	0	1	0
           631	2024-10-11 12:09:23	1	0	1	0
           658	2024-10-11 12:09:32	1	0	1	0
            37	2024-10-11 12:09:46	1	0	1	0
            75	2024-10-11 12:10:33	1	0	1	0
           413	2024-10-11 12:10:35	1	0	4	0
           434	2024-10-11 12:10:40	1	0	1	0
            74	2024-10-11 12:10:45	1	0	1	0
           206	2024-10-11 12:11:07	1	0	1	0
           408	2024-10-11 12:12:50	1	0	1	0
           288	2024-10-11 12:12:59	1	0	1	0
           259	2024-10-11 12:13:07	1	0	1	0
           529	2024-10-11 12:13:24	1	0	1	0
           579	2024-10-11 12:14:17	1	0	1	0
           604	2024-10-11 12:14:36	1	0	1	0
           520	2024-10-11 12:14:42	1	0	1	0
           125	2024-10-11 12:14:45	1	0	1	0
           646	2024-10-11 12:14:50	1	0	1	0
           331	2024-10-11 12:15:01	1	0	1	0
           114	2024-10-11 12:15:06	1	0	1	0
           146	2024-10-11 12:15:14	1	0	15	0
            53	2024-10-11 12:15:52	1	0	1	0
           648	2024-10-11 12:15:58	1	0	1	0
            40	2024-10-11 12:16:11	1	0	1	0
           404	2024-10-11 12:16:30	1	0	1	0
           370	2024-10-11 12:16:40	1	0	1	0
           265	2024-10-11 12:16:51	1	0	1	0
           115	2024-10-11 12:16:56	1	0	1	0
           573	2024-10-11 12:17:04	1	0	1	0
           637	2024-10-11 12:17:09	1	0	1	0
           583	2024-10-11 12:17:21	1	0	1	0
           546	2024-10-11 12:17:26	1	0	1	0
            55	2024-10-11 12:18:37	1	0	1	0
           541	2024-10-11 12:19:44	1	0	1	0
           101	2024-10-11 12:20:26	1	0	1	0
           252	2024-10-11 12:21:41	1	0	15	0
           182	2024-10-11 12:22:43	1	0	1	0
           655	2024-10-11 12:23:09	1	0	1	0
            77	2024-10-11 12:23:23	1	0	1	0
           465	2024-10-11 12:23:45	1	0	1	0
           516	2024-10-11 12:24:33	1	0	1	0
           337	2024-10-11 12:24:54	1	0	1	0
           132	2024-10-11 12:25:01	1	0	1	0
            37	2024-10-11 12:25:24	1	0	1	0
            88	2024-10-11 12:25:53	1	0	15	0
           586	2024-10-11 12:26:40	1	0	1	0
           275	2024-10-11 12:26:59	1	0	1	0
            39	2024-10-11 12:27:05	1	0	1	0
           523	2024-10-11 12:27:11	1	0	1	0
           355	2024-10-11 12:27:17	1	0	1	0
           513	2024-10-11 12:27:41	1	0	1	0
           413	2024-10-11 12:27:49	1	0	4	0
           502	2024-10-11 12:28:54	1	0	1	0
            69	2024-10-11 12:29:06	1	0	1	0
           631	2024-10-11 12:30:34	1	0	1	0
            74	2024-10-11 12:30:40	1	0	1	0
           146	2024-10-11 12:30:59	1	0	15	0
            27	2024-10-11 12:31:40	1	0	15	0
           453	2024-10-11 12:31:48	1	0	1	0
           556	2024-10-11 12:32:12	1	0	1	0
           370	2024-10-11 12:32:18	1	0	1	0
           408	2024-10-11 12:32:25	1	0	1	0
           114	2024-10-11 12:32:41	1	0	1	0
           288	2024-10-11 12:32:48	1	0	1	0
           259	2024-10-11 12:32:54	1	0	1	0
           374	2024-10-11 12:32:58	1	0	1	0
           338	2024-10-11 12:33:07	1	0	1	0
           115	2024-10-11 12:33:29	1	0	1	0
           573	2024-10-11 12:33:34	1	0	1	0
           658	2024-10-11 12:33:49	1	0	1	0
           350	2024-10-11 12:35:01	1	0	1	0
           606	2024-10-11 12:35:07	1	0	1	0
           575	2024-10-11 12:35:35	1	0	1	0
           405	2024-10-11 12:35:43	1	0	1	0
           375	2024-10-11 12:35:49	1	0	1	0
           194	2024-10-11 12:36:54	1	0	1	0
           562	2024-10-11 12:36:57	1	0	1	0
           205	2024-10-11 12:37:02	1	0	1	0
           363	2024-10-11 12:37:10	1	0	1	0
           417	2024-10-11 12:37:21	1	0	15	0
           659	2024-10-11 12:37:28	1	0	1	0
           640	2024-10-11 12:37:35	1	0	1	0
           444	2024-10-11 12:37:47	1	0	1	0
           404	2024-10-11 12:37:59	1	0	1	0
           434	2024-10-11 12:38:54	1	0	1	0
            38	2024-10-11 12:39:20	1	0	1	0
           516	2024-10-11 12:40:17	1	0	1	0
           492	2024-10-11 12:40:44	1	0	1	0
            83	2024-10-11 12:41:26	1	0	1	0
           182	2024-10-11 12:42:46	1	0	1	0
            75	2024-10-11 12:43:21	1	0	1	0
           502	2024-10-11 12:43:56	1	0	1	0
           303	2024-10-11 12:44:10	1	0	1	0
           132	2024-10-11 12:44:22	1	0	1	0
            86	2024-10-11 12:45:58	1	0	1	0
           397	2024-10-11 12:46:04	1	0	1	0
           660	2024-10-11 12:46:09	1	0	1	0
           593	2024-10-11 12:46:13	1	0	1	0
           623	2024-10-11 12:46:18	1	0	1	0
           642	2024-10-11 12:46:35	1	0	1	0
           200	2024-10-11 12:47:08	1	0	1	0
            40	2024-10-11 12:48:50	1	0	1	0
           541	2024-10-11 12:50:21	1	0	1	0
           374	2024-10-11 12:50:24	1	0	1	0
           635	2024-10-11 12:50:39	1	0	1	0
           529	2024-10-11 12:50:50	1	0	1	0
           604	2024-10-11 12:51:23	1	0	1	0
           648	2024-10-11 12:51:28	1	0	1	0
           520	2024-10-11 12:51:37	1	0	1	0
           125	2024-10-11 12:51:43	1	0	1	0
           586	2024-10-11 12:51:48	1	0	1	0
           184	2024-10-11 12:52:26	1	0	1	0
           105	2024-10-11 12:53:13	1	0	1	0
           206	2024-10-11 12:53:23	1	0	1	0
           275	2024-10-11 12:53:41	1	0	1	0
           444	2024-10-11 12:54:09	1	0	1	0
           363	2024-10-11 12:54:27	1	0	1	0
           375	2024-10-11 12:54:38	1	0	1	0
           417	2024-10-11 12:54:46	1	0	15	0
           405	2024-10-11 12:54:53	1	0	1	0
           314	2024-10-11 12:54:59	1	0	1	0
           467	2024-10-11 12:55:02	1	0	1	0
           399	2024-10-11 12:55:22	1	0	1	0
           575	2024-10-11 12:55:51	1	0	1	0
           476	2024-10-11 12:56:57	1	0	1	0
            73	2024-10-11 12:58:04	1	0	1	0
            39	2024-10-11 12:58:28	1	0	1	0
           236	2024-10-11 13:00:40	1	0	1	0
            87	2024-10-11 13:13:59	1	0	1	0
           554	2024-10-11 13:30:53	1	0	1	0
           620	2024-10-11 13:36:54	1	0	1	0
           567	2024-10-11 13:50:16	1	0	1	0
           124	2024-10-11 14:30:52	1	0	15	0
            70	2024-10-11 16:00:12	1	0	1	0
           460	2024-10-11 16:17:43	1	0	1	0
           182	2024-10-11 16:26:22	1	0	1	0
            53	2024-10-11 17:00:10	1	0	1	0
           405	2024-10-11 17:00:16	1	0	1	0
           581	2024-10-11 17:00:18	1	0	1	0
           387	2024-10-11 17:00:27	1	0	15	0
           562	2024-10-11 17:00:31	1	0	1	0
           422	2024-10-11 17:00:37	1	0	1	0
           417	2024-10-11 17:00:47	1	0	1	0
           331	2024-10-11 17:00:51	1	0	1	0
           363	2024-10-11 17:00:58	1	0	1	0
            39	2024-10-11 17:01:05	1	0	1	0
           375	2024-10-11 17:01:11	1	0	1	0
           397	2024-10-11 17:01:17	1	0	1	0
           194	2024-10-11 17:01:22	1	0	1	0
           645	2024-10-11 17:01:27	1	0	1	0
            83	2024-10-11 17:01:32	1	0	1	0
           556	2024-10-11 17:01:36	1	0	1	0
           637	2024-10-11 17:01:40	1	0	1	0
           236	2024-10-11 17:01:52	1	0	1	0
           660	2024-10-11 17:01:56	1	0	1	0
           366	2024-10-11 17:02:00	1	0	1	0
           523	2024-10-11 17:02:07	1	0	1	0
            77	2024-10-11 17:02:10	1	0	1	0
           659	2024-10-11 17:02:16	1	0	1	0
           252	2024-10-11 17:02:23	1	0	15	0
           600	2024-10-11 17:02:28	1	0	1	0
           443	2024-10-11 17:02:46	1	0	1	0
           288	2024-10-11 17:02:51	1	0	1	0
           265	2024-10-11 17:02:54	1	0	1	0
           513	2024-10-11 17:02:59	1	0	1	0
           582	2024-10-11 17:03:03	1	0	1	0
           642	2024-10-11 17:03:12	1	0	1	0
           623	2024-10-11 17:03:16	1	0	1	0
           115	2024-10-11 17:03:29	1	0	1	0
           184	2024-10-11 17:03:33	1	0	1	0
           146	2024-10-11 17:03:38	1	0	15	0
           646	2024-10-11 17:03:43	1	0	1	0
           101	2024-10-11 17:03:50	1	0	1	0
           655	2024-10-11 17:04:02	1	0	1	0
            74	2024-10-11 17:04:08	1	0	1	0
           123	2024-10-11 17:04:14	1	0	1	0
           648	2024-10-11 17:04:20	1	0	1	0
           493	2024-10-11 17:04:27	1	0	1	0
           643	2024-10-11 17:04:43	1	0	1	0
           132	2024-10-11 17:04:50	1	0	1	0
           476	2024-10-11 17:04:54	1	0	1	0
           586	2024-10-11 17:05:00	1	0	1	0
           404	2024-10-11 17:05:06	1	0	1	0
           632	2024-10-11 17:05:20	1	0	1	0
           370	2024-10-11 17:06:37	1	0	1	0
           398	2024-10-11 17:06:51	1	0	1	0
           631	2024-10-11 17:07:00	1	0	1	0
            40	2024-10-11 17:07:12	1	0	1	0
           434	2024-10-11 17:07:30	1	0	1	0
           640	2024-10-11 17:09:03	1	0	1	0
           444	2024-10-11 17:09:08	1	0	1	0
           635	2024-10-11 17:09:18	1	0	1	0
           200	2024-10-11 17:09:36	1	0	1	0
           658	2024-10-11 17:09:51	1	0	1	0
           529	2024-10-11 17:09:59	1	0	1	0
           350	2024-10-11 17:10:05	1	0	1	0
           114	2024-10-11 17:10:17	1	0	1	0
           502	2024-10-11 17:10:44	1	0	1	0
           575	2024-10-11 17:10:57	1	0	1	0
           374	2024-10-11 17:11:08	1	0	1	0
           546	2024-10-11 17:12:18	1	0	1	0
           579	2024-10-11 17:12:24	1	0	1	0
           337	2024-10-11 17:12:35	1	0	1	0
            69	2024-10-11 17:12:52	1	0	1	0
           399	2024-10-11 17:14:20	1	0	1	0
           604	2024-10-11 17:14:39	1	0	1	0
           520	2024-10-11 17:14:50	1	0	1	0
           125	2024-10-11 17:15:02	1	0	1	0
            38	2024-10-11 17:15:09	1	0	1	0
           227	2024-10-11 17:18:38	1	0	15	0
           583	2024-10-11 17:19:13	1	0	1	0
           119	2024-10-11 17:20:00	1	0	15	0
            73	2024-10-11 17:23:13	1	0	1	0
           606	2024-10-11 17:23:40	1	0	1	0
           105	2024-10-11 17:23:44	1	0	1	0
           355	2024-10-11 17:24:39	1	0	1	0
           335	2024-10-11 17:27:27	1	0	1	0
           360	2024-10-11 17:29:30	1	0	1	0
           408	2024-10-11 17:29:54	1	0	1	0
           573	2024-10-11 17:31:39	1	0	1	0
           554	2024-10-11 17:31:47	1	0	1	0
            95	2024-10-11 17:33:03	1	0	1	0
           467	2024-10-11 17:33:28	1	0	1	0
            55	2024-10-11 17:36:03	1	0	1	0
           492	2024-10-11 17:38:20	1	0	1	0
           516	2024-10-11 17:38:25	1	0	1	0
           413	2024-10-11 17:47:48	1	0	4	0
           338	2024-10-11 17:58:44	1	0	1	0
           259	2024-10-11 18:01:06	1	0	15	0
           314	2024-10-11 18:02:46	1	0	1	0
           196	2024-10-11 18:07:06	1	0	1	0
           312	2024-10-11 18:13:07	1	0	1	0
            27	2024-10-11 18:14:23	1	0	15	0
           453	2024-10-11 18:15:57	1	0	15	0
           465	2024-10-11 18:17:40	1	0	1	0
            75	2024-10-11 18:17:51	1	0	1	0
           206	2024-10-11 18:19:42	1	0	1	0
           275	2024-10-11 18:19:56	1	0	1	0
            86	2024-10-11 19:00:01	1	0	1	0
           541	2024-10-11 19:01:35	1	0	1	0
           205	2024-10-11 19:03:34	1	0	1	0
           303	2024-10-11 19:05:01	1	0	1	0
           414	2024-10-11 19:10:28	1	0	1	0
           418	2024-10-11 20:40:27	1	0	1	0
           593	2024-10-11 20:54:47	1	0	1	0
            88	2024-10-11 21:04:20	1	0	1	0
           567	2024-10-11 22:04:34	1	0	1	0
           620	2024-10-11 23:03:02	1	0	1	0
           418	2024-10-12 06:08:13	1	0	1	0
           196	2024-10-12 06:33:08	1	0	1	0
           632	2024-10-12 06:33:18	1	0	1	0
           646	2024-10-12 06:34:27	1	0	1	0
           567	2024-10-12 06:55:25	1	0	1	0
            70	2024-10-12 07:08:26	1	0	1	0
           485	2024-10-12 07:34:56	1	0	1	0
           360	2024-10-12 07:40:56	1	0	1	0
           417	2024-10-12 08:29:01	1	0	1	0
           632	2024-10-12 11:32:15	1	0	1	0
           360	2024-10-12 11:32:27	1	0	1	0
           196	2024-10-12 11:33:55	1	0	1	0
           646	2024-10-12 11:34:02	1	0	1	0
           360	2024-10-12 12:00:03	1	0	1	0
           196	2024-10-12 12:00:33	1	0	1	0
           632	2024-10-12 12:00:57	1	0	1	0
           646	2024-10-12 12:01:33	1	0	1	0
           485	2024-10-12 12:01:48	1	0	1	0
           398	2024-10-12 12:07:36	1	0	15	0
           417	2024-10-12 12:25:17	1	0	1	0
           398	2024-10-12 12:44:54	1	0	1	0
           485	2024-10-12 12:52:32	1	0	1	0
           417	2024-10-12 12:56:53	1	0	15	0
           620	2024-10-12 13:23:39	1	0	1	0
           418	2024-10-12 14:23:05	1	0	1	0
           567	2024-10-12 15:04:41	1	0	1	0
            70	2024-10-12 16:04:43	1	0	1	0
           485	2024-10-12 16:49:10	1	0	1	0
           632	2024-10-12 17:00:18	1	0	1	0
           196	2024-10-12 17:00:24	1	0	1	0
           646	2024-10-12 17:00:35	1	0	1	0
           417	2024-10-12 17:01:11	1	0	15	0
           360	2024-10-12 17:08:16	1	0	1	0
           398	2024-10-12 17:32:39	1	0	1	0
           620	2024-10-12 22:02:31	1	0	1	0
           305	2024-10-12 22:13:48	1	0	1	0
           418	2024-10-12 23:01:31	1	0	1	0
           567	2024-10-13 05:58:16	1	0	1	0
           518	2024-10-13 06:00:10	1	0	1	0
           620	2024-10-13 06:10:57	1	0	1	0
           305	2024-10-13 07:01:53	1	0	1	0
           398	2024-10-13 07:56:51	1	0	1	0
           398	2024-10-13 12:13:38	1	0	1	0
           398	2024-10-13 12:43:12	1	0	1	0
           418	2024-10-13 13:40:25	1	0	1	0
           567	2024-10-13 14:03:44	1	0	1	0
           620	2024-10-13 15:18:08	1	0	1	0
           305	2024-10-13 21:41:56	1	0	1	0
           418	2024-10-13 22:07:15	1	0	1	0
           124	2024-10-13 22:28:25	1	0	15	0
           398	2024-10-13 22:36:06	1	0	1	0
           620	2024-10-14 05:22:30	1	0	1	0
           305	2024-10-14 06:00:29	1	0	1	0
           337	2024-10-14 06:02:00	1	0	15	0
           123	2024-10-14 06:11:48	1	0	1	0
           196	2024-10-14 06:21:29	1	0	1	0
           119	2024-10-14 06:21:38	1	0	15	0
           632	2024-10-14 06:21:48	1	0	1	0
           252	2024-10-14 06:29:59	1	0	15	0
           182	2024-10-14 06:33:04	1	0	1	0
            37	2024-10-14 06:35:59	1	0	1	0
           422	2024-10-14 06:37:56	1	0	1	0
           418	2024-10-14 06:38:05	1	0	1	0
           387	2024-10-14 06:39:42	1	0	15	0
           314	2024-10-14 06:42:03	1	0	1	0
            88	2024-10-14 06:44:31	1	0	1	0
           227	2024-10-14 06:46:56	1	0	15	0
           646	2024-10-14 06:53:03	1	0	1	0
           645	2024-10-14 06:54:10	1	0	1	0
           413	2024-10-14 06:54:16	1	0	1	0
            86	2024-10-14 06:55:36	1	0	1	0
           303	2024-10-14 06:55:42	1	0	1	0
           375	2024-10-14 06:58:54	1	0	1	0
           606	2024-10-14 07:00:56	1	0	1	0
           366	2024-10-14 07:02:56	1	0	1	0
           460	2024-10-14 07:03:39	1	0	1	0
            93	2024-10-14 07:04:15	1	0	1	0
           124	2024-10-14 07:05:33	1	0	15	0
           398	2024-10-14 07:06:29	1	0	1	0
           582	2024-10-14 07:08:21	1	0	1	0
           149	2024-10-14 07:10:57	1	0	1	0
           556	2024-10-14 07:11:56	1	0	1	0
           581	2024-10-14 07:12:40	1	0	1	0
           360	2024-10-14 07:12:48	1	0	1	0
           465	2024-10-14 07:13:55	1	0	1	0
            75	2024-10-14 07:14:09	1	0	1	0
           631	2024-10-14 07:15:26	1	0	1	0
           573	2024-10-14 07:15:48	1	0	1	0
           546	2024-10-14 07:17:05	1	0	1	0
           184	2024-10-14 07:20:05	1	0	1	0
           146	2024-10-14 07:20:17	1	0	15	0
           642	2024-10-14 07:22:59	1	0	1	0
           643	2024-10-14 07:23:02	1	0	15	0
            77	2024-10-14 07:24:59	1	0	1	0
           604	2024-10-14 07:25:06	1	0	1	0
           579	2024-10-14 07:28:53	1	0	1	0
           658	2024-10-14 07:29:00	1	0	1	0
            27	2024-10-14 07:29:19	1	0	15	0
           453	2024-10-14 07:29:39	1	0	1	0
           397	2024-10-14 07:31:44	1	0	1	0
           637	2024-10-14 07:32:13	1	0	1	0
           115	2024-10-14 07:32:27	1	0	1	0
           355	2024-10-14 07:34:08	1	0	1	0
           493	2024-10-14 07:34:57	1	0	1	0
           660	2024-10-14 07:35:32	1	0	1	0
           434	2024-10-14 07:36:31	1	0	1	0
           288	2024-10-14 07:36:40	1	0	1	0
            39	2024-10-14 07:37:07	1	0	1	0
           194	2024-10-14 07:37:14	1	0	1	0
           338	2024-10-14 07:37:21	1	0	1	0
           541	2024-10-14 07:38:33	1	0	1	0
           529	2024-10-14 07:39:19	1	0	15	0
           101	2024-10-14 07:39:39	1	0	1	0
           593	2024-10-14 07:42:22	1	0	1	0
           105	2024-10-14 07:42:27	1	0	1	0
           183	2024-10-14 07:43:52	1	0	1	0
            69	2024-10-14 07:44:01	1	0	1	0
            74	2024-10-14 07:44:23	1	0	1	0
           444	2024-10-14 07:45:32	1	0	1	0
           405	2024-10-14 07:45:50	1	0	1	0
           640	2024-10-14 07:46:16	1	0	1	0
           492	2024-10-14 07:46:35	1	0	1	0
            83	2024-10-14 07:46:45	1	0	1	0
            40	2024-10-14 07:46:58	1	0	1	0
           467	2024-10-14 07:47:18	1	0	1	0
            38	2024-10-14 07:47:31	1	0	1	0
           265	2024-10-14 07:47:44	1	0	1	0
            73	2024-10-14 07:47:52	1	0	1	0
           502	2024-10-14 07:47:59	1	0	1	0
           655	2024-10-14 07:48:12	1	0	1	0
            87	2024-10-14 07:48:39	1	0	1	0
            95	2024-10-14 07:48:53	1	0	1	0
           583	2024-10-14 07:51:05	1	0	1	0
           205	2024-10-14 07:51:29	1	0	1	0
           312	2024-10-14 07:51:56	1	0	1	0
           523	2024-10-14 07:52:04	1	0	1	0
           635	2024-10-14 07:52:24	1	0	1	0
           408	2024-10-14 07:52:30	1	0	1	0
            53	2024-10-14 07:52:46	1	0	1	0
           586	2024-10-14 07:52:52	1	0	1	0
            70	2024-10-14 07:53:11	1	0	1	0
           125	2024-10-14 07:53:38	1	0	1	0
           414	2024-10-14 07:53:44	1	0	1	0
           259	2024-10-14 07:54:36	1	0	15	0
           236	2024-10-14 07:54:44	1	0	1	0
           370	2024-10-14 07:54:58	1	0	1	0
           350	2024-10-14 07:55:18	1	0	1	0
           476	2024-10-14 07:55:30	1	0	1	0
           121	2024-10-14 07:56:08	1	0	1	0
           361	2024-10-14 07:56:22	1	0	1	0
           331	2024-10-14 07:56:28	1	0	1	0
            55	2024-10-14 07:56:53	1	0	1	0
           363	2024-10-14 07:57:09	1	0	1	0
           404	2024-10-14 07:57:55	1	0	1	0
           399	2024-10-14 07:58:03	1	0	1	0
           516	2024-10-14 07:58:08	1	0	1	0
           335	2024-10-14 07:59:41	1	0	1	0
           648	2024-10-14 08:00:13	1	0	1	0
           520	2024-10-14 08:00:30	1	0	1	0
           114	2024-10-14 08:00:36	1	0	1	0
           513	2024-10-14 08:00:57	1	0	1	0
           485	2024-10-14 08:01:54	1	0	1	0
           601	2024-10-14 08:02:09	1	0	1	0
           417	2024-10-14 08:02:34	1	0	15	0
           623	2024-10-14 08:03:20	1	0	1	0
           338	2024-10-14 08:03:50	1	0	1	0
           132	2024-10-14 08:08:54	1	0	1	0
           511	2024-10-14 08:21:28	1	0	1	0
           275	2024-10-14 08:58:07	1	0	1	0
           206	2024-10-14 08:58:12	1	0	1	0
           460	2024-10-14 11:13:03	1	0	1	0
           581	2024-10-14 11:31:31	1	0	1	0
           632	2024-10-14 11:31:53	1	0	1	0
           582	2024-10-14 11:34:35	1	0	1	0
           196	2024-10-14 11:34:59	1	0	1	0
           123	2024-10-14 11:35:46	1	0	1	0
           646	2024-10-14 11:35:51	1	0	1	0
           360	2024-10-14 11:36:46	1	0	1	0
           366	2024-10-14 11:38:09	1	0	1	0
           642	2024-10-14 11:38:53	1	0	1	0
           460	2024-10-14 11:39:13	1	0	1	0
           387	2024-10-14 11:41:50	1	0	15	0
           422	2024-10-14 11:44:37	1	0	1	0
           119	2024-10-14 11:46:48	1	0	15	0
           643	2024-10-14 11:46:59	1	0	15	0
           115	2024-10-14 11:49:14	1	0	1	0
           337	2024-10-14 11:49:21	1	0	1	0
           360	2024-10-14 11:59:31	1	0	1	0
           123	2024-10-14 11:59:39	1	0	1	0
           581	2024-10-14 12:00:04	1	0	1	0
           632	2024-10-14 12:00:11	1	0	1	0
            53	2024-10-14 12:00:30	1	0	1	0
           606	2024-10-14 12:00:39	1	0	1	0
           101	2024-10-14 12:01:07	1	0	1	0
           366	2024-10-14 12:01:24	1	0	1	0
            37	2024-10-14 12:01:40	1	0	1	0
           350	2024-10-14 12:01:47	1	0	1	0
           387	2024-10-14 12:01:56	1	0	15	0
           422	2024-10-14 12:02:02	1	0	1	0
           196	2024-10-14 12:02:08	1	0	1	0
            55	2024-10-14 12:02:15	1	0	1	0
            69	2024-10-14 12:02:21	1	0	1	0
           252	2024-10-14 12:02:27	1	0	15	0
           404	2024-10-14 12:02:31	1	0	1	0
           265	2024-10-14 12:02:38	1	0	1	0
            27	2024-10-14 12:02:43	1	0	15	0
           453	2024-10-14 12:02:52	1	0	1	0
            77	2024-10-14 12:02:59	1	0	1	0
           493	2024-10-14 12:03:05	1	0	1	0
            87	2024-10-14 12:03:16	1	0	1	0
            74	2024-10-14 12:03:26	1	0	1	0
           601	2024-10-14 12:03:32	1	0	1	0
           631	2024-10-14 12:03:39	1	0	1	0
           236	2024-10-14 12:03:59	1	0	1	0
           132	2024-10-14 12:05:02	1	0	1	0
           660	2024-10-14 12:05:08	1	0	1	0
           121	2024-10-14 12:05:13	1	0	1	0
           259	2024-10-14 12:05:23	1	0	1	0
           288	2024-10-14 12:05:28	1	0	1	0
           149	2024-10-14 12:05:32	1	0	1	0
           520	2024-10-14 12:05:38	1	0	1	0
           604	2024-10-14 12:05:44	1	0	1	0
           444	2024-10-14 12:05:50	1	0	1	0
           125	2024-10-14 12:06:01	1	0	1	0
           640	2024-10-14 12:06:13	1	0	1	0
           635	2024-10-14 12:06:18	1	0	1	0
           183	2024-10-14 12:06:25	1	0	1	0
           546	2024-10-14 12:06:33	1	0	1	0
           467	2024-10-14 12:06:36	1	0	1	0
           194	2024-10-14 12:06:44	1	0	1	0
           119	2024-10-14 12:06:55	1	0	15	0
           637	2024-10-14 12:07:00	1	0	1	0
           205	2024-10-14 12:07:06	1	0	1	0
           413	2024-10-14 12:07:10	1	0	4	0
           434	2024-10-14 12:07:17	1	0	1	0
           573	2024-10-14 12:07:21	1	0	1	0
           314	2024-10-14 12:07:25	1	0	1	0
           579	2024-10-14 12:07:29	1	0	1	0
            88	2024-10-14 12:07:35	1	0	1	0
            93	2024-10-14 12:07:42	1	0	1	0
           370	2024-10-14 12:07:48	1	0	1	0
           115	2024-10-14 12:07:53	1	0	1	0
           337	2024-10-14 12:08:00	1	0	1	0
           523	2024-10-14 12:08:06	1	0	1	0
           355	2024-10-14 12:08:10	1	0	1	0
           184	2024-10-14 12:08:16	1	0	1	0
            40	2024-10-14 12:08:28	1	0	1	0
           502	2024-10-14 12:08:37	1	0	1	0
           375	2024-10-14 12:08:44	1	0	1	0
           105	2024-10-14 12:08:48	1	0	1	0
           655	2024-10-14 12:08:56	1	0	1	0
           623	2024-10-14 12:09:18	1	0	1	0
           593	2024-10-14 12:09:20	1	0	1	0
           511	2024-10-14 12:09:23	1	0	1	0
           658	2024-10-14 12:10:16	1	0	1	0
            73	2024-10-14 12:10:35	1	0	1	0
            38	2024-10-14 12:10:51	1	0	1	0
            75	2024-10-14 12:10:56	1	0	1	0
           303	2024-10-14 12:12:08	1	0	1	0
           529	2024-10-14 12:12:45	1	0	1	0
           146	2024-10-14 12:12:54	1	0	15	0
           182	2024-10-14 12:13:53	1	0	1	0
            83	2024-10-14 12:14:08	1	0	1	0
           583	2024-10-14 12:14:34	1	0	1	0
           275	2024-10-14 12:15:16	1	0	1	0
           206	2024-10-14 12:15:21	1	0	1	0
           586	2024-10-14 12:16:26	1	0	1	0
           648	2024-10-14 12:16:31	1	0	1	0
            37	2024-10-14 12:17:27	1	0	1	0
           476	2024-10-14 12:17:34	1	0	1	0
            69	2024-10-14 12:17:40	1	0	1	0
           361	2024-10-14 12:18:00	1	0	1	0
            86	2024-10-14 12:18:03	1	0	1	0
           405	2024-10-14 12:18:10	1	0	1	0
            74	2024-10-14 12:19:11	1	0	1	0
           101	2024-10-14 12:20:20	1	0	1	0
           404	2024-10-14 12:20:52	1	0	1	0
           265	2024-10-14 12:21:14	1	0	1	0
           114	2024-10-14 12:21:22	1	0	1	0
           417	2024-10-14 12:21:29	1	0	1	0
           363	2024-10-14 12:21:34	1	0	1	0
            77	2024-10-14 12:21:55	1	0	1	0
           516	2024-10-14 12:22:08	1	0	1	0
           556	2024-10-14 12:22:27	1	0	1	0
           492	2024-10-14 12:22:36	1	0	1	0
           513	2024-10-14 12:23:01	1	0	1	0
           184	2024-10-14 12:23:28	1	0	1	0
           434	2024-10-14 12:23:39	1	0	1	0
           502	2024-10-14 12:23:45	1	0	1	0
           635	2024-10-14 12:23:58	1	0	1	0
           646	2024-10-14 12:24:04	1	0	1	0
           655	2024-10-14 12:24:10	1	0	1	0
           465	2024-10-14 12:24:16	1	0	1	0
           335	2024-10-14 12:24:22	1	0	1	0
           593	2024-10-14 12:24:28	1	0	1	0
           511	2024-10-14 12:24:32	1	0	1	0
           453	2024-10-14 12:24:39	1	0	1	0
            27	2024-10-14 12:24:59	1	0	15	0
           493	2024-10-14 12:25:16	1	0	1	0
           105	2024-10-14 12:25:22	1	0	1	0
           408	2024-10-14 12:25:50	1	0	1	0
           312	2024-10-14 12:25:53	1	0	1	0
           579	2024-10-14 12:25:57	1	0	1	0
           573	2024-10-14 12:26:03	1	0	1	0
           546	2024-10-14 12:26:08	1	0	1	0
           467	2024-10-14 12:26:14	1	0	1	0
           314	2024-10-14 12:26:19	1	0	1	0
           375	2024-10-14 12:26:24	1	0	1	0
           414	2024-10-14 12:26:30	1	0	1	0
           631	2024-10-14 12:27:31	1	0	1	0
           606	2024-10-14 12:28:47	1	0	1	0
           259	2024-10-14 12:29:04	1	0	1	0
           236	2024-10-14 12:29:23	1	0	1	0
           146	2024-10-14 12:29:32	1	0	15	0
            87	2024-10-14 12:29:43	1	0	1	0
           182	2024-10-14 12:31:02	1	0	1	0
           413	2024-10-14 12:31:16	1	0	4	0
           121	2024-10-14 12:31:46	1	0	1	0
           601	2024-10-14 12:32:16	1	0	1	0
           370	2024-10-14 12:32:22	1	0	1	0
           399	2024-10-14 12:32:36	1	0	1	0
           541	2024-10-14 12:32:40	1	0	1	0
           658	2024-10-14 12:32:47	1	0	1	0
           288	2024-10-14 12:34:03	1	0	1	0
           149	2024-10-14 12:34:13	1	0	1	0
           660	2024-10-14 12:34:34	1	0	1	0
           338	2024-10-14 12:35:30	1	0	1	0
            86	2024-10-14 12:35:58	1	0	1	0
           303	2024-10-14 12:36:03	1	0	1	0
           361	2024-10-14 12:36:20	1	0	1	0
            73	2024-10-14 12:36:33	1	0	1	0
           405	2024-10-14 12:36:41	1	0	1	0
            38	2024-10-14 12:37:14	1	0	1	0
           206	2024-10-14 12:37:22	1	0	1	0
           194	2024-10-14 12:37:43	1	0	1	0
            88	2024-10-14 12:37:55	1	0	1	0
           275	2024-10-14 12:38:02	1	0	1	0
            75	2024-10-14 12:38:15	1	0	1	0
           648	2024-10-14 12:39:17	1	0	1	0
           586	2024-10-14 12:39:21	1	0	1	0
           642	2024-10-14 12:39:51	1	0	1	0
           637	2024-10-14 12:40:08	1	0	1	0
           465	2024-10-14 12:40:12	1	0	1	0
           516	2024-10-14 12:40:28	1	0	1	0
           583	2024-10-14 12:40:40	1	0	1	0
           492	2024-10-14 12:40:48	1	0	1	0
           101	2024-10-14 12:40:56	1	0	1	0
           252	2024-10-14 12:42:46	1	0	15	0
           331	2024-10-14 12:43:11	1	0	1	0
           335	2024-10-14 12:43:33	1	0	1	0
           476	2024-10-14 12:43:45	1	0	1	0
           350	2024-10-14 12:43:49	1	0	1	0
           604	2024-10-14 12:44:40	1	0	1	0
           520	2024-10-14 12:44:47	1	0	1	0
           125	2024-10-14 12:44:52	1	0	1	0
           582	2024-10-14 12:47:23	1	0	1	0
           114	2024-10-14 12:47:47	1	0	1	0
            55	2024-10-14 12:49:15	1	0	1	0
           643	2024-10-14 12:50:05	1	0	15	0
           417	2024-10-14 12:50:22	1	0	15	0
           399	2024-10-14 12:51:41	1	0	1	0
           640	2024-10-14 12:51:50	1	0	1	0
           355	2024-10-14 12:52:10	1	0	1	0
           523	2024-10-14 12:52:14	1	0	1	0
           623	2024-10-14 12:53:03	1	0	1	0
            40	2024-10-14 12:54:27	1	0	1	0
           444	2024-10-14 12:54:44	1	0	1	0
           513	2024-10-14 12:56:05	1	0	1	0
           408	2024-10-14 12:56:10	1	0	1	0
            83	2024-10-14 12:56:46	1	0	1	0
           183	2024-10-14 12:56:56	1	0	1	0
           541	2024-10-14 12:57:39	1	0	1	0
           363	2024-10-14 12:58:03	1	0	1	0
           529	2024-10-14 12:58:09	1	0	1	0
           331	2024-10-14 12:58:20	1	0	1	0
           338	2024-10-14 12:58:26	1	0	1	0
           312	2024-10-14 12:58:36	1	0	1	0
           132	2024-10-14 12:58:43	1	0	1	0
           485	2024-10-14 13:08:07	1	0	1	0
           485	2024-10-14 13:55:17	1	0	1	0
           620	2024-10-14 14:04:47	1	0	1	0
           305	2024-10-14 14:41:36	1	0	1	0
           418	2024-10-14 15:06:39	1	0	1	0
            93	2024-10-14 16:05:47	1	0	1	0
            70	2024-10-14 16:06:59	1	0	1	0
           182	2024-10-14 16:12:58	1	0	1	0
            88	2024-10-14 16:25:49	1	0	1	0
           460	2024-10-14 16:35:35	1	0	1	0
           413	2024-10-14 16:36:23	1	0	4	0
            27	2024-10-14 17:00:12	1	0	15	0
           604	2024-10-14 17:00:18	1	0	1	0
           397	2024-10-14 17:00:24	1	0	1	0
           331	2024-10-14 17:00:39	1	0	1	0
           637	2024-10-14 17:00:45	1	0	1	0
           581	2024-10-14 17:00:50	1	0	1	0
            55	2024-10-14 17:00:57	1	0	1	0
           366	2024-10-14 17:01:06	1	0	1	0
           493	2024-10-14 17:01:23	1	0	1	0
            37	2024-10-14 17:01:42	1	0	1	0
           453	2024-10-14 17:01:48	1	0	1	0
           387	2024-10-14 17:01:57	1	0	15	0
           660	2024-10-14 17:02:23	1	0	1	0
           582	2024-10-14 17:02:27	1	0	1	0
           350	2024-10-14 17:02:33	1	0	1	0
           101	2024-10-14 17:02:43	1	0	1	0
           303	2024-10-14 17:02:54	1	0	1	0
           149	2024-10-14 17:03:00	1	0	15	0
           646	2024-10-14 17:03:09	1	0	1	0
            77	2024-10-14 17:03:15	1	0	1	0
           422	2024-10-14 17:03:21	1	0	1	0
           631	2024-10-14 17:03:28	1	0	1	0
           632	2024-10-14 17:03:58	1	0	1	0
           523	2024-10-14 17:04:04	1	0	1	0
            86	2024-10-14 17:04:08	1	0	1	0
           643	2024-10-14 17:04:17	1	0	1	0
           642	2024-10-14 17:04:23	1	0	1	0
           123	2024-10-14 17:04:28	1	0	1	0
            74	2024-10-14 17:04:34	1	0	1	0
           502	2024-10-14 17:05:01	1	0	1	0
           196	2024-10-14 17:05:18	1	0	1	0
           635	2024-10-14 17:05:21	1	0	1	0
           601	2024-10-14 17:05:26	1	0	1	0
           623	2024-10-14 17:05:36	1	0	1	0
           184	2024-10-14 17:07:13	1	0	1	0
           360	2024-10-14 17:07:25	1	0	1	0
           370	2024-10-14 17:07:45	1	0	1	0
            53	2024-10-14 17:08:00	1	0	1	0
           520	2024-10-14 17:08:10	1	0	1	0
           125	2024-10-14 17:08:21	1	0	1	0
           236	2024-10-14 17:09:06	1	0	1	0
           529	2024-10-14 17:09:11	1	0	1	0
           288	2024-10-14 17:09:16	1	0	1	0
           115	2024-10-14 17:09:20	1	0	1	0
           658	2024-10-14 17:10:08	1	0	1	0
           132	2024-10-14 17:10:21	1	0	1	0
           513	2024-10-14 17:10:31	1	0	1	0
           194	2024-10-14 17:10:39	1	0	1	0
           405	2024-10-14 17:10:59	1	0	1	0
           375	2024-10-14 17:11:03	1	0	1	0
           476	2024-10-14 17:11:08	1	0	1	0
           119	2024-10-14 17:11:23	1	0	15	0
           434	2024-10-14 17:11:32	1	0	1	0
           121	2024-10-14 17:11:37	1	0	1	0
           399	2024-10-14 17:13:02	1	0	1	0
           556	2024-10-14 17:13:07	1	0	1	0
           355	2024-10-14 17:13:28	1	0	1	0
           648	2024-10-14 17:13:33	1	0	1	0
           417	2024-10-14 17:13:41	1	0	15	0
            40	2024-10-14 17:15:02	1	0	1	0
           404	2024-10-14 17:15:17	1	0	1	0
           361	2024-10-14 17:15:32	1	0	1	0
           363	2024-10-14 17:17:03	1	0	1	0
            95	2024-10-14 17:17:22	1	0	1	0
           606	2024-10-14 17:17:59	1	0	1	0
           252	2024-10-14 17:20:00	1	0	15	0
           640	2024-10-14 17:20:33	1	0	1	0
           586	2024-10-14 17:20:40	1	0	1	0
           146	2024-10-14 17:20:56	1	0	15	0
           338	2024-10-14 17:21:21	1	0	1	0
            83	2024-10-14 17:21:53	1	0	1	0
           337	2024-10-14 17:22:32	1	0	1	0
           579	2024-10-14 17:22:38	1	0	1	0
           105	2024-10-14 17:23:02	1	0	1	0
            69	2024-10-14 17:24:31	1	0	1	0
           312	2024-10-14 17:24:47	1	0	1	0
           408	2024-10-14 17:24:56	1	0	1	0
           444	2024-10-14 17:31:57	1	0	1	0
           265	2024-10-14 17:32:42	1	0	1	0
           205	2024-10-14 17:32:52	1	0	1	0
            38	2024-10-14 17:33:10	1	0	1	0
            73	2024-10-14 17:34:36	1	0	1	0
           492	2024-10-14 17:41:41	1	0	1	0
           114	2024-10-14 17:52:17	1	0	1	0
           645	2024-10-14 17:53:07	1	0	1	0
           206	2024-10-14 18:01:10	1	0	1	0
            87	2024-10-14 18:01:15	1	0	1	0
           259	2024-10-14 18:03:09	1	0	1	0
           275	2024-10-14 18:03:56	1	0	1	0
           485	2024-10-14 18:04:47	1	0	1	0
           183	2024-10-14 18:08:15	1	0	1	0
           583	2024-10-14 18:13:18	1	0	1	0
           335	2024-10-14 18:13:54	1	0	1	0
           398	2024-10-14 18:24:46	1	0	1	0
           541	2024-10-14 18:31:04	1	0	1	0
           655	2024-10-14 19:02:39	1	0	1	0
            39	2024-10-14 19:18:27	1	0	1	0
           573	2024-10-14 19:29:44	1	0	1	0
           516	2024-10-14 20:43:59	1	0	1	0
           467	2024-10-14 20:49:17	1	0	1	0
           314	2024-10-14 20:49:25	1	0	1	0
           546	2024-10-14 20:49:30	1	0	1	0
           465	2024-10-14 21:35:06	1	0	1	0
            75	2024-10-14 21:35:22	1	0	1	0
           124	2024-10-14 21:37:13	1	0	15	0
           511	2024-10-14 22:05:56	1	0	1	0
           593	2024-10-14 22:06:06	1	0	1	0
           305	2024-10-14 23:00:04	1	0	1	0
           414	2024-10-14 23:09:14	1	0	1	0
           418	2024-10-15 05:56:42	1	0	1	0
           124	2024-10-15 06:05:23	1	0	15	0
           337	2024-10-15 06:11:46	1	0	15	0
           123	2024-10-15 06:17:34	1	0	1	0
           196	2024-10-15 06:20:36	1	0	1	0
           119	2024-10-15 06:20:40	1	0	15	0
           632	2024-10-15 06:20:55	1	0	1	0
           387	2024-10-15 06:36:21	1	0	15	0
           546	2024-10-15 06:41:29	1	0	1	0
           227	2024-10-15 06:45:55	1	0	15	0
           422	2024-10-15 06:49:43	1	0	1	0
           252	2024-10-15 06:49:59	1	0	15	0
            93	2024-10-15 06:50:44	1	0	1	0
           182	2024-10-15 06:53:24	1	0	1	0
           413	2024-10-15 06:56:30	1	0	4	0
           184	2024-10-15 06:59:50	1	0	1	0
           146	2024-10-15 06:59:55	1	0	15	0
            88	2024-10-15 07:01:58	1	0	1	0
           645	2024-10-15 07:02:12	1	0	1	0
           303	2024-10-15 07:03:13	1	0	1	0
            86	2024-10-15 07:06:52	1	0	1	0
           646	2024-10-15 07:10:41	1	0	1	0
           606	2024-10-15 07:11:34	1	0	1	0
           460	2024-10-15 07:11:44	1	0	1	0
           581	2024-10-15 07:12:35	1	0	1	0
           658	2024-10-15 07:12:52	1	0	1	0
           115	2024-10-15 07:13:04	1	0	1	0
           366	2024-10-15 07:14:56	1	0	1	0
           631	2024-10-15 07:15:59	1	0	1	0
           573	2024-10-15 07:18:01	1	0	1	0
           637	2024-10-15 07:18:34	1	0	1	0
            39	2024-10-15 07:20:18	1	0	1	0
           582	2024-10-15 07:21:15	1	0	1	0
           643	2024-10-15 07:23:41	1	0	1	0
           149	2024-10-15 07:23:55	1	0	1	0
            77	2024-10-15 07:25:07	1	0	1	0
            95	2024-10-15 07:25:52	1	0	1	0
           434	2024-10-15 07:26:30	1	0	1	0
           350	2024-10-15 07:26:42	1	0	1	0
           579	2024-10-15 07:26:49	1	0	1	0
           114	2024-10-15 07:27:24	1	0	1	0
            38	2024-10-15 07:27:54	1	0	1	0
            73	2024-10-15 07:28:20	1	0	1	0
           465	2024-10-15 07:30:15	1	0	1	0
            75	2024-10-15 07:30:22	1	0	1	0
           125	2024-10-15 07:30:38	1	0	1	0
            37	2024-10-15 07:32:21	1	0	1	0
           355	2024-10-15 07:33:25	1	0	1	0
           601	2024-10-15 07:34:12	1	0	1	0
           523	2024-10-15 07:35:34	1	0	1	0
           397	2024-10-15 07:37:02	1	0	1	0
            27	2024-10-15 07:37:48	1	0	15	0
           453	2024-10-15 07:38:25	1	0	1	0
           541	2024-10-15 07:39:03	1	0	1	0
           444	2024-10-15 07:39:35	1	0	1	0
           101	2024-10-15 07:40:06	1	0	1	0
           640	2024-10-15 07:40:26	1	0	1	0
           660	2024-10-15 07:41:02	1	0	1	0
            83	2024-10-15 07:41:10	1	0	1	0
           556	2024-10-15 07:41:25	1	0	1	0
           370	2024-10-15 07:43:11	1	0	1	0
           562	2024-10-15 07:43:22	1	0	1	0
            70	2024-10-15 07:44:06	1	0	15	0
           492	2024-10-15 07:44:16	1	0	1	0
           360	2024-10-15 07:44:21	1	0	1	0
           493	2024-10-15 07:44:27	1	0	1	0
           516	2024-10-15 07:44:35	1	0	1	0
           338	2024-10-15 07:44:40	1	0	1	0
           502	2024-10-15 07:45:56	1	0	1	0
           236	2024-10-15 07:46:24	1	0	1	0
           265	2024-10-15 07:47:55	1	0	1	0
           467	2024-10-15 07:48:02	1	0	1	0
           586	2024-10-15 07:48:10	1	0	1	0
            74	2024-10-15 07:48:23	1	0	1	0
            69	2024-10-15 07:48:39	1	0	1	0
           655	2024-10-15 07:49:30	1	0	1	0
           288	2024-10-15 07:50:38	1	0	1	0
           194	2024-10-15 07:50:41	1	0	1	0
           635	2024-10-15 07:50:48	1	0	1	0
           529	2024-10-15 07:51:52	1	0	1	0
           648	2024-10-15 07:52:39	1	0	1	0
           403	2024-10-15 07:52:59	1	0	1	0
            53	2024-10-15 07:53:11	1	0	1	0
            55	2024-10-15 07:53:27	1	0	1	0
           374	2024-10-15 07:54:26	1	0	1	0
           200	2024-10-15 07:54:32	1	0	1	0
           121	2024-10-15 07:54:36	1	0	1	0
           105	2024-10-15 07:54:48	1	0	1	0
           331	2024-10-15 07:55:09	1	0	1	0
           604	2024-10-15 07:55:37	1	0	1	0
           404	2024-10-15 07:55:43	1	0	1	0
           575	2024-10-15 07:56:00	1	0	1	0
            40	2024-10-15 07:57:13	1	0	1	0
           414	2024-10-15 07:57:20	1	0	1	0
           132	2024-10-15 07:57:29	1	0	1	0
           417	2024-10-15 07:58:17	1	0	15	0
           623	2024-10-15 07:58:27	1	0	1	0
           583	2024-10-15 07:59:15	1	0	1	0
           361	2024-10-15 07:59:50	1	0	1	0
           511	2024-10-15 07:59:53	1	0	1	0
           476	2024-10-15 08:00:46	1	0	1	0
           513	2024-10-15 08:00:48	1	0	1	0
           335	2024-10-15 08:00:58	1	0	1	0
           593	2024-10-15 08:01:06	1	0	1	0
           399	2024-10-15 08:01:11	1	0	1	0
           205	2024-10-15 08:03:10	1	0	1	0
           363	2024-10-15 08:04:28	1	0	1	0
           259	2024-10-15 08:08:37	1	0	1	0
           408	2024-10-15 08:23:54	1	0	1	0
           485	2024-10-15 08:30:15	1	0	1	0
           275	2024-10-15 08:32:39	1	0	1	0
           206	2024-10-15 08:32:44	1	0	1	0
            87	2024-10-15 08:40:02	1	0	1	0
           183	2024-10-15 08:47:17	1	0	1	0
           398	2024-10-15 09:03:43	1	0	1	0
           460	2024-10-15 11:11:18	1	0	1	0
           387	2024-10-15 11:30:22	1	0	15	0
           422	2024-10-15 11:30:31	1	0	1	0
           581	2024-10-15 11:30:52	1	0	1	0
           632	2024-10-15 11:31:19	1	0	1	0
           460	2024-10-15 11:31:37	1	0	1	0
           360	2024-10-15 11:35:35	1	0	1	0
           123	2024-10-15 11:36:47	1	0	1	0
           366	2024-10-15 11:37:30	1	0	1	0
           643	2024-10-15 11:37:47	1	0	15	0
           196	2024-10-15 11:38:26	1	0	1	0
           119	2024-10-15 11:38:34	1	0	15	0
           646	2024-10-15 11:38:43	1	0	1	0
           582	2024-10-15 11:40:08	1	0	1	0
           360	2024-10-15 11:56:44	1	0	1	0
           366	2024-10-15 11:57:57	1	0	1	0
           632	2024-10-15 11:58:05	1	0	1	0
           582	2024-10-15 11:58:10	1	0	1	0
           337	2024-10-15 11:59:03	1	0	1	0
           314	2024-10-15 11:59:16	1	0	1	0
           422	2024-10-15 12:00:18	1	0	1	0
           196	2024-10-15 12:00:23	1	0	1	0
           387	2024-10-15 12:00:31	1	0	15	0
            53	2024-10-15 12:00:38	1	0	1	0
           146	2024-10-15 12:00:46	1	0	15	0
           194	2024-10-15 12:00:52	1	0	1	0
           492	2024-10-15 12:00:56	1	0	1	0
           444	2024-10-15 12:01:00	1	0	1	0
           404	2024-10-15 12:01:02	1	0	1	0
           200	2024-10-15 12:01:13	1	0	1	0
            83	2024-10-15 12:01:17	1	0	1	0
           399	2024-10-15 12:01:24	1	0	1	0
           640	2024-10-15 12:01:28	1	0	1	0
           516	2024-10-15 12:01:33	1	0	1	0
           265	2024-10-15 12:01:37	1	0	1	0
           397	2024-10-15 12:01:40	1	0	1	0
            77	2024-10-15 12:01:54	1	0	1	0
           660	2024-10-15 12:02:00	1	0	1	0
           465	2024-10-15 12:02:08	1	0	1	0
            75	2024-10-15 12:02:15	1	0	1	0
           132	2024-10-15 12:02:23	1	0	1	0
           205	2024-10-15 12:02:30	1	0	1	0
           635	2024-10-15 12:02:36	1	0	1	0
           414	2024-10-15 12:02:40	1	0	1	0
            69	2024-10-15 12:02:43	1	0	1	0
           252	2024-10-15 12:02:47	1	0	15	0
           556	2024-10-15 12:02:52	1	0	1	0
            74	2024-10-15 12:03:06	1	0	1	0
           637	2024-10-15 12:03:19	1	0	1	0
           350	2024-10-15 12:03:31	1	0	1	0
           476	2024-10-15 12:03:42	1	0	1	0
           275	2024-10-15 12:03:49	1	0	1	0
           606	2024-10-15 12:03:57	1	0	1	0
            27	2024-10-15 12:04:04	1	0	15	0
           453	2024-10-15 12:04:12	1	0	1	0
           655	2024-10-15 12:04:18	1	0	1	0
           303	2024-10-15 12:04:43	1	0	1	0
           101	2024-10-15 12:04:50	1	0	1	0
           583	2024-10-15 12:04:56	1	0	1	0
           115	2024-10-15 12:05:03	1	0	1	0
           586	2024-10-15 12:05:12	1	0	1	0
           648	2024-10-15 12:05:17	1	0	1	0
           623	2024-10-15 12:05:24	1	0	1	0
           511	2024-10-15 12:05:28	1	0	1	0
           593	2024-10-15 12:05:32	1	0	1	0
           119	2024-10-15 12:05:47	1	0	15	0
           114	2024-10-15 12:06:02	1	0	1	0
           259	2024-10-15 12:06:20	1	0	1	0
           288	2024-10-15 12:06:26	1	0	1	0
            38	2024-10-15 12:06:31	1	0	1	0
           523	2024-10-15 12:06:47	1	0	1	0
           184	2024-10-15 12:07:11	1	0	1	0
           206	2024-10-15 12:07:15	1	0	1	0
           493	2024-10-15 12:07:39	1	0	1	0
           601	2024-10-15 12:07:42	1	0	1	0
           403	2024-10-15 12:07:55	1	0	1	0
           631	2024-10-15 12:08:03	1	0	1	0
           370	2024-10-15 12:08:49	1	0	1	0
           581	2024-10-15 12:08:59	1	0	1	0
           182	2024-10-15 12:10:11	1	0	1	0
           183	2024-10-15 12:10:22	1	0	15	0
            93	2024-10-15 12:10:31	1	0	1	0
           355	2024-10-15 12:11:50	1	0	1	0
           562	2024-10-15 12:12:16	1	0	1	0
           579	2024-10-15 12:12:26	1	0	1	0
           467	2024-10-15 12:12:34	1	0	1	0
           573	2024-10-15 12:12:39	1	0	1	0
           434	2024-10-15 12:13:40	1	0	1	0
           413	2024-10-15 12:13:41	1	0	4	0
            40	2024-10-15 12:13:54	1	0	1	0
            87	2024-10-15 12:14:21	1	0	1	0
            73	2024-10-15 12:14:35	1	0	1	0
           337	2024-10-15 12:14:46	1	0	1	0
           314	2024-10-15 12:15:07	1	0	1	0
           331	2024-10-15 12:15:14	1	0	1	0
           643	2024-10-15 12:15:22	1	0	1	0
           541	2024-10-15 12:15:29	1	0	1	0
           408	2024-10-15 12:16:02	1	0	1	0
           513	2024-10-15 12:16:09	1	0	1	0
           658	2024-10-15 12:16:12	1	0	1	0
           236	2024-10-15 12:16:51	1	0	1	0
           338	2024-10-15 12:16:58	1	0	1	0
           404	2024-10-15 12:17:30	1	0	1	0
            77	2024-10-15 12:17:37	1	0	1	0
            37	2024-10-15 12:17:55	1	0	1	0
           265	2024-10-15 12:18:11	1	0	1	0
           492	2024-10-15 12:18:25	1	0	1	0
           516	2024-10-15 12:18:32	1	0	1	0
            74	2024-10-15 12:18:51	1	0	1	0
           205	2024-10-15 12:18:59	1	0	1	0
            69	2024-10-15 12:19:05	1	0	1	0
           646	2024-10-15 12:19:11	1	0	1	0
           465	2024-10-15 12:19:52	1	0	1	0
           414	2024-10-15 12:19:57	1	0	1	0
           350	2024-10-15 12:20:14	1	0	1	0
           635	2024-10-15 12:20:33	1	0	1	0
           655	2024-10-15 12:20:37	1	0	1	0
           511	2024-10-15 12:20:41	1	0	1	0
           593	2024-10-15 12:20:45	1	0	1	0
           149	2024-10-15 12:20:51	1	0	1	0
           101	2024-10-15 12:21:07	1	0	1	0
           115	2024-10-15 12:21:24	1	0	1	0
           520	2024-10-15 12:21:31	1	0	1	0
           125	2024-10-15 12:21:35	1	0	1	0
           604	2024-10-15 12:21:41	1	0	1	0
           583	2024-10-15 12:21:46	1	0	1	0
            75	2024-10-15 12:22:02	1	0	1	0
           146	2024-10-15 12:22:10	1	0	15	0
            86	2024-10-15 12:22:28	1	0	1	0
           361	2024-10-15 12:22:54	1	0	1	0
           417	2024-10-15 12:23:02	1	0	1	0
           123	2024-10-15 12:23:17	1	0	1	0
           623	2024-10-15 12:23:20	1	0	1	0
           184	2024-10-15 12:23:24	1	0	1	0
           529	2024-10-15 12:24:11	1	0	1	0
           363	2024-10-15 12:24:26	1	0	1	0
           606	2024-10-15 12:25:33	1	0	1	0
            39	2024-10-15 12:26:33	1	0	1	0
           114	2024-10-15 12:27:00	1	0	1	0
           556	2024-10-15 12:27:47	1	0	1	0
           206	2024-10-15 12:28:17	1	0	1	0
           467	2024-10-15 12:28:31	1	0	1	0
           579	2024-10-15 12:28:41	1	0	1	0
           573	2024-10-15 12:28:47	1	0	1	0
           252	2024-10-15 12:28:56	1	0	15	0
           121	2024-10-15 12:29:15	1	0	1	0
            88	2024-10-15 12:29:23	1	0	1	0
           105	2024-10-15 12:29:35	1	0	1	0
            55	2024-10-15 12:30:36	1	0	1	0
           275	2024-10-15 12:32:55	1	0	1	0
           331	2024-10-15 12:33:02	1	0	1	0
           434	2024-10-15 12:33:18	1	0	1	0
           200	2024-10-15 12:33:49	1	0	1	0
           640	2024-10-15 12:34:04	1	0	1	0
           444	2024-10-15 12:34:08	1	0	1	0
           194	2024-10-15 12:34:27	1	0	1	0
            38	2024-10-15 12:34:38	1	0	1	0
            87	2024-10-15 12:34:45	1	0	1	0
           631	2024-10-15 12:34:53	1	0	1	0
           413	2024-10-15 12:35:08	1	0	4	0
           403	2024-10-15 12:35:14	1	0	1	0
           399	2024-10-15 12:36:04	1	0	1	0
           493	2024-10-15 12:36:15	1	0	1	0
            86	2024-10-15 12:37:53	1	0	1	0
           417	2024-10-15 12:38:27	1	0	1	0
           502	2024-10-15 12:38:39	1	0	1	0
           575	2024-10-15 12:38:48	1	0	1	0
           374	2024-10-15 12:38:55	1	0	1	0
           361	2024-10-15 12:39:03	1	0	1	0
           363	2024-10-15 12:39:47	1	0	1	0
           562	2024-10-15 12:40:09	1	0	1	0
           370	2024-10-15 12:40:14	1	0	1	0
           259	2024-10-15 12:41:07	1	0	1	0
           288	2024-10-15 12:41:14	1	0	1	0
           236	2024-10-15 12:41:46	1	0	1	0
            39	2024-10-15 12:42:41	1	0	1	0
            73	2024-10-15 12:42:55	1	0	1	0
           513	2024-10-15 12:43:28	1	0	1	0
           408	2024-10-15 12:43:32	1	0	1	0
           338	2024-10-15 12:43:38	1	0	1	0
           637	2024-10-15 12:43:48	1	0	1	0
           601	2024-10-15 12:44:33	1	0	1	0
            93	2024-10-15 12:45:00	1	0	1	0
           182	2024-10-15 12:45:08	1	0	1	0
           183	2024-10-15 12:45:16	1	0	1	0
           476	2024-10-15 12:45:29	1	0	1	0
           149	2024-10-15 12:46:30	1	0	1	0
           303	2024-10-15 12:46:54	1	0	1	0
           227	2024-10-15 12:47:07	1	0	15	0
           397	2024-10-15 12:50:03	1	0	1	0
           660	2024-10-15 12:50:10	1	0	1	0
           604	2024-10-15 12:52:21	1	0	1	0
           529	2024-10-15 12:52:25	1	0	1	0
           520	2024-10-15 12:52:31	1	0	1	0
           125	2024-10-15 12:52:38	1	0	1	0
            27	2024-10-15 12:52:46	1	0	15	0
           453	2024-10-15 12:52:59	1	0	1	0
           523	2024-10-15 12:53:05	1	0	1	0
           335	2024-10-15 12:53:09	1	0	1	0
            88	2024-10-15 12:53:16	1	0	1	0
           355	2024-10-15 12:53:24	1	0	1	0
           586	2024-10-15 12:53:29	1	0	1	0
           648	2024-10-15 12:53:35	1	0	1	0
           105	2024-10-15 12:54:33	1	0	1	0
           132	2024-10-15 12:54:43	1	0	1	0
            40	2024-10-15 12:54:52	1	0	1	0
           541	2024-10-15 12:55:02	1	0	1	0
           374	2024-10-15 12:55:40	1	0	1	0
           502	2024-10-15 12:56:07	1	0	1	0
            83	2024-10-15 12:56:19	1	0	1	0
           121	2024-10-15 12:57:03	1	0	1	0
           575	2024-10-15 12:57:40	1	0	1	0
           485	2024-10-15 13:01:44	1	0	1	0
           305	2024-10-15 13:39:04	1	0	1	0
           485	2024-10-15 13:50:48	1	0	1	0
           418	2024-10-15 14:17:32	1	0	1	0
           124	2024-10-15 14:30:38	1	0	15	0
            93	2024-10-15 16:07:36	1	0	1	0
            70	2024-10-15 16:10:03	1	0	1	0
           413	2024-10-15 16:13:45	1	0	1	0
            88	2024-10-15 16:37:33	1	0	1	0
            86	2024-10-15 17:00:14	1	0	1	0
           422	2024-10-15 17:00:18	1	0	1	0
            53	2024-10-15 17:00:29	1	0	1	0
           581	2024-10-15 17:00:34	1	0	1	0
           387	2024-10-15 17:00:41	1	0	15	0
           303	2024-10-15 17:01:05	1	0	1	0
           582	2024-10-15 17:01:10	1	0	1	0
            37	2024-10-15 17:01:17	1	0	1	0
           149	2024-10-15 17:01:25	1	0	1	0
           593	2024-10-15 17:01:38	1	0	1	0
           511	2024-10-15 17:01:43	1	0	1	0
           331	2024-10-15 17:01:54	1	0	1	0
           643	2024-10-15 17:02:01	1	0	1	0
           101	2024-10-15 17:02:06	1	0	1	0
            77	2024-10-15 17:02:14	1	0	1	0
           366	2024-10-15 17:02:21	1	0	1	0
           646	2024-10-15 17:02:28	1	0	1	0
           660	2024-10-15 17:02:34	1	0	1	0
           397	2024-10-15 17:02:37	1	0	1	0
            27	2024-10-15 17:02:44	1	0	15	0
            74	2024-10-15 17:02:50	1	0	1	0
           146	2024-10-15 17:02:57	1	0	15	0
           123	2024-10-15 17:03:03	1	0	1	0
           604	2024-10-15 17:03:11	1	0	1	0
           529	2024-10-15 17:03:15	1	0	1	0
           115	2024-10-15 17:03:31	1	0	1	0
           194	2024-10-15 17:03:52	1	0	1	0
           360	2024-10-15 17:04:01	1	0	1	0
           523	2024-10-15 17:04:09	1	0	1	0
           631	2024-10-15 17:04:22	1	0	1	0
           556	2024-10-15 17:04:27	1	0	1	0
           460	2024-10-15 17:04:47	1	0	1	0
           453	2024-10-15 17:05:07	1	0	1	0
           374	2024-10-15 17:05:11	1	0	1	0
           493	2024-10-15 17:05:20	1	0	1	0
           196	2024-10-15 17:05:26	1	0	1	0
           632	2024-10-15 17:05:33	1	0	1	0
           640	2024-10-15 17:06:10	1	0	1	0
           227	2024-10-15 17:06:31	1	0	15	0
           361	2024-10-15 17:06:45	1	0	1	0
           265	2024-10-15 17:06:56	1	0	1	0
           637	2024-10-15 17:07:06	1	0	1	0
           417	2024-10-15 17:07:25	1	0	15	0
           476	2024-10-15 17:07:31	1	0	1	0
           119	2024-10-15 17:07:58	1	0	15	0
           355	2024-10-15 17:08:19	1	0	1	0
           370	2024-10-15 17:08:46	1	0	1	0
            38	2024-10-15 17:08:54	1	0	1	0
           606	2024-10-15 17:09:55	1	0	1	0
           399	2024-10-15 17:10:49	1	0	1	0
           236	2024-10-15 17:11:02	1	0	1	0
           184	2024-10-15 17:12:07	1	0	1	0
           337	2024-10-15 17:12:16	1	0	1	0
           655	2024-10-15 17:12:27	1	0	1	0
           121	2024-10-15 17:12:34	1	0	1	0
           658	2024-10-15 17:13:02	1	0	15	0
           288	2024-10-15 17:13:08	1	0	1	0
           513	2024-10-15 17:13:12	1	0	1	0
            73	2024-10-15 17:14:03	1	0	1	0
           601	2024-10-15 17:15:09	1	0	1	0
           403	2024-10-15 17:15:45	1	0	1	0
           444	2024-10-15 17:15:51	1	0	1	0
           635	2024-10-15 17:16:43	1	0	1	0
            69	2024-10-15 17:16:48	1	0	1	0
           404	2024-10-15 17:16:52	1	0	1	0
           314	2024-10-15 17:17:22	1	0	1	0
           573	2024-10-15 17:17:26	1	0	1	0
           579	2024-10-15 17:17:33	1	0	1	0
           502	2024-10-15 17:17:38	1	0	1	0
           575	2024-10-15 17:17:47	1	0	1	0
           105	2024-10-15 17:21:02	1	0	1	0
           408	2024-10-15 17:21:05	1	0	1	0
           338	2024-10-15 17:21:09	1	0	1	0
           434	2024-10-15 17:21:49	1	0	1	0
           648	2024-10-15 17:21:56	1	0	1	0
           467	2024-10-15 17:22:26	1	0	1	0
           205	2024-10-15 17:24:40	1	0	1	0
           583	2024-10-15 17:25:44	1	0	1	0
           132	2024-10-15 17:26:57	1	0	1	0
           252	2024-10-15 17:28:47	1	0	15	0
           125	2024-10-15 17:29:01	1	0	1	0
           520	2024-10-15 17:29:06	1	0	1	0
           363	2024-10-15 17:31:24	1	0	1	0
           350	2024-10-15 17:36:01	1	0	1	0
           335	2024-10-15 17:37:04	1	0	1	0
            83	2024-10-15 17:37:11	1	0	1	0
           465	2024-10-15 17:40:41	1	0	1	0
            75	2024-10-15 17:40:49	1	0	1	0
            55	2024-10-15 17:43:02	1	0	1	0
           182	2024-10-15 17:44:45	1	0	1	0
           398	2024-10-15 17:46:28	1	0	1	0
           492	2024-10-15 17:47:12	1	0	1	0
           586	2024-10-15 17:47:41	1	0	1	0
           562	2024-10-15 18:00:56	1	0	1	0
           183	2024-10-15 18:01:11	1	0	1	0
           485	2024-10-15 18:03:30	1	0	1	0
           645	2024-10-15 18:03:34	1	0	1	0
           259	2024-10-15 18:03:51	1	0	1	0
           623	2024-10-15 18:04:07	1	0	1	0
            40	2024-10-15 18:12:41	1	0	1	0
           398	2024-10-15 18:16:31	1	0	1	0
            87	2024-10-15 18:17:05	1	0	1	0
           414	2024-10-15 18:27:33	1	0	1	0
           114	2024-10-15 18:33:49	1	0	1	0
           275	2024-10-15 18:35:51	1	0	1	0
           206	2024-10-15 18:36:18	1	0	1	0
           541	2024-10-15 18:40:43	1	0	1	0
           516	2024-10-15 19:18:08	1	0	1	0
           200	2024-10-15 20:02:54	1	0	1	0
            95	2024-10-15 20:29:47	1	0	1	0
            39	2024-10-15 20:34:00	1	0	1	0
           305	2024-10-15 22:03:02	1	0	1	0
           567	2024-10-15 22:20:10	1	0	1	0
           124	2024-10-15 23:02:58	1	0	15	0
           398	2024-10-16 05:15:50	1	0	1	0
           114	2024-10-16 05:56:37	1	0	1	0
           337	2024-10-16 06:08:56	1	0	1	0
           123	2024-10-16 06:14:14	1	0	1	0
           119	2024-10-16 06:17:54	1	0	15	0
           632	2024-10-16 06:18:24	1	0	1	0
           196	2024-10-16 06:18:45	1	0	1	0
           646	2024-10-16 06:22:00	1	0	1	0
            37	2024-10-16 06:23:02	1	0	1	0
           305	2024-10-16 06:29:45	1	0	1	0
           387	2024-10-16 06:36:44	1	0	15	0
           645	2024-10-16 06:39:21	1	0	1	0
           465	2024-10-16 06:40:35	1	0	1	0
           259	2024-10-16 06:46:27	1	0	1	0
           422	2024-10-16 06:47:00	1	0	1	0
           413	2024-10-16 06:49:18	1	0	4	0
           546	2024-10-16 06:51:30	1	0	1	0
            88	2024-10-16 06:52:01	1	0	1	0
           184	2024-10-16 06:53:27	1	0	1	0
           146	2024-10-16 06:53:31	1	0	15	0
           375	2024-10-16 06:56:16	1	0	1	0
           314	2024-10-16 06:59:05	1	0	1	0
           460	2024-10-16 07:05:09	1	0	1	0
           511	2024-10-16 07:06:45	1	0	1	0
           582	2024-10-16 07:08:28	1	0	1	0
           115	2024-10-16 07:09:59	1	0	1	0
           523	2024-10-16 07:11:00	1	0	1	0
           303	2024-10-16 07:11:06	1	0	1	0
           366	2024-10-16 07:11:30	1	0	1	0
           631	2024-10-16 07:11:58	1	0	1	0
            86	2024-10-16 07:12:31	1	0	1	0
           573	2024-10-16 07:13:28	1	0	1	0
           637	2024-10-16 07:14:07	1	0	1	0
           643	2024-10-16 07:18:11	1	0	1	0
           601	2024-10-16 07:18:20	1	0	1	0
            77	2024-10-16 07:20:02	1	0	1	0
           227	2024-10-16 07:20:31	1	0	15	0
           579	2024-10-16 07:21:48	1	0	1	0
           581	2024-10-16 07:22:25	1	0	1	0
            39	2024-10-16 07:23:42	1	0	1	0
           360	2024-10-16 07:24:40	1	0	1	0
            27	2024-10-16 07:25:38	1	0	15	0
           453	2024-10-16 07:25:48	1	0	1	0
            55	2024-10-16 07:26:06	1	0	1	0
           493	2024-10-16 07:27:10	1	0	1	0
           355	2024-10-16 07:28:06	1	0	1	0
           101	2024-10-16 07:30:58	1	0	1	0
            93	2024-10-16 07:31:23	1	0	1	0
           444	2024-10-16 07:31:28	1	0	1	0
           434	2024-10-16 07:33:11	1	0	1	0
           182	2024-10-16 07:33:39	1	0	1	0
           541	2024-10-16 07:36:02	1	0	1	0
           183	2024-10-16 07:37:06	1	0	15	0
            70	2024-10-16 07:38:01	1	0	1	0
           200	2024-10-16 07:38:08	1	0	1	0
            53	2024-10-16 07:38:17	1	0	1	0
           660	2024-10-16 07:38:24	1	0	1	0
           640	2024-10-16 07:38:56	1	0	1	0
           476	2024-10-16 07:39:17	1	0	1	0
           467	2024-10-16 07:39:28	1	0	1	0
           397	2024-10-16 07:39:46	1	0	1	0
           648	2024-10-16 07:39:57	1	0	1	0
           331	2024-10-16 07:40:30	1	0	1	0
           556	2024-10-16 07:41:12	1	0	1	0
            83	2024-10-16 07:41:47	1	0	1	0
           399	2024-10-16 07:42:20	1	0	1	0
           408	2024-10-16 07:43:12	1	0	1	0
           125	2024-10-16 07:44:13	1	0	1	0
           529	2024-10-16 07:45:35	1	0	1	0
           265	2024-10-16 07:46:44	1	0	1	0
           492	2024-10-16 07:47:28	1	0	1	0
            69	2024-10-16 07:48:22	1	0	1	0
           404	2024-10-16 07:49:01	1	0	1	0
           370	2024-10-16 07:49:50	1	0	1	0
            73	2024-10-16 07:50:04	1	0	1	0
            38	2024-10-16 07:50:14	1	0	1	0
           502	2024-10-16 07:50:40	1	0	1	0
           374	2024-10-16 07:50:58	1	0	1	0
           635	2024-10-16 07:51:11	1	0	1	0
           205	2024-10-16 07:51:40	1	0	1	0
           604	2024-10-16 07:52:09	1	0	1	0
           194	2024-10-16 07:52:54	1	0	1	0
           288	2024-10-16 07:53:01	1	0	1	0
            87	2024-10-16 07:53:43	1	0	1	0
           575	2024-10-16 07:54:06	1	0	1	0
           586	2024-10-16 07:54:12	1	0	1	0
           403	2024-10-16 07:54:33	1	0	1	0
           338	2024-10-16 07:54:59	1	0	1	0
           655	2024-10-16 07:56:13	1	0	1	0
           623	2024-10-16 07:57:58	1	0	1	0
           312	2024-10-16 07:58:06	1	0	1	0
           513	2024-10-16 07:58:11	1	0	1	0
           593	2024-10-16 07:58:18	1	0	1	0
           516	2024-10-16 07:58:39	1	0	1	0
           417	2024-10-16 07:59:49	1	0	15	0
           361	2024-10-16 07:59:55	1	0	1	0
           414	2024-10-16 08:01:12	1	0	1	0
           121	2024-10-16 08:02:16	1	0	1	0
           363	2024-10-16 08:02:26	1	0	1	0
           520	2024-10-16 08:02:35	1	0	1	0
           350	2024-10-16 08:02:42	1	0	1	0
           562	2024-10-16 08:03:51	1	0	1	0
           132	2024-10-16 08:04:25	1	0	1	0
            40	2024-10-16 08:05:37	1	0	1	0
           583	2024-10-16 08:08:19	1	0	1	0
           236	2024-10-16 08:09:38	1	0	1	0
           206	2024-10-16 08:54:28	1	0	1	0
           275	2024-10-16 08:54:32	1	0	1	0
           252	2024-10-16 08:56:33	1	0	15	0
           485	2024-10-16 09:15:10	1	0	1	0
           460	2024-10-16 11:14:11	1	0	1	0
           366	2024-10-16 11:30:53	1	0	1	0
           643	2024-10-16 11:31:01	1	0	1	0
           646	2024-10-16 11:31:15	1	0	1	0
           123	2024-10-16 11:31:22	1	0	1	0
           387	2024-10-16 11:31:41	1	0	15	0
           460	2024-10-16 11:32:00	1	0	1	0
           582	2024-10-16 11:32:07	1	0	1	0
           422	2024-10-16 11:32:33	1	0	1	0
           360	2024-10-16 11:32:40	1	0	1	0
           581	2024-10-16 11:32:48	1	0	1	0
           632	2024-10-16 11:32:59	1	0	1	0
           227	2024-10-16 11:33:13	1	0	15	0
           119	2024-10-16 11:35:03	1	0	15	0
           314	2024-10-16 11:48:41	1	0	1	0
           546	2024-10-16 11:48:50	1	0	1	0
           115	2024-10-16 11:50:16	1	0	1	0
           236	2024-10-16 11:51:28	1	0	1	0
           337	2024-10-16 11:53:38	1	0	1	0
           573	2024-10-16 11:53:43	1	0	1	0
           579	2024-10-16 11:53:50	1	0	1	0
           360	2024-10-16 11:54:04	1	0	1	0
           366	2024-10-16 11:56:39	1	0	1	0
           123	2024-10-16 11:58:06	1	0	1	0
           632	2024-10-16 11:58:20	1	0	1	0
           581	2024-10-16 12:00:04	1	0	1	0
           387	2024-10-16 12:00:14	1	0	15	0
           422	2024-10-16 12:00:21	1	0	1	0
            40	2024-10-16 12:00:36	1	0	1	0
           635	2024-10-16 12:00:41	1	0	1	0
           604	2024-10-16 12:00:51	1	0	1	0
           520	2024-10-16 12:00:58	1	0	1	0
           125	2024-10-16 12:01:03	1	0	1	0
           397	2024-10-16 12:01:07	1	0	1	0
           660	2024-10-16 12:01:12	1	0	1	0
            69	2024-10-16 12:01:19	1	0	1	0
           374	2024-10-16 12:01:22	1	0	1	0
           404	2024-10-16 12:01:26	1	0	1	0
           444	2024-10-16 12:01:29	1	0	1	0
           640	2024-10-16 12:01:32	1	0	1	0
           476	2024-10-16 12:01:40	1	0	1	0
           562	2024-10-16 12:01:43	1	0	1	0
            27	2024-10-16 12:01:55	1	0	15	0
           453	2024-10-16 12:02:01	1	0	15	0
           556	2024-10-16 12:02:16	1	0	1	0
            83	2024-10-16 12:02:31	1	0	1	0
           414	2024-10-16 12:02:35	1	0	1	0
            53	2024-10-16 12:03:14	1	0	1	0
           132	2024-10-16 12:03:23	1	0	1	0
           275	2024-10-16 12:03:31	1	0	1	0
           350	2024-10-16 12:03:40	1	0	1	0
           265	2024-10-16 12:03:57	1	0	1	0
            77	2024-10-16 12:04:04	1	0	1	0
            38	2024-10-16 12:04:36	1	0	1	0
           583	2024-10-16 12:04:45	1	0	1	0
           398	2024-10-16 12:04:55	1	0	1	0
           631	2024-10-16 12:05:00	1	0	1	0
           655	2024-10-16 12:05:11	1	0	1	0
           434	2024-10-16 12:05:20	1	0	1	0
           413	2024-10-16 12:05:24	1	0	4	0
           259	2024-10-16 12:05:31	1	0	1	0
           637	2024-10-16 12:05:46	1	0	1	0
           593	2024-10-16 12:05:49	1	0	1	0
           511	2024-10-16 12:05:53	1	0	1	0
           623	2024-10-16 12:05:57	1	0	1	0
           417	2024-10-16 12:06:17	1	0	1	0
           467	2024-10-16 12:06:31	1	0	1	0
           101	2024-10-16 12:06:37	1	0	1	0
           546	2024-10-16 12:06:43	1	0	1	0
           314	2024-10-16 12:06:48	1	0	1	0
           492	2024-10-16 12:06:53	1	0	1	0
           516	2024-10-16 12:06:59	1	0	1	0
           119	2024-10-16 12:07:08	1	0	15	0
           541	2024-10-16 12:07:25	1	0	1	0
           403	2024-10-16 12:07:51	1	0	1	0
           149	2024-10-16 12:08:35	1	0	1	0
           493	2024-10-16 12:08:46	1	0	1	0
           573	2024-10-16 12:08:51	1	0	1	0
           337	2024-10-16 12:09:01	1	0	1	0
           579	2024-10-16 12:09:07	1	0	1	0
           200	2024-10-16 12:09:15	1	0	1	0
           146	2024-10-16 12:09:21	1	0	15	0
           465	2024-10-16 12:09:29	1	0	1	0
            39	2024-10-16 12:09:42	1	0	1	0
           121	2024-10-16 12:10:00	1	0	1	0
           586	2024-10-16 12:11:15	1	0	1	0
           648	2024-10-16 12:11:20	1	0	1	0
           288	2024-10-16 12:11:36	1	0	1	0
           502	2024-10-16 12:11:49	1	0	1	0
           194	2024-10-16 12:12:01	1	0	1	0
           355	2024-10-16 12:12:07	1	0	1	0
            55	2024-10-16 12:12:13	1	0	1	0
           523	2024-10-16 12:12:47	1	0	1	0
            87	2024-10-16 12:13:28	1	0	1	0
           183	2024-10-16 12:13:33	1	0	1	0
           331	2024-10-16 12:13:57	1	0	1	0
           601	2024-10-16 12:14:35	1	0	1	0
           575	2024-10-16 12:15:43	1	0	1	0
           236	2024-10-16 12:16:12	1	0	1	0
           404	2024-10-16 12:16:30	1	0	1	0
           312	2024-10-16 12:17:17	1	0	1	0
           206	2024-10-16 12:18:34	1	0	1	0
            77	2024-10-16 12:19:20	1	0	1	0
           335	2024-10-16 12:20:17	1	0	1	0
           303	2024-10-16 12:20:22	1	0	1	0
            53	2024-10-16 12:20:34	1	0	1	0
            88	2024-10-16 12:20:42	1	0	1	0
           370	2024-10-16 12:20:54	1	0	1	0
            93	2024-10-16 12:21:06	1	0	1	0
           511	2024-10-16 12:21:10	1	0	1	0
           623	2024-10-16 12:21:17	1	0	1	0
           529	2024-10-16 12:21:22	1	0	1	0
           631	2024-10-16 12:21:29	1	0	1	0
           375	2024-10-16 12:22:09	1	0	1	0
           361	2024-10-16 12:22:13	1	0	1	0
           363	2024-10-16 12:22:21	1	0	1	0
           399	2024-10-16 12:22:31	1	0	1	0
           562	2024-10-16 12:22:44	1	0	1	0
           583	2024-10-16 12:23:15	1	0	1	0
           101	2024-10-16 12:23:21	1	0	1	0
           556	2024-10-16 12:25:38	1	0	1	0
           492	2024-10-16 12:25:46	1	0	1	0
           516	2024-10-16 12:25:51	1	0	1	0
            69	2024-10-16 12:26:37	1	0	1	0
           646	2024-10-16 12:26:55	1	0	1	0
           146	2024-10-16 12:27:52	1	0	15	0
           414	2024-10-16 12:28:02	1	0	1	0
           541	2024-10-16 12:28:07	1	0	1	0
           374	2024-10-16 12:28:11	1	0	1	0
           465	2024-10-16 12:28:17	1	0	1	0
           338	2024-10-16 12:28:22	1	0	1	0
           655	2024-10-16 12:28:28	1	0	1	0
           288	2024-10-16 12:28:42	1	0	1	0
            55	2024-10-16 12:29:34	1	0	1	0
           604	2024-10-16 12:29:48	1	0	1	0
           520	2024-10-16 12:29:53	1	0	1	0
           125	2024-10-16 12:29:57	1	0	1	0
           275	2024-10-16 12:30:05	1	0	1	0
           205	2024-10-16 12:30:54	1	0	1	0
           513	2024-10-16 12:31:57	1	0	1	0
           121	2024-10-16 12:32:01	1	0	1	0
           408	2024-10-16 12:32:05	1	0	1	0
           184	2024-10-16 12:32:29	1	0	1	0
           252	2024-10-16 12:32:36	1	0	15	0
           236	2024-10-16 12:33:20	1	0	1	0
           194	2024-10-16 12:33:51	1	0	1	0
           453	2024-10-16 12:34:24	1	0	1	0
            27	2024-10-16 12:34:33	1	0	15	0
            87	2024-10-16 12:35:09	1	0	1	0
           331	2024-10-16 12:35:20	1	0	1	0
           637	2024-10-16 12:37:13	1	0	1	0
           635	2024-10-16 12:37:21	1	0	1	0
           586	2024-10-16 12:38:34	1	0	1	0
           648	2024-10-16 12:38:40	1	0	1	0
           350	2024-10-16 12:38:45	1	0	1	0
           200	2024-10-16 12:39:26	1	0	1	0
           601	2024-10-16 12:40:27	1	0	1	0
            88	2024-10-16 12:42:07	1	0	1	0
           183	2024-10-16 12:42:14	1	0	1	0
            93	2024-10-16 12:42:24	1	0	1	0
           370	2024-10-16 12:42:30	1	0	1	0
           413	2024-10-16 12:42:45	1	0	4	0
           375	2024-10-16 12:43:34	1	0	1	0
           338	2024-10-16 12:43:38	1	0	1	0
           361	2024-10-16 12:43:49	1	0	1	0
           363	2024-10-16 12:43:55	1	0	1	0
           476	2024-10-16 12:44:16	1	0	1	0
           149	2024-10-16 12:44:32	1	0	1	0
           403	2024-10-16 12:45:03	1	0	1	0
           397	2024-10-16 12:47:15	1	0	1	0
           660	2024-10-16 12:47:20	1	0	1	0
           259	2024-10-16 12:47:30	1	0	1	0
           493	2024-10-16 12:49:04	1	0	1	0
            83	2024-10-16 12:49:49	1	0	1	0
           206	2024-10-16 12:50:30	1	0	1	0
           398	2024-10-16 12:50:58	1	0	1	0
           467	2024-10-16 12:51:05	1	0	1	0
           114	2024-10-16 12:51:28	1	0	1	0
           355	2024-10-16 12:52:07	1	0	1	0
           523	2024-10-16 12:52:13	1	0	1	0
           303	2024-10-16 12:53:08	1	0	1	0
           252	2024-10-16 12:53:12	1	0	15	0
            39	2024-10-16 12:53:19	1	0	1	0
           444	2024-10-16 12:53:28	1	0	1	0
           640	2024-10-16 12:53:34	1	0	1	0
           335	2024-10-16 12:53:38	1	0	1	0
           205	2024-10-16 12:54:44	1	0	1	0
           434	2024-10-16 12:54:52	1	0	1	0
           643	2024-10-16 12:55:26	1	0	1	0
           184	2024-10-16 12:55:32	1	0	1	0
           529	2024-10-16 12:56:10	1	0	1	0
           132	2024-10-16 12:56:48	1	0	1	0
           399	2024-10-16 12:57:26	1	0	1	0
           417	2024-10-16 12:57:35	1	0	1	0
           575	2024-10-16 12:57:45	1	0	1	0
            40	2024-10-16 12:58:12	1	0	1	0
           502	2024-10-16 12:58:31	1	0	1	0
           312	2024-10-16 12:58:45	1	0	1	0
           485	2024-10-16 13:17:09	1	0	1	0
           485	2024-10-16 13:51:51	1	0	1	0
           124	2024-10-16 13:55:54	1	0	15	0
           305	2024-10-16 15:04:58	1	0	1	0
            70	2024-10-16 16:17:43	1	0	1	0
           413	2024-10-16 16:21:57	1	0	4	0
            88	2024-10-16 16:40:58	1	0	1	0
           303	2024-10-16 17:00:10	1	0	1	0
            93	2024-10-16 17:00:17	1	0	1	0
           581	2024-10-16 17:00:22	1	0	1	0
           460	2024-10-16 17:00:34	1	0	1	0
           366	2024-10-16 17:00:49	1	0	1	0
            53	2024-10-16 17:01:00	1	0	1	0
           149	2024-10-16 17:01:08	1	0	1	0
           146	2024-10-16 17:01:21	1	0	15	0
           350	2024-10-16 17:01:27	1	0	1	0
           660	2024-10-16 17:01:37	1	0	1	0
           387	2024-10-16 17:01:46	1	0	15	0
           422	2024-10-16 17:01:52	1	0	1	0
           562	2024-10-16 17:01:58	1	0	1	0
           601	2024-10-16 17:02:03	1	0	1	0
           643	2024-10-16 17:02:09	1	0	1	0
           631	2024-10-16 17:02:15	1	0	1	0
           397	2024-10-16 17:02:20	1	0	1	0
           101	2024-10-16 17:02:25	1	0	1	0
           493	2024-10-16 17:02:31	1	0	1	0
           646	2024-10-16 17:02:38	1	0	1	0
           123	2024-10-16 17:02:47	1	0	1	0
           375	2024-10-16 17:02:53	1	0	1	0
           360	2024-10-16 17:03:02	1	0	1	0
           121	2024-10-16 17:03:07	1	0	1	0
           582	2024-10-16 17:03:11	1	0	1	0
           182	2024-10-16 17:03:17	1	0	1	0
            77	2024-10-16 17:03:23	1	0	1	0
           453	2024-10-16 17:03:31	1	0	1	0
            86	2024-10-16 17:03:36	1	0	1	0
           632	2024-10-16 17:03:43	1	0	1	0
           523	2024-10-16 17:03:49	1	0	1	0
           115	2024-10-16 17:04:38	1	0	1	0
           184	2024-10-16 17:04:59	1	0	1	0
            38	2024-10-16 17:05:29	1	0	1	0
           637	2024-10-16 17:05:52	1	0	1	0
           227	2024-10-16 17:06:22	1	0	15	0
           374	2024-10-16 17:07:01	1	0	1	0
           399	2024-10-16 17:07:31	1	0	1	0
            87	2024-10-16 17:07:41	1	0	1	0
           337	2024-10-16 17:07:55	1	0	15	0
           502	2024-10-16 17:08:18	1	0	1	0
           645	2024-10-16 17:08:24	1	0	1	0
           370	2024-10-16 17:09:05	1	0	1	0
            27	2024-10-16 17:10:12	1	0	15	0
           575	2024-10-16 17:10:40	1	0	1	0
           331	2024-10-16 17:11:00	1	0	1	0
           604	2024-10-16 17:11:45	1	0	1	0
           236	2024-10-16 17:11:52	1	0	1	0
           635	2024-10-16 17:12:35	1	0	1	0
           105	2024-10-16 17:13:21	1	0	1	0
           403	2024-10-16 17:13:29	1	0	1	0
           476	2024-10-16 17:14:05	1	0	1	0
           361	2024-10-16 17:14:14	1	0	1	0
           417	2024-10-16 17:14:20	1	0	1	0
           265	2024-10-16 17:15:42	1	0	1	0
           529	2024-10-16 17:15:57	1	0	1	0
           132	2024-10-16 17:17:21	1	0	1	0
           640	2024-10-16 17:18:37	1	0	1	0
            83	2024-10-16 17:19:01	1	0	1	0
           648	2024-10-16 17:19:15	1	0	1	0
           593	2024-10-16 17:19:22	1	0	1	0
            69	2024-10-16 17:19:28	1	0	1	0
            73	2024-10-16 17:19:50	1	0	1	0
           511	2024-10-16 17:20:59	1	0	1	0
           434	2024-10-16 17:21:51	1	0	1	0
           338	2024-10-16 17:22:01	1	0	1	0
           404	2024-10-16 17:22:17	1	0	1	0
           355	2024-10-16 17:22:29	1	0	1	0
           513	2024-10-16 17:22:51	1	0	1	0
           194	2024-10-16 17:23:51	1	0	1	0
           114	2024-10-16 17:25:13	1	0	1	0
           444	2024-10-16 17:25:42	1	0	1	0
           408	2024-10-16 17:25:47	1	0	1	0
           312	2024-10-16 17:25:53	1	0	1	0
           520	2024-10-16 17:26:06	1	0	1	0
           583	2024-10-16 17:26:24	1	0	1	0
           465	2024-10-16 17:27:11	1	0	1	0
           586	2024-10-16 17:27:31	1	0	1	0
           196	2024-10-16 17:27:47	1	0	1	0
           119	2024-10-16 17:28:22	1	0	15	0
           183	2024-10-16 17:31:30	1	0	1	0
           573	2024-10-16 17:33:30	1	0	1	0
           579	2024-10-16 17:33:34	1	0	1	0
           314	2024-10-16 17:33:40	1	0	1	0
           259	2024-10-16 17:34:24	1	0	1	0
           363	2024-10-16 17:37:25	1	0	1	0
           467	2024-10-16 17:37:40	1	0	1	0
           335	2024-10-16 17:42:27	1	0	1	0
           205	2024-10-16 17:42:36	1	0	1	0
            55	2024-10-16 17:50:27	1	0	1	0
           556	2024-10-16 17:52:20	1	0	1	0
           252	2024-10-16 17:56:20	1	0	15	0
           398	2024-10-16 17:56:59	1	0	1	0
           485	2024-10-16 17:58:35	1	0	1	0
           546	2024-10-16 17:59:21	1	0	1	0
           492	2024-10-16 18:01:47	1	0	1	0
           288	2024-10-16 18:03:15	1	0	1	0
           206	2024-10-16 18:06:08	1	0	1	0
           275	2024-10-16 18:06:20	1	0	1	0
           541	2024-10-16 18:07:39	1	0	1	0
            95	2024-10-16 18:12:21	1	0	1	0
            39	2024-10-16 18:18:17	1	0	1	0
           623	2024-10-16 18:21:43	1	0	1	0
           200	2024-10-16 18:22:52	1	0	1	0
           655	2024-10-16 18:49:31	1	0	1	0
           125	2024-10-16 19:21:23	1	0	1	0
           620	2024-10-16 21:42:45	1	0	1	0
           567	2024-10-16 21:47:58	1	0	1	0
           124	2024-10-16 22:04:57	1	0	15	0
           516	2024-10-16 22:06:41	1	0	1	0
           414	2024-10-16 22:10:01	1	0	1	0
           305	2024-10-17 05:54:10	1	0	1	0
           337	2024-10-17 05:59:57	1	0	15	0
           567	2024-10-17 06:00:29	1	0	1	0
           123	2024-10-17 06:10:02	1	0	1	0
           196	2024-10-17 06:15:38	1	0	1	0
           119	2024-10-17 06:15:49	1	0	15	0
           632	2024-10-17 06:15:59	1	0	1	0
           645	2024-10-17 06:29:33	1	0	1	0
            88	2024-10-17 06:39:23	1	0	1	0
           124	2024-10-17 06:42:46	1	0	15	0
           387	2024-10-17 06:43:44	1	0	15	0
           422	2024-10-17 06:44:07	1	0	1	0
           546	2024-10-17 06:48:02	1	0	1	0
           573	2024-10-17 06:53:29	1	0	1	0
            75	2024-10-17 06:59:15	1	0	1	0
           413	2024-10-17 07:00:02	1	0	4	0
           460	2024-10-17 07:02:25	1	0	1	0
           366	2024-10-17 07:02:46	1	0	1	0
           314	2024-10-17 07:02:56	1	0	1	0
           620	2024-10-17 07:03:25	1	0	1	0
           631	2024-10-17 07:09:04	1	0	1	0
           187	2024-10-17 07:12:03	1	0	1	0
           643	2024-10-17 07:13:27	1	0	1	0
           184	2024-10-17 07:13:34	1	0	1	0
           146	2024-10-17 07:13:43	1	0	15	0
           581	2024-10-17 07:13:50	1	0	1	0
           227	2024-10-17 07:13:56	1	0	15	0
           303	2024-10-17 07:14:10	1	0	1	0
           149	2024-10-17 07:15:17	1	0	1	0
            86	2024-10-17 07:16:04	1	0	1	0
           646	2024-10-17 07:16:39	1	0	1	0
            93	2024-10-17 07:16:55	1	0	1	0
            27	2024-10-17 07:17:31	1	0	15	0
           453	2024-10-17 07:17:46	1	0	15	0
           493	2024-10-17 07:17:58	1	0	1	0
           434	2024-10-17 07:19:22	1	0	1	0
            77	2024-10-17 07:22:01	1	0	1	0
           637	2024-10-17 07:24:48	1	0	1	0
           101	2024-10-17 07:25:14	1	0	1	0
            53	2024-10-17 07:26:17	1	0	1	0
            39	2024-10-17 07:26:31	1	0	1	0
           115	2024-10-17 07:26:43	1	0	1	0
           414	2024-10-17 07:27:18	1	0	1	0
            55	2024-10-17 07:27:35	1	0	1	0
            37	2024-10-17 07:28:40	1	0	1	0
           541	2024-10-17 07:30:19	1	0	1	0
           444	2024-10-17 07:31:58	1	0	1	0
           492	2024-10-17 07:32:08	1	0	1	0
            95	2024-10-17 07:34:27	1	0	1	0
           556	2024-10-17 07:34:31	1	0	1	0
           579	2024-10-17 07:34:36	1	0	1	0
           397	2024-10-17 07:35:12	1	0	1	0
           399	2024-10-17 07:35:45	1	0	1	0
           601	2024-10-17 07:35:55	1	0	1	0
           523	2024-10-17 07:36:01	1	0	1	0
           265	2024-10-17 07:36:55	1	0	1	0
           355	2024-10-17 07:36:57	1	0	1	0
           182	2024-10-17 07:38:10	1	0	1	0
           467	2024-10-17 07:40:42	1	0	1	0
            83	2024-10-17 07:41:08	1	0	1	0
           335	2024-10-17 07:41:36	1	0	1	0
            69	2024-10-17 07:42:13	1	0	1	0
           640	2024-10-17 07:43:10	1	0	1	0
           655	2024-10-17 07:43:55	1	0	1	0
            70	2024-10-17 07:44:12	1	0	15	0
           183	2024-10-17 07:44:20	1	0	1	0
           338	2024-10-17 07:44:25	1	0	1	0
           635	2024-10-17 07:44:59	1	0	1	0
           660	2024-10-17 07:45:27	1	0	1	0
           582	2024-10-17 07:45:33	1	0	1	0
           465	2024-10-17 07:47:50	1	0	1	0
           502	2024-10-17 07:48:00	1	0	1	0
           360	2024-10-17 07:49:27	1	0	1	0
           586	2024-10-17 07:49:33	1	0	1	0
           350	2024-10-17 07:49:38	1	0	1	0
           604	2024-10-17 07:49:46	1	0	1	0
           125	2024-10-17 07:49:52	1	0	1	0
           370	2024-10-17 07:50:37	1	0	1	0
           648	2024-10-17 07:51:24	1	0	1	0
           623	2024-10-17 07:51:30	1	0	1	0
           259	2024-10-17 07:52:03	1	0	1	0
           105	2024-10-17 07:52:38	1	0	1	0
           404	2024-10-17 07:53:15	1	0	1	0
           205	2024-10-17 07:53:28	1	0	1	0
           374	2024-10-17 07:54:20	1	0	1	0
           132	2024-10-17 07:54:27	1	0	1	0
           408	2024-10-17 07:54:45	1	0	1	0
           403	2024-10-17 07:55:10	1	0	1	0
            73	2024-10-17 07:55:23	1	0	1	0
           520	2024-10-17 07:56:12	1	0	1	0
           114	2024-10-17 07:56:22	1	0	1	0
           121	2024-10-17 07:56:46	1	0	1	0
            87	2024-10-17 07:56:54	1	0	1	0
           331	2024-10-17 07:57:00	1	0	1	0
           194	2024-10-17 07:57:11	1	0	1	0
           288	2024-10-17 07:57:17	1	0	1	0
           513	2024-10-17 07:57:59	1	0	1	0
           361	2024-10-17 07:58:11	1	0	1	0
           575	2024-10-17 07:58:42	1	0	1	0
           583	2024-10-17 07:59:07	1	0	1	0
           312	2024-10-17 08:00:35	1	0	1	0
           529	2024-10-17 08:00:40	1	0	1	0
           516	2024-10-17 08:01:37	1	0	1	0
           236	2024-10-17 08:02:05	1	0	1	0
           511	2024-10-17 08:05:41	1	0	1	0
           593	2024-10-17 08:06:19	1	0	1	0
           417	2024-10-17 08:09:16	1	0	15	0
           398	2024-10-17 08:16:43	1	0	1	0
           485	2024-10-17 08:42:39	1	0	1	0
           206	2024-10-17 08:48:11	1	0	1	0
           275	2024-10-17 08:48:18	1	0	1	0
           252	2024-10-17 09:20:03	1	0	1	0
           363	2024-10-17 09:34:28	1	0	1	0
           460	2024-10-17 11:15:06	1	0	1	0
           581	2024-10-17 11:31:34	1	0	1	0
           632	2024-10-17 11:31:56	1	0	1	0
           643	2024-10-17 11:32:18	1	0	15	0
           366	2024-10-17 11:32:27	1	0	1	0
           360	2024-10-17 11:32:32	1	0	1	0
           387	2024-10-17 11:32:46	1	0	15	0
           119	2024-10-17 11:34:21	1	0	15	0
           196	2024-10-17 11:34:32	1	0	1	0
           460	2024-10-17 11:34:45	1	0	1	0
           422	2024-10-17 11:35:10	1	0	1	0
           582	2024-10-17 11:36:41	1	0	1	0
           227	2024-10-17 11:36:48	1	0	15	0
           123	2024-10-17 11:36:56	1	0	1	0
           646	2024-10-17 11:37:03	1	0	1	0
           115	2024-10-17 11:47:50	1	0	1	0
           337	2024-10-17 11:53:37	1	0	15	0
           360	2024-10-17 11:59:27	1	0	1	0
           581	2024-10-17 12:00:03	1	0	1	0
           556	2024-10-17 12:00:07	1	0	1	0
           196	2024-10-17 12:00:24	1	0	1	0
           632	2024-10-17 12:00:31	1	0	1	0
           422	2024-10-17 12:00:35	1	0	1	0
           387	2024-10-17 12:00:44	1	0	15	0
           413	2024-10-17 12:00:47	1	0	4	0
           119	2024-10-17 12:00:55	1	0	15	0
           350	2024-10-17 12:01:01	1	0	1	0
            53	2024-10-17 12:01:12	1	0	1	0
           397	2024-10-17 12:01:18	1	0	1	0
           660	2024-10-17 12:01:23	1	0	1	0
           121	2024-10-17 12:01:26	1	0	1	0
            75	2024-10-17 12:01:32	1	0	1	0
            37	2024-10-17 12:01:38	1	0	1	0
           465	2024-10-17 12:01:44	1	0	1	0
           414	2024-10-17 12:01:48	1	0	1	0
           374	2024-10-17 12:01:54	1	0	1	0
           631	2024-10-17 12:02:11	1	0	1	0
           194	2024-10-17 12:02:15	1	0	1	0
           288	2024-10-17 12:02:19	1	0	1	0
           404	2024-10-17 12:02:23	1	0	1	0
           635	2024-10-17 12:02:28	1	0	1	0
            95	2024-10-17 12:02:33	1	0	1	0
           335	2024-10-17 12:02:37	1	0	1	0
           105	2024-10-17 12:02:40	1	0	1	0
           403	2024-10-17 12:02:47	1	0	1	0
           640	2024-10-17 12:03:12	1	0	1	0
           444	2024-10-17 12:03:15	1	0	1	0
           370	2024-10-17 12:03:20	1	0	1	0
           513	2024-10-17 12:03:26	1	0	1	0
            69	2024-10-17 12:03:44	1	0	1	0
            83	2024-10-17 12:03:53	1	0	1	0
           655	2024-10-17 12:03:57	1	0	1	0
           236	2024-10-17 12:04:27	1	0	1	0
           101	2024-10-17 12:04:42	1	0	1	0
           366	2024-10-17 12:05:10	1	0	1	0
           115	2024-10-17 12:05:54	1	0	1	0
           583	2024-10-17 12:07:29	1	0	1	0
           434	2024-10-17 12:07:34	1	0	1	0
           146	2024-10-17 12:07:40	1	0	15	0
            87	2024-10-17 12:07:57	1	0	1	0
           205	2024-10-17 12:08:03	1	0	1	0
           259	2024-10-17 12:08:16	1	0	1	0
           265	2024-10-17 12:08:43	1	0	1	0
            77	2024-10-17 12:08:48	1	0	1	0
           601	2024-10-17 12:09:32	1	0	1	0
           182	2024-10-17 12:09:42	1	0	15	0
           492	2024-10-17 12:09:49	1	0	1	0
           275	2024-10-17 12:09:56	1	0	1	0
           623	2024-10-17 12:09:59	1	0	1	0
           502	2024-10-17 12:10:07	1	0	1	0
           593	2024-10-17 12:10:16	1	0	1	0
           523	2024-10-17 12:10:22	1	0	1	0
           511	2024-10-17 12:10:26	1	0	1	0
           355	2024-10-17 12:10:30	1	0	1	0
           643	2024-10-17 12:11:23	1	0	1	0
           646	2024-10-17 12:11:30	1	0	1	0
           123	2024-10-17 12:11:45	1	0	1	0
           562	2024-10-17 12:11:49	1	0	1	0
           573	2024-10-17 12:11:54	1	0	1	0
           337	2024-10-17 12:12:11	1	0	15	0
           149	2024-10-17 12:12:30	1	0	1	0
           312	2024-10-17 12:12:37	1	0	1	0
           314	2024-10-17 12:13:21	1	0	1	0
           579	2024-10-17 12:13:26	1	0	1	0
           467	2024-10-17 12:13:31	1	0	1	0
           546	2024-10-17 12:13:36	1	0	1	0
           637	2024-10-17 12:13:42	1	0	1	0
           453	2024-10-17 12:13:48	1	0	1	0
           648	2024-10-17 12:16:01	1	0	1	0
           586	2024-10-17 12:16:05	1	0	1	0
           516	2024-10-17 12:16:56	1	0	1	0
           361	2024-10-17 12:17:11	1	0	1	0
           363	2024-10-17 12:17:16	1	0	1	0
           417	2024-10-17 12:17:24	1	0	15	0
            53	2024-10-17 12:17:42	1	0	1	0
            37	2024-10-17 12:17:50	1	0	1	0
           397	2024-10-17 12:17:54	1	0	1	0
           660	2024-10-17 12:18:03	1	0	1	0
           374	2024-10-17 12:18:08	1	0	1	0
           403	2024-10-17 12:18:14	1	0	1	0
           132	2024-10-17 12:18:23	1	0	1	0
           575	2024-10-17 12:18:37	1	0	1	0
           105	2024-10-17 12:18:51	1	0	1	0
           414	2024-10-17 12:19:12	1	0	1	0
           465	2024-10-17 12:19:19	1	0	1	0
           655	2024-10-17 12:19:31	1	0	1	0
           252	2024-10-17 12:19:47	1	0	15	0
            39	2024-10-17 12:20:23	1	0	1	0
           413	2024-10-17 12:20:30	1	0	4	0
            75	2024-10-17 12:20:36	1	0	1	0
           288	2024-10-17 12:23:14	1	0	1	0
           146	2024-10-17 12:23:23	1	0	15	0
            55	2024-10-17 12:23:32	1	0	1	0
           434	2024-10-17 12:23:38	1	0	1	0
           205	2024-10-17 12:23:59	1	0	1	0
           265	2024-10-17 12:24:06	1	0	1	0
            88	2024-10-17 12:24:12	1	0	1	0
            93	2024-10-17 12:24:22	1	0	1	0
           399	2024-10-17 12:24:28	1	0	1	0
            77	2024-10-17 12:24:36	1	0	1	0
           335	2024-10-17 12:24:45	1	0	1	0
            95	2024-10-17 12:24:53	1	0	1	0
            83	2024-10-17 12:24:59	1	0	1	0
           604	2024-10-17 12:25:29	1	0	1	0
           529	2024-10-17 12:25:35	1	0	1	0
           125	2024-10-17 12:25:41	1	0	1	0
           520	2024-10-17 12:25:50	1	0	1	0
           583	2024-10-17 12:25:55	1	0	1	0
           541	2024-10-17 12:26:32	1	0	1	0
            73	2024-10-17 12:28:23	1	0	1	0
           546	2024-10-17 12:28:47	1	0	1	0
           467	2024-10-17 12:28:54	1	0	1	0
           314	2024-10-17 12:29:00	1	0	1	0
           579	2024-10-17 12:29:05	1	0	1	0
           206	2024-10-17 12:29:12	1	0	1	0
           303	2024-10-17 12:30:10	1	0	1	0
            69	2024-10-17 12:30:17	1	0	1	0
           492	2024-10-17 12:33:26	1	0	1	0
           101	2024-10-17 12:33:31	1	0	1	0
           516	2024-10-17 12:33:59	1	0	1	0
           361	2024-10-17 12:34:04	1	0	1	0
           417	2024-10-17 12:34:12	1	0	15	0
           363	2024-10-17 12:34:18	1	0	1	0
           331	2024-10-17 12:34:27	1	0	1	0
           502	2024-10-17 12:34:47	1	0	1	0
           236	2024-10-17 12:36:10	1	0	1	0
           259	2024-10-17 12:36:25	1	0	1	0
           194	2024-10-17 12:36:36	1	0	1	0
           408	2024-10-17 12:36:40	1	0	1	0
           312	2024-10-17 12:36:43	1	0	1	0
           338	2024-10-17 12:36:47	1	0	1	0
           513	2024-10-17 12:36:53	1	0	1	0
           370	2024-10-17 12:36:57	1	0	1	0
            55	2024-10-17 12:39:52	1	0	1	0
           556	2024-10-17 12:40:09	1	0	1	0
           635	2024-10-17 12:40:31	1	0	1	0
           529	2024-10-17 12:40:51	1	0	1	0
           520	2024-10-17 12:40:55	1	0	1	0
           125	2024-10-17 12:41:01	1	0	1	0
           604	2024-10-17 12:41:07	1	0	1	0
           637	2024-10-17 12:41:32	1	0	1	0
           631	2024-10-17 12:41:38	1	0	1	0
           350	2024-10-17 12:41:51	1	0	1	0
           252	2024-10-17 12:41:59	1	0	15	0
           562	2024-10-17 12:42:31	1	0	1	0
           121	2024-10-17 12:42:34	1	0	1	0
           275	2024-10-17 12:43:37	1	0	1	0
           182	2024-10-17 12:43:42	1	0	1	0
            93	2024-10-17 12:43:49	1	0	1	0
            39	2024-10-17 12:43:55	1	0	1	0
            87	2024-10-17 12:44:06	1	0	1	0
           573	2024-10-17 12:45:22	1	0	1	0
           575	2024-10-17 12:46:52	1	0	1	0
           303	2024-10-17 12:48:05	1	0	1	0
           648	2024-10-17 12:48:25	1	0	1	0
           586	2024-10-17 12:48:37	1	0	1	0
           541	2024-10-17 12:49:18	1	0	1	0
           206	2024-10-17 12:49:37	1	0	1	0
            88	2024-10-17 12:51:37	1	0	1	0
           355	2024-10-17 12:51:47	1	0	1	0
           523	2024-10-17 12:51:52	1	0	1	0
           399	2024-10-17 12:52:01	1	0	1	0
           408	2024-10-17 12:52:53	1	0	1	0
           338	2024-10-17 12:52:56	1	0	1	0
           593	2024-10-17 12:53:54	1	0	1	0
           623	2024-10-17 12:53:58	1	0	1	0
           511	2024-10-17 12:54:02	1	0	1	0
           601	2024-10-17 12:54:18	1	0	1	0
            40	2024-10-17 12:56:23	1	0	1	0
           640	2024-10-17 12:57:47	1	0	1	0
           444	2024-10-17 12:57:53	1	0	1	0
           404	2024-10-17 12:58:00	1	0	1	0
           132	2024-10-17 13:00:05	1	0	1	0
           485	2024-10-17 13:04:48	1	0	1	0
           485	2024-10-17 13:54:28	1	0	1	0
           305	2024-10-17 14:05:47	1	0	1	0
           567	2024-10-17 14:45:17	1	0	1	0
           124	2024-10-17 15:05:49	1	0	15	0
            70	2024-10-17 16:05:49	1	0	1	0
           413	2024-10-17 16:25:08	1	0	4	0
            88	2024-10-17 16:39:47	1	0	1	0
           460	2024-10-17 16:56:34	1	0	1	0
           397	2024-10-17 17:00:03	1	0	1	0
           422	2024-10-17 17:00:08	1	0	1	0
           387	2024-10-17 17:00:15	1	0	15	0
           581	2024-10-17 17:00:20	1	0	1	0
           562	2024-10-17 17:00:23	1	0	1	0
           660	2024-10-17 17:00:27	1	0	1	0
           523	2024-10-17 17:00:32	1	0	1	0
           187	2024-10-17 17:00:40	1	0	1	0
            73	2024-10-17 17:00:49	1	0	1	0
           146	2024-10-17 17:01:05	1	0	15	0
            37	2024-10-17 17:01:17	1	0	1	0
           236	2024-10-17 17:01:26	1	0	1	0
           182	2024-10-17 17:01:31	1	0	1	0
            53	2024-10-17 17:01:38	1	0	1	0
           404	2024-10-17 17:01:44	1	0	1	0
           366	2024-10-17 17:01:49	1	0	1	0
           149	2024-10-17 17:01:56	1	0	1	0
           303	2024-10-17 17:02:11	1	0	1	0
            86	2024-10-17 17:02:32	1	0	1	0
           582	2024-10-17 17:02:37	1	0	1	0
           635	2024-10-17 17:02:44	1	0	1	0
           631	2024-10-17 17:02:49	1	0	1	0
           350	2024-10-17 17:03:00	1	0	1	0
           646	2024-10-17 17:03:17	1	0	1	0
           227	2024-10-17 17:03:35	1	0	15	0
           361	2024-10-17 17:03:41	1	0	1	0
            93	2024-10-17 17:03:47	1	0	1	0
           643	2024-10-17 17:03:57	1	0	1	0
            77	2024-10-17 17:04:04	1	0	1	0
           123	2024-10-17 17:04:10	1	0	1	0
           632	2024-10-17 17:04:18	1	0	1	0
           101	2024-10-17 17:04:23	1	0	1	0
           370	2024-10-17 17:04:29	1	0	1	0
           115	2024-10-17 17:04:37	1	0	1	0
           601	2024-10-17 17:04:42	1	0	1	0
           645	2024-10-17 17:04:47	1	0	1	0
           513	2024-10-17 17:04:50	1	0	1	0
           259	2024-10-17 17:04:55	1	0	1	0
            27	2024-10-17 17:05:13	1	0	15	0
           604	2024-10-17 17:05:20	1	0	1	0
           520	2024-10-17 17:05:30	1	0	1	0
           493	2024-10-17 17:05:59	1	0	1	0
           453	2024-10-17 17:06:26	1	0	1	0
           196	2024-10-17 17:06:39	1	0	1	0
            87	2024-10-17 17:07:51	1	0	1	0
           529	2024-10-17 17:07:54	1	0	1	0
           374	2024-10-17 17:08:25	1	0	1	0
           403	2024-10-17 17:09:05	1	0	1	0
           121	2024-10-17 17:09:14	1	0	1	0
           399	2024-10-17 17:10:50	1	0	1	0
           648	2024-10-17 17:10:56	1	0	1	0
           586	2024-10-17 17:11:03	1	0	1	0
           119	2024-10-17 17:11:31	1	0	15	0
           132	2024-10-17 17:11:54	1	0	1	0
           337	2024-10-17 17:12:08	1	0	15	0
           125	2024-10-17 17:12:49	1	0	1	0
           434	2024-10-17 17:15:00	1	0	1	0
           355	2024-10-17 17:15:05	1	0	1	0
           583	2024-10-17 17:15:36	1	0	1	0
           398	2024-10-17 17:16:06	1	0	15	0
            69	2024-10-17 17:18:11	1	0	1	0
           265	2024-10-17 17:20:10	1	0	1	0
           640	2024-10-17 17:21:23	1	0	1	0
           573	2024-10-17 17:25:09	1	0	1	0
            95	2024-10-17 17:27:19	1	0	1	0
           338	2024-10-17 17:28:11	1	0	1	0
           417	2024-10-17 17:32:16	1	0	15	0
            55	2024-10-17 17:33:43	1	0	1	0
           105	2024-10-17 17:39:48	1	0	1	0
           546	2024-10-17 17:40:59	1	0	1	0
           335	2024-10-17 17:45:48	1	0	1	0
            83	2024-10-17 17:46:11	1	0	1	0
           637	2024-10-17 17:50:06	1	0	1	0
           502	2024-10-17 17:51:09	1	0	1	0
           467	2024-10-17 17:51:27	1	0	1	0
           314	2024-10-17 17:51:32	1	0	1	0
           579	2024-10-17 17:51:36	1	0	1	0
           408	2024-10-17 17:53:40	1	0	1	0
           360	2024-10-17 18:00:08	1	0	1	0
           541	2024-10-17 18:01:46	1	0	1	0
           312	2024-10-17 18:04:52	1	0	1	0
           485	2024-10-17 18:13:31	1	0	1	0
           556	2024-10-17 18:14:51	1	0	1	0
           205	2024-10-17 18:15:58	1	0	1	0
           252	2024-10-17 18:16:29	1	0	15	0
           114	2024-10-17 18:23:17	1	0	1	0
           206	2024-10-17 18:26:26	1	0	1	0
           275	2024-10-17 18:26:35	1	0	1	0
           363	2024-10-17 18:39:37	1	0	1	0
           288	2024-10-17 18:41:58	1	0	1	0
           194	2024-10-17 18:42:20	1	0	1	0
           444	2024-10-17 18:47:36	1	0	1	0
           623	2024-10-17 18:53:15	1	0	1	0
           418	2024-10-17 19:21:33	1	0	1	0
           593	2024-10-17 19:51:08	1	0	1	0
           511	2024-10-17 19:51:11	1	0	1	0
           620	2024-10-17 20:26:12	1	0	1	0
            39	2024-10-17 20:36:43	1	0	1	0
           655	2024-10-17 21:55:32	1	0	1	0
           516	2024-10-17 22:08:48	1	0	1	0
           414	2024-10-17 22:11:23	1	0	1	0
           492	2024-10-17 22:31:31	1	0	1	0
           465	2024-10-17 22:37:39	1	0	1	0
            75	2024-10-17 22:37:48	1	0	1	0
           567	2024-10-17 23:06:31	1	0	1	0
           620	2024-10-18 06:05:04	1	0	1	0
           124	2024-10-18 06:05:46	1	0	15	0
           337	2024-10-18 06:12:40	1	0	15	0
           646	2024-10-18 06:13:10	1	0	1	0
           123	2024-10-18 06:16:06	1	0	1	0
           196	2024-10-18 06:23:47	1	0	1	0
           632	2024-10-18 06:24:40	1	0	1	0
           422	2024-10-18 06:33:49	1	0	1	0
           387	2024-10-18 06:42:13	1	0	15	0
           398	2024-10-18 06:45:38	1	0	1	0
           645	2024-10-18 06:50:21	1	0	1	0
           660	2024-10-18 06:55:52	1	0	1	0
           659	2024-10-18 06:56:11	1	0	1	0
           227	2024-10-18 06:56:48	1	0	15	0
            88	2024-10-18 06:56:55	1	0	1	0
            39	2024-10-18 06:57:16	1	0	1	0
           562	2024-10-18 06:58:04	1	0	1	0
           606	2024-10-18 06:58:21	1	0	1	0
           413	2024-10-18 06:58:42	1	0	4	0
           418	2024-10-18 07:00:18	1	0	1	0
           366	2024-10-18 07:01:32	1	0	1	0
           546	2024-10-18 07:02:30	1	0	1	0
           582	2024-10-18 07:03:03	1	0	1	0
            95	2024-10-18 07:08:24	1	0	1	0
           184	2024-10-18 07:09:18	1	0	1	0
           146	2024-10-18 07:09:23	1	0	15	0
           631	2024-10-18 07:09:58	1	0	1	0
           573	2024-10-18 07:13:16	1	0	1	0
           465	2024-10-18 07:13:31	1	0	1	0
            75	2024-10-18 07:13:46	1	0	1	0
           101	2024-10-18 07:15:29	1	0	1	0
           314	2024-10-18 07:15:37	1	0	1	0
           149	2024-10-18 07:16:10	1	0	1	0
           581	2024-10-18 07:16:20	1	0	1	0
           434	2024-10-18 07:17:13	1	0	1	0
           643	2024-10-18 07:20:07	1	0	1	0
            77	2024-10-18 07:23:36	1	0	1	0
           516	2024-10-18 07:25:07	1	0	1	0
            27	2024-10-18 07:27:28	1	0	15	0
           453	2024-10-18 07:27:48	1	0	1	0
           492	2024-10-18 07:29:53	1	0	1	0
           355	2024-10-18 07:31:06	1	0	1	0
           259	2024-10-18 07:33:11	1	0	1	0
           375	2024-10-18 07:33:53	1	0	1	0
           303	2024-10-18 07:34:02	1	0	1	0
           579	2024-10-18 07:34:10	1	0	1	0
            86	2024-10-18 07:34:18	1	0	1	0
           476	2024-10-18 07:35:18	1	0	1	0
           182	2024-10-18 07:35:44	1	0	1	0
           523	2024-10-18 07:36:03	1	0	1	0
           640	2024-10-18 07:36:51	1	0	1	0
           637	2024-10-18 07:36:56	1	0	1	0
           105	2024-10-18 07:37:13	1	0	1	0
           338	2024-10-18 07:37:19	1	0	1	0
           404	2024-10-18 07:38:14	1	0	1	0
           125	2024-10-18 07:38:26	1	0	1	0
           335	2024-10-18 07:38:53	1	0	1	0
           265	2024-10-18 07:40:07	1	0	1	0
           444	2024-10-18 07:40:29	1	0	1	0
           655	2024-10-18 07:42:03	1	0	1	0
            69	2024-10-18 07:42:10	1	0	1	0
           601	2024-10-18 07:42:16	1	0	1	0
           397	2024-10-18 07:42:27	1	0	1	0
           541	2024-10-18 07:43:56	1	0	1	0
           408	2024-10-18 07:45:15	1	0	1	0
            73	2024-10-18 07:46:15	1	0	1	0
           493	2024-10-18 07:46:30	1	0	1	0
            83	2024-10-18 07:46:51	1	0	1	0
           593	2024-10-18 07:47:02	1	0	1	0
           513	2024-10-18 07:48:20	1	0	1	0
           648	2024-10-18 07:48:34	1	0	1	0
           583	2024-10-18 07:48:38	1	0	1	0
            53	2024-10-18 07:48:47	1	0	1	0
           350	2024-10-18 07:50:27	1	0	1	0
            70	2024-10-18 07:51:17	1	0	1	0
           467	2024-10-18 07:51:28	1	0	1	0
           502	2024-10-18 07:51:38	1	0	1	0
           556	2024-10-18 07:51:50	1	0	1	0
           604	2024-10-18 07:52:31	1	0	1	0
           370	2024-10-18 07:52:46	1	0	1	0
           374	2024-10-18 07:52:57	1	0	1	0
           288	2024-10-18 07:53:02	1	0	1	0
           194	2024-10-18 07:53:05	1	0	1	0
           529	2024-10-18 07:54:05	1	0	1	0
            74	2024-10-18 07:54:38	1	0	1	0
           236	2024-10-18 07:55:08	1	0	1	0
           132	2024-10-18 07:55:16	1	0	1	0
           586	2024-10-18 07:55:41	1	0	1	0
            55	2024-10-18 07:55:50	1	0	1	0
           414	2024-10-18 07:56:12	1	0	1	0
           399	2024-10-18 07:56:44	1	0	1	0
           635	2024-10-18 07:57:31	1	0	1	0
           121	2024-10-18 07:58:05	1	0	1	0
           623	2024-10-18 07:58:13	1	0	1	0
           417	2024-10-18 07:58:40	1	0	1	0
           361	2024-10-18 08:00:13	1	0	1	0
           205	2024-10-18 08:01:01	1	0	1	0
           403	2024-10-18 08:02:54	1	0	1	0
           114	2024-10-18 08:03:36	1	0	1	0
           520	2024-10-18 08:03:39	1	0	1	0
           312	2024-10-18 08:11:03	1	0	1	0
           511	2024-10-18 08:12:00	1	0	1	0
           485	2024-10-18 08:38:25	1	0	1	0
            87	2024-10-18 08:45:34	1	0	1	0
           275	2024-10-18 08:46:26	1	0	1	0
           206	2024-10-18 08:46:32	1	0	1	0
           643	2024-10-18 11:30:41	1	0	15	0
           366	2024-10-18 11:31:03	1	0	1	0
           422	2024-10-18 11:31:42	1	0	1	0
           581	2024-10-18 11:32:12	1	0	1	0
           632	2024-10-18 11:32:24	1	0	1	0
           387	2024-10-18 11:32:45	1	0	15	0
           646	2024-10-18 11:34:18	1	0	1	0
           582	2024-10-18 11:36:01	1	0	1	0
           123	2024-10-18 11:36:09	1	0	1	0
           196	2024-10-18 11:36:15	1	0	1	0
           337	2024-10-18 11:50:03	1	0	15	0
           314	2024-10-18 11:54:13	1	0	1	0
           573	2024-10-18 11:54:16	1	0	1	0
           553	2024-10-18 11:54:24	1	0	1	0
           579	2024-10-18 11:54:30	1	0	1	0
           123	2024-10-18 11:58:16	1	0	1	0
           632	2024-10-18 11:58:32	1	0	1	0
           582	2024-10-18 11:58:52	1	0	1	0
           414	2024-10-18 11:59:19	1	0	1	0
           646	2024-10-18 11:59:46	1	0	1	0
           444	2024-10-18 12:00:05	1	0	1	0
           404	2024-10-18 12:00:08	1	0	1	0
            75	2024-10-18 12:00:14	1	0	1	0
           194	2024-10-18 12:00:21	1	0	1	0
           640	2024-10-18 12:00:25	1	0	1	0
           366	2024-10-18 12:00:33	1	0	1	0
           581	2024-10-18 12:00:40	1	0	1	0
           387	2024-10-18 12:00:45	1	0	15	0
            69	2024-10-18 12:00:51	1	0	1	0
           422	2024-10-18 12:00:56	1	0	1	0
           196	2024-10-18 12:01:01	1	0	1	0
            53	2024-10-18 12:01:09	1	0	1	0
           132	2024-10-18 12:01:16	1	0	1	0
           205	2024-10-18 12:01:25	1	0	1	0
           434	2024-10-18 12:01:33	1	0	1	0
           465	2024-10-18 12:01:53	1	0	1	0
           655	2024-10-18 12:02:00	1	0	1	0
           606	2024-10-18 12:02:06	1	0	1	0
           467	2024-10-18 12:02:11	1	0	1	0
           556	2024-10-18 12:02:16	1	0	1	0
           397	2024-10-18 12:02:20	1	0	1	0
           637	2024-10-18 12:02:24	1	0	1	0
           374	2024-10-18 12:02:30	1	0	1	0
           601	2024-10-18 12:02:35	1	0	1	0
           252	2024-10-18 12:02:41	1	0	15	0
           511	2024-10-18 12:02:47	1	0	1	0
           520	2024-10-18 12:02:50	1	0	1	0
           604	2024-10-18 12:02:59	1	0	1	0
           125	2024-10-18 12:03:04	1	0	1	0
           635	2024-10-18 12:03:09	1	0	1	0
           236	2024-10-18 12:03:30	1	0	1	0
           593	2024-10-18 12:03:43	1	0	1	0
           350	2024-10-18 12:03:49	1	0	1	0
           259	2024-10-18 12:04:18	1	0	1	0
           182	2024-10-18 12:04:31	1	0	1	0
           361	2024-10-18 12:04:37	1	0	1	0
           375	2024-10-18 12:04:42	1	0	1	0
           265	2024-10-18 12:05:29	1	0	1	0
            77	2024-10-18 12:05:32	1	0	1	0
            74	2024-10-18 12:05:39	1	0	1	0
           335	2024-10-18 12:05:43	1	0	1	0
           631	2024-10-18 12:05:53	1	0	1	0
           337	2024-10-18 12:06:04	1	0	15	0
           529	2024-10-18 12:06:12	1	0	1	0
           476	2024-10-18 12:06:26	1	0	1	0
           303	2024-10-18 12:06:50	1	0	1	0
            88	2024-10-18 12:06:57	1	0	1	0
           370	2024-10-18 12:07:02	1	0	1	0
            55	2024-10-18 12:07:14	1	0	1	0
           146	2024-10-18 12:07:27	1	0	15	0
            27	2024-10-18 12:07:40	1	0	15	0
           493	2024-10-18 12:07:46	1	0	1	0
           453	2024-10-18 12:07:54	1	0	1	0
            86	2024-10-18 12:08:23	1	0	1	0
           149	2024-10-18 12:08:31	1	0	1	0
           101	2024-10-18 12:08:46	1	0	1	0
            73	2024-10-18 12:09:14	1	0	1	0
           502	2024-10-18 12:09:34	1	0	1	0
           403	2024-10-18 12:10:09	1	0	1	0
           573	2024-10-18 12:10:17	1	0	1	0
           275	2024-10-18 12:10:21	1	0	15	0
           314	2024-10-18 12:10:35	1	0	1	0
           338	2024-10-18 12:11:55	1	0	1	0
           408	2024-10-18 12:12:03	1	0	1	0
           513	2024-10-18 12:12:05	1	0	1	0
           643	2024-10-18 12:12:14	1	0	1	0
           579	2024-10-18 12:12:27	1	0	1	0
           288	2024-10-18 12:12:32	1	0	1	0
           648	2024-10-18 12:12:36	1	0	1	0
           586	2024-10-18 12:12:41	1	0	1	0
           623	2024-10-18 12:12:47	1	0	1	0
           121	2024-10-18 12:12:51	1	0	1	0
           516	2024-10-18 12:13:07	1	0	1	0
           492	2024-10-18 12:13:12	1	0	1	0
           114	2024-10-18 12:14:04	1	0	1	0
           312	2024-10-18 12:14:52	1	0	1	0
            87	2024-10-18 12:15:37	1	0	1	0
           355	2024-10-18 12:16:08	1	0	1	0
           523	2024-10-18 12:18:00	1	0	1	0
           511	2024-10-18 12:18:07	1	0	1	0
           655	2024-10-18 12:18:27	1	0	1	0
           467	2024-10-18 12:18:34	1	0	1	0
           374	2024-10-18 12:18:37	1	0	1	0
           399	2024-10-18 12:18:45	1	0	1	0
           593	2024-10-18 12:19:04	1	0	1	0
           465	2024-10-18 12:19:14	1	0	1	0
           414	2024-10-18 12:19:50	1	0	1	0
           259	2024-10-18 12:20:38	1	0	1	0
           265	2024-10-18 12:20:45	1	0	1	0
            77	2024-10-18 12:20:54	1	0	1	0
           601	2024-10-18 12:20:59	1	0	1	0
           375	2024-10-18 12:21:07	1	0	1	0
           361	2024-10-18 12:21:11	1	0	1	0
            75	2024-10-18 12:21:18	1	0	1	0
           335	2024-10-18 12:21:23	1	0	1	0
           583	2024-10-18 12:22:18	1	0	1	0
            55	2024-10-18 12:22:41	1	0	1	0
           146	2024-10-18 12:23:47	1	0	15	0
           206	2024-10-18 12:24:03	1	0	1	0
           413	2024-10-18 12:24:06	1	0	4	0
           194	2024-10-18 12:24:47	1	0	1	0
           252	2024-10-18 12:24:50	1	0	15	0
            83	2024-10-18 12:26:22	1	0	1	0
           606	2024-10-18 12:26:27	1	0	1	0
           236	2024-10-18 12:26:44	1	0	1	0
           492	2024-10-18 12:28:57	1	0	1	0
           516	2024-10-18 12:29:19	1	0	1	0
           275	2024-10-18 12:29:28	1	0	1	0
           182	2024-10-18 12:29:35	1	0	1	0
           370	2024-10-18 12:31:50	1	0	1	0
            88	2024-10-18 12:31:56	1	0	1	0
           312	2024-10-18 12:32:06	1	0	1	0
           398	2024-10-18 12:33:03	1	0	1	0
           114	2024-10-18 12:33:32	1	0	1	0
           502	2024-10-18 12:35:14	1	0	1	0
           338	2024-10-18 12:35:22	1	0	1	0
           476	2024-10-18 12:35:42	1	0	1	0
           623	2024-10-18 12:36:04	1	0	1	0
           513	2024-10-18 12:37:14	1	0	1	0
           631	2024-10-18 12:37:38	1	0	1	0
           355	2024-10-18 12:38:14	1	0	1	0
           583	2024-10-18 12:38:24	1	0	1	0
           648	2024-10-18 12:38:30	1	0	1	0
           586	2024-10-18 12:38:35	1	0	1	0
           403	2024-10-18 12:38:45	1	0	1	0
           408	2024-10-18 12:38:49	1	0	1	0
           413	2024-10-18 12:39:11	1	0	4	0
            69	2024-10-18 12:40:12	1	0	1	0
            27	2024-10-18 12:41:11	1	0	15	0
           453	2024-10-18 12:41:18	1	0	1	0
           493	2024-10-18 12:41:25	1	0	1	0
            86	2024-10-18 12:41:30	1	0	1	0
           417	2024-10-18 12:41:37	1	0	1	0
           121	2024-10-18 12:41:48	1	0	1	0
           637	2024-10-18 12:42:03	1	0	1	0
           101	2024-10-18 12:42:35	1	0	1	0
           303	2024-10-18 12:43:08	1	0	1	0
           149	2024-10-18 12:43:14	1	0	1	0
           635	2024-10-18 12:43:50	1	0	1	0
           523	2024-10-18 12:44:18	1	0	1	0
           604	2024-10-18 12:44:57	1	0	1	0
           520	2024-10-18 12:45:02	1	0	1	0
           125	2024-10-18 12:45:17	1	0	1	0
           397	2024-10-18 12:46:13	1	0	1	0
           288	2024-10-18 12:48:56	1	0	1	0
            87	2024-10-18 12:50:10	1	0	1	0
           206	2024-10-18 12:50:43	1	0	1	0
           399	2024-10-18 12:51:56	1	0	1	0
            83	2024-10-18 12:53:03	1	0	1	0
            73	2024-10-18 12:53:36	1	0	1	0
           132	2024-10-18 12:55:06	1	0	1	0
           205	2024-10-18 12:55:16	1	0	1	0
           434	2024-10-18 12:55:23	1	0	1	0
           529	2024-10-18 12:55:30	1	0	1	0
           640	2024-10-18 12:56:39	1	0	1	0
           417	2024-10-18 12:58:08	1	0	15	0
           444	2024-10-18 12:59:27	1	0	1	0
           404	2024-10-18 13:00:25	1	0	1	0
           485	2024-10-18 13:25:01	1	0	1	0
           567	2024-10-18 13:43:08	1	0	1	0
           485	2024-10-18 13:57:40	1	0	1	0
           620	2024-10-18 14:08:28	1	0	1	0
           124	2024-10-18 14:19:44	1	0	15	0
            70	2024-10-18 16:05:42	1	0	1	0
           413	2024-10-18 16:22:21	1	0	4	0
           387	2024-10-18 17:00:14	1	0	15	0
            55	2024-10-18 17:00:21	1	0	1	0
           581	2024-10-18 17:00:25	1	0	1	0
            53	2024-10-18 17:00:32	1	0	1	0
           422	2024-10-18 17:00:37	1	0	1	0
           146	2024-10-18 17:00:44	1	0	15	0
           556	2024-10-18 17:00:50	1	0	1	0
           397	2024-10-18 17:00:54	1	0	1	0
           350	2024-10-18 17:00:58	1	0	1	0
           182	2024-10-18 17:01:05	1	0	1	0
           660	2024-10-18 17:01:12	1	0	1	0
           659	2024-10-18 17:01:23	1	0	1	0
           562	2024-10-18 17:01:29	1	0	1	0
           366	2024-10-18 17:01:33	1	0	1	0
           375	2024-10-18 17:01:44	1	0	1	0
           149	2024-10-18 17:02:06	1	0	1	0
            74	2024-10-18 17:02:29	1	0	1	0
           583	2024-10-18 17:02:34	1	0	1	0
            77	2024-10-18 17:02:52	1	0	1	0
           643	2024-10-18 17:03:14	1	0	1	0
           123	2024-10-18 17:03:54	1	0	1	0
           493	2024-10-18 17:03:58	1	0	1	0
           601	2024-10-18 17:04:05	1	0	1	0
            27	2024-10-18 17:04:18	1	0	15	0
           529	2024-10-18 17:04:27	1	0	1	0
           582	2024-10-18 17:04:41	1	0	1	0
           523	2024-10-18 17:04:53	1	0	1	0
           404	2024-10-18 17:04:58	1	0	1	0
           513	2024-10-18 17:05:03	1	0	1	0
           646	2024-10-18 17:05:21	1	0	1	0
           196	2024-10-18 17:05:47	1	0	1	0
           635	2024-10-18 17:05:51	1	0	1	0
            95	2024-10-18 17:06:02	1	0	1	0
           632	2024-10-18 17:06:35	1	0	1	0
           453	2024-10-18 17:06:46	1	0	1	0
           132	2024-10-18 17:06:51	1	0	1	0
           227	2024-10-18 17:07:01	1	0	15	0
           476	2024-10-18 17:07:11	1	0	15	0
           399	2024-10-18 17:07:31	1	0	1	0
           606	2024-10-18 17:07:36	1	0	1	0
            88	2024-10-18 17:07:46	1	0	1	0
           374	2024-10-18 17:07:59	1	0	1	0
           631	2024-10-18 17:08:07	1	0	1	0
           101	2024-10-18 17:08:49	1	0	1	0
           236	2024-10-18 17:10:07	1	0	1	0
           403	2024-10-18 17:10:24	1	0	1	0
           259	2024-10-18 17:11:02	1	0	1	0
           121	2024-10-18 17:11:39	1	0	1	0
           252	2024-10-18 17:12:41	1	0	15	0
            83	2024-10-18 17:13:49	1	0	1	0
           640	2024-10-18 17:13:55	1	0	1	0
           604	2024-10-18 17:14:05	1	0	1	0
           125	2024-10-18 17:14:12	1	0	1	0
           648	2024-10-18 17:14:15	1	0	1	0
           194	2024-10-18 17:14:22	1	0	1	0
           444	2024-10-18 17:15:20	1	0	1	0
           288	2024-10-18 17:17:13	1	0	1	0
           355	2024-10-18 17:19:19	1	0	1	0
            69	2024-10-18 17:19:52	1	0	1	0
           434	2024-10-18 17:20:01	1	0	1	0
           467	2024-10-18 17:22:32	1	0	1	0
           337	2024-10-18 17:22:39	1	0	1	0
           370	2024-10-18 17:22:44	1	0	1	0
           361	2024-10-18 17:24:26	1	0	1	0
           417	2024-10-18 17:24:40	1	0	15	0
           516	2024-10-18 17:25:38	1	0	1	0
           265	2024-10-18 17:30:09	1	0	1	0
           586	2024-10-18 17:30:31	1	0	1	0
           573	2024-10-18 17:32:03	1	0	1	0
           314	2024-10-18 17:32:07	1	0	1	0
           579	2024-10-18 17:32:11	1	0	1	0
           655	2024-10-18 17:34:29	1	0	1	0
           205	2024-10-18 17:38:57	1	0	1	0
           338	2024-10-18 17:49:27	1	0	1	0
           408	2024-10-18 17:49:30	1	0	1	0
           520	2024-10-18 17:51:39	1	0	1	0
           637	2024-10-18 17:51:58	1	0	1	0
           105	2024-10-18 17:54:05	1	0	1	0
            73	2024-10-18 17:54:46	1	0	1	0
            86	2024-10-18 18:01:22	1	0	1	0
           303	2024-10-18 18:01:33	1	0	1	0
           502	2024-10-18 18:02:37	1	0	1	0
           312	2024-10-18 18:04:47	1	0	1	0
            87	2024-10-18 18:05:06	1	0	1	0
           465	2024-10-18 18:06:13	1	0	1	0
            75	2024-10-18 18:06:19	1	0	1	0
           485	2024-10-18 18:11:20	1	0	1	0
           275	2024-10-18 18:25:45	1	0	1	0
           206	2024-10-18 18:26:00	1	0	1	0
           623	2024-10-18 18:34:20	1	0	1	0
           645	2024-10-18 18:53:25	1	0	1	0
           492	2024-10-18 18:59:33	1	0	1	0
           114	2024-10-18 19:02:11	1	0	1	0
           414	2024-10-18 19:27:29	1	0	1	0
           418	2024-10-18 20:32:07	1	0	1	0
           593	2024-10-18 21:34:28	1	0	1	0
           567	2024-10-18 22:00:12	1	0	1	0
           620	2024-10-18 23:01:38	1	0	1	0
           645	2024-10-19 05:42:45	1	0	1	0
           418	2024-10-19 06:12:24	1	0	1	0
           196	2024-10-19 06:40:36	1	0	1	0
           632	2024-10-19 06:40:44	1	0	1	0
           387	2024-10-19 06:47:16	1	0	15	0
           123	2024-10-19 06:50:24	1	0	1	0
           646	2024-10-19 06:52:21	1	0	1	0
           567	2024-10-19 06:54:56	1	0	1	0
           422	2024-10-19 06:55:43	1	0	1	0
           366	2024-10-19 07:12:00	1	0	1	0
           642	2024-10-19 07:17:31	1	0	1	0
           643	2024-10-19 07:17:48	1	0	1	0
           581	2024-10-19 07:28:08	1	0	1	0
            70	2024-10-19 07:36:20	1	0	1	0
           460	2024-10-19 07:38:20	1	0	1	0
           360	2024-10-19 07:42:21	1	0	1	0
           196	2024-10-19 11:31:00	1	0	1	0
           646	2024-10-19 11:31:07	1	0	1	0
           581	2024-10-19 11:31:24	1	0	1	0
           366	2024-10-19 11:31:30	1	0	1	0
           387	2024-10-19 11:31:40	1	0	15	0
           422	2024-10-19 11:31:52	1	0	1	0
           643	2024-10-19 11:32:20	1	0	1	0
           642	2024-10-19 11:32:40	1	0	1	0
           123	2024-10-19 11:32:56	1	0	1	0
           632	2024-10-19 11:39:28	1	0	1	0
           360	2024-10-19 11:40:11	1	0	1	0
           123	2024-10-19 11:57:34	1	0	1	0
           387	2024-10-19 12:00:46	1	0	15	0
           422	2024-10-19 12:00:53	1	0	1	0
           196	2024-10-19 12:01:00	1	0	1	0
           581	2024-10-19 12:01:05	1	0	1	0
           632	2024-10-19 12:01:32	1	0	1	0
           360	2024-10-19 12:03:49	1	0	1	0
           646	2024-10-19 12:05:30	1	0	1	0
           460	2024-10-19 12:06:25	1	0	1	0
           366	2024-10-19 12:16:24	1	0	15	0
           642	2024-10-19 12:16:34	1	0	15	0
           643	2024-10-19 12:18:07	1	0	1	0
           460	2024-10-19 12:34:39	1	0	1	0
           620	2024-10-19 13:15:35	1	0	1	0
           418	2024-10-19 14:19:11	1	0	1	0
           567	2024-10-19 15:02:28	1	0	1	0
            70	2024-10-19 16:05:25	1	0	1	0
           581	2024-10-19 17:00:06	1	0	1	0
           422	2024-10-19 17:00:16	1	0	1	0
           642	2024-10-19 17:00:25	1	0	1	0
           387	2024-10-19 17:00:33	1	0	15	0
           632	2024-10-19 17:00:52	1	0	1	0
           366	2024-10-19 17:00:59	1	0	1	0
           196	2024-10-19 17:01:09	1	0	1	0
           643	2024-10-19 17:01:29	1	0	1	0
           123	2024-10-19 17:01:40	1	0	1	0
           460	2024-10-19 17:01:57	1	0	1	0
           646	2024-10-19 17:02:03	1	0	1	0
           360	2024-10-19 17:15:32	1	0	1	0
           620	2024-10-19 22:01:50	1	0	1	0
           305	2024-10-19 22:27:02	1	0	1	0
           418	2024-10-19 23:12:43	1	0	1	0
           645	2024-10-20 04:54:00	1	0	15	0
           567	2024-10-20 05:56:53	1	0	1	0
           620	2024-10-20 06:15:45	1	0	1	0
           305	2024-10-20 07:00:45	1	0	1	0
           646	2024-10-20 07:20:59	1	0	1	0
           581	2024-10-20 07:26:30	1	0	15	0
           632	2024-10-20 07:45:36	1	0	1	0
           581	2024-10-20 11:30:30	1	0	1	0
           632	2024-10-20 11:30:55	1	0	1	0
           646	2024-10-20 11:31:03	1	0	1	0
           646	2024-10-20 11:58:51	1	0	1	0
           632	2024-10-20 12:03:49	1	0	1	0
           581	2024-10-20 12:07:40	1	0	1	0
           418	2024-10-20 13:06:43	1	0	1	0
           567	2024-10-20 14:02:32	1	0	1	0
           620	2024-10-20 15:03:08	1	0	1	0
           581	2024-10-20 17:00:04	1	0	1	0
           632	2024-10-20 17:00:11	1	0	1	0
           646	2024-10-20 17:00:36	1	0	1	0
           305	2024-10-20 21:13:26	1	0	1	0
           418	2024-10-20 22:18:26	1	0	1	0
           124	2024-10-20 22:33:17	1	0	15	0
           620	2024-10-21 05:39:17	1	0	1	0
           305	2024-10-21 06:01:17	1	0	1	0
           337	2024-10-21 06:04:20	1	0	15	0
           123	2024-10-21 06:17:41	1	0	1	0
           443	2024-10-21 06:30:35	1	0	1	0
           196	2024-10-21 06:33:51	1	0	1	0
           632	2024-10-21 06:34:06	1	0	1	0
           119	2024-10-21 06:34:14	1	0	15	0
           645	2024-10-21 06:40:44	1	0	1	0
            37	2024-10-21 06:41:23	1	0	1	0
           227	2024-10-21 06:42:35	1	0	15	0
           387	2024-10-21 06:44:53	1	0	15	0
           184	2024-10-21 06:45:18	1	0	1	0
           146	2024-10-21 06:45:26	1	0	15	0
            88	2024-10-21 06:46:50	1	0	1	0
           422	2024-10-21 06:50:06	1	0	1	0
           182	2024-10-21 06:51:19	1	0	1	0
           460	2024-10-21 06:52:38	1	0	1	0
            93	2024-10-21 06:56:25	1	0	1	0
           418	2024-10-21 06:56:46	1	0	1	0
           413	2024-10-21 06:58:36	1	0	1	0
           646	2024-10-21 07:01:15	1	0	1	0
           606	2024-10-21 07:02:50	1	0	1	0
           582	2024-10-21 07:07:21	1	0	1	0
           124	2024-10-21 07:07:59	1	0	15	0
           366	2024-10-21 07:08:40	1	0	1	0
           546	2024-10-21 07:10:24	1	0	1	0
           115	2024-10-21 07:10:41	1	0	1	0
           642	2024-10-21 07:12:21	1	0	1	0
           643	2024-10-21 07:12:36	1	0	1	0
           149	2024-10-21 07:14:54	1	0	1	0
           581	2024-10-21 07:15:11	1	0	1	0
           631	2024-10-21 07:15:47	1	0	1	0
           465	2024-10-21 07:18:46	1	0	1	0
            75	2024-10-21 07:18:56	1	0	1	0
           303	2024-10-21 07:19:33	1	0	1	0
            86	2024-10-21 07:21:45	1	0	1	0
           183	2024-10-21 07:22:12	1	0	1	0
            77	2024-10-21 07:23:42	1	0	1	0
           573	2024-10-21 07:25:17	1	0	1	0
           101	2024-10-21 07:27:53	1	0	1	0
           434	2024-10-21 07:28:39	1	0	1	0
           541	2024-10-21 07:28:54	1	0	1	0
           604	2024-10-21 07:30:03	1	0	1	0
           659	2024-10-21 07:32:05	1	0	1	0
           125	2024-10-21 07:32:11	1	0	1	0
           579	2024-10-21 07:32:35	1	0	1	0
           314	2024-10-21 07:33:24	1	0	1	0
           335	2024-10-21 07:33:59	1	0	1	0
           397	2024-10-21 07:34:26	1	0	1	0
            83	2024-10-21 07:35:57	1	0	1	0
           485	2024-10-21 07:36:33	1	0	1	0
           601	2024-10-21 07:38:08	1	0	1	0
           355	2024-10-21 07:38:42	1	0	1	0
           338	2024-10-21 07:41:02	1	0	1	0
           265	2024-10-21 07:43:53	1	0	1	0
           105	2024-10-21 07:44:18	1	0	1	0
           640	2024-10-21 07:44:55	1	0	1	0
           444	2024-10-21 07:44:59	1	0	1	0
           404	2024-10-21 07:45:03	1	0	1	0
           660	2024-10-21 07:45:08	1	0	1	0
            70	2024-10-21 07:45:21	1	0	15	0
           648	2024-10-21 07:45:33	1	0	1	0
           467	2024-10-21 07:46:28	1	0	1	0
            69	2024-10-21 07:46:57	1	0	1	0
           259	2024-10-21 07:47:07	1	0	1	0
           492	2024-10-21 07:47:31	1	0	1	0
           206	2024-10-21 07:47:37	1	0	1	0
           275	2024-10-21 07:47:42	1	0	1	0
            74	2024-10-21 07:48:29	1	0	1	0
            27	2024-10-21 07:48:44	1	0	15	0
           453	2024-10-21 07:48:58	1	0	1	0
           493	2024-10-21 07:50:08	1	0	1	0
           370	2024-10-21 07:50:16	1	0	1	0
           562	2024-10-21 07:50:24	1	0	1	0
           399	2024-10-21 07:51:00	1	0	1	0
           374	2024-10-21 07:51:05	1	0	1	0
            53	2024-10-21 07:51:59	1	0	1	0
           132	2024-10-21 07:52:09	1	0	1	0
           586	2024-10-21 07:52:21	1	0	1	0
           312	2024-10-21 07:52:40	1	0	1	0
           405	2024-10-21 07:52:47	1	0	1	0
            87	2024-10-21 07:54:04	1	0	1	0
           360	2024-10-21 07:54:11	1	0	1	0
           655	2024-10-21 07:54:59	1	0	1	0
            38	2024-10-21 07:55:40	1	0	1	0
            73	2024-10-21 07:55:49	1	0	1	0
           205	2024-10-21 07:56:10	1	0	1	0
           403	2024-10-21 07:57:29	1	0	1	0
           502	2024-10-21 07:57:35	1	0	1	0
           476	2024-10-21 07:57:41	1	0	1	0
            55	2024-10-21 07:57:56	1	0	1	0
           236	2024-10-21 07:58:17	1	0	1	0
           583	2024-10-21 07:58:33	1	0	1	0
           414	2024-10-21 08:00:01	1	0	1	0
           361	2024-10-21 08:00:16	1	0	1	0
           408	2024-10-21 08:00:41	1	0	1	0
           520	2024-10-21 08:01:51	1	0	1	0
           398	2024-10-21 08:01:55	1	0	1	0
           529	2024-10-21 08:02:17	1	0	1	0
           556	2024-10-21 08:06:52	1	0	1	0
           635	2024-10-21 08:16:59	1	0	1	0
           513	2024-10-21 08:18:05	1	0	1	0
           516	2024-10-21 08:29:03	1	0	1	0
           460	2024-10-21 11:03:19	1	0	1	0
           646	2024-10-21 11:31:07	1	0	1	0
           119	2024-10-21 11:31:31	1	0	15	0
           360	2024-10-21 11:31:36	1	0	1	0
           582	2024-10-21 11:31:42	1	0	1	0
           366	2024-10-21 11:31:49	1	0	1	0
           123	2024-10-21 11:31:56	1	0	1	0
           443	2024-10-21 11:32:12	1	0	1	0
           642	2024-10-21 11:32:34	1	0	1	0
           643	2024-10-21 11:33:06	1	0	15	0
           196	2024-10-21 11:34:22	1	0	1	0
           387	2024-10-21 11:34:32	1	0	15	0
           581	2024-10-21 11:35:29	1	0	1	0
           632	2024-10-21 11:35:35	1	0	1	0
           422	2024-10-21 11:36:30	1	0	1	0
           460	2024-10-21 11:36:46	1	0	1	0
           115	2024-10-21 11:51:00	1	0	1	0
           337	2024-10-21 11:51:14	1	0	15	0
           546	2024-10-21 11:53:00	1	0	1	0
           314	2024-10-21 11:53:06	1	0	1	0
           573	2024-10-21 11:53:11	1	0	1	0
           579	2024-10-21 11:53:16	1	0	1	0
           123	2024-10-21 11:53:35	1	0	1	0
           443	2024-10-21 11:53:55	1	0	1	0
           360	2024-10-21 11:55:42	1	0	1	0
           632	2024-10-21 11:55:51	1	0	1	0
           366	2024-10-21 11:56:50	1	0	1	0
           404	2024-10-21 12:00:04	1	0	1	0
           444	2024-10-21 12:00:08	1	0	1	0
           640	2024-10-21 12:00:10	1	0	1	0
           606	2024-10-21 12:00:16	1	0	1	0
           196	2024-10-21 12:00:25	1	0	1	0
           422	2024-10-21 12:00:29	1	0	1	0
           387	2024-10-21 12:00:36	1	0	15	0
           646	2024-10-21 12:00:44	1	0	1	0
            74	2024-10-21 12:00:56	1	0	1	0
           205	2024-10-21 12:01:02	1	0	1	0
           397	2024-10-21 12:01:07	1	0	1	0
           236	2024-10-21 12:01:13	1	0	1	0
            37	2024-10-21 12:01:30	1	0	1	0
           660	2024-10-21 12:01:35	1	0	1	0
           493	2024-10-21 12:01:39	1	0	1	0
           556	2024-10-21 12:01:47	1	0	1	0
           146	2024-10-21 12:02:01	1	0	15	0
            88	2024-10-21 12:02:11	1	0	1	0
           413	2024-10-21 12:02:20	1	0	4	0
           149	2024-10-21 12:02:30	1	0	1	0
           119	2024-10-21 12:02:49	1	0	15	0
           635	2024-10-21 12:02:56	1	0	1	0
           265	2024-10-21 12:03:01	1	0	1	0
           374	2024-10-21 12:03:31	1	0	1	0
           132	2024-10-21 12:03:43	1	0	1	0
           465	2024-10-21 12:03:53	1	0	1	0
           655	2024-10-21 12:03:57	1	0	1	0
           582	2024-10-21 12:04:04	1	0	1	0
           476	2024-10-21 12:04:10	1	0	1	0
           631	2024-10-21 12:04:17	1	0	1	0
            87	2024-10-21 12:04:41	1	0	1	0
           583	2024-10-21 12:04:43	1	0	1	0
           312	2024-10-21 12:05:43	1	0	1	0
           121	2024-10-21 12:05:49	1	0	1	0
            77	2024-10-21 12:06:06	1	0	1	0
           355	2024-10-21 12:06:19	1	0	1	0
           502	2024-10-21 12:06:33	1	0	1	0
            53	2024-10-21 12:06:40	1	0	1	0
           115	2024-10-21 12:06:58	1	0	1	0
           337	2024-10-21 12:07:08	1	0	15	0
           529	2024-10-21 12:07:14	1	0	1	0
            69	2024-10-21 12:07:24	1	0	1	0
           182	2024-10-21 12:07:38	1	0	1	0
           604	2024-10-21 12:07:43	1	0	1	0
           520	2024-10-21 12:07:49	1	0	1	0
           125	2024-10-21 12:08:02	1	0	1	0
           259	2024-10-21 12:09:04	1	0	15	0
           403	2024-10-21 12:09:28	1	0	1	0
           314	2024-10-21 12:09:39	1	0	1	0
           601	2024-10-21 12:09:50	1	0	1	0
           370	2024-10-21 12:09:54	1	0	1	0
            86	2024-10-21 12:10:12	1	0	1	0
           303	2024-10-21 12:10:17	1	0	1	0
            93	2024-10-21 12:10:29	1	0	1	0
            75	2024-10-21 12:10:37	1	0	1	0
            38	2024-10-21 12:10:44	1	0	1	0
           338	2024-10-21 12:10:51	1	0	1	0
           648	2024-10-21 12:11:35	1	0	1	0
           586	2024-10-21 12:11:38	1	0	1	0
           434	2024-10-21 12:11:49	1	0	1	0
           361	2024-10-21 12:13:25	1	0	1	0
           579	2024-10-21 12:13:34	1	0	1	0
           467	2024-10-21 12:13:41	1	0	1	0
           546	2024-10-21 12:13:47	1	0	1	0
           573	2024-10-21 12:13:49	1	0	1	0
           492	2024-10-21 12:14:04	1	0	1	0
            73	2024-10-21 12:14:18	1	0	1	0
           516	2024-10-21 12:14:28	1	0	1	0
            83	2024-10-21 12:16:00	1	0	1	0
           541	2024-10-21 12:17:01	1	0	1	0
           405	2024-10-21 12:17:09	1	0	1	0
           513	2024-10-21 12:17:22	1	0	1	0
           408	2024-10-21 12:17:25	1	0	1	0
            37	2024-10-21 12:17:50	1	0	1	0
            55	2024-10-21 12:18:43	1	0	1	0
            27	2024-10-21 12:18:51	1	0	15	0
           453	2024-10-21 12:18:58	1	0	1	0
           200	2024-10-21 12:19:05	1	0	1	0
           556	2024-10-21 12:19:09	1	0	1	0
           493	2024-10-21 12:19:24	1	0	1	0
           146	2024-10-21 12:19:29	1	0	15	0
           413	2024-10-21 12:19:34	1	0	4	0
           659	2024-10-21 12:20:26	1	0	1	0
           655	2024-10-21 12:20:35	1	0	1	0
            87	2024-10-21 12:20:50	1	0	1	0
           465	2024-10-21 12:21:21	1	0	1	0
           502	2024-10-21 12:21:34	1	0	1	0
            77	2024-10-21 12:21:47	1	0	1	0
           335	2024-10-21 12:23:56	1	0	1	0
           414	2024-10-21 12:24:10	1	0	1	0
            88	2024-10-21 12:24:16	1	0	1	0
           642	2024-10-21 12:25:37	1	0	1	0
           399	2024-10-21 12:26:07	1	0	1	0
            75	2024-10-21 12:27:35	1	0	1	0
           338	2024-10-21 12:28:29	1	0	1	0
           492	2024-10-21 12:29:12	1	0	1	0
           516	2024-10-21 12:29:50	1	0	1	0
           476	2024-10-21 12:30:09	1	0	1	0
           101	2024-10-21 12:30:42	1	0	1	0
            83	2024-10-21 12:31:21	1	0	1	0
           606	2024-10-21 12:31:44	1	0	1	0
           583	2024-10-21 12:32:43	1	0	1	0
           434	2024-10-21 12:32:51	1	0	1	0
           648	2024-10-21 12:33:06	1	0	1	0
           586	2024-10-21 12:33:17	1	0	1	0
            55	2024-10-21 12:33:56	1	0	1	0
            69	2024-10-21 12:34:22	1	0	1	0
            86	2024-10-21 12:35:09	1	0	1	0
           631	2024-10-21 12:36:00	1	0	1	0
           182	2024-10-21 12:36:18	1	0	1	0
           635	2024-10-21 12:36:32	1	0	1	0
            93	2024-10-21 12:36:38	1	0	1	0
           121	2024-10-21 12:37:18	1	0	1	0
           105	2024-10-21 12:38:33	1	0	1	0
           541	2024-10-21 12:38:37	1	0	1	0
           335	2024-10-21 12:39:31	1	0	1	0
            38	2024-10-21 12:39:49	1	0	1	0
            73	2024-10-21 12:40:07	1	0	1	0
           355	2024-10-21 12:40:26	1	0	1	0
           374	2024-10-21 12:40:33	1	0	1	0
           403	2024-10-21 12:40:40	1	0	1	0
           659	2024-10-21 12:41:23	1	0	1	0
           601	2024-10-21 12:42:38	1	0	1	0
           604	2024-10-21 12:43:21	1	0	1	0
           520	2024-10-21 12:43:29	1	0	1	0
           125	2024-10-21 12:43:36	1	0	1	0
           513	2024-10-21 12:43:41	1	0	1	0
           404	2024-10-21 12:43:44	1	0	1	0
           265	2024-10-21 12:44:48	1	0	1	0
           312	2024-10-21 12:45:20	1	0	1	0
           408	2024-10-21 12:45:58	1	0	1	0
           397	2024-10-21 12:46:47	1	0	1	0
           660	2024-10-21 12:46:52	1	0	1	0
           467	2024-10-21 12:47:02	1	0	1	0
           149	2024-10-21 12:47:34	1	0	1	0
           303	2024-10-21 12:48:22	1	0	1	0
           405	2024-10-21 12:49:09	1	0	1	0
           361	2024-10-21 12:49:14	1	0	1	0
           399	2024-10-21 12:49:28	1	0	1	0
           529	2024-10-21 12:50:06	1	0	1	0
           640	2024-10-21 12:50:44	1	0	1	0
           444	2024-10-21 12:50:49	1	0	1	0
           643	2024-10-21 12:51:00	1	0	1	0
           523	2024-10-21 12:51:05	1	0	1	0
           370	2024-10-21 12:52:41	1	0	1	0
           259	2024-10-21 12:52:46	1	0	15	0
           200	2024-10-21 12:53:52	1	0	1	0
           101	2024-10-21 12:54:34	1	0	1	0
            27	2024-10-21 12:54:52	1	0	15	0
           453	2024-10-21 12:54:59	1	0	1	0
           132	2024-10-21 12:55:41	1	0	1	0
           105	2024-10-21 13:02:20	1	0	1	0
           485	2024-10-21 13:06:50	1	0	1	0
           236	2024-10-21 13:18:05	1	0	1	0
           485	2024-10-21 13:56:13	1	0	1	0
           305	2024-10-21 14:10:57	1	0	1	0
           620	2024-10-21 14:11:03	1	0	1	0
            70	2024-10-21 16:00:14	1	0	1	0
            93	2024-10-21 16:04:10	1	0	1	0
           413	2024-10-21 16:21:52	1	0	4	0
           182	2024-10-21 16:32:36	1	0	1	0
           460	2024-10-21 16:34:33	1	0	1	0
           387	2024-10-21 17:00:25	1	0	15	0
           422	2024-10-21 17:00:34	1	0	1	0
           581	2024-10-21 17:00:51	1	0	1	0
            37	2024-10-21 17:00:59	1	0	1	0
           149	2024-10-21 17:01:07	1	0	1	0
           606	2024-10-21 17:01:13	1	0	1	0
            77	2024-10-21 17:01:17	1	0	1	0
            86	2024-10-21 17:01:38	1	0	1	0
           660	2024-10-21 17:01:45	1	0	1	0
           405	2024-10-21 17:01:53	1	0	1	0
           303	2024-10-21 17:02:11	1	0	1	0
           361	2024-10-21 17:02:22	1	0	1	0
           443	2024-10-21 17:02:32	1	0	1	0
            55	2024-10-21 17:02:46	1	0	1	0
           556	2024-10-21 17:02:51	1	0	1	0
           397	2024-10-21 17:02:56	1	0	1	0
           582	2024-10-21 17:03:00	1	0	1	0
            74	2024-10-21 17:03:10	1	0	1	0
           101	2024-10-21 17:03:31	1	0	1	0
           123	2024-10-21 17:03:40	1	0	1	0
           236	2024-10-21 17:03:51	1	0	1	0
           642	2024-10-21 17:03:57	1	0	1	0
           366	2024-10-21 17:04:04	1	0	1	0
           523	2024-10-21 17:04:09	1	0	1	0
           646	2024-10-21 17:04:14	1	0	1	0
           643	2024-10-21 17:04:24	1	0	1	0
            69	2024-10-21 17:04:30	1	0	1	0
           265	2024-10-21 17:04:33	1	0	1	0
           529	2024-10-21 17:04:36	1	0	1	0
           404	2024-10-21 17:04:57	1	0	1	0
           374	2024-10-21 17:05:03	1	0	1	0
           146	2024-10-21 17:05:42	1	0	15	0
           632	2024-10-21 17:05:54	1	0	1	0
           115	2024-10-21 17:06:01	1	0	1	0
           631	2024-10-21 17:06:31	1	0	1	0
           370	2024-10-21 17:06:53	1	0	1	0
           227	2024-10-21 17:07:10	1	0	15	0
           196	2024-10-21 17:07:20	1	0	1	0
            27	2024-10-21 17:07:26	1	0	15	0
           513	2024-10-21 17:07:33	1	0	1	0
           119	2024-10-21 17:08:02	1	0	15	0
           403	2024-10-21 17:08:08	1	0	1	0
           601	2024-10-21 17:08:19	1	0	1	0
           640	2024-10-21 17:08:41	1	0	1	0
           444	2024-10-21 17:08:56	1	0	1	0
           453	2024-10-21 17:09:05	1	0	1	0
           659	2024-10-21 17:09:12	1	0	1	0
           583	2024-10-21 17:09:42	1	0	1	0
           337	2024-10-21 17:09:48	1	0	1	0
            88	2024-10-21 17:09:54	1	0	1	0
           520	2024-10-21 17:10:02	1	0	1	0
           546	2024-10-21 17:10:09	1	0	1	0
           121	2024-10-21 17:11:55	1	0	1	0
           604	2024-10-21 17:12:44	1	0	1	0
           125	2024-10-21 17:12:50	1	0	1	0
           635	2024-10-21 17:12:55	1	0	1	0
           476	2024-10-21 17:13:45	1	0	1	0
           132	2024-10-21 17:14:52	1	0	1	0
            38	2024-10-21 17:15:05	1	0	1	0
           434	2024-10-21 17:15:12	1	0	1	0
           648	2024-10-21 17:17:43	1	0	1	0
           493	2024-10-21 17:17:51	1	0	1	0
           398	2024-10-21 17:19:10	1	0	1	0
           360	2024-10-21 17:19:16	1	0	1	0
           355	2024-10-21 17:19:24	1	0	1	0
           399	2024-10-21 17:21:14	1	0	1	0
           586	2024-10-21 17:21:26	1	0	1	0
           338	2024-10-21 17:22:29	1	0	1	0
           408	2024-10-21 17:22:35	1	0	1	0
           467	2024-10-21 17:23:46	1	0	1	0
           579	2024-10-21 17:24:17	1	0	1	0
           573	2024-10-21 17:24:22	1	0	1	0
           314	2024-10-21 17:24:30	1	0	1	0
            73	2024-10-21 17:27:15	1	0	1	0
            53	2024-10-21 17:39:07	1	0	1	0
           502	2024-10-21 17:43:54	1	0	1	0
           645	2024-10-21 17:45:15	1	0	1	0
           465	2024-10-21 17:47:12	1	0	1	0
            75	2024-10-21 17:47:29	1	0	1	0
            83	2024-10-21 17:55:57	1	0	1	0
           105	2024-10-21 17:59:10	1	0	1	0
            87	2024-10-21 18:01:52	1	0	1	0
           259	2024-10-21 18:02:13	1	0	1	0
           335	2024-10-21 18:03:02	1	0	1	0
           275	2024-10-21 18:04:59	1	0	1	0
           206	2024-10-21 18:05:19	1	0	1	0
           485	2024-10-21 18:07:24	1	0	1	0
           492	2024-10-21 18:11:51	1	0	1	0
           312	2024-10-21 18:24:56	1	0	1	0
           516	2024-10-21 19:13:15	1	0	1	0
           655	2024-10-21 19:20:36	1	0	1	0
           541	2024-10-21 20:03:30	1	0	1	0
           124	2024-10-21 21:41:44	1	0	15	0
           414	2024-10-21 23:06:53	1	0	1	0
           305	2024-10-21 23:07:08	1	0	1	0
           337	2024-10-22 06:08:16	1	0	15	0
           124	2024-10-22 06:08:28	1	0	15	0
           418	2024-10-22 06:15:40	1	0	1	0
           123	2024-10-22 06:21:30	1	0	1	0
           196	2024-10-22 06:41:37	1	0	1	0
           119	2024-10-22 06:41:43	1	0	15	0
           632	2024-10-22 06:42:04	1	0	1	0
           422	2024-10-22 06:43:42	1	0	1	0
           387	2024-10-22 06:43:52	1	0	15	0
            88	2024-10-22 06:48:33	1	0	1	0
           184	2024-10-22 06:48:41	1	0	1	0
           146	2024-10-22 06:48:47	1	0	15	0
           460	2024-10-22 06:54:34	1	0	1	0
           566	2024-10-22 06:55:12	1	0	1	0
           600	2024-10-22 06:57:46	1	0	1	0
           182	2024-10-22 06:58:12	1	0	1	0
           645	2024-10-22 06:58:30	1	0	1	0
           375	2024-10-22 06:59:17	1	0	1	0
            93	2024-10-22 07:00:30	1	0	1	0
           366	2024-10-22 07:04:13	1	0	1	0
           413	2024-10-22 07:06:28	1	0	4	0
           581	2024-10-22 07:06:39	1	0	1	0
           227	2024-10-22 07:12:39	1	0	15	0
           398	2024-10-22 07:13:35	1	0	1	0
           631	2024-10-22 07:14:05	1	0	1	0
           582	2024-10-22 07:14:13	1	0	1	0
           523	2024-10-22 07:14:22	1	0	1	0
           546	2024-10-22 07:15:48	1	0	1	0
           606	2024-10-22 07:17:41	1	0	1	0
           149	2024-10-22 07:18:33	1	0	1	0
           642	2024-10-22 07:18:44	1	0	1	0
           314	2024-10-22 07:20:50	1	0	1	0
           465	2024-10-22 07:21:09	1	0	1	0
            75	2024-10-22 07:21:31	1	0	1	0
           434	2024-10-22 07:22:34	1	0	1	0
            77	2024-10-22 07:23:36	1	0	1	0
           579	2024-10-22 07:27:14	1	0	1	0
            37	2024-10-22 07:28:03	1	0	1	0
           573	2024-10-22 07:28:32	1	0	1	0
            53	2024-10-22 07:29:42	1	0	1	0
           115	2024-10-22 07:31:06	1	0	1	0
           355	2024-10-22 07:32:08	1	0	1	0
           101	2024-10-22 07:32:47	1	0	1	0
           443	2024-10-22 07:32:56	1	0	1	0
           493	2024-10-22 07:34:27	1	0	15	0
           303	2024-10-22 07:35:36	1	0	1	0
            86	2024-10-22 07:36:37	1	0	1	0
           492	2024-10-22 07:36:54	1	0	1	0
            70	2024-10-22 07:37:08	1	0	1	0
           601	2024-10-22 07:37:43	1	0	1	0
           444	2024-10-22 07:38:31	1	0	1	0
           541	2024-10-22 07:40:50	1	0	1	0
           205	2024-10-22 07:41:29	1	0	1	0
           335	2024-10-22 07:42:38	1	0	1	0
           397	2024-10-22 07:43:12	1	0	1	0
           200	2024-10-22 07:44:34	1	0	1	0
           660	2024-10-22 07:45:47	1	0	1	0
            74	2024-10-22 07:46:38	1	0	1	0
           259	2024-10-22 07:46:47	1	0	1	0
            83	2024-10-22 07:47:43	1	0	1	0
           556	2024-10-22 07:48:27	1	0	1	0
           125	2024-10-22 07:49:13	1	0	1	0
           640	2024-10-22 07:49:24	1	0	1	0
           467	2024-10-22 07:49:59	1	0	15	0
           194	2024-10-22 07:51:12	1	0	1	0
           288	2024-10-22 07:51:47	1	0	1	0
            27	2024-10-22 07:52:53	1	0	15	0
           370	2024-10-22 07:53:02	1	0	1	0
           453	2024-10-22 07:53:11	1	0	15	0
           502	2024-10-22 07:53:23	1	0	1	0
            69	2024-10-22 07:54:27	1	0	1	0
           338	2024-10-22 07:54:36	1	0	1	0
           350	2024-10-22 07:54:40	1	0	1	0
            38	2024-10-22 07:55:08	1	0	1	0
            73	2024-10-22 07:55:26	1	0	1	0
           516	2024-10-22 07:55:40	1	0	1	0
           132	2024-10-22 07:55:46	1	0	1	0
           417	2024-10-22 07:55:55	1	0	1	0
           659	2024-10-22 07:56:08	1	0	1	0
           360	2024-10-22 07:56:32	1	0	1	0
           187	2024-10-22 07:56:39	1	0	1	0
           374	2024-10-22 07:56:49	1	0	1	0
           604	2024-10-22 07:57:21	1	0	1	0
           399	2024-10-22 07:57:30	1	0	1	0
           408	2024-10-22 07:57:36	1	0	1	0
           105	2024-10-22 07:58:04	1	0	1	0
           529	2024-10-22 07:58:20	1	0	15	0
           404	2024-10-22 07:58:28	1	0	1	0
            40	2024-10-22 08:00:47	1	0	1	0
           414	2024-10-22 08:02:13	1	0	1	0
           520	2024-10-22 08:02:22	1	0	1	0
           361	2024-10-22 08:03:42	1	0	1	0
           265	2024-10-22 08:05:37	1	0	1	0
           583	2024-10-22 08:11:33	1	0	1	0
           655	2024-10-22 08:11:37	1	0	1	0
           331	2024-10-22 08:11:43	1	0	1	0
           562	2024-10-22 08:11:56	1	0	1	0
           635	2024-10-22 08:12:57	1	0	1	0
           236	2024-10-22 08:13:08	1	0	1	0
           648	2024-10-22 08:16:51	1	0	1	0
           513	2024-10-22 08:17:07	1	0	1	0
           586	2024-10-22 08:19:41	1	0	1	0
           206	2024-10-22 08:33:00	1	0	1	0
           275	2024-10-22 08:33:08	1	0	1	0
            87	2024-10-22 08:39:42	1	0	1	0
           485	2024-10-22 08:45:00	1	0	1	0
           183	2024-10-22 09:06:08	1	0	1	0
           460	2024-10-22 11:12:42	1	0	1	0
           581	2024-10-22 11:31:10	1	0	1	0
           422	2024-10-22 11:31:30	1	0	1	0
           632	2024-10-22 11:31:37	1	0	1	0
           600	2024-10-22 11:31:39	1	0	1	0
           387	2024-10-22 11:31:45	1	0	15	0
           566	2024-10-22 11:31:59	1	0	15	0
           366	2024-10-22 11:32:25	1	0	15	0
           460	2024-10-22 11:32:32	1	0	1	0
           360	2024-10-22 11:34:08	1	0	1	0
           642	2024-10-22 11:34:39	1	0	1	0
           119	2024-10-22 11:34:52	1	0	15	0
           582	2024-10-22 11:34:58	1	0	1	0
           123	2024-10-22 11:35:05	1	0	1	0
           196	2024-10-22 11:40:47	1	0	1	0
           443	2024-10-22 11:41:04	1	0	1	0
           337	2024-10-22 11:50:37	1	0	1	0
           115	2024-10-22 11:50:44	1	0	1	0
           573	2024-10-22 11:50:50	1	0	1	0
           579	2024-10-22 11:50:56	1	0	1	0
           546	2024-10-22 11:51:01	1	0	1	0
           314	2024-10-22 11:51:06	1	0	1	0
           366	2024-10-22 11:55:45	1	0	1	0
           123	2024-10-22 11:56:09	1	0	1	0
           632	2024-10-22 11:57:10	1	0	1	0
           387	2024-10-22 12:00:06	1	0	15	0
           196	2024-10-22 12:00:13	1	0	1	0
           422	2024-10-22 12:00:19	1	0	1	0
            53	2024-10-22 12:00:25	1	0	1	0
           581	2024-10-22 12:00:29	1	0	1	0
           331	2024-10-22 12:00:47	1	0	1	0
           562	2024-10-22 12:00:58	1	0	1	0
            37	2024-10-22 12:01:09	1	0	1	0
           443	2024-10-22 12:01:14	1	0	1	0
           659	2024-10-22 12:01:21	1	0	1	0
           350	2024-10-22 12:01:27	1	0	1	0
           360	2024-10-22 12:01:35	1	0	1	0
            87	2024-10-22 12:01:42	1	0	1	0
           600	2024-10-22 12:01:46	1	0	1	0
           566	2024-10-22 12:01:49	1	0	1	0
           660	2024-10-22 12:01:54	1	0	1	0
            69	2024-10-22 12:01:58	1	0	1	0
           132	2024-10-22 12:02:05	1	0	1	0
            75	2024-10-22 12:02:10	1	0	1	0
           655	2024-10-22 12:02:15	1	0	1	0
           265	2024-10-22 12:02:20	1	0	1	0
           374	2024-10-22 12:02:24	1	0	1	0
            77	2024-10-22 12:02:32	1	0	1	0
           556	2024-10-22 12:02:37	1	0	1	0
           119	2024-10-22 12:02:43	1	0	15	0
           121	2024-10-22 12:02:50	1	0	1	0
           631	2024-10-22 12:02:55	1	0	1	0
           375	2024-10-22 12:03:00	1	0	1	0
           417	2024-10-22 12:03:10	1	0	1	0
           520	2024-10-22 12:03:17	1	0	1	0
           604	2024-10-22 12:03:28	1	0	1	0
           125	2024-10-22 12:03:35	1	0	1	0
            38	2024-10-22 12:03:45	1	0	1	0
           275	2024-10-22 12:04:48	1	0	1	0
           434	2024-10-22 12:04:54	1	0	1	0
           444	2024-10-22 12:04:59	1	0	1	0
           404	2024-10-22 12:05:02	1	0	1	0
           640	2024-10-22 12:05:05	1	0	1	0
            93	2024-10-22 12:05:18	1	0	1	0
           146	2024-10-22 12:05:23	1	0	15	0
           397	2024-10-22 12:05:30	1	0	1	0
           465	2024-10-22 12:05:47	1	0	1	0
            74	2024-10-22 12:06:01	1	0	1	0
           205	2024-10-22 12:06:08	1	0	1	0
            83	2024-10-22 12:06:14	1	0	1	0
           648	2024-10-22 12:06:19	1	0	1	0
           586	2024-10-22 12:06:30	1	0	1	0
           606	2024-10-22 12:06:34	1	0	1	0
            88	2024-10-22 12:06:40	1	0	1	0
           259	2024-10-22 12:06:46	1	0	15	0
           370	2024-10-22 12:06:52	1	0	15	0
           355	2024-10-22 12:06:59	1	0	1	0
           523	2024-10-22 12:07:06	1	0	1	0
           236	2024-10-22 12:07:13	1	0	1	0
           502	2024-10-22 12:07:19	1	0	1	0
           337	2024-10-22 12:07:46	1	0	1	0
           115	2024-10-22 12:07:53	1	0	1	0
           314	2024-10-22 12:08:00	1	0	1	0
           101	2024-10-22 12:08:12	1	0	1	0
           183	2024-10-22 12:08:28	1	0	1	0
           149	2024-10-22 12:08:49	1	0	1	0
            27	2024-10-22 12:09:09	1	0	15	0
           493	2024-10-22 12:09:16	1	0	1	0
           413	2024-10-22 12:09:17	1	0	4	0
           453	2024-10-22 12:09:30	1	0	1	0
           194	2024-10-22 12:10:39	1	0	1	0
           288	2024-10-22 12:10:45	1	0	1	0
           184	2024-10-22 12:13:05	1	0	1	0
           408	2024-10-22 12:13:08	1	0	1	0
           338	2024-10-22 12:13:12	1	0	1	0
            73	2024-10-22 12:13:38	1	0	1	0
           182	2024-10-22 12:13:43	1	0	1	0
           583	2024-10-22 12:14:02	1	0	1	0
           516	2024-10-22 12:15:34	1	0	1	0
           513	2024-10-22 12:15:40	1	0	1	0
           492	2024-10-22 12:15:44	1	0	1	0
            53	2024-10-22 12:16:03	1	0	1	0
           573	2024-10-22 12:16:23	1	0	1	0
           579	2024-10-22 12:16:27	1	0	1	0
           635	2024-10-22 12:16:31	1	0	1	0
            40	2024-10-22 12:16:48	1	0	1	0
           335	2024-10-22 12:17:00	1	0	1	0
           467	2024-10-22 12:17:04	1	0	1	0
           546	2024-10-22 12:17:09	1	0	1	0
            37	2024-10-22 12:17:18	1	0	1	0
           601	2024-10-22 12:17:36	1	0	1	0
           350	2024-10-22 12:17:41	1	0	1	0
           105	2024-10-22 12:17:48	1	0	1	0
           206	2024-10-22 12:18:03	1	0	1	0
           556	2024-10-22 12:18:17	1	0	1	0
           265	2024-10-22 12:20:26	1	0	1	0
            77	2024-10-22 12:20:32	1	0	1	0
           465	2024-10-22 12:21:13	1	0	1	0
            75	2024-10-22 12:21:30	1	0	1	0
           502	2024-10-22 12:22:31	1	0	1	0
           200	2024-10-22 12:22:45	1	0	1	0
           529	2024-10-22 12:22:54	1	0	1	0
           631	2024-10-22 12:25:19	1	0	1	0
           541	2024-10-22 12:25:40	1	0	1	0
           205	2024-10-22 12:26:06	1	0	1	0
           146	2024-10-22 12:26:17	1	0	15	0
           399	2024-10-22 12:26:44	1	0	1	0
           586	2024-10-22 12:26:58	1	0	1	0
           606	2024-10-22 12:29:12	1	0	1	0
           259	2024-10-22 12:29:48	1	0	15	0
           492	2024-10-22 12:31:29	1	0	1	0
           516	2024-10-22 12:31:46	1	0	1	0
           184	2024-10-22 12:31:52	1	0	1	0
           520	2024-10-22 12:32:08	1	0	1	0
           604	2024-10-22 12:32:14	1	0	1	0
           125	2024-10-22 12:32:20	1	0	1	0
           335	2024-10-22 12:32:24	1	0	1	0
           583	2024-10-22 12:32:33	1	0	1	0
            83	2024-10-22 12:34:03	1	0	1	0
           194	2024-10-22 12:34:23	1	0	1	0
            87	2024-10-22 12:34:49	1	0	1	0
           476	2024-10-22 12:34:57	1	0	1	0
            73	2024-10-22 12:36:24	1	0	1	0
           361	2024-10-22 12:36:49	1	0	1	0
           375	2024-10-22 12:37:59	1	0	1	0
           338	2024-10-22 12:38:07	1	0	1	0
           182	2024-10-22 12:38:59	1	0	1	0
           370	2024-10-22 12:39:12	1	0	1	0
           434	2024-10-22 12:39:17	1	0	1	0
            88	2024-10-22 12:39:23	1	0	1	0
            93	2024-10-22 12:39:29	1	0	1	0
           642	2024-10-22 12:40:08	1	0	1	0
           404	2024-10-22 12:40:39	1	0	1	0
           101	2024-10-22 12:40:51	1	0	1	0
            38	2024-10-22 12:41:15	1	0	1	0
           121	2024-10-22 12:41:23	1	0	1	0
           562	2024-10-22 12:41:50	1	0	1	0
            40	2024-10-22 12:42:51	1	0	1	0
           105	2024-10-22 12:42:55	1	0	1	0
           200	2024-10-22 12:43:11	1	0	1	0
           582	2024-10-22 12:44:17	1	0	1	0
           659	2024-10-22 12:45:55	1	0	1	0
           513	2024-10-22 12:46:18	1	0	1	0
           493	2024-10-22 12:46:23	1	0	1	0
            27	2024-10-22 12:46:31	1	0	15	0
           453	2024-10-22 12:46:37	1	0	1	0
           541	2024-10-22 12:46:43	1	0	1	0
           635	2024-10-22 12:46:48	1	0	1	0
           397	2024-10-22 12:46:52	1	0	1	0
           660	2024-10-22 12:46:59	1	0	1	0
           648	2024-10-22 12:47:55	1	0	1	0
           640	2024-10-22 12:48:08	1	0	1	0
           444	2024-10-22 12:48:15	1	0	1	0
           408	2024-10-22 12:48:34	1	0	1	0
           399	2024-10-22 12:49:17	1	0	1	0
           288	2024-10-22 12:49:52	1	0	1	0
           601	2024-10-22 12:50:12	1	0	1	0
           523	2024-10-22 12:50:41	1	0	1	0
           355	2024-10-22 12:50:45	1	0	1	0
           655	2024-10-22 12:52:45	1	0	1	0
           183	2024-10-22 12:54:21	1	0	1	0
           361	2024-10-22 12:54:37	1	0	1	0
           149	2024-10-22 12:54:55	1	0	1	0
           417	2024-10-22 12:55:17	1	0	15	0
           476	2024-10-22 12:55:38	1	0	1	0
           413	2024-10-22 12:55:45	1	0	4	0
           206	2024-10-22 12:55:50	1	0	1	0
           275	2024-10-22 12:56:05	1	0	1	0
           529	2024-10-22 13:00:15	1	0	1	0
           331	2024-10-22 13:10:05	1	0	1	0
           485	2024-10-22 13:18:43	1	0	1	0
           485	2024-10-22 13:38:21	1	0	1	0
           236	2024-10-22 13:39:44	1	0	1	0
           305	2024-10-22 13:42:22	1	0	1	0
           124	2024-10-22 14:54:03	1	0	15	0
           418	2024-10-22 15:00:07	1	0	1	0
            70	2024-10-22 16:04:19	1	0	1	0
            93	2024-10-22 16:06:27	1	0	1	0
           182	2024-10-22 16:06:43	1	0	1	0
           460	2024-10-22 16:07:57	1	0	1	0
            88	2024-10-22 16:08:11	1	0	1	0
           413	2024-10-22 16:39:09	1	0	4	0
           600	2024-10-22 17:00:04	1	0	1	0
           566	2024-10-22 17:00:06	1	0	1	0
           581	2024-10-22 17:00:09	1	0	1	0
           387	2024-10-22 17:00:15	1	0	15	0
           422	2024-10-22 17:00:21	1	0	1	0
           366	2024-10-22 17:00:48	1	0	15	0
           236	2024-10-22 17:01:02	1	0	1	0
            37	2024-10-22 17:01:07	1	0	1	0
           184	2024-10-22 17:01:14	1	0	1	0
            53	2024-10-22 17:01:21	1	0	1	0
           123	2024-10-22 17:01:27	1	0	1	0
           660	2024-10-22 17:01:31	1	0	1	0
            86	2024-10-22 17:01:37	1	0	1	0
           350	2024-10-22 17:01:44	1	0	1	0
           642	2024-10-22 17:01:50	1	0	1	0
            77	2024-10-22 17:01:57	1	0	1	0
           194	2024-10-22 17:02:05	1	0	1	0
           288	2024-10-22 17:02:11	1	0	1	0
           583	2024-10-22 17:02:17	1	0	1	0
           655	2024-10-22 17:02:24	1	0	1	0
           397	2024-10-22 17:02:32	1	0	1	0
           149	2024-10-22 17:02:37	1	0	1	0
           115	2024-10-22 17:02:44	1	0	1	0
           631	2024-10-22 17:02:50	1	0	1	0
           331	2024-10-22 17:02:55	1	0	1	0
           635	2024-10-22 17:02:59	1	0	1	0
           523	2024-10-22 17:03:05	1	0	1	0
           582	2024-10-22 17:03:10	1	0	1	0
           606	2024-10-22 17:03:15	1	0	1	0
           632	2024-10-22 17:03:20	1	0	1	0
           443	2024-10-22 17:03:25	1	0	1	0
           101	2024-10-22 17:03:31	1	0	1	0
           640	2024-10-22 17:03:37	1	0	1	0
           227	2024-10-22 17:03:45	1	0	15	0
           360	2024-10-22 17:04:15	1	0	1	0
           398	2024-10-22 17:04:19	1	0	1	0
           404	2024-10-22 17:04:28	1	0	1	0
           601	2024-10-22 17:04:38	1	0	1	0
           370	2024-10-22 17:04:44	1	0	1	0
           659	2024-10-22 17:05:04	1	0	1	0
           562	2024-10-22 17:05:09	1	0	1	0
           556	2024-10-22 17:05:36	1	0	1	0
           648	2024-10-22 17:05:42	1	0	1	0
           375	2024-10-22 17:05:55	1	0	1	0
           265	2024-10-22 17:06:24	1	0	1	0
           121	2024-10-22 17:07:12	1	0	1	0
           513	2024-10-22 17:07:20	1	0	1	0
            40	2024-10-22 17:07:28	1	0	1	0
           361	2024-10-22 17:07:38	1	0	1	0
           417	2024-10-22 17:07:44	1	0	1	0
           337	2024-10-22 17:07:53	1	0	1	0
           573	2024-10-22 17:07:59	1	0	1	0
           579	2024-10-22 17:08:06	1	0	1	0
            38	2024-10-22 17:08:15	1	0	1	0
            69	2024-10-22 17:08:28	1	0	1	0
           119	2024-10-22 17:08:47	1	0	15	0
           146	2024-10-22 17:09:03	1	0	15	0
           335	2024-10-22 17:09:20	1	0	1	0
           338	2024-10-22 17:12:15	1	0	1	0
           105	2024-10-22 17:12:42	1	0	1	0
           399	2024-10-22 17:13:40	1	0	1	0
           434	2024-10-22 17:13:50	1	0	1	0
           444	2024-10-22 17:14:11	1	0	1	0
            73	2024-10-22 17:14:33	1	0	1	0
           520	2024-10-22 17:14:39	1	0	1	0
           200	2024-10-22 17:14:52	1	0	1	0
           196	2024-10-22 17:15:28	1	0	1	0
            83	2024-10-22 17:20:43	1	0	1	0
           355	2024-10-22 17:20:53	1	0	1	0
           502	2024-10-22 17:25:59	1	0	1	0
           453	2024-10-22 17:26:11	1	0	1	0
           529	2024-10-22 17:26:34	1	0	1	0
           604	2024-10-22 17:27:29	1	0	1	0
           125	2024-10-22 17:27:35	1	0	1	0
            27	2024-10-22 17:27:50	1	0	15	0
           493	2024-10-22 17:28:03	1	0	1	0
           546	2024-10-22 17:30:23	1	0	1	0
           467	2024-10-22 17:30:27	1	0	1	0
           516	2024-10-22 17:33:46	1	0	1	0
           485	2024-10-22 17:36:33	1	0	1	0
           205	2024-10-22 17:40:33	1	0	1	0
           586	2024-10-22 17:43:03	1	0	1	0
           414	2024-10-22 17:44:29	1	0	1	0
           465	2024-10-22 17:49:39	1	0	1	0
            75	2024-10-22 17:49:48	1	0	1	0
           492	2024-10-22 18:04:26	1	0	1	0
           541	2024-10-22 20:10:35	1	0	1	0
           567	2024-10-22 21:39:28	1	0	1	0
           305	2024-10-22 22:03:24	1	0	1	0
           124	2024-10-22 22:47:34	1	0	15	0
           305	2024-10-23 06:30:09	1	0	1	0
           123	2024-10-23 06:37:08	1	0	1	0
           567	2024-10-23 07:00:06	1	0	1	0
            70	2024-10-23 07:43:31	1	0	1	0
           635	2024-10-23 07:52:31	1	0	1	0
           105	2024-10-23 07:53:19	1	0	1	0
            40	2024-10-23 08:07:32	1	0	1	0
           635	2024-10-23 12:06:50	1	0	1	0
            40	2024-10-23 12:19:37	1	0	1	0
            40	2024-10-23 12:54:27	1	0	1	0
           635	2024-10-23 12:54:35	1	0	1	0
           124	2024-10-23 13:55:11	1	0	15	0
           305	2024-10-23 15:05:45	1	0	1	0
            70	2024-10-23 16:00:57	1	0	1	0
           620	2024-10-23 21:18:45	1	0	1	0
           567	2024-10-23 21:19:04	1	0	1	0
           124	2024-10-23 22:00:39	1	0	15	0
           305	2024-10-24 05:56:11	1	0	1	0
           567	2024-10-24 06:00:46	1	0	1	0
           124	2024-10-24 07:01:33	1	0	15	0
           620	2024-10-24 07:11:52	1	0	1	0
           227	2024-10-24 07:27:54	1	0	15	0
            40	2024-10-24 07:38:50	1	0	1	0
            70	2024-10-24 07:50:40	1	0	1	0
           635	2024-10-24 08:01:47	1	0	1	0
           305	2024-10-24 14:01:08	1	0	1	0
           567	2024-10-24 14:38:59	1	0	1	0
           124	2024-10-24 15:14:24	1	0	15	0
            70	2024-10-24 16:03:00	1	0	1	0
           418	2024-10-24 20:05:52	1	0	1	0
           620	2024-10-24 20:06:04	1	0	1	0
           567	2024-10-24 23:04:30	1	0	1	0
           620	2024-10-25 06:04:22	1	0	1	0
           418	2024-10-25 06:17:59	1	0	1	0
           196	2024-10-25 06:28:26	1	0	1	0
           119	2024-10-25 06:28:32	1	0	15	0
           632	2024-10-25 06:28:40	1	0	1	0
           124	2024-10-25 06:36:40	1	0	15	0
           646	2024-10-25 06:37:31	1	0	1	0
           422	2024-10-25 06:56:13	1	0	1	0
           123	2024-10-25 07:04:07	1	0	1	0
           582	2024-10-25 07:08:06	1	0	1	0
           387	2024-10-25 07:09:08	1	0	15	0
           566	2024-10-25 07:13:51	1	0	1	0
           581	2024-10-25 07:14:05	1	0	15	0
           523	2024-10-25 07:15:52	1	0	1	0
           642	2024-10-25 07:16:48	1	0	1	0
           434	2024-10-25 07:19:31	1	0	1	0
           366	2024-10-25 07:28:30	1	0	15	0
           360	2024-10-25 07:29:27	1	0	1	0
           227	2024-10-25 07:33:04	1	0	15	0
           398	2024-10-25 07:44:13	1	0	1	0
            70	2024-10-25 07:49:54	1	0	1	0
           635	2024-10-25 08:00:16	1	0	1	0
           408	2024-10-25 08:09:20	1	0	1	0
           105	2024-10-25 08:50:55	1	0	1	0
           338	2024-10-25 08:56:17	1	0	1	0
            86	2024-10-25 09:20:53	1	0	1	0
           581	2024-10-25 11:30:03	1	0	1	0
           387	2024-10-25 11:30:15	1	0	15	0
           422	2024-10-25 11:30:21	1	0	1	0
           366	2024-10-25 11:30:28	1	0	1	0
           196	2024-10-25 11:30:35	1	0	1	0
           123	2024-10-25 11:30:41	1	0	1	0
           582	2024-10-25 11:30:51	1	0	1	0
           646	2024-10-25 11:31:06	1	0	1	0
           566	2024-10-25 11:32:57	1	0	15	0
           119	2024-10-25 11:34:24	1	0	15	0
           642	2024-10-25 11:36:11	1	0	1	0
           360	2024-10-25 11:42:18	1	0	1	0
           632	2024-10-25 11:42:25	1	0	1	0
           366	2024-10-25 12:00:07	1	0	1	0
           196	2024-10-25 12:00:15	1	0	1	0
           387	2024-10-25 12:00:24	1	0	15	0
           646	2024-10-25 12:00:39	1	0	1	0
           422	2024-10-25 12:00:50	1	0	1	0
           123	2024-10-25 12:01:00	1	0	1	0
           581	2024-10-25 12:01:06	1	0	1	0
           632	2024-10-25 12:01:18	1	0	1	0
           360	2024-10-25 12:01:46	1	0	1	0
           119	2024-10-25 12:02:02	1	0	15	0
           105	2024-10-25 12:02:47	1	0	1	0
           635	2024-10-25 12:03:00	1	0	1	0
           408	2024-10-25 12:03:05	1	0	1	0
           338	2024-10-25 12:03:56	1	0	1	0
           398	2024-10-25 12:05:25	1	0	1	0
           582	2024-10-25 12:08:36	1	0	1	0
           643	2024-10-25 12:11:44	1	0	1	0
           642	2024-10-25 12:15:50	1	0	1	0
           566	2024-10-25 12:16:11	1	0	1	0
           635	2024-10-25 12:18:45	1	0	1	0
           105	2024-10-25 12:21:23	1	0	1	0
           408	2024-10-25 12:21:48	1	0	1	0
           338	2024-10-25 12:23:16	1	0	1	0
           398	2024-10-25 12:32:22	1	0	1	0
           567	2024-10-25 13:41:43	1	0	1	0
