           571	2023-04-26 15:12:18	1	0	15	0
            27	2023-04-26 15:14:35	1	0	15	0
           408	2023-06-21 08:23:43	1	0	15	0
           413	2023-06-21 08:31:51	1	0	1	0
           413	2023-06-21 08:32:02	1	0	1	0
           413	2023-07-18 18:56:53	1	0	1	0
           413	2023-07-18 20:10:21	1	0	1	0
           413	2023-08-25 16:36:47	1	0	1	0
           413	2023-08-25 16:38:27	1	0	1	0
            58	2023-08-25 16:39:36	1	0	1	0
            48	2023-08-25 16:40:36	1	0	1	0
           132	2023-08-25 16:41:05	1	0	1	0
           142	2023-08-25 16:41:44	1	0	1	0
           145	2023-08-25 16:42:37	1	0	1	0
           144	2023-08-25 16:43:19	1	0	1	0
           187	2023-08-25 16:43:57	1	0	1	0
           401	2023-08-25 16:44:27	1	0	1	0
           332	2023-08-25 16:44:54	1	0	1	0
           413	2023-08-25 16:53:19	1	0	1	0
            91	2023-08-25 16:58:19	1	0	1	0
           185	2023-08-25 16:59:09	1	0	1	0
           241	2023-08-25 16:59:40	1	0	1	0
           181	2023-08-25 17:00:10	1	0	1	0
           180	2023-08-25 17:00:39	1	0	1	0
           527	2023-08-25 17:01:13	1	0	1	0
           536	2023-08-25 17:01:46	1	0	1	0
           592	2023-08-25 17:02:57	1	0	1	0
           118	2023-08-25 17:03:40	1	0	1	0
           471	2023-08-25 17:04:22	1	0	1	0
           472	2023-08-25 17:05:34	1	0	1	0
            57	2023-08-29 09:39:39	1	0	1	0
           379	2023-08-29 10:11:47	1	0	1	0
            80	2023-08-29 11:47:10	1	0	1	0
           511	2023-08-29 11:47:52	1	0	1	0
           551	2023-08-29 11:48:20	1	0	1	0
           413	2023-08-29 12:38:15	1	0	1	0
           369	2023-08-31 12:55:37	1	0	1	0
            57	2023-08-31 16:49:28	1	0	1	0
            58	2023-09-01 06:18:54	1	0	1	0
            91	2023-09-01 07:09:12	1	0	1	0
           185	2023-09-01 07:09:30	1	0	1	0
           144	2023-09-01 07:09:40	1	0	1	0
           187	2023-09-01 07:12:01	1	0	1	0
           401	2023-09-01 07:12:27	1	0	1	0
           181	2023-09-01 07:33:36	1	0	1	0
           379	2023-09-01 07:39:16	1	0	1	0
           118	2023-09-01 07:49:52	1	0	1	0
           551	2023-09-01 07:49:59	1	0	1	0
           472	2023-09-01 07:50:25	1	0	1	0
           527	2023-09-01 07:50:34	1	0	1	0
           369	2023-09-01 07:52:11	1	1	1	0
           180	2023-09-01 07:52:33	1	1	1	0
           536	2023-09-01 07:57:48	1	1	1	0
            57	2023-09-01 07:59:06	1	1	1	0
           593	2023-09-01 08:01:49	1	1	1	0
           473	2023-09-01 08:02:32	1	1	1	0
           379	2023-09-01 12:00:05	1	0	1	0
           473	2023-09-01 12:00:34	1	0	1	0
           551	2023-09-01 12:04:28	1	0	1	0
           241	2023-09-01 12:04:34	1	0	1	0
            80	2023-09-01 12:04:57	1	0	1	0
           511	2023-09-01 12:05:02	1	0	1	0
           181	2023-09-01 12:06:20	1	0	1	0
           527	2023-09-01 12:06:27	1	0	1	0
           536	2023-09-01 12:06:41	1	0	1	0
           472	2023-09-01 12:07:48	1	0	1	0
           118	2023-09-01 12:07:54	1	0	1	0
           185	2023-09-01 12:14:09	1	0	1	0
            57	2023-09-01 12:24:25	1	0	1	0
            80	2023-09-01 12:25:04	1	0	1	0
           379	2023-09-01 12:25:19	1	0	1	0
           592	2023-09-01 12:28:18	1	0	1	0
           180	2023-09-01 12:33:33	1	0	1	0
           181	2023-09-01 12:33:49	1	0	1	0
           536	2023-09-01 12:33:54	1	0	1	0
           118	2023-09-01 12:34:35	1	0	1	0
           472	2023-09-01 12:34:39	1	0	1	0
           241	2023-09-01 12:36:22	1	0	1	0
           527	2023-09-01 12:38:16	1	0	1	0
           551	2023-09-01 12:40:25	1	0	1	0
            57	2023-09-01 12:47:13	1	0	1	0
           369	2023-09-01 12:48:51	1	0	1	0
           473	2023-09-01 12:49:45	1	0	1	0
           180	2023-09-01 12:50:12	1	0	1	0
           592	2023-09-01 12:51:33	1	0	1	0
           185	2023-09-01 12:54:16	1	0	1	0
           241	2023-09-01 17:02:12	1	0	1	0
           379	2023-09-01 17:02:19	1	0	1	0
           473	2023-09-01 17:02:33	1	0	1	0
           527	2023-09-01 17:02:39	1	0	1	0
           180	2023-09-01 17:02:52	1	0	1	0
           536	2023-09-01 17:03:00	1	0	1	0
           181	2023-09-01 17:03:06	1	0	1	0
           592	2023-09-01 17:03:20	1	0	1	0
           369	2023-09-01 17:03:26	1	0	1	0
            57	2023-09-01 17:04:03	1	0	1	0
           472	2023-09-01 17:05:32	1	0	1	0
           185	2023-09-01 17:06:00	1	0	1	0
           118	2023-09-01 17:08:10	1	0	1	0
           551	2023-09-01 17:08:51	1	0	1	0
           401	2023-09-01 17:12:44	1	0	1	0
           593	2023-09-01 17:18:59	1	0	1	0
            80	2023-09-01 17:35:38	1	0	1	0
            91	2023-09-01 19:00:14	1	0	1	0
           181	2023-09-04 05:36:30	1	0	1	0
            58	2023-09-04 06:15:01	1	0	1	0
           241	2023-09-04 06:57:34	1	0	1	0
           180	2023-09-04 07:10:33	1	0	1	0
           187	2023-09-04 07:12:47	1	0	1	0
            91	2023-09-04 07:13:30	1	0	1	0
           185	2023-09-04 07:18:16	1	0	1	0
           473	2023-09-04 07:27:48	1	0	1	0
           593	2023-09-04 07:28:07	1	0	1	0
           142	2023-09-04 07:38:27	1	0	1	0
           132	2023-09-04 07:38:34	1	0	1	0
           379	2023-09-04 07:39:10	1	0	1	0
           118	2023-09-04 07:42:17	1	0	1	0
           592	2023-09-04 07:44:36	1	0	1	0
           527	2023-09-04 07:47:09	1	0	1	0
           471	2023-09-04 07:47:44	1	0	1	0
           472	2023-09-04 07:47:50	1	0	1	0
           536	2023-09-04 07:48:28	1	0	1	0
           145	2023-09-04 07:48:47	1	0	1	0
           551	2023-09-04 07:49:26	1	0	1	0
            48	2023-09-04 07:49:44	1	0	1	0
           401	2023-09-04 07:56:05	1	0	1	0
            80	2023-09-04 08:03:47	1	0	1	0
           369	2023-09-04 08:05:39	1	0	1	0
            57	2023-09-04 08:07:46	1	0	1	0
           379	2023-09-04 12:01:10	1	0	1	0
           473	2023-09-04 12:01:24	1	0	1	0
           471	2023-09-04 12:02:14	1	0	1	0
           369	2023-09-04 12:03:32	1	0	1	0
           551	2023-09-04 12:04:08	1	0	1	0
            80	2023-09-04 12:04:13	1	0	1	0
           593	2023-09-04 12:05:06	1	0	1	0
           132	2023-09-04 12:05:33	1	0	1	0
           142	2023-09-04 12:05:37	1	0	1	0
           180	2023-09-04 12:05:47	1	0	1	0
           181	2023-09-04 12:05:55	1	0	1	0
           536	2023-09-04 12:06:00	1	0	1	0
           527	2023-09-04 12:06:06	1	0	1	0
           332	2023-09-04 12:08:41	1	0	1	0
            48	2023-09-04 12:08:48	1	0	1	0
           187	2023-09-04 12:08:54	1	0	1	0
            58	2023-09-04 12:09:03	1	0	1	0
           145	2023-09-04 12:11:01	1	0	1	0
           401	2023-09-04 12:11:08	1	0	1	0
           118	2023-09-04 12:11:28	1	0	1	0
           472	2023-09-04 12:12:40	1	0	1	0
            57	2023-09-04 12:14:00	1	0	1	0
           592	2023-09-04 12:16:30	1	0	1	0
            91	2023-09-04 12:16:36	1	0	1	0
           241	2023-09-04 12:18:19	1	0	1	0
           185	2023-09-04 12:20:04	1	0	1	0
           144	2023-09-04 12:23:59	1	0	1	0
            48	2023-09-04 12:24:07	1	0	1	0
           473	2023-09-04 12:28:54	1	0	1	0
           472	2023-09-04 12:30:49	1	0	1	0
           145	2023-09-04 12:32:51	1	0	1	0
           401	2023-09-04 12:32:58	1	0	1	0
            57	2023-09-04 12:33:11	1	0	1	0
           593	2023-09-04 12:34:10	1	0	1	0
            91	2023-09-04 12:36:24	1	0	1	0
           471	2023-09-04 12:38:23	1	0	1	0
           180	2023-09-04 12:39:45	1	0	1	0
            80	2023-09-04 12:40:29	1	0	1	0
           551	2023-09-04 12:40:41	1	0	1	0
           118	2023-09-04 12:40:48	1	0	1	0
           592	2023-09-04 12:46:27	1	0	1	0
           332	2023-09-04 12:47:06	1	0	1	0
           527	2023-09-04 12:48:31	1	0	1	0
           181	2023-09-04 12:48:37	1	0	1	0
           536	2023-09-04 12:48:41	1	0	1	0
           241	2023-09-04 12:51:18	1	0	1	0
           142	2023-09-04 12:55:26	1	0	1	0
           132	2023-09-04 12:55:36	1	0	1	0
           187	2023-09-04 12:59:04	1	0	1	0
           379	2023-09-04 12:59:27	1	0	1	0
           369	2023-09-04 13:22:52	1	0	1	0
            48	2023-09-04 17:00:33	1	0	1	0
            58	2023-09-04 17:00:43	1	0	1	0
           187	2023-09-04 17:01:04	1	0	1	0
           369	2023-09-04 17:01:41	1	0	1	0
           379	2023-09-04 17:02:01	1	0	1	0
           473	2023-09-04 17:02:36	1	0	1	0
           471	2023-09-04 17:02:48	1	0	1	0
           241	2023-09-04 17:04:01	1	0	1	0
           592	2023-09-04 17:04:29	1	0	1	0
            57	2023-09-04 17:04:39	1	0	1	0
           536	2023-09-04 17:04:44	1	0	1	0
           180	2023-09-04 17:05:13	1	0	1	0
           593	2023-09-04 17:05:45	1	0	1	0
           472	2023-09-04 17:05:51	1	0	1	0
           118	2023-09-04 17:06:00	1	0	1	0
           527	2023-09-04 17:06:41	1	0	1	0
           185	2023-09-04 17:06:48	1	0	1	0
           132	2023-09-04 17:07:35	1	0	1	0
           142	2023-09-04 17:07:45	1	0	1	0
           401	2023-09-04 17:07:51	1	0	1	0
           181	2023-09-04 17:09:50	1	0	1	0
           144	2023-09-04 17:15:58	1	0	1	0
           332	2023-09-04 17:22:41	1	0	1	0
            91	2023-09-04 17:27:28	1	0	1	0
            80	2023-09-04 17:37:00	1	0	1	0
           145	2023-09-04 17:58:21	1	0	1	0
            58	2023-09-05 06:04:21	1	0	1	0
           181	2023-09-05 06:19:46	1	0	1	0
           592	2023-09-05 07:19:38	1	0	1	0
           132	2023-09-05 07:27:22	1	0	1	0
           187	2023-09-05 07:34:35	1	0	1	0
           379	2023-09-05 07:36:51	1	0	1	0
            91	2023-09-05 07:37:25	1	0	1	0
           185	2023-09-05 07:37:33	1	0	1	0
           536	2023-09-05 07:40:15	1	0	1	0
           593	2023-09-05 07:42:54	1	0	1	0
           145	2023-09-05 07:43:39	1	0	1	0
           471	2023-09-05 07:46:24	1	0	1	0
           472	2023-09-05 07:46:27	1	0	1	0
           527	2023-09-05 07:46:42	1	0	1	0
           369	2023-09-05 07:52:44	1	0	1	0
           473	2023-09-05 07:52:52	1	0	1	0
            57	2023-09-05 07:55:57	1	0	1	0
           144	2023-09-05 07:56:33	1	0	1	0
            48	2023-09-05 07:56:57	1	0	1	0
           401	2023-09-05 07:57:11	1	0	1	0
           332	2023-09-05 08:01:02	1	0	1	0
           241	2023-09-05 08:02:09	1	0	1	0
            80	2023-09-05 08:02:22	1	0	1	0
           593	2023-09-05 12:01:36	1	0	1	0
           527	2023-09-05 12:02:03	1	0	1	0
           379	2023-09-05 12:02:20	1	0	1	0
            57	2023-09-05 12:04:23	1	0	1	0
           185	2023-09-05 12:06:07	1	0	1	0
           592	2023-09-05 12:06:16	1	0	1	0
           132	2023-09-05 12:06:20	1	0	1	0
           181	2023-09-05 12:06:26	1	0	1	0
           536	2023-09-05 12:06:35	1	0	1	0
            48	2023-09-05 12:06:43	1	0	1	0
           369	2023-09-05 12:07:15	1	0	1	0
            58	2023-09-05 12:07:22	1	0	1	0
           471	2023-09-05 12:09:06	1	0	1	0
           473	2023-09-05 12:10:00	1	0	1	0
           332	2023-09-05 12:12:34	1	0	1	0
           241	2023-09-05 12:16:21	1	0	1	0
           369	2023-09-05 12:22:45	1	0	1	0
           536	2023-09-05 12:24:49	1	0	1	0
           471	2023-09-05 12:25:47	1	0	1	0
           181	2023-09-05 12:30:13	1	0	1	0
           185	2023-09-05 12:30:19	1	0	1	0
           132	2023-09-05 12:30:34	1	0	1	0
           473	2023-09-05 12:31:07	1	0	1	0
           332	2023-09-05 12:32:04	1	0	1	0
            80	2023-09-05 12:33:46	1	0	1	0
            58	2023-09-05 12:34:09	1	0	1	0
           401	2023-09-05 12:34:18	1	0	1	0
           145	2023-09-05 12:34:38	1	0	1	0
            48	2023-09-05 12:36:23	1	0	1	0
           187	2023-09-05 12:41:24	1	0	1	0
           593	2023-09-05 12:41:40	1	0	1	0
           144	2023-09-05 12:45:13	1	0	1	0
           527	2023-09-05 12:48:46	1	0	1	0
           145	2023-09-05 12:53:52	1	0	1	0
           401	2023-09-05 12:53:57	1	0	1	0
           241	2023-09-05 12:56:51	1	0	1	0
           379	2023-09-05 12:58:04	1	0	1	0
           592	2023-09-05 12:58:29	1	0	1	0
           144	2023-09-05 13:00:17	1	0	1	0
            80	2023-09-05 17:00:33	1	0	1	0
           379	2023-09-05 17:01:24	1	0	1	0
           181	2023-09-05 17:01:41	1	0	1	0
           527	2023-09-05 17:01:48	1	0	1	0
           536	2023-09-05 17:02:01	1	0	1	0
           592	2023-09-05 17:02:10	1	0	1	0
           471	2023-09-05 17:02:17	1	0	1	0
            57	2023-09-05 17:02:24	1	0	1	0
           472	2023-09-05 17:02:40	1	0	1	0
           473	2023-09-05 17:02:47	1	0	1	0
            58	2023-09-05 17:02:54	1	0	1	0
            48	2023-09-05 17:04:18	1	0	1	0
           369	2023-09-05 17:04:50	1	0	1	0
           132	2023-09-05 17:05:38	1	0	1	0
           187	2023-09-05 17:05:51	1	0	1	0
           241	2023-09-05 17:09:39	1	0	1	0
           401	2023-09-05 17:09:58	1	0	1	0
           185	2023-09-05 17:11:32	1	0	1	0
           144	2023-09-05 17:13:27	1	0	1	0
           145	2023-09-05 17:37:39	1	0	1	0
           332	2023-09-05 17:47:02	1	0	1	0
            91	2023-09-05 18:35:24	1	0	1	0
            58	2023-09-06 05:56:15	1	0	1	0
           181	2023-09-06 06:41:10	1	0	1	0
           180	2023-09-06 06:57:53	1	0	1	0
           473	2023-09-06 07:09:38	1	0	1	0
            91	2023-09-06 07:17:24	1	0	1	0
           185	2023-09-06 07:17:45	1	0	1	0
           187	2023-09-06 07:26:05	1	0	1	0
           592	2023-09-06 07:29:08	1	0	1	0
           379	2023-09-06 07:34:08	1	0	1	0
            48	2023-09-06 07:40:10	1	0	1	0
           142	2023-09-06 07:46:46	1	0	1	0
           132	2023-09-06 07:47:24	1	0	1	0
           145	2023-09-06 07:47:51	1	0	1	0
           536	2023-09-06 07:48:22	1	0	1	0
            80	2023-09-06 07:49:41	1	0	1	0
           241	2023-09-06 07:50:50	1	0	1	0
           527	2023-09-06 07:52:02	1	0	1	0
           593	2023-09-06 07:52:22	1	0	1	0
           332	2023-09-06 07:55:51	1	0	1	0
           472	2023-09-06 07:57:25	1	0	1	0
           471	2023-09-06 07:57:32	1	0	1	0
           401	2023-09-06 08:00:18	1	0	1	0
           369	2023-09-06 08:07:04	1	0	1	0
            57	2023-09-06 08:09:23	1	0	1	0
           187	2023-09-06 12:01:06	1	0	1	0
            48	2023-09-06 12:01:14	1	0	1	0
           473	2023-09-06 12:01:36	1	0	1	0
           527	2023-09-06 12:01:49	1	0	1	0
           379	2023-09-06 12:03:06	1	0	1	0
           180	2023-09-06 12:03:41	1	0	1	0
           536	2023-09-06 12:03:46	1	0	1	0
           592	2023-09-06 12:05:10	1	0	1	0
           593	2023-09-06 12:06:08	1	0	1	0
           332	2023-09-06 12:07:53	1	0	1	0
            80	2023-09-06 12:08:59	1	0	1	0
           185	2023-09-06 12:10:27	1	0	1	0
           181	2023-09-06 12:10:33	1	0	1	0
           472	2023-09-06 12:10:58	1	0	1	0
           471	2023-09-06 12:12:00	1	0	1	0
           369	2023-09-06 12:12:16	1	0	1	0
           142	2023-09-06 12:18:19	1	0	1	0
           132	2023-09-06 12:18:22	1	0	1	0
            48	2023-09-06 12:18:45	1	0	1	0
            58	2023-09-06 12:18:55	1	0	1	0
           527	2023-09-06 12:19:02	1	0	1	0
           145	2023-09-06 12:21:27	1	0	1	0
           241	2023-09-06 12:23:21	1	0	1	0
           187	2023-09-06 12:26:15	1	0	1	0
           369	2023-09-06 12:29:57	1	0	1	0
           180	2023-09-06 12:35:47	1	0	1	0
           472	2023-09-06 12:39:20	1	0	1	0
           473	2023-09-06 12:39:26	1	0	1	0
           471	2023-09-06 12:40:04	1	0	1	0
            58	2023-09-06 12:42:25	1	0	1	0
            80	2023-09-06 12:42:45	1	0	1	0
           181	2023-09-06 12:44:31	1	0	1	0
           185	2023-09-06 12:44:35	1	0	1	0
           536	2023-09-06 12:44:42	1	0	1	0
           592	2023-09-06 12:45:04	1	0	1	0
           593	2023-09-06 12:45:40	1	0	1	0
           241	2023-09-06 12:47:54	1	0	1	0
           145	2023-09-06 12:51:29	1	0	1	0
           401	2023-09-06 12:51:37	1	0	1	0
            57	2023-09-06 12:52:00	1	0	1	0
           332	2023-09-06 12:52:59	1	0	1	0
           379	2023-09-06 12:58:51	1	0	1	0
           142	2023-09-06 13:00:53	1	0	1	0
           132	2023-09-06 13:01:21	1	0	1	0
            57	2023-09-06 13:08:06	1	0	1	0
            57	2023-09-06 17:00:34	1	0	1	0
           473	2023-09-06 17:00:58	1	0	1	0
            58	2023-09-06 17:02:14	1	0	1	0
           536	2023-09-06 17:03:05	1	0	1	0
           527	2023-09-06 17:03:12	1	0	1	0
           471	2023-09-06 17:03:41	1	0	1	0
           187	2023-09-06 17:04:27	1	0	1	0
           185	2023-09-06 17:04:56	1	0	1	0
           379	2023-09-06 17:05:45	1	0	1	0
           592	2023-09-06 17:06:31	1	0	1	0
           369	2023-09-06 17:12:20	1	0	1	0
           241	2023-09-06 17:12:39	1	0	1	0
           180	2023-09-06 17:13:31	1	0	1	0
           472	2023-09-06 17:14:18	1	0	1	0
           181	2023-09-06 17:21:34	1	0	1	0
            80	2023-09-06 17:24:01	1	0	1	0
           142	2023-09-06 17:27:02	1	0	1	0
           132	2023-09-06 17:27:09	1	0	1	0
            48	2023-09-06 17:33:01	1	0	1	0
           145	2023-09-06 17:59:45	1	0	1	0
           332	2023-09-06 18:02:13	1	0	1	0
           401	2023-09-06 18:14:33	1	0	1	0
           593	2023-09-06 18:31:25	1	0	1	0
            91	2023-09-06 19:59:37	1	0	1	0
           181	2023-09-07 05:57:03	1	0	1	0
            58	2023-09-07 06:11:58	1	0	1	0
           369	2023-09-07 06:52:08	1	0	1	0
           180	2023-09-07 07:05:50	1	0	1	0
            91	2023-09-07 07:09:40	1	0	1	0
           185	2023-09-07 07:16:19	1	0	1	0
           187	2023-09-07 07:27:15	1	0	1	0
           592	2023-09-07 07:35:13	1	0	1	0
           527	2023-09-07 07:41:13	1	0	1	0
           379	2023-09-07 07:41:27	1	0	1	0
           142	2023-09-07 07:45:21	1	0	1	0
           132	2023-09-07 07:46:05	1	0	1	0
           536	2023-09-07 07:50:21	1	0	1	0
           593	2023-09-07 07:50:31	1	0	1	0
           241	2023-09-07 07:54:33	1	0	1	0
           401	2023-09-07 07:55:47	1	0	1	0
            80	2023-09-07 07:56:36	1	0	1	0
           144	2023-09-07 07:57:19	1	0	1	0
           145	2023-09-07 07:57:25	1	0	1	0
           472	2023-09-07 07:57:32	1	0	1	0
           471	2023-09-07 07:57:39	1	0	1	0
           473	2023-09-07 07:58:07	1	0	1	0
            57	2023-09-07 08:01:13	1	0	1	0
           332	2023-09-07 08:36:20	1	0	1	0
           536	2023-09-07 12:00:32	1	0	1	0
           592	2023-09-07 12:00:38	1	0	1	0
           379	2023-09-07 12:00:45	1	0	1	0
           132	2023-09-07 12:02:17	1	0	1	0
           142	2023-09-07 12:02:22	1	0	1	0
           472	2023-09-07 12:03:52	1	0	1	0
           527	2023-09-07 12:04:01	1	0	1	0
           593	2023-09-07 12:04:39	1	0	1	0
           471	2023-09-07 12:04:49	1	0	1	0
           241	2023-09-07 12:05:25	1	0	1	0
           473	2023-09-07 12:05:28	1	0	1	0
           187	2023-09-07 12:06:16	1	0	1	0
            58	2023-09-07 12:06:26	1	0	1	0
           180	2023-09-07 12:08:51	1	0	1	0
            57	2023-09-07 12:13:14	1	0	1	0
           181	2023-09-07 12:13:20	1	0	1	0
           132	2023-09-07 12:17:18	1	0	1	0
           142	2023-09-07 12:17:24	1	0	1	0
           185	2023-09-07 12:19:36	1	0	1	0
           592	2023-09-07 12:20:00	1	0	1	0
            80	2023-09-07 12:22:41	1	0	1	0
            58	2023-09-07 12:24:21	1	0	1	0
           593	2023-09-07 12:24:37	1	0	1	0
           145	2023-09-07 12:29:17	1	0	1	0
           401	2023-09-07 12:29:23	1	0	1	0
           187	2023-09-07 12:29:27	1	0	1	0
           471	2023-09-07 12:31:47	1	0	1	0
           472	2023-09-07 12:31:50	1	0	1	0
           473	2023-09-07 12:31:58	1	0	1	0
           144	2023-09-07 12:36:02	1	0	1	0
           369	2023-09-07 12:37:16	1	0	1	0
           536	2023-09-07 12:39:16	1	0	1	0
           527	2023-09-07 12:39:22	1	0	1	0
           180	2023-09-07 12:42:12	1	0	1	0
           332	2023-09-07 12:42:23	1	0	1	0
           241	2023-09-07 12:44:27	1	0	1	0
            57	2023-09-07 12:44:39	1	0	1	0
            48	2023-09-07 12:45:04	1	0	1	0
           145	2023-09-07 12:51:36	1	0	1	0
           401	2023-09-07 12:51:44	1	0	1	0
           369	2023-09-07 12:53:46	1	0	1	0
           144	2023-09-07 12:56:50	1	0	1	0
           332	2023-09-07 12:58:04	1	0	1	0
           379	2023-09-07 13:00:30	1	0	1	0
            80	2023-09-07 13:00:49	1	0	1	0
            57	2023-09-07 17:00:20	1	0	1	0
           379	2023-09-07 17:02:29	1	0	1	0
           472	2023-09-07 17:03:09	1	0	1	0
           185	2023-09-07 17:03:56	1	0	1	0
           181	2023-09-07 17:04:03	1	0	1	0
           592	2023-09-07 17:04:23	1	0	1	0
           241	2023-09-07 17:04:31	1	0	1	0
           471	2023-09-07 17:04:39	1	0	1	0
            80	2023-09-07 17:06:25	1	0	1	0
           527	2023-09-07 17:07:25	1	0	1	0
           536	2023-09-07 17:07:51	1	0	1	0
            58	2023-09-07 17:08:04	1	0	1	0
           180	2023-09-07 17:08:48	1	0	1	0
           369	2023-09-07 17:11:10	1	0	1	0
           144	2023-09-07 17:11:32	1	0	1	0
            48	2023-09-07 17:12:20	1	0	1	0
           187	2023-09-07 17:13:05	1	0	1	0
           132	2023-09-07 17:23:06	1	0	1	0
           142	2023-09-07 17:23:11	1	0	1	0
           332	2023-09-07 17:29:50	1	0	1	0
           145	2023-09-07 17:31:38	1	0	1	0
           401	2023-09-07 17:31:45	1	0	1	0
           473	2023-09-07 18:07:34	1	0	1	0
            91	2023-09-07 18:40:21	1	0	1	0
           593	2023-09-07 19:41:30	1	0	1	0
           181	2023-09-08 05:47:34	1	0	1	0
            58	2023-09-08 06:10:07	1	0	1	0
           369	2023-09-08 07:01:27	1	0	1	0
            91	2023-09-08 07:20:47	1	0	1	0
           185	2023-09-08 07:20:55	1	0	1	0
           473	2023-09-08 07:31:47	1	0	1	0
           379	2023-09-08 07:37:13	1	0	1	0
           187	2023-09-08 07:38:53	1	0	1	0
           241	2023-09-08 07:43:15	1	0	1	0
            80	2023-09-08 07:45:18	1	0	1	0
           527	2023-09-08 07:45:40	1	0	1	0
            57	2023-09-08 07:45:49	1	0	1	0
           142	2023-09-08 07:49:05	1	0	1	0
           132	2023-09-08 07:49:42	1	0	1	0
           145	2023-09-08 07:50:22	1	0	1	0
           536	2023-09-08 07:53:06	1	0	1	0
           471	2023-09-08 07:54:47	1	0	1	0
           472	2023-09-08 07:54:52	1	0	1	0
           332	2023-09-08 07:55:16	1	0	1	0
           401	2023-09-08 08:00:15	1	0	1	0
            48	2023-09-08 08:00:30	1	0	1	0
           144	2023-09-08 08:02:22	1	0	1	0
           592	2023-09-08 08:08:09	1	0	1	0
           593	2023-09-08 08:09:11	1	0	1	0
           369	2023-09-08 12:01:01	1	0	1	0
           471	2023-09-08 12:01:32	1	0	1	0
           142	2023-09-08 12:02:09	1	0	1	0
           593	2023-09-08 12:02:23	1	0	1	0
           181	2023-09-08 12:03:09	1	0	1	0
           185	2023-09-08 12:03:15	1	0	1	0
           379	2023-09-08 12:03:22	1	0	1	0
           592	2023-09-08 12:04:50	1	0	1	0
           536	2023-09-08 12:05:23	1	0	1	0
           132	2023-09-08 12:08:43	1	0	1	0
            80	2023-09-08 12:10:49	1	0	1	0
           472	2023-09-08 12:11:23	1	0	1	0
           527	2023-09-08 12:12:44	1	0	1	0
           473	2023-09-08 12:15:15	1	0	1	0
            57	2023-09-08 12:15:44	1	0	1	0
            58	2023-09-08 12:18:48	1	0	1	0
           332	2023-09-08 12:20:22	1	0	1	0
           185	2023-09-08 12:21:50	1	0	1	0
           181	2023-09-08 12:21:57	1	0	1	0
            48	2023-09-08 12:24:17	1	0	1	0
           187	2023-09-08 12:24:21	1	0	1	0
           144	2023-09-08 12:26:57	1	0	1	0
            80	2023-09-08 12:28:25	1	0	1	0
           145	2023-09-08 12:31:37	1	0	1	0
           401	2023-09-08 12:31:43	1	0	1	0
           241	2023-09-08 12:32:54	1	0	1	0
           142	2023-09-08 12:33:23	1	0	1	0
           132	2023-09-08 12:33:28	1	0	1	0
            58	2023-09-08 12:37:37	1	0	1	0
           471	2023-09-08 12:38:48	1	0	1	0
           472	2023-09-08 12:38:50	1	0	1	0
           536	2023-09-08 12:40:19	1	0	1	0
           527	2023-09-08 12:40:26	1	0	1	0
            57	2023-09-08 12:42:08	1	0	1	0
           187	2023-09-08 12:42:19	1	0	1	0
            48	2023-09-08 12:42:35	1	0	1	0
           369	2023-09-08 12:43:04	1	0	1	0
           144	2023-09-08 12:44:33	1	0	1	0
           593	2023-09-08 12:53:10	1	0	1	0
           241	2023-09-08 12:55:02	1	0	1	0
           379	2023-09-08 12:59:17	1	0	1	0
           332	2023-09-08 13:01:21	1	0	1	0
           592	2023-09-08 13:09:44	1	0	1	0
           471	2023-09-08 17:00:11	1	0	1	0
           472	2023-09-08 17:00:41	1	0	1	0
           473	2023-09-08 17:00:55	1	0	1	0
           181	2023-09-08 17:01:26	1	0	1	0
            58	2023-09-08 17:02:55	1	0	1	0
           379	2023-09-08 17:03:15	1	0	1	0
           187	2023-09-08 17:04:07	1	0	1	0
           527	2023-09-08 17:04:14	1	0	1	0
           241	2023-09-08 17:04:35	1	0	1	0
           592	2023-09-08 17:04:39	1	0	1	0
            48	2023-09-08 17:05:07	1	0	1	0
           536	2023-09-08 17:05:14	1	0	1	0
            57	2023-09-08 17:06:55	1	0	1	0
           185	2023-09-08 17:13:28	1	0	1	0
           144	2023-09-08 17:18:17	1	0	1	0
           369	2023-09-08 17:18:25	1	0	1	0
           142	2023-09-08 17:18:37	1	0	1	0
           132	2023-09-08 17:18:55	1	0	1	0
           332	2023-09-08 17:20:28	1	0	1	0
            80	2023-09-08 17:22:52	1	0	1	0
           145	2023-09-08 17:31:25	1	0	1	0
           401	2023-09-08 17:57:36	1	0	1	0
           593	2023-09-08 20:37:23	1	0	1	0
           181	2023-09-11 05:22:15	1	0	1	0
            58	2023-09-11 06:09:35	1	0	1	0
           369	2023-09-11 06:59:22	1	0	1	0
           592	2023-09-11 07:27:59	1	0	1	0
           241	2023-09-11 07:32:42	1	0	1	0
           379	2023-09-11 07:34:15	1	0	1	0
           401	2023-09-11 07:34:59	1	0	1	0
           593	2023-09-11 07:37:09	1	0	1	0
           527	2023-09-11 07:39:45	1	0	1	0
            91	2023-09-11 07:43:05	1	0	1	0
           185	2023-09-11 07:43:11	1	0	1	0
           144	2023-09-11 07:43:15	1	0	1	0
           145	2023-09-11 07:43:33	1	0	1	0
           471	2023-09-11 07:45:45	1	0	1	0
           472	2023-09-11 07:45:49	1	0	1	0
           187	2023-09-11 07:45:55	1	0	1	0
           118	2023-09-11 07:47:55	1	0	1	0
           536	2023-09-11 07:52:58	1	0	1	0
           473	2023-09-11 07:55:09	1	0	1	0
            57	2023-09-11 07:55:14	1	0	1	0
            80	2023-09-11 07:55:24	1	0	1	0
           551	2023-09-11 07:55:30	1	0	1	0
           142	2023-09-11 07:55:59	1	0	1	0
            48	2023-09-11 07:56:15	1	0	1	0
           132	2023-09-11 07:56:42	1	0	1	0
           551	2023-09-11 12:00:06	1	0	1	0
            80	2023-09-11 12:00:11	1	0	1	0
           187	2023-09-11 12:00:42	1	0	1	0
            48	2023-09-11 12:00:54	1	0	1	0
           379	2023-09-11 12:01:00	1	0	1	0
            58	2023-09-11 12:01:15	1	0	1	0
           142	2023-09-11 12:03:24	1	0	1	0
           132	2023-09-11 12:04:17	1	0	1	0
           536	2023-09-11 12:05:23	1	0	1	0
           369	2023-09-11 12:06:00	1	0	1	0
           185	2023-09-11 12:06:20	1	0	1	0
           118	2023-09-11 12:07:07	1	0	1	0
           472	2023-09-11 12:07:10	1	0	1	0
           471	2023-09-11 12:07:16	1	0	1	0
           473	2023-09-11 12:07:40	1	0	1	0
           592	2023-09-11 12:08:49	1	0	1	0
           593	2023-09-11 12:09:28	1	0	1	0
           145	2023-09-11 12:10:17	1	0	1	0
           401	2023-09-11 12:10:23	1	0	1	0
           181	2023-09-11 12:14:41	1	0	1	0
            58	2023-09-11 12:17:59	1	0	1	0
           369	2023-09-11 12:21:05	1	0	1	0
           142	2023-09-11 12:23:58	1	0	1	0
           132	2023-09-11 12:24:04	1	0	1	0
           473	2023-09-11 12:27:11	1	0	1	0
           144	2023-09-11 12:30:25	1	0	1	0
           332	2023-09-11 12:32:20	1	0	1	0
           241	2023-09-11 12:34:40	1	0	1	0
           181	2023-09-11 12:34:58	1	0	1	0
            57	2023-09-11 12:36:20	1	0	1	0
           472	2023-09-11 12:37:09	1	0	1	0
            80	2023-09-11 12:38:23	1	0	1	0
           145	2023-09-11 12:38:28	1	0	1	0
           401	2023-09-11 12:38:34	1	0	1	0
           551	2023-09-11 12:38:42	1	0	1	0
           592	2023-09-11 12:42:59	1	0	1	0
           471	2023-09-11 12:44:49	1	0	1	0
           118	2023-09-11 12:44:54	1	0	1	0
           593	2023-09-11 12:45:32	1	0	1	0
           536	2023-09-11 12:47:34	1	0	1	0
           185	2023-09-11 12:50:17	1	0	1	0
           144	2023-09-11 12:51:22	1	0	1	0
            57	2023-09-11 12:53:15	1	0	1	0
           241	2023-09-11 12:54:24	1	0	1	0
           379	2023-09-11 12:55:34	1	0	1	0
            48	2023-09-11 12:57:45	1	0	1	0
           187	2023-09-11 12:57:50	1	0	1	0
            57	2023-09-11 17:01:38	1	0	1	0
           536	2023-09-11 17:01:45	1	0	1	0
           551	2023-09-11 17:01:52	1	0	1	0
           379	2023-09-11 17:02:00	1	0	1	0
            80	2023-09-11 17:02:10	1	0	1	0
            48	2023-09-11 17:02:42	1	0	1	0
            58	2023-09-11 17:02:52	1	0	1	0
           592	2023-09-11 17:03:01	1	0	1	0
           369	2023-09-11 17:03:07	1	0	1	0
           473	2023-09-11 17:03:15	1	0	1	0
           187	2023-09-11 17:03:19	1	0	1	0
           472	2023-09-11 17:03:32	1	0	1	0
           471	2023-09-11 17:05:01	1	0	1	0
           118	2023-09-11 17:06:40	1	0	1	0
           181	2023-09-11 17:09:16	1	0	1	0
           241	2023-09-11 17:10:58	1	0	1	0
           142	2023-09-11 17:22:29	1	0	1	0
           145	2023-09-11 17:29:25	1	0	1	0
           144	2023-09-11 17:29:46	1	0	1	0
           401	2023-09-11 17:49:25	1	0	1	0
           185	2023-09-11 17:51:46	1	0	1	0
           527	2023-09-11 17:58:19	1	0	1	0
           332	2023-09-11 17:59:52	1	0	1	0
           593	2023-09-11 18:00:20	1	0	1	0
           132	2023-09-11 18:03:41	1	0	1	0
            91	2023-09-11 18:20:50	1	0	1	0
            58	2023-09-12 06:09:49	1	0	1	0
           187	2023-09-12 07:05:29	1	0	1	0
           185	2023-09-12 07:12:30	1	0	1	0
            91	2023-09-12 07:13:41	1	0	1	0
           180	2023-09-12 07:25:05	1	0	1	0
           473	2023-09-12 07:29:44	1	0	1	0
           118	2023-09-12 07:30:09	1	0	1	0
           472	2023-09-12 07:37:26	1	0	1	0
           471	2023-09-12 07:37:30	1	0	1	0
           379	2023-09-12 07:37:45	1	0	1	0
           592	2023-09-12 07:43:27	1	0	1	0
            48	2023-09-12 07:43:37	1	0	1	0
           332	2023-09-12 07:44:09	1	0	1	0
           593	2023-09-12 07:46:38	1	0	1	0
           142	2023-09-12 07:50:24	1	0	1	0
           132	2023-09-12 07:50:53	1	0	1	0
           241	2023-09-12 07:51:47	1	0	1	0
           536	2023-09-12 07:52:01	1	0	1	0
           551	2023-09-12 07:54:22	1	0	1	0
            57	2023-09-12 07:54:52	1	0	1	0
            80	2023-09-12 07:57:22	1	0	1	0
           145	2023-09-12 08:00:13	1	0	1	0
           401	2023-09-12 08:00:18	1	0	1	0
           144	2023-09-12 08:01:16	1	0	1	0
           181	2023-09-12 08:29:26	1	0	1	0
           369	2023-09-12 08:51:48	1	0	1	0
           379	2023-09-12 12:01:09	1	0	1	0
           180	2023-09-12 12:01:37	1	0	1	0
           536	2023-09-12 12:01:43	1	0	1	0
            57	2023-09-12 12:01:54	1	0	1	0
           369	2023-09-12 12:01:59	1	0	1	0
           185	2023-09-12 12:02:25	1	0	1	0
           592	2023-09-12 12:02:30	1	0	1	0
           145	2023-09-12 12:02:38	1	0	1	0
           132	2023-09-12 12:02:45	1	0	1	0
            80	2023-09-12 12:02:57	1	0	1	0
           593	2023-09-12 12:03:30	1	0	1	0
           401	2023-09-12 12:04:56	1	0	1	0
            58	2023-09-12 12:05:06	1	0	1	0
           473	2023-09-12 12:05:13	1	0	1	0
           118	2023-09-12 12:05:23	1	0	1	0
           471	2023-09-12 12:05:31	1	0	1	0
           241	2023-09-12 12:08:25	1	0	1	0
           144	2023-09-12 12:10:55	1	0	1	0
           472	2023-09-12 12:11:45	1	0	1	0
           332	2023-09-12 12:16:16	1	0	1	0
           472	2023-09-12 12:28:05	1	0	1	0
           180	2023-09-12 12:28:28	1	0	1	0
           536	2023-09-12 12:28:33	1	0	1	0
           185	2023-09-12 12:28:48	1	0	1	0
            58	2023-09-12 12:30:54	1	0	1	0
           332	2023-09-12 12:33:55	1	0	1	0
           145	2023-09-12 12:35:25	1	0	1	0
           401	2023-09-12 12:35:31	1	0	1	0
           593	2023-09-12 12:36:14	1	0	1	0
           473	2023-09-12 12:37:47	1	0	1	0
           471	2023-09-12 12:39:58	1	0	1	0
           551	2023-09-12 12:40:04	1	0	1	0
           181	2023-09-12 12:40:09	1	0	1	0
           187	2023-09-12 12:42:20	1	0	1	0
            48	2023-09-12 12:42:27	1	0	1	0
           144	2023-09-12 12:42:38	1	0	1	0
           142	2023-09-12 12:47:19	1	0	1	0
           118	2023-09-12 12:47:32	1	0	1	0
           132	2023-09-12 12:48:13	1	0	1	0
           592	2023-09-12 12:48:27	1	0	1	0
           241	2023-09-12 12:49:26	1	0	1	0
           369	2023-09-12 12:54:47	1	0	1	0
           181	2023-09-12 12:56:07	1	0	1	0
            80	2023-09-12 12:56:27	1	0	1	0
           551	2023-09-12 12:56:35	1	0	1	0
           379	2023-09-12 12:57:19	1	0	1	0
            48	2023-09-12 13:02:01	1	0	1	0
           187	2023-09-12 13:02:07	1	0	1	0
           142	2023-09-12 13:02:45	1	0	1	0
           527	2023-09-12 13:03:02	1	0	1	0
           332	2023-09-12 17:00:05	1	0	1	0
            58	2023-09-12 17:00:11	1	0	1	0
            57	2023-09-12 17:00:25	1	0	1	0
           369	2023-09-12 17:00:35	1	0	1	0
           187	2023-09-12 17:00:50	1	0	1	0
           551	2023-09-12 17:03:37	1	0	1	0
           132	2023-09-12 17:04:28	1	0	1	0
           471	2023-09-12 17:05:25	1	0	1	0
           472	2023-09-12 17:06:00	1	0	1	0
           118	2023-09-12 17:07:01	1	0	1	0
           473	2023-09-12 17:07:40	1	0	1	0
           527	2023-09-12 17:07:46	1	0	1	0
           144	2023-09-12 17:09:40	1	0	1	0
           180	2023-09-12 17:11:14	1	0	1	0
           592	2023-09-12 17:11:22	1	0	1	0
           185	2023-09-12 17:12:46	1	0	1	0
           181	2023-09-12 17:12:54	1	0	1	0
           536	2023-09-12 17:18:50	1	0	1	0
           241	2023-09-12 17:20:23	1	0	1	0
           379	2023-09-12 17:20:46	1	0	1	0
           145	2023-09-12 17:23:38	1	0	1	0
            80	2023-09-12 17:27:16	1	0	1	0
            48	2023-09-12 17:35:50	1	0	1	0
           401	2023-09-12 17:53:20	1	0	1	0
           142	2023-09-12 18:27:49	1	0	1	0
            91	2023-09-12 18:47:30	1	0	1	0
           593	2023-09-12 19:49:30	1	0	1	0
            58	2023-09-13 06:05:23	1	0	1	0
            91	2023-09-13 07:07:27	1	0	1	0
           241	2023-09-13 07:29:18	1	0	1	0
           118	2023-09-13 07:32:18	1	0	1	0
           185	2023-09-13 07:32:51	1	0	1	0
           527	2023-09-13 07:35:16	1	0	1	0
           472	2023-09-13 07:38:57	1	0	1	0
           471	2023-09-13 07:39:08	1	0	1	0
            48	2023-09-13 07:40:45	1	0	1	0
           187	2023-09-13 07:43:49	1	0	1	0
           145	2023-09-13 07:44:21	1	0	1	0
           536	2023-09-13 07:46:21	1	0	1	0
           551	2023-09-13 07:49:52	1	0	1	0
           379	2023-09-13 07:53:23	1	0	1	0
           592	2023-09-13 07:55:46	1	0	1	0
           473	2023-09-13 07:58:51	1	0	1	0
           401	2023-09-13 08:00:03	1	0	1	0
            57	2023-09-13 08:00:10	1	0	1	0
            80	2023-09-13 08:00:42	1	0	1	0
           144	2023-09-13 08:02:17	1	0	1	0
           593	2023-09-13 08:06:47	1	0	1	0
           369	2023-09-13 08:10:13	1	0	1	0
           181	2023-09-13 08:15:51	1	0	1	0
           132	2023-09-13 12:01:18	1	0	1	0
           593	2023-09-13 12:01:24	1	0	1	0
           551	2023-09-13 12:03:41	1	0	1	0
            80	2023-09-13 12:04:00	1	0	1	0
           185	2023-09-13 12:05:40	1	0	1	0
           527	2023-09-13 12:05:48	1	0	1	0
           472	2023-09-13 12:05:54	1	0	1	0
           473	2023-09-13 12:06:01	1	0	1	0
           471	2023-09-13 12:06:17	1	0	1	0
           144	2023-09-13 12:06:39	1	0	1	0
           118	2023-09-13 12:06:43	1	0	1	0
           369	2023-09-13 12:07:08	1	0	1	0
           536	2023-09-13 12:07:37	1	0	1	0
            48	2023-09-13 12:08:59	1	0	1	0
            58	2023-09-13 12:09:06	1	0	1	0
           401	2023-09-13 12:09:13	1	0	1	0
           592	2023-09-13 12:09:59	1	0	1	0
           181	2023-09-13 12:12:01	1	0	1	0
           379	2023-09-13 12:15:06	1	0	1	0
           241	2023-09-13 12:15:31	1	0	1	0
           593	2023-09-13 12:19:13	1	0	1	0
           132	2023-09-13 12:23:56	1	0	1	0
            48	2023-09-13 12:24:11	1	0	1	0
            58	2023-09-13 12:24:19	1	0	1	0
           369	2023-09-13 12:24:25	1	0	1	0
           401	2023-09-13 12:24:34	1	0	1	0
           473	2023-09-13 12:26:29	1	0	1	0
           185	2023-09-13 12:27:54	1	0	1	0
           181	2023-09-13 12:28:06	1	0	1	0
           118	2023-09-13 12:28:41	1	0	1	0
            80	2023-09-13 12:31:18	1	0	1	0
           551	2023-09-13 12:31:30	1	0	1	0
           379	2023-09-13 12:34:15	1	0	1	0
           241	2023-09-13 12:34:18	1	0	1	0
            57	2023-09-13 12:34:44	1	0	1	0
           144	2023-09-13 12:39:02	1	0	1	0
           527	2023-09-13 12:40:00	1	0	1	0
           536	2023-09-13 12:40:06	1	0	1	0
            57	2023-09-13 12:53:21	1	0	1	0
           592	2023-09-13 12:58:29	1	0	1	0
            57	2023-09-13 17:02:27	1	0	1	0
           536	2023-09-13 17:03:45	1	0	1	0
           551	2023-09-13 17:04:12	1	0	1	0
           592	2023-09-13 17:04:27	1	0	1	0
           471	2023-09-13 17:04:34	1	0	1	0
           472	2023-09-13 17:05:54	1	0	1	0
           473	2023-09-13 17:06:31	1	0	1	0
           118	2023-09-13 17:08:19	1	0	1	0
           379	2023-09-13 17:09:41	1	0	1	0
           181	2023-09-13 17:10:00	1	0	1	0
           527	2023-09-13 17:10:10	1	0	1	0
           185	2023-09-13 17:12:03	1	0	1	0
            58	2023-09-13 17:13:26	1	0	1	0
           369	2023-09-13 17:14:31	1	0	1	0
           132	2023-09-13 17:16:49	1	0	1	0
           593	2023-09-13 17:17:12	1	0	1	0
           241	2023-09-13 17:21:14	1	0	1	0
           144	2023-09-13 17:29:07	1	0	1	0
            80	2023-09-13 17:38:28	1	0	1	0
            48	2023-09-13 17:48:09	1	0	1	0
           401	2023-09-13 18:07:43	1	0	1	0
           145	2023-09-13 18:13:22	1	0	1	0
            91	2023-09-13 22:11:14	1	0	1	0
            91	2023-09-14 06:26:18	1	0	1	0
           185	2023-09-14 07:02:25	1	0	1	0
           369	2023-09-14 07:05:28	1	0	1	0
            58	2023-09-14 07:07:06	1	0	1	0
           592	2023-09-14 07:27:40	1	0	1	0
           180	2023-09-14 07:33:23	1	0	1	0
           379	2023-09-14 07:34:41	1	0	1	0
           241	2023-09-14 07:40:10	1	0	1	0
           118	2023-09-14 07:43:43	1	0	1	0
           536	2023-09-14 07:45:21	1	0	1	0
           527	2023-09-14 07:50:09	1	0	1	0
           551	2023-09-14 07:50:20	1	0	1	0
           472	2023-09-14 07:50:49	1	0	1	0
           471	2023-09-14 07:50:55	1	0	1	0
            48	2023-09-14 07:54:34	1	0	1	0
           473	2023-09-14 07:57:06	1	0	1	0
            57	2023-09-14 07:57:58	1	0	1	0
           401	2023-09-14 08:00:32	1	0	1	0
           142	2023-09-14 08:03:16	1	0	1	0
           132	2023-09-14 08:03:54	1	0	1	0
           181	2023-09-14 08:13:16	1	0	1	0
           118	2023-09-14 12:01:26	1	0	1	0
           472	2023-09-14 12:01:31	1	0	1	0
           471	2023-09-14 12:01:40	1	0	1	0
           369	2023-09-14 12:02:27	1	0	1	0
           132	2023-09-14 12:02:34	1	0	1	0
            48	2023-09-14 12:02:47	1	0	1	0
           142	2023-09-14 12:02:53	1	0	1	0
            58	2023-09-14 12:03:18	1	0	1	0
           379	2023-09-14 12:03:26	1	0	1	0
           401	2023-09-14 12:04:13	1	0	1	0
           473	2023-09-14 12:06:48	1	0	1	0
           185	2023-09-14 12:07:00	1	0	1	0
            57	2023-09-14 12:07:08	1	0	1	0
           536	2023-09-14 12:10:47	1	0	1	0
           527	2023-09-14 12:10:52	1	0	1	0
           180	2023-09-14 12:16:58	1	0	1	0
           551	2023-09-14 12:18:53	1	0	1	0
           592	2023-09-14 12:19:04	1	0	1	0
           118	2023-09-14 12:19:13	1	0	1	0
           142	2023-09-14 12:19:51	1	0	1	0
           132	2023-09-14 12:19:56	1	0	1	0
           471	2023-09-14 12:20:31	1	0	1	0
           472	2023-09-14 12:24:32	1	0	1	0
           473	2023-09-14 12:26:09	1	0	1	0
           241	2023-09-14 12:29:07	1	0	1	0
           379	2023-09-14 12:38:49	1	0	1	0
           527	2023-09-14 12:42:19	1	0	1	0
           536	2023-09-14 12:42:24	1	0	1	0
           185	2023-09-14 12:43:12	1	0	1	0
           181	2023-09-14 12:44:54	1	0	1	0
            48	2023-09-14 12:46:12	1	0	1	0
           401	2023-09-14 12:46:20	1	0	1	0
            57	2023-09-14 12:46:31	1	0	1	0
            58	2023-09-14 12:47:14	1	0	1	0
           551	2023-09-14 12:47:23	1	0	1	0
           144	2023-09-14 12:47:37	1	0	1	0
           180	2023-09-14 12:48:16	1	0	1	0
           369	2023-09-14 12:48:27	1	0	1	0
           241	2023-09-14 12:57:11	1	0	1	0
           592	2023-09-14 12:57:22	1	0	1	0
           181	2023-09-14 13:00:02	1	0	1	0
            57	2023-09-14 17:00:18	1	0	1	0
           181	2023-09-14 17:00:39	1	0	1	0
           180	2023-09-14 17:01:03	1	0	1	0
           592	2023-09-14 17:01:30	1	0	1	0
            58	2023-09-14 17:02:46	1	0	1	0
            48	2023-09-14 17:03:07	1	0	1	0
           471	2023-09-14 17:08:28	1	0	1	0
           472	2023-09-14 17:09:17	1	0	1	0
           473	2023-09-14 17:09:21	1	0	1	0
           118	2023-09-14 17:09:32	1	0	1	0
           536	2023-09-14 17:12:44	1	0	1	0
           132	2023-09-14 17:16:12	1	0	1	0
           142	2023-09-14 17:16:19	1	0	1	0
           144	2023-09-14 17:21:40	1	0	1	0
           527	2023-09-14 17:27:33	1	0	1	0
           369	2023-09-14 17:54:00	1	0	1	0
           401	2023-09-14 17:55:47	1	0	1	0
           551	2023-09-14 18:29:30	1	0	1	0
           241	2023-09-14 18:53:17	1	0	1	0
            91	2023-09-14 19:10:12	1	0	1	0
           185	2023-09-14 19:10:26	1	0	1	0
            58	2023-09-15 06:07:46	1	0	1	0
           369	2023-09-15 07:02:03	1	0	1	0
            91	2023-09-15 07:17:48	1	0	1	0
           185	2023-09-15 07:17:59	1	0	1	0
           527	2023-09-15 07:24:17	1	0	1	0
           473	2023-09-15 07:25:21	1	0	1	0
           180	2023-09-15 07:35:56	1	0	1	0
           241	2023-09-15 07:36:01	1	0	1	0
           592	2023-09-15 07:36:57	1	0	1	0
           118	2023-09-15 07:41:41	1	0	1	0
           536	2023-09-15 07:43:48	1	0	1	0
           551	2023-09-15 07:45:14	1	0	1	0
           142	2023-09-15 07:45:35	1	0	1	0
           132	2023-09-15 07:46:14	1	0	1	0
           145	2023-09-15 07:48:17	1	0	1	0
           379	2023-09-15 07:48:55	1	0	1	0
            57	2023-09-15 07:58:11	1	0	1	0
           187	2023-09-15 07:59:13	1	0	1	0
            80	2023-09-15 07:59:22	1	0	1	0
           472	2023-09-15 08:00:11	1	0	1	0
           471	2023-09-15 08:00:23	1	0	1	0
           401	2023-09-15 08:00:35	1	0	1	0
           593	2023-09-15 08:02:56	1	0	1	0
            48	2023-09-15 08:03:37	1	0	1	0
           144	2023-09-15 08:07:24	1	0	1	0
           332	2023-09-15 08:59:38	1	0	1	0
           332	2023-09-15 12:01:04	1	0	1	0
           369	2023-09-15 12:01:07	1	0	1	0
            48	2023-09-15 12:01:20	1	0	1	0
           401	2023-09-15 12:01:26	1	0	1	0
            58	2023-09-15 12:01:44	1	0	1	0
           180	2023-09-15 12:01:51	1	0	1	0
           592	2023-09-15 12:02:04	1	0	1	0
           536	2023-09-15 12:04:15	1	0	1	0
           527	2023-09-15 12:04:22	1	0	1	0
           145	2023-09-15 12:04:40	1	0	1	0
           471	2023-09-15 12:04:46	1	0	1	0
           142	2023-09-15 12:04:53	1	0	1	0
           472	2023-09-15 12:05:23	1	0	1	0
           379	2023-09-15 12:05:29	1	0	1	0
           118	2023-09-15 12:05:36	1	0	1	0
           181	2023-09-15 12:06:41	1	0	1	0
           132	2023-09-15 12:06:51	1	0	1	0
           185	2023-09-15 12:09:21	1	0	1	0
            57	2023-09-15 12:10:34	1	0	1	0
           473	2023-09-15 12:13:11	1	0	1	0
            80	2023-09-15 12:16:10	1	0	1	0
           551	2023-09-15 12:16:14	1	0	1	0
           332	2023-09-15 12:16:42	1	0	1	0
           241	2023-09-15 12:26:56	1	0	1	0
            57	2023-09-15 12:27:05	1	0	1	0
           527	2023-09-15 12:27:23	1	0	1	0
           593	2023-09-15 12:28:27	1	0	1	0
           471	2023-09-15 12:28:49	1	0	1	0
           118	2023-09-15 12:28:53	1	0	1	0
           472	2023-09-15 12:29:06	1	0	1	0
            58	2023-09-15 12:29:46	1	0	1	0
           142	2023-09-15 12:31:52	1	0	1	0
           132	2023-09-15 12:31:57	1	0	1	0
           144	2023-09-15 12:35:18	1	0	1	0
           181	2023-09-15 12:37:42	1	0	1	0
           180	2023-09-15 12:37:50	1	0	1	0
            80	2023-09-15 12:38:22	1	0	1	0
           551	2023-09-15 12:38:26	1	0	1	0
           592	2023-09-15 12:41:35	1	0	1	0
            48	2023-09-15 12:44:57	1	0	1	0
           536	2023-09-15 12:45:20	1	0	1	0
           593	2023-09-15 12:46:39	1	0	1	0
           185	2023-09-15 12:52:28	1	0	1	0
           473	2023-09-15 12:52:31	1	0	1	0
           145	2023-09-15 12:52:40	1	0	1	0
           401	2023-09-15 12:52:52	1	0	1	0
           241	2023-09-15 12:54:38	1	0	1	0
           369	2023-09-15 12:54:57	1	0	1	0
           379	2023-09-15 12:57:02	1	0	1	0
           471	2023-09-15 17:00:38	1	0	1	0
           472	2023-09-15 17:00:43	1	0	1	0
            57	2023-09-15 17:01:05	1	0	1	0
            48	2023-09-15 17:01:36	1	0	1	0
            58	2023-09-15 17:01:44	1	0	1	0
           118	2023-09-15 17:02:02	1	0	1	0
           473	2023-09-15 17:02:06	1	0	1	0
           551	2023-09-15 17:02:45	1	0	1	0
           379	2023-09-15 17:03:15	1	0	1	0
           180	2023-09-15 17:03:44	1	0	1	0
           527	2023-09-15 17:04:16	1	0	1	0
           181	2023-09-15 17:04:55	1	0	1	0
           536	2023-09-15 17:05:59	1	0	1	0
           241	2023-09-15 17:07:23	1	0	1	0
           187	2023-09-15 17:08:57	1	0	1	0
           369	2023-09-15 17:09:02	1	0	1	0
           593	2023-09-15 17:09:40	1	0	1	0
           332	2023-09-15 17:10:50	1	0	1	0
            80	2023-09-15 17:17:16	1	0	1	0
           132	2023-09-15 17:31:51	1	0	1	0
           142	2023-09-15 17:31:57	1	0	1	0
           144	2023-09-15 17:32:07	1	0	1	0
           145	2023-09-15 17:36:17	1	0	1	0
           401	2023-09-15 17:36:24	1	0	1	0
           592	2023-09-15 19:17:03	1	0	1	0
           185	2023-09-15 19:27:03	1	0	1	0
            58	2023-09-18 06:07:14	1	0	1	0
           181	2023-09-18 06:11:58	1	0	1	0
           369	2023-09-18 07:18:59	1	0	1	0
           241	2023-09-18 07:32:13	1	0	1	0
           593	2023-09-18 07:32:21	1	0	1	0
           473	2023-09-18 07:32:27	1	0	1	0
            91	2023-09-18 07:33:08	1	0	1	0
           185	2023-09-18 07:33:47	1	0	1	0
           180	2023-09-18 07:34:50	1	0	1	0
           379	2023-09-18 07:35:54	1	0	1	0
           118	2023-09-18 07:43:25	1	0	1	0
           592	2023-09-18 07:47:58	1	0	1	0
           536	2023-09-18 07:48:05	1	0	1	0
           472	2023-09-18 07:49:22	1	0	1	0
           471	2023-09-18 07:49:28	1	0	1	0
           144	2023-09-18 07:50:58	1	0	1	0
           142	2023-09-18 07:51:47	1	0	1	0
           527	2023-09-18 07:51:56	1	0	1	0
           132	2023-09-18 07:52:42	1	0	1	0
            48	2023-09-18 07:52:50	1	0	1	0
           551	2023-09-18 07:53:08	1	0	1	0
           145	2023-09-18 07:54:29	1	0	1	0
           332	2023-09-18 07:57:01	1	0	1	0
            57	2023-09-18 07:58:22	1	0	1	0
           401	2023-09-18 08:01:13	1	0	1	0
            80	2023-09-18 08:02:24	1	0	1	0
           187	2023-09-18 08:05:54	1	0	1	0
           527	2023-09-18 12:00:08	1	0	1	0
           472	2023-09-18 12:00:54	1	0	1	0
           379	2023-09-18 12:01:36	1	0	1	0
           592	2023-09-18 12:01:58	1	0	1	0
           369	2023-09-18 12:02:50	1	0	1	0
            57	2023-09-18 12:03:40	1	0	1	0
            58	2023-09-18 12:03:47	1	0	1	0
           142	2023-09-18 12:04:37	1	0	1	0
            80	2023-09-18 12:05:02	1	0	1	0
           551	2023-09-18 12:05:07	1	0	1	0
           332	2023-09-18 12:06:30	1	0	1	0
           180	2023-09-18 12:07:02	1	0	1	0
           132	2023-09-18 12:07:19	1	0	1	0
           593	2023-09-18 12:07:30	1	0	1	0
           185	2023-09-18 12:10:46	1	0	1	0
            91	2023-09-18 12:10:52	1	0	1	0
           241	2023-09-18 12:10:58	1	0	1	0
           536	2023-09-18 12:11:20	1	0	1	0
           527	2023-09-18 12:15:13	1	0	1	0
           187	2023-09-18 12:15:31	1	0	1	0
           472	2023-09-18 12:15:58	1	0	1	0
           145	2023-09-18 12:16:31	1	0	1	0
           401	2023-09-18 12:16:38	1	0	1	0
           369	2023-09-18 12:18:00	1	0	1	0
            48	2023-09-18 12:18:50	1	0	1	0
           471	2023-09-18 12:20:34	1	0	1	0
           118	2023-09-18 12:20:38	1	0	1	0
           144	2023-09-18 12:24:32	1	0	1	0
            58	2023-09-18 12:25:02	1	0	1	0
           332	2023-09-18 12:25:23	1	0	1	0
           473	2023-09-18 12:26:29	1	0	1	0
           593	2023-09-18 12:30:00	1	0	1	0
            91	2023-09-18 12:32:09	1	0	1	0
           241	2023-09-18 12:32:15	1	0	1	0
            57	2023-09-18 12:32:33	1	0	1	0
           185	2023-09-18 12:32:37	1	0	1	0
           180	2023-09-18 12:34:23	1	0	1	0
           145	2023-09-18 12:34:39	1	0	1	0
           401	2023-09-18 12:34:45	1	0	1	0
            80	2023-09-18 12:34:54	1	0	1	0
           551	2023-09-18 12:35:02	1	0	1	0
           142	2023-09-18 12:35:25	1	0	1	0
           132	2023-09-18 12:35:30	1	0	1	0
           181	2023-09-18 12:35:57	1	0	1	0
           471	2023-09-18 12:36:48	1	0	1	0
           536	2023-09-18 12:41:59	1	0	1	0
           592	2023-09-18 12:42:05	1	0	1	0
            48	2023-09-18 12:44:53	1	0	1	0
           118	2023-09-18 12:46:00	1	0	1	0
           473	2023-09-18 12:50:14	1	0	1	0
           181	2023-09-18 12:51:04	1	0	1	0
           379	2023-09-18 12:55:05	1	0	1	0
           144	2023-09-18 12:55:12	1	0	1	0
           332	2023-09-18 17:01:21	1	0	1	0
            58	2023-09-18 17:01:53	1	0	1	0
           379	2023-09-18 17:02:27	1	0	1	0
            57	2023-09-18 17:02:45	1	0	1	0
           471	2023-09-18 17:04:46	1	0	1	0
           185	2023-09-18 17:04:57	1	0	1	0
           472	2023-09-18 17:05:32	1	0	1	0
           536	2023-09-18 17:05:54	1	0	1	0
           592	2023-09-18 17:06:00	1	0	1	0
           527	2023-09-18 17:06:07	1	0	1	0
            48	2023-09-18 17:08:00	1	0	1	0
           118	2023-09-18 17:08:09	1	0	1	0
           473	2023-09-18 17:08:35	1	0	1	0
           551	2023-09-18 17:11:42	1	0	1	0
           369	2023-09-18 17:16:58	1	0	1	0
           181	2023-09-18 17:17:39	1	0	1	0
            80	2023-09-18 17:20:16	1	0	1	0
           180	2023-09-18 17:21:40	1	0	1	0
           241	2023-09-18 17:22:17	1	0	1	0
            91	2023-09-18 17:25:54	1	0	1	0
           144	2023-09-18 17:41:45	1	0	1	0
           132	2023-09-18 17:42:11	1	0	1	0
           142	2023-09-18 17:42:23	1	0	1	0
           187	2023-09-18 17:56:10	1	0	1	0
           401	2023-09-18 18:14:56	1	0	1	0
           145	2023-09-18 18:22:11	1	0	1	0
           593	2023-09-18 18:44:05	1	0	1	0
            58	2023-09-19 06:06:59	1	0	1	0
           187	2023-09-19 07:10:31	1	0	1	0
            80	2023-09-19 07:20:15	1	0	1	0
            91	2023-09-19 07:33:36	1	0	1	0
           185	2023-09-19 07:34:11	1	0	1	0
           142	2023-09-19 07:38:40	1	0	1	0
           180	2023-09-19 07:38:54	1	0	1	0
           132	2023-09-19 07:39:23	1	0	1	0
           379	2023-09-19 07:43:32	1	0	1	0
           472	2023-09-19 07:43:48	1	0	1	0
           471	2023-09-19 07:43:57	1	0	1	0
           551	2023-09-19 07:50:25	1	0	1	0
           118	2023-09-19 07:51:15	1	0	1	0
           241	2023-09-19 07:51:41	1	0	1	0
           527	2023-09-19 07:53:30	1	0	1	0
           401	2023-09-19 07:55:31	1	0	1	0
           369	2023-09-19 07:57:12	1	0	1	0
           536	2023-09-19 07:59:20	1	0	1	0
            57	2023-09-19 07:59:33	1	0	1	0
           593	2023-09-19 08:00:43	1	0	1	0
           181	2023-09-19 08:01:32	1	0	1	0
           473	2023-09-19 08:02:59	1	0	1	0
           332	2023-09-19 08:06:29	1	0	1	0
           144	2023-09-19 08:46:50	1	0	1	0
           592	2023-09-19 09:27:16	1	0	1	0
           527	2023-09-19 12:01:07	1	0	1	0
           180	2023-09-19 12:01:16	1	0	1	0
           592	2023-09-19 12:01:22	1	0	1	0
            80	2023-09-19 12:01:26	1	0	1	0
           379	2023-09-19 12:01:43	1	0	1	0
           551	2023-09-19 12:01:50	1	0	1	0
            57	2023-09-19 12:02:06	1	0	1	0
           593	2023-09-19 12:02:12	1	0	1	0
           369	2023-09-19 12:02:30	1	0	1	0
           132	2023-09-19 12:03:40	1	0	1	0
           536	2023-09-19 12:03:48	1	0	1	0
           332	2023-09-19 12:04:40	1	0	1	0
           471	2023-09-19 12:05:20	1	0	1	0
           473	2023-09-19 12:05:24	1	0	1	0
           118	2023-09-19 12:05:36	1	0	1	0
           187	2023-09-19 12:08:44	1	0	1	0
           185	2023-09-19 12:12:29	1	0	1	0
           181	2023-09-19 12:12:38	1	0	1	0
           145	2023-09-19 12:14:46	1	0	1	0
           472	2023-09-19 12:14:51	1	0	1	0
            58	2023-09-19 12:15:05	1	0	1	0
           369	2023-09-19 12:18:19	1	0	1	0
            57	2023-09-19 12:22:06	1	0	1	0
           241	2023-09-19 12:23:39	1	0	1	0
           401	2023-09-19 12:24:14	1	0	1	0
           144	2023-09-19 12:24:40	1	0	1	0
           132	2023-09-19 12:25:37	1	0	1	0
           187	2023-09-19 12:29:21	1	0	1	0
            58	2023-09-19 12:30:22	1	0	1	0
           472	2023-09-19 12:30:45	1	0	1	0
           332	2023-09-19 12:31:10	1	0	1	0
           181	2023-09-19 12:35:41	1	0	1	0
           185	2023-09-19 12:36:16	1	0	1	0
           180	2023-09-19 12:37:33	1	0	1	0
           592	2023-09-19 12:37:39	1	0	1	0
           536	2023-09-19 12:38:39	1	0	1	0
           551	2023-09-19 12:41:43	1	0	1	0
            80	2023-09-19 12:41:58	1	0	1	0
           593	2023-09-19 12:42:01	1	0	1	0
           241	2023-09-19 12:44:39	1	0	1	0
           471	2023-09-19 12:46:58	1	0	1	0
           145	2023-09-19 12:47:06	1	0	1	0
           118	2023-09-19 12:47:12	1	0	1	0
           473	2023-09-19 12:47:18	1	0	1	0
           527	2023-09-19 12:47:32	1	0	1	0
           144	2023-09-19 12:52:21	1	0	1	0
           142	2023-09-19 12:54:31	1	0	1	0
           401	2023-09-19 12:54:43	1	0	1	0
           379	2023-09-19 12:56:37	1	0	1	0
            57	2023-09-19 17:00:18	1	0	1	0
            58	2023-09-19 17:01:06	1	0	1	0
           187	2023-09-19 17:01:17	1	0	1	0
           369	2023-09-19 17:01:26	1	0	1	0
           379	2023-09-19 17:02:24	1	0	1	0
           473	2023-09-19 17:03:48	1	0	1	0
           332	2023-09-19 17:03:54	1	0	1	0
           118	2023-09-19 17:04:09	1	0	1	0
           536	2023-09-19 17:04:16	1	0	1	0
           471	2023-09-19 17:04:24	1	0	1	0
           472	2023-09-19 17:04:31	1	0	1	0
           185	2023-09-19 17:05:38	1	0	1	0
           181	2023-09-19 17:05:45	1	0	1	0
           592	2023-09-19 17:06:59	1	0	1	0
           527	2023-09-19 17:09:42	1	0	1	0
           180	2023-09-19 17:10:12	1	0	1	0
            80	2023-09-19 17:18:34	1	0	1	0
           241	2023-09-19 17:20:39	1	0	1	0
           142	2023-09-19 17:30:51	1	0	1	0
           132	2023-09-19 17:31:05	1	0	1	0
           593	2023-09-19 17:31:45	1	0	1	0
           144	2023-09-19 17:52:09	1	0	1	0
           401	2023-09-19 18:00:11	1	0	1	0
            91	2023-09-19 18:08:21	1	0	1	0
           551	2023-09-19 19:12:49	1	0	1	0
           145	2023-09-19 19:30:47	1	0	1	0
            58	2023-09-20 06:09:03	1	0	1	0
           185	2023-09-20 07:02:11	1	0	1	0
           369	2023-09-20 07:02:29	1	0	1	0
            91	2023-09-20 07:02:35	1	0	1	0
           592	2023-09-20 07:26:26	1	0	1	0
           181	2023-09-20 07:27:27	1	0	1	0
           180	2023-09-20 07:30:01	1	0	1	0
           473	2023-09-20 07:31:07	1	0	1	0
           536	2023-09-20 07:35:40	1	0	1	0
           379	2023-09-20 07:36:27	1	0	1	0
           142	2023-09-20 07:36:35	1	0	1	0
           132	2023-09-20 07:37:06	1	0	1	0
           187	2023-09-20 07:46:16	1	0	1	0
           241	2023-09-20 07:46:40	1	0	1	0
            57	2023-09-20 07:47:12	1	0	1	0
           118	2023-09-20 07:48:00	1	0	1	0
           551	2023-09-20 07:48:08	1	0	1	0
           145	2023-09-20 07:51:57	1	0	1	0
           472	2023-09-20 07:52:12	1	0	1	0
           471	2023-09-20 07:52:18	1	0	1	0
           401	2023-09-20 07:53:21	1	0	1	0
           593	2023-09-20 07:54:36	1	0	1	0
           527	2023-09-20 07:55:36	1	0	1	0
           144	2023-09-20 07:56:01	1	0	1	0
            80	2023-09-20 08:00:23	1	0	1	0
           332	2023-09-20 08:03:42	1	0	1	0
           369	2023-09-20 12:00:17	1	0	1	0
           142	2023-09-20 12:01:06	1	0	1	0
           379	2023-09-20 12:01:13	1	0	1	0
           527	2023-09-20 12:01:39	1	0	1	0
           536	2023-09-20 12:01:47	1	0	1	0
           132	2023-09-20 12:02:13	1	0	1	0
           185	2023-09-20 12:02:55	1	0	1	0
           181	2023-09-20 12:02:58	1	0	1	0
           180	2023-09-20 12:03:04	1	0	1	0
           473	2023-09-20 12:03:12	1	0	1	0
           471	2023-09-20 12:03:41	1	0	1	0
           187	2023-09-20 12:03:55	1	0	1	0
            58	2023-09-20 12:04:09	1	0	1	0
           551	2023-09-20 12:04:19	1	0	1	0
            80	2023-09-20 12:04:23	1	0	1	0
           472	2023-09-20 12:05:34	1	0	1	0
           593	2023-09-20 12:05:47	1	0	1	0
           592	2023-09-20 12:05:55	1	0	1	0
           145	2023-09-20 12:06:39	1	0	1	0
           401	2023-09-20 12:06:56	1	0	1	0
           144	2023-09-20 12:12:49	1	0	1	0
           118	2023-09-20 12:13:59	1	0	1	0
           369	2023-09-20 12:15:30	1	0	1	0
           536	2023-09-20 12:18:43	1	0	1	0
            80	2023-09-20 12:22:05	1	0	1	0
           551	2023-09-20 12:22:08	1	0	1	0
           473	2023-09-20 12:22:17	1	0	1	0
           241	2023-09-20 12:22:41	1	0	1	0
            58	2023-09-20 12:25:01	1	0	1	0
           187	2023-09-20 12:25:47	1	0	1	0
           471	2023-09-20 12:30:01	1	0	1	0
           472	2023-09-20 12:30:04	1	0	1	0
           118	2023-09-20 12:30:07	1	0	1	0
           332	2023-09-20 12:30:56	1	0	1	0
           593	2023-09-20 12:34:20	1	0	1	0
           145	2023-09-20 12:35:07	1	0	1	0
           401	2023-09-20 12:35:15	1	0	1	0
           527	2023-09-20 12:35:50	1	0	1	0
           180	2023-09-20 12:41:28	1	0	1	0
            57	2023-09-20 12:46:07	1	0	1	0
           592	2023-09-20 12:50:23	1	0	1	0
           379	2023-09-20 12:51:42	1	0	1	0
           241	2023-09-20 12:54:17	1	0	1	0
           185	2023-09-20 12:55:32	1	0	1	0
           181	2023-09-20 12:55:37	1	0	1	0
           332	2023-09-20 12:56:18	1	0	1	0
           142	2023-09-20 13:00:35	1	0	1	0
           132	2023-09-20 13:00:39	1	0	1	0
            57	2023-09-20 13:02:58	1	0	1	0
           536	2023-09-20 17:03:03	1	0	1	0
           187	2023-09-20 17:03:18	1	0	1	0
           379	2023-09-20 17:03:27	1	0	1	0
           592	2023-09-20 17:03:35	1	0	1	0
           551	2023-09-20 17:04:46	1	0	1	0
            57	2023-09-20 17:04:53	1	0	1	0
            58	2023-09-20 17:05:24	1	0	1	0
           181	2023-09-20 17:05:31	1	0	1	0
           527	2023-09-20 17:05:39	1	0	1	0
           180	2023-09-20 17:08:25	1	0	1	0
           241	2023-09-20 17:12:45	1	0	1	0
           471	2023-09-20 17:14:25	1	0	1	0
           185	2023-09-20 17:14:31	1	0	1	0
           473	2023-09-20 17:14:33	1	0	1	0
           472	2023-09-20 17:14:42	1	0	1	0
           118	2023-09-20 17:14:52	1	0	1	0
            80	2023-09-20 17:19:28	1	0	1	0
           142	2023-09-20 17:30:01	1	0	1	0
           132	2023-09-20 17:30:07	1	0	1	0
           593	2023-09-20 17:37:00	1	0	1	0
           144	2023-09-20 17:43:19	1	0	1	0
           332	2023-09-20 17:55:19	1	0	1	0
           401	2023-09-20 17:57:44	1	0	1	0
           145	2023-09-20 18:08:50	1	0	1	0
            91	2023-09-20 18:15:01	1	0	1	0
            58	2023-09-21 06:04:46	1	0	1	0
            91	2023-09-21 07:09:49	1	0	1	0
           185	2023-09-21 07:23:26	1	0	1	0
           527	2023-09-21 07:24:32	1	0	1	0
           593	2023-09-21 07:35:23	1	0	1	0
           592	2023-09-21 07:40:40	1	0	1	0
           379	2023-09-21 07:40:54	1	0	1	0
           180	2023-09-21 07:41:10	1	0	1	0
           473	2023-09-21 07:44:54	1	0	1	0
           145	2023-09-21 07:47:00	1	0	1	0
           332	2023-09-21 07:47:24	1	0	1	0
           142	2023-09-21 07:47:39	1	0	1	0
           132	2023-09-21 07:48:27	1	0	1	0
           118	2023-09-21 07:49:40	1	0	1	0
           536	2023-09-21 07:51:33	1	0	1	0
           551	2023-09-21 07:52:11	1	0	1	0
           181	2023-09-21 07:53:05	1	0	1	0
            48	2023-09-21 07:54:05	1	0	1	0
           241	2023-09-21 07:54:43	1	0	1	0
           472	2023-09-21 07:55:17	1	0	1	0
           471	2023-09-21 07:55:22	1	0	1	0
           144	2023-09-21 07:58:37	1	0	1	0
            57	2023-09-21 08:01:24	1	0	1	0
            80	2023-09-21 08:01:34	1	0	1	0
           401	2023-09-21 08:02:36	1	0	1	0
           369	2023-09-21 08:11:03	1	0	1	0
           369	2023-09-21 12:00:29	1	0	1	0
           379	2023-09-21 12:00:49	1	0	1	0
           132	2023-09-21 12:01:52	1	0	1	0
           142	2023-09-21 12:01:59	1	0	1	0
           180	2023-09-21 12:02:05	1	0	1	0
           593	2023-09-21 12:03:25	1	0	1	0
           551	2023-09-21 12:03:32	1	0	1	0
           592	2023-09-21 12:03:39	1	0	1	0
            91	2023-09-21 12:04:53	1	0	1	0
           332	2023-09-21 12:05:20	1	0	1	0
           181	2023-09-21 12:07:28	1	0	1	0
           527	2023-09-21 12:09:27	1	0	1	0
           536	2023-09-21 12:11:16	1	0	1	0
           118	2023-09-21 12:12:35	1	0	1	0
           471	2023-09-21 12:12:39	1	0	1	0
           145	2023-09-21 12:15:36	1	0	1	0
           369	2023-09-21 12:17:59	1	0	1	0
           144	2023-09-21 12:18:03	1	0	1	0
            48	2023-09-21 12:18:09	1	0	1	0
            58	2023-09-21 12:18:18	1	0	1	0
           142	2023-09-21 12:19:04	1	0	1	0
           132	2023-09-21 12:19:10	1	0	1	0
           472	2023-09-21 12:19:35	1	0	1	0
           241	2023-09-21 12:20:00	1	0	1	0
            57	2023-09-21 12:20:13	1	0	1	0
           187	2023-09-21 12:20:21	1	0	1	0
           473	2023-09-21 12:23:22	1	0	1	0
           401	2023-09-21 12:25:01	1	0	1	0
           118	2023-09-21 12:28:04	1	0	1	0
           471	2023-09-21 12:29:21	1	0	1	0
           185	2023-09-21 12:31:51	1	0	1	0
           181	2023-09-21 12:31:56	1	0	1	0
            91	2023-09-21 12:32:11	1	0	1	0
           536	2023-09-21 12:32:53	1	0	1	0
           527	2023-09-21 12:32:58	1	0	1	0
            58	2023-09-21 12:34:31	1	0	1	0
            48	2023-09-21 12:35:42	1	0	1	0
           187	2023-09-21 12:36:02	1	0	1	0
           241	2023-09-21 12:39:03	1	0	1	0
           551	2023-09-21 12:39:13	1	0	1	0
           593	2023-09-21 12:46:04	1	0	1	0
           332	2023-09-21 12:46:14	1	0	1	0
           473	2023-09-21 12:46:58	1	0	1	0
           180	2023-09-21 12:47:23	1	0	1	0
           379	2023-09-21 12:52:59	1	0	1	0
           145	2023-09-21 12:53:26	1	0	1	0
           144	2023-09-21 12:53:32	1	0	1	0
           401	2023-09-21 12:53:39	1	0	1	0
           472	2023-09-21 12:54:09	1	0	1	0
           185	2023-09-21 12:57:24	1	0	1	0
           592	2023-09-21 12:57:28	1	0	1	0
            57	2023-09-21 12:59:03	1	0	1	0
            57	2023-09-21 17:00:25	1	0	1	0
            58	2023-09-21 17:01:02	1	0	1	0
           181	2023-09-21 17:03:24	1	0	1	0
           379	2023-09-21 17:03:49	1	0	1	0
            48	2023-09-21 17:04:42	1	0	1	0
           180	2023-09-21 17:05:03	1	0	1	0
           536	2023-09-21 17:05:32	1	0	1	0
           527	2023-09-21 17:06:07	1	0	1	0
            80	2023-09-21 17:08:46	1	0	1	0
           187	2023-09-21 17:09:58	1	0	1	0
           241	2023-09-21 17:10:07	1	0	1	0
           185	2023-09-21 17:13:27	1	0	1	0
           592	2023-09-21 17:14:23	1	0	1	0
           593	2023-09-21 17:14:49	1	0	1	0
            91	2023-09-21 17:22:23	1	0	1	0
           132	2023-09-21 17:24:00	1	0	1	0
           142	2023-09-21 17:24:26	1	0	1	0
           471	2023-09-21 17:27:10	1	0	1	0
           118	2023-09-21 17:28:33	1	0	1	0
           472	2023-09-21 17:28:54	1	0	1	0
           473	2023-09-21 17:29:01	1	0	1	0
           369	2023-09-21 17:29:33	1	0	1	0
           144	2023-09-21 17:48:16	1	0	1	0
           401	2023-09-21 17:57:16	1	0	1	0
           145	2023-09-21 18:05:14	1	0	1	0
           332	2023-09-21 18:05:26	1	0	1	0
           551	2023-09-21 19:06:27	1	0	1	0
            58	2023-09-22 06:08:30	1	0	1	0
            91	2023-09-22 07:08:34	1	0	1	0
           185	2023-09-22 07:09:08	1	0	1	0
           369	2023-09-22 07:26:00	1	0	1	0
           379	2023-09-22 07:33:37	1	0	1	0
            57	2023-09-22 07:43:42	1	0	1	0
           241	2023-09-22 07:46:33	1	0	1	0
           181	2023-09-22 07:47:45	1	0	1	0
           593	2023-09-22 07:48:03	1	0	1	0
           551	2023-09-22 07:49:01	1	0	1	0
           536	2023-09-22 07:50:44	1	0	1	0
           142	2023-09-22 07:54:10	1	0	1	0
           132	2023-09-22 07:54:41	1	0	1	0
           145	2023-09-22 07:57:59	1	0	1	0
           527	2023-09-22 07:58:38	1	0	1	0
            80	2023-09-22 08:00:15	1	0	1	0
           332	2023-09-22 08:02:58	1	0	1	0
           401	2023-09-22 08:03:58	1	0	1	0
           144	2023-09-22 08:12:45	1	0	1	0
           369	2023-09-22 12:00:39	1	0	1	0
           379	2023-09-22 12:01:30	1	0	1	0
            58	2023-09-22 12:01:46	1	0	1	0
           401	2023-09-22 12:01:52	1	0	1	0
           132	2023-09-22 12:01:57	1	0	1	0
           142	2023-09-22 12:02:03	1	0	1	0
           332	2023-09-22 12:02:55	1	0	1	0
           593	2023-09-22 12:03:33	1	0	1	0
           145	2023-09-22 12:06:30	1	0	1	0
            80	2023-09-22 12:07:11	1	0	1	0
           551	2023-09-22 12:07:22	1	0	1	0
           185	2023-09-22 12:11:54	1	0	1	0
           527	2023-09-22 12:11:59	1	0	1	0
           536	2023-09-22 12:12:26	1	0	1	0
            57	2023-09-22 12:17:31	1	0	1	0
           593	2023-09-22 12:19:12	1	0	1	0
           181	2023-09-22 12:23:24	1	0	1	0
           369	2023-09-22 12:25:20	1	0	1	0
           132	2023-09-22 12:27:17	1	0	1	0
           142	2023-09-22 12:27:21	1	0	1	0
            58	2023-09-22 12:27:39	1	0	1	0
           536	2023-09-22 12:28:35	1	0	1	0
           241	2023-09-22 12:31:02	1	0	1	0
           332	2023-09-22 12:33:22	1	0	1	0
           527	2023-09-22 12:34:31	1	0	1	0
            57	2023-09-22 12:34:51	1	0	1	0
           144	2023-09-22 12:36:46	1	0	1	0
           181	2023-09-22 12:43:35	1	0	1	0
            80	2023-09-22 12:46:19	1	0	1	0
           551	2023-09-22 12:46:24	1	0	1	0
           185	2023-09-22 12:48:13	1	0	1	0
           401	2023-09-22 12:49:43	1	0	1	0
           145	2023-09-22 12:49:47	1	0	1	0
           379	2023-09-22 12:51:41	1	0	1	0
           241	2023-09-22 12:52:16	1	0	1	0
           144	2023-09-22 12:58:29	1	0	1	0
            57	2023-09-22 17:01:02	1	0	1	0
           369	2023-09-22 17:01:33	1	0	1	0
           593	2023-09-22 17:01:38	1	0	1	0
            58	2023-09-22 17:02:03	1	0	1	0
           551	2023-09-22 17:02:11	1	0	1	0
           536	2023-09-22 17:03:48	1	0	1	0
            80	2023-09-22 17:04:24	1	0	1	0
           142	2023-09-22 17:06:34	1	0	1	0
           132	2023-09-22 17:06:49	1	0	1	0
           185	2023-09-22 17:09:46	1	0	1	0
           181	2023-09-22 17:11:57	1	0	1	0
           527	2023-09-22 17:14:48	1	0	1	0
           241	2023-09-22 17:19:56	1	0	1	0
           379	2023-09-22 17:20:04	1	0	1	0
            91	2023-09-22 17:21:07	1	0	1	0
           332	2023-09-22 17:21:59	1	0	1	0
           144	2023-09-22 17:38:24	1	0	1	0
           145	2023-09-22 17:40:31	1	0	1	0
           401	2023-09-22 17:56:41	1	0	1	0
            58	2023-09-25 06:08:45	1	0	1	0
           185	2023-09-25 07:24:05	1	0	1	0
           369	2023-09-25 07:25:32	1	0	1	0
            91	2023-09-25 07:25:38	1	0	1	0
           592	2023-09-25 07:27:46	1	0	1	0
           473	2023-09-25 07:31:58	1	0	1	0
           181	2023-09-25 07:34:41	1	0	1	0
           593	2023-09-25 07:36:26	1	0	1	0
           527	2023-09-25 07:37:11	1	0	1	0
           118	2023-09-25 07:40:57	1	0	1	0
           536	2023-09-25 07:41:19	1	0	1	0
           142	2023-09-25 07:42:38	1	0	1	0
           132	2023-09-25 07:42:48	1	0	1	0
           241	2023-09-25 07:46:08	1	0	1	0
           379	2023-09-25 07:47:45	1	0	1	0
           551	2023-09-25 07:50:42	1	0	1	0
           145	2023-09-25 07:53:06	1	0	1	0
           401	2023-09-25 07:54:57	1	0	1	0
           471	2023-09-25 07:55:32	1	0	1	0
            48	2023-09-25 07:55:56	1	0	1	0
            80	2023-09-25 08:00:23	1	0	1	0
            57	2023-09-25 08:02:26	1	0	1	0
           472	2023-09-25 08:08:07	1	0	1	0
           144	2023-09-25 08:42:43	1	0	1	0
           332	2023-09-25 09:40:19	1	0	1	0
           118	2023-09-25 12:01:47	1	0	1	0
           379	2023-09-25 12:01:59	1	0	1	0
           472	2023-09-25 12:02:34	1	0	1	0
           369	2023-09-25 12:03:01	1	0	1	0
           142	2023-09-25 12:03:20	1	0	1	0
            91	2023-09-25 12:03:26	1	0	1	0
           471	2023-09-25 12:03:32	1	0	1	0
            57	2023-09-25 12:04:29	1	0	1	0
            58	2023-09-25 12:04:43	1	0	1	0
           132	2023-09-25 12:04:51	1	0	1	0
           145	2023-09-25 12:06:39	1	0	1	0
           401	2023-09-25 12:06:44	1	0	1	0
           185	2023-09-25 12:06:54	1	0	1	0
           592	2023-09-25 12:07:12	1	0	1	0
           527	2023-09-25 12:07:18	1	0	1	0
           536	2023-09-25 12:07:43	1	0	1	0
            80	2023-09-25 12:08:59	1	0	1	0
           551	2023-09-25 12:09:03	1	0	1	0
           473	2023-09-25 12:10:08	1	0	1	0
           241	2023-09-25 12:12:08	1	0	1	0
           144	2023-09-25 12:15:04	1	0	1	0
           472	2023-09-25 12:17:42	1	0	1	0
           118	2023-09-25 12:21:17	1	0	1	0
            57	2023-09-25 12:22:10	1	0	1	0
            58	2023-09-25 12:22:15	1	0	1	0
           369	2023-09-25 12:22:35	1	0	1	0
           536	2023-09-25 12:25:01	1	0	1	0
           592	2023-09-25 12:25:07	1	0	1	0
           142	2023-09-25 12:25:14	1	0	1	0
           132	2023-09-25 12:25:22	1	0	1	0
           527	2023-09-25 12:29:11	1	0	1	0
           145	2023-09-25 12:31:06	1	0	1	0
           401	2023-09-25 12:31:16	1	0	1	0
            91	2023-09-25 12:31:30	1	0	1	0
           241	2023-09-25 12:33:40	1	0	1	0
           332	2023-09-25 12:34:10	1	0	1	0
           593	2023-09-25 12:35:31	1	0	1	0
            48	2023-09-25 12:41:09	1	0	1	0
           187	2023-09-25 12:41:13	1	0	1	0
           185	2023-09-25 12:41:35	1	0	1	0
           473	2023-09-25 12:41:44	1	0	1	0
            80	2023-09-25 12:48:14	1	0	1	0
           551	2023-09-25 12:48:19	1	0	1	0
           471	2023-09-25 12:48:34	1	0	1	0
           379	2023-09-25 12:51:35	1	0	1	0
           181	2023-09-25 12:52:22	1	0	1	0
           593	2023-09-25 12:53:52	1	0	1	0
           187	2023-09-25 12:56:40	1	0	1	0
            48	2023-09-25 12:56:47	1	0	1	0
           332	2023-09-25 13:00:22	1	0	1	0
           379	2023-09-25 15:02:01	1	0	1	0
            58	2023-09-25 15:03:01	1	0	1	0
            57	2023-09-25 15:16:43	1	0	1	0
           118	2023-09-25 15:17:39	1	0	1	0
           527	2023-09-25 15:18:53	1	0	1	0
           144	2023-09-25 15:19:54	1	0	1	0
           332	2023-09-25 15:22:23	1	0	1	0
           132	2023-09-25 15:22:30	1	0	1	0
           142	2023-09-25 15:22:40	1	0	1	0
           401	2023-09-25 15:22:47	1	0	1	0
            48	2023-09-25 15:23:10	1	0	1	0
           369	2023-09-25 15:23:15	1	0	1	0
           592	2023-09-25 15:30:59	1	0	1	0
           241	2023-09-25 15:33:29	1	0	1	0
           187	2023-09-25 15:40:21	1	0	1	0
           536	2023-09-25 15:51:35	1	0	1	0
           181	2023-09-25 15:52:30	1	0	1	0
           145	2023-09-25 16:00:15	1	0	1	0
            91	2023-09-25 16:11:20	1	0	1	0
           185	2023-09-25 16:11:26	1	0	1	0
            80	2023-09-25 17:55:33	1	0	1	0
            58	2023-09-26 06:09:27	1	0	1	0
            91	2023-09-26 07:10:56	1	0	1	0
           185	2023-09-26 07:11:04	1	0	1	0
           369	2023-09-26 07:17:30	1	0	1	0
           180	2023-09-26 07:20:59	1	0	1	0
           145	2023-09-26 07:39:32	1	0	1	0
           379	2023-09-26 07:40:54	1	0	1	0
           118	2023-09-26 07:42:10	1	0	1	0
           241	2023-09-26 07:44:49	1	0	1	0
           527	2023-09-26 07:46:05	1	0	1	0
           551	2023-09-26 07:46:48	1	0	1	0
           181	2023-09-26 07:50:30	1	0	1	0
           142	2023-09-26 07:51:11	1	0	1	0
           132	2023-09-26 07:51:17	1	0	1	0
            48	2023-09-26 07:52:28	1	0	1	0
           536	2023-09-26 07:52:44	1	0	1	0
           472	2023-09-26 07:53:58	1	0	1	0
           471	2023-09-26 07:54:03	1	0	1	0
           593	2023-09-26 07:56:51	1	0	1	0
           473	2023-09-26 07:56:55	1	0	1	0
            57	2023-09-26 07:57:34	1	0	1	0
            80	2023-09-26 08:00:44	1	0	1	0
           144	2023-09-26 08:04:41	1	0	1	0
           401	2023-09-26 08:06:25	1	0	1	0
           332	2023-09-26 08:32:34	1	0	1	0
           592	2023-09-26 08:58:10	1	0	1	0
            57	2023-09-26 12:00:41	1	0	1	0
           379	2023-09-26 12:01:18	1	0	1	0
           180	2023-09-26 12:01:49	1	0	1	0
           536	2023-09-26 12:01:56	1	0	1	0
           592	2023-09-26 12:03:15	1	0	1	0
           369	2023-09-26 12:03:40	1	0	1	0
           185	2023-09-26 12:04:29	1	0	1	0
           181	2023-09-26 12:04:33	1	0	1	0
           132	2023-09-26 12:05:23	1	0	1	0
            58	2023-09-26 12:05:59	1	0	1	0
           471	2023-09-26 12:06:58	1	0	1	0
           118	2023-09-26 12:07:13	1	0	1	0
           593	2023-09-26 12:10:40	1	0	1	0
           145	2023-09-26 12:12:08	1	0	1	0
           401	2023-09-26 12:12:14	1	0	1	0
           473	2023-09-26 12:13:39	1	0	1	0
            57	2023-09-26 12:15:49	1	0	1	0
           332	2023-09-26 12:16:24	1	0	1	0
           472	2023-09-26 12:17:22	1	0	1	0
            48	2023-09-26 12:22:04	1	0	1	0
           187	2023-09-26 12:22:17	1	0	1	0
           241	2023-09-26 12:22:24	1	0	1	0
            58	2023-09-26 12:23:24	1	0	1	0
           132	2023-09-26 12:25:15	1	0	1	0
           369	2023-09-26 12:27:36	1	0	1	0
           118	2023-09-26 12:27:45	1	0	1	0
           471	2023-09-26 12:27:54	1	0	1	0
           144	2023-09-26 12:30:11	1	0	1	0
           473	2023-09-26 12:30:29	1	0	1	0
           472	2023-09-26 12:32:36	1	0	1	0
           536	2023-09-26 12:38:15	1	0	1	0
           592	2023-09-26 12:38:22	1	0	1	0
           181	2023-09-26 12:38:29	1	0	1	0
           185	2023-09-26 12:38:42	1	0	1	0
           145	2023-09-26 12:39:09	1	0	1	0
           401	2023-09-26 12:39:16	1	0	1	0
            48	2023-09-26 12:40:20	1	0	1	0
           187	2023-09-26 12:40:27	1	0	1	0
           241	2023-09-26 12:42:09	1	0	1	0
           180	2023-09-26 12:42:39	1	0	1	0
           551	2023-09-26 12:46:58	1	0	1	0
            80	2023-09-26 12:47:04	1	0	1	0
           379	2023-09-26 12:49:36	1	0	1	0
           142	2023-09-26 12:50:41	1	0	1	0
           144	2023-09-26 12:53:05	1	0	1	0
           593	2023-09-26 12:53:23	1	0	1	0
           332	2023-09-26 12:55:43	1	0	1	0
           551	2023-09-26 13:05:14	1	0	1	0
            80	2023-09-26 13:07:40	1	0	1	0
           142	2023-09-26 13:11:34	1	0	1	0
           187	2023-09-26 17:02:03	1	0	1	0
            58	2023-09-26 17:02:09	1	0	1	0
           471	2023-09-26 17:02:17	1	0	1	0
           379	2023-09-26 17:02:25	1	0	1	0
            57	2023-09-26 17:03:06	1	0	1	0
           472	2023-09-26 17:04:04	1	0	1	0
           369	2023-09-26 17:04:21	1	0	1	0
           527	2023-09-26 17:05:50	1	0	1	0
           118	2023-09-26 17:06:20	1	0	1	0
           536	2023-09-26 17:06:34	1	0	1	0
           473	2023-09-26 17:07:39	1	0	1	0
           181	2023-09-26 17:08:04	1	0	1	0
           180	2023-09-26 17:08:41	1	0	1	0
           593	2023-09-26 17:10:52	1	0	1	0
           592	2023-09-26 17:15:20	1	0	1	0
            48	2023-09-26 17:16:32	1	0	1	0
            80	2023-09-26 17:17:57	1	0	1	0
           241	2023-09-26 17:22:43	1	0	1	0
           144	2023-09-26 17:45:02	1	0	1	0
           551	2023-09-26 17:49:48	1	0	1	0
           142	2023-09-26 18:05:43	1	0	1	0
           132	2023-09-26 18:05:55	1	0	1	0
           332	2023-09-26 18:11:56	1	0	1	0
           401	2023-09-26 18:12:40	1	0	1	0
            91	2023-09-26 18:25:08	1	0	1	0
           145	2023-09-26 18:33:10	1	0	1	0
            58	2023-09-27 06:06:46	1	0	1	0
           187	2023-09-27 07:05:27	1	0	1	0
            80	2023-09-27 07:10:30	1	0	1	0
            91	2023-09-27 07:12:24	1	0	1	0
           185	2023-09-27 07:14:33	1	0	1	0
           369	2023-09-27 07:26:29	1	0	1	0
           241	2023-09-27 07:30:09	1	0	1	0
           180	2023-09-27 07:36:37	1	0	1	0
           592	2023-09-27 07:37:04	1	0	1	0
           145	2023-09-27 07:38:36	1	0	1	0
           536	2023-09-27 07:39:13	1	0	1	0
           473	2023-09-27 07:41:12	1	0	1	0
           118	2023-09-27 07:43:04	1	0	1	0
           551	2023-09-27 07:46:37	1	0	1	0
           379	2023-09-27 07:47:13	1	0	1	0
           472	2023-09-27 07:48:32	1	0	1	0
           471	2023-09-27 07:48:37	1	0	1	0
           527	2023-09-27 07:51:06	1	0	1	0
            48	2023-09-27 07:52:07	1	0	1	0
           593	2023-09-27 07:52:55	1	0	1	0
           181	2023-09-27 07:54:20	1	0	1	0
           332	2023-09-27 07:54:42	1	0	1	0
           142	2023-09-27 07:55:07	1	0	1	0
           132	2023-09-27 07:55:12	1	0	1	0
            57	2023-09-27 07:56:58	1	0	1	0
           144	2023-09-27 08:01:38	1	0	1	0
           401	2023-09-27 08:02:24	1	0	1	0
           132	2023-09-27 12:00:07	1	0	1	0
           142	2023-09-27 12:01:06	1	0	1	0
           180	2023-09-27 12:01:40	1	0	1	0
           379	2023-09-27 12:01:52	1	0	1	0
           592	2023-09-27 12:01:59	1	0	1	0
           472	2023-09-27 12:02:11	1	0	1	0
           473	2023-09-27 12:02:14	1	0	1	0
           471	2023-09-27 12:02:55	1	0	1	0
           536	2023-09-27 12:03:39	1	0	1	0
           551	2023-09-27 12:04:43	1	0	1	0
            80	2023-09-27 12:04:49	1	0	1	0
           593	2023-09-27 12:04:57	1	0	1	0
           118	2023-09-27 12:05:08	1	0	1	0
           527	2023-09-27 12:06:49	1	0	1	0
           369	2023-09-27 12:09:00	1	0	1	0
           332	2023-09-27 12:10:00	1	0	1	0
           241	2023-09-27 12:12:18	1	0	1	0
           185	2023-09-27 12:12:48	1	0	1	0
            58	2023-09-27 12:16:02	1	0	1	0
            57	2023-09-27 12:20:08	1	0	1	0
           401	2023-09-27 12:20:49	1	0	1	0
           145	2023-09-27 12:21:39	1	0	1	0
           144	2023-09-27 12:23:48	1	0	1	0
           142	2023-09-27 12:26:12	1	0	1	0
           132	2023-09-27 12:26:21	1	0	1	0
           472	2023-09-27 12:29:06	1	0	1	0
           118	2023-09-27 12:29:19	1	0	1	0
           471	2023-09-27 12:29:57	1	0	1	0
            58	2023-09-27 12:35:11	1	0	1	0
           180	2023-09-27 12:37:56	1	0	1	0
           181	2023-09-27 12:39:21	1	0	1	0
           187	2023-09-27 12:40:23	1	0	1	0
            48	2023-09-27 12:40:29	1	0	1	0
           551	2023-09-27 12:40:45	1	0	1	0
            80	2023-09-27 12:40:50	1	0	1	0
           473	2023-09-27 12:47:10	1	0	1	0
            57	2023-09-27 12:47:55	1	0	1	0
           527	2023-09-27 12:48:50	1	0	1	0
           536	2023-09-27 12:48:57	1	0	1	0
           592	2023-09-27 12:49:04	1	0	1	0
           185	2023-09-27 12:51:22	1	0	1	0
           593	2023-09-27 12:51:31	1	0	1	0
           241	2023-09-27 12:52:28	1	0	1	0
           145	2023-09-27 12:53:57	1	0	1	0
           401	2023-09-27 12:54:02	1	0	1	0
           369	2023-09-27 12:54:29	1	0	1	0
           187	2023-09-27 12:55:38	1	0	1	0
           379	2023-09-27 12:55:50	1	0	1	0
            48	2023-09-27 12:56:04	1	0	1	0
           181	2023-09-27 12:56:13	1	0	1	0
           332	2023-09-27 12:57:46	1	0	1	0
           144	2023-09-27 12:59:48	1	0	1	0
            58	2023-09-27 17:00:19	1	0	1	0
            57	2023-09-27 17:00:29	1	0	1	0
           536	2023-09-27 17:01:10	1	0	1	0
           551	2023-09-27 17:02:27	1	0	1	0
           379	2023-09-27 17:02:44	1	0	1	0
           471	2023-09-27 17:04:30	1	0	1	0
           472	2023-09-27 17:04:40	1	0	1	0
           473	2023-09-27 17:04:58	1	0	1	0
           118	2023-09-27 17:06:27	1	0	1	0
           592	2023-09-27 17:08:06	1	0	1	0
            48	2023-09-27 17:12:13	1	0	1	0
           369	2023-09-27 17:12:22	1	0	1	0
           181	2023-09-27 17:15:35	1	0	1	0
           185	2023-09-27 17:15:41	1	0	1	0
           593	2023-09-27 17:16:32	1	0	1	0
           332	2023-09-27 17:33:17	1	0	1	0
           132	2023-09-27 17:34:07	1	0	1	0
           142	2023-09-27 17:34:16	1	0	1	0
           527	2023-09-27 17:36:55	1	0	1	0
           144	2023-09-27 17:39:36	1	0	1	0
           401	2023-09-27 17:39:39	1	0	1	0
           145	2023-09-27 17:40:26	1	0	1	0
            91	2023-09-27 18:31:52	1	0	1	0
           241	2023-09-27 18:57:13	1	0	1	0
           180	2023-09-27 19:43:13	1	0	1	0
           185	2023-09-28 07:27:42	1	0	1	0
           592	2023-09-28 07:28:09	1	0	1	0
            91	2023-09-28 07:28:38	1	0	1	0
           180	2023-09-28 07:29:08	1	0	1	0
           551	2023-09-28 07:39:11	1	0	1	0
           593	2023-09-28 07:41:43	1	0	1	0
           527	2023-09-28 07:43:10	1	0	1	0
            48	2023-09-28 07:44:06	1	0	1	0
            58	2023-09-28 07:45:24	1	0	1	0
           536	2023-09-28 07:50:04	1	0	1	0
           473	2023-09-28 07:50:21	1	0	1	0
           379	2023-09-28 07:51:41	1	0	1	0
           145	2023-09-28 07:54:14	1	0	1	0
           471	2023-09-28 07:55:51	1	0	1	0
           472	2023-09-28 07:55:55	1	0	1	0
           144	2023-09-28 07:56:09	1	0	1	0
           181	2023-09-28 07:56:58	1	0	1	0
           142	2023-09-28 07:57:11	1	0	1	0
           132	2023-09-28 07:57:53	1	0	1	0
           241	2023-09-28 07:59:19	1	0	1	0
           118	2023-09-28 07:59:35	1	0	1	0
            57	2023-09-28 08:00:32	1	0	1	0
           332	2023-09-28 08:00:40	1	0	1	0
            80	2023-09-28 08:03:09	1	0	1	0
           369	2023-09-28 08:07:40	1	0	1	0
           132	2023-09-28 12:01:07	1	0	1	0
           142	2023-09-28 12:01:16	1	0	1	0
           379	2023-09-28 12:01:33	1	0	1	0
            48	2023-09-28 12:01:46	1	0	1	0
            58	2023-09-28 12:01:54	1	0	1	0
           471	2023-09-28 12:02:04	1	0	1	0
           473	2023-09-28 12:02:09	1	0	1	0
           593	2023-09-28 12:02:27	1	0	1	0
           145	2023-09-28 12:03:05	1	0	1	0
            80	2023-09-28 12:03:18	1	0	1	0
           551	2023-09-28 12:03:25	1	0	1	0
           369	2023-09-28 12:04:16	1	0	1	0
           332	2023-09-28 12:06:59	1	0	1	0
           536	2023-09-28 12:07:30	1	0	1	0
           527	2023-09-28 12:07:35	1	0	1	0
           181	2023-09-28 12:07:44	1	0	1	0
           144	2023-09-28 12:07:52	1	0	1	0
           185	2023-09-28 12:09:26	1	0	1	0
           592	2023-09-28 12:10:41	1	0	1	0
           472	2023-09-28 12:14:51	1	0	1	0
           180	2023-09-28 12:15:19	1	0	1	0
            57	2023-09-28 12:19:21	1	0	1	0
           593	2023-09-28 12:20:17	1	0	1	0
           118	2023-09-28 12:20:50	1	0	1	0
           473	2023-09-28 12:22:54	1	0	1	0
           185	2023-09-28 12:24:36	1	0	1	0
            58	2023-09-28 12:25:52	1	0	1	0
           241	2023-09-28 12:30:46	1	0	1	0
           181	2023-09-28 12:32:34	1	0	1	0
           332	2023-09-28 12:34:37	1	0	1	0
           144	2023-09-28 12:36:41	1	0	1	0
            80	2023-09-28 12:37:47	1	0	1	0
           551	2023-09-28 12:37:52	1	0	1	0
           145	2023-09-28 12:38:04	1	0	1	0
           180	2023-09-28 12:38:16	1	0	1	0
           369	2023-09-28 12:38:25	1	0	1	0
           471	2023-09-28 12:39:34	1	0	1	0
           118	2023-09-28 12:40:09	1	0	1	0
           592	2023-09-28 12:41:08	1	0	1	0
           472	2023-09-28 12:41:21	1	0	1	0
           536	2023-09-28 12:46:40	1	0	1	0
           527	2023-09-28 12:46:46	1	0	1	0
            57	2023-09-28 12:47:39	1	0	1	0
           379	2023-09-28 12:52:06	1	0	1	0
           142	2023-09-28 12:53:41	1	0	1	0
           132	2023-09-28 12:54:00	1	0	1	0
           241	2023-09-28 13:01:21	1	0	1	0
            58	2023-09-28 17:00:18	1	0	1	0
           527	2023-09-28 17:00:25	1	0	1	0
           185	2023-09-28 17:01:05	1	0	1	0
           181	2023-09-28 17:01:09	1	0	1	0
           379	2023-09-28 17:01:53	1	0	1	0
           471	2023-09-28 17:02:04	1	0	1	0
           118	2023-09-28 17:02:39	1	0	1	0
           473	2023-09-28 17:02:55	1	0	1	0
           592	2023-09-28 17:03:09	1	0	1	0
           472	2023-09-28 17:03:56	1	0	1	0
           536	2023-09-28 17:04:02	1	0	1	0
            57	2023-09-28 17:04:51	1	0	1	0
            48	2023-09-28 17:05:44	1	0	1	0
           142	2023-09-28 17:07:45	1	0	1	0
           132	2023-09-28 17:07:51	1	0	1	0
           180	2023-09-28 17:10:30	1	0	1	0
           369	2023-09-28 17:15:35	1	0	1	0
           144	2023-09-28 17:30:41	1	0	1	0
            80	2023-09-28 17:34:23	1	0	1	0
           332	2023-09-28 17:38:26	1	0	1	0
           145	2023-09-28 17:52:59	1	0	1	0
            91	2023-09-28 18:01:51	1	0	1	0
           241	2023-09-28 18:13:51	1	0	1	0
           551	2023-09-28 19:17:29	1	0	1	0
           593	2023-09-28 21:59:45	1	0	1	0
           185	2023-09-29 05:06:58	1	0	1	0
            91	2023-09-29 05:45:48	1	0	1	0
            58	2023-09-29 06:07:48	1	0	1	0
           241	2023-09-29 06:11:08	1	0	1	0
           592	2023-09-29 07:11:09	1	0	1	0
           187	2023-09-29 07:28:56	1	0	1	0
           473	2023-09-29 07:38:04	1	0	1	0
           145	2023-09-29 07:42:35	1	0	1	0
           180	2023-09-29 07:42:43	1	0	1	0
           118	2023-09-29 07:46:00	1	0	1	0
           551	2023-09-29 07:49:02	1	0	1	0
           593	2023-09-29 07:50:38	1	0	1	0
            48	2023-09-29 07:50:46	1	0	1	0
           379	2023-09-29 07:51:52	1	0	1	0
           527	2023-09-29 07:52:19	1	0	1	0
           142	2023-09-29 07:53:56	1	0	1	0
           536	2023-09-29 07:54:04	1	0	1	0
           132	2023-09-29 07:54:29	1	0	1	0
           332	2023-09-29 07:56:28	1	0	1	0
           144	2023-09-29 07:57:29	1	0	1	0
           472	2023-09-29 07:59:23	1	0	1	0
           471	2023-09-29 07:59:30	1	0	1	0
           181	2023-09-29 07:59:42	1	0	1	0
           401	2023-09-29 08:01:27	1	0	1	0
            80	2023-09-29 08:02:02	1	0	1	0
            57	2023-09-29 08:07:20	1	0	1	0
           369	2023-09-29 08:23:54	1	0	1	0
           118	2023-09-29 12:01:21	1	0	1	0
           471	2023-09-29 12:01:39	1	0	1	0
           472	2023-09-29 12:01:50	1	0	1	0
           379	2023-09-29 12:02:02	1	0	1	0
           132	2023-09-29 12:02:10	1	0	1	0
           527	2023-09-29 12:02:17	1	0	1	0
           536	2023-09-29 12:02:22	1	0	1	0
           369	2023-09-29 12:02:27	1	0	1	0
            58	2023-09-29 12:02:38	1	0	1	0
            57	2023-09-29 12:02:45	1	0	1	0
           180	2023-09-29 12:03:04	1	0	1	0
           551	2023-09-29 12:03:13	1	0	1	0
           473	2023-09-29 12:03:33	1	0	1	0
            80	2023-09-29 12:03:42	1	0	1	0
           187	2023-09-29 12:04:12	1	0	1	0
            48	2023-09-29 12:04:28	1	0	1	0
           592	2023-09-29 12:04:39	1	0	1	0
           241	2023-09-29 12:10:20	1	0	1	0
           185	2023-09-29 12:10:54	1	0	1	0
           181	2023-09-29 12:13:45	1	0	1	0
           142	2023-09-29 12:13:50	1	0	1	0
           471	2023-09-29 12:19:22	1	0	1	0
           472	2023-09-29 12:19:25	1	0	1	0
            57	2023-09-29 12:19:43	1	0	1	0
           145	2023-09-29 12:22:23	1	0	1	0
           401	2023-09-29 12:22:29	1	0	1	0
           332	2023-09-29 12:22:35	1	0	1	0
            80	2023-09-29 12:26:33	1	0	1	0
           527	2023-09-29 12:26:40	1	0	1	0
           551	2023-09-29 12:26:53	1	0	1	0
           536	2023-09-29 12:27:34	1	0	1	0
           185	2023-09-29 12:28:21	1	0	1	0
            58	2023-09-29 12:28:42	1	0	1	0
           181	2023-09-29 12:29:11	1	0	1	0
           241	2023-09-29 12:29:44	1	0	1	0
           593	2023-09-29 12:31:32	1	0	1	0
           132	2023-09-29 12:35:15	1	0	1	0
           144	2023-09-29 12:35:21	1	0	1	0
           142	2023-09-29 12:36:19	1	0	1	0
           369	2023-09-29 12:37:20	1	0	1	0
           187	2023-09-29 12:37:23	1	0	1	0
            48	2023-09-29 12:37:30	1	0	1	0
           401	2023-09-29 12:45:55	1	0	1	0
           145	2023-09-29 12:46:01	1	0	1	0
           332	2023-09-29 12:47:04	1	0	1	0
           180	2023-09-29 12:54:18	1	0	1	0
           379	2023-09-29 12:56:18	1	0	1	0
           144	2023-09-29 12:57:38	1	0	1	0
           592	2023-09-29 12:58:12	1	0	1	0
           118	2023-09-29 12:58:23	1	0	1	0
           473	2023-09-29 12:58:27	1	0	1	0
           593	2023-09-29 13:02:47	1	0	1	0
           471	2023-09-29 17:01:40	1	0	1	0
           473	2023-09-29 17:01:47	1	0	1	0
            57	2023-09-29 17:01:53	1	0	1	0
           536	2023-09-29 17:02:11	1	0	1	0
           379	2023-09-29 17:02:19	1	0	1	0
           472	2023-09-29 17:02:41	1	0	1	0
           527	2023-09-29 17:03:00	1	0	1	0
            58	2023-09-29 17:03:36	1	0	1	0
           332	2023-09-29 17:03:49	1	0	1	0
           118	2023-09-29 17:04:06	1	0	1	0
           551	2023-09-29 17:05:28	1	0	1	0
           132	2023-09-29 17:08:32	1	0	1	0
           185	2023-09-29 17:15:39	1	0	1	0
           180	2023-09-29 17:18:17	1	0	1	0
           592	2023-09-29 17:18:24	1	0	1	0
            48	2023-09-29 17:18:48	1	0	1	0
           187	2023-09-29 17:20:30	1	0	1	0
           369	2023-09-29 17:20:52	1	0	1	0
           401	2023-09-29 17:28:48	1	0	1	0
           144	2023-09-29 17:31:27	1	0	1	0
            80	2023-09-29 17:33:37	1	0	1	0
           142	2023-09-29 17:58:02	1	0	1	0
           145	2023-09-29 18:03:09	1	0	1	0
            91	2023-09-29 18:32:36	1	0	1	0
           181	2023-09-29 18:32:40	1	0	1	0
           241	2023-09-29 18:32:51	1	0	1	0
           593	2023-09-29 20:18:07	1	0	1	0
           181	2023-10-02 05:57:44	1	0	1	0
            58	2023-10-02 06:10:17	1	0	1	0
           241	2023-10-02 06:43:15	1	0	1	0
            91	2023-10-02 07:06:26	1	0	1	0
           369	2023-10-02 07:06:45	1	0	1	0
           473	2023-10-02 07:10:49	1	0	1	0
           185	2023-10-02 07:19:18	1	0	1	0
           592	2023-10-02 07:35:46	1	0	1	0
           379	2023-10-02 07:36:58	1	0	1	0
           527	2023-10-02 07:40:41	1	0	1	0
           145	2023-10-02 07:41:27	1	0	1	0
           180	2023-10-02 07:41:55	1	0	1	0
           118	2023-10-02 07:46:33	1	0	1	0
           551	2023-10-02 07:48:14	1	0	1	0
           187	2023-10-02 07:49:21	1	0	1	0
           142	2023-10-02 07:49:55	1	0	1	0
           132	2023-10-02 07:50:03	1	0	1	0
            48	2023-10-02 07:50:17	1	0	1	0
           472	2023-10-02 07:51:19	1	0	1	0
           471	2023-10-02 07:51:24	1	0	1	0
           593	2023-10-02 07:51:38	1	0	1	0
           536	2023-10-02 07:52:12	1	0	1	0
           332	2023-10-02 07:54:25	1	0	1	0
           144	2023-10-02 07:55:19	1	0	1	0
            80	2023-10-02 07:56:21	1	0	1	0
            57	2023-10-02 07:57:45	1	0	1	0
           401	2023-10-02 08:07:01	1	0	1	0
           602	2023-10-02 10:06:37	1	0	1	0
           605	2023-10-02 10:08:04	1	0	1	0
           369	2023-10-02 12:00:06	1	0	1	0
           473	2023-10-02 12:00:54	1	0	1	0
           379	2023-10-02 12:02:07	1	0	1	0
           471	2023-10-02 12:02:15	1	0	1	0
           118	2023-10-02 12:02:26	1	0	1	0
           536	2023-10-02 12:02:38	1	0	1	0
           527	2023-10-02 12:02:53	1	0	1	0
           472	2023-10-02 12:03:06	1	0	1	0
           142	2023-10-02 12:03:23	1	0	1	0
            57	2023-10-02 12:03:35	1	0	1	0
            58	2023-10-02 12:04:03	1	0	1	0
            48	2023-10-02 12:04:09	1	0	1	0
           187	2023-10-02 12:04:17	1	0	1	0
           132	2023-10-02 12:04:32	1	0	1	0
           180	2023-10-02 12:04:54	1	0	1	0
           592	2023-10-02 12:04:59	1	0	1	0
           332	2023-10-02 12:09:34	1	0	1	0
            80	2023-10-02 12:10:35	1	0	1	0
           551	2023-10-02 12:10:44	1	0	1	0
           145	2023-10-02 12:12:20	1	0	1	0
           401	2023-10-02 12:12:27	1	0	1	0
           185	2023-10-02 12:17:15	1	0	1	0
           473	2023-10-02 12:18:05	1	0	1	0
           527	2023-10-02 12:18:20	1	0	1	0
           241	2023-10-02 12:20:27	1	0	1	0
            57	2023-10-02 12:20:53	1	0	1	0
            58	2023-10-02 12:21:28	1	0	1	0
           181	2023-10-02 12:22:47	1	0	1	0
           592	2023-10-02 12:23:17	1	0	1	0
           536	2023-10-02 12:24:32	1	0	1	0
           471	2023-10-02 12:25:18	1	0	1	0
           118	2023-10-02 12:25:21	1	0	1	0
           332	2023-10-02 12:26:15	1	0	1	0
            48	2023-10-02 12:26:48	1	0	1	0
           142	2023-10-02 12:29:00	1	0	1	0
           132	2023-10-02 12:29:04	1	0	1	0
           472	2023-10-02 12:29:16	1	0	1	0
           145	2023-10-02 12:29:45	1	0	1	0
           401	2023-10-02 12:29:51	1	0	1	0
            91	2023-10-02 12:33:55	1	0	1	0
           185	2023-10-02 12:41:15	1	0	1	0
           181	2023-10-02 12:41:25	1	0	1	0
            80	2023-10-02 12:43:54	1	0	1	0
           551	2023-10-02 12:44:02	1	0	1	0
           187	2023-10-02 12:45:58	1	0	1	0
           180	2023-10-02 12:48:44	1	0	1	0
           241	2023-10-02 12:50:09	1	0	1	0
            91	2023-10-02 12:50:15	1	0	1	0
           379	2023-10-02 12:56:29	1	0	1	0
           144	2023-10-02 12:57:00	1	0	1	0
            57	2023-10-02 17:00:14	1	0	1	0
           379	2023-10-02 17:01:03	1	0	1	0
            58	2023-10-02 17:01:17	1	0	1	0
           473	2023-10-02 17:01:35	1	0	1	0
           471	2023-10-02 17:01:52	1	0	1	0
           369	2023-10-02 17:02:09	1	0	1	0
           472	2023-10-02 17:03:22	1	0	1	0
           241	2023-10-02 17:03:39	1	0	1	0
           118	2023-10-02 17:04:30	1	0	1	0
           181	2023-10-02 17:04:39	1	0	1	0
           527	2023-10-02 17:05:17	1	0	1	0
           187	2023-10-02 17:07:17	1	0	1	0
           185	2023-10-02 17:08:39	1	0	1	0
           132	2023-10-02 17:08:58	1	0	1	0
            48	2023-10-02 17:10:28	1	0	1	0
           180	2023-10-02 17:17:04	1	0	1	0
           401	2023-10-02 17:17:10	1	0	1	0
            80	2023-10-02 17:20:47	1	0	1	0
            91	2023-10-02 17:21:32	1	0	1	0
           142	2023-10-02 17:24:07	1	0	1	0
           332	2023-10-02 17:24:54	1	0	1	0
           551	2023-10-02 17:26:20	1	0	1	0
           144	2023-10-02 17:32:02	1	0	1	0
           592	2023-10-02 17:39:12	1	0	1	0
           536	2023-10-02 17:48:55	1	0	1	0
           145	2023-10-02 18:00:57	1	0	1	0
            58	2023-10-03 06:13:37	1	0	1	0
           605	2023-10-03 07:12:13	1	0	1	0
            91	2023-10-03 07:15:20	1	0	1	0
           185	2023-10-03 07:15:36	1	0	1	0
           369	2023-10-03 07:17:59	1	0	1	0
           602	2023-10-03 07:32:01	1	0	1	0
           241	2023-10-03 07:38:10	1	0	1	0
           180	2023-10-03 07:38:22	1	0	1	0
           592	2023-10-03 07:41:14	1	0	1	0
           145	2023-10-03 07:46:08	1	0	1	0
           379	2023-10-03 07:47:33	1	0	1	0
           551	2023-10-03 07:48:06	1	0	1	0
           472	2023-10-03 07:48:31	1	0	1	0
           471	2023-10-03 07:48:39	1	0	1	0
           181	2023-10-03 07:49:56	1	0	1	0
           118	2023-10-03 07:50:09	1	0	1	0
            57	2023-10-03 07:50:23	1	0	1	0
           536	2023-10-03 07:50:41	1	0	1	0
           144	2023-10-03 07:53:25	1	0	1	0
            48	2023-10-03 07:53:45	1	0	1	0
           527	2023-10-03 07:53:52	1	0	1	0
           142	2023-10-03 07:56:24	1	0	1	0
           132	2023-10-03 07:56:33	1	0	1	0
           473	2023-10-03 07:56:39	1	0	1	0
            80	2023-10-03 08:00:20	1	0	1	0
           401	2023-10-03 08:15:11	1	0	1	0
           332	2023-10-03 08:32:29	1	0	1	0
           379	2023-10-03 12:00:29	1	0	1	0
           180	2023-10-03 12:00:35	1	0	1	0
           472	2023-10-03 12:01:21	1	0	1	0
           605	2023-10-03 12:01:31	1	0	1	0
            80	2023-10-03 12:01:54	1	0	1	0
           551	2023-10-03 12:01:58	1	0	1	0
           471	2023-10-03 12:02:04	1	0	1	0
           142	2023-10-03 12:02:57	1	0	1	0
           132	2023-10-03 12:03:03	1	0	1	0
           118	2023-10-03 12:03:10	1	0	1	0
           369	2023-10-03 12:03:14	1	0	1	0
            58	2023-10-03 12:03:27	1	0	1	0
           536	2023-10-03 12:03:36	1	0	1	0
           527	2023-10-03 12:03:46	1	0	1	0
           181	2023-10-03 12:03:53	1	0	1	0
           185	2023-10-03 12:04:00	1	0	1	0
           332	2023-10-03 12:04:31	1	0	1	0
           592	2023-10-03 12:04:57	1	0	1	0
           473	2023-10-03 12:08:50	1	0	1	0
           602	2023-10-03 12:08:56	1	0	1	0
           187	2023-10-03 12:09:02	1	0	1	0
            48	2023-10-03 12:10:18	1	0	1	0
           144	2023-10-03 12:11:01	1	0	1	0
           241	2023-10-03 12:19:14	1	0	1	0
           605	2023-10-03 12:25:27	1	0	1	0
           602	2023-10-03 12:25:34	1	0	1	0
           473	2023-10-03 12:25:40	1	0	1	0
           118	2023-10-03 12:25:49	1	0	1	0
           472	2023-10-03 12:28:07	1	0	1	0
           536	2023-10-03 12:29:30	1	0	1	0
            48	2023-10-03 12:34:33	1	0	1	0
            58	2023-10-03 12:34:52	1	0	1	0
           369	2023-10-03 12:34:57	1	0	1	0
           401	2023-10-03 12:35:07	1	0	1	0
           332	2023-10-03 12:35:17	1	0	1	0
            80	2023-10-03 12:42:42	1	0	1	0
           551	2023-10-03 12:42:46	1	0	1	0
           471	2023-10-03 12:44:28	1	0	1	0
           180	2023-10-03 12:45:26	1	0	1	0
            57	2023-10-03 12:47:14	1	0	1	0
           379	2023-10-03 12:50:21	1	0	1	0
           527	2023-10-03 12:51:36	1	0	1	0
           592	2023-10-03 12:51:45	1	0	1	0
           132	2023-10-03 12:55:40	1	0	1	0
           142	2023-10-03 12:55:43	1	0	1	0
           241	2023-10-03 12:56:23	1	0	1	0
           185	2023-10-03 12:56:34	1	0	1	0
           181	2023-10-03 12:56:42	1	0	1	0
           144	2023-10-03 12:57:27	1	0	1	0
           401	2023-10-03 12:58:47	1	0	1	0
            57	2023-10-03 13:07:30	1	0	1	0
            57	2023-10-03 17:01:07	1	0	1	0
           379	2023-10-03 17:02:24	1	0	1	0
           472	2023-10-03 17:02:36	1	0	1	0
            58	2023-10-03 17:02:44	1	0	1	0
           181	2023-10-03 17:02:49	1	0	1	0
           185	2023-10-03 17:03:32	1	0	1	0
           187	2023-10-03 17:04:15	1	0	1	0
           241	2023-10-03 17:06:06	1	0	1	0
           527	2023-10-03 17:06:59	1	0	1	0
           536	2023-10-03 17:07:16	1	0	1	0
           369	2023-10-03 17:07:21	1	0	1	0
           592	2023-10-03 17:08:44	1	0	1	0
           180	2023-10-03 17:11:47	1	0	1	0
            48	2023-10-03 17:13:05	1	0	1	0
           471	2023-10-03 17:14:41	1	0	1	0
           605	2023-10-03 17:15:35	1	0	1	0
           602	2023-10-03 17:17:01	1	0	1	0
            80	2023-10-03 17:17:48	1	0	1	0
           551	2023-10-03 17:17:51	1	0	1	0
           332	2023-10-03 17:18:35	1	0	1	0
           473	2023-10-03 17:18:41	1	0	1	0
           118	2023-10-03 17:19:04	1	0	1	0
           132	2023-10-03 17:25:37	1	0	1	0
           142	2023-10-03 17:25:43	1	0	1	0
           401	2023-10-03 17:25:50	1	0	1	0
           144	2023-10-03 17:37:27	1	0	1	0
            91	2023-10-03 17:51:06	1	0	1	0
           145	2023-10-03 18:26:42	1	0	1	0
            58	2023-10-04 06:02:02	1	0	1	0
           592	2023-10-04 06:50:25	1	0	1	0
           241	2023-10-04 07:18:10	1	0	1	0
           602	2023-10-04 07:25:43	1	0	1	0
           185	2023-10-04 07:26:03	1	0	1	0
            91	2023-10-04 07:26:15	1	0	1	0
           605	2023-10-04 07:31:12	1	0	1	0
           379	2023-10-04 07:31:37	1	0	1	0
           180	2023-10-04 07:47:18	1	0	1	0
           142	2023-10-04 07:48:35	1	0	1	0
           132	2023-10-04 07:48:45	1	0	1	0
           118	2023-10-04 07:48:57	1	0	1	0
           144	2023-10-04 07:49:15	1	0	1	0
           527	2023-10-04 07:49:35	1	0	1	0
           181	2023-10-04 07:50:39	1	0	1	0
            48	2023-10-04 07:52:03	1	0	1	0
           551	2023-10-04 07:52:31	1	0	1	0
           145	2023-10-04 07:52:41	1	0	1	0
            57	2023-10-04 07:55:03	1	0	1	0
           536	2023-10-04 07:55:35	1	0	1	0
           472	2023-10-04 07:56:07	1	0	1	0
           471	2023-10-04 07:56:14	1	0	1	0
           187	2023-10-04 07:56:40	1	0	1	0
           473	2023-10-04 07:56:48	1	0	1	0
            80	2023-10-04 08:00:05	1	0	1	0
           332	2023-10-04 08:17:19	1	0	1	0
           369	2023-10-04 08:31:48	1	0	1	0
           379	2023-10-04 12:01:01	1	0	1	0
           536	2023-10-04 12:01:12	1	0	1	0
           473	2023-10-04 12:01:20	1	0	1	0
           605	2023-10-04 12:01:30	1	0	1	0
           602	2023-10-04 12:01:36	1	0	1	0
           369	2023-10-04 12:03:44	1	0	1	0
           132	2023-10-04 12:04:06	1	0	1	0
           118	2023-10-04 12:04:13	1	0	1	0
            80	2023-10-04 12:04:16	1	0	1	0
           471	2023-10-04 12:04:24	1	0	1	0
           142	2023-10-04 12:05:01	1	0	1	0
            48	2023-10-04 12:07:07	1	0	1	0
           144	2023-10-04 12:08:03	1	0	1	0
           472	2023-10-04 12:11:31	1	0	1	0
            58	2023-10-04 12:14:30	1	0	1	0
           180	2023-10-04 12:16:10	1	0	1	0
           185	2023-10-04 12:18:39	1	0	1	0
           181	2023-10-04 12:18:45	1	0	1	0
           592	2023-10-04 12:18:51	1	0	1	0
           527	2023-10-04 12:19:19	1	0	1	0
           369	2023-10-04 12:20:41	1	0	1	0
           332	2023-10-04 12:22:46	1	0	1	0
            80	2023-10-04 12:23:08	1	0	1	0
           187	2023-10-04 12:25:08	1	0	1	0
            57	2023-10-04 12:26:46	1	0	1	0
           605	2023-10-04 12:29:07	1	0	1	0
           471	2023-10-04 12:30:23	1	0	1	0
           118	2023-10-04 12:30:31	1	0	1	0
           472	2023-10-04 12:30:38	1	0	1	0
           602	2023-10-04 12:31:07	1	0	1	0
            48	2023-10-04 12:34:03	1	0	1	0
            58	2023-10-04 12:35:14	1	0	1	0
           241	2023-10-04 12:36:15	1	0	1	0
           145	2023-10-04 12:37:07	1	0	1	0
           180	2023-10-04 12:37:15	1	0	1	0
           536	2023-10-04 12:40:42	1	0	1	0
           187	2023-10-04 12:43:37	1	0	1	0
           332	2023-10-04 12:43:49	1	0	1	0
           592	2023-10-04 12:46:00	1	0	1	0
           241	2023-10-04 12:53:50	1	0	1	0
            57	2023-10-04 12:55:01	1	0	1	0
           379	2023-10-04 12:55:05	1	0	1	0
           527	2023-10-04 12:55:31	1	0	1	0
           142	2023-10-04 12:55:48	1	0	1	0
           132	2023-10-04 12:55:55	1	0	1	0
           144	2023-10-04 12:56:55	1	0	1	0
           145	2023-10-04 12:57:18	1	0	1	0
           536	2023-10-04 17:00:08	1	0	1	0
           379	2023-10-04 17:01:05	1	0	1	0
            58	2023-10-04 17:01:44	1	0	1	0
            57	2023-10-04 17:02:15	1	0	1	0
           592	2023-10-04 17:02:30	1	0	1	0
           187	2023-10-04 17:02:50	1	0	1	0
            48	2023-10-04 17:02:56	1	0	1	0
           473	2023-10-04 17:04:30	1	0	1	0
           472	2023-10-04 17:04:36	1	0	1	0
           241	2023-10-04 17:07:34	1	0	1	0
           602	2023-10-04 17:07:47	1	0	1	0
           605	2023-10-04 17:07:54	1	0	1	0
           527	2023-10-04 17:08:02	1	0	1	0
           471	2023-10-04 17:08:26	1	0	1	0
           185	2023-10-04 17:11:28	1	0	1	0
           181	2023-10-04 17:11:40	1	0	1	0
           369	2023-10-04 17:12:57	1	0	1	0
           118	2023-10-04 17:13:15	1	0	1	0
           142	2023-10-04 17:21:20	1	0	1	0
           132	2023-10-04 17:21:27	1	0	1	0
           144	2023-10-04 17:23:10	1	0	1	0
           332	2023-10-04 17:23:51	1	0	1	0
            91	2023-10-04 17:25:10	1	0	1	0
           145	2023-10-04 17:32:00	1	0	1	0
            80	2023-10-04 17:36:59	1	0	1	0
           180	2023-10-04 17:39:57	1	0	1	0
            58	2023-10-05 06:08:01	1	0	1	0
           602	2023-10-05 07:25:15	1	0	1	0
            91	2023-10-05 07:38:25	1	0	1	0
           605	2023-10-05 07:38:47	1	0	1	0
            48	2023-10-05 07:43:48	1	0	1	0
           180	2023-10-05 07:48:03	1	0	1	0
           527	2023-10-05 07:52:08	1	0	1	0
           473	2023-10-05 07:53:28	1	0	1	0
           551	2023-10-05 07:53:56	1	0	1	0
           241	2023-10-05 07:54:02	1	0	1	0
           132	2023-10-05 07:54:08	1	0	1	0
           185	2023-10-05 07:55:40	1	0	1	0
           379	2023-10-05 07:55:55	1	0	1	0
            57	2023-10-05 07:56:03	1	0	1	0
           536	2023-10-05 07:56:12	1	0	1	0
           118	2023-10-05 07:56:19	1	0	1	0
           145	2023-10-05 07:57:27	1	0	1	0
           472	2023-10-05 07:58:16	1	0	1	0
           471	2023-10-05 07:58:24	1	0	1	0
           144	2023-10-05 07:59:29	1	0	1	0
           332	2023-10-05 07:59:38	1	0	1	0
            80	2023-10-05 07:59:52	1	0	1	0
           187	2023-10-05 07:59:57	1	0	1	0
           181	2023-10-05 08:01:46	1	0	1	0
           592	2023-10-05 08:14:31	1	0	1	0
           369	2023-10-05 08:23:25	1	0	1	0
           379	2023-10-05 12:01:10	1	0	1	0
           185	2023-10-05 12:03:14	1	0	1	0
           180	2023-10-05 12:03:22	1	0	1	0
           144	2023-10-05 12:03:27	1	0	1	0
           473	2023-10-05 12:03:30	1	0	1	0
           471	2023-10-05 12:03:37	1	0	1	0
           536	2023-10-05 12:03:41	1	0	1	0
           527	2023-10-05 12:03:48	1	0	1	0
           592	2023-10-05 12:03:54	1	0	1	0
           118	2023-10-05 12:03:59	1	0	1	0
           472	2023-10-05 12:04:07	1	0	1	0
            80	2023-10-05 12:04:13	1	0	1	0
           551	2023-10-05 12:04:18	1	0	1	0
           602	2023-10-05 12:04:36	1	0	1	0
           605	2023-10-05 12:04:45	1	0	1	0
           132	2023-10-05 12:04:52	1	0	1	0
            58	2023-10-05 12:05:02	1	0	1	0
           187	2023-10-05 12:05:35	1	0	1	0
           145	2023-10-05 12:07:04	1	0	1	0
           369	2023-10-05 12:07:31	1	0	1	0
            91	2023-10-05 12:13:34	1	0	1	0
           241	2023-10-05 12:13:41	1	0	1	0
           181	2023-10-05 12:16:56	1	0	1	0
           180	2023-10-05 12:19:04	1	0	1	0
           592	2023-10-05 12:23:15	1	0	1	0
           527	2023-10-05 12:23:18	1	0	1	0
           536	2023-10-05 12:23:22	1	0	1	0
            48	2023-10-05 12:25:58	1	0	1	0
           332	2023-10-05 12:26:33	1	0	1	0
           185	2023-10-05 12:29:56	1	0	1	0
            91	2023-10-05 12:33:53	1	0	1	0
           181	2023-10-05 12:36:18	1	0	1	0
           241	2023-10-05 12:36:48	1	0	1	0
           473	2023-10-05 12:38:33	1	0	1	0
           602	2023-10-05 12:38:38	1	0	1	0
           605	2023-10-05 12:38:44	1	0	1	0
            57	2023-10-05 12:45:10	1	0	1	0
           471	2023-10-05 12:46:26	1	0	1	0
           118	2023-10-05 12:46:35	1	0	1	0
           369	2023-10-05 12:49:07	1	0	1	0
           132	2023-10-05 12:49:27	1	0	1	0
           332	2023-10-05 12:49:35	1	0	1	0
            58	2023-10-05 12:49:39	1	0	1	0
           145	2023-10-05 12:50:46	1	0	1	0
            80	2023-10-05 12:51:08	1	0	1	0
           551	2023-10-05 12:51:11	1	0	1	0
            48	2023-10-05 12:51:31	1	0	1	0
           144	2023-10-05 12:51:46	1	0	1	0
           187	2023-10-05 12:54:08	1	0	1	0
           472	2023-10-05 12:56:49	1	0	1	0
           379	2023-10-05 12:57:32	1	0	1	0
            57	2023-10-05 13:00:20	1	0	1	0
            91	2023-10-05 17:00:05	1	0	1	0
            57	2023-10-05 17:00:12	1	0	1	0
           379	2023-10-05 17:00:16	1	0	1	0
           185	2023-10-05 17:00:21	1	0	1	0
           132	2023-10-05 17:00:28	1	0	1	0
           592	2023-10-05 17:00:35	1	0	1	0
           536	2023-10-05 17:00:51	1	0	1	0
           332	2023-10-05 17:01:03	1	0	1	0
           527	2023-10-05 17:01:25	1	0	1	0
           181	2023-10-05 17:02:42	1	0	1	0
           369	2023-10-05 17:03:11	1	0	1	0
            80	2023-10-05 17:03:22	1	0	1	0
           551	2023-10-05 17:03:25	1	0	1	0
            58	2023-10-05 17:03:34	1	0	1	0
           241	2023-10-05 17:03:39	1	0	1	0
           605	2023-10-05 17:04:38	1	0	1	0
           602	2023-10-05 17:08:36	1	0	1	0
           471	2023-10-05 17:08:50	1	0	1	0
           118	2023-10-05 17:17:03	1	0	1	0
           473	2023-10-05 17:17:10	1	0	1	0
           180	2023-10-05 17:17:18	1	0	1	0
           144	2023-10-05 17:33:45	1	0	1	0
            48	2023-10-05 17:39:37	1	0	1	0
           187	2023-10-05 17:57:43	1	0	1	0
           145	2023-10-05 18:34:04	1	0	1	0
            58	2023-10-06 06:04:55	1	0	1	0
           185	2023-10-06 07:13:45	1	0	1	0
           369	2023-10-06 07:14:39	1	0	1	0
            91	2023-10-06 07:14:44	1	0	1	0
           187	2023-10-06 07:14:50	1	0	1	0
           536	2023-10-06 07:19:54	1	0	1	0
           332	2023-10-06 07:20:08	1	0	1	0
           181	2023-10-06 07:20:58	1	0	1	0
           602	2023-10-06 07:28:16	1	0	1	0
           605	2023-10-06 07:29:44	1	0	1	0
           118	2023-10-06 07:38:30	1	0	1	0
           473	2023-10-06 07:39:33	1	0	1	0
            57	2023-10-06 07:43:07	1	0	1	0
           144	2023-10-06 07:45:39	1	0	1	0
           132	2023-10-06 07:49:19	1	0	1	0
           142	2023-10-06 07:49:23	1	0	1	0
            48	2023-10-06 07:50:23	1	0	1	0
           527	2023-10-06 07:55:38	1	0	1	0
           379	2023-10-06 07:55:42	1	0	1	0
           551	2023-10-06 07:55:48	1	0	1	0
           145	2023-10-06 07:58:04	1	0	1	0
           472	2023-10-06 08:02:30	1	0	1	0
           471	2023-10-06 08:02:35	1	0	1	0
            80	2023-10-06 08:03:26	1	0	1	0
           401	2023-10-06 08:05:11	1	0	1	0
           241	2023-10-06 08:07:28	1	0	1	0
           379	2023-10-06 12:00:24	1	0	1	0
           473	2023-10-06 12:00:30	1	0	1	0
           602	2023-10-06 12:00:34	1	0	1	0
           605	2023-10-06 12:00:42	1	0	1	0
           142	2023-10-06 12:01:03	1	0	1	0
            58	2023-10-06 12:01:08	1	0	1	0
           132	2023-10-06 12:01:15	1	0	1	0
           536	2023-10-06 12:01:22	1	0	1	0
           527	2023-10-06 12:01:31	1	0	1	0
           369	2023-10-06 12:01:41	1	0	1	0
           118	2023-10-06 12:02:19	1	0	1	0
           471	2023-10-06 12:02:28	1	0	1	0
           472	2023-10-06 12:02:33	1	0	1	0
           551	2023-10-06 12:03:22	1	0	1	0
            48	2023-10-06 12:04:57	1	0	1	0
           187	2023-10-06 12:05:02	1	0	1	0
           185	2023-10-06 12:06:11	1	0	1	0
           144	2023-10-06 12:06:19	1	0	1	0
           332	2023-10-06 12:07:34	1	0	1	0
            57	2023-10-06 12:08:01	1	0	1	0
           145	2023-10-06 12:10:05	1	0	1	0
           401	2023-10-06 12:10:14	1	0	1	0
           181	2023-10-06 12:12:53	1	0	1	0
           473	2023-10-06 12:18:28	1	0	1	0
           605	2023-10-06 12:18:35	1	0	1	0
           471	2023-10-06 12:18:50	1	0	1	0
           602	2023-10-06 12:19:14	1	0	1	0
           118	2023-10-06 12:19:44	1	0	1	0
            80	2023-10-06 12:20:56	1	0	1	0
           472	2023-10-06 12:22:02	1	0	1	0
            58	2023-10-06 12:22:13	1	0	1	0
            91	2023-10-06 12:24:32	1	0	1	0
           185	2023-10-06 12:24:51	1	0	1	0
            57	2023-10-06 12:31:19	1	0	1	0
           527	2023-10-06 12:32:58	1	0	1	0
           181	2023-10-06 12:35:08	1	0	1	0
           536	2023-10-06 12:35:14	1	0	1	0
           144	2023-10-06 12:35:56	1	0	1	0
           241	2023-10-06 12:38:35	1	0	1	0
           187	2023-10-06 12:39:53	1	0	1	0
            48	2023-10-06 12:41:39	1	0	1	0
            80	2023-10-06 12:43:54	1	0	1	0
           142	2023-10-06 12:44:55	1	0	1	0
           145	2023-10-06 12:45:54	1	0	1	0
           401	2023-10-06 12:46:00	1	0	1	0
           332	2023-10-06 12:48:45	1	0	1	0
           132	2023-10-06 12:48:58	1	0	1	0
           379	2023-10-06 12:53:11	1	0	1	0
           551	2023-10-06 12:53:47	1	0	1	0
           241	2023-10-06 12:55:03	1	0	1	0
            91	2023-10-06 12:55:58	1	0	1	0
            57	2023-10-06 17:00:11	1	0	1	0
           471	2023-10-06 17:00:43	1	0	1	0
           379	2023-10-06 17:01:03	1	0	1	0
           602	2023-10-06 17:01:08	1	0	1	0
           472	2023-10-06 17:01:29	1	0	1	0
           118	2023-10-06 17:01:58	1	0	1	0
           605	2023-10-06 17:02:07	1	0	1	0
           473	2023-10-06 17:02:15	1	0	1	0
           536	2023-10-06 17:02:29	1	0	1	0
            91	2023-10-06 17:02:34	1	0	1	0
           185	2023-10-06 17:02:41	1	0	1	0
            58	2023-10-06 17:03:26	1	0	1	0
           241	2023-10-06 17:04:36	1	0	1	0
           527	2023-10-06 17:06:16	1	0	1	0
           187	2023-10-06 17:07:54	1	0	1	0
           181	2023-10-06 17:08:04	1	0	1	0
           369	2023-10-06 17:11:13	1	0	1	0
            48	2023-10-06 17:14:19	1	0	1	0
           551	2023-10-06 17:14:32	1	0	1	0
            80	2023-10-06 17:14:35	1	0	1	0
           332	2023-10-06 17:16:29	1	0	1	0
           132	2023-10-06 17:28:28	1	0	1	0
           142	2023-10-06 17:28:34	1	0	1	0
           144	2023-10-06 17:35:28	1	0	1	0
           401	2023-10-06 18:04:42	1	0	1	0
           145	2023-10-06 18:06:19	1	0	1	0
            58	2023-10-09 06:07:56	1	0	1	0
           185	2023-10-09 07:11:19	1	0	1	0
           369	2023-10-09 07:14:09	1	0	1	0
            91	2023-10-09 07:16:22	1	0	1	0
           241	2023-10-09 07:30:48	1	0	1	0
           473	2023-10-09 07:32:07	1	0	1	0
           602	2023-10-09 07:32:47	1	0	1	0
           180	2023-10-09 07:36:39	1	0	1	0
           187	2023-10-09 07:39:18	1	0	1	0
           332	2023-10-09 07:39:27	1	0	1	0
           592	2023-10-09 07:39:56	1	0	1	0
           379	2023-10-09 07:40:56	1	0	1	0
           605	2023-10-09 07:43:41	1	0	1	0
           536	2023-10-09 07:46:36	1	0	1	0
           527	2023-10-09 07:46:56	1	0	1	0
           142	2023-10-09 07:47:49	1	0	1	0
           132	2023-10-09 07:47:56	1	0	1	0
           181	2023-10-09 07:48:22	1	0	1	0
           472	2023-10-09 07:48:30	1	0	1	0
           471	2023-10-09 07:48:36	1	0	1	0
           551	2023-10-09 07:49:12	1	0	1	0
            48	2023-10-09 07:49:27	1	0	1	0
            57	2023-10-09 07:56:00	1	0	1	0
           401	2023-10-09 07:56:41	1	0	1	0
            80	2023-10-09 07:58:23	1	0	1	0
           145	2023-10-09 07:59:44	1	0	1	0
           132	2023-10-09 12:00:04	1	0	1	0
            57	2023-10-09 12:00:11	1	0	1	0
           379	2023-10-09 12:00:17	1	0	1	0
           185	2023-10-09 12:00:31	1	0	1	0
            91	2023-10-09 12:00:46	1	0	1	0
           142	2023-10-09 12:01:15	1	0	1	0
           369	2023-10-09 12:01:31	1	0	1	0
            48	2023-10-09 12:01:37	1	0	1	0
           472	2023-10-09 12:01:44	1	0	1	0
           145	2023-10-09 12:01:54	1	0	1	0
           401	2023-10-09 12:02:00	1	0	1	0
           602	2023-10-09 12:02:20	1	0	1	0
           473	2023-10-09 12:02:22	1	0	1	0
           187	2023-10-09 12:02:27	1	0	1	0
           118	2023-10-09 12:02:36	1	0	1	0
           181	2023-10-09 12:02:46	1	0	1	0
           471	2023-10-09 12:02:54	1	0	1	0
           605	2023-10-09 12:03:02	1	0	1	0
           527	2023-10-09 12:03:21	1	0	1	0
           536	2023-10-09 12:03:48	1	0	1	0
            80	2023-10-09 12:04:47	1	0	1	0
           551	2023-10-09 12:04:56	1	0	1	0
           241	2023-10-09 12:09:25	1	0	1	0
           180	2023-10-09 12:10:29	1	0	1	0
           592	2023-10-09 12:11:19	1	0	1	0
           332	2023-10-09 12:14:48	1	0	1	0
           369	2023-10-09 12:17:18	1	0	1	0
            58	2023-10-09 12:18:57	1	0	1	0
           472	2023-10-09 12:20:13	1	0	1	0
           118	2023-10-09 12:21:41	1	0	1	0
           471	2023-10-09 12:23:12	1	0	1	0
           132	2023-10-09 12:24:58	1	0	1	0
           142	2023-10-09 12:25:04	1	0	1	0
           602	2023-10-09 12:26:12	1	0	1	0
           605	2023-10-09 12:26:20	1	0	1	0
            91	2023-10-09 12:28:01	1	0	1	0
           185	2023-10-09 12:31:34	1	0	1	0
           181	2023-10-09 12:33:27	1	0	1	0
           241	2023-10-09 12:35:52	1	0	1	0
           551	2023-10-09 12:38:21	1	0	1	0
            80	2023-10-09 12:38:28	1	0	1	0
           144	2023-10-09 12:39:44	1	0	1	0
            58	2023-10-09 12:40:27	1	0	1	0
           592	2023-10-09 12:45:13	1	0	1	0
           145	2023-10-09 12:46:10	1	0	1	0
           401	2023-10-09 12:46:15	1	0	1	0
           536	2023-10-09 12:47:06	1	0	1	0
           332	2023-10-09 12:47:45	1	0	1	0
           180	2023-10-09 12:49:07	1	0	1	0
           379	2023-10-09 12:49:44	1	0	1	0
           187	2023-10-09 12:51:20	1	0	1	0
            48	2023-10-09 12:51:37	1	0	1	0
           527	2023-10-09 12:54:11	1	0	1	0
            57	2023-10-09 12:55:37	1	0	1	0
            57	2023-10-09 17:00:35	1	0	1	0
            58	2023-10-09 17:00:54	1	0	1	0
           471	2023-10-09 17:01:22	1	0	1	0
           536	2023-10-09 17:01:29	1	0	1	0
           379	2023-10-09 17:01:50	1	0	1	0
           472	2023-10-09 17:03:04	1	0	1	0
           369	2023-10-09 17:05:19	1	0	1	0
            48	2023-10-09 17:05:58	1	0	1	0
           187	2023-10-09 17:07:36	1	0	1	0
           180	2023-10-09 17:10:20	1	0	1	0
           592	2023-10-09 17:10:34	1	0	1	0
           118	2023-10-09 17:11:21	1	0	1	0
           602	2023-10-09 17:11:36	1	0	1	0
           473	2023-10-09 17:12:06	1	0	1	0
           605	2023-10-09 17:12:42	1	0	1	0
           181	2023-10-09 17:15:10	1	0	1	0
           527	2023-10-09 17:16:09	1	0	1	0
           132	2023-10-09 17:16:40	1	0	1	0
           142	2023-10-09 17:16:49	1	0	1	0
           241	2023-10-09 17:17:12	1	0	1	0
           401	2023-10-09 17:19:25	1	0	1	0
            91	2023-10-09 17:22:07	1	0	1	0
           185	2023-10-09 17:23:07	1	0	1	0
            80	2023-10-09 17:31:50	1	0	1	0
           332	2023-10-09 17:37:27	1	0	1	0
           144	2023-10-09 17:51:41	1	0	1	0
           145	2023-10-09 18:12:13	1	0	1	0
           551	2023-10-09 18:38:55	1	0	1	0
            80	2023-10-10 06:07:03	1	0	1	0
            58	2023-10-10 06:15:56	1	0	1	0
           369	2023-10-10 07:27:45	1	0	1	0
           185	2023-10-10 07:28:50	1	0	1	0
           181	2023-10-10 07:34:42	1	0	1	0
           379	2023-10-10 07:37:44	1	0	1	0
           551	2023-10-10 07:37:51	1	0	1	0
            91	2023-10-10 07:38:02	1	0	1	0
           180	2023-10-10 07:41:56	1	0	1	0
           605	2023-10-10 07:42:03	1	0	1	0
           118	2023-10-10 07:42:28	1	0	1	0
           332	2023-10-10 07:43:09	1	0	1	0
           187	2023-10-10 07:43:38	1	0	1	0
           602	2023-10-10 07:44:07	1	0	1	0
            48	2023-10-10 07:45:22	1	0	1	0
           527	2023-10-10 07:48:09	1	0	1	0
           472	2023-10-10 07:49:02	1	0	1	0
           471	2023-10-10 07:49:06	1	0	1	0
            57	2023-10-10 07:50:09	1	0	1	0
           145	2023-10-10 07:53:40	1	0	1	0
           536	2023-10-10 07:54:13	1	0	1	0
           142	2023-10-10 07:54:30	1	0	1	0
           132	2023-10-10 07:54:38	1	0	1	0
           473	2023-10-10 07:57:28	1	0	1	0
           241	2023-10-10 07:58:15	1	0	1	0
           144	2023-10-10 08:00:23	1	0	1	0
           592	2023-10-10 08:11:49	1	0	1	0
           472	2023-10-10 11:57:47	1	0	1	0
           379	2023-10-10 12:00:32	1	0	1	0
           180	2023-10-10 12:01:03	1	0	1	0
           369	2023-10-10 12:01:08	1	0	1	0
            80	2023-10-10 12:01:18	1	0	1	0
           551	2023-10-10 12:01:22	1	0	1	0
            57	2023-10-10 12:01:33	1	0	1	0
            58	2023-10-10 12:02:05	1	0	1	0
           592	2023-10-10 12:02:27	1	0	1	0
           536	2023-10-10 12:03:19	1	0	1	0
           527	2023-10-10 12:03:23	1	0	1	0
           118	2023-10-10 12:06:22	1	0	1	0
           605	2023-10-10 12:06:42	1	0	1	0
           602	2023-10-10 12:06:45	1	0	1	0
           473	2023-10-10 12:06:48	1	0	1	0
           145	2023-10-10 12:06:52	1	0	1	0
           185	2023-10-10 12:09:06	1	0	1	0
           241	2023-10-10 12:09:13	1	0	1	0
           181	2023-10-10 12:09:51	1	0	1	0
           471	2023-10-10 12:11:16	1	0	1	0
           132	2023-10-10 12:11:28	1	0	1	0
            57	2023-10-10 12:17:34	1	0	1	0
            58	2023-10-10 12:19:36	1	0	1	0
           472	2023-10-10 12:19:44	1	0	1	0
           187	2023-10-10 12:21:17	1	0	1	0
            48	2023-10-10 12:21:23	1	0	1	0
           332	2023-10-10 12:22:04	1	0	1	0
           369	2023-10-10 12:23:14	1	0	1	0
           551	2023-10-10 12:26:25	1	0	1	0
            80	2023-10-10 12:26:33	1	0	1	0
           118	2023-10-10 12:35:44	1	0	1	0
           473	2023-10-10 12:35:53	1	0	1	0
           602	2023-10-10 12:36:07	1	0	1	0
           605	2023-10-10 12:36:13	1	0	1	0
           527	2023-10-10 12:37:19	1	0	1	0
           536	2023-10-10 12:37:24	1	0	1	0
           471	2023-10-10 12:38:19	1	0	1	0
           181	2023-10-10 12:40:28	1	0	1	0
           187	2023-10-10 12:40:55	1	0	1	0
            48	2023-10-10 12:41:01	1	0	1	0
           144	2023-10-10 12:41:12	1	0	1	0
           241	2023-10-10 12:45:37	1	0	1	0
           332	2023-10-10 12:46:55	1	0	1	0
           142	2023-10-10 12:47:23	1	0	1	0
           132	2023-10-10 12:47:27	1	0	1	0
           180	2023-10-10 12:48:02	1	0	1	0
           185	2023-10-10 12:48:25	1	0	1	0
           379	2023-10-10 12:51:30	1	0	1	0
           144	2023-10-10 12:56:14	1	0	1	0
           145	2023-10-10 12:56:43	1	0	1	0
           592	2023-10-10 12:57:52	1	0	1	0
           241	2023-10-10 17:00:11	1	0	1	0
            58	2023-10-10 17:00:28	1	0	1	0
           379	2023-10-10 17:01:02	1	0	1	0
           369	2023-10-10 17:01:15	1	0	1	0
           181	2023-10-10 17:01:23	1	0	1	0
           332	2023-10-10 17:01:57	1	0	1	0
           536	2023-10-10 17:02:50	1	0	1	0
           527	2023-10-10 17:03:16	1	0	1	0
            57	2023-10-10 17:04:15	1	0	1	0
           473	2023-10-10 17:06:14	1	0	1	0
           602	2023-10-10 17:06:25	1	0	1	0
           605	2023-10-10 17:06:32	1	0	1	0
           118	2023-10-10 17:06:43	1	0	1	0
            48	2023-10-10 17:08:15	1	0	1	0
           472	2023-10-10 17:10:28	1	0	1	0
           471	2023-10-10 17:10:35	1	0	1	0
           187	2023-10-10 17:10:41	1	0	1	0
           185	2023-10-10 17:11:05	1	0	1	0
           592	2023-10-10 17:13:23	1	0	1	0
           180	2023-10-10 17:20:34	1	0	1	0
            91	2023-10-10 17:30:13	1	0	1	0
            80	2023-10-10 17:43:21	1	0	1	0
           144	2023-10-10 17:49:09	1	0	1	0
           142	2023-10-10 17:59:33	1	0	1	0
           132	2023-10-10 17:59:40	1	0	1	0
           145	2023-10-10 18:26:49	1	0	1	0
           551	2023-10-10 19:23:39	1	0	1	0
            58	2023-10-11 06:09:06	1	0	1	0
           369	2023-10-11 07:15:24	1	0	1	0
           187	2023-10-11 07:21:45	1	0	1	0
            91	2023-10-11 07:33:36	1	0	1	0
           185	2023-10-11 07:37:48	1	0	1	0
           379	2023-10-11 07:38:30	1	0	1	0
           602	2023-10-11 07:42:22	1	0	1	0
           592	2023-10-11 07:44:29	1	0	1	0
           180	2023-10-11 07:44:46	1	0	1	0
           118	2023-10-11 07:44:59	1	0	1	0
           605	2023-10-11 07:45:33	1	0	1	0
           473	2023-10-11 07:47:46	1	0	1	0
           527	2023-10-11 07:48:15	1	0	1	0
           551	2023-10-11 07:53:33	1	0	1	0
            80	2023-10-11 07:54:43	1	0	1	0
           142	2023-10-11 07:55:38	1	0	1	0
           536	2023-10-11 07:55:43	1	0	1	0
           132	2023-10-11 07:55:49	1	0	1	0
           332	2023-10-11 07:56:23	1	0	1	0
            57	2023-10-11 07:56:29	1	0	1	0
            48	2023-10-11 07:57:06	1	0	1	0
           181	2023-10-11 07:58:08	1	0	1	0
           472	2023-10-11 07:58:50	1	0	1	0
           471	2023-10-11 07:58:54	1	0	1	0
           144	2023-10-11 08:05:31	1	0	1	0
           401	2023-10-11 08:05:42	1	0	1	0
           241	2023-10-11 08:07:20	1	0	1	0
           369	2023-10-11 12:02:24	1	0	1	0
           132	2023-10-11 12:02:55	1	0	1	0
           605	2023-10-11 12:03:02	1	0	1	0
           602	2023-10-11 12:03:07	1	0	1	0
           379	2023-10-11 12:03:14	1	0	1	0
           144	2023-10-11 12:03:19	1	0	1	0
           536	2023-10-11 12:03:45	1	0	1	0
           181	2023-10-11 12:03:52	1	0	1	0
           527	2023-10-11 12:03:59	1	0	1	0
           592	2023-10-11 12:04:09	1	0	1	0
            80	2023-10-11 12:04:38	1	0	1	0
           551	2023-10-11 12:04:42	1	0	1	0
            91	2023-10-11 12:04:47	1	0	1	0
           142	2023-10-11 12:05:17	1	0	1	0
           185	2023-10-11 12:05:25	1	0	1	0
           241	2023-10-11 12:05:54	1	0	1	0
           472	2023-10-11 12:06:02	1	0	1	0
           180	2023-10-11 12:06:08	1	0	1	0
           118	2023-10-11 12:06:15	1	0	1	0
           471	2023-10-11 12:06:34	1	0	1	0
            58	2023-10-11 12:06:55	1	0	1	0
           332	2023-10-11 12:08:17	1	0	1	0
           401	2023-10-11 12:08:26	1	0	1	0
           187	2023-10-11 12:10:58	1	0	1	0
           145	2023-10-11 12:16:40	1	0	1	0
           592	2023-10-11 12:22:54	1	0	1	0
            48	2023-10-11 12:26:00	1	0	1	0
           369	2023-10-11 12:26:08	1	0	1	0
            58	2023-10-11 12:28:11	1	0	1	0
           142	2023-10-11 12:30:32	1	0	1	0
           132	2023-10-11 12:30:38	1	0	1	0
           181	2023-10-11 12:32:09	1	0	1	0
           379	2023-10-11 12:32:17	1	0	1	0
           473	2023-10-11 12:33:07	1	0	1	0
           602	2023-10-11 12:33:11	1	0	1	0
           605	2023-10-11 12:33:17	1	0	1	0
            91	2023-10-11 12:33:34	1	0	1	0
           241	2023-10-11 12:35:39	1	0	1	0
           180	2023-10-11 12:36:56	1	0	1	0
            80	2023-10-11 12:39:51	1	0	1	0
           551	2023-10-11 12:39:55	1	0	1	0
            48	2023-10-11 12:41:07	1	0	1	0
           527	2023-10-11 12:42:50	1	0	1	0
           471	2023-10-11 12:42:57	1	0	1	0
           472	2023-10-11 12:43:01	1	0	1	0
           118	2023-10-11 12:43:04	1	0	1	0
            57	2023-10-11 12:43:11	1	0	1	0
           536	2023-10-11 12:43:18	1	0	1	0
           185	2023-10-11 12:43:52	1	0	1	0
           332	2023-10-11 12:44:01	1	0	1	0
           145	2023-10-11 12:44:35	1	0	1	0
           144	2023-10-11 12:44:42	1	0	1	0
           401	2023-10-11 12:44:44	1	0	1	0
           187	2023-10-11 12:47:09	1	0	1	0
           473	2023-10-11 12:49:09	1	0	1	0
            57	2023-10-11 12:58:47	1	0	1	0
            58	2023-10-11 17:00:42	1	0	1	0
            57	2023-10-11 17:00:53	1	0	1	0
           379	2023-10-11 17:01:12	1	0	1	0
           187	2023-10-11 17:02:28	1	0	1	0
           473	2023-10-11 17:02:34	1	0	1	0
           602	2023-10-11 17:02:40	1	0	1	0
            48	2023-10-11 17:04:40	1	0	1	0
           332	2023-10-11 17:04:49	1	0	1	0
           118	2023-10-11 17:05:02	1	0	1	0
           536	2023-10-11 17:05:27	1	0	1	0
           592	2023-10-11 17:05:34	1	0	1	0
           527	2023-10-11 17:05:51	1	0	1	0
           369	2023-10-11 17:08:03	1	0	1	0
           241	2023-10-11 17:09:21	1	0	1	0
            80	2023-10-11 17:09:43	1	0	1	0
           551	2023-10-11 17:09:59	1	0	1	0
           472	2023-10-11 17:10:06	1	0	1	0
           471	2023-10-11 17:10:13	1	0	1	0
           185	2023-10-11 17:12:06	1	0	1	0
            91	2023-10-11 17:14:59	1	0	1	0
           181	2023-10-11 17:23:07	1	0	1	0
           180	2023-10-11 17:37:03	1	0	1	0
           144	2023-10-11 17:37:24	1	0	1	0
           401	2023-10-11 17:40:38	1	0	1	0
           142	2023-10-11 18:03:42	1	0	1	0
           132	2023-10-11 18:03:49	1	0	1	0
           145	2023-10-11 18:53:13	1	0	1	0
            58	2023-10-12 06:09:38	1	0	1	0
           332	2023-10-12 06:55:54	1	0	1	0
           187	2023-10-12 07:10:02	1	0	1	0
           185	2023-10-12 07:28:21	1	0	1	0
            91	2023-10-12 07:30:06	1	0	1	0
           379	2023-10-12 07:34:59	1	0	1	0
           602	2023-10-12 07:35:31	1	0	1	0
           118	2023-10-12 07:37:58	1	0	1	0
           180	2023-10-12 07:40:29	1	0	1	0
           592	2023-10-12 07:40:59	1	0	1	0
           605	2023-10-12 07:42:22	1	0	1	0
           145	2023-10-12 07:43:31	1	0	1	0
           536	2023-10-12 07:47:37	1	0	1	0
           551	2023-10-12 07:49:20	1	0	1	0
           142	2023-10-12 07:51:31	1	0	1	0
           132	2023-10-12 07:51:38	1	0	1	0
            48	2023-10-12 07:53:31	1	0	1	0
           527	2023-10-12 07:55:47	1	0	1	0
           181	2023-10-12 07:56:04	1	0	1	0
           472	2023-10-12 07:56:25	1	0	1	0
           401	2023-10-12 07:56:40	1	0	1	0
           471	2023-10-12 07:56:45	1	0	1	0
           144	2023-10-12 07:57:44	1	0	1	0
            57	2023-10-12 07:58:29	1	0	1	0
            80	2023-10-12 07:59:44	1	0	1	0
           473	2023-10-12 08:00:50	1	0	1	0
           241	2023-10-12 08:01:36	1	0	1	0
           369	2023-10-12 08:16:07	1	0	1	0
           379	2023-10-12 12:00:18	1	0	1	0
           369	2023-10-12 12:00:27	1	0	1	0
           473	2023-10-12 12:02:05	1	0	1	0
           118	2023-10-12 12:02:09	1	0	1	0
           471	2023-10-12 12:02:19	1	0	1	0
           472	2023-10-12 12:02:23	1	0	1	0
            57	2023-10-12 12:03:03	1	0	1	0
           185	2023-10-12 12:03:22	1	0	1	0
           181	2023-10-12 12:03:27	1	0	1	0
           536	2023-10-12 12:03:35	1	0	1	0
           592	2023-10-12 12:03:42	1	0	1	0
           132	2023-10-12 12:03:49	1	0	1	0
            91	2023-10-12 12:04:50	1	0	1	0
           142	2023-10-12 12:04:55	1	0	1	0
           527	2023-10-12 12:05:28	1	0	1	0
           180	2023-10-12 12:10:51	1	0	1	0
            58	2023-10-12 12:14:28	1	0	1	0
            80	2023-10-12 12:15:00	1	0	1	0
           551	2023-10-12 12:15:13	1	0	1	0
           144	2023-10-12 12:16:15	1	0	1	0
           536	2023-10-12 12:18:40	1	0	1	0
           118	2023-10-12 12:19:57	1	0	1	0
           471	2023-10-12 12:20:04	1	0	1	0
           472	2023-10-12 12:20:22	1	0	1	0
           369	2023-10-12 12:21:56	1	0	1	0
           187	2023-10-12 12:22:00	1	0	1	0
            48	2023-10-12 12:22:23	1	0	1	0
           241	2023-10-12 12:22:40	1	0	1	0
           401	2023-10-12 12:23:39	1	0	1	0
           132	2023-10-12 12:25:03	1	0	1	0
           142	2023-10-12 12:25:08	1	0	1	0
            58	2023-10-12 12:30:39	1	0	1	0
           144	2023-10-12 12:32:12	1	0	1	0
           181	2023-10-12 12:34:22	1	0	1	0
           332	2023-10-12 12:41:46	1	0	1	0
           187	2023-10-12 12:42:49	1	0	1	0
            48	2023-10-12 12:42:55	1	0	1	0
           185	2023-10-12 12:43:30	1	0	1	0
           180	2023-10-12 12:44:42	1	0	1	0
           592	2023-10-12 12:52:30	1	0	1	0
           473	2023-10-12 12:53:58	1	0	1	0
           401	2023-10-12 12:54:01	1	0	1	0
           527	2023-10-12 12:54:17	1	0	1	0
            91	2023-10-12 12:55:11	1	0	1	0
            80	2023-10-12 12:55:35	1	0	1	0
           551	2023-10-12 12:56:58	1	0	1	0
           241	2023-10-12 12:57:11	1	0	1	0
           332	2023-10-12 12:58:14	1	0	1	0
           379	2023-10-12 12:58:23	1	0	1	0
           369	2023-10-12 17:02:00	1	0	1	0
           473	2023-10-12 17:02:08	1	0	1	0
            58	2023-10-12 17:02:41	1	0	1	0
           379	2023-10-12 17:02:48	1	0	1	0
           471	2023-10-12 17:03:05	1	0	1	0
           602	2023-10-12 17:03:11	1	0	1	0
           605	2023-10-12 17:03:18	1	0	1	0
           118	2023-10-12 17:03:36	1	0	1	0
           472	2023-10-12 17:04:11	1	0	1	0
           144	2023-10-12 17:04:28	1	0	1	0
           536	2023-10-12 17:04:32	1	0	1	0
           592	2023-10-12 17:04:39	1	0	1	0
           527	2023-10-12 17:08:05	1	0	1	0
            48	2023-10-12 17:08:20	1	0	1	0
           187	2023-10-12 17:08:32	1	0	1	0
           551	2023-10-12 17:10:39	1	0	1	0
           180	2023-10-12 17:31:10	1	0	1	0
           332	2023-10-12 17:32:11	1	0	1	0
            80	2023-10-12 17:34:51	1	0	1	0
           401	2023-10-12 17:48:51	1	0	1	0
            91	2023-10-12 17:53:32	1	0	1	0
           142	2023-10-12 17:55:38	1	0	1	0
           132	2023-10-12 17:55:44	1	0	1	0
           145	2023-10-12 18:12:46	1	0	1	0
           181	2023-10-12 18:41:38	1	0	1	0
           241	2023-10-12 18:45:26	1	0	1	0
            58	2023-10-13 06:03:44	1	0	1	0
           187	2023-10-13 06:56:13	1	0	1	0
           602	2023-10-13 07:17:32	1	0	1	0
           185	2023-10-13 07:34:04	1	0	1	0
            91	2023-10-13 07:34:43	1	0	1	0
           473	2023-10-13 07:45:49	1	0	1	0
           527	2023-10-13 07:47:32	1	0	1	0
           180	2023-10-13 07:48:09	1	0	1	0
           118	2023-10-13 07:48:30	1	0	1	0
           142	2023-10-13 07:51:03	1	0	1	0
           132	2023-10-13 07:51:10	1	0	1	0
            48	2023-10-13 07:51:35	1	0	1	0
           144	2023-10-13 07:53:18	1	0	1	0
           145	2023-10-13 07:53:25	1	0	1	0
           605	2023-10-13 07:53:51	1	0	1	0
            57	2023-10-13 07:54:38	1	0	1	0
           592	2023-10-13 07:55:55	1	0	1	0
           472	2023-10-13 07:57:02	1	0	1	0
           471	2023-10-13 07:57:06	1	0	1	0
           401	2023-10-13 07:57:14	1	0	1	0
           181	2023-10-13 07:57:21	1	0	1	0
           379	2023-10-13 07:57:42	1	0	1	0
           551	2023-10-13 07:57:52	1	0	1	0
           536	2023-10-13 07:58:03	1	0	1	0
            80	2023-10-13 08:00:18	1	0	1	0
           241	2023-10-13 08:17:22	1	0	1	0
           332	2023-10-13 08:56:09	1	0	1	0
           332	2023-10-13 12:01:03	1	0	1	0
           527	2023-10-13 12:02:44	1	0	1	0
           180	2023-10-13 12:02:48	1	0	1	0
            48	2023-10-13 12:03:05	1	0	1	0
           187	2023-10-13 12:03:10	1	0	1	0
           401	2023-10-13 12:03:16	1	0	1	0
           132	2023-10-13 12:03:44	1	0	1	0
            80	2023-10-13 12:04:01	1	0	1	0
           551	2023-10-13 12:04:05	1	0	1	0
            58	2023-10-13 12:04:20	1	0	1	0
           592	2023-10-13 12:04:35	1	0	1	0
           472	2023-10-13 12:06:01	1	0	1	0
           142	2023-10-13 12:07:00	1	0	1	0
           185	2023-10-13 12:07:31	1	0	1	0
           379	2023-10-13 12:07:37	1	0	1	0
           369	2023-10-13 12:09:03	1	0	1	0
           471	2023-10-13 12:10:26	1	0	1	0
           473	2023-10-13 12:10:54	1	0	1	0
           118	2023-10-13 12:11:08	1	0	1	0
           602	2023-10-13 12:11:36	1	0	1	0
           605	2023-10-13 12:11:43	1	0	1	0
           536	2023-10-13 12:11:58	1	0	1	0
           145	2023-10-13 12:12:49	1	0	1	0
           144	2023-10-13 12:15:03	1	0	1	0
           181	2023-10-13 12:15:12	1	0	1	0
           332	2023-10-13 12:16:53	1	0	1	0
           180	2023-10-13 12:17:55	1	0	1	0
            91	2023-10-13 12:18:13	1	0	1	0
           527	2023-10-13 12:20:12	1	0	1	0
           241	2023-10-13 12:20:54	1	0	1	0
           379	2023-10-13 12:23:48	1	0	1	0
            58	2023-10-13 12:25:31	1	0	1	0
           536	2023-10-13 12:27:09	1	0	1	0
           369	2023-10-13 12:27:41	1	0	1	0
            48	2023-10-13 12:31:13	1	0	1	0
           187	2023-10-13 12:31:18	1	0	1	0
           142	2023-10-13 12:31:26	1	0	1	0
           132	2023-10-13 12:31:34	1	0	1	0
           471	2023-10-13 12:32:00	1	0	1	0
           472	2023-10-13 12:32:02	1	0	1	0
            80	2023-10-13 12:34:07	1	0	1	0
           551	2023-10-13 12:34:11	1	0	1	0
           185	2023-10-13 12:35:39	1	0	1	0
           181	2023-10-13 12:35:43	1	0	1	0
           605	2023-10-13 12:35:57	1	0	1	0
           473	2023-10-13 12:36:01	1	0	1	0
           602	2023-10-13 12:36:38	1	0	1	0
           145	2023-10-13 12:37:44	1	0	1	0
            57	2023-10-13 12:40:04	1	0	1	0
           118	2023-10-13 12:48:06	1	0	1	0
           241	2023-10-13 12:48:52	1	0	1	0
           592	2023-10-13 12:56:26	1	0	1	0
           401	2023-10-13 12:59:05	1	0	1	0
           144	2023-10-13 12:59:09	1	0	1	0
            57	2023-10-13 12:59:37	1	0	1	0
            91	2023-10-13 12:59:49	1	0	1	0
           379	2023-10-13 17:00:43	1	0	1	0
            57	2023-10-13 17:00:50	1	0	1	0
            58	2023-10-13 17:01:58	1	0	1	0
           187	2023-10-13 17:02:15	1	0	1	0
           551	2023-10-13 17:02:54	1	0	1	0
            80	2023-10-13 17:02:58	1	0	1	0
           472	2023-10-13 17:04:19	1	0	1	0
           471	2023-10-13 17:05:01	1	0	1	0
           602	2023-10-13 17:05:18	1	0	1	0
            48	2023-10-13 17:05:38	1	0	1	0
           473	2023-10-13 17:05:55	1	0	1	0
           605	2023-10-13 17:06:00	1	0	1	0
           536	2023-10-13 17:06:07	1	0	1	0
           592	2023-10-13 17:06:27	1	0	1	0
           118	2023-10-13 17:06:41	1	0	1	0
           527	2023-10-13 17:06:47	1	0	1	0
           181	2023-10-13 17:16:46	1	0	1	0
            91	2023-10-13 17:17:05	1	0	1	0
           180	2023-10-13 17:26:20	1	0	1	0
           132	2023-10-13 17:28:17	1	0	1	0
           369	2023-10-13 17:35:38	1	0	1	0
           142	2023-10-13 17:46:33	1	0	1	0
           144	2023-10-13 17:53:23	1	0	1	0
           401	2023-10-13 18:01:49	1	0	1	0
           145	2023-10-13 18:28:05	1	0	1	0
           332	2023-10-13 19:30:02	1	0	1	0
           241	2023-10-13 19:33:48	1	0	1	0
            58	2023-10-16 06:03:14	1	0	1	0
           401	2023-10-16 07:04:00	1	0	1	0
           241	2023-10-16 07:19:57	1	0	1	0
            91	2023-10-16 07:22:38	1	0	1	0
           185	2023-10-16 07:25:25	1	0	1	0
           181	2023-10-16 07:32:21	1	0	1	0
           473	2023-10-16 07:32:39	1	0	1	0
           602	2023-10-16 07:33:02	1	0	1	0
           605	2023-10-16 07:42:27	1	0	1	0
           379	2023-10-16 07:45:12	1	0	1	0
           551	2023-10-16 07:46:45	1	0	1	0
            57	2023-10-16 07:52:48	1	0	1	0
           536	2023-10-16 07:53:03	1	0	1	0
           118	2023-10-16 07:53:54	1	0	1	0
           180	2023-10-16 07:55:41	1	0	1	0
           527	2023-10-16 07:56:42	1	0	1	0
           592	2023-10-16 07:57:32	1	0	1	0
           472	2023-10-16 08:10:00	1	0	1	0
           471	2023-10-16 08:10:05	1	0	1	0
           379	2023-10-16 12:00:04	1	0	1	0
           180	2023-10-16 12:01:03	1	0	1	0
           118	2023-10-16 12:03:01	1	0	1	0
           605	2023-10-16 12:03:08	1	0	1	0
           602	2023-10-16 12:03:22	1	0	1	0
           472	2023-10-16 12:03:27	1	0	1	0
           473	2023-10-16 12:03:52	1	0	1	0
           527	2023-10-16 12:06:15	1	0	1	0
           536	2023-10-16 12:06:21	1	0	1	0
           181	2023-10-16 12:07:04	1	0	1	0
           471	2023-10-16 12:07:46	1	0	1	0
           241	2023-10-16 12:19:46	1	0	1	0
           592	2023-10-16 12:20:36	1	0	1	0
            91	2023-10-16 12:21:53	1	0	1	0
           527	2023-10-16 12:27:07	1	0	1	0
           536	2023-10-16 12:27:13	1	0	1	0
           180	2023-10-16 12:33:16	1	0	1	0
           185	2023-10-16 12:33:44	1	0	1	0
           473	2023-10-16 12:36:02	1	0	1	0
           472	2023-10-16 12:36:25	1	0	1	0
           605	2023-10-16 12:37:21	1	0	1	0
           602	2023-10-16 12:37:40	1	0	1	0
           241	2023-10-16 12:40:10	1	0	1	0
           118	2023-10-16 12:41:06	1	0	1	0
            57	2023-10-16 12:42:33	1	0	1	0
            91	2023-10-16 12:45:08	1	0	1	0
           471	2023-10-16 12:51:03	1	0	1	0
           592	2023-10-16 12:51:28	1	0	1	0
           181	2023-10-16 12:52:50	1	0	1	0
           379	2023-10-16 12:57:56	1	0	1	0
            57	2023-10-16 12:58:04	1	0	1	0
           379	2023-10-16 17:01:47	1	0	1	0
            57	2023-10-16 17:03:00	1	0	1	0
           536	2023-10-16 17:04:00	1	0	1	0
           471	2023-10-16 17:05:39	1	0	1	0
           185	2023-10-16 17:06:23	1	0	1	0
           527	2023-10-16 17:06:28	1	0	1	0
           602	2023-10-16 17:07:22	1	0	1	0
           605	2023-10-16 17:07:49	1	0	1	0
           472	2023-10-16 17:08:06	1	0	1	0
           118	2023-10-16 17:08:21	1	0	1	0
           180	2023-10-16 17:08:32	1	0	1	0
           473	2023-10-16 17:11:15	1	0	1	0
           401	2023-10-16 17:16:16	1	0	1	0
           241	2023-10-16 17:17:34	1	0	1	0
            91	2023-10-16 17:18:55	1	0	1	0
           592	2023-10-16 17:24:01	1	0	1	0
           181	2023-10-16 17:29:10	1	0	1	0
            58	2023-10-17 06:02:19	1	0	1	0
            91	2023-10-17 07:12:59	1	0	1	0
           185	2023-10-17 07:13:05	1	0	1	0
           118	2023-10-17 07:33:53	1	0	1	0
           527	2023-10-17 07:37:14	1	0	1	0
           605	2023-10-17 07:38:43	1	0	1	0
           602	2023-10-17 07:45:51	1	0	1	0
           379	2023-10-17 07:47:31	1	0	1	0
           472	2023-10-17 07:51:31	1	0	1	0
           471	2023-10-17 07:51:37	1	0	1	0
           180	2023-10-17 07:51:53	1	0	1	0
           473	2023-10-17 07:53:09	1	0	1	0
            48	2023-10-17 07:53:18	1	0	1	0
            57	2023-10-17 07:55:14	1	0	1	0
           551	2023-10-17 07:55:34	1	0	1	0
           536	2023-10-17 07:55:52	1	0	1	0
           142	2023-10-17 07:58:13	1	0	1	0
           132	2023-10-17 07:58:21	1	0	1	0
           181	2023-10-17 07:58:28	1	0	1	0
           241	2023-10-17 08:00:38	1	0	1	0
           187	2023-10-17 08:01:55	1	0	1	0
           401	2023-10-17 08:04:48	1	0	1	0
           144	2023-10-17 08:08:08	1	0	1	0
           369	2023-10-17 08:14:01	1	0	1	0
           332	2023-10-17 08:51:17	1	0	1	0
           379	2023-10-17 12:00:13	1	0	1	0
           473	2023-10-17 12:00:44	1	0	1	0
            58	2023-10-17 12:00:51	1	0	1	0
           142	2023-10-17 12:01:39	1	0	1	0
           132	2023-10-17 12:01:46	1	0	1	0
           187	2023-10-17 12:01:54	1	0	1	0
           536	2023-10-17 12:02:00	1	0	1	0
           527	2023-10-17 12:02:10	1	0	1	0
           369	2023-10-17 12:02:13	1	0	1	0
           332	2023-10-17 12:02:24	1	0	1	0
           602	2023-10-17 12:02:46	1	0	1	0
           605	2023-10-17 12:02:53	1	0	1	0
           118	2023-10-17 12:03:31	1	0	1	0
           471	2023-10-17 12:03:40	1	0	1	0
           180	2023-10-17 12:04:15	1	0	1	0
            48	2023-10-17 12:04:34	1	0	1	0
           185	2023-10-17 12:10:52	1	0	1	0
           472	2023-10-17 12:12:38	1	0	1	0
           551	2023-10-17 12:14:09	1	0	1	0
           401	2023-10-17 12:14:41	1	0	1	0
            57	2023-10-17 12:15:34	1	0	1	0
           241	2023-10-17 12:16:11	1	0	1	0
           369	2023-10-17 12:19:41	1	0	1	0
           471	2023-10-17 12:21:16	1	0	1	0
           605	2023-10-17 12:21:38	1	0	1	0
           602	2023-10-17 12:21:52	1	0	1	0
           118	2023-10-17 12:22:06	1	0	1	0
           332	2023-10-17 12:22:16	1	0	1	0
           187	2023-10-17 12:23:49	1	0	1	0
            58	2023-10-17 12:23:57	1	0	1	0
            48	2023-10-17 12:24:16	1	0	1	0
           144	2023-10-17 12:25:41	1	0	1	0
           473	2023-10-17 12:27:35	1	0	1	0
           185	2023-10-17 12:27:42	1	0	1	0
           527	2023-10-17 12:30:10	1	0	1	0
           536	2023-10-17 12:30:13	1	0	1	0
            57	2023-10-17 12:31:14	1	0	1	0
           180	2023-10-17 12:33:14	1	0	1	0
           401	2023-10-17 12:40:32	1	0	1	0
           551	2023-10-17 12:42:03	1	0	1	0
           241	2023-10-17 12:49:40	1	0	1	0
           181	2023-10-17 12:50:17	1	0	1	0
           379	2023-10-17 12:52:23	1	0	1	0
           472	2023-10-17 12:52:37	1	0	1	0
           142	2023-10-17 12:54:32	1	0	1	0
           132	2023-10-17 12:54:37	1	0	1	0
            57	2023-10-17 17:00:04	1	0	1	0
            58	2023-10-17 17:00:36	1	0	1	0
           181	2023-10-17 17:01:06	1	0	1	0
            48	2023-10-17 17:01:13	1	0	1	0
           241	2023-10-17 17:01:26	1	0	1	0
           379	2023-10-17 17:01:49	1	0	1	0
           187	2023-10-17 17:02:16	1	0	1	0
           536	2023-10-17 17:04:02	1	0	1	0
           471	2023-10-17 17:04:35	1	0	1	0
           472	2023-10-17 17:04:43	1	0	1	0
           551	2023-10-17 17:05:26	1	0	1	0
           602	2023-10-17 17:05:50	1	0	1	0
           605	2023-10-17 17:05:54	1	0	1	0
           473	2023-10-17 17:06:40	1	0	1	0
           118	2023-10-17 17:07:37	1	0	1	0
           527	2023-10-17 17:08:27	1	0	1	0
           185	2023-10-17 17:09:57	1	0	1	0
           180	2023-10-17 17:15:14	1	0	1	0
            91	2023-10-17 17:16:36	1	0	1	0
           132	2023-10-17 17:29:34	1	0	1	0
           142	2023-10-17 17:29:40	1	0	1	0
           401	2023-10-17 17:32:42	1	0	1	0
           144	2023-10-17 17:32:46	1	0	1	0
           332	2023-10-17 17:38:32	1	0	1	0
           369	2023-10-17 17:40:01	1	0	1	0
            58	2023-10-18 06:00:15	1	0	1	0
           602	2023-10-18 07:03:17	1	0	1	0
            91	2023-10-18 07:09:21	1	0	1	0
           185	2023-10-18 07:09:44	1	0	1	0
           332	2023-10-18 07:32:29	1	0	1	0
           241	2023-10-18 07:37:08	1	0	1	0
           118	2023-10-18 07:40:55	1	0	1	0
           379	2023-10-18 07:41:45	1	0	1	0
            48	2023-10-18 07:44:14	1	0	1	0
           605	2023-10-18 07:45:29	1	0	1	0
           473	2023-10-18 07:47:06	1	0	1	0
           536	2023-10-18 07:49:14	1	0	1	0
           592	2023-10-18 07:49:26	1	0	1	0
           551	2023-10-18 07:50:13	1	0	1	0
           180	2023-10-18 07:51:02	1	0	1	0
            57	2023-10-18 07:51:27	1	0	1	0
           472	2023-10-18 07:52:25	1	0	1	0
           471	2023-10-18 07:52:30	1	0	1	0
           142	2023-10-18 07:55:21	1	0	1	0
           132	2023-10-18 07:55:27	1	0	1	0
           187	2023-10-18 07:55:41	1	0	1	0
           527	2023-10-18 07:59:26	1	0	1	0
           144	2023-10-18 08:01:48	1	0	1	0
           181	2023-10-18 08:02:47	1	0	1	0
           369	2023-10-18 08:08:44	1	0	1	0
           401	2023-10-18 08:22:22	1	0	1	0
           379	2023-10-18 12:01:07	1	0	1	0
           142	2023-10-18 12:01:21	1	0	1	0
           401	2023-10-18 12:01:26	1	0	1	0
           471	2023-10-18 12:01:42	1	0	1	0
           472	2023-10-18 12:01:49	1	0	1	0
           118	2023-10-18 12:01:54	1	0	1	0
           473	2023-10-18 12:02:09	1	0	1	0
           602	2023-10-18 12:02:14	1	0	1	0
           605	2023-10-18 12:02:35	1	0	1	0
           369	2023-10-18 12:02:41	1	0	1	0
           551	2023-10-18 12:03:38	1	0	1	0
           144	2023-10-18 12:04:25	1	0	1	0
           332	2023-10-18 12:04:31	1	0	1	0
           536	2023-10-18 12:04:58	1	0	1	0
           527	2023-10-18 12:05:04	1	0	1	0
           132	2023-10-18 12:05:35	1	0	1	0
           187	2023-10-18 12:07:21	1	0	1	0
            91	2023-10-18 12:08:35	1	0	1	0
           185	2023-10-18 12:09:26	1	0	1	0
           180	2023-10-18 12:10:46	1	0	1	0
           592	2023-10-18 12:11:13	1	0	1	0
            48	2023-10-18 12:12:05	1	0	1	0
           241	2023-10-18 12:12:43	1	0	1	0
            58	2023-10-18 12:14:28	1	0	1	0
           472	2023-10-18 12:20:00	1	0	1	0
           471	2023-10-18 12:20:05	1	0	1	0
           332	2023-10-18 12:21:01	1	0	1	0
           369	2023-10-18 12:21:33	1	0	1	0
            91	2023-10-18 12:26:27	1	0	1	0
           185	2023-10-18 12:27:22	1	0	1	0
           401	2023-10-18 12:36:14	1	0	1	0
           241	2023-10-18 12:36:19	1	0	1	0
           181	2023-10-18 12:36:56	1	0	1	0
           527	2023-10-18 12:38:07	1	0	1	0
           536	2023-10-18 12:38:12	1	0	1	0
            48	2023-10-18 12:42:58	1	0	1	0
            57	2023-10-18 12:43:22	1	0	1	0
           592	2023-10-18 12:44:58	1	0	1	0
            58	2023-10-18 12:45:11	1	0	1	0
           551	2023-10-18 12:46:01	1	0	1	0
           118	2023-10-18 12:46:38	1	0	1	0
           605	2023-10-18 12:46:58	1	0	1	0
           602	2023-10-18 12:47:03	1	0	1	0
           473	2023-10-18 12:47:09	1	0	1	0
           187	2023-10-18 12:48:00	1	0	1	0
           180	2023-10-18 12:50:29	1	0	1	0
           379	2023-10-18 12:53:56	1	0	1	0
           181	2023-10-18 12:55:48	1	0	1	0
           142	2023-10-18 12:58:07	1	0	1	0
           132	2023-10-18 12:58:11	1	0	1	0
            57	2023-10-18 12:59:22	1	0	1	0
           144	2023-10-18 12:59:31	1	0	1	0
            57	2023-10-18 17:00:15	1	0	1	0
           473	2023-10-18 17:01:01	1	0	1	0
           602	2023-10-18 17:01:07	1	0	1	0
            58	2023-10-18 17:01:22	1	0	1	0
            48	2023-10-18 17:01:41	1	0	1	0
           471	2023-10-18 17:02:05	1	0	1	0
           369	2023-10-18 17:02:29	1	0	1	0
           536	2023-10-18 17:02:36	1	0	1	0
           472	2023-10-18 17:03:09	1	0	1	0
           118	2023-10-18 17:03:39	1	0	1	0
           605	2023-10-18 17:03:45	1	0	1	0
           187	2023-10-18 17:03:53	1	0	1	0
           592	2023-10-18 17:04:20	1	0	1	0
           379	2023-10-18 17:04:43	1	0	1	0
           142	2023-10-18 17:05:30	1	0	1	0
           401	2023-10-18 17:07:22	1	0	1	0
           132	2023-10-18 17:09:16	1	0	1	0
           241	2023-10-18 17:16:09	1	0	1	0
           527	2023-10-18 17:21:25	1	0	1	0
           185	2023-10-18 17:32:47	1	0	1	0
           181	2023-10-18 17:32:59	1	0	1	0
            91	2023-10-18 17:47:14	1	0	1	0
           144	2023-10-18 17:58:13	1	0	1	0
            58	2023-10-19 06:04:54	1	0	1	0
            91	2023-10-19 07:18:06	1	0	1	0
           185	2023-10-19 07:20:26	1	0	1	0
           605	2023-10-19 07:29:53	1	0	1	0
           379	2023-10-19 07:33:58	1	0	1	0
           592	2023-10-19 07:37:27	1	0	1	0
           181	2023-10-19 07:38:47	1	0	1	0
           602	2023-10-19 07:43:11	1	0	1	0
           536	2023-10-19 07:44:01	1	0	1	0
           144	2023-10-19 07:48:15	1	0	1	0
           118	2023-10-19 07:51:03	1	0	1	0
           180	2023-10-19 07:52:29	1	0	1	0
            48	2023-10-19 07:52:37	1	0	1	0
           551	2023-10-19 07:52:48	1	0	1	0
           527	2023-10-19 07:53:45	1	0	1	0
           142	2023-10-19 07:55:56	1	0	1	0
           132	2023-10-19 07:56:34	1	0	1	0
           473	2023-10-19 07:57:02	1	0	1	0
           332	2023-10-19 07:57:11	1	0	1	0
           472	2023-10-19 07:57:48	1	0	1	0
           471	2023-10-19 07:57:54	1	0	1	0
            57	2023-10-19 07:58:11	1	0	1	0
           187	2023-10-19 08:00:22	1	0	1	0
           401	2023-10-19 08:07:38	1	0	1	0
           241	2023-10-19 08:15:15	1	0	1	0
           369	2023-10-19 08:25:09	1	0	1	0
            91	2023-10-19 12:00:08	1	0	1	0
           551	2023-10-19 12:00:14	1	0	1	0
           379	2023-10-19 12:00:18	1	0	1	0
           132	2023-10-19 12:00:32	1	0	1	0
            58	2023-10-19 12:00:51	1	0	1	0
           592	2023-10-19 12:01:31	1	0	1	0
           142	2023-10-19 12:01:55	1	0	1	0
           472	2023-10-19 12:02:54	1	0	1	0
           527	2023-10-19 12:03:17	1	0	1	0
           536	2023-10-19 12:03:29	1	0	1	0
           187	2023-10-19 12:03:35	1	0	1	0
           369	2023-10-19 12:04:25	1	0	1	0
           332	2023-10-19 12:06:46	1	0	1	0
           181	2023-10-19 12:08:22	1	0	1	0
           185	2023-10-19 12:08:45	1	0	1	0
           180	2023-10-19 12:10:03	1	0	1	0
           471	2023-10-19 12:14:19	1	0	1	0
           118	2023-10-19 12:15:19	1	0	1	0
           602	2023-10-19 12:15:23	1	0	1	0
           473	2023-10-19 12:15:27	1	0	1	0
           605	2023-10-19 12:15:33	1	0	1	0
           132	2023-10-19 12:15:45	1	0	1	0
           142	2023-10-19 12:17:03	1	0	1	0
           241	2023-10-19 12:17:41	1	0	1	0
            91	2023-10-19 12:17:55	1	0	1	0
           527	2023-10-19 12:23:56	1	0	1	0
           472	2023-10-19 12:29:21	1	0	1	0
           551	2023-10-19 12:36:50	1	0	1	0
           118	2023-10-19 12:37:27	1	0	1	0
           471	2023-10-19 12:40:10	1	0	1	0
           605	2023-10-19 12:40:13	1	0	1	0
           180	2023-10-19 12:40:21	1	0	1	0
           473	2023-10-19 12:40:30	1	0	1	0
           602	2023-10-19 12:40:39	1	0	1	0
           401	2023-10-19 12:44:26	1	0	1	0
            58	2023-10-19 12:44:55	1	0	1	0
            48	2023-10-19 12:45:15	1	0	1	0
           185	2023-10-19 12:45:24	1	0	1	0
           181	2023-10-19 12:45:30	1	0	1	0
            57	2023-10-19 12:45:42	1	0	1	0
           536	2023-10-19 12:45:51	1	0	1	0
           592	2023-10-19 12:48:05	1	0	1	0
           144	2023-10-19 12:48:24	1	0	1	0
           241	2023-10-19 12:50:37	1	0	1	0
           379	2023-10-19 12:52:13	1	0	1	0
           332	2023-10-19 12:52:35	1	0	1	0
            48	2023-10-19 13:00:26	1	0	1	0
           401	2023-10-19 13:00:35	1	0	1	0
           379	2023-10-19 17:01:13	1	0	1	0
            57	2023-10-19 17:01:38	1	0	1	0
           241	2023-10-19 17:01:45	1	0	1	0
            58	2023-10-19 17:04:38	1	0	1	0
           536	2023-10-19 17:08:20	1	0	1	0
           592	2023-10-19 17:08:33	1	0	1	0
           471	2023-10-19 17:12:38	1	0	1	0
            48	2023-10-19 17:12:46	1	0	1	0
           472	2023-10-19 17:13:15	1	0	1	0
           602	2023-10-19 17:13:23	1	0	1	0
           473	2023-10-19 17:14:01	1	0	1	0
           118	2023-10-19 17:14:08	1	0	1	0
           605	2023-10-19 17:14:16	1	0	1	0
           181	2023-10-19 17:22:23	1	0	1	0
           180	2023-10-19 17:23:27	1	0	1	0
           132	2023-10-19 17:24:08	1	0	1	0
           142	2023-10-19 17:24:15	1	0	1	0
           369	2023-10-19 17:24:28	1	0	1	0
           185	2023-10-19 17:24:45	1	0	1	0
           332	2023-10-19 17:26:46	1	0	1	0
           527	2023-10-19 17:27:16	1	0	1	0
           187	2023-10-19 17:35:39	1	0	1	0
           144	2023-10-19 17:38:00	1	0	1	0
           401	2023-10-19 17:50:30	1	0	1	0
            58	2023-10-20 06:01:10	1	0	1	0
           185	2023-10-20 07:15:30	1	0	1	0
            91	2023-10-20 07:16:41	1	0	1	0
           118	2023-10-20 07:25:01	1	0	1	0
           592	2023-10-20 07:35:07	1	0	1	0
           181	2023-10-20 07:35:20	1	0	1	0
           602	2023-10-20 07:35:44	1	0	1	0
           379	2023-10-20 07:39:18	1	0	1	0
           527	2023-10-20 07:43:33	1	0	1	0
           473	2023-10-20 07:46:29	1	0	1	0
           144	2023-10-20 07:47:14	1	0	1	0
           551	2023-10-20 07:48:47	1	0	1	0
           142	2023-10-20 07:51:26	1	0	1	0
           132	2023-10-20 07:51:32	1	0	1	0
           369	2023-10-20 07:52:02	1	0	1	0
           180	2023-10-20 07:52:44	1	0	1	0
            57	2023-10-20 07:52:51	1	0	1	0
           605	2023-10-20 07:58:02	1	0	1	0
           536	2023-10-20 07:59:55	1	0	1	0
           472	2023-10-20 08:00:44	1	0	1	0
            48	2023-10-20 08:00:49	1	0	1	0
           471	2023-10-20 08:00:55	1	0	1	0
           241	2023-10-20 08:04:12	1	0	1	0
           187	2023-10-20 08:04:43	1	0	1	0
           401	2023-10-20 08:09:59	1	0	1	0
           332	2023-10-20 09:52:26	1	0	1	0
           592	2023-10-20 12:00:23	1	0	1	0
           181	2023-10-20 12:00:43	1	0	1	0
           536	2023-10-20 12:00:48	1	0	1	0
           602	2023-10-20 12:01:05	1	0	1	0
           551	2023-10-20 12:01:12	1	0	1	0
           527	2023-10-20 12:01:23	1	0	1	0
           379	2023-10-20 12:02:08	1	0	1	0
           473	2023-10-20 12:02:18	1	0	1	0
           471	2023-10-20 12:02:32	1	0	1	0
           605	2023-10-20 12:02:58	1	0	1	0
           187	2023-10-20 12:03:03	1	0	1	0
            48	2023-10-20 12:03:14	1	0	1	0
            58	2023-10-20 12:03:27	1	0	1	0
           142	2023-10-20 12:03:34	1	0	1	0
           472	2023-10-20 12:04:24	1	0	1	0
           401	2023-10-20 12:04:37	1	0	1	0
           132	2023-10-20 12:04:45	1	0	1	0
           369	2023-10-20 12:04:55	1	0	1	0
           332	2023-10-20 12:05:20	1	0	1	0
           118	2023-10-20 12:05:41	1	0	1	0
            57	2023-10-20 12:11:29	1	0	1	0
           185	2023-10-20 12:16:06	1	0	1	0
           118	2023-10-20 12:20:45	1	0	1	0
           144	2023-10-20 12:20:53	1	0	1	0
            58	2023-10-20 12:21:30	1	0	1	0
           332	2023-10-20 12:23:42	1	0	1	0
           180	2023-10-20 12:24:16	1	0	1	0
           471	2023-10-20 12:24:51	1	0	1	0
           472	2023-10-20 12:24:56	1	0	1	0
           241	2023-10-20 12:26:15	1	0	1	0
            91	2023-10-20 12:26:38	1	0	1	0
           401	2023-10-20 12:26:47	1	0	1	0
            48	2023-10-20 12:26:53	1	0	1	0
           187	2023-10-20 12:26:59	1	0	1	0
           181	2023-10-20 12:28:28	1	0	1	0
           551	2023-10-20 12:29:38	1	0	1	0
           527	2023-10-20 12:31:22	1	0	1	0
           473	2023-10-20 12:36:03	1	0	1	0
           602	2023-10-20 12:36:09	1	0	1	0
           605	2023-10-20 12:36:44	1	0	1	0
           369	2023-10-20 12:38:31	1	0	1	0
           185	2023-10-20 12:40:53	1	0	1	0
            91	2023-10-20 12:41:41	1	0	1	0
           241	2023-10-20 12:42:04	1	0	1	0
           536	2023-10-20 12:42:16	1	0	1	0
           180	2023-10-20 12:43:34	1	0	1	0
           592	2023-10-20 12:49:28	1	0	1	0
           379	2023-10-20 12:54:06	1	0	1	0
           142	2023-10-20 12:56:57	1	0	1	0
           132	2023-10-20 12:57:22	1	0	1	0
           144	2023-10-20 12:58:11	1	0	1	0
           369	2023-10-20 17:01:03	1	0	1	0
            58	2023-10-20 17:01:24	1	0	1	0
            57	2023-10-20 17:02:16	1	0	1	0
           592	2023-10-20 17:05:26	1	0	1	0
           379	2023-10-20 17:07:59	1	0	1	0
           332	2023-10-20 17:08:46	1	0	1	0
            48	2023-10-20 17:09:01	1	0	1	0
           187	2023-10-20 17:10:27	1	0	1	0
           473	2023-10-20 17:11:27	1	0	1	0
           602	2023-10-20 17:11:33	1	0	1	0
           471	2023-10-20 17:11:38	1	0	1	0
           472	2023-10-20 17:11:42	1	0	1	0
           118	2023-10-20 17:11:49	1	0	1	0
           605	2023-10-20 17:11:53	1	0	1	0
           180	2023-10-20 17:16:28	1	0	1	0
           132	2023-10-20 17:24:49	1	0	1	0
           142	2023-10-20 17:24:53	1	0	1	0
           241	2023-10-20 17:29:36	1	0	1	0
           181	2023-10-20 17:30:53	1	0	1	0
           527	2023-10-20 17:37:02	1	0	1	0
           185	2023-10-20 17:37:23	1	0	1	0
            91	2023-10-20 17:37:56	1	0	1	0
           401	2023-10-20 17:40:49	1	0	1	0
           144	2023-10-20 17:41:49	1	0	1	0
           536	2023-10-20 17:44:31	1	0	1	0
            58	2023-10-23 06:08:24	1	0	1	0
           369	2023-10-23 07:18:44	1	0	1	0
           185	2023-10-23 07:27:20	1	0	1	0
            91	2023-10-23 07:27:53	1	0	1	0
           602	2023-10-23 07:34:20	1	0	1	0
           473	2023-10-23 07:37:14	1	0	1	0
           181	2023-10-23 07:41:30	1	0	1	0
           401	2023-10-23 07:42:09	1	0	1	0
           379	2023-10-23 07:43:09	1	0	1	0
           185	2023-10-23 07:44:27	1	0	1	0
           592	2023-10-23 07:46:49	1	0	1	0
           472	2023-10-23 07:47:17	1	0	1	0
           471	2023-10-23 07:47:23	1	0	1	0
           605	2023-10-23 07:47:29	1	0	1	0
           241	2023-10-23 07:48:10	1	0	1	0
           180	2023-10-23 07:48:43	1	0	1	0
           118	2023-10-23 07:48:55	1	0	1	0
           145	2023-10-23 07:53:47	1	0	1	0
           527	2023-10-23 07:54:02	1	0	1	0
           551	2023-10-23 07:54:27	1	0	1	0
            48	2023-10-23 07:56:38	1	0	1	0
           536	2023-10-23 07:58:21	1	0	1	0
           187	2023-10-23 07:58:59	1	0	1	0
           142	2023-10-23 07:59:33	1	0	1	0
           132	2023-10-23 08:00:12	1	0	1	0
            80	2023-10-23 08:03:26	1	0	1	0
            57	2023-10-23 08:04:55	1	0	1	0
           332	2023-10-23 08:12:10	1	0	1	0
           144	2023-10-23 08:31:13	1	0	1	0
           527	2023-10-23 12:01:38	1	0	1	0
           332	2023-10-23 12:02:21	1	0	1	0
           379	2023-10-23 12:02:29	1	0	1	0
           536	2023-10-23 12:02:35	1	0	1	0
           592	2023-10-23 12:03:14	1	0	1	0
            58	2023-10-23 12:04:23	1	0	1	0
           369	2023-10-23 12:04:47	1	0	1	0
           181	2023-10-23 12:05:17	1	0	1	0
            91	2023-10-23 12:06:14	1	0	1	0
           145	2023-10-23 12:07:15	1	0	1	0
           401	2023-10-23 12:07:20	1	0	1	0
           142	2023-10-23 12:08:03	1	0	1	0
           132	2023-10-23 12:08:09	1	0	1	0
           241	2023-10-23 12:08:28	1	0	1	0
           187	2023-10-23 12:09:06	1	0	1	0
            48	2023-10-23 12:09:19	1	0	1	0
           144	2023-10-23 12:10:15	1	0	1	0
           180	2023-10-23 12:17:02	1	0	1	0
            57	2023-10-23 12:17:31	1	0	1	0
           471	2023-10-23 12:17:48	1	0	1	0
           472	2023-10-23 12:17:50	1	0	1	0
           602	2023-10-23 12:17:59	1	0	1	0
           605	2023-10-23 12:18:02	1	0	1	0
           118	2023-10-23 12:18:33	1	0	1	0
           473	2023-10-23 12:18:40	1	0	1	0
           536	2023-10-23 12:19:55	1	0	1	0
            91	2023-10-23 12:29:59	1	0	1	0
           185	2023-10-23 12:31:33	1	0	1	0
           241	2023-10-23 12:33:33	1	0	1	0
           369	2023-10-23 12:34:58	1	0	1	0
           527	2023-10-23 12:35:07	1	0	1	0
           180	2023-10-23 12:35:30	1	0	1	0
           472	2023-10-23 12:35:35	1	0	1	0
           181	2023-10-23 12:36:18	1	0	1	0
           332	2023-10-23 12:40:38	1	0	1	0
           187	2023-10-23 12:41:22	1	0	1	0
            58	2023-10-23 12:42:10	1	0	1	0
           602	2023-10-23 12:44:15	1	0	1	0
           605	2023-10-23 12:44:29	1	0	1	0
           145	2023-10-23 12:45:20	1	0	1	0
           401	2023-10-23 12:45:29	1	0	1	0
           592	2023-10-23 12:46:59	1	0	1	0
           185	2023-10-23 12:47:13	1	0	1	0
            48	2023-10-23 12:47:42	1	0	1	0
           473	2023-10-23 12:47:48	1	0	1	0
           144	2023-10-23 12:55:58	1	0	1	0
           142	2023-10-23 12:56:19	1	0	1	0
           132	2023-10-23 12:56:43	1	0	1	0
           379	2023-10-23 12:56:52	1	0	1	0
           471	2023-10-23 12:57:04	1	0	1	0
           118	2023-10-23 12:57:06	1	0	1	0
            57	2023-10-23 17:00:55	1	0	1	0
            58	2023-10-23 17:02:59	1	0	1	0
           379	2023-10-23 17:10:58	1	0	1	0
           132	2023-10-23 17:11:33	1	0	1	0
           592	2023-10-23 17:13:40	1	0	1	0
           536	2023-10-23 17:14:18	1	0	1	0
           181	2023-10-23 17:14:53	1	0	1	0
            48	2023-10-23 17:18:10	1	0	1	0
           142	2023-10-23 17:40:51	1	0	1	0
           144	2023-10-23 17:42:15	1	0	1	0
           332	2023-10-23 17:50:25	1	0	1	0
           187	2023-10-23 17:58:56	1	0	1	0
           401	2023-10-23 18:10:26	1	0	1	0
           180	2023-10-23 18:32:20	1	0	1	0
           241	2023-10-23 18:35:09	1	0	1	0
           527	2023-10-23 18:36:46	1	0	1	0
            91	2023-10-23 18:41:05	1	0	1	0
           185	2023-10-23 18:41:38	1	0	1	0
           471	2023-10-23 19:03:22	1	0	1	0
           472	2023-10-23 19:03:27	1	0	1	0
           118	2023-10-23 19:03:37	1	0	1	0
           602	2023-10-23 19:04:15	1	0	1	0
           473	2023-10-23 19:04:39	1	0	1	0
           605	2023-10-23 19:05:22	1	0	1	0
           145	2023-10-23 19:08:52	1	0	1	0
           369	2023-10-23 19:16:49	1	0	1	0
            58	2023-10-24 06:09:34	1	0	1	0
           527	2023-10-24 06:26:02	1	0	1	0
           473	2023-10-24 06:57:26	1	0	1	0
           187	2023-10-24 07:04:43	1	0	1	0
           602	2023-10-24 07:15:00	1	0	1	0
            80	2023-10-24 07:18:36	1	0	1	0
           185	2023-10-24 07:19:02	1	0	1	0
            91	2023-10-24 07:21:03	1	0	1	0
           551	2023-10-24 07:22:22	1	0	1	0
           369	2023-10-24 07:32:08	1	0	1	0
           605	2023-10-24 07:43:30	1	0	1	0
           379	2023-10-24 07:45:52	1	0	1	0
           145	2023-10-24 07:48:06	1	0	1	0
           118	2023-10-24 07:50:11	1	0	1	0
           592	2023-10-24 07:51:51	1	0	1	0
           132	2023-10-24 07:52:01	1	0	1	0
           241	2023-10-24 07:52:57	1	0	1	0
           180	2023-10-24 07:54:50	1	0	1	0
            57	2023-10-24 07:56:03	1	0	1	0
           536	2023-10-24 07:56:27	1	0	1	0
           472	2023-10-24 07:58:54	1	0	1	0
           471	2023-10-24 07:59:14	1	0	1	0
            48	2023-10-24 08:00:23	1	0	1	0
           401	2023-10-24 08:07:41	1	0	1	0
           144	2023-10-24 08:13:01	1	0	1	0
           332	2023-10-24 08:14:27	1	0	1	0
           181	2023-10-24 08:25:20	1	0	1	0
           142	2023-10-24 08:32:25	1	0	1	0
           379	2023-10-24 12:01:10	1	0	1	0
           527	2023-10-24 12:01:20	1	0	1	0
           181	2023-10-24 12:01:24	1	0	1	0
           536	2023-10-24 12:01:28	1	0	1	0
            48	2023-10-24 12:01:54	1	0	1	0
           187	2023-10-24 12:01:58	1	0	1	0
           369	2023-10-24 12:02:03	1	0	1	0
            58	2023-10-24 12:02:10	1	0	1	0
           142	2023-10-24 12:02:25	1	0	1	0
            57	2023-10-24 12:02:33	1	0	1	0
           180	2023-10-24 12:03:42	1	0	1	0
           132	2023-10-24 12:03:56	1	0	1	0
           332	2023-10-24 12:04:05	1	0	1	0
            91	2023-10-24 12:09:55	1	0	1	0
           241	2023-10-24 12:10:06	1	0	1	0
           592	2023-10-24 12:12:11	1	0	1	0
           185	2023-10-24 12:12:53	1	0	1	0
           144	2023-10-24 12:13:15	1	0	1	0
           145	2023-10-24 12:17:29	1	0	1	0
           401	2023-10-24 12:17:35	1	0	1	0
           180	2023-10-24 12:19:26	1	0	1	0
            58	2023-10-24 12:20:33	1	0	1	0
            48	2023-10-24 12:21:29	1	0	1	0
            57	2023-10-24 12:22:32	1	0	1	0
           473	2023-10-24 12:22:41	1	0	1	0
           118	2023-10-24 12:22:50	1	0	1	0
           471	2023-10-24 12:22:53	1	0	1	0
           472	2023-10-24 12:22:57	1	0	1	0
           602	2023-10-24 12:23:05	1	0	1	0
           332	2023-10-24 12:23:11	1	0	1	0
           605	2023-10-24 12:23:19	1	0	1	0
           187	2023-10-24 12:24:33	1	0	1	0
           144	2023-10-24 12:39:45	1	0	1	0
           369	2023-10-24 12:49:44	1	0	1	0
           181	2023-10-24 12:50:49	1	0	1	0
           536	2023-10-24 12:50:56	1	0	1	0
           592	2023-10-24 12:51:17	1	0	1	0
           527	2023-10-24 12:51:22	1	0	1	0
           185	2023-10-24 12:52:52	1	0	1	0
           145	2023-10-24 12:54:38	1	0	1	0
           401	2023-10-24 12:54:43	1	0	1	0
           379	2023-10-24 12:55:47	1	0	1	0
           241	2023-10-24 12:56:41	1	0	1	0
           118	2023-10-24 12:57:02	1	0	1	0
           142	2023-10-24 13:00:50	1	0	1	0
           132	2023-10-24 13:01:27	1	0	1	0
            57	2023-10-24 17:00:24	1	0	1	0
            58	2023-10-24 17:00:32	1	0	1	0
            48	2023-10-24 17:05:41	1	0	1	0
           187	2023-10-24 17:05:54	1	0	1	0
           592	2023-10-24 17:06:26	1	0	1	0
           536	2023-10-24 17:07:36	1	0	1	0
           379	2023-10-24 17:08:17	1	0	1	0
           181	2023-10-24 17:18:02	1	0	1	0
           142	2023-10-24 17:18:26	1	0	1	0
           132	2023-10-24 17:18:33	1	0	1	0
           473	2023-10-24 17:21:24	1	0	1	0
           472	2023-10-24 17:21:32	1	0	1	0
           602	2023-10-24 17:21:38	1	0	1	0
           605	2023-10-24 17:21:45	1	0	1	0
            80	2023-10-24 17:32:44	1	0	1	0
           144	2023-10-24 17:36:18	1	0	1	0
           471	2023-10-24 17:36:55	1	0	1	0
           118	2023-10-24 17:40:37	1	0	1	0
           332	2023-10-24 17:41:37	1	0	1	0
           401	2023-10-24 17:46:23	1	0	1	0
           527	2023-10-24 18:04:57	1	0	1	0
           241	2023-10-24 18:07:56	1	0	1	0
           369	2023-10-24 18:13:28	1	0	1	0
           145	2023-10-24 18:38:14	1	0	1	0
            91	2023-10-24 19:07:53	1	0	1	0
           185	2023-10-24 19:10:08	1	0	1	0
           180	2023-10-24 19:11:34	1	0	1	0
            58	2023-10-25 06:05:07	1	0	1	0
            80	2023-10-25 07:03:27	1	0	1	0
           118	2023-10-25 07:18:39	1	0	1	0
           551	2023-10-25 07:20:00	1	0	1	0
            91	2023-10-25 07:20:28	1	0	1	0
           185	2023-10-25 07:22:21	1	0	1	0
           181	2023-10-25 07:26:29	1	0	1	0
           369	2023-10-25 07:27:31	1	0	1	0
           472	2023-10-25 07:28:27	1	0	1	0
           471	2023-10-25 07:28:34	1	0	1	0
           602	2023-10-25 07:29:38	1	0	1	0
            48	2023-10-25 07:34:16	1	0	1	0
           379	2023-10-25 07:41:11	1	0	1	0
           180	2023-10-25 07:43:11	1	0	1	0
           605	2023-10-25 07:43:21	1	0	1	0
           527	2023-10-25 07:50:26	1	0	1	0
           592	2023-10-25 07:50:42	1	0	1	0
           536	2023-10-25 07:51:06	1	0	1	0
           145	2023-10-25 07:54:00	1	0	1	0
           473	2023-10-25 07:55:37	1	0	1	0
           142	2023-10-25 07:55:42	1	0	1	0
           241	2023-10-25 07:55:54	1	0	1	0
           132	2023-10-25 07:56:23	1	0	1	0
            57	2023-10-25 07:58:26	1	0	1	0
           401	2023-10-25 07:59:06	1	0	1	0
           187	2023-10-25 08:02:01	1	0	1	0
           144	2023-10-25 08:17:40	1	0	1	0
           332	2023-10-25 08:52:49	1	0	1	0
            57	2023-10-25 12:00:13	1	0	1	0
           369	2023-10-25 12:01:01	1	0	1	0
           379	2023-10-25 12:01:15	1	0	1	0
           142	2023-10-25 12:01:53	1	0	1	0
           132	2023-10-25 12:01:58	1	0	1	0
            58	2023-10-25 12:02:04	1	0	1	0
           473	2023-10-25 12:02:16	1	0	1	0
           605	2023-10-25 12:02:22	1	0	1	0
           187	2023-10-25 12:02:37	1	0	1	0
           602	2023-10-25 12:03:03	1	0	1	0
           144	2023-10-25 12:04:18	1	0	1	0
           527	2023-10-25 12:05:35	1	0	1	0
           181	2023-10-25 12:05:41	1	0	1	0
           536	2023-10-25 12:05:44	1	0	1	0
           180	2023-10-25 12:05:52	1	0	1	0
            91	2023-10-25 12:06:23	1	0	1	0
           241	2023-10-25 12:06:28	1	0	1	0
           145	2023-10-25 12:13:06	1	0	1	0
           118	2023-10-25 12:15:57	1	0	1	0
           471	2023-10-25 12:16:00	1	0	1	0
           472	2023-10-25 12:16:04	1	0	1	0
           592	2023-10-25 12:16:45	1	0	1	0
           332	2023-10-25 12:17:31	1	0	1	0
           142	2023-10-25 12:17:48	1	0	1	0
           132	2023-10-25 12:17:55	1	0	1	0
            58	2023-10-25 12:18:03	1	0	1	0
           187	2023-10-25 12:18:10	1	0	1	0
            48	2023-10-25 12:18:17	1	0	1	0
           473	2023-10-25 12:18:46	1	0	1	0
            57	2023-10-25 12:21:43	1	0	1	0
           536	2023-10-25 12:21:47	1	0	1	0
           181	2023-10-25 12:31:05	1	0	1	0
           185	2023-10-25 12:31:10	1	0	1	0
           369	2023-10-25 12:31:42	1	0	1	0
           118	2023-10-25 12:41:22	1	0	1	0
           472	2023-10-25 12:41:29	1	0	1	0
           471	2023-10-25 12:41:32	1	0	1	0
           241	2023-10-25 12:43:59	1	0	1	0
           180	2023-10-25 12:45:01	1	0	1	0
            48	2023-10-25 12:45:20	1	0	1	0
           592	2023-10-25 12:45:52	1	0	1	0
           527	2023-10-25 12:54:35	1	0	1	0
           145	2023-10-25 12:55:43	1	0	1	0
           401	2023-10-25 12:55:53	1	0	1	0
           379	2023-10-25 12:55:58	1	0	1	0
           144	2023-10-25 12:57:18	1	0	1	0
           332	2023-10-25 12:58:05	1	0	1	0
            57	2023-10-25 17:00:27	1	0	1	0
           332	2023-10-25 17:01:04	1	0	1	0
            48	2023-10-25 17:02:43	1	0	1	0
            58	2023-10-25 17:03:57	1	0	1	0
           379	2023-10-25 17:06:08	1	0	1	0
           527	2023-10-25 17:06:28	1	0	1	0
           592	2023-10-25 17:09:53	1	0	1	0
           401	2023-10-25 17:10:17	1	0	1	0
           132	2023-10-25 17:14:00	1	0	1	0
           142	2023-10-25 17:20:09	1	0	1	0
           187	2023-10-25 17:20:37	1	0	1	0
           180	2023-10-25 17:24:22	1	0	1	0
            80	2023-10-25 17:32:48	1	0	1	0
           602	2023-10-25 17:38:59	1	0	1	0
            91	2023-10-25 17:40:00	1	0	1	0
           181	2023-10-25 17:40:12	1	0	1	0
           536	2023-10-25 17:42:12	1	0	1	0
           118	2023-10-25 17:42:47	1	0	1	0
           471	2023-10-25 17:42:52	1	0	1	0
           605	2023-10-25 17:42:58	1	0	1	0
           473	2023-10-25 17:43:05	1	0	1	0
           144	2023-10-25 17:43:51	1	0	1	0
           472	2023-10-25 17:44:00	1	0	1	0
           369	2023-10-25 17:51:37	1	0	1	0
           185	2023-10-25 17:52:00	1	0	1	0
           241	2023-10-25 18:03:55	1	0	1	0
           145	2023-10-25 18:09:32	1	0	1	0
            58	2023-10-26 06:05:12	1	0	1	0
            80	2023-10-26 06:48:24	1	0	1	0
           551	2023-10-26 06:52:33	1	0	1	0
           187	2023-10-26 06:54:03	1	0	1	0
           369	2023-10-26 07:16:47	1	0	1	0
           185	2023-10-26 07:23:39	1	0	1	0
            91	2023-10-26 07:24:36	1	0	1	0
           602	2023-10-26 07:25:23	1	0	1	0
           142	2023-10-26 07:32:01	1	0	1	0
           132	2023-10-26 07:32:39	1	0	1	0
           592	2023-10-26 07:32:54	1	0	1	0
           379	2023-10-26 07:33:01	1	0	1	0
           180	2023-10-26 07:36:36	1	0	1	0
           536	2023-10-26 07:48:56	1	0	1	0
            57	2023-10-26 07:49:23	1	0	1	0
           181	2023-10-26 07:50:21	1	0	1	0
           527	2023-10-26 07:52:42	1	0	1	0
           332	2023-10-26 07:53:00	1	0	1	0
           605	2023-10-26 07:53:09	1	0	1	0
           472	2023-10-26 07:54:09	1	0	1	0
           471	2023-10-26 07:54:19	1	0	1	0
            48	2023-10-26 07:54:27	1	0	1	0
           145	2023-10-26 07:59:43	1	0	1	0
           401	2023-10-26 08:02:23	1	0	1	0
           144	2023-10-26 08:03:31	1	0	1	0
           473	2023-10-26 08:05:13	1	0	1	0
           241	2023-10-26 08:06:56	1	0	1	0
            57	2023-10-26 12:00:29	1	0	1	0
           527	2023-10-26 12:00:45	1	0	1	0
            91	2023-10-26 12:01:44	1	0	1	0
           379	2023-10-26 12:01:50	1	0	1	0
           369	2023-10-26 12:02:15	1	0	1	0
           142	2023-10-26 12:05:03	1	0	1	0
           592	2023-10-26 12:05:12	1	0	1	0
           536	2023-10-26 12:06:52	1	0	1	0
            48	2023-10-26 12:08:33	1	0	1	0
           132	2023-10-26 12:11:04	1	0	1	0
           145	2023-10-26 12:11:10	1	0	1	0
            58	2023-10-26 12:12:25	1	0	1	0
           602	2023-10-26 12:15:07	1	0	1	0
           332	2023-10-26 12:15:17	1	0	1	0
           473	2023-10-26 12:17:06	1	0	1	0
           471	2023-10-26 12:17:10	1	0	1	0
           472	2023-10-26 12:17:12	1	0	1	0
           605	2023-10-26 12:17:18	1	0	1	0
           379	2023-10-26 12:17:25	1	0	1	0
           118	2023-10-26 12:17:41	1	0	1	0
            91	2023-10-26 12:18:52	1	0	1	0
           180	2023-10-26 12:18:59	1	0	1	0
           181	2023-10-26 12:19:13	1	0	1	0
           527	2023-10-26 12:19:18	1	0	1	0
           241	2023-10-26 12:19:40	1	0	1	0
           185	2023-10-26 12:21:48	1	0	1	0
           187	2023-10-26 12:25:20	1	0	1	0
           401	2023-10-26 12:30:09	1	0	1	0
            48	2023-10-26 12:30:16	1	0	1	0
           332	2023-10-26 12:30:46	1	0	1	0
            57	2023-10-26 12:31:31	1	0	1	0
           142	2023-10-26 12:33:09	1	0	1	0
           132	2023-10-26 12:33:20	1	0	1	0
           605	2023-10-26 12:34:29	1	0	1	0
           602	2023-10-26 12:34:49	1	0	1	0
            58	2023-10-26 12:37:28	1	0	1	0
           144	2023-10-26 12:43:57	1	0	1	0
           118	2023-10-26 12:45:22	1	0	1	0
           472	2023-10-26 12:45:25	1	0	1	0
           471	2023-10-26 12:45:29	1	0	1	0
           241	2023-10-26 12:45:48	1	0	1	0
           180	2023-10-26 12:51:41	1	0	1	0
           592	2023-10-26 12:51:46	1	0	1	0
           185	2023-10-26 12:52:19	1	0	1	0
           536	2023-10-26 12:53:40	1	0	1	0
           473	2023-10-26 12:54:03	1	0	1	0
           181	2023-10-26 12:54:38	1	0	1	0
           187	2023-10-26 12:59:03	1	0	1	0
           401	2023-10-26 12:59:11	1	0	1	0
           144	2023-10-26 12:59:24	1	0	1	0
            57	2023-10-26 17:00:04	1	0	1	0
            58	2023-10-26 17:01:03	1	0	1	0
           536	2023-10-26 17:03:18	1	0	1	0
            48	2023-10-26 17:04:08	1	0	1	0
           592	2023-10-26 17:09:44	1	0	1	0
           527	2023-10-26 17:10:36	1	0	1	0
           132	2023-10-26 17:11:01	1	0	1	0
           142	2023-10-26 17:11:17	1	0	1	0
           185	2023-10-26 17:13:54	1	0	1	0
           187	2023-10-26 17:16:06	1	0	1	0
           602	2023-10-26 17:16:52	1	0	1	0
           181	2023-10-26 17:18:13	1	0	1	0
           241	2023-10-26 17:19:24	1	0	1	0
           471	2023-10-26 17:21:23	1	0	1	0
           472	2023-10-26 17:22:55	1	0	1	0
           379	2023-10-26 17:25:14	1	0	1	0
           473	2023-10-26 17:25:41	1	0	1	0
           605	2023-10-26 17:25:53	1	0	1	0
           118	2023-10-26 17:26:00	1	0	1	0
           369	2023-10-26 17:29:57	1	0	1	0
           145	2023-10-26 17:39:43	1	0	1	0
           180	2023-10-26 17:41:41	1	0	1	0
           401	2023-10-26 17:58:04	1	0	1	0
           144	2023-10-26 18:31:51	1	0	1	0
           332	2023-10-26 18:52:38	1	0	1	0
            58	2023-10-27 06:07:52	1	0	1	0
           185	2023-10-27 07:19:23	1	0	1	0
            91	2023-10-27 07:20:59	1	0	1	0
           180	2023-10-27 07:25:43	1	0	1	0
           602	2023-10-27 07:30:30	1	0	1	0
           181	2023-10-27 07:31:15	1	0	1	0
           187	2023-10-27 07:34:08	1	0	1	0
           379	2023-10-27 07:36:36	1	0	1	0
           118	2023-10-27 07:39:47	1	0	1	0
           473	2023-10-27 07:41:49	1	0	1	0
           369	2023-10-27 07:42:36	1	0	1	0
           592	2023-10-27 07:43:58	1	0	1	0
           605	2023-10-27 07:44:58	1	0	1	0
            80	2023-10-27 07:45:13	1	0	1	0
            48	2023-10-27 07:46:05	1	0	1	0
           142	2023-10-27 07:47:48	1	0	1	0
           132	2023-10-27 07:47:54	1	0	1	0
           145	2023-10-27 07:49:19	1	0	1	0
           241	2023-10-27 07:52:14	1	0	1	0
           527	2023-10-27 07:52:31	1	0	1	0
           332	2023-10-27 07:53:33	1	0	1	0
           472	2023-10-27 07:54:16	1	0	1	0
           471	2023-10-27 07:54:26	1	0	1	0
            57	2023-10-27 07:55:51	1	0	1	0
           536	2023-10-27 07:57:22	1	0	1	0
           551	2023-10-27 08:02:49	1	0	1	0
           401	2023-10-27 08:06:04	1	0	1	0
           144	2023-10-27 08:18:46	1	0	1	0
           379	2023-10-27 12:01:53	1	0	1	0
            48	2023-10-27 12:02:37	1	0	1	0
           142	2023-10-27 12:02:44	1	0	1	0
            58	2023-10-27 12:03:35	1	0	1	0
            57	2023-10-27 12:03:52	1	0	1	0
           592	2023-10-27 12:03:59	1	0	1	0
           180	2023-10-27 12:05:08	1	0	1	0
           132	2023-10-27 12:05:20	1	0	1	0
           241	2023-10-27 12:06:34	1	0	1	0
           187	2023-10-27 12:07:23	1	0	1	0
           536	2023-10-27 12:09:01	1	0	1	0
           145	2023-10-27 12:11:27	1	0	1	0
           527	2023-10-27 12:13:27	1	0	1	0
           144	2023-10-27 12:13:35	1	0	1	0
           369	2023-10-27 12:15:18	1	0	1	0
           401	2023-10-27 12:17:41	1	0	1	0
            57	2023-10-27 12:19:59	1	0	1	0
           379	2023-10-27 12:20:33	1	0	1	0
           471	2023-10-27 12:24:01	1	0	1	0
           602	2023-10-27 12:24:39	1	0	1	0
           118	2023-10-27 12:24:42	1	0	1	0
           473	2023-10-27 12:24:47	1	0	1	0
           472	2023-10-27 12:24:55	1	0	1	0
           605	2023-10-27 12:24:58	1	0	1	0
           181	2023-10-27 12:26:18	1	0	1	0
            91	2023-10-27 12:27:53	1	0	1	0
           527	2023-10-27 12:31:03	1	0	1	0
           185	2023-10-27 12:31:33	1	0	1	0
           241	2023-10-27 12:31:50	1	0	1	0
           180	2023-10-27 12:33:04	1	0	1	0
           369	2023-10-27 12:37:29	1	0	1	0
           473	2023-10-27 12:41:47	1	0	1	0
           536	2023-10-27 12:42:31	1	0	1	0
            91	2023-10-27 12:43:48	1	0	1	0
           332	2023-10-27 12:48:33	1	0	1	0
            48	2023-10-27 12:48:43	1	0	1	0
           144	2023-10-27 12:48:59	1	0	1	0
            58	2023-10-27 12:50:27	1	0	1	0
           132	2023-10-27 12:50:57	1	0	1	0
           142	2023-10-27 12:51:15	1	0	1	0
           401	2023-10-27 12:51:23	1	0	1	0
           187	2023-10-27 12:51:38	1	0	1	0
           605	2023-10-27 12:51:43	1	0	1	0
           602	2023-10-27 12:51:49	1	0	1	0
           145	2023-10-27 12:52:23	1	0	1	0
           471	2023-10-27 12:52:29	1	0	1	0
           472	2023-10-27 12:52:34	1	0	1	0
           118	2023-10-27 12:52:41	1	0	1	0
           332	2023-10-27 13:04:25	1	0	1	0
            57	2023-10-27 17:00:04	1	0	1	0
            91	2023-10-27 17:00:10	1	0	1	0
            58	2023-10-27 17:00:18	1	0	1	0
           185	2023-10-27 17:00:26	1	0	1	0
           181	2023-10-27 17:00:29	1	0	1	0
           527	2023-10-27 17:00:54	1	0	1	0
           241	2023-10-27 17:00:59	1	0	1	0
           536	2023-10-27 17:05:21	1	0	1	0
            48	2023-10-27 17:06:17	1	0	1	0
           187	2023-10-27 17:09:55	1	0	1	0
           142	2023-10-27 17:14:52	1	0	1	0
           132	2023-10-27 17:15:05	1	0	1	0
           332	2023-10-27 17:15:12	1	0	1	0
           401	2023-10-27 17:15:30	1	0	1	0
           144	2023-10-27 17:17:39	1	0	1	0
            80	2023-10-27 17:20:33	1	0	1	0
           180	2023-10-27 17:32:38	1	0	1	0
           471	2023-10-27 17:34:40	1	0	1	0
           605	2023-10-27 17:34:59	1	0	1	0
           472	2023-10-27 17:35:23	1	0	1	0
           118	2023-10-27 17:35:57	1	0	1	0
           602	2023-10-27 17:36:10	1	0	1	0
           473	2023-10-27 17:37:01	1	0	1	0
           369	2023-10-27 17:41:34	1	0	1	0
           379	2023-10-27 17:46:18	1	0	1	0
           145	2023-10-27 18:01:05	1	0	1	0
            57	2023-10-31 08:08:33	1	0	1	0
           144	2023-10-31 08:28:28	1	0	1	0
            58	2023-11-03 06:08:57	1	0	1	0
           181	2023-11-03 07:18:24	1	0	1	0
           602	2023-11-03 07:37:39	1	0	1	0
           527	2023-11-03 07:41:56	1	0	1	0
           605	2023-11-03 07:42:27	1	0	1	0
           187	2023-11-03 07:44:42	1	0	1	0
           379	2023-11-03 07:45:57	1	0	1	0
           473	2023-11-03 07:48:45	1	0	1	0
           241	2023-11-03 07:48:48	1	0	1	0
           118	2023-11-03 07:52:13	1	0	1	0
            91	2023-11-03 07:52:18	1	0	1	0
           369	2023-11-03 07:52:27	1	0	1	0
           185	2023-11-03 07:52:43	1	0	1	0
           132	2023-11-03 07:55:23	1	0	1	0
           592	2023-11-03 07:56:11	1	0	1	0
           472	2023-11-03 07:58:11	1	0	1	0
           471	2023-11-03 07:58:20	1	0	1	0
            57	2023-11-03 08:01:31	1	0	1	0
            48	2023-11-03 08:01:46	1	0	1	0
           536	2023-11-03 08:03:59	1	0	1	0
           144	2023-11-03 08:11:57	1	0	1	0
           401	2023-11-03 08:15:43	1	0	1	0
           180	2023-11-03 08:16:40	1	0	1	0
           142	2023-11-03 09:16:14	1	0	1	0
           471	2023-11-03 12:00:07	1	0	1	0
           118	2023-11-03 12:01:04	1	0	1	0
           472	2023-11-03 12:01:07	1	0	1	0
           602	2023-11-03 12:01:14	1	0	1	0
           605	2023-11-03 12:01:50	1	0	1	0
           473	2023-11-03 12:02:44	1	0	1	0
           185	2023-11-03 12:02:53	1	0	1	0
           142	2023-11-03 12:03:33	1	0	1	0
           132	2023-11-03 12:03:43	1	0	1	0
            58	2023-11-03 12:04:39	1	0	1	0
           181	2023-11-03 12:05:52	1	0	1	0
           536	2023-11-03 12:06:00	1	0	1	0
           527	2023-11-03 12:06:05	1	0	1	0
           379	2023-11-03 12:06:50	1	0	1	0
            48	2023-11-03 12:07:00	1	0	1	0
           144	2023-11-03 12:07:07	1	0	1	0
           401	2023-11-03 12:07:13	1	0	1	0
           187	2023-11-03 12:12:30	1	0	1	0
           145	2023-11-03 12:13:23	1	0	1	0
            57	2023-11-03 12:14:23	1	0	1	0
           369	2023-11-03 12:17:44	1	0	1	0
           241	2023-11-03 12:19:32	1	0	1	0
            58	2023-11-03 12:20:22	1	0	1	0
           473	2023-11-03 12:21:31	1	0	1	0
            91	2023-11-03 12:22:55	1	0	1	0
           118	2023-11-03 12:24:56	1	0	1	0
           471	2023-11-03 12:28:23	1	0	1	0
           132	2023-11-03 12:28:53	1	0	1	0
           142	2023-11-03 12:28:57	1	0	1	0
           602	2023-11-03 12:29:02	1	0	1	0
           605	2023-11-03 12:29:31	1	0	1	0
           187	2023-11-03 12:33:35	1	0	1	0
           379	2023-11-03 12:37:45	1	0	1	0
           472	2023-11-03 12:38:11	1	0	1	0
            48	2023-11-03 12:41:55	1	0	1	0
           369	2023-11-03 12:42:13	1	0	1	0
           145	2023-11-03 12:42:30	1	0	1	0
           180	2023-11-03 12:42:39	1	0	1	0
           401	2023-11-03 12:42:45	1	0	1	0
           181	2023-11-03 12:47:35	1	0	1	0
           527	2023-11-03 12:47:40	1	0	1	0
           536	2023-11-03 12:49:04	1	0	1	0
           241	2023-11-03 12:50:54	1	0	1	0
            91	2023-11-03 12:53:41	1	0	1	0
           592	2023-11-03 12:54:00	1	0	1	0
           185	2023-11-03 12:54:26	1	0	1	0
           180	2023-11-03 12:58:14	1	0	1	0
            58	2023-11-03 17:00:26	1	0	1	0
            48	2023-11-03 17:00:32	1	0	1	0
           369	2023-11-03 17:00:41	1	0	1	0
            57	2023-11-03 17:01:28	1	0	1	0
           187	2023-11-03 17:01:43	1	0	1	0
            91	2023-11-03 17:03:50	1	0	1	0
           180	2023-11-03 17:03:56	1	0	1	0
           592	2023-11-03 17:04:06	1	0	1	0
           379	2023-11-03 17:05:25	1	0	1	0
           132	2023-11-03 17:07:39	1	0	1	0
           142	2023-11-03 17:07:45	1	0	1	0
           536	2023-11-03 17:10:49	1	0	1	0
           118	2023-11-03 17:10:59	1	0	1	0
           472	2023-11-03 17:11:02	1	0	1	0
           527	2023-11-03 17:11:07	1	0	1	0
           471	2023-11-03 17:11:14	1	0	1	0
           181	2023-11-03 17:12:06	1	0	1	0
           605	2023-11-03 17:13:30	1	0	1	0
           602	2023-11-03 17:13:36	1	0	1	0
           241	2023-11-03 17:14:58	1	0	1	0
           185	2023-11-03 17:15:39	1	0	1	0
           145	2023-11-03 17:23:39	1	0	1	0
           473	2023-11-03 17:30:18	1	0	1	0
           401	2023-11-03 17:35:36	1	0	1	0
           144	2023-11-03 18:09:24	1	0	1	0
            58	2023-11-06 06:04:51	1	0	1	0
           187	2023-11-06 07:12:37	1	0	1	0
           241	2023-11-06 07:19:30	1	0	1	0
            91	2023-11-06 07:22:34	1	0	1	0
           185	2023-11-06 07:23:04	1	0	1	0
           369	2023-11-06 07:31:59	1	0	1	0
           379	2023-11-06 07:40:34	1	0	1	0
           602	2023-11-06 07:40:51	1	0	1	0
           605	2023-11-06 07:44:20	1	0	1	0
           180	2023-11-06 07:44:38	1	0	1	0
           118	2023-11-06 07:45:41	1	0	1	0
           551	2023-11-06 07:46:19	1	0	1	0
           527	2023-11-06 07:49:01	1	0	1	0
           181	2023-11-06 07:49:23	1	0	1	0
           472	2023-11-06 07:50:54	1	0	1	0
           471	2023-11-06 07:51:01	1	0	1	0
            48	2023-11-06 07:53:05	1	0	1	0
           473	2023-11-06 07:55:31	1	0	1	0
           536	2023-11-06 07:56:25	1	0	1	0
           142	2023-11-06 08:00:02	1	0	1	0
           132	2023-11-06 08:00:34	1	0	1	0
            57	2023-11-06 08:03:02	1	0	1	0
            80	2023-11-06 08:03:08	1	0	1	0
           472	2023-11-06 12:01:41	1	0	1	0
           132	2023-11-06 12:02:09	1	0	1	0
            58	2023-11-06 12:02:21	1	0	1	0
           605	2023-11-06 12:02:32	1	0	1	0
           602	2023-11-06 12:03:00	1	0	1	0
            57	2023-11-06 12:03:16	1	0	1	0
           379	2023-11-06 12:03:25	1	0	1	0
           471	2023-11-06 12:04:06	1	0	1	0
           118	2023-11-06 12:04:15	1	0	1	0
            80	2023-11-06 12:04:52	1	0	1	0
           551	2023-11-06 12:04:55	1	0	1	0
           473	2023-11-06 12:04:59	1	0	1	0
           536	2023-11-06 12:09:25	1	0	1	0
           180	2023-11-06 12:09:33	1	0	1	0
           527	2023-11-06 12:09:38	1	0	1	0
           185	2023-11-06 12:19:44	1	0	1	0
           181	2023-11-06 12:19:51	1	0	1	0
           369	2023-11-06 12:24:30	1	0	1	0
            57	2023-11-06 12:24:41	1	0	1	0
            58	2023-11-06 12:24:58	1	0	1	0
            80	2023-11-06 12:30:10	1	0	1	0
           551	2023-11-06 12:30:15	1	0	1	0
           473	2023-11-06 12:31:46	1	0	1	0
           602	2023-11-06 12:31:59	1	0	1	0
           605	2023-11-06 12:32:11	1	0	1	0
           187	2023-11-06 12:34:15	1	0	1	0
            48	2023-11-06 12:34:21	1	0	1	0
           118	2023-11-06 12:34:55	1	0	1	0
           180	2023-11-06 12:37:17	1	0	1	0
           471	2023-11-06 12:37:26	1	0	1	0
           185	2023-11-06 12:39:48	1	0	1	0
           142	2023-11-06 12:43:37	1	0	1	0
           132	2023-11-06 12:43:42	1	0	1	0
           472	2023-11-06 12:52:32	1	0	1	0
           181	2023-11-06 12:52:37	1	0	1	0
           527	2023-11-06 12:52:43	1	0	1	0
           536	2023-11-06 12:52:47	1	0	1	0
           379	2023-11-06 12:55:15	1	0	1	0
           187	2023-11-06 12:59:05	1	0	1	0
            48	2023-11-06 12:59:11	1	0	1	0
           142	2023-11-06 12:59:17	1	0	1	0
           144	2023-11-06 13:00:53	1	0	1	0
           471	2023-11-06 17:00:06	1	0	1	0
            57	2023-11-06 17:00:16	1	0	1	0
           472	2023-11-06 17:00:27	1	0	1	0
            58	2023-11-06 17:00:37	1	0	1	0
           369	2023-11-06 17:00:42	1	0	1	0
           473	2023-11-06 17:00:51	1	0	1	0
           551	2023-11-06 17:00:58	1	0	1	0
           118	2023-11-06 17:01:06	1	0	1	0
           605	2023-11-06 17:01:27	1	0	1	0
           602	2023-11-06 17:01:35	1	0	1	0
            48	2023-11-06 17:03:36	1	0	1	0
           379	2023-11-06 17:06:12	1	0	1	0
           187	2023-11-06 17:06:17	1	0	1	0
            91	2023-11-06 17:06:54	1	0	1	0
           241	2023-11-06 17:07:00	1	0	1	0
            80	2023-11-06 17:12:11	1	0	1	0
           536	2023-11-06 17:15:08	1	0	1	0
           527	2023-11-06 17:16:00	1	0	1	0
           180	2023-11-06 17:16:34	1	0	1	0
           181	2023-11-06 17:17:15	1	0	1	0
           185	2023-11-06 17:19:11	1	0	1	0
           132	2023-11-06 17:19:22	1	0	1	0
           142	2023-11-06 17:19:33	1	0	1	0
           144	2023-11-06 18:08:57	1	0	1	0
           241	2023-11-07 05:54:55	1	0	1	0
            58	2023-11-07 06:10:22	1	0	1	0
           379	2023-11-07 06:47:12	1	0	1	0
           527	2023-11-07 07:08:45	1	0	1	0
           369	2023-11-07 07:12:35	1	0	1	0
           602	2023-11-07 07:17:49	1	0	1	0
            91	2023-11-07 07:20:42	1	0	1	0
           185	2023-11-07 07:22:49	1	0	1	0
           592	2023-11-07 07:36:06	1	0	1	0
           118	2023-11-07 07:38:14	1	0	1	0
            57	2023-11-07 07:40:33	1	0	1	0
           605	2023-11-07 07:42:51	1	0	1	0
           472	2023-11-07 07:43:09	1	0	1	0
           471	2023-11-07 07:43:16	1	0	1	0
           473	2023-11-07 07:45:05	1	0	1	0
           145	2023-11-07 07:46:15	1	0	1	0
            80	2023-11-07 07:46:46	1	0	1	0
           551	2023-11-07 07:50:14	1	0	1	0
           181	2023-11-07 07:50:31	1	0	1	0
           180	2023-11-07 07:51:09	1	0	1	0
           536	2023-11-07 07:51:47	1	0	1	0
           142	2023-11-07 07:57:53	1	0	1	0
           132	2023-11-07 07:58:28	1	0	1	0
           144	2023-11-07 08:04:25	1	0	1	0
           471	2023-11-07 12:01:42	1	0	1	0
           118	2023-11-07 12:02:09	1	0	1	0
           379	2023-11-07 12:02:21	1	0	1	0
           473	2023-11-07 12:02:29	1	0	1	0
           602	2023-11-07 12:02:39	1	0	1	0
           605	2023-11-07 12:02:45	1	0	1	0
           142	2023-11-07 12:04:26	1	0	1	0
           132	2023-11-07 12:04:40	1	0	1	0
            58	2023-11-07 12:04:50	1	0	1	0
           180	2023-11-07 12:05:23	1	0	1	0
           369	2023-11-07 12:05:42	1	0	1	0
            80	2023-11-07 12:07:59	1	0	1	0
           551	2023-11-07 12:08:02	1	0	1	0
           145	2023-11-07 12:08:58	1	0	1	0
           472	2023-11-07 12:09:04	1	0	1	0
           185	2023-11-07 12:11:41	1	0	1	0
           181	2023-11-07 12:11:49	1	0	1	0
           527	2023-11-07 12:11:55	1	0	1	0
           536	2023-11-07 12:11:59	1	0	1	0
           592	2023-11-07 12:12:03	1	0	1	0
            91	2023-11-07 12:13:18	1	0	1	0
           241	2023-11-07 12:13:39	1	0	1	0
           132	2023-11-07 12:20:30	1	0	1	0
           142	2023-11-07 12:20:36	1	0	1	0
           180	2023-11-07 12:25:39	1	0	1	0
            58	2023-11-07 12:26:49	1	0	1	0
            80	2023-11-07 12:29:49	1	0	1	0
           118	2023-11-07 12:30:22	1	0	1	0
           471	2023-11-07 12:32:22	1	0	1	0
           473	2023-11-07 12:33:04	1	0	1	0
           605	2023-11-07 12:33:14	1	0	1	0
           181	2023-11-07 12:33:20	1	0	1	0
           185	2023-11-07 12:33:22	1	0	1	0
           472	2023-11-07 12:33:32	1	0	1	0
           602	2023-11-07 12:33:41	1	0	1	0
            91	2023-11-07 12:36:30	1	0	1	0
           241	2023-11-07 12:36:36	1	0	1	0
           536	2023-11-07 12:39:12	1	0	1	0
           369	2023-11-07 12:49:46	1	0	1	0
           592	2023-11-07 12:51:00	1	0	1	0
           145	2023-11-07 12:51:35	1	0	1	0
           527	2023-11-07 12:55:39	1	0	1	0
           379	2023-11-07 12:57:31	1	0	1	0
            58	2023-11-07 17:01:08	1	0	1	0
           602	2023-11-07 17:03:10	1	0	1	0
           605	2023-11-07 17:04:07	1	0	1	0
           379	2023-11-07 17:04:32	1	0	1	0
           185	2023-11-07 17:04:47	1	0	1	0
           181	2023-11-07 17:04:53	1	0	1	0
           592	2023-11-07 17:05:22	1	0	1	0
           527	2023-11-07 17:05:37	1	0	1	0
           369	2023-11-07 17:05:46	1	0	1	0
            91	2023-11-07 17:06:15	1	0	1	0
           473	2023-11-07 17:08:30	1	0	1	0
           471	2023-11-07 17:08:34	1	0	1	0
           118	2023-11-07 17:08:40	1	0	1	0
           472	2023-11-07 17:09:16	1	0	1	0
           536	2023-11-07 17:11:42	1	0	1	0
            80	2023-11-07 17:15:20	1	0	1	0
           144	2023-11-07 17:23:54	1	0	1	0
           241	2023-11-07 17:28:42	1	0	1	0
           145	2023-11-07 17:29:27	1	0	1	0
           180	2023-11-07 17:32:16	1	0	1	0
           132	2023-11-07 17:39:39	1	0	1	0
           142	2023-11-07 17:39:44	1	0	1	0
           551	2023-11-07 18:23:10	1	0	1	0
            58	2023-11-08 06:05:37	1	0	1	0
           185	2023-11-08 07:08:49	1	0	1	0
            91	2023-11-08 07:10:30	1	0	1	0
           369	2023-11-08 07:17:16	1	0	1	0
           602	2023-11-08 07:30:42	1	0	1	0
           527	2023-11-08 07:41:10	1	0	1	0
           181	2023-11-08 07:42:36	1	0	1	0
           592	2023-11-08 07:46:15	1	0	1	0
           536	2023-11-08 07:49:12	1	0	1	0
           473	2023-11-08 07:51:26	1	0	1	0
           180	2023-11-08 07:51:51	1	0	1	0
           551	2023-11-08 07:53:15	1	0	1	0
           241	2023-11-08 07:54:07	1	0	1	0
            57	2023-11-08 07:55:48	1	0	1	0
           118	2023-11-08 07:56:03	1	0	1	0
           472	2023-11-08 07:56:11	1	0	1	0
           605	2023-11-08 07:56:17	1	0	1	0
           471	2023-11-08 07:56:23	1	0	1	0
            80	2023-11-08 07:57:21	1	0	1	0
           132	2023-11-08 07:58:48	1	0	1	0
           142	2023-11-08 07:58:54	1	0	1	0
           379	2023-11-08 07:59:01	1	0	1	0
           144	2023-11-08 08:14:17	1	0	1	0
           180	2023-11-08 12:01:23	1	0	1	0
            58	2023-11-08 12:01:34	1	0	1	0
           527	2023-11-08 12:01:43	1	0	1	0
           536	2023-11-08 12:01:49	1	0	1	0
           369	2023-11-08 12:02:07	1	0	1	0
           472	2023-11-08 12:02:13	1	0	1	0
           142	2023-11-08 12:02:45	1	0	1	0
           602	2023-11-08 12:03:39	1	0	1	0
           605	2023-11-08 12:03:54	1	0	1	0
           132	2023-11-08 12:04:13	1	0	1	0
           471	2023-11-08 12:04:24	1	0	1	0
           118	2023-11-08 12:04:44	1	0	1	0
           473	2023-11-08 12:04:51	1	0	1	0
           241	2023-11-08 12:04:59	1	0	1	0
           592	2023-11-08 12:07:32	1	0	1	0
           185	2023-11-08 12:11:21	1	0	1	0
           145	2023-11-08 12:14:41	1	0	1	0
           369	2023-11-08 12:17:58	1	0	1	0
           118	2023-11-08 12:20:12	1	0	1	0
           473	2023-11-08 12:20:34	1	0	1	0
           605	2023-11-08 12:20:41	1	0	1	0
           602	2023-11-08 12:20:44	1	0	1	0
            58	2023-11-08 12:21:37	1	0	1	0
           471	2023-11-08 12:21:45	1	0	1	0
           180	2023-11-08 12:22:42	1	0	1	0
           181	2023-11-08 12:23:43	1	0	1	0
           472	2023-11-08 12:24:04	1	0	1	0
           379	2023-11-08 12:27:36	1	0	1	0
           527	2023-11-08 12:27:55	1	0	1	0
           185	2023-11-08 12:30:57	1	0	1	0
           241	2023-11-08 12:34:56	1	0	1	0
            57	2023-11-08 12:35:09	1	0	1	0
           551	2023-11-08 12:36:28	1	0	1	0
            80	2023-11-08 12:36:33	1	0	1	0
           144	2023-11-08 12:36:42	1	0	1	0
           181	2023-11-08 12:41:07	1	0	1	0
           592	2023-11-08 12:43:05	1	0	1	0
           536	2023-11-08 12:47:56	1	0	1	0
           145	2023-11-08 12:51:34	1	0	1	0
           144	2023-11-08 12:52:11	1	0	1	0
            57	2023-11-08 12:53:25	1	0	1	0
           142	2023-11-08 12:55:32	1	0	1	0
           132	2023-11-08 12:56:12	1	0	1	0
            80	2023-11-08 12:57:43	1	0	1	0
           551	2023-11-08 12:57:46	1	0	1	0
           185	2023-11-08 17:00:51	1	0	1	0
            57	2023-11-08 17:01:39	1	0	1	0
           551	2023-11-08 17:01:55	1	0	1	0
            80	2023-11-08 17:01:58	1	0	1	0
            91	2023-11-08 17:02:20	1	0	1	0
            58	2023-11-08 17:02:38	1	0	1	0
           471	2023-11-08 17:03:19	1	0	1	0
           592	2023-11-08 17:03:50	1	0	1	0
           472	2023-11-08 17:04:41	1	0	1	0
           536	2023-11-08 17:05:35	1	0	1	0
           142	2023-11-08 17:08:54	1	0	1	0
           132	2023-11-08 17:08:57	1	0	1	0
           527	2023-11-08 17:10:07	1	0	1	0
           181	2023-11-08 17:10:15	1	0	1	0
           145	2023-11-08 17:11:38	1	0	1	0
           118	2023-11-08 17:13:10	1	0	1	0
           602	2023-11-08 17:16:06	1	0	1	0
           605	2023-11-08 17:16:12	1	0	1	0
           473	2023-11-08 17:16:21	1	0	1	0
           180	2023-11-08 17:16:32	1	0	1	0
           144	2023-11-08 17:51:54	1	0	1	0
            58	2023-11-09 06:13:03	1	0	1	0
           185	2023-11-09 07:18:46	1	0	1	0
            91	2023-11-09 07:19:30	1	0	1	0
           369	2023-11-09 07:21:31	1	0	1	0
           379	2023-11-09 07:29:20	1	0	1	0
           602	2023-11-09 07:31:00	1	0	1	0
           473	2023-11-09 07:35:49	1	0	1	0
           592	2023-11-09 07:40:26	1	0	1	0
           180	2023-11-09 07:45:11	1	0	1	0
           605	2023-11-09 07:45:45	1	0	1	0
           527	2023-11-09 07:48:21	1	0	1	0
           472	2023-11-09 07:50:19	1	0	1	0
           471	2023-11-09 07:50:28	1	0	1	0
           118	2023-11-09 07:52:28	1	0	1	0
           551	2023-11-09 07:54:23	1	0	1	0
           536	2023-11-09 07:55:29	1	0	1	0
           142	2023-11-09 07:56:40	1	0	1	0
           132	2023-11-09 07:57:03	1	0	1	0
            57	2023-11-09 08:01:34	1	0	1	0
           181	2023-11-09 08:02:27	1	0	1	0
            80	2023-11-09 08:03:28	1	0	1	0
           241	2023-11-09 08:03:46	1	0	1	0
           144	2023-11-09 08:06:30	1	0	1	0
            57	2023-11-09 12:00:47	1	0	1	0
           379	2023-11-09 12:01:39	1	0	1	0
           369	2023-11-09 12:02:41	1	0	1	0
           132	2023-11-09 12:02:53	1	0	1	0
            58	2023-11-09 12:03:51	1	0	1	0
           551	2023-11-09 12:04:28	1	0	1	0
           180	2023-11-09 12:05:42	1	0	1	0
           592	2023-11-09 12:07:01	1	0	1	0
           185	2023-11-09 12:08:05	1	0	1	0
           527	2023-11-09 12:08:11	1	0	1	0
           181	2023-11-09 12:10:05	1	0	1	0
           241	2023-11-09 12:10:21	1	0	1	0
           536	2023-11-09 12:10:31	1	0	1	0
           602	2023-11-09 12:15:19	1	0	1	0
           473	2023-11-09 12:15:23	1	0	1	0
           471	2023-11-09 12:15:28	1	0	1	0
           605	2023-11-09 12:15:30	1	0	1	0
            91	2023-11-09 12:17:05	1	0	1	0
           144	2023-11-09 12:22:29	1	0	1	0
            57	2023-11-09 12:23:49	1	0	1	0
           118	2023-11-09 12:25:55	1	0	1	0
           472	2023-11-09 12:26:01	1	0	1	0
           527	2023-11-09 12:30:25	1	0	1	0
            58	2023-11-09 12:34:31	1	0	1	0
           180	2023-11-09 12:34:37	1	0	1	0
           241	2023-11-09 12:35:20	1	0	1	0
            91	2023-11-09 12:35:41	1	0	1	0
           536	2023-11-09 12:37:27	1	0	1	0
           185	2023-11-09 12:38:30	1	0	1	0
           181	2023-11-09 12:41:58	1	0	1	0
           118	2023-11-09 12:43:36	1	0	1	0
           471	2023-11-09 12:43:39	1	0	1	0
           472	2023-11-09 12:43:44	1	0	1	0
           592	2023-11-09 12:45:17	1	0	1	0
           551	2023-11-09 12:46:01	1	0	1	0
            80	2023-11-09 12:47:40	1	0	1	0
           144	2023-11-09 12:55:38	1	0	1	0
           142	2023-11-09 12:55:52	1	0	1	0
           132	2023-11-09 12:56:15	1	0	1	0
           379	2023-11-09 12:56:38	1	0	1	0
           473	2023-11-09 12:59:35	1	0	1	0
           602	2023-11-09 12:59:38	1	0	1	0
           605	2023-11-09 12:59:41	1	0	1	0
            57	2023-11-09 17:00:19	1	0	1	0
            58	2023-11-09 17:00:36	1	0	1	0
           132	2023-11-09 17:01:21	1	0	1	0
           142	2023-11-09 17:01:30	1	0	1	0
           379	2023-11-09 17:03:32	1	0	1	0
           527	2023-11-09 17:04:47	1	0	1	0
           592	2023-11-09 17:05:03	1	0	1	0
           471	2023-11-09 17:05:41	1	0	1	0
           551	2023-11-09 17:05:54	1	0	1	0
            80	2023-11-09 17:06:00	1	0	1	0
           472	2023-11-09 17:06:39	1	0	1	0
           602	2023-11-09 17:07:20	1	0	1	0
           185	2023-11-09 17:07:30	1	0	1	0
           118	2023-11-09 17:07:35	1	0	1	0
           605	2023-11-09 17:07:43	1	0	1	0
           180	2023-11-09 17:11:15	1	0	1	0
            91	2023-11-09 17:15:46	1	0	1	0
           181	2023-11-09 17:20:50	1	0	1	0
           369	2023-11-09 17:26:10	1	0	1	0
           145	2023-11-09 17:31:28	1	0	1	0
           536	2023-11-09 17:35:12	1	0	1	0
           144	2023-11-09 18:22:15	1	0	1	0
           241	2023-11-09 18:52:25	1	0	1	0
           241	2023-11-10 05:20:31	1	0	1	0
            58	2023-11-10 06:11:13	1	0	1	0
           185	2023-11-10 07:26:34	1	0	1	0
            91	2023-11-10 07:27:46	1	0	1	0
           527	2023-11-10 07:34:50	1	0	1	0
           602	2023-11-10 07:36:00	1	0	1	0
           369	2023-11-10 07:36:04	1	0	1	0
           145	2023-11-10 07:39:14	1	0	1	0
           473	2023-11-10 07:39:21	1	0	1	0
           379	2023-11-10 07:43:23	1	0	1	0
           592	2023-11-10 07:44:45	1	0	1	0
           132	2023-11-10 07:48:08	1	0	1	0
           605	2023-11-10 07:51:23	1	0	1	0
           180	2023-11-10 07:53:27	1	0	1	0
            57	2023-11-10 07:55:33	1	0	1	0
           551	2023-11-10 07:55:47	1	0	1	0
           332	2023-11-10 07:58:40	1	0	1	0
            80	2023-11-10 08:00:36	1	0	1	0
           536	2023-11-10 08:01:17	1	0	1	0
           472	2023-11-10 08:06:21	1	0	1	0
           471	2023-11-10 08:06:27	1	0	1	0
           181	2023-11-10 08:07:25	1	0	1	0
           144	2023-11-10 08:29:34	1	0	1	0
           401	2023-11-10 08:39:31	1	0	1	0
            57	2023-11-10 12:00:20	1	0	1	0
           369	2023-11-10 12:00:27	1	0	1	0
            58	2023-11-10 12:00:35	1	0	1	0
           527	2023-11-10 12:01:08	1	0	1	0
           379	2023-11-10 12:01:13	1	0	1	0
           536	2023-11-10 12:01:21	1	0	1	0
           551	2023-11-10 12:01:38	1	0	1	0
            80	2023-11-10 12:01:43	1	0	1	0
           180	2023-11-10 12:01:57	1	0	1	0
           471	2023-11-10 12:02:30	1	0	1	0
           472	2023-11-10 12:02:33	1	0	1	0
           473	2023-11-10 12:02:39	1	0	1	0
           602	2023-11-10 12:02:53	1	0	1	0
           605	2023-11-10 12:02:59	1	0	1	0
           145	2023-11-10 12:08:29	1	0	1	0
           401	2023-11-10 12:08:35	1	0	1	0
           181	2023-11-10 12:10:03	1	0	1	0
           592	2023-11-10 12:10:14	1	0	1	0
           144	2023-11-10 12:10:51	1	0	1	0
           332	2023-11-10 12:11:51	1	0	1	0
            91	2023-11-10 12:12:52	1	0	1	0
           185	2023-11-10 12:14:04	1	0	1	0
           241	2023-11-10 12:14:12	1	0	1	0
           132	2023-11-10 12:15:55	1	0	1	0
            57	2023-11-10 12:18:44	1	0	1	0
            58	2023-11-10 12:18:52	1	0	1	0
           369	2023-11-10 12:18:58	1	0	1	0
           536	2023-11-10 12:27:08	1	0	1	0
           332	2023-11-10 12:34:33	1	0	1	0
           185	2023-11-10 12:34:43	1	0	1	0
            80	2023-11-10 12:36:51	1	0	1	0
           551	2023-11-10 12:36:59	1	0	1	0
           180	2023-11-10 12:37:12	1	0	1	0
           241	2023-11-10 12:39:18	1	0	1	0
            91	2023-11-10 12:39:46	1	0	1	0
           527	2023-11-10 12:41:46	1	0	1	0
           471	2023-11-10 12:41:52	1	0	1	0
           472	2023-11-10 12:41:55	1	0	1	0
           473	2023-11-10 12:42:01	1	0	1	0
           602	2023-11-10 12:42:11	1	0	1	0
           605	2023-11-10 12:42:15	1	0	1	0
           592	2023-11-10 12:46:19	1	0	1	0
           145	2023-11-10 12:46:46	1	0	1	0
           401	2023-11-10 12:46:51	1	0	1	0
           181	2023-11-10 12:47:12	1	0	1	0
           144	2023-11-10 12:47:22	1	0	1	0
           142	2023-11-10 12:56:19	1	0	1	0
           132	2023-11-10 12:56:23	1	0	1	0
           379	2023-11-10 12:57:59	1	0	1	0
            57	2023-11-10 17:00:05	1	0	1	0
            58	2023-11-10 17:00:13	1	0	1	0
           551	2023-11-10 17:02:22	1	0	1	0
           379	2023-11-10 17:03:03	1	0	1	0
           605	2023-11-10 17:03:13	1	0	1	0
           472	2023-11-10 17:04:08	1	0	1	0
           471	2023-11-10 17:04:17	1	0	1	0
            80	2023-11-10 17:04:44	1	0	1	0
           185	2023-11-10 17:05:08	1	0	1	0
           592	2023-11-10 17:06:26	1	0	1	0
           602	2023-11-10 17:08:05	1	0	1	0
           241	2023-11-10 17:09:26	1	0	1	0
           527	2023-11-10 17:14:14	1	0	1	0
           473	2023-11-10 17:14:20	1	0	1	0
           332	2023-11-10 17:16:13	1	0	1	0
           132	2023-11-10 17:22:09	1	0	1	0
           142	2023-11-10 17:22:15	1	0	1	0
            91	2023-11-10 17:29:06	1	0	1	0
           181	2023-11-10 17:30:56	1	0	1	0
           180	2023-11-10 17:34:59	1	0	1	0
           401	2023-11-10 17:36:17	1	0	1	0
           536	2023-11-10 17:37:55	1	0	1	0
           144	2023-11-10 17:49:26	1	0	1	0
           145	2023-11-10 17:52:15	1	0	1	0
           369	2023-11-10 18:49:25	1	0	1	0
           241	2023-11-13 05:12:33	1	0	1	0
            58	2023-11-13 06:07:43	1	0	1	0
           187	2023-11-13 07:07:39	1	0	1	0
            80	2023-11-13 07:20:20	1	0	1	0
           145	2023-11-13 07:24:50	1	0	1	0
            91	2023-11-13 07:28:04	1	0	1	0
           185	2023-11-13 07:28:12	1	0	1	0
           401	2023-11-13 07:29:19	1	0	1	0
           551	2023-11-13 07:31:23	1	0	1	0
           602	2023-11-13 07:32:13	1	0	1	0
           527	2023-11-13 07:34:06	1	0	1	0
           181	2023-11-13 07:34:59	1	0	1	0
            48	2023-11-13 07:40:57	1	0	1	0
           379	2023-11-13 07:44:55	1	0	1	0
           473	2023-11-13 07:45:06	1	0	1	0
           592	2023-11-13 07:50:03	1	0	1	0
           118	2023-11-13 07:50:47	1	0	1	0
           605	2023-11-13 07:52:13	1	0	1	0
           369	2023-11-13 07:53:56	1	0	1	0
           536	2023-11-13 07:54:58	1	0	1	0
           472	2023-11-13 07:55:28	1	0	1	0
           471	2023-11-13 07:55:33	1	0	1	0
           180	2023-11-13 07:57:08	1	0	1	0
           332	2023-11-13 08:00:49	1	0	1	0
           142	2023-11-13 08:26:36	1	0	1	0
           132	2023-11-13 08:26:43	1	0	1	0
           471	2023-11-13 12:00:07	1	0	1	0
           602	2023-11-13 12:00:15	1	0	1	0
           605	2023-11-13 12:00:20	1	0	1	0
            48	2023-11-13 12:00:26	1	0	1	0
           187	2023-11-13 12:00:31	1	0	1	0
           472	2023-11-13 12:00:37	1	0	1	0
            80	2023-11-13 12:01:12	1	0	1	0
           551	2023-11-13 12:01:16	1	0	1	0
           142	2023-11-13 12:01:36	1	0	1	0
           473	2023-11-13 12:01:50	1	0	1	0
           118	2023-11-13 12:02:37	1	0	1	0
            58	2023-11-13 12:02:48	1	0	1	0
           132	2023-11-13 12:02:55	1	0	1	0
            57	2023-11-13 12:03:40	1	0	1	0
           369	2023-11-13 12:04:33	1	0	1	0
           181	2023-11-13 12:05:17	1	0	1	0
           536	2023-11-13 12:05:21	1	0	1	0
           527	2023-11-13 12:05:28	1	0	1	0
           332	2023-11-13 12:06:50	1	0	1	0
           401	2023-11-13 12:10:07	1	0	1	0
           241	2023-11-13 12:11:35	1	0	1	0
           180	2023-11-13 12:15:16	1	0	1	0
           379	2023-11-13 12:18:01	1	0	1	0
           592	2023-11-13 12:18:15	1	0	1	0
            48	2023-11-13 12:18:45	1	0	1	0
           187	2023-11-13 12:18:48	1	0	1	0
           472	2023-11-13 12:19:00	1	0	1	0
            57	2023-11-13 12:19:20	1	0	1	0
           473	2023-11-13 12:19:34	1	0	1	0
           602	2023-11-13 12:19:41	1	0	1	0
           369	2023-11-13 12:19:46	1	0	1	0
           605	2023-11-13 12:19:52	1	0	1	0
            58	2023-11-13 12:20:21	1	0	1	0
            80	2023-11-13 12:20:37	1	0	1	0
           551	2023-11-13 12:20:48	1	0	1	0
           181	2023-11-13 12:23:30	1	0	1	0
            91	2023-11-13 12:23:45	1	0	1	0
           536	2023-11-13 12:27:15	1	0	1	0
           527	2023-11-13 12:27:21	1	0	1	0
           241	2023-11-13 12:27:37	1	0	1	0
           142	2023-11-13 12:28:19	1	0	1	0
           132	2023-11-13 12:28:32	1	0	1	0
           185	2023-11-13 12:30:18	1	0	1	0
           180	2023-11-13 12:30:27	1	0	1	0
           471	2023-11-13 12:32:06	1	0	1	0
           332	2023-11-13 12:40:57	1	0	1	0
            91	2023-11-13 12:42:50	1	0	1	0
           592	2023-11-13 12:43:54	1	0	1	0
           145	2023-11-13 12:45:57	1	0	1	0
           401	2023-11-13 12:46:06	1	0	1	0
           379	2023-11-13 12:53:52	1	0	1	0
           185	2023-11-13 12:57:06	1	0	1	0
            57	2023-11-13 17:00:15	1	0	1	0
           471	2023-11-13 17:00:22	1	0	1	0
           472	2023-11-13 17:00:26	1	0	1	0
            58	2023-11-13 17:01:12	1	0	1	0
           527	2023-11-13 17:01:19	1	0	1	0
           379	2023-11-13 17:01:30	1	0	1	0
           241	2023-11-13 17:01:37	1	0	1	0
           551	2023-11-13 17:01:44	1	0	1	0
           605	2023-11-13 17:01:50	1	0	1	0
           473	2023-11-13 17:02:10	1	0	1	0
           602	2023-11-13 17:03:31	1	0	1	0
            48	2023-11-13 17:04:10	1	0	1	0
           369	2023-11-13 17:04:30	1	0	1	0
           118	2023-11-13 17:05:34	1	0	1	0
           592	2023-11-13 17:06:42	1	0	1	0
           536	2023-11-13 17:07:03	1	0	1	0
           132	2023-11-13 17:07:22	1	0	1	0
           185	2023-11-13 17:08:13	1	0	1	0
           187	2023-11-13 17:09:53	1	0	1	0
           332	2023-11-13 17:10:09	1	0	1	0
           181	2023-11-13 17:20:16	1	0	1	0
            91	2023-11-13 17:28:11	1	0	1	0
            80	2023-11-13 17:30:56	1	0	1	0
           180	2023-11-13 17:33:26	1	0	1	0
           142	2023-11-13 17:45:39	1	0	1	0
           401	2023-11-13 17:53:52	1	0	1	0
           145	2023-11-13 17:58:30	1	0	1	0
            58	2023-11-14 06:17:41	1	0	1	0
           602	2023-11-14 07:32:54	1	0	1	0
           185	2023-11-14 07:33:02	1	0	1	0
            91	2023-11-14 07:34:19	1	0	1	0
           369	2023-11-14 07:36:32	1	0	1	0
           605	2023-11-14 07:37:32	1	0	1	0
           145	2023-11-14 07:42:38	1	0	1	0
           180	2023-11-14 07:43:19	1	0	1	0
           592	2023-11-14 07:46:30	1	0	1	0
           473	2023-11-14 07:47:19	1	0	1	0
           527	2023-11-14 07:48:11	1	0	1	0
           379	2023-11-14 07:48:43	1	0	1	0
            57	2023-11-14 07:50:30	1	0	1	0
           551	2023-11-14 07:50:49	1	0	1	0
           241	2023-11-14 07:51:39	1	0	1	0
           536	2023-11-14 07:51:51	1	0	1	0
           472	2023-11-14 07:53:11	1	0	1	0
           471	2023-11-14 07:53:18	1	0	1	0
           118	2023-11-14 07:54:00	1	0	1	0
            80	2023-11-14 07:57:22	1	0	1	0
           181	2023-11-14 07:58:20	1	0	1	0
           187	2023-11-14 07:58:27	1	0	1	0
           401	2023-11-14 07:59:55	1	0	1	0
           332	2023-11-14 08:00:46	1	0	1	0
            48	2023-11-14 08:03:08	1	0	1	0
           142	2023-11-14 08:05:04	1	0	1	0
           132	2023-11-14 08:05:17	1	0	1	0
           144	2023-11-14 08:29:24	1	0	1	0
            57	2023-11-14 12:00:41	1	0	1	0
            58	2023-11-14 12:00:57	1	0	1	0
           536	2023-11-14 12:01:11	1	0	1	0
           379	2023-11-14 12:01:19	1	0	1	0
           142	2023-11-14 12:01:23	1	0	1	0
           369	2023-11-14 12:01:29	1	0	1	0
           471	2023-11-14 12:01:41	1	0	1	0
           605	2023-11-14 12:01:47	1	0	1	0
           602	2023-11-14 12:01:54	1	0	1	0
           473	2023-11-14 12:02:04	1	0	1	0
           527	2023-11-14 12:03:43	1	0	1	0
           185	2023-11-14 12:04:02	1	0	1	0
           181	2023-11-14 12:04:07	1	0	1	0
            48	2023-11-14 12:05:47	1	0	1	0
           241	2023-11-14 12:06:03	1	0	1	0
           118	2023-11-14 12:06:54	1	0	1	0
           472	2023-11-14 12:08:22	1	0	1	0
           145	2023-11-14 12:10:48	1	0	1	0
           401	2023-11-14 12:10:53	1	0	1	0
           132	2023-11-14 12:11:28	1	0	1	0
           180	2023-11-14 12:11:39	1	0	1	0
           592	2023-11-14 12:12:35	1	0	1	0
            57	2023-11-14 12:17:32	1	0	1	0
            58	2023-11-14 12:17:50	1	0	1	0
           369	2023-11-14 12:17:54	1	0	1	0
           144	2023-11-14 12:18:03	1	0	1	0
           332	2023-11-14 12:18:11	1	0	1	0
           241	2023-11-14 12:25:36	1	0	1	0
           473	2023-11-14 12:26:31	1	0	1	0
           602	2023-11-14 12:26:37	1	0	1	0
           605	2023-11-14 12:26:48	1	0	1	0
           472	2023-11-14 12:27:05	1	0	1	0
           471	2023-11-14 12:33:46	1	0	1	0
           118	2023-11-14 12:33:56	1	0	1	0
           332	2023-11-14 12:34:46	1	0	1	0
           536	2023-11-14 12:35:18	1	0	1	0
           527	2023-11-14 12:35:37	1	0	1	0
           187	2023-11-14 12:38:30	1	0	1	0
            48	2023-11-14 12:38:34	1	0	1	0
            80	2023-11-14 12:40:18	1	0	1	0
           551	2023-11-14 12:40:21	1	0	1	0
           180	2023-11-14 12:43:51	1	0	1	0
           185	2023-11-14 12:46:36	1	0	1	0
           181	2023-11-14 12:46:41	1	0	1	0
           145	2023-11-14 12:47:38	1	0	1	0
           401	2023-11-14 12:47:52	1	0	1	0
           592	2023-11-14 12:48:20	1	0	1	0
           142	2023-11-14 12:55:30	1	0	1	0
           132	2023-11-14 12:55:34	1	0	1	0
           551	2023-11-14 12:56:29	1	0	1	0
            80	2023-11-14 12:56:36	1	0	1	0
           379	2023-11-14 12:58:18	1	0	1	0
           144	2023-11-14 12:59:20	1	0	1	0
           187	2023-11-14 13:00:51	1	0	1	0
            91	2023-11-14 17:00:03	1	0	1	0
           187	2023-11-14 17:00:09	1	0	1	0
           241	2023-11-14 17:00:13	1	0	1	0
           185	2023-11-14 17:00:17	1	0	1	0
           536	2023-11-14 17:00:23	1	0	1	0
           592	2023-11-14 17:00:30	1	0	1	0
           527	2023-11-14 17:00:35	1	0	1	0
            58	2023-11-14 17:00:56	1	0	1	0
            57	2023-11-14 17:03:41	1	0	1	0
           473	2023-11-14 17:04:06	1	0	1	0
           181	2023-11-14 17:04:40	1	0	1	0
           369	2023-11-14 17:05:07	1	0	1	0
            48	2023-11-14 17:07:08	1	0	1	0
           180	2023-11-14 17:11:01	1	0	1	0
           142	2023-11-14 17:12:03	1	0	1	0
           132	2023-11-14 17:12:12	1	0	1	0
           471	2023-11-14 17:12:22	1	0	1	0
           602	2023-11-14 17:13:15	1	0	1	0
           472	2023-11-14 17:13:20	1	0	1	0
           118	2023-11-14 17:14:01	1	0	1	0
           379	2023-11-14 17:15:42	1	0	1	0
           332	2023-11-14 17:20:49	1	0	1	0
            80	2023-11-14 17:21:54	1	0	1	0
           551	2023-11-14 17:21:57	1	0	1	0
           401	2023-11-14 17:32:42	1	0	1	0
           144	2023-11-14 17:42:57	1	0	1	0
           145	2023-11-14 17:43:03	1	0	1	0
           602	2023-11-16 07:38:00	1	0	1	0
           605	2023-11-16 07:40:19	1	0	1	0
           473	2023-11-16 07:54:51	1	0	1	0
           471	2023-11-16 07:56:14	1	0	1	0
           592	2023-11-16 08:25:31	1	0	1	0
           471	2023-11-16 12:00:07	1	0	1	0
           473	2023-11-16 12:00:25	1	0	1	0
           605	2023-11-16 12:00:37	1	0	1	0
           592	2023-11-16 12:00:49	1	0	1	0
           602	2023-11-16 12:00:57	1	0	1	0
           471	2023-11-16 12:38:09	1	0	1	0
           592	2023-11-16 12:40:07	1	0	1	0
           602	2023-11-16 12:53:20	1	0	1	0
           473	2023-11-16 12:53:22	1	0	1	0
           605	2023-11-16 12:53:25	1	0	1	0
           471	2023-11-16 17:01:20	1	0	1	0
           605	2023-11-16 17:02:14	1	0	1	0
           473	2023-11-16 17:02:18	1	0	1	0
           602	2023-11-16 17:02:40	1	0	1	0
           592	2023-11-16 17:08:50	1	0	1	0
           551	2023-11-17 06:05:38	1	0	1	0
            58	2023-11-17 06:12:29	1	0	1	0
           185	2023-11-17 07:18:04	1	0	1	0
            91	2023-11-17 07:20:35	1	0	1	0
           145	2023-11-17 07:29:18	1	0	1	0
           602	2023-11-17 07:33:51	1	0	1	0
           527	2023-11-17 07:41:04	1	0	1	0
           379	2023-11-17 07:45:42	1	0	1	0
            48	2023-11-17 07:49:10	1	0	1	0
           605	2023-11-17 07:52:39	1	0	1	0
           180	2023-11-17 07:54:06	1	0	1	0
           241	2023-11-17 07:54:35	1	0	1	0
           472	2023-11-17 07:54:53	1	0	1	0
           471	2023-11-17 07:54:59	1	0	1	0
           401	2023-11-17 07:55:27	1	0	1	0
           592	2023-11-17 07:57:10	1	0	1	0
           181	2023-11-17 07:59:00	1	0	1	0
           536	2023-11-17 07:59:55	1	0	1	0
           142	2023-11-17 08:02:06	1	0	1	0
           132	2023-11-17 08:02:14	1	0	1	0
           144	2023-11-17 08:02:19	1	0	1	0
           473	2023-11-17 08:05:16	1	0	1	0
            57	2023-11-17 08:07:23	1	0	1	0
           369	2023-11-17 08:10:30	1	0	1	0
           332	2023-11-17 09:05:49	1	0	1	0
            48	2023-11-17 12:00:10	1	0	1	0
           132	2023-11-17 12:00:17	1	0	1	0
           142	2023-11-17 12:00:21	1	0	1	0
            58	2023-11-17 12:00:31	1	0	1	0
           471	2023-11-17 12:00:41	1	0	1	0
           379	2023-11-17 12:00:49	1	0	1	0
            57	2023-11-17 12:01:10	1	0	1	0
           180	2023-11-17 12:01:20	1	0	1	0
           527	2023-11-17 12:01:43	1	0	1	0
           592	2023-11-17 12:01:49	1	0	1	0
           332	2023-11-17 12:02:04	1	0	1	0
           536	2023-11-17 12:04:26	1	0	1	0
           369	2023-11-17 12:06:09	1	0	1	0
           145	2023-11-17 12:08:39	1	0	1	0
           401	2023-11-17 12:08:44	1	0	1	0
           187	2023-11-17 12:10:38	1	0	1	0
           472	2023-11-17 12:11:11	1	0	1	0
           602	2023-11-17 12:11:23	1	0	1	0
           605	2023-11-17 12:11:26	1	0	1	0
           473	2023-11-17 12:11:31	1	0	1	0
           185	2023-11-17 12:13:40	1	0	1	0
           181	2023-11-17 12:16:05	1	0	1	0
            48	2023-11-17 12:16:20	1	0	1	0
            58	2023-11-17 12:16:28	1	0	1	0
           241	2023-11-17 12:16:41	1	0	1	0
           180	2023-11-17 12:18:42	1	0	1	0
           144	2023-11-17 12:19:22	1	0	1	0
           527	2023-11-17 12:26:31	1	0	1	0
           332	2023-11-17 12:28:42	1	0	1	0
           181	2023-11-17 12:32:10	1	0	1	0
           241	2023-11-17 12:32:31	1	0	1	0
           471	2023-11-17 12:36:36	1	0	1	0
           602	2023-11-17 12:36:43	1	0	1	0
           473	2023-11-17 12:36:50	1	0	1	0
           605	2023-11-17 12:36:53	1	0	1	0
           187	2023-11-17 12:37:09	1	0	1	0
           472	2023-11-17 12:37:21	1	0	1	0
           145	2023-11-17 12:38:47	1	0	1	0
           401	2023-11-17 12:38:52	1	0	1	0
            91	2023-11-17 12:43:22	1	0	1	0
           369	2023-11-17 12:43:30	1	0	1	0
            57	2023-11-17 12:44:59	1	0	1	0
           592	2023-11-17 12:47:11	1	0	1	0
           536	2023-11-17 12:50:43	1	0	1	0
           144	2023-11-17 12:54:27	1	0	1	0
           379	2023-11-17 12:55:29	1	0	1	0
            91	2023-11-17 12:58:35	1	0	1	0
           142	2023-11-17 13:01:39	1	0	1	0
           132	2023-11-17 13:02:13	1	0	1	0
            91	2023-11-17 17:00:03	1	0	1	0
           379	2023-11-17 17:00:08	1	0	1	0
           471	2023-11-17 17:00:17	1	0	1	0
           472	2023-11-17 17:00:25	1	0	1	0
           185	2023-11-17 17:00:33	1	0	1	0
           241	2023-11-17 17:00:42	1	0	1	0
           473	2023-11-17 17:00:45	1	0	1	0
           592	2023-11-17 17:00:55	1	0	1	0
           527	2023-11-17 17:01:03	1	0	1	0
            57	2023-11-17 17:01:12	1	0	1	0
            58	2023-11-17 17:01:18	1	0	1	0
           536	2023-11-17 17:01:27	1	0	1	0
           605	2023-11-17 17:01:36	1	0	1	0
           602	2023-11-17 17:01:52	1	0	1	0
           181	2023-11-17 17:02:00	1	0	1	0
            48	2023-11-17 17:07:19	1	0	1	0
           132	2023-11-17 17:19:31	1	0	1	0
           142	2023-11-17 17:19:43	1	0	1	0
           180	2023-11-17 17:20:16	1	0	1	0
           187	2023-11-17 17:26:28	1	0	1	0
           401	2023-11-17 17:28:38	1	0	1	0
           332	2023-11-17 17:36:07	1	0	1	0
           144	2023-11-17 17:37:55	1	0	1	0
           369	2023-11-17 17:38:07	1	0	1	0
           145	2023-11-17 17:59:49	1	0	1	0
           551	2023-11-17 19:15:39	1	0	1	0
           241	2023-11-20 05:49:55	1	0	1	0
           379	2023-11-20 05:50:55	1	0	1	0
           473	2023-11-20 06:12:32	1	0	1	0
            58	2023-11-20 06:14:15	1	0	1	0
           180	2023-11-20 06:19:25	1	0	1	0
           527	2023-11-20 06:58:21	1	0	1	0
           605	2023-11-20 07:34:02	1	0	1	0
           602	2023-11-20 07:39:36	1	0	1	0
           472	2023-11-20 07:40:20	1	0	1	0
           471	2023-11-20 07:40:24	1	0	1	0
           185	2023-11-20 07:42:11	1	0	1	0
           145	2023-11-20 07:43:25	1	0	1	0
           551	2023-11-20 07:53:14	1	0	1	0
           132	2023-11-20 07:53:55	1	0	1	0
            48	2023-11-20 07:54:52	1	0	1	0
            57	2023-11-20 07:56:50	1	0	1	0
            80	2023-11-20 07:58:14	1	0	1	0
           118	2023-11-20 08:03:05	1	0	1	0
           401	2023-11-20 08:06:22	1	0	1	0
           369	2023-11-20 08:06:25	1	0	1	0
           592	2023-11-20 08:10:29	1	0	1	0
           144	2023-11-20 08:24:58	1	0	1	0
           472	2023-11-20 12:00:08	1	0	1	0
           471	2023-11-20 12:00:13	1	0	1	0
           379	2023-11-20 12:02:30	1	0	1	0
           241	2023-11-20 12:02:39	1	0	1	0
            57	2023-11-20 12:02:56	1	0	1	0
            80	2023-11-20 12:03:03	1	0	1	0
           551	2023-11-20 12:03:09	1	0	1	0
            48	2023-11-20 12:04:37	1	0	1	0
            58	2023-11-20 12:05:01	1	0	1	0
           592	2023-11-20 12:05:07	1	0	1	0
           602	2023-11-20 12:05:59	1	0	1	0
           605	2023-11-20 12:06:06	1	0	1	0
           369	2023-11-20 12:06:11	1	0	1	0
           118	2023-11-20 12:06:37	1	0	1	0
           185	2023-11-20 12:09:10	1	0	1	0
           180	2023-11-20 12:10:07	1	0	1	0
           471	2023-11-20 12:17:05	1	0	1	0
           472	2023-11-20 12:17:17	1	0	1	0
           145	2023-11-20 12:17:56	1	0	1	0
           401	2023-11-20 12:18:05	1	0	1	0
            48	2023-11-20 12:19:44	1	0	1	0
            57	2023-11-20 12:20:13	1	0	1	0
           551	2023-11-20 12:20:50	1	0	1	0
            80	2023-11-20 12:20:56	1	0	1	0
           144	2023-11-20 12:21:03	1	0	1	0
           602	2023-11-20 12:22:43	1	0	1	0
           241	2023-11-20 12:23:19	1	0	1	0
           379	2023-11-20 12:23:25	1	0	1	0
           592	2023-11-20 12:24:13	1	0	1	0
           185	2023-11-20 12:25:12	1	0	1	0
           180	2023-11-20 12:26:08	1	0	1	0
           536	2023-11-20 12:26:25	1	0	1	0
           527	2023-11-20 12:26:30	1	0	1	0
           332	2023-11-20 12:31:57	1	0	1	0
           118	2023-11-20 12:33:30	1	0	1	0
           132	2023-11-20 12:34:22	1	0	1	0
           527	2023-11-20 12:41:39	1	0	1	0
           536	2023-11-20 12:41:51	1	0	1	0
           145	2023-11-20 12:46:29	1	0	1	0
           401	2023-11-20 12:46:36	1	0	1	0
           369	2023-11-20 12:47:36	1	0	1	0
           132	2023-11-20 12:49:31	1	0	1	0
           144	2023-11-20 12:58:49	1	0	1	0
            57	2023-11-20 17:00:11	1	0	1	0
           471	2023-11-20 17:00:30	1	0	1	0
            58	2023-11-20 17:00:39	1	0	1	0
            48	2023-11-20 17:00:46	1	0	1	0
           332	2023-11-20 17:00:54	1	0	1	0
           379	2023-11-20 17:01:02	1	0	1	0
           527	2023-11-20 17:01:08	1	0	1	0
           592	2023-11-20 17:01:22	1	0	1	0
           180	2023-11-20 17:01:46	1	0	1	0
           369	2023-11-20 17:01:54	1	0	1	0
           473	2023-11-20 17:02:03	1	0	1	0
           605	2023-11-20 17:02:11	1	0	1	0
           602	2023-11-20 17:02:33	1	0	1	0
           118	2023-11-20 17:02:55	1	0	1	0
           472	2023-11-20 17:03:09	1	0	1	0
           132	2023-11-20 17:08:09	1	0	1	0
            80	2023-11-20 17:11:17	1	0	1	0
           536	2023-11-20 17:11:39	1	0	1	0
           185	2023-11-20 17:24:30	1	0	1	0
           145	2023-11-20 17:25:41	1	0	1	0
           401	2023-11-20 17:42:57	1	0	1	0
           144	2023-11-20 17:43:08	1	0	1	0
           241	2023-11-20 19:29:44	1	0	1	0
            58	2023-11-21 06:09:21	1	0	1	0
           379	2023-11-21 06:25:31	1	0	1	0
           536	2023-11-21 06:48:02	1	0	1	0
            91	2023-11-21 06:49:32	1	0	1	0
           527	2023-11-21 06:56:52	1	0	1	0
           180	2023-11-21 07:00:45	1	0	1	0
           241	2023-11-21 07:06:14	1	0	1	0
           551	2023-11-21 07:33:54	1	0	1	0
           185	2023-11-21 07:40:17	1	0	1	0
           605	2023-11-21 07:40:45	1	0	1	0
           472	2023-11-21 07:43:40	1	0	1	0
           471	2023-11-21 07:43:49	1	0	1	0
           118	2023-11-21 07:44:48	1	0	1	0
           187	2023-11-21 07:46:07	1	0	1	0
           181	2023-11-21 07:49:02	1	0	1	0
            48	2023-11-21 07:54:37	1	0	1	0
            80	2023-11-21 07:55:33	1	0	1	0
           401	2023-11-21 08:04:13	1	0	1	0
            57	2023-11-21 08:04:43	1	0	1	0
           144	2023-11-21 08:07:39	1	0	1	0
           592	2023-11-21 08:11:37	1	0	1	0
           369	2023-11-21 08:14:24	1	0	1	0
           332	2023-11-21 08:38:37	1	0	1	0
            48	2023-11-21 12:00:38	1	0	1	0
           187	2023-11-21 12:00:46	1	0	1	0
            58	2023-11-21 12:00:53	1	0	1	0
           471	2023-11-21 12:01:01	1	0	1	0
            80	2023-11-21 12:01:13	1	0	1	0
           551	2023-11-21 12:01:17	1	0	1	0
           118	2023-11-21 12:01:27	1	0	1	0
           332	2023-11-21 12:01:34	1	0	1	0
           602	2023-11-21 12:01:44	1	0	1	0
           605	2023-11-21 12:01:48	1	0	1	0
            57	2023-11-21 12:02:02	1	0	1	0
           180	2023-11-21 12:03:13	1	0	1	0
           536	2023-11-21 12:04:30	1	0	1	0
           472	2023-11-21 12:08:19	1	0	1	0
           592	2023-11-21 12:09:11	1	0	1	0
           379	2023-11-21 12:10:13	1	0	1	0
           369	2023-11-21 12:12:28	1	0	1	0
           145	2023-11-21 12:14:39	1	0	1	0
           144	2023-11-21 12:15:35	1	0	1	0
            58	2023-11-21 12:18:45	1	0	1	0
            48	2023-11-21 12:18:54	1	0	1	0
           187	2023-11-21 12:19:07	1	0	1	0
            57	2023-11-21 12:20:41	1	0	1	0
           180	2023-11-21 12:22:25	1	0	1	0
           472	2023-11-21 12:25:25	1	0	1	0
           592	2023-11-21 12:26:08	1	0	1	0
           536	2023-11-21 12:26:15	1	0	1	0
           241	2023-11-21 12:29:52	1	0	1	0
           379	2023-11-21 12:30:04	1	0	1	0
           602	2023-11-21 12:32:48	1	0	1	0
           605	2023-11-21 12:32:52	1	0	1	0
           118	2023-11-21 12:33:08	1	0	1	0
           471	2023-11-21 12:38:59	1	0	1	0
            80	2023-11-21 12:44:31	1	0	1	0
           401	2023-11-21 12:45:00	1	0	1	0
           551	2023-11-21 12:46:08	1	0	1	0
           145	2023-11-21 12:46:39	1	0	1	0
           369	2023-11-21 12:46:49	1	0	1	0
           144	2023-11-21 12:46:54	1	0	1	0
           241	2023-11-21 12:48:30	1	0	1	0
           332	2023-11-21 12:49:24	1	0	1	0
           401	2023-11-21 13:00:33	1	0	1	0
           379	2023-11-21 16:13:56	1	0	1	0
           241	2023-11-21 16:15:11	1	0	1	0
           536	2023-11-21 16:18:24	1	0	1	0
           180	2023-11-21 16:50:25	1	0	1	0
           592	2023-11-21 17:00:42	1	0	1	0
            48	2023-11-21 17:02:31	1	0	1	0
            57	2023-11-21 17:02:55	1	0	1	0
           181	2023-11-21 17:03:11	1	0	1	0
            58	2023-11-21 17:03:30	1	0	1	0
           332	2023-11-21 17:06:57	1	0	1	0
            80	2023-11-21 17:08:15	1	0	1	0
           551	2023-11-21 17:08:18	1	0	1	0
           602	2023-11-21 17:08:54	1	0	1	0
           605	2023-11-21 17:09:24	1	0	1	0
           118	2023-11-21 17:09:30	1	0	1	0
           369	2023-11-21 17:09:36	1	0	1	0
           187	2023-11-21 17:15:45	1	0	1	0
           471	2023-11-21 17:16:42	1	0	1	0
           472	2023-11-21 17:18:55	1	0	1	0
           145	2023-11-21 17:44:40	1	0	1	0
           144	2023-11-21 17:44:48	1	0	1	0
           401	2023-11-21 17:44:58	1	0	1	0
            58	2023-11-22 06:15:00	1	0	1	0
           241	2023-11-22 06:42:08	1	0	1	0
           536	2023-11-22 07:01:30	1	0	1	0
           379	2023-11-22 07:02:19	1	0	1	0
           527	2023-11-22 07:04:29	1	0	1	0
           180	2023-11-22 07:12:44	1	0	1	0
           602	2023-11-22 07:35:23	1	0	1	0
           551	2023-11-22 07:38:36	1	0	1	0
           145	2023-11-22 07:39:52	1	0	1	0
           187	2023-11-22 07:45:05	1	0	1	0
           471	2023-11-22 07:49:27	1	0	1	0
           472	2023-11-22 07:49:42	1	0	1	0
            91	2023-11-22 07:50:12	1	0	1	0
           118	2023-11-22 07:50:50	1	0	1	0
            57	2023-11-22 07:53:32	1	0	1	0
           132	2023-11-22 07:58:45	1	0	1	0
           592	2023-11-22 08:00:00	1	0	1	0
            80	2023-11-22 08:00:04	1	0	1	0
            48	2023-11-22 08:00:22	1	0	1	0
           605	2023-11-22 08:02:10	1	0	1	0
           332	2023-11-22 08:04:56	1	0	1	0
           144	2023-11-22 08:14:58	1	0	1	0
           401	2023-11-22 08:15:02	1	0	1	0
           369	2023-11-22 08:43:51	1	0	1	0
           332	2023-11-22 11:54:38	1	0	1	0
           132	2023-11-22 12:00:05	1	0	1	0
            58	2023-11-22 12:00:43	1	0	1	0
           187	2023-11-22 12:00:50	1	0	1	0
            48	2023-11-22 12:01:05	1	0	1	0
           369	2023-11-22 12:01:09	1	0	1	0
           602	2023-11-22 12:03:02	1	0	1	0
           605	2023-11-22 12:03:06	1	0	1	0
           471	2023-11-22 12:03:42	1	0	1	0
           472	2023-11-22 12:04:11	1	0	1	0
           145	2023-11-22 12:06:26	1	0	1	0
           592	2023-11-22 12:06:57	1	0	1	0
           118	2023-11-22 12:07:31	1	0	1	0
            80	2023-11-22 12:07:53	1	0	1	0
           332	2023-11-22 12:11:01	1	0	1	0
           379	2023-11-22 12:11:28	1	0	1	0
           180	2023-11-22 12:11:35	1	0	1	0
           144	2023-11-22 12:14:59	1	0	1	0
            58	2023-11-22 12:18:10	1	0	1	0
           187	2023-11-22 12:22:58	1	0	1	0
            48	2023-11-22 12:23:05	1	0	1	0
           605	2023-11-22 12:23:22	1	0	1	0
           602	2023-11-22 12:23:36	1	0	1	0
           471	2023-11-22 12:23:56	1	0	1	0
           472	2023-11-22 12:24:48	1	0	1	0
           118	2023-11-22 12:26:03	1	0	1	0
           145	2023-11-22 12:26:16	1	0	1	0
           401	2023-11-22 12:26:22	1	0	1	0
           241	2023-11-22 12:26:48	1	0	1	0
           592	2023-11-22 12:28:00	1	0	1	0
           369	2023-11-22 12:37:20	1	0	1	0
           379	2023-11-22 12:37:24	1	0	1	0
           180	2023-11-22 12:38:43	1	0	1	0
            80	2023-11-22 12:45:51	1	0	1	0
           132	2023-11-22 12:49:49	1	0	1	0
            57	2023-11-22 12:52:03	1	0	1	0
           241	2023-11-22 12:57:44	1	0	1	0
           379	2023-11-22 16:07:08	1	0	1	0
           241	2023-11-22 16:33:05	1	0	1	0
            58	2023-11-22 17:00:41	1	0	1	0
            48	2023-11-22 17:01:11	1	0	1	0
           187	2023-11-22 17:01:20	1	0	1	0
           592	2023-11-22 17:01:47	1	0	1	0
           369	2023-11-22 17:01:59	1	0	1	0
           180	2023-11-22 17:02:19	1	0	1	0
           602	2023-11-22 17:03:35	1	0	1	0
           605	2023-11-22 17:03:39	1	0	1	0
           471	2023-11-22 17:05:46	1	0	1	0
           472	2023-11-22 17:06:29	1	0	1	0
           118	2023-11-22 17:07:04	1	0	1	0
            57	2023-11-22 17:08:31	1	0	1	0
           132	2023-11-22 17:12:07	1	0	1	0
           145	2023-11-22 17:13:49	1	0	1	0
            80	2023-11-22 17:14:42	1	0	1	0
           332	2023-11-22 17:22:50	1	0	1	0
           401	2023-11-22 17:51:10	1	0	1	0
           144	2023-11-22 17:51:24	1	0	1	0
            58	2023-11-23 06:09:53	1	0	1	0
           185	2023-11-23 07:09:17	1	0	1	0
            91	2023-11-23 07:09:50	1	0	1	0
           369	2023-11-23 07:23:01	1	0	1	0
           602	2023-11-23 07:28:52	1	0	1	0
           145	2023-11-23 07:33:05	1	0	1	0
           180	2023-11-23 07:37:47	1	0	1	0
           379	2023-11-23 07:39:46	1	0	1	0
           118	2023-11-23 07:41:14	1	0	1	0
           241	2023-11-23 07:44:52	1	0	1	0
            48	2023-11-23 07:48:51	1	0	1	0
           142	2023-11-23 07:49:02	1	0	1	0
           132	2023-11-23 07:49:16	1	0	1	0
           605	2023-11-23 07:49:23	1	0	1	0
           592	2023-11-23 07:50:39	1	0	1	0
           551	2023-11-23 07:50:57	1	0	1	0
           473	2023-11-23 07:53:22	1	0	1	0
           536	2023-11-23 07:53:28	1	0	1	0
           472	2023-11-23 07:55:14	1	0	1	0
           187	2023-11-23 07:55:20	1	0	1	0
           471	2023-11-23 07:55:27	1	0	1	0
           332	2023-11-23 07:56:51	1	0	1	0
           527	2023-11-23 07:57:54	1	0	1	0
           181	2023-11-23 07:59:04	1	0	1	0
           144	2023-11-23 08:00:44	1	0	1	0
           401	2023-11-23 08:00:50	1	0	1	0
            80	2023-11-23 08:01:40	1	0	1	0
            57	2023-11-23 08:05:39	1	0	1	0
           379	2023-11-23 12:00:28	1	0	1	0
           551	2023-11-23 12:00:41	1	0	1	0
           473	2023-11-23 12:00:44	1	0	1	0
           142	2023-11-23 12:00:52	1	0	1	0
           401	2023-11-23 12:00:58	1	0	1	0
            48	2023-11-23 12:01:06	1	0	1	0
           118	2023-11-23 12:01:14	1	0	1	0
           471	2023-11-23 12:01:22	1	0	1	0
            58	2023-11-23 12:01:37	1	0	1	0
           592	2023-11-23 12:01:44	1	0	1	0
           602	2023-11-23 12:01:49	1	0	1	0
           605	2023-11-23 12:01:51	1	0	1	0
           132	2023-11-23 12:02:08	1	0	1	0
            57	2023-11-23 12:02:35	1	0	1	0
           185	2023-11-23 12:05:11	1	0	1	0
           181	2023-11-23 12:05:17	1	0	1	0
           536	2023-11-23 12:05:29	1	0	1	0
           527	2023-11-23 12:05:34	1	0	1	0
            80	2023-11-23 12:06:56	1	0	1	0
           144	2023-11-23 12:07:48	1	0	1	0
           241	2023-11-23 12:09:55	1	0	1	0
           145	2023-11-23 12:11:34	1	0	1	0
           187	2023-11-23 12:11:40	1	0	1	0
           472	2023-11-23 12:13:40	1	0	1	0
           180	2023-11-23 12:16:42	1	0	1	0
           536	2023-11-23 12:20:35	1	0	1	0
           527	2023-11-23 12:20:41	1	0	1	0
            58	2023-11-23 12:21:41	1	0	1	0
           369	2023-11-23 12:22:57	1	0	1	0
           332	2023-11-23 12:23:13	1	0	1	0
            80	2023-11-23 12:27:12	1	0	1	0
           551	2023-11-23 12:27:24	1	0	1	0
           471	2023-11-23 12:31:35	1	0	1	0
           602	2023-11-23 12:31:48	1	0	1	0
           605	2023-11-23 12:31:58	1	0	1	0
            91	2023-11-23 12:32:32	1	0	1	0
           473	2023-11-23 12:35:16	1	0	1	0
           472	2023-11-23 12:38:35	1	0	1	0
           145	2023-11-23 12:38:56	1	0	1	0
            48	2023-11-23 12:39:04	1	0	1	0
           187	2023-11-23 12:39:11	1	0	1	0
           401	2023-11-23 12:39:24	1	0	1	0
           332	2023-11-23 12:40:49	1	0	1	0
           592	2023-11-23 12:46:35	1	0	1	0
           144	2023-11-23 12:49:25	1	0	1	0
           118	2023-11-23 12:49:29	1	0	1	0
           241	2023-11-23 12:51:40	1	0	1	0
            91	2023-11-23 12:51:49	1	0	1	0
           180	2023-11-23 12:53:02	1	0	1	0
           185	2023-11-23 12:53:06	1	0	1	0
           181	2023-11-23 12:53:10	1	0	1	0
           369	2023-11-23 12:53:18	1	0	1	0
           379	2023-11-23 12:57:18	1	0	1	0
           142	2023-11-23 13:04:26	1	0	1	0
           132	2023-11-23 13:05:02	1	0	1	0
            91	2023-11-23 16:59:40	1	0	1	0
           379	2023-11-23 17:00:07	1	0	1	0
            58	2023-11-23 17:00:15	1	0	1	0
           185	2023-11-23 17:00:25	1	0	1	0
           332	2023-11-23 17:00:37	1	0	1	0
            48	2023-11-23 17:00:43	1	0	1	0
           592	2023-11-23 17:01:11	1	0	1	0
           241	2023-11-23 17:01:16	1	0	1	0
           551	2023-11-23 17:01:22	1	0	1	0
           527	2023-11-23 17:01:30	1	0	1	0
           473	2023-11-23 17:04:11	1	0	1	0
            57	2023-11-23 17:04:17	1	0	1	0
           602	2023-11-23 17:04:24	1	0	1	0
           605	2023-11-23 17:04:31	1	0	1	0
           118	2023-11-23 17:05:18	1	0	1	0
           472	2023-11-23 17:05:23	1	0	1	0
           369	2023-11-23 17:07:50	1	0	1	0
           187	2023-11-23 17:08:01	1	0	1	0
           536	2023-11-23 17:08:10	1	0	1	0
           471	2023-11-23 17:08:29	1	0	1	0
           132	2023-11-23 17:14:50	1	0	1	0
           142	2023-11-23 17:14:59	1	0	1	0
            80	2023-11-23 17:38:32	1	0	1	0
           181	2023-11-23 17:51:43	1	0	1	0
           180	2023-11-23 17:52:31	1	0	1	0
           144	2023-11-23 17:53:34	1	0	1	0
           145	2023-11-23 17:55:20	1	0	1	0
           401	2023-11-23 18:00:42	1	0	1	0
            58	2023-11-24 06:07:50	1	0	1	0
           181	2023-11-24 07:04:07	1	0	1	0
           185	2023-11-24 07:25:49	1	0	1	0
           602	2023-11-24 07:37:03	1	0	1	0
           180	2023-11-24 07:37:10	1	0	1	0
            91	2023-11-24 07:37:57	1	0	1	0
            48	2023-11-24 07:44:43	1	0	1	0
           145	2023-11-24 07:46:25	1	0	1	0
           241	2023-11-24 07:47:55	1	0	1	0
           473	2023-11-24 07:48:21	1	0	1	0
           142	2023-11-24 07:49:46	1	0	1	0
           132	2023-11-24 07:50:03	1	0	1	0
           536	2023-11-24 07:52:01	1	0	1	0
           592	2023-11-24 07:52:13	1	0	1	0
           605	2023-11-24 07:52:54	1	0	1	0
           187	2023-11-24 07:53:35	1	0	1	0
            80	2023-11-24 07:55:18	1	0	1	0
           332	2023-11-24 07:55:25	1	0	1	0
           379	2023-11-24 07:55:33	1	0	1	0
           527	2023-11-24 07:56:10	1	0	1	0
           551	2023-11-24 07:57:48	1	0	1	0
           118	2023-11-24 08:02:43	1	0	1	0
           472	2023-11-24 08:04:55	1	0	1	0
           471	2023-11-24 08:05:02	1	0	1	0
            57	2023-11-24 08:06:40	1	0	1	0
           401	2023-11-24 08:19:06	1	0	1	0
           144	2023-11-24 08:21:00	1	0	1	0
            57	2023-11-24 12:00:03	1	0	1	0
            91	2023-11-24 12:00:15	1	0	1	0
           187	2023-11-24 12:00:22	1	0	1	0
            58	2023-11-24 12:00:28	1	0	1	0
            48	2023-11-24 12:00:34	1	0	1	0
           369	2023-11-24 12:00:47	1	0	1	0
           379	2023-11-24 12:00:52	1	0	1	0
           527	2023-11-24 12:00:58	1	0	1	0
           592	2023-11-24 12:01:05	1	0	1	0
           471	2023-11-24 12:01:31	1	0	1	0
           332	2023-11-24 12:01:48	1	0	1	0
           185	2023-11-24 12:02:07	1	0	1	0
           132	2023-11-24 12:02:33	1	0	1	0
           144	2023-11-24 12:02:57	1	0	1	0
           142	2023-11-24 12:03:04	1	0	1	0
           605	2023-11-24 12:03:20	1	0	1	0
           536	2023-11-24 12:03:25	1	0	1	0
           602	2023-11-24 12:03:33	1	0	1	0
           472	2023-11-24 12:05:02	1	0	1	0
           118	2023-11-24 12:05:11	1	0	1	0
           473	2023-11-24 12:07:44	1	0	1	0
            91	2023-11-24 12:15:18	1	0	1	0
            48	2023-11-24 12:19:13	1	0	1	0
            58	2023-11-24 12:19:21	1	0	1	0
           379	2023-11-24 12:19:29	1	0	1	0
           181	2023-11-24 12:19:59	1	0	1	0
           332	2023-11-24 12:21:27	1	0	1	0
           241	2023-11-24 12:21:38	1	0	1	0
           118	2023-11-24 12:25:38	1	0	1	0
           369	2023-11-24 12:27:00	1	0	1	0
           471	2023-11-24 12:27:20	1	0	1	0
           472	2023-11-24 12:27:50	1	0	1	0
           551	2023-11-24 12:28:26	1	0	1	0
            80	2023-11-24 12:28:34	1	0	1	0
           145	2023-11-24 12:30:09	1	0	1	0
           401	2023-11-24 12:30:15	1	0	1	0
           185	2023-11-24 12:30:53	1	0	1	0
           536	2023-11-24 12:31:53	1	0	1	0
           527	2023-11-24 12:31:58	1	0	1	0
           592	2023-11-24 12:39:56	1	0	1	0
           473	2023-11-24 12:41:01	1	0	1	0
           602	2023-11-24 12:41:51	1	0	1	0
           605	2023-11-24 12:42:49	1	0	1	0
           180	2023-11-24 12:44:27	1	0	1	0
           551	2023-11-24 12:45:58	1	0	1	0
            80	2023-11-24 12:46:04	1	0	1	0
           181	2023-11-24 12:46:09	1	0	1	0
           471	2023-11-24 12:46:18	1	0	1	0
           241	2023-11-24 12:51:33	1	0	1	0
           145	2023-11-24 12:52:02	1	0	1	0
           401	2023-11-24 12:52:09	1	0	1	0
           142	2023-11-24 12:52:47	1	0	1	0
           132	2023-11-24 12:52:54	1	0	1	0
           180	2023-11-24 12:59:36	1	0	1	0
           185	2023-11-24 17:00:05	1	0	1	0
           187	2023-11-24 17:00:09	1	0	1	0
           241	2023-11-24 17:00:14	1	0	1	0
           473	2023-11-24 17:00:33	1	0	1	0
           471	2023-11-24 17:00:38	1	0	1	0
            57	2023-11-24 17:00:53	1	0	1	0
           536	2023-11-24 17:01:01	1	0	1	0
            58	2023-11-24 17:01:09	1	0	1	0
            48	2023-11-24 17:01:16	1	0	1	0
           379	2023-11-24 17:01:28	1	0	1	0
           602	2023-11-24 17:01:33	1	0	1	0
           527	2023-11-24 17:01:43	1	0	1	0
           118	2023-11-24 17:01:49	1	0	1	0
           472	2023-11-24 17:02:04	1	0	1	0
           605	2023-11-24 17:02:10	1	0	1	0
           592	2023-11-24 17:04:15	1	0	1	0
           181	2023-11-24 17:05:15	1	0	1	0
           142	2023-11-24 17:06:43	1	0	1	0
           132	2023-11-24 17:06:52	1	0	1	0
           369	2023-11-24 17:10:41	1	0	1	0
            80	2023-11-24 17:11:34	1	0	1	0
           551	2023-11-24 17:11:38	1	0	1	0
           180	2023-11-24 17:19:57	1	0	1	0
            91	2023-11-24 17:25:17	1	0	1	0
           332	2023-11-24 17:28:11	1	0	1	0
           401	2023-11-24 17:47:06	1	0	1	0
           144	2023-11-24 17:55:57	1	0	1	0
           145	2023-11-24 18:10:37	1	0	1	0
            58	2023-11-28 06:16:04	1	0	1	0
           145	2023-11-28 07:16:00	1	0	1	0
           185	2023-11-28 07:26:44	1	0	1	0
            91	2023-11-28 07:27:44	1	0	1	0
           605	2023-11-28 07:29:25	1	0	1	0
           473	2023-11-28 07:34:09	1	0	1	0
           602	2023-11-28 07:36:01	1	0	1	0
           241	2023-11-28 07:39:55	1	0	1	0
           180	2023-11-28 07:40:09	1	0	1	0
           551	2023-11-28 07:44:06	1	0	1	0
           379	2023-11-28 07:47:06	1	0	1	0
           527	2023-11-28 07:52:11	1	0	1	0
           187	2023-11-28 07:52:26	1	0	1	0
           132	2023-11-28 07:52:35	1	0	1	0
           118	2023-11-28 07:53:36	1	0	1	0
           536	2023-11-28 07:53:45	1	0	1	0
           472	2023-11-28 07:59:03	1	0	1	0
           471	2023-11-28 07:59:10	1	0	1	0
           332	2023-11-28 07:59:45	1	0	1	0
            57	2023-11-28 08:00:15	1	0	1	0
            80	2023-11-28 08:01:10	1	0	1	0
           401	2023-11-28 08:03:31	1	0	1	0
           181	2023-11-28 08:39:23	1	0	1	0
           592	2023-11-28 09:03:57	1	0	1	0
           473	2023-11-28 11:59:52	1	0	1	0
           536	2023-11-28 12:00:04	1	0	1	0
           602	2023-11-28 12:00:53	1	0	1	0
           132	2023-11-28 12:00:59	1	0	1	0
           379	2023-11-28 12:01:06	1	0	1	0
           605	2023-11-28 12:01:18	1	0	1	0
            57	2023-11-28 12:02:13	1	0	1	0
           118	2023-11-28 12:02:21	1	0	1	0
           332	2023-11-28 12:03:25	1	0	1	0
           471	2023-11-28 12:03:35	1	0	1	0
            80	2023-11-28 12:04:29	1	0	1	0
           551	2023-11-28 12:04:33	1	0	1	0
            58	2023-11-28 12:04:59	1	0	1	0
           180	2023-11-28 12:05:46	1	0	1	0
           185	2023-11-28 12:05:52	1	0	1	0
           181	2023-11-28 12:06:56	1	0	1	0
           241	2023-11-28 12:09:36	1	0	1	0
           592	2023-11-28 12:09:42	1	0	1	0
           527	2023-11-28 12:10:33	1	0	1	0
           472	2023-11-28 12:11:47	1	0	1	0
           187	2023-11-28 12:16:05	1	0	1	0
           369	2023-11-28 12:17:00	1	0	1	0
            57	2023-11-28 12:18:38	1	0	1	0
           471	2023-11-28 12:19:49	1	0	1	0
           602	2023-11-28 12:20:00	1	0	1	0
           473	2023-11-28 12:20:03	1	0	1	0
           605	2023-11-28 12:20:08	1	0	1	0
            91	2023-11-28 12:21:44	1	0	1	0
           180	2023-11-28 12:22:24	1	0	1	0
           181	2023-11-28 12:22:28	1	0	1	0
           185	2023-11-28 12:22:32	1	0	1	0
           332	2023-11-28 12:24:10	1	0	1	0
           145	2023-11-28 12:25:14	1	0	1	0
           118	2023-11-28 12:25:57	1	0	1	0
           401	2023-11-28 12:26:06	1	0	1	0
           551	2023-11-28 12:26:37	1	0	1	0
            80	2023-11-28 12:26:54	1	0	1	0
           472	2023-11-28 12:32:54	1	0	1	0
           536	2023-11-28 12:33:01	1	0	1	0
           527	2023-11-28 12:33:06	1	0	1	0
            91	2023-11-28 12:40:39	1	0	1	0
           592	2023-11-28 12:47:48	1	0	1	0
           187	2023-11-28 12:48:16	1	0	1	0
           142	2023-11-28 12:50:30	1	0	1	0
           132	2023-11-28 12:50:37	1	0	1	0
           145	2023-11-28 12:52:02	1	0	1	0
           401	2023-11-28 12:52:07	1	0	1	0
           379	2023-11-28 12:52:19	1	0	1	0
            57	2023-11-28 17:00:34	1	0	1	0
           536	2023-11-28 17:00:43	1	0	1	0
           185	2023-11-28 17:00:51	1	0	1	0
            91	2023-11-28 17:00:54	1	0	1	0
           592	2023-11-28 17:01:09	1	0	1	0
           181	2023-11-28 17:01:16	1	0	1	0
           379	2023-11-28 17:01:24	1	0	1	0
            58	2023-11-28 17:01:40	1	0	1	0
           527	2023-11-28 17:02:00	1	0	1	0
           241	2023-11-28 17:02:03	1	0	1	0
           473	2023-11-28 17:03:45	1	0	1	0
           602	2023-11-28 17:05:56	1	0	1	0
           605	2023-11-28 17:06:02	1	0	1	0
           118	2023-11-28 17:06:26	1	0	1	0
           471	2023-11-28 17:06:55	1	0	1	0
           472	2023-11-28 17:07:50	1	0	1	0
           187	2023-11-28 17:10:29	1	0	1	0
            80	2023-11-28 17:14:26	1	0	1	0
           180	2023-11-28 17:23:01	1	0	1	0
           332	2023-11-28 17:26:29	1	0	1	0
           142	2023-11-28 17:46:13	1	0	1	0
           132	2023-11-28 17:46:22	1	0	1	0
           145	2023-11-28 17:48:05	1	0	1	0
           401	2023-11-28 17:48:13	1	0	1	0
           369	2023-11-28 17:53:50	1	0	1	0
            58	2023-11-29 06:13:28	1	0	1	0
            91	2023-11-29 07:18:48	1	0	1	0
           185	2023-11-29 07:19:05	1	0	1	0
            80	2023-11-29 07:26:10	1	0	1	0
           527	2023-11-29 07:34:33	1	0	1	0
           145	2023-11-29 07:35:37	1	0	1	0
           241	2023-11-29 07:36:01	1	0	1	0
           602	2023-11-29 07:38:12	1	0	1	0
           180	2023-11-29 07:38:25	1	0	1	0
           379	2023-11-29 07:39:37	1	0	1	0
           187	2023-11-29 07:41:52	1	0	1	0
           142	2023-11-29 07:47:29	1	0	1	0
           132	2023-11-29 07:48:06	1	0	1	0
           605	2023-11-29 07:49:20	1	0	1	0
           473	2023-11-29 07:51:39	1	0	1	0
           551	2023-11-29 07:51:56	1	0	1	0
           118	2023-11-29 07:54:12	1	0	1	0
           181	2023-11-29 07:55:50	1	0	1	0
           536	2023-11-29 07:56:35	1	0	1	0
            57	2023-11-29 07:56:42	1	0	1	0
           592	2023-11-29 07:59:09	1	0	1	0
           332	2023-11-29 07:59:20	1	0	1	0
           401	2023-11-29 08:02:49	1	0	1	0
           369	2023-11-29 08:31:58	1	0	1	0
           144	2023-11-29 08:59:28	1	0	1	0
           379	2023-11-29 12:01:04	1	0	1	0
           180	2023-11-29 12:01:10	1	0	1	0
           241	2023-11-29 12:03:54	1	0	1	0
            91	2023-11-29 12:04:06	1	0	1	0
            80	2023-11-29 12:04:24	1	0	1	0
           185	2023-11-29 12:05:17	1	0	1	0
           181	2023-11-29 12:05:23	1	0	1	0
           527	2023-11-29 12:05:30	1	0	1	0
           536	2023-11-29 12:05:36	1	0	1	0
           142	2023-11-29 12:05:46	1	0	1	0
           369	2023-11-29 12:05:54	1	0	1	0
            58	2023-11-29 12:06:57	1	0	1	0
           592	2023-11-29 12:07:48	1	0	1	0
           332	2023-11-29 12:08:16	1	0	1	0
           602	2023-11-29 12:08:32	1	0	1	0
           473	2023-11-29 12:08:35	1	0	1	0
           605	2023-11-29 12:08:40	1	0	1	0
           118	2023-11-29 12:08:52	1	0	1	0
           132	2023-11-29 12:12:05	1	0	1	0
           144	2023-11-29 12:12:36	1	0	1	0
           187	2023-11-29 12:17:07	1	0	1	0
           145	2023-11-29 12:17:38	1	0	1	0
           401	2023-11-29 12:17:46	1	0	1	0
           180	2023-11-29 12:18:39	1	0	1	0
            80	2023-11-29 12:19:27	1	0	1	0
           142	2023-11-29 12:21:06	1	0	1	0
            58	2023-11-29 12:23:47	1	0	1	0
           369	2023-11-29 12:27:23	1	0	1	0
            91	2023-11-29 12:29:09	1	0	1	0
           241	2023-11-29 12:29:16	1	0	1	0
           181	2023-11-29 12:29:22	1	0	1	0
           185	2023-11-29 12:29:26	1	0	1	0
           602	2023-11-29 12:31:07	1	0	1	0
           473	2023-11-29 12:31:10	1	0	1	0
           605	2023-11-29 12:31:15	1	0	1	0
           332	2023-11-29 12:31:25	1	0	1	0
           118	2023-11-29 12:31:42	1	0	1	0
           145	2023-11-29 12:33:03	1	0	1	0
           401	2023-11-29 12:33:09	1	0	1	0
            57	2023-11-29 12:38:31	1	0	1	0
           592	2023-11-29 12:39:20	1	0	1	0
           187	2023-11-29 12:41:30	1	0	1	0
           536	2023-11-29 12:47:04	1	0	1	0
           379	2023-11-29 12:49:01	1	0	1	0
           527	2023-11-29 12:52:16	1	0	1	0
           132	2023-11-29 12:55:44	1	0	1	0
            58	2023-11-29 17:01:08	1	0	1	0
           241	2023-11-29 17:01:15	1	0	1	0
           187	2023-11-29 17:01:30	1	0	1	0
            57	2023-11-29 17:02:50	1	0	1	0
           379	2023-11-29 17:02:54	1	0	1	0
           536	2023-11-29 17:03:07	1	0	1	0
           527	2023-11-29 17:03:29	1	0	1	0
           592	2023-11-29 17:04:00	1	0	1	0
           602	2023-11-29 17:04:09	1	0	1	0
           118	2023-11-29 17:04:15	1	0	1	0
           185	2023-11-29 17:05:35	1	0	1	0
           181	2023-11-29 17:05:42	1	0	1	0
            80	2023-11-29 17:06:38	1	0	1	0
           605	2023-11-29 17:08:12	1	0	1	0
           473	2023-11-29 17:08:18	1	0	1	0
            91	2023-11-29 17:11:59	1	0	1	0
           132	2023-11-29 17:28:43	1	0	1	0
           142	2023-11-29 17:28:53	1	0	1	0
           332	2023-11-29 17:29:00	1	0	1	0
           145	2023-11-29 17:35:16	1	0	1	0
           401	2023-11-29 17:41:07	1	0	1	0
           180	2023-11-29 19:22:28	1	0	1	0
           369	2023-11-29 19:53:46	1	0	1	0
           144	2023-11-29 19:59:10	1	0	1	0
            58	2023-11-30 06:05:54	1	0	1	0
           369	2023-11-30 07:02:33	1	0	1	0
            91	2023-11-30 07:24:43	1	0	1	0
           185	2023-11-30 07:24:58	1	0	1	0
           602	2023-11-30 07:30:13	1	0	1	0
           145	2023-11-30 07:30:54	1	0	1	0
           181	2023-11-30 07:36:30	1	0	1	0
           180	2023-11-30 07:37:00	1	0	1	0
           592	2023-11-30 07:40:50	1	0	1	0
           241	2023-11-30 07:44:37	1	0	1	0
           379	2023-11-30 07:44:44	1	0	1	0
           187	2023-11-30 07:46:11	1	0	1	0
           605	2023-11-30 07:47:32	1	0	1	0
           471	2023-11-30 07:53:41	1	0	1	0
           536	2023-11-30 07:53:48	1	0	1	0
           473	2023-11-30 07:54:08	1	0	1	0
            57	2023-11-30 07:54:26	1	0	1	0
           118	2023-11-30 07:56:23	1	0	1	0
           332	2023-11-30 07:58:03	1	0	1	0
           142	2023-11-30 07:58:11	1	0	1	0
           132	2023-11-30 07:58:16	1	0	1	0
           527	2023-11-30 07:58:24	1	0	1	0
           551	2023-11-30 08:00:02	1	0	1	0
            80	2023-11-30 08:00:51	1	0	1	0
           144	2023-11-30 08:15:21	1	0	1	0
            57	2023-11-30 12:00:10	1	0	1	0
           379	2023-11-30 12:01:48	1	0	1	0
           473	2023-11-30 12:02:15	1	0	1	0
           602	2023-11-30 12:02:23	1	0	1	0
           605	2023-11-30 12:02:27	1	0	1	0
           471	2023-11-30 12:02:37	1	0	1	0
           118	2023-11-30 12:02:41	1	0	1	0
            80	2023-11-30 12:03:10	1	0	1	0
           551	2023-11-30 12:03:15	1	0	1	0
           142	2023-11-30 12:03:26	1	0	1	0
           132	2023-11-30 12:03:32	1	0	1	0
           527	2023-11-30 12:03:52	1	0	1	0
           145	2023-11-30 12:05:37	1	0	1	0
           369	2023-11-30 12:05:50	1	0	1	0
           592	2023-11-30 12:07:14	1	0	1	0
            58	2023-11-30 12:07:39	1	0	1	0
           180	2023-11-30 12:09:38	1	0	1	0
           536	2023-11-30 12:09:44	1	0	1	0
           332	2023-11-30 12:11:36	1	0	1	0
           185	2023-11-30 12:12:56	1	0	1	0
           181	2023-11-30 12:13:01	1	0	1	0
           241	2023-11-30 12:13:06	1	0	1	0
            80	2023-11-30 12:18:35	1	0	1	0
           551	2023-11-30 12:18:49	1	0	1	0
           132	2023-11-30 12:23:05	1	0	1	0
           187	2023-11-30 12:23:12	1	0	1	0
            58	2023-11-30 12:23:41	1	0	1	0
           144	2023-11-30 12:25:20	1	0	1	0
           118	2023-11-30 12:35:11	1	0	1	0
           602	2023-11-30 12:35:14	1	0	1	0
           605	2023-11-30 12:35:18	1	0	1	0
           527	2023-11-30 12:35:26	1	0	1	0
           241	2023-11-30 12:37:58	1	0	1	0
           473	2023-11-30 12:41:02	1	0	1	0
           180	2023-11-30 12:42:15	1	0	1	0
           536	2023-11-30 12:42:20	1	0	1	0
           181	2023-11-30 12:42:41	1	0	1	0
           185	2023-11-30 12:42:44	1	0	1	0
           369	2023-11-30 12:43:09	1	0	1	0
           187	2023-11-30 12:43:25	1	0	1	0
           332	2023-11-30 12:43:53	1	0	1	0
           145	2023-11-30 12:47:27	1	0	1	0
           592	2023-11-30 12:49:51	1	0	1	0
            57	2023-11-30 12:50:27	1	0	1	0
           471	2023-11-30 12:53:36	1	0	1	0
           379	2023-11-30 12:53:47	1	0	1	0
           144	2023-11-30 12:58:00	1	0	1	0
            58	2023-11-30 17:00:15	1	0	1	0
           592	2023-11-30 17:00:54	1	0	1	0
           527	2023-11-30 17:02:41	1	0	1	0
           181	2023-11-30 17:03:12	1	0	1	0
           379	2023-11-30 17:03:57	1	0	1	0
           187	2023-11-30 17:04:13	1	0	1	0
           180	2023-11-30 17:07:48	1	0	1	0
            57	2023-11-30 17:08:29	1	0	1	0
           536	2023-11-30 17:08:58	1	0	1	0
           369	2023-11-30 17:14:54	1	0	1	0
           132	2023-11-30 17:17:33	1	0	1	0
           142	2023-11-30 17:17:41	1	0	1	0
           471	2023-11-30 17:20:45	1	0	1	0
           473	2023-11-30 17:28:21	1	0	1	0
           241	2023-11-30 17:28:25	1	0	1	0
           602	2023-11-30 17:28:35	1	0	1	0
           605	2023-11-30 17:28:45	1	0	1	0
           118	2023-11-30 17:30:18	1	0	1	0
           332	2023-11-30 17:54:46	1	0	1	0
           145	2023-11-30 17:59:36	1	0	1	0
            91	2023-11-30 18:02:32	1	0	1	0
           185	2023-11-30 18:03:07	1	0	1	0
           144	2023-11-30 18:05:12	1	0	1	0
            58	2023-12-01 06:07:58	1	0	1	0
           187	2023-12-01 07:10:00	1	0	1	0
           185	2023-12-01 07:18:45	1	0	1	0
            91	2023-12-01 07:19:05	1	0	1	0
           145	2023-12-01 07:29:33	1	0	1	0
           592	2023-12-01 07:40:25	1	0	1	0
           602	2023-12-01 07:41:27	1	0	1	0
           379	2023-12-01 07:44:10	1	0	1	0
           471	2023-12-01 07:44:17	1	0	1	0
           118	2023-12-01 07:45:23	1	0	1	0
           551	2023-12-01 07:45:35	1	0	1	0
           527	2023-12-01 07:47:11	1	0	1	0
           473	2023-12-01 07:50:11	1	0	1	0
           241	2023-12-01 07:56:34	1	0	1	0
           605	2023-12-01 07:56:52	1	0	1	0
           180	2023-12-01 07:58:50	1	0	1	0
           369	2023-12-01 07:58:59	1	0	1	0
           536	2023-12-01 07:59:05	1	0	1	0
           142	2023-12-01 07:59:50	1	0	1	0
           332	2023-12-01 08:01:40	1	0	1	0
           132	2023-12-01 08:01:43	1	0	1	0
           181	2023-12-01 08:02:30	1	0	1	0
            80	2023-12-01 08:03:52	1	0	1	0
            57	2023-12-01 08:06:53	1	0	1	0
           144	2023-12-01 08:22:57	1	0	1	0
           471	2023-12-01 12:00:48	1	0	1	0
           473	2023-12-01 12:00:50	1	0	1	0
           551	2023-12-01 12:01:17	1	0	1	0
           142	2023-12-01 12:01:46	1	0	1	0
           132	2023-12-01 12:01:59	1	0	1	0
           181	2023-12-01 12:02:23	1	0	1	0
           180	2023-12-01 12:02:29	1	0	1	0
           536	2023-12-01 12:02:34	1	0	1	0
           527	2023-12-01 12:02:40	1	0	1	0
           185	2023-12-01 12:03:19	1	0	1	0
           241	2023-12-01 12:05:34	1	0	1	0
            57	2023-12-01 12:05:53	1	0	1	0
           379	2023-12-01 12:07:38	1	0	1	0
           602	2023-12-01 12:07:49	1	0	1	0
           605	2023-12-01 12:08:08	1	0	1	0
           145	2023-12-01 12:08:47	1	0	1	0
           144	2023-12-01 12:15:20	1	0	1	0
           551	2023-12-01 12:16:21	1	0	1	0
           473	2023-12-01 12:18:06	1	0	1	0
            80	2023-12-01 12:25:29	1	0	1	0
           241	2023-12-01 12:32:13	1	0	1	0
            57	2023-12-01 12:35:00	1	0	1	0
           332	2023-12-01 12:36:57	1	0	1	0
           602	2023-12-01 12:37:01	1	0	1	0
           605	2023-12-01 12:37:06	1	0	1	0
           471	2023-12-01 12:37:15	1	0	1	0
           181	2023-12-01 12:38:39	1	0	1	0
           536	2023-12-01 12:41:16	1	0	1	0
           527	2023-12-01 12:41:21	1	0	1	0
           379	2023-12-01 12:43:17	1	0	1	0
           185	2023-12-01 12:46:45	1	0	1	0
           592	2023-12-01 12:49:31	1	0	1	0
           180	2023-12-01 12:49:38	1	0	1	0
            80	2023-12-01 12:49:45	1	0	1	0
           144	2023-12-01 12:49:59	1	0	1	0
           145	2023-12-01 12:50:54	1	0	1	0
           332	2023-12-01 12:52:01	1	0	1	0
           132	2023-12-01 12:53:33	1	0	1	0
           142	2023-12-01 12:53:37	1	0	1	0
            57	2023-12-01 17:00:06	1	0	1	0
            58	2023-12-01 17:00:15	1	0	1	0
           187	2023-12-01 17:00:23	1	0	1	0
           241	2023-12-01 17:00:38	1	0	1	0
           369	2023-12-01 17:00:59	1	0	1	0
           379	2023-12-01 17:01:08	1	0	1	0
           181	2023-12-01 17:02:42	1	0	1	0
           536	2023-12-01 17:02:52	1	0	1	0
           471	2023-12-01 17:03:12	1	0	1	0
           180	2023-12-01 17:03:25	1	0	1	0
           605	2023-12-01 17:07:33	1	0	1	0
           142	2023-12-01 17:07:44	1	0	1	0
           132	2023-12-01 17:07:50	1	0	1	0
           118	2023-12-01 17:08:51	1	0	1	0
           602	2023-12-01 17:10:17	1	0	1	0
           592	2023-12-01 17:10:39	1	0	1	0
           332	2023-12-01 17:19:40	1	0	1	0
           185	2023-12-01 17:28:06	1	0	1	0
           527	2023-12-01 17:31:27	1	0	1	0
            80	2023-12-01 17:36:24	1	0	1	0
           473	2023-12-01 17:42:19	1	0	1	0
           144	2023-12-01 17:50:43	1	0	1	0
           145	2023-12-01 17:55:16	1	0	1	0
            91	2023-12-01 18:10:12	1	0	1	0
            58	2023-12-04 06:11:46	1	0	1	0
           187	2023-12-04 07:16:19	1	0	1	0
           473	2023-12-04 07:22:06	1	0	1	0
           185	2023-12-04 07:25:09	1	0	1	0
            91	2023-12-04 07:25:49	1	0	1	0
           551	2023-12-04 07:35:34	1	0	1	0
           602	2023-12-04 07:36:18	1	0	1	0
           145	2023-12-04 07:37:31	1	0	1	0
           181	2023-12-04 07:40:10	1	0	1	0
           369	2023-12-04 07:42:25	1	0	1	0
           605	2023-12-04 07:42:32	1	0	1	0
           527	2023-12-04 07:43:04	1	0	1	0
           379	2023-12-04 07:48:34	1	0	1	0
           536	2023-12-04 07:50:49	1	0	1	0
           180	2023-12-04 07:53:08	1	0	1	0
           592	2023-12-04 07:54:15	1	0	1	0
            57	2023-12-04 07:58:50	1	0	1	0
           142	2023-12-04 07:59:20	1	0	1	0
           132	2023-12-04 07:59:24	1	0	1	0
            80	2023-12-04 08:02:21	1	0	1	0
           472	2023-12-04 08:05:15	1	0	1	0
           471	2023-12-04 08:05:21	1	0	1	0
           144	2023-12-04 08:16:43	1	0	1	0
           401	2023-12-04 08:32:59	1	0	1	0
           332	2023-12-04 10:33:29	1	0	1	0
           472	2023-12-04 12:00:36	1	0	1	0
           379	2023-12-04 12:00:48	1	0	1	0
            80	2023-12-04 12:01:39	1	0	1	0
           551	2023-12-04 12:01:42	1	0	1	0
           132	2023-12-04 12:01:58	1	0	1	0
            58	2023-12-04 12:02:19	1	0	1	0
           473	2023-12-04 12:02:26	1	0	1	0
           187	2023-12-04 12:02:36	1	0	1	0
           142	2023-12-04 12:02:50	1	0	1	0
           241	2023-12-04 12:03:38	1	0	1	0
           592	2023-12-04 12:03:53	1	0	1	0
           605	2023-12-04 12:04:41	1	0	1	0
           602	2023-12-04 12:04:45	1	0	1	0
           471	2023-12-04 12:05:14	1	0	1	0
           181	2023-12-04 12:05:29	1	0	1	0
           180	2023-12-04 12:05:35	1	0	1	0
           145	2023-12-04 12:09:05	1	0	1	0
           401	2023-12-04 12:09:10	1	0	1	0
           332	2023-12-04 12:10:39	1	0	1	0
            91	2023-12-04 12:10:44	1	0	1	0
           185	2023-12-04 12:11:00	1	0	1	0
            57	2023-12-04 12:11:28	1	0	1	0
           527	2023-12-04 12:11:57	1	0	1	0
           536	2023-12-04 12:12:00	1	0	1	0
           472	2023-12-04 12:15:40	1	0	1	0
           551	2023-12-04 12:19:09	1	0	1	0
            80	2023-12-04 12:19:13	1	0	1	0
           471	2023-12-04 12:23:24	1	0	1	0
           180	2023-12-04 12:26:45	1	0	1	0
           602	2023-12-04 12:27:26	1	0	1	0
           473	2023-12-04 12:27:29	1	0	1	0
           605	2023-12-04 12:27:47	1	0	1	0
           369	2023-12-04 12:30:16	1	0	1	0
           144	2023-12-04 12:30:23	1	0	1	0
            58	2023-12-04 12:32:38	1	0	1	0
            57	2023-12-04 12:32:54	1	0	1	0
           332	2023-12-04 12:38:55	1	0	1	0
           527	2023-12-04 12:43:48	1	0	1	0
           536	2023-12-04 12:43:55	1	0	1	0
           592	2023-12-04 12:49:23	1	0	1	0
           187	2023-12-04 12:51:32	1	0	1	0
           401	2023-12-04 12:51:39	1	0	1	0
           369	2023-12-04 12:51:55	1	0	1	0
           145	2023-12-04 12:52:00	1	0	1	0
           144	2023-12-04 12:52:47	1	0	1	0
           241	2023-12-04 12:53:57	1	0	1	0
            91	2023-12-04 12:57:13	1	0	1	0
           181	2023-12-04 12:57:28	1	0	1	0
           185	2023-12-04 12:57:38	1	0	1	0
           379	2023-12-04 12:58:03	1	0	1	0
           142	2023-12-04 13:03:40	1	0	1	0
           132	2023-12-04 13:03:44	1	0	1	0
            57	2023-12-04 17:00:42	1	0	1	0
            58	2023-12-04 17:00:57	1	0	1	0
           132	2023-12-04 17:01:06	1	0	1	0
           142	2023-12-04 17:01:36	1	0	1	0
           551	2023-12-04 17:02:10	1	0	1	0
           379	2023-12-04 17:02:23	1	0	1	0
           473	2023-12-04 17:03:12	1	0	1	0
           241	2023-12-04 17:03:16	1	0	1	0
           369	2023-12-04 17:04:53	1	0	1	0
           536	2023-12-04 17:05:16	1	0	1	0
           592	2023-12-04 17:05:51	1	0	1	0
           332	2023-12-04 17:06:06	1	0	1	0
           527	2023-12-04 17:06:13	1	0	1	0
           471	2023-12-04 17:06:32	1	0	1	0
           602	2023-12-04 17:06:38	1	0	1	0
           472	2023-12-04 17:06:52	1	0	1	0
           605	2023-12-04 17:06:58	1	0	1	0
            80	2023-12-04 17:34:15	1	0	1	0
           401	2023-12-04 17:41:45	1	0	1	0
           144	2023-12-04 17:58:27	1	0	1	0
           145	2023-12-04 17:59:21	1	0	1	0
           181	2023-12-04 18:11:01	1	0	1	0
           187	2023-12-04 18:11:30	1	0	1	0
           180	2023-12-04 18:16:08	1	0	1	0
           185	2023-12-04 18:19:10	1	0	1	0
            91	2023-12-04 18:20:17	1	0	1	0
            58	2023-12-05 06:12:33	1	0	1	0
           185	2023-12-05 07:22:55	1	0	1	0
            91	2023-12-05 07:23:52	1	0	1	0
           602	2023-12-05 07:26:40	1	0	1	0
           118	2023-12-05 07:30:42	1	0	1	0
           473	2023-12-05 07:32:31	1	0	1	0
           180	2023-12-05 07:33:29	1	0	1	0
           551	2023-12-05 07:34:54	1	0	1	0
           145	2023-12-05 07:36:48	1	0	1	0
           379	2023-12-05 07:37:37	1	0	1	0
           605	2023-12-05 07:42:49	1	0	1	0
           527	2023-12-05 07:46:05	1	0	1	0
           181	2023-12-05 07:55:06	1	0	1	0
           536	2023-12-05 07:55:31	1	0	1	0
           132	2023-12-05 07:56:37	1	0	1	0
           142	2023-12-05 07:56:41	1	0	1	0
           144	2023-12-05 07:57:19	1	0	1	0
           187	2023-12-05 07:58:59	1	0	1	0
            57	2023-12-05 08:03:24	1	0	1	0
            80	2023-12-05 08:05:11	1	0	1	0
           332	2023-12-05 08:05:13	1	0	1	0
           241	2023-12-05 08:08:09	1	0	1	0
           472	2023-12-05 08:10:08	1	0	1	0
           471	2023-12-05 08:10:13	1	0	1	0
           401	2023-12-05 08:18:30	1	0	1	0
           369	2023-12-05 08:28:19	1	0	1	0
           369	2023-12-05 12:00:12	1	0	1	0
           473	2023-12-05 12:00:19	1	0	1	0
           472	2023-12-05 12:00:49	1	0	1	0
            80	2023-12-05 12:02:05	1	0	1	0
           551	2023-12-05 12:02:09	1	0	1	0
           379	2023-12-05 12:02:43	1	0	1	0
           142	2023-12-05 12:02:47	1	0	1	0
           132	2023-12-05 12:04:04	1	0	1	0
           241	2023-12-05 12:04:45	1	0	1	0
           592	2023-12-05 12:04:54	1	0	1	0
           471	2023-12-05 12:05:17	1	0	1	0
           602	2023-12-05 12:05:22	1	0	1	0
           605	2023-12-05 12:05:37	1	0	1	0
           180	2023-12-05 12:06:15	1	0	1	0
           536	2023-12-05 12:06:20	1	0	1	0
            57	2023-12-05 12:07:37	1	0	1	0
           332	2023-12-05 12:07:42	1	0	1	0
           181	2023-12-05 12:08:32	1	0	1	0
            58	2023-12-05 12:18:02	1	0	1	0
           473	2023-12-05 12:18:43	1	0	1	0
           369	2023-12-05 12:21:37	1	0	1	0
            57	2023-12-05 12:23:19	1	0	1	0
           472	2023-12-05 12:23:24	1	0	1	0
           471	2023-12-05 12:23:29	1	0	1	0
           132	2023-12-05 12:23:35	1	0	1	0
           142	2023-12-05 12:23:43	1	0	1	0
           185	2023-12-05 12:25:18	1	0	1	0
           401	2023-12-05 12:27:02	1	0	1	0
           241	2023-12-05 12:30:47	1	0	1	0
           144	2023-12-05 12:33:27	1	0	1	0
           527	2023-12-05 12:37:04	1	0	1	0
            80	2023-12-05 12:37:27	1	0	1	0
           551	2023-12-05 12:37:31	1	0	1	0
           602	2023-12-05 12:38:17	1	0	1	0
           145	2023-12-05 12:38:27	1	0	1	0
           187	2023-12-05 12:39:31	1	0	1	0
           180	2023-12-05 12:42:28	1	0	1	0
           605	2023-12-05 12:43:44	1	0	1	0
           332	2023-12-05 12:47:06	1	0	1	0
           181	2023-12-05 12:53:06	1	0	1	0
           185	2023-12-05 12:53:20	1	0	1	0
           536	2023-12-05 12:53:27	1	0	1	0
           527	2023-12-05 12:53:33	1	0	1	0
           401	2023-12-05 12:55:05	1	0	1	0
           592	2023-12-05 12:55:34	1	0	1	0
           187	2023-12-05 12:56:12	1	0	1	0
           145	2023-12-05 12:56:25	1	0	1	0
           144	2023-12-05 12:56:36	1	0	1	0
           379	2023-12-05 12:57:50	1	0	1	0
            57	2023-12-05 17:00:40	1	0	1	0
           551	2023-12-05 17:01:45	1	0	1	0
            58	2023-12-05 17:04:00	1	0	1	0
           471	2023-12-05 17:04:07	1	0	1	0
           472	2023-12-05 17:04:19	1	0	1	0
           473	2023-12-05 17:04:33	1	0	1	0
           602	2023-12-05 17:04:42	1	0	1	0
           187	2023-12-05 17:05:02	1	0	1	0
           592	2023-12-05 17:05:33	1	0	1	0
            80	2023-12-05 17:07:20	1	0	1	0
           605	2023-12-05 17:08:24	1	0	1	0
           369	2023-12-05 17:10:01	1	0	1	0
           132	2023-12-05 17:10:21	1	0	1	0
           379	2023-12-05 17:11:28	1	0	1	0
           142	2023-12-05 17:18:35	1	0	1	0
           241	2023-12-05 17:23:14	1	0	1	0
           180	2023-12-05 17:33:43	1	0	1	0
           536	2023-12-05 17:39:17	1	0	1	0
           181	2023-12-05 17:39:31	1	0	1	0
           527	2023-12-05 17:39:46	1	0	1	0
           145	2023-12-05 17:47:27	1	0	1	0
           401	2023-12-05 17:47:34	1	0	1	0
           144	2023-12-05 17:47:50	1	0	1	0
            91	2023-12-05 18:03:34	1	0	1	0
           118	2023-12-05 18:05:11	1	0	1	0
           185	2023-12-05 18:11:38	1	0	1	0
           332	2023-12-05 21:12:13	1	0	1	0
            58	2023-12-06 06:15:20	1	0	1	0
           187	2023-12-06 07:13:56	1	0	1	0
           527	2023-12-06 07:31:41	1	0	1	0
            91	2023-12-06 07:34:18	1	0	1	0
           185	2023-12-06 07:39:23	1	0	1	0
           118	2023-12-06 07:40:03	1	0	1	0
           379	2023-12-06 07:41:34	1	0	1	0
           145	2023-12-06 07:43:41	1	0	1	0
           602	2023-12-06 07:44:38	1	0	1	0
           181	2023-12-06 07:45:02	1	0	1	0
           241	2023-12-06 07:46:56	1	0	1	0
           605	2023-12-06 07:50:15	1	0	1	0
           473	2023-12-06 07:56:39	1	0	1	0
           536	2023-12-06 07:57:30	1	0	1	0
            48	2023-12-06 07:57:38	1	0	1	0
           180	2023-12-06 07:57:48	1	0	1	0
           592	2023-12-06 07:59:03	1	0	1	0
            57	2023-12-06 08:01:43	1	0	1	0
           142	2023-12-06 08:05:03	1	0	1	0
            80	2023-12-06 08:05:25	1	0	1	0
           132	2023-12-06 08:06:20	1	0	1	0
           472	2023-12-06 08:06:25	1	0	1	0
           471	2023-12-06 08:06:31	1	0	1	0
           144	2023-12-06 08:08:37	1	0	1	0
           369	2023-12-06 08:27:14	1	0	1	0
           401	2023-12-06 08:28:00	1	0	1	0
           332	2023-12-06 09:07:16	1	0	1	0
           473	2023-12-06 12:00:15	1	0	1	0
           379	2023-12-06 12:02:55	1	0	1	0
           472	2023-12-06 12:04:32	1	0	1	0
           471	2023-12-06 12:06:24	1	0	1	0
           605	2023-12-06 12:06:32	1	0	1	0
           592	2023-12-06 12:06:41	1	0	1	0
           602	2023-12-06 12:06:45	1	0	1	0
           241	2023-12-06 12:07:12	1	0	1	0
           527	2023-12-06 12:07:22	1	0	1	0
            80	2023-12-06 12:07:27	1	0	1	0
           132	2023-12-06 12:07:49	1	0	1	0
           142	2023-12-06 12:07:54	1	0	1	0
            58	2023-12-06 12:08:48	1	0	1	0
           180	2023-12-06 12:10:36	1	0	1	0
           536	2023-12-06 12:10:42	1	0	1	0
           187	2023-12-06 12:14:04	1	0	1	0
            48	2023-12-06 12:14:10	1	0	1	0
           369	2023-12-06 12:21:15	1	0	1	0
           144	2023-12-06 12:22:30	1	0	1	0
           132	2023-12-06 12:23:12	1	0	1	0
           142	2023-12-06 12:24:28	1	0	1	0
            58	2023-12-06 12:29:55	1	0	1	0
           401	2023-12-06 12:30:06	1	0	1	0
           145	2023-12-06 12:31:22	1	0	1	0
           241	2023-12-06 12:32:11	1	0	1	0
           471	2023-12-06 12:32:42	1	0	1	0
           180	2023-12-06 12:33:45	1	0	1	0
           527	2023-12-06 12:34:54	1	0	1	0
           605	2023-12-06 12:36:47	1	0	1	0
           332	2023-12-06 12:37:36	1	0	1	0
           472	2023-12-06 12:38:22	1	0	1	0
           473	2023-12-06 12:38:34	1	0	1	0
            57	2023-12-06 12:40:27	1	0	1	0
           602	2023-12-06 12:40:56	1	0	1	0
            48	2023-12-06 12:41:31	1	0	1	0
           187	2023-12-06 12:41:53	1	0	1	0
           536	2023-12-06 12:45:22	1	0	1	0
           181	2023-12-06 12:45:55	1	0	1	0
           185	2023-12-06 12:45:59	1	0	1	0
            80	2023-12-06 12:49:59	1	0	1	0
           379	2023-12-06 12:52:29	1	0	1	0
           592	2023-12-06 12:53:31	1	0	1	0
           145	2023-12-06 12:54:29	1	0	1	0
           401	2023-12-06 12:54:35	1	0	1	0
            57	2023-12-06 12:55:38	1	0	1	0
           144	2023-12-06 12:57:46	1	0	1	0
           332	2023-12-06 12:59:01	1	0	1	0
           132	2023-12-06 13:04:43	1	0	1	0
            57	2023-12-06 17:00:05	1	0	1	0
            58	2023-12-06 17:00:13	1	0	1	0
            48	2023-12-06 17:00:18	1	0	1	0
           142	2023-12-06 17:01:59	1	0	1	0
           379	2023-12-06 17:02:08	1	0	1	0
           241	2023-12-06 17:02:16	1	0	1	0
           132	2023-12-06 17:02:28	1	0	1	0
           369	2023-12-06 17:04:10	1	0	1	0
           181	2023-12-06 17:06:02	1	0	1	0
           185	2023-12-06 17:07:42	1	0	1	0
           472	2023-12-06 17:08:12	1	0	1	0
           471	2023-12-06 17:08:33	1	0	1	0
           536	2023-12-06 17:08:50	1	0	1	0
           473	2023-12-06 17:11:28	1	0	1	0
           187	2023-12-06 17:14:45	1	0	1	0
           592	2023-12-06 17:16:13	1	0	1	0
           602	2023-12-06 17:16:23	1	0	1	0
           605	2023-12-06 17:16:26	1	0	1	0
           401	2023-12-06 17:18:20	1	0	1	0
           527	2023-12-06 17:18:48	1	0	1	0
           180	2023-12-06 17:29:22	1	0	1	0
            80	2023-12-06 17:33:25	1	0	1	0
           144	2023-12-06 17:48:35	1	0	1	0
           145	2023-12-06 17:52:57	1	0	1	0
            91	2023-12-06 18:09:54	1	0	1	0
           118	2023-12-06 18:16:59	1	0	1	0
           332	2023-12-06 18:44:15	1	0	1	0
            58	2023-12-07 06:15:37	1	0	1	0
           187	2023-12-07 07:14:51	1	0	1	0
           527	2023-12-07 07:19:38	1	0	1	0
           602	2023-12-07 07:27:07	1	0	1	0
            91	2023-12-07 07:32:17	1	0	1	0
           185	2023-12-07 07:33:25	1	0	1	0
           145	2023-12-07 07:34:24	1	0	1	0
           605	2023-12-07 07:42:59	1	0	1	0
           379	2023-12-07 07:43:05	1	0	1	0
           180	2023-12-07 07:43:24	1	0	1	0
           536	2023-12-07 07:43:37	1	0	1	0
           118	2023-12-07 07:47:03	1	0	1	0
            48	2023-12-07 07:51:00	1	0	1	0
           592	2023-12-07 07:51:10	1	0	1	0
           332	2023-12-07 07:51:52	1	0	1	0
           473	2023-12-07 07:53:22	1	0	1	0
           551	2023-12-07 07:55:04	1	0	1	0
           471	2023-12-07 07:57:51	1	0	1	0
           142	2023-12-07 07:58:16	1	0	1	0
           132	2023-12-07 08:00:11	1	0	1	0
           241	2023-12-07 08:00:15	1	0	1	0
            57	2023-12-07 08:00:59	1	0	1	0
            80	2023-12-07 08:03:06	1	0	1	0
           369	2023-12-07 08:04:55	1	0	1	0
           472	2023-12-07 08:05:31	1	0	1	0
           144	2023-12-07 08:09:56	1	0	1	0
           401	2023-12-07 08:23:04	1	0	1	0
            80	2023-12-07 12:00:35	1	0	1	0
           551	2023-12-07 12:00:38	1	0	1	0
           471	2023-12-07 12:00:46	1	0	1	0
           605	2023-12-07 12:00:56	1	0	1	0
           602	2023-12-07 12:01:04	1	0	1	0
            57	2023-12-07 12:01:16	1	0	1	0
            48	2023-12-07 12:01:39	1	0	1	0
            58	2023-12-07 12:01:47	1	0	1	0
           379	2023-12-07 12:01:54	1	0	1	0
           187	2023-12-07 12:02:14	1	0	1	0
           132	2023-12-07 12:02:22	1	0	1	0
           142	2023-12-07 12:02:36	1	0	1	0
           473	2023-12-07 12:04:40	1	0	1	0
           592	2023-12-07 12:09:34	1	0	1	0
           180	2023-12-07 12:14:27	1	0	1	0
           536	2023-12-07 12:14:31	1	0	1	0
           185	2023-12-07 12:14:47	1	0	1	0
           472	2023-12-07 12:15:02	1	0	1	0
           527	2023-12-07 12:16:45	1	0	1	0
            91	2023-12-07 12:16:57	1	0	1	0
           241	2023-12-07 12:17:01	1	0	1	0
            80	2023-12-07 12:17:24	1	0	1	0
           551	2023-12-07 12:17:28	1	0	1	0
           471	2023-12-07 12:18:03	1	0	1	0
           602	2023-12-07 12:18:14	1	0	1	0
           605	2023-12-07 12:18:28	1	0	1	0
            58	2023-12-07 12:20:00	1	0	1	0
           473	2023-12-07 12:20:38	1	0	1	0
           369	2023-12-07 12:21:19	1	0	1	0
            57	2023-12-07 12:23:24	1	0	1	0
            48	2023-12-07 12:26:11	1	0	1	0
           144	2023-12-07 12:26:16	1	0	1	0
           332	2023-12-07 12:26:50	1	0	1	0
           145	2023-12-07 12:29:48	1	0	1	0
           180	2023-12-07 12:33:17	1	0	1	0
           241	2023-12-07 12:33:23	1	0	1	0
           185	2023-12-07 12:33:32	1	0	1	0
           527	2023-12-07 12:33:37	1	0	1	0
            91	2023-12-07 12:34:17	1	0	1	0
           401	2023-12-07 12:38:10	1	0	1	0
           332	2023-12-07 12:43:23	1	0	1	0
           369	2023-12-07 12:43:30	1	0	1	0
           592	2023-12-07 12:47:45	1	0	1	0
           145	2023-12-07 12:51:11	1	0	1	0
           536	2023-12-07 12:55:04	1	0	1	0
           379	2023-12-07 12:55:12	1	0	1	0
           401	2023-12-07 12:57:34	1	0	1	0
           142	2023-12-07 12:59:01	1	0	1	0
           132	2023-12-07 12:59:07	1	0	1	0
           144	2023-12-07 12:59:12	1	0	1	0
           592	2023-12-07 17:04:36	1	0	1	0
            58	2023-12-07 17:04:55	1	0	1	0
           472	2023-12-07 17:05:05	1	0	1	0
            57	2023-12-07 17:05:17	1	0	1	0
           379	2023-12-07 17:07:03	1	0	1	0
           132	2023-12-07 17:10:10	1	0	1	0
           142	2023-12-07 17:10:15	1	0	1	0
            48	2023-12-07 17:14:58	1	0	1	0
            80	2023-12-07 17:17:19	1	0	1	0
           332	2023-12-07 17:35:28	1	0	1	0
           180	2023-12-07 17:40:08	1	0	1	0
           144	2023-12-07 17:44:40	1	0	1	0
           401	2023-12-07 17:44:57	1	0	1	0
           145	2023-12-07 17:48:11	1	0	1	0
           241	2023-12-07 17:48:35	1	0	1	0
           536	2023-12-07 18:20:08	1	0	1	0
           602	2023-12-07 18:21:55	1	0	1	0
           605	2023-12-07 18:22:13	1	0	1	0
           118	2023-12-07 18:22:32	1	0	1	0
           473	2023-12-07 18:22:37	1	0	1	0
           471	2023-12-07 18:22:55	1	0	1	0
           527	2023-12-07 18:32:57	1	0	1	0
           185	2023-12-07 18:48:57	1	0	1	0
           369	2023-12-07 18:49:00	1	0	1	0
           602	2023-12-08 07:04:00	1	0	1	0
           471	2023-12-08 07:43:18	1	0	1	0
           605	2023-12-08 07:46:08	1	0	1	0
           473	2023-12-08 07:49:46	1	0	1	0
           471	2023-12-08 12:15:39	1	0	1	0
           602	2023-12-08 12:15:52	1	0	1	0
           605	2023-12-08 12:15:57	1	0	1	0
           473	2023-12-08 12:20:23	1	0	1	0
           471	2023-12-08 12:35:36	1	0	1	0
           473	2023-12-08 12:35:42	1	0	1	0
           602	2023-12-08 12:35:48	1	0	1	0
           605	2023-12-08 12:35:58	1	0	1	0
           605	2023-12-08 17:01:31	1	0	1	0
           473	2023-12-08 17:01:51	1	0	1	0
           471	2023-12-08 17:02:25	1	0	1	0
           602	2023-12-08 17:02:33	1	0	1	0
           602	2023-12-09 07:32:38	1	0	1	0
           473	2023-12-09 07:35:57	1	0	1	0
           605	2023-12-09 07:44:15	1	0	1	0
           471	2023-12-09 07:45:26	1	0	1	0
           473	2023-12-09 12:03:07	1	0	1	0
           602	2023-12-09 12:03:14	1	0	1	0
           605	2023-12-09 12:03:24	1	0	1	0
           471	2023-12-09 12:03:36	1	0	1	0
           471	2023-12-09 12:19:23	1	0	1	0
           473	2023-12-09 12:19:31	1	0	1	0
           605	2023-12-09 12:19:34	1	0	1	0
           602	2023-12-09 12:19:45	1	0	1	0
           473	2023-12-09 17:00:32	1	0	1	0
           602	2023-12-09 17:00:55	1	0	1	0
           605	2023-12-09 17:01:13	1	0	1	0
           471	2023-12-09 17:02:40	1	0	1	0
            58	2023-12-11 06:22:33	1	0	1	0
            91	2023-12-11 07:09:33	1	0	1	0
           185	2023-12-11 07:10:46	1	0	1	0
            48	2023-12-11 07:23:36	1	0	1	0
           473	2023-12-11 07:32:52	1	0	1	0
           145	2023-12-11 07:34:38	1	0	1	0
           181	2023-12-11 07:35:01	1	0	1	0
           602	2023-12-11 07:35:56	1	0	1	0
           527	2023-12-11 07:44:46	1	0	1	0
           332	2023-12-11 07:45:33	1	0	1	0
           379	2023-12-11 07:48:38	1	0	1	0
           471	2023-12-11 07:51:07	1	0	1	0
           472	2023-12-11 07:51:11	1	0	1	0
           551	2023-12-11 07:51:18	1	0	1	0
           592	2023-12-11 07:53:56	1	0	1	0
           241	2023-12-11 07:55:49	1	0	1	0
           180	2023-12-11 07:57:45	1	0	1	0
           536	2023-12-11 07:58:46	1	0	1	0
           605	2023-12-11 07:59:39	1	0	1	0
            80	2023-12-11 08:00:42	1	0	1	0
            57	2023-12-11 08:03:35	1	0	1	0
           369	2023-12-11 08:05:24	1	0	1	0
           187	2023-12-11 08:07:07	1	0	1	0
           401	2023-12-11 08:24:28	1	0	1	0
           144	2023-12-11 09:47:03	1	0	1	0
           471	2023-12-11 12:00:22	1	0	1	0
           472	2023-12-11 12:00:36	1	0	1	0
            58	2023-12-11 12:01:15	1	0	1	0
           551	2023-12-11 12:01:21	1	0	1	0
            80	2023-12-11 12:01:25	1	0	1	0
           132	2023-12-11 12:01:29	1	0	1	0
            48	2023-12-11 12:01:36	1	0	1	0
           187	2023-12-11 12:01:44	1	0	1	0
           605	2023-12-11 12:01:56	1	0	1	0
           602	2023-12-11 12:02:08	1	0	1	0
           369	2023-12-11 12:02:14	1	0	1	0
           473	2023-12-11 12:02:22	1	0	1	0
           332	2023-12-11 12:02:29	1	0	1	0
           379	2023-12-11 12:03:05	1	0	1	0
           592	2023-12-11 12:04:55	1	0	1	0
           401	2023-12-11 12:06:26	1	0	1	0
           145	2023-12-11 12:06:30	1	0	1	0
           181	2023-12-11 12:06:48	1	0	1	0
           185	2023-12-11 12:06:54	1	0	1	0
           180	2023-12-11 12:07:11	1	0	1	0
           536	2023-12-11 12:07:17	1	0	1	0
            91	2023-12-11 12:07:30	1	0	1	0
           241	2023-12-11 12:10:30	1	0	1	0
           527	2023-12-11 12:11:12	1	0	1	0
           551	2023-12-11 12:17:24	1	0	1	0
            80	2023-12-11 12:17:33	1	0	1	0
           471	2023-12-11 12:19:29	1	0	1	0
           332	2023-12-11 12:24:31	1	0	1	0
           602	2023-12-11 12:27:42	1	0	1	0
           605	2023-12-11 12:27:58	1	0	1	0
           473	2023-12-11 12:30:24	1	0	1	0
           472	2023-12-11 12:33:45	1	0	1	0
            48	2023-12-11 12:35:18	1	0	1	0
            58	2023-12-11 12:35:27	1	0	1	0
           369	2023-12-11 12:35:32	1	0	1	0
           180	2023-12-11 12:35:58	1	0	1	0
           144	2023-12-11 12:36:06	1	0	1	0
           401	2023-12-11 12:44:11	1	0	1	0
           145	2023-12-11 12:44:17	1	0	1	0
           181	2023-12-11 12:46:44	1	0	1	0
           536	2023-12-11 12:46:50	1	0	1	0
           527	2023-12-11 12:46:55	1	0	1	0
           185	2023-12-11 12:47:03	1	0	1	0
            91	2023-12-11 12:47:29	1	0	1	0
           132	2023-12-11 12:49:56	1	0	1	0
           241	2023-12-11 12:51:54	1	0	1	0
           592	2023-12-11 12:53:56	1	0	1	0
           379	2023-12-11 12:56:37	1	0	1	0
           144	2023-12-11 12:58:21	1	0	1	0
           551	2023-12-11 17:00:38	1	0	1	0
            57	2023-12-11 17:01:58	1	0	1	0
            58	2023-12-11 17:07:09	1	0	1	0
           332	2023-12-11 17:07:24	1	0	1	0
           187	2023-12-11 17:09:30	1	0	1	0
           132	2023-12-11 17:21:31	1	0	1	0
           145	2023-12-11 17:34:57	1	0	1	0
            48	2023-12-11 17:37:41	1	0	1	0
           592	2023-12-11 17:39:51	1	0	1	0
           471	2023-12-11 17:40:58	1	0	1	0
           472	2023-12-11 17:44:59	1	0	1	0
           473	2023-12-11 17:46:17	1	0	1	0
           602	2023-12-11 17:46:26	1	0	1	0
           605	2023-12-11 17:46:32	1	0	1	0
           144	2023-12-11 17:53:31	1	0	1	0
           401	2023-12-11 18:07:49	1	0	1	0
           369	2023-12-11 18:08:06	1	0	1	0
           180	2023-12-11 18:28:08	1	0	1	0
           241	2023-12-11 18:28:16	1	0	1	0
           181	2023-12-11 18:28:28	1	0	1	0
           527	2023-12-11 18:28:37	1	0	1	0
           536	2023-12-11 18:37:18	1	0	1	0
           185	2023-12-11 18:37:49	1	0	1	0
            91	2023-12-11 18:53:25	1	0	1	0
           379	2023-12-11 19:37:56	1	0	1	0
            58	2023-12-12 06:24:29	1	0	1	0
           473	2023-12-12 07:17:33	1	0	1	0
            91	2023-12-12 07:20:33	1	0	1	0
           185	2023-12-12 07:22:18	1	0	1	0
           602	2023-12-12 07:23:57	1	0	1	0
           379	2023-12-12 07:43:44	1	0	1	0
           527	2023-12-12 07:49:15	1	0	1	0
           145	2023-12-12 07:49:52	1	0	1	0
           592	2023-12-12 07:51:52	1	0	1	0
           536	2023-12-12 07:52:20	1	0	1	0
           241	2023-12-12 07:52:43	1	0	1	0
            57	2023-12-12 07:53:35	1	0	1	0
            48	2023-12-12 07:54:09	1	0	1	0
           181	2023-12-12 07:54:18	1	0	1	0
           142	2023-12-12 07:55:52	1	0	1	0
           132	2023-12-12 07:56:22	1	0	1	0
           551	2023-12-12 07:56:30	1	0	1	0
            80	2023-12-12 07:56:54	1	0	1	0
           605	2023-12-12 07:57:05	1	0	1	0
           332	2023-12-12 07:57:34	1	0	1	0
           369	2023-12-12 08:00:17	1	0	1	0
           180	2023-12-12 08:01:42	1	0	1	0
           118	2023-12-12 08:02:27	1	0	1	0
           401	2023-12-12 08:19:39	1	0	1	0
           144	2023-12-12 08:52:33	1	0	1	0
            91	2023-12-12 12:00:30	1	0	1	0
           369	2023-12-12 12:00:39	1	0	1	0
            80	2023-12-12 12:01:48	1	0	1	0
           551	2023-12-12 12:01:51	1	0	1	0
           379	2023-12-12 12:01:54	1	0	1	0
           401	2023-12-12 12:03:24	1	0	1	0
           605	2023-12-12 12:03:56	1	0	1	0
           602	2023-12-12 12:04:02	1	0	1	0
           473	2023-12-12 12:04:06	1	0	1	0
            57	2023-12-12 12:06:28	1	0	1	0
           142	2023-12-12 12:07:52	1	0	1	0
           592	2023-12-12 12:08:42	1	0	1	0
           118	2023-12-12 12:10:58	1	0	1	0
           241	2023-12-12 12:11:46	1	0	1	0
           132	2023-12-12 12:12:19	1	0	1	0
           181	2023-12-12 12:12:26	1	0	1	0
           185	2023-12-12 12:12:34	1	0	1	0
           180	2023-12-12 12:13:14	1	0	1	0
           536	2023-12-12 12:13:20	1	0	1	0
            91	2023-12-12 12:15:37	1	0	1	0
           551	2023-12-12 12:17:09	1	0	1	0
            48	2023-12-12 12:20:49	1	0	1	0
           145	2023-12-12 12:23:09	1	0	1	0
           401	2023-12-12 12:23:18	1	0	1	0
           332	2023-12-12 12:26:41	1	0	1	0
            57	2023-12-12 12:27:32	1	0	1	0
           605	2023-12-12 12:29:14	1	0	1	0
           602	2023-12-12 12:29:18	1	0	1	0
           187	2023-12-12 12:29:38	1	0	1	0
           144	2023-12-12 12:29:49	1	0	1	0
           369	2023-12-12 12:30:48	1	0	1	0
           181	2023-12-12 12:32:13	1	0	1	0
           536	2023-12-12 12:32:20	1	0	1	0
           185	2023-12-12 12:32:28	1	0	1	0
           241	2023-12-12 12:34:35	1	0	1	0
            80	2023-12-12 12:36:04	1	0	1	0
           180	2023-12-12 12:37:16	1	0	1	0
            48	2023-12-12 12:38:53	1	0	1	0
           527	2023-12-12 12:40:41	1	0	1	0
           145	2023-12-12 12:47:35	1	0	1	0
           332	2023-12-12 12:49:22	1	0	1	0
           379	2023-12-12 12:52:20	1	0	1	0
           187	2023-12-12 12:52:58	1	0	1	0
           144	2023-12-12 12:53:06	1	0	1	0
           592	2023-12-12 12:53:14	1	0	1	0
           118	2023-12-12 12:54:12	1	0	1	0
           473	2023-12-12 12:54:42	1	0	1	0
           527	2023-12-12 12:55:47	1	0	1	0
           142	2023-12-12 13:00:48	1	0	1	0
           132	2023-12-12 13:01:20	1	0	1	0
            58	2023-12-12 17:00:41	1	0	1	0
            48	2023-12-12 17:01:19	1	0	1	0
           369	2023-12-12 17:01:24	1	0	1	0
           592	2023-12-12 17:03:30	1	0	1	0
           187	2023-12-12 17:03:36	1	0	1	0
            57	2023-12-12 17:03:51	1	0	1	0
           379	2023-12-12 17:06:32	1	0	1	0
           332	2023-12-12 17:09:04	1	0	1	0
           605	2023-12-12 17:12:38	1	0	1	0
           602	2023-12-12 17:12:44	1	0	1	0
           241	2023-12-12 17:19:46	1	0	1	0
           118	2023-12-12 17:26:10	1	0	1	0
           180	2023-12-12 17:27:13	1	0	1	0
           132	2023-12-12 17:28:24	1	0	1	0
           142	2023-12-12 17:28:31	1	0	1	0
            80	2023-12-12 17:33:12	1	0	1	0
           401	2023-12-12 17:33:30	1	0	1	0
           473	2023-12-12 17:33:57	1	0	1	0
           527	2023-12-12 17:35:18	1	0	1	0
            91	2023-12-12 17:43:31	1	0	1	0
           144	2023-12-12 17:44:12	1	0	1	0
           145	2023-12-12 17:44:20	1	0	1	0
           536	2023-12-12 18:48:18	1	0	1	0
           185	2023-12-12 19:08:22	1	0	1	0
           181	2023-12-12 19:08:29	1	0	1	0
            58	2023-12-13 06:15:30	1	0	1	0
            91	2023-12-13 07:22:24	1	0	1	0
           185	2023-12-13 07:22:32	1	0	1	0
           602	2023-12-13 07:26:35	1	0	1	0
           145	2023-12-13 07:34:02	1	0	1	0
           605	2023-12-13 07:35:04	1	0	1	0
           551	2023-12-13 07:35:11	1	0	1	0
           473	2023-12-13 07:42:00	1	0	1	0
           369	2023-12-13 07:43:06	1	0	1	0
           379	2023-12-13 07:46:16	1	0	1	0
           181	2023-12-13 07:47:02	1	0	1	0
            48	2023-12-13 07:49:04	1	0	1	0
           527	2023-12-13 07:55:36	1	0	1	0
           241	2023-12-13 07:55:49	1	0	1	0
           592	2023-12-13 07:56:08	1	0	1	0
           536	2023-12-13 07:56:15	1	0	1	0
            80	2023-12-13 07:56:44	1	0	1	0
           471	2023-12-13 08:00:55	1	0	1	0
           472	2023-12-13 08:00:58	1	0	1	0
            57	2023-12-13 08:01:29	1	0	1	0
           180	2023-12-13 08:04:48	1	0	1	0
           401	2023-12-13 08:08:15	1	0	1	0
           144	2023-12-13 08:10:23	1	0	1	0
           332	2023-12-13 08:43:39	1	0	1	0
           536	2023-12-13 12:00:04	1	0	1	0
           527	2023-12-13 12:00:10	1	0	1	0
           473	2023-12-13 12:00:16	1	0	1	0
           551	2023-12-13 12:00:24	1	0	1	0
            80	2023-12-13 12:00:38	1	0	1	0
            48	2023-12-13 12:00:45	1	0	1	0
            58	2023-12-13 12:01:04	1	0	1	0
           379	2023-12-13 12:01:11	1	0	1	0
           592	2023-12-13 12:04:15	1	0	1	0
            91	2023-12-13 12:06:16	1	0	1	0
           241	2023-12-13 12:06:23	1	0	1	0
           180	2023-12-13 12:07:01	1	0	1	0
           145	2023-12-13 12:07:14	1	0	1	0
           605	2023-12-13 12:07:19	1	0	1	0
           401	2023-12-13 12:07:24	1	0	1	0
           602	2023-12-13 12:07:28	1	0	1	0
           472	2023-12-13 12:08:09	1	0	1	0
           369	2023-12-13 12:10:06	1	0	1	0
           471	2023-12-13 12:11:54	1	0	1	0
            48	2023-12-13 12:16:03	1	0	1	0
            58	2023-12-13 12:16:11	1	0	1	0
           332	2023-12-13 12:16:44	1	0	1	0
            80	2023-12-13 12:23:18	1	0	1	0
           551	2023-12-13 12:23:21	1	0	1	0
           536	2023-12-13 12:23:52	1	0	1	0
           527	2023-12-13 12:23:57	1	0	1	0
           473	2023-12-13 12:24:18	1	0	1	0
           180	2023-12-13 12:25:25	1	0	1	0
            91	2023-12-13 12:25:54	1	0	1	0
           241	2023-12-13 12:27:19	1	0	1	0
            57	2023-12-13 12:30:09	1	0	1	0
           145	2023-12-13 12:31:16	1	0	1	0
           401	2023-12-13 12:31:22	1	0	1	0
           369	2023-12-13 12:34:40	1	0	1	0
           144	2023-12-13 12:37:30	1	0	1	0
           472	2023-12-13 12:39:38	1	0	1	0
           471	2023-12-13 12:39:44	1	0	1	0
           605	2023-12-13 12:41:24	1	0	1	0
           602	2023-12-13 12:41:31	1	0	1	0
           332	2023-12-13 12:41:53	1	0	1	0
            57	2023-12-13 12:47:30	1	0	1	0
           144	2023-12-13 12:57:18	1	0	1	0
           592	2023-12-13 12:57:50	1	0	1	0
           379	2023-12-13 12:59:53	1	0	1	0
            57	2023-12-13 17:00:04	1	0	1	0
            48	2023-12-13 17:00:12	1	0	1	0
            58	2023-12-13 17:00:25	1	0	1	0
           379	2023-12-13 17:01:13	1	0	1	0
           536	2023-12-13 17:03:25	1	0	1	0
           592	2023-12-13 17:03:34	1	0	1	0
           527	2023-12-13 17:03:41	1	0	1	0
           369	2023-12-13 17:06:41	1	0	1	0
           551	2023-12-13 17:08:48	1	0	1	0
           471	2023-12-13 17:14:50	1	0	1	0
           472	2023-12-13 17:14:52	1	0	1	0
            80	2023-12-13 17:18:55	1	0	1	0
           401	2023-12-13 17:21:32	1	0	1	0
           180	2023-12-13 17:23:38	1	0	1	0
           241	2023-12-13 17:30:10	1	0	1	0
           332	2023-12-13 17:31:53	1	0	1	0
           144	2023-12-13 17:36:14	1	0	1	0
           145	2023-12-13 18:11:31	1	0	1	0
            91	2023-12-13 18:34:36	1	0	1	0
           185	2023-12-13 20:26:52	1	0	1	0
           181	2023-12-13 21:12:50	1	0	1	0
           473	2023-12-13 21:20:22	1	0	1	0
           605	2023-12-13 21:20:28	1	0	1	0
           602	2023-12-13 21:20:37	1	0	1	0
            58	2023-12-14 06:18:53	1	0	1	0
           241	2023-12-14 07:13:55	1	0	1	0
           181	2023-12-14 07:15:36	1	0	1	0
           185	2023-12-14 07:18:55	1	0	1	0
            91	2023-12-14 07:19:02	1	0	1	0
           379	2023-12-14 07:38:51	1	0	1	0
           602	2023-12-14 07:39:21	1	0	1	0
           551	2023-12-14 07:42:50	1	0	1	0
           145	2023-12-14 07:46:46	1	0	1	0
           187	2023-12-14 07:49:47	1	0	1	0
            48	2023-12-14 07:50:13	1	0	1	0
           473	2023-12-14 07:50:24	1	0	1	0
           605	2023-12-14 07:52:36	1	0	1	0
           527	2023-12-14 07:54:35	1	0	1	0
           180	2023-12-14 07:55:33	1	0	1	0
           536	2023-12-14 07:55:43	1	0	1	0
           332	2023-12-14 07:55:52	1	0	1	0
           118	2023-12-14 07:56:01	1	0	1	0
            80	2023-12-14 08:01:23	1	0	1	0
           144	2023-12-14 08:02:27	1	0	1	0
            57	2023-12-14 08:06:27	1	0	1	0
           471	2023-12-14 08:09:07	1	0	1	0
           472	2023-12-14 08:09:10	1	0	1	0
           401	2023-12-14 08:33:42	1	0	1	0
           369	2023-12-14 08:46:41	1	0	1	0
            48	2023-12-14 12:00:03	1	0	1	0
            58	2023-12-14 12:00:11	1	0	1	0
            57	2023-12-14 12:00:24	1	0	1	0
           379	2023-12-14 12:00:35	1	0	1	0
           187	2023-12-14 12:00:40	1	0	1	0
            80	2023-12-14 12:02:22	1	0	1	0
           551	2023-12-14 12:02:28	1	0	1	0
           241	2023-12-14 12:03:44	1	0	1	0
           605	2023-12-14 12:05:51	1	0	1	0
           471	2023-12-14 12:06:04	1	0	1	0
           472	2023-12-14 12:06:42	1	0	1	0
           602	2023-12-14 12:10:09	1	0	1	0
           527	2023-12-14 12:10:14	1	0	1	0
           473	2023-12-14 12:10:20	1	0	1	0
           180	2023-12-14 12:10:25	1	0	1	0
           536	2023-12-14 12:10:32	1	0	1	0
           332	2023-12-14 12:12:19	1	0	1	0
           369	2023-12-14 12:13:14	1	0	1	0
            57	2023-12-14 12:20:04	1	0	1	0
           181	2023-12-14 12:20:38	1	0	1	0
            58	2023-12-14 12:20:56	1	0	1	0
           241	2023-12-14 12:25:15	1	0	1	0
           185	2023-12-14 12:25:21	1	0	1	0
           471	2023-12-14 12:31:24	1	0	1	0
           472	2023-12-14 12:31:28	1	0	1	0
           144	2023-12-14 12:32:13	1	0	1	0
           605	2023-12-14 12:33:04	1	0	1	0
            91	2023-12-14 12:40:10	1	0	1	0
            48	2023-12-14 12:40:16	1	0	1	0
           187	2023-12-14 12:40:22	1	0	1	0
           180	2023-12-14 12:42:05	1	0	1	0
           181	2023-12-14 12:42:10	1	0	1	0
           536	2023-12-14 12:42:28	1	0	1	0
           527	2023-12-14 12:42:33	1	0	1	0
           401	2023-12-14 12:46:19	1	0	1	0
            80	2023-12-14 12:49:06	1	0	1	0
           551	2023-12-14 12:49:11	1	0	1	0
           369	2023-12-14 12:50:29	1	0	1	0
           185	2023-12-14 12:52:19	1	0	1	0
           145	2023-12-14 12:54:05	1	0	1	0
           379	2023-12-14 12:55:08	1	0	1	0
           602	2023-12-14 12:55:31	1	0	1	0
            91	2023-12-14 12:55:48	1	0	1	0
           473	2023-12-14 12:55:51	1	0	1	0
           144	2023-12-14 12:58:24	1	0	1	0
           332	2023-12-14 12:59:26	1	0	1	0
            57	2023-12-14 17:00:06	1	0	1	0
            58	2023-12-14 17:00:20	1	0	1	0
           332	2023-12-14 17:02:16	1	0	1	0
           551	2023-12-14 17:04:09	1	0	1	0
            91	2023-12-14 17:04:36	1	0	1	0
           185	2023-12-14 17:04:43	1	0	1	0
           241	2023-12-14 17:04:54	1	0	1	0
           181	2023-12-14 17:05:05	1	0	1	0
           379	2023-12-14 17:05:10	1	0	1	0
           180	2023-12-14 17:05:20	1	0	1	0
            48	2023-12-14 17:06:11	1	0	1	0
            80	2023-12-14 17:06:25	1	0	1	0
           605	2023-12-14 17:07:55	1	0	1	0
           602	2023-12-14 17:20:02	1	0	1	0
           118	2023-12-14 17:20:07	1	0	1	0
           473	2023-12-14 17:25:55	1	0	1	0
           536	2023-12-14 17:34:37	1	0	1	0
           527	2023-12-14 17:36:04	1	0	1	0
           369	2023-12-14 17:36:19	1	0	1	0
           401	2023-12-14 17:50:56	1	0	1	0
           145	2023-12-14 18:14:49	1	0	1	0
           144	2023-12-14 18:14:56	1	0	1	0
            58	2023-12-15 06:20:25	1	0	1	0
           401	2023-12-15 07:27:08	1	0	1	0
           602	2023-12-15 07:29:38	1	0	1	0
           145	2023-12-15 07:30:36	1	0	1	0
           185	2023-12-15 07:31:20	1	0	1	0
            91	2023-12-15 07:32:55	1	0	1	0
           473	2023-12-15 07:36:46	1	0	1	0
           605	2023-12-15 07:44:59	1	0	1	0
           551	2023-12-15 07:45:38	1	0	1	0
           241	2023-12-15 07:47:08	1	0	1	0
           142	2023-12-15 07:51:30	1	0	1	0
           132	2023-12-15 07:51:37	1	0	1	0
           536	2023-12-15 07:52:15	1	0	1	0
           187	2023-12-15 07:52:23	1	0	1	0
           379	2023-12-15 07:53:06	1	0	1	0
           527	2023-12-15 07:55:52	1	0	1	0
           118	2023-12-15 07:57:01	1	0	1	0
            48	2023-12-15 07:57:07	1	0	1	0
            80	2023-12-15 07:58:02	1	0	1	0
           369	2023-12-15 08:00:39	1	0	1	0
            57	2023-12-15 08:01:53	1	0	1	0
           181	2023-12-15 08:04:43	1	0	1	0
           180	2023-12-15 08:12:36	1	0	1	0
           332	2023-12-15 09:19:40	1	0	1	0
            80	2023-12-15 12:00:51	1	0	1	0
           551	2023-12-15 12:00:57	1	0	1	0
           369	2023-12-15 12:01:21	1	0	1	0
           132	2023-12-15 12:01:27	1	0	1	0
           527	2023-12-15 12:01:33	1	0	1	0
           379	2023-12-15 12:01:42	1	0	1	0
            58	2023-12-15 12:02:01	1	0	1	0
           185	2023-12-15 12:02:21	1	0	1	0
           602	2023-12-15 12:03:14	1	0	1	0
           605	2023-12-15 12:03:18	1	0	1	0
           473	2023-12-15 12:03:22	1	0	1	0
           118	2023-12-15 12:03:33	1	0	1	0
            57	2023-12-15 12:04:11	1	0	1	0
           144	2023-12-15 12:04:43	1	0	1	0
           145	2023-12-15 12:05:36	1	0	1	0
           536	2023-12-15 12:09:18	1	0	1	0
           180	2023-12-15 12:10:46	1	0	1	0
           181	2023-12-15 12:11:49	1	0	1	0
           401	2023-12-15 12:17:33	1	0	1	0
           369	2023-12-15 12:19:33	1	0	1	0
            58	2023-12-15 12:19:43	1	0	1	0
           473	2023-12-15 12:20:14	1	0	1	0
           602	2023-12-15 12:20:35	1	0	1	0
           605	2023-12-15 12:20:37	1	0	1	0
           241	2023-12-15 12:20:51	1	0	1	0
           185	2023-12-15 12:21:12	1	0	1	0
            91	2023-12-15 12:25:27	1	0	1	0
           379	2023-12-15 12:25:48	1	0	1	0
           180	2023-12-15 12:25:53	1	0	1	0
           187	2023-12-15 12:25:59	1	0	1	0
            48	2023-12-15 12:26:05	1	0	1	0
           118	2023-12-15 12:26:28	1	0	1	0
           145	2023-12-15 12:27:01	1	0	1	0
            57	2023-12-15 12:27:30	1	0	1	0
           551	2023-12-15 12:28:07	1	0	1	0
            80	2023-12-15 12:28:13	1	0	1	0
           144	2023-12-15 12:28:57	1	0	1	0
           536	2023-12-15 12:29:12	1	0	1	0
           332	2023-12-15 12:29:18	1	0	1	0
           527	2023-12-15 12:38:20	1	0	1	0
           181	2023-12-15 12:42:46	1	0	1	0
           241	2023-12-15 12:42:50	1	0	1	0
           401	2023-12-15 12:44:07	1	0	1	0
           142	2023-12-15 12:46:49	1	0	1	0
           132	2023-12-15 12:47:34	1	0	1	0
           187	2023-12-15 12:48:18	1	0	1	0
            48	2023-12-15 12:48:29	1	0	1	0
           332	2023-12-15 12:49:31	1	0	1	0
            91	2023-12-15 12:57:30	1	0	1	0
           332	2023-12-15 16:31:16	1	0	1	0
            57	2023-12-15 17:00:02	1	0	1	0
            58	2023-12-15 17:00:07	1	0	1	0
           379	2023-12-15 17:00:11	1	0	1	0
            48	2023-12-15 17:00:16	1	0	1	0
           187	2023-12-15 17:00:22	1	0	1	0
           241	2023-12-15 17:01:41	1	0	1	0
           551	2023-12-15 17:04:13	1	0	1	0
           527	2023-12-15 17:04:34	1	0	1	0
           144	2023-12-15 17:05:33	1	0	1	0
           536	2023-12-15 17:05:38	1	0	1	0
           181	2023-12-15 17:05:55	1	0	1	0
           142	2023-12-15 17:06:09	1	0	1	0
            91	2023-12-15 17:06:22	1	0	1	0
           185	2023-12-15 17:08:00	1	0	1	0
           369	2023-12-15 17:08:52	1	0	1	0
            80	2023-12-15 17:11:58	1	0	1	0
           118	2023-12-15 17:13:21	1	0	1	0
           473	2023-12-15 17:13:26	1	0	1	0
           605	2023-12-15 17:13:54	1	0	1	0
           602	2023-12-15 17:14:08	1	0	1	0
           132	2023-12-15 17:14:23	1	0	1	0
           180	2023-12-15 17:20:13	1	0	1	0
           401	2023-12-15 17:31:19	1	0	1	0
           145	2023-12-15 17:40:19	1	0	1	0
           602	2023-12-16 07:24:17	1	0	1	0
           473	2023-12-16 07:46:04	1	0	1	0
           605	2023-12-16 07:54:01	1	0	1	0
           602	2023-12-16 12:11:28	1	0	1	0
           605	2023-12-16 12:11:42	1	0	1	0
           473	2023-12-16 12:11:52	1	0	1	0
           602	2023-12-16 12:57:13	1	0	1	0
           605	2023-12-16 12:57:15	1	0	1	0
           473	2023-12-16 12:57:20	1	0	1	0
           473	2023-12-16 17:00:12	1	0	1	0
           602	2023-12-16 17:00:34	1	0	1	0
           605	2023-12-16 17:00:44	1	0	1	0
            58	2023-12-18 06:12:38	1	0	1	0
           602	2023-12-18 07:30:42	1	0	1	0
           185	2023-12-18 07:36:38	1	0	1	0
            91	2023-12-18 07:36:48	1	0	1	0
           187	2023-12-18 07:39:14	1	0	1	0
           473	2023-12-18 07:41:57	1	0	1	0
           145	2023-12-18 07:43:01	1	0	1	0
           551	2023-12-18 07:46:02	1	0	1	0
           118	2023-12-18 07:47:15	1	0	1	0
            57	2023-12-18 07:51:29	1	0	1	0
           527	2023-12-18 07:53:13	1	0	1	0
           605	2023-12-18 07:55:13	1	0	1	0
           379	2023-12-18 07:55:37	1	0	1	0
           536	2023-12-18 07:55:44	1	0	1	0
            48	2023-12-18 07:55:51	1	0	1	0
           181	2023-12-18 07:57:52	1	0	1	0
            80	2023-12-18 07:58:33	1	0	1	0
           180	2023-12-18 07:59:31	1	0	1	0
           241	2023-12-18 08:00:52	1	0	1	0
           592	2023-12-18 08:02:07	1	0	1	0
           142	2023-12-18 08:02:14	1	0	1	0
           132	2023-12-18 08:02:19	1	0	1	0
           369	2023-12-18 08:21:37	1	0	1	0
           187	2023-12-18 12:00:05	1	0	1	0
           132	2023-12-18 12:00:10	1	0	1	0
           379	2023-12-18 12:00:16	1	0	1	0
           471	2023-12-18 12:00:22	1	0	1	0
            80	2023-12-18 12:00:38	1	0	1	0
           551	2023-12-18 12:00:43	1	0	1	0
           473	2023-12-18 12:00:49	1	0	1	0
           605	2023-12-18 12:00:54	1	0	1	0
           602	2023-12-18 12:01:01	1	0	1	0
           472	2023-12-18 12:01:12	1	0	1	0
            48	2023-12-18 12:01:27	1	0	1	0
           142	2023-12-18 12:01:32	1	0	1	0
            58	2023-12-18 12:01:58	1	0	1	0
           332	2023-12-18 12:03:42	1	0	1	0
           185	2023-12-18 12:04:21	1	0	1	0
           181	2023-12-18 12:04:25	1	0	1	0
           536	2023-12-18 12:04:39	1	0	1	0
           527	2023-12-18 12:04:44	1	0	1	0
           241	2023-12-18 12:05:12	1	0	1	0
           369	2023-12-18 12:05:19	1	0	1	0
           180	2023-12-18 12:09:22	1	0	1	0
           401	2023-12-18 12:11:08	1	0	1	0
           592	2023-12-18 12:12:24	1	0	1	0
           142	2023-12-18 12:17:19	1	0	1	0
           132	2023-12-18 12:17:24	1	0	1	0
            48	2023-12-18 12:20:35	1	0	1	0
           187	2023-12-18 12:21:53	1	0	1	0
            80	2023-12-18 12:22:18	1	0	1	0
           551	2023-12-18 12:22:33	1	0	1	0
           145	2023-12-18 12:25:34	1	0	1	0
           605	2023-12-18 12:25:39	1	0	1	0
           602	2023-12-18 12:25:44	1	0	1	0
            91	2023-12-18 12:26:59	1	0	1	0
           241	2023-12-18 12:27:10	1	0	1	0
           473	2023-12-18 12:27:15	1	0	1	0
           180	2023-12-18 12:29:01	1	0	1	0
            58	2023-12-18 12:38:14	1	0	1	0
           369	2023-12-18 12:41:03	1	0	1	0
           332	2023-12-18 12:44:50	1	0	1	0
           536	2023-12-18 12:47:17	1	0	1	0
           379	2023-12-18 12:52:44	1	0	1	0
            57	2023-12-18 12:53:37	1	0	1	0
           185	2023-12-18 12:53:41	1	0	1	0
           181	2023-12-18 12:53:49	1	0	1	0
           527	2023-12-18 12:53:57	1	0	1	0
           592	2023-12-18 12:57:38	1	0	1	0
           401	2023-12-18 13:00:52	1	0	1	0
           144	2023-12-18 13:01:38	1	0	1	0
            48	2023-12-18 17:00:03	1	0	1	0
           473	2023-12-18 17:00:08	1	0	1	0
           602	2023-12-18 17:00:15	1	0	1	0
           605	2023-12-18 17:00:40	1	0	1	0
           536	2023-12-18 17:00:54	1	0	1	0
           379	2023-12-18 17:01:07	1	0	1	0
           472	2023-12-18 17:01:12	1	0	1	0
           471	2023-12-18 17:01:19	1	0	1	0
           187	2023-12-18 17:02:52	1	0	1	0
            57	2023-12-18 17:03:00	1	0	1	0
            80	2023-12-18 17:03:07	1	0	1	0
           551	2023-12-18 17:03:12	1	0	1	0
           527	2023-12-18 17:04:07	1	0	1	0
           592	2023-12-18 17:05:46	1	0	1	0
           369	2023-12-18 17:09:36	1	0	1	0
            91	2023-12-18 17:09:42	1	0	1	0
           181	2023-12-18 17:09:48	1	0	1	0
           185	2023-12-18 17:09:59	1	0	1	0
           180	2023-12-18 17:18:02	1	0	1	0
           241	2023-12-18 17:23:30	1	0	1	0
           401	2023-12-18 17:36:22	1	0	1	0
           142	2023-12-18 17:40:01	1	0	1	0
           132	2023-12-18 17:41:06	1	0	1	0
           144	2023-12-18 17:41:35	1	0	1	0
           145	2023-12-18 17:58:36	1	0	1	0
           332	2023-12-18 18:15:37	1	0	1	0
           118	2023-12-18 18:43:09	1	0	1	0
           602	2023-12-19 07:24:41	1	0	1	0
           605	2023-12-19 07:31:40	1	0	1	0
           185	2023-12-19 07:33:58	1	0	1	0
            91	2023-12-19 07:34:17	1	0	1	0
           473	2023-12-19 07:36:30	1	0	1	0
           241	2023-12-19 07:42:58	1	0	1	0
           527	2023-12-19 07:45:26	1	0	1	0
           181	2023-12-19 07:48:32	1	0	1	0
           145	2023-12-19 07:50:08	1	0	1	0
            48	2023-12-19 07:50:31	1	0	1	0
           379	2023-12-19 07:51:33	1	0	1	0
           118	2023-12-19 07:52:09	1	0	1	0
           551	2023-12-19 07:54:17	1	0	1	0
           536	2023-12-19 07:55:08	1	0	1	0
           187	2023-12-19 07:56:24	1	0	1	0
           142	2023-12-19 07:57:22	1	0	1	0
           132	2023-12-19 07:57:28	1	0	1	0
           592	2023-12-19 08:00:11	1	0	1	0
           180	2023-12-19 08:00:23	1	0	1	0
            57	2023-12-19 08:03:58	1	0	1	0
            80	2023-12-19 08:05:39	1	0	1	0
           472	2023-12-19 08:07:34	1	0	1	0
           471	2023-12-19 08:07:39	1	0	1	0
           401	2023-12-19 08:12:58	1	0	1	0
           369	2023-12-19 08:29:26	1	0	1	0
           332	2023-12-19 09:07:16	1	0	1	0
           605	2023-12-19 12:00:27	1	0	1	0
           180	2023-12-19 12:00:34	1	0	1	0
            48	2023-12-19 12:00:45	1	0	1	0
           471	2023-12-19 12:00:56	1	0	1	0
           592	2023-12-19 12:01:01	1	0	1	0
           132	2023-12-19 12:01:04	1	0	1	0
           142	2023-12-19 12:01:08	1	0	1	0
           379	2023-12-19 12:01:17	1	0	1	0
           473	2023-12-19 12:01:31	1	0	1	0
           145	2023-12-19 12:01:37	1	0	1	0
           401	2023-12-19 12:01:43	1	0	1	0
           602	2023-12-19 12:02:33	1	0	1	0
            80	2023-12-19 12:02:39	1	0	1	0
           551	2023-12-19 12:02:45	1	0	1	0
            91	2023-12-19 12:03:15	1	0	1	0
           536	2023-12-19 12:05:16	1	0	1	0
           527	2023-12-19 12:05:22	1	0	1	0
           185	2023-12-19 12:05:30	1	0	1	0
            57	2023-12-19 12:06:00	1	0	1	0
           181	2023-12-19 12:06:05	1	0	1	0
           241	2023-12-19 12:07:13	1	0	1	0
           472	2023-12-19 12:07:18	1	0	1	0
           369	2023-12-19 12:08:02	1	0	1	0
           118	2023-12-19 12:14:59	1	0	1	0
           605	2023-12-19 12:16:26	1	0	1	0
           473	2023-12-19 12:16:38	1	0	1	0
            80	2023-12-19 12:18:10	1	0	1	0
           551	2023-12-19 12:18:17	1	0	1	0
            91	2023-12-19 12:19:03	1	0	1	0
            48	2023-12-19 12:22:42	1	0	1	0
           369	2023-12-19 12:23:16	1	0	1	0
            57	2023-12-19 12:24:14	1	0	1	0
           332	2023-12-19 12:25:05	1	0	1	0
           472	2023-12-19 12:27:38	1	0	1	0
           471	2023-12-19 12:28:35	1	0	1	0
           181	2023-12-19 12:31:43	1	0	1	0
           185	2023-12-19 12:31:47	1	0	1	0
           180	2023-12-19 12:31:55	1	0	1	0
           527	2023-12-19 12:32:02	1	0	1	0
           536	2023-12-19 12:32:10	1	0	1	0
           118	2023-12-19 12:35:34	1	0	1	0
           241	2023-12-19 12:36:33	1	0	1	0
           145	2023-12-19 12:39:50	1	0	1	0
           401	2023-12-19 12:39:57	1	0	1	0
           132	2023-12-19 12:43:32	1	0	1	0
           332	2023-12-19 12:49:56	1	0	1	0
           592	2023-12-19 12:51:35	1	0	1	0
           379	2023-12-19 12:58:01	1	0	1	0
            57	2023-12-19 16:59:12	1	0	1	0
            48	2023-12-19 17:00:17	1	0	1	0
            80	2023-12-19 17:00:26	1	0	1	0
           551	2023-12-19 17:00:32	1	0	1	0
           471	2023-12-19 17:02:16	1	0	1	0
           118	2023-12-19 17:02:20	1	0	1	0
           536	2023-12-19 17:03:35	1	0	1	0
           592	2023-12-19 17:04:07	1	0	1	0
           473	2023-12-19 17:04:11	1	0	1	0
           602	2023-12-19 17:04:32	1	0	1	0
           605	2023-12-19 17:07:51	1	0	1	0
           472	2023-12-19 17:08:36	1	0	1	0
           145	2023-12-19 17:12:55	1	0	1	0
           369	2023-12-19 17:16:49	1	0	1	0
           187	2023-12-19 17:20:49	1	0	1	0
           181	2023-12-19 17:25:38	1	0	1	0
           185	2023-12-19 17:25:58	1	0	1	0
           527	2023-12-19 17:26:04	1	0	1	0
            91	2023-12-19 17:26:39	1	0	1	0
           180	2023-12-19 17:28:05	1	0	1	0
           332	2023-12-19 17:32:01	1	0	1	0
           379	2023-12-19 17:32:37	1	0	1	0
           241	2023-12-19 17:42:53	1	0	1	0
           401	2023-12-19 17:55:38	1	0	1	0
           185	2023-12-20 07:10:45	1	0	1	0
            91	2023-12-20 07:10:54	1	0	1	0
           241	2023-12-20 07:17:27	1	0	1	0
           145	2023-12-20 07:34:46	1	0	1	0
           536	2023-12-20 07:37:21	1	0	1	0
           602	2023-12-20 07:38:53	1	0	1	0
           181	2023-12-20 07:42:24	1	0	1	0
           379	2023-12-20 07:44:35	1	0	1	0
           142	2023-12-20 07:47:15	1	0	1	0
           551	2023-12-20 07:47:29	1	0	1	0
            57	2023-12-20 07:51:10	1	0	1	0
            48	2023-12-20 07:51:38	1	0	1	0
           605	2023-12-20 07:52:38	1	0	1	0
           527	2023-12-20 07:55:14	1	0	1	0
           473	2023-12-20 07:55:32	1	0	1	0
           369	2023-12-20 07:55:42	1	0	1	0
           180	2023-12-20 07:57:24	1	0	1	0
           118	2023-12-20 07:58:23	1	0	1	0
           187	2023-12-20 07:58:29	1	0	1	0
           144	2023-12-20 07:59:35	1	0	1	0
            80	2023-12-20 07:59:39	1	0	1	0
           472	2023-12-20 08:01:25	1	0	1	0
           471	2023-12-20 08:01:30	1	0	1	0
           592	2023-12-20 08:01:40	1	0	1	0
           332	2023-12-20 09:58:22	1	0	1	0
            58	2023-12-20 11:43:50	1	0	1	0
           379	2023-12-20 12:00:13	1	0	1	0
           241	2023-12-20 12:00:25	1	0	1	0
           605	2023-12-20 12:01:10	1	0	1	0
           602	2023-12-20 12:01:16	1	0	1	0
           536	2023-12-20 12:01:20	1	0	1	0
            91	2023-12-20 12:01:29	1	0	1	0
           181	2023-12-20 12:01:34	1	0	1	0
           185	2023-12-20 12:01:46	1	0	1	0
           527	2023-12-20 12:01:50	1	0	1	0
            80	2023-12-20 12:02:45	1	0	1	0
           551	2023-12-20 12:02:51	1	0	1	0
           592	2023-12-20 12:04:47	1	0	1	0
           180	2023-12-20 12:05:20	1	0	1	0
           473	2023-12-20 12:05:23	1	0	1	0
            57	2023-12-20 12:06:10	1	0	1	0
           332	2023-12-20 12:10:13	1	0	1	0
           118	2023-12-20 12:13:53	1	0	1	0
           472	2023-12-20 12:13:56	1	0	1	0
           471	2023-12-20 12:14:05	1	0	1	0
            91	2023-12-20 12:17:30	1	0	1	0
           185	2023-12-20 12:17:47	1	0	1	0
            80	2023-12-20 12:17:58	1	0	1	0
           551	2023-12-20 12:18:06	1	0	1	0
           187	2023-12-20 12:21:22	1	0	1	0
           144	2023-12-20 12:21:28	1	0	1	0
            48	2023-12-20 12:21:34	1	0	1	0
           181	2023-12-20 12:21:41	1	0	1	0
            57	2023-12-20 12:21:55	1	0	1	0
           145	2023-12-20 12:24:16	1	0	1	0
           527	2023-12-20 12:25:48	1	0	1	0
           605	2023-12-20 12:26:53	1	0	1	0
           602	2023-12-20 12:26:58	1	0	1	0
           473	2023-12-20 12:28:52	1	0	1	0
           472	2023-12-20 12:30:06	1	0	1	0
           471	2023-12-20 12:30:08	1	0	1	0
           118	2023-12-20 12:30:11	1	0	1	0
           180	2023-12-20 12:33:02	1	0	1	0
           142	2023-12-20 12:33:32	1	0	1	0
           536	2023-12-20 12:38:21	1	0	1	0
           592	2023-12-20 12:43:02	1	0	1	0
           187	2023-12-20 12:44:05	1	0	1	0
           144	2023-12-20 12:44:19	1	0	1	0
            48	2023-12-20 12:44:32	1	0	1	0
           241	2023-12-20 12:45:00	1	0	1	0
           332	2023-12-20 12:48:53	1	0	1	0
           142	2023-12-20 12:49:42	1	0	1	0
           145	2023-12-20 12:53:45	1	0	1	0
           379	2023-12-20 12:55:02	1	0	1	0
            80	2023-12-20 17:00:31	1	0	1	0
            48	2023-12-20 17:01:48	1	0	1	0
           592	2023-12-20 17:04:39	1	0	1	0
           536	2023-12-20 17:05:19	1	0	1	0
            58	2023-12-20 17:06:04	1	0	1	0
           527	2023-12-20 17:08:31	1	0	1	0
           180	2023-12-20 17:11:51	1	0	1	0
           241	2023-12-20 17:14:17	1	0	1	0
           379	2023-12-20 17:21:33	1	0	1	0
           142	2023-12-20 17:25:17	1	0	1	0
           187	2023-12-20 17:25:31	1	0	1	0
           602	2023-12-20 17:31:05	1	0	1	0
           473	2023-12-20 17:31:19	1	0	1	0
           605	2023-12-20 17:31:22	1	0	1	0
           472	2023-12-20 17:32:42	1	0	1	0
           471	2023-12-20 17:32:53	1	0	1	0
           118	2023-12-20 17:32:58	1	0	1	0
           145	2023-12-20 17:38:47	1	0	1	0
           332	2023-12-20 17:39:39	1	0	1	0
           144	2023-12-20 17:42:02	1	0	1	0
           551	2023-12-20 17:46:20	1	0	1	0
           369	2023-12-20 17:52:34	1	0	1	0
           181	2023-12-20 18:17:19	1	0	1	0
            58	2023-12-21 06:21:17	1	0	1	0
           602	2023-12-21 07:20:51	1	0	1	0
           180	2023-12-21 07:36:03	1	0	1	0
            48	2023-12-21 07:37:13	1	0	1	0
           181	2023-12-21 07:45:41	1	0	1	0
           473	2023-12-21 07:50:25	1	0	1	0
           145	2023-12-21 07:51:49	1	0	1	0
           401	2023-12-21 07:52:44	1	0	1	0
           527	2023-12-21 07:52:56	1	0	1	0
           118	2023-12-21 07:55:37	1	0	1	0
            91	2023-12-21 07:57:47	1	0	1	0
           379	2023-12-21 07:57:54	1	0	1	0
           185	2023-12-21 07:58:01	1	0	1	0
           142	2023-12-21 07:59:03	1	0	1	0
           187	2023-12-21 07:59:12	1	0	1	0
           132	2023-12-21 08:00:33	1	0	1	0
            80	2023-12-21 08:01:55	1	0	1	0
           369	2023-12-21 08:03:08	1	0	1	0
           536	2023-12-21 08:04:19	1	0	1	0
           472	2023-12-21 08:04:51	1	0	1	0
           471	2023-12-21 08:04:56	1	0	1	0
            57	2023-12-21 08:06:39	1	0	1	0
           605	2023-12-21 08:06:52	1	0	1	0
           592	2023-12-21 08:14:35	1	0	1	0
           241	2023-12-21 08:20:58	1	0	1	0
           144	2023-12-21 08:30:47	1	0	1	0
           471	2023-12-21 12:00:05	1	0	1	0
           473	2023-12-21 12:00:08	1	0	1	0
           602	2023-12-21 12:00:24	1	0	1	0
           605	2023-12-21 12:00:28	1	0	1	0
           536	2023-12-21 12:00:50	1	0	1	0
           527	2023-12-21 12:00:56	1	0	1	0
           118	2023-12-21 12:01:05	1	0	1	0
           187	2023-12-21 12:01:11	1	0	1	0
           132	2023-12-21 12:01:18	1	0	1	0
            48	2023-12-21 12:01:32	1	0	1	0
           379	2023-12-21 12:01:39	1	0	1	0
           142	2023-12-21 12:01:44	1	0	1	0
            58	2023-12-21 12:03:10	1	0	1	0
            57	2023-12-21 12:04:36	1	0	1	0
           145	2023-12-21 12:05:03	1	0	1	0
           592	2023-12-21 12:06:11	1	0	1	0
           472	2023-12-21 12:06:40	1	0	1	0
           369	2023-12-21 12:08:45	1	0	1	0
           241	2023-12-21 12:19:03	1	0	1	0
           180	2023-12-21 12:19:17	1	0	1	0
           471	2023-12-21 12:19:27	1	0	1	0
           602	2023-12-21 12:19:46	1	0	1	0
            80	2023-12-21 12:19:52	1	0	1	0
           473	2023-12-21 12:21:20	1	0	1	0
           132	2023-12-21 12:23:49	1	0	1	0
           142	2023-12-21 12:23:52	1	0	1	0
            91	2023-12-21 12:27:08	1	0	1	0
           185	2023-12-21 12:28:26	1	0	1	0
           369	2023-12-21 12:29:05	1	0	1	0
           144	2023-12-21 12:29:36	1	0	1	0
           181	2023-12-21 12:31:08	1	0	1	0
           332	2023-12-21 12:32:43	1	0	1	0
            58	2023-12-21 12:33:15	1	0	1	0
            57	2023-12-21 12:33:27	1	0	1	0
           536	2023-12-21 12:35:58	1	0	1	0
           527	2023-12-21 12:36:03	1	0	1	0
           187	2023-12-21 12:36:37	1	0	1	0
            48	2023-12-21 12:36:44	1	0	1	0
           118	2023-12-21 12:37:53	1	0	1	0
           145	2023-12-21 12:40:44	1	0	1	0
           472	2023-12-21 12:43:07	1	0	1	0
           592	2023-12-21 12:47:06	1	0	1	0
           332	2023-12-21 12:47:59	1	0	1	0
           241	2023-12-21 12:49:48	1	0	1	0
           144	2023-12-21 12:57:43	1	0	1	0
           379	2023-12-21 12:57:58	1	0	1	0
           605	2023-12-21 12:58:25	1	0	1	0
           185	2023-12-21 12:58:34	1	0	1	0
           180	2023-12-21 12:58:39	1	0	1	0
            91	2023-12-21 12:58:44	1	0	1	0
            57	2023-12-21 17:00:17	1	0	1	0
           132	2023-12-21 17:01:11	1	0	1	0
           187	2023-12-21 17:01:51	1	0	1	0
           602	2023-12-21 17:02:17	1	0	1	0
           473	2023-12-21 17:02:29	1	0	1	0
           471	2023-12-21 17:02:57	1	0	1	0
           472	2023-12-21 17:03:05	1	0	1	0
           118	2023-12-21 17:03:20	1	0	1	0
           605	2023-12-21 17:03:38	1	0	1	0
            48	2023-12-21 17:05:47	1	0	1	0
            58	2023-12-21 17:06:22	1	0	1	0
           369	2023-12-21 17:08:52	1	0	1	0
           527	2023-12-21 17:09:06	1	0	1	0
            80	2023-12-21 17:10:46	1	0	1	0
           142	2023-12-21 17:21:05	1	0	1	0
           379	2023-12-21 17:30:26	1	0	1	0
           181	2023-12-21 17:38:38	1	0	1	0
           180	2023-12-21 17:44:36	1	0	1	0
           145	2023-12-21 17:45:39	1	0	1	0
           144	2023-12-21 17:50:50	1	0	1	0
           401	2023-12-21 17:53:33	1	0	1	0
           241	2023-12-21 17:54:39	1	0	1	0
           332	2023-12-21 17:56:44	1	0	1	0
           592	2023-12-21 19:23:50	1	0	1	0
            91	2023-12-21 21:25:15	1	0	1	0
           536	2023-12-21 21:31:56	1	0	1	0
           185	2023-12-21 21:33:33	1	0	1	0
            58	2023-12-22 06:40:18	1	0	1	0
           602	2023-12-22 07:33:19	1	0	1	0
           369	2023-12-22 07:33:55	1	0	1	0
           605	2023-12-22 07:36:47	1	0	1	0
           145	2023-12-22 07:48:45	1	0	1	0
           472	2023-12-22 07:49:43	1	0	1	0
           471	2023-12-22 07:49:50	1	0	1	0
           181	2023-12-22 07:50:56	1	0	1	0
           551	2023-12-22 07:51:55	1	0	1	0
           527	2023-12-22 07:54:02	1	0	1	0
           118	2023-12-22 07:56:19	1	0	1	0
           473	2023-12-22 07:59:47	1	0	1	0
           536	2023-12-22 08:00:28	1	0	1	0
           180	2023-12-22 08:04:30	1	0	1	0
            80	2023-12-22 08:04:50	1	0	1	0
            57	2023-12-22 08:05:05	1	0	1	0
            91	2023-12-22 08:05:36	1	0	1	0
           185	2023-12-22 08:07:22	1	0	1	0
           592	2023-12-22 08:50:41	1	0	1	0
           144	2023-12-22 09:04:01	1	0	1	0
           551	2023-12-22 12:03:32	1	0	1	0
            91	2023-12-22 12:15:08	1	0	1	0
           536	2023-12-22 12:15:50	1	0	1	0
           472	2023-12-22 12:16:27	1	0	1	0
           185	2023-12-22 12:16:44	1	0	1	0
           527	2023-12-22 12:17:43	1	0	1	0
           181	2023-12-22 12:18:54	1	0	1	0
           401	2023-12-22 12:26:21	1	0	1	0
           132	2023-12-22 12:26:24	1	0	1	0
           551	2023-12-22 12:26:33	1	0	1	0
            58	2023-12-22 12:26:42	1	0	1	0
            48	2023-12-22 12:28:38	1	0	1	0
           187	2023-12-22 12:29:06	1	0	1	0
           145	2023-12-22 12:29:14	1	0	1	0
           118	2023-12-22 12:29:19	1	0	1	0
           144	2023-12-22 12:29:27	1	0	1	0
            91	2023-12-22 12:31:38	1	0	1	0
           592	2023-12-22 12:31:53	1	0	1	0
           180	2023-12-22 12:32:22	1	0	1	0
           332	2023-12-22 12:37:17	1	0	1	0
           145	2023-12-22 12:44:30	1	0	1	0
           472	2023-12-22 12:45:13	1	0	1	0
           187	2023-12-22 12:46:15	1	0	1	0
            58	2023-12-22 12:46:29	1	0	1	0
           180	2023-12-22 12:48:40	1	0	1	0
           527	2023-12-22 12:49:05	1	0	1	0
           536	2023-12-22 12:49:11	1	0	1	0
           132	2023-12-22 12:49:28	1	0	1	0
           118	2023-12-22 12:51:54	1	0	1	0
            48	2023-12-22 12:53:24	1	0	1	0
           605	2023-12-22 12:53:42	1	0	1	0
            91	2023-12-22 12:53:59	1	0	1	0
           144	2023-12-22 12:54:18	1	0	1	0
           181	2023-12-22 15:26:34	1	0	1	0
            48	2023-12-22 17:00:03	1	0	1	0
            58	2023-12-22 17:00:09	1	0	1	0
           472	2023-12-22 17:00:21	1	0	1	0
           471	2023-12-22 17:00:29	1	0	1	0
           527	2023-12-22 17:00:45	1	0	1	0
           132	2023-12-22 17:00:57	1	0	1	0
           187	2023-12-22 17:01:11	1	0	1	0
           369	2023-12-22 17:01:23	1	0	1	0
           536	2023-12-22 17:03:06	1	0	1	0
           551	2023-12-22 17:09:28	1	0	1	0
           473	2023-12-22 17:09:41	1	0	1	0
           592	2023-12-22 17:12:19	1	0	1	0
           118	2023-12-22 17:13:05	1	0	1	0
           602	2023-12-22 17:13:10	1	0	1	0
           605	2023-12-22 17:13:41	1	0	1	0
            91	2023-12-22 17:14:11	1	0	1	0
           185	2023-12-22 17:14:49	1	0	1	0
           401	2023-12-22 17:33:49	1	0	1	0
           180	2023-12-22 17:37:59	1	0	1	0
           144	2023-12-22 17:43:36	1	0	1	0
            80	2023-12-22 17:51:28	1	0	1	0
           145	2023-12-22 17:58:40	1	0	1	0
           332	2023-12-22 18:26:06	1	0	1	0
           602	2023-12-27 07:36:28	1	0	1	0
           471	2023-12-27 07:39:32	1	0	1	0
           472	2023-12-27 07:39:41	1	0	1	0
           605	2023-12-27 07:43:28	1	0	1	0
           473	2023-12-27 07:47:08	1	0	1	0
           551	2023-12-27 07:58:41	1	0	1	0
           118	2023-12-27 08:02:31	1	0	1	0
           592	2023-12-27 08:31:11	1	0	1	0
           551	2023-12-27 12:00:50	1	0	1	0
           602	2023-12-27 12:01:47	1	0	1	0
           118	2023-12-27 12:02:18	1	0	1	0
           605	2023-12-27 12:02:32	1	0	1	0
           471	2023-12-27 12:03:10	1	0	1	0
           473	2023-12-27 12:03:35	1	0	1	0
           472	2023-12-27 12:04:39	1	0	1	0
           592	2023-12-27 12:12:47	1	0	1	0
           145	2023-12-27 12:21:49	1	0	1	0
           118	2023-12-27 12:31:47	1	0	1	0
           602	2023-12-27 12:32:08	1	0	1	0
           605	2023-12-27 12:32:11	1	0	1	0
           473	2023-12-27 12:32:32	1	0	1	0
           471	2023-12-27 12:32:39	1	0	1	0
           472	2023-12-27 12:36:45	1	0	1	0
           145	2023-12-27 12:47:45	1	0	1	0
           592	2023-12-27 12:51:15	1	0	1	0
           551	2023-12-27 12:51:47	1	0	1	0
           118	2023-12-27 17:02:23	1	0	1	0
           473	2023-12-27 17:02:30	1	0	1	0
           605	2023-12-27 17:02:34	1	0	1	0
           602	2023-12-27 17:02:41	1	0	1	0
           472	2023-12-27 17:04:09	1	0	1	0
           471	2023-12-27 17:04:18	1	0	1	0
           145	2023-12-27 17:07:58	1	0	1	0
           592	2023-12-27 17:10:25	1	0	1	0
           602	2023-12-28 07:32:36	1	0	1	0
           145	2023-12-28 07:42:13	1	0	1	0
           472	2023-12-28 07:47:07	1	0	1	0
           471	2023-12-28 07:47:16	1	0	1	0
           473	2023-12-28 07:54:44	1	0	1	0
           118	2023-12-28 07:57:26	1	0	1	0
           605	2023-12-28 07:57:30	1	0	1	0
           592	2023-12-28 08:29:42	1	0	1	0
           118	2023-12-28 12:01:15	1	0	1	0
           471	2023-12-28 12:01:23	1	0	1	0
           605	2023-12-28 12:01:29	1	0	1	0
           602	2023-12-28 12:01:36	1	0	1	0
           473	2023-12-28 12:01:42	1	0	1	0
           472	2023-12-28 12:03:12	1	0	1	0
           592	2023-12-28 12:05:40	1	0	1	0
           473	2023-12-28 12:17:57	1	0	1	0
           471	2023-12-28 12:18:20	1	0	1	0
           605	2023-12-28 12:18:29	1	0	1	0
           602	2023-12-28 12:18:40	1	0	1	0
           472	2023-12-28 12:18:58	1	0	1	0
           118	2023-12-28 12:19:36	1	0	1	0
           592	2023-12-28 12:48:06	1	0	1	0
           472	2023-12-28 17:08:16	1	0	1	0
           471	2023-12-28 17:08:23	1	0	1	0
           118	2023-12-28 17:08:39	1	0	1	0
           605	2023-12-28 17:08:52	1	0	1	0
           602	2023-12-28 17:09:09	1	0	1	0
           473	2023-12-28 17:09:54	1	0	1	0
           592	2023-12-28 17:13:01	1	0	1	0
           145	2023-12-28 18:00:10	1	0	1	0
           602	2023-12-29 07:26:05	1	0	1	0
           473	2023-12-29 07:45:51	1	0	1	0
           145	2023-12-29 07:50:32	1	0	1	0
           118	2023-12-29 07:54:17	1	0	1	0
           605	2023-12-29 07:54:22	1	0	1	0
           472	2023-12-29 07:54:43	1	0	1	0
           471	2023-12-29 07:54:50	1	0	1	0
           592	2023-12-29 08:27:32	1	0	1	0
           602	2023-12-29 12:01:47	1	0	1	0
           472	2023-12-29 12:04:03	1	0	1	0
           471	2023-12-29 12:04:25	1	0	1	0
           605	2023-12-29 12:04:31	1	0	1	0
           473	2023-12-29 12:10:19	1	0	1	0
           592	2023-12-29 12:16:16	1	0	1	0
           471	2023-12-29 12:21:22	1	0	1	0
           605	2023-12-29 12:23:30	1	0	1	0
           602	2023-12-29 12:23:43	1	0	1	0
           118	2023-12-29 12:33:15	1	0	1	0
           473	2023-12-29 12:33:36	1	0	1	0
           472	2023-12-29 12:47:02	1	0	1	0
           118	2023-12-29 12:56:46	1	0	1	0
           592	2023-12-29 12:57:30	1	0	1	0
           471	2023-12-29 17:00:04	1	0	1	0
           473	2023-12-29 17:00:06	1	0	1	0
           602	2023-12-29 17:00:12	1	0	1	0
           605	2023-12-29 17:00:17	1	0	1	0
           472	2023-12-29 17:00:29	1	0	1	0
           118	2023-12-29 17:01:02	1	0	1	0
           145	2023-12-29 17:01:52	1	0	1	0
           592	2023-12-29 17:02:45	1	0	1	0
           602	2024-01-02 07:32:52	1	0	1	0
           145	2024-01-02 07:35:59	1	0	1	0
           605	2024-01-02 07:52:54	1	0	1	0
           241	2024-01-02 07:54:56	1	0	1	0
            91	2024-01-02 08:06:35	1	0	1	0
           241	2024-01-02 12:08:23	1	0	1	0
           605	2024-01-02 12:13:13	1	0	1	0
           602	2024-01-02 12:13:39	1	0	1	0
            91	2024-01-02 12:17:42	1	0	1	0
           241	2024-01-02 12:25:01	1	0	1	0
           145	2024-01-02 12:25:29	1	0	1	0
            91	2024-01-02 12:34:26	1	0	1	0
           605	2024-01-02 12:46:47	1	0	1	0
           602	2024-01-02 12:46:54	1	0	1	0
           145	2024-01-02 12:51:55	1	0	1	0
            91	2024-01-02 17:01:07	1	0	1	0
           605	2024-01-02 17:01:42	1	0	1	0
           241	2024-01-02 17:02:01	1	0	1	0
           602	2024-01-02 17:02:07	1	0	1	0
           145	2024-01-02 17:15:11	1	0	1	0
            91	2024-01-03 07:03:33	1	0	1	0
           602	2024-01-03 07:34:52	1	0	1	0
           592	2024-01-03 07:42:11	1	0	1	0
           605	2024-01-03 07:43:24	1	0	1	0
           145	2024-01-03 07:43:29	1	0	1	0
           471	2024-01-03 07:45:05	1	0	1	0
           241	2024-01-03 07:48:01	1	0	1	0
           473	2024-01-03 07:48:11	1	0	1	0
           118	2024-01-03 07:49:27	1	0	1	0
            91	2024-01-03 12:03:51	1	0	1	0
           241	2024-01-03 12:03:57	1	0	1	0
           471	2024-01-03 12:09:41	1	0	1	0
           145	2024-01-03 12:10:08	1	0	1	0
           592	2024-01-03 12:19:02	1	0	1	0
            91	2024-01-03 12:19:48	1	0	1	0
           241	2024-01-03 12:20:08	1	0	1	0
           471	2024-01-03 12:25:28	1	0	1	0
           592	2024-01-03 12:43:42	1	0	1	0
           145	2024-01-03 12:49:33	1	0	1	0
           145	2024-01-03 17:01:05	1	0	1	0
           241	2024-01-03 17:01:10	1	0	1	0
           602	2024-01-03 17:01:19	1	0	1	0
           471	2024-01-03 17:01:29	1	0	1	0
           118	2024-01-03 17:01:44	1	0	1	0
           605	2024-01-03 17:02:01	1	0	1	0
           473	2024-01-03 17:03:13	1	0	1	0
            91	2024-01-03 17:38:40	1	0	1	0
            91	2024-01-04 07:08:35	1	0	1	0
           602	2024-01-04 07:19:31	1	0	1	0
           471	2024-01-04 07:42:28	1	0	1	0
           605	2024-01-04 07:47:33	1	0	1	0
           241	2024-01-04 07:47:48	1	0	1	0
           145	2024-01-04 07:49:36	1	0	1	0
           118	2024-01-04 07:58:18	1	0	1	0
           471	2024-01-04 12:00:49	1	0	1	0
           118	2024-01-04 12:01:06	1	0	1	0
           602	2024-01-04 12:03:18	1	0	1	0
           605	2024-01-04 12:03:20	1	0	1	0
           145	2024-01-04 12:04:08	1	0	1	0
           241	2024-01-04 12:06:14	1	0	1	0
            91	2024-01-04 12:07:56	1	0	1	0
           145	2024-01-04 12:20:49	1	0	1	0
           241	2024-01-04 12:21:20	1	0	1	0
           118	2024-01-04 12:22:00	1	0	1	0
           471	2024-01-04 12:22:17	1	0	1	0
            91	2024-01-04 12:23:38	1	0	1	0
           605	2024-01-04 12:49:41	1	0	1	0
           602	2024-01-04 12:49:46	1	0	1	0
           241	2024-01-04 17:00:10	1	0	1	0
           145	2024-01-04 17:01:04	1	0	1	0
           471	2024-01-04 17:05:56	1	0	1	0
           602	2024-01-04 17:06:14	1	0	1	0
           118	2024-01-04 17:06:35	1	0	1	0
           605	2024-01-04 17:06:45	1	0	1	0
            91	2024-01-04 17:13:52	1	0	1	0
           602	2024-01-05 06:51:20	1	0	1	0
            91	2024-01-05 07:02:53	1	0	1	0
           605	2024-01-05 07:44:41	1	0	1	0
           473	2024-01-05 07:48:16	1	0	1	0
           145	2024-01-05 07:48:28	1	0	1	0
           241	2024-01-05 07:50:55	1	0	1	0
           471	2024-01-05 07:59:49	1	0	1	0
           118	2024-01-05 08:01:12	1	0	1	0
           471	2024-01-05 12:00:54	1	0	1	0
           602	2024-01-05 12:01:07	1	0	1	0
           605	2024-01-05 12:01:12	1	0	1	0
           118	2024-01-05 12:01:19	1	0	1	0
           241	2024-01-05 12:02:29	1	0	1	0
            91	2024-01-05 12:03:17	1	0	1	0
           145	2024-01-05 12:12:02	1	0	1	0
           473	2024-01-05 12:14:24	1	0	1	0
           471	2024-01-05 12:21:58	1	0	1	0
           118	2024-01-05 12:22:08	1	0	1	0
           241	2024-01-05 12:23:06	1	0	1	0
            91	2024-01-05 12:23:27	1	0	1	0
           145	2024-01-05 12:34:54	1	0	1	0
           605	2024-01-05 12:42:23	1	0	1	0
           602	2024-01-05 12:42:34	1	0	1	0
           385	2024-01-05 13:09:15	1	0	1	0
           241	2024-01-05 17:01:13	1	0	1	0
           471	2024-01-05 17:02:03	1	0	1	0
           602	2024-01-05 17:02:10	1	0	1	0
           473	2024-01-05 17:02:12	1	0	1	0
           605	2024-01-05 17:02:41	1	0	1	0
           118	2024-01-05 17:03:54	1	0	1	0
           385	2024-01-05 17:05:00	1	0	1	0
            91	2024-01-05 17:17:34	1	0	1	0
           385	2024-01-06 06:00:00	1	0	1	0
           385	2024-01-06 11:32:26	1	0	1	0
           385	2024-01-06 12:00:28	1	0	1	0
           385	2024-01-06 15:02:49	1	0	1	0
            58	2024-01-08 06:42:08	1	0	1	0
           385	2024-01-08 06:42:16	1	0	1	0
           187	2024-01-08 07:15:11	1	0	1	0
           602	2024-01-08 07:27:05	1	0	1	0
            91	2024-01-08 07:32:21	1	0	1	0
           185	2024-01-08 07:33:41	1	0	1	0
           181	2024-01-08 07:40:03	1	0	1	0
           180	2024-01-08 07:40:36	1	0	1	0
           527	2024-01-08 07:40:58	1	0	1	0
           145	2024-01-08 07:45:36	1	0	1	0
           473	2024-01-08 07:48:06	1	0	1	0
           605	2024-01-08 07:51:11	1	0	1	0
           118	2024-01-08 07:53:06	1	0	1	0
            48	2024-01-08 07:53:11	1	0	1	0
           536	2024-01-08 07:53:19	1	0	1	0
           241	2024-01-08 07:53:49	1	0	1	0
           379	2024-01-08 07:55:53	1	0	1	0
            57	2024-01-08 08:02:01	1	0	1	0
            80	2024-01-08 08:02:54	1	0	1	0
           471	2024-01-08 08:03:17	1	0	1	0
           401	2024-01-08 08:05:06	1	0	1	0
           142	2024-01-08 08:07:41	1	0	1	0
           132	2024-01-08 08:08:11	1	0	1	0
           369	2024-01-08 08:24:54	1	0	1	0
           332	2024-01-08 10:14:22	1	0	1	0
           385	2024-01-08 11:35:13	1	0	1	0
           379	2024-01-08 12:00:34	1	0	1	0
           142	2024-01-08 12:01:04	1	0	1	0
            58	2024-01-08 12:01:25	1	0	1	0
            48	2024-01-08 12:02:29	1	0	1	0
           132	2024-01-08 12:03:48	1	0	1	0
            80	2024-01-08 12:03:53	1	0	1	0
           471	2024-01-08 12:06:10	1	0	1	0
           118	2024-01-08 12:06:14	1	0	1	0
           536	2024-01-08 12:06:20	1	0	1	0
           473	2024-01-08 12:06:32	1	0	1	0
           602	2024-01-08 12:06:37	1	0	1	0
           605	2024-01-08 12:06:41	1	0	1	0
           185	2024-01-08 12:06:54	1	0	1	0
           181	2024-01-08 12:06:59	1	0	1	0
           180	2024-01-08 12:07:05	1	0	1	0
           527	2024-01-08 12:07:11	1	0	1	0
           332	2024-01-08 12:08:04	1	0	1	0
           385	2024-01-08 12:14:14	1	0	1	0
           145	2024-01-08 12:19:31	1	0	1	0
           401	2024-01-08 12:19:37	1	0	1	0
            48	2024-01-08 12:21:14	1	0	1	0
            58	2024-01-08 12:21:22	1	0	1	0
           605	2024-01-08 12:35:50	1	0	1	0
           602	2024-01-08 12:35:58	1	0	1	0
           473	2024-01-08 12:37:23	1	0	1	0
           332	2024-01-08 12:39:42	1	0	1	0
            80	2024-01-08 12:40:38	1	0	1	0
           536	2024-01-08 12:41:05	1	0	1	0
           527	2024-01-08 12:41:11	1	0	1	0
           185	2024-01-08 12:41:25	1	0	1	0
           181	2024-01-08 12:41:34	1	0	1	0
           145	2024-01-08 12:42:58	1	0	1	0
           401	2024-01-08 12:43:06	1	0	1	0
           471	2024-01-08 12:43:43	1	0	1	0
           118	2024-01-08 12:43:55	1	0	1	0
            57	2024-01-08 12:44:14	1	0	1	0
           180	2024-01-08 12:45:30	1	0	1	0
           379	2024-01-08 12:52:57	1	0	1	0
           142	2024-01-08 12:55:16	1	0	1	0
           132	2024-01-08 12:55:42	1	0	1	0
            57	2024-01-08 12:59:28	1	0	1	0
           144	2024-01-08 14:03:57	1	0	1	0
            48	2024-01-08 17:00:13	1	0	1	0
           605	2024-01-08 17:00:21	1	0	1	0
           471	2024-01-08 17:00:29	1	0	1	0
            58	2024-01-08 17:00:38	1	0	1	0
            57	2024-01-08 17:00:58	1	0	1	0
           473	2024-01-08 17:01:07	1	0	1	0
           118	2024-01-08 17:01:13	1	0	1	0
           379	2024-01-08 17:01:24	1	0	1	0
           602	2024-01-08 17:01:34	1	0	1	0
           180	2024-01-08 17:02:25	1	0	1	0
           385	2024-01-08 17:02:28	1	0	1	0
           241	2024-01-08 17:02:34	1	0	1	0
           132	2024-01-08 17:05:04	1	0	1	0
           142	2024-01-08 17:05:09	1	0	1	0
           536	2024-01-08 17:05:20	1	0	1	0
           369	2024-01-08 17:05:48	1	0	1	0
           527	2024-01-08 17:08:03	1	0	1	0
           145	2024-01-08 17:09:41	1	0	1	0
           181	2024-01-08 17:13:37	1	0	1	0
            91	2024-01-08 17:17:45	1	0	1	0
           187	2024-01-08 17:28:09	1	0	1	0
           185	2024-01-08 17:30:23	1	0	1	0
            80	2024-01-08 17:33:08	1	0	1	0
           401	2024-01-08 17:35:09	1	0	1	0
           332	2024-01-08 17:38:33	1	0	1	0
           144	2024-01-08 18:10:22	1	0	1	0
            58	2024-01-09 06:34:36	1	0	1	0
           385	2024-01-09 06:43:52	1	0	1	0
           602	2024-01-09 07:18:44	1	0	1	0
            91	2024-01-09 07:23:54	1	0	1	0
           185	2024-01-09 07:25:17	1	0	1	0
           118	2024-01-09 07:40:06	1	0	1	0
           145	2024-01-09 07:41:24	1	0	1	0
           181	2024-01-09 07:45:55	1	0	1	0
           180	2024-01-09 07:46:10	1	0	1	0
           527	2024-01-09 07:46:37	1	0	1	0
           379	2024-01-09 07:47:24	1	0	1	0
           605	2024-01-09 07:48:15	1	0	1	0
           187	2024-01-09 07:50:12	1	0	1	0
           473	2024-01-09 07:50:49	1	0	1	0
           142	2024-01-09 07:53:29	1	0	1	0
           132	2024-01-09 07:54:17	1	0	1	0
            48	2024-01-09 07:55:44	1	0	1	0
           332	2024-01-09 07:56:01	1	0	1	0
            57	2024-01-09 07:58:09	1	0	1	0
           241	2024-01-09 07:58:21	1	0	1	0
           536	2024-01-09 07:59:46	1	0	1	0
           471	2024-01-09 07:59:53	1	0	1	0
            80	2024-01-09 08:00:08	1	0	1	0
           401	2024-01-09 08:00:15	1	0	1	0
           385	2024-01-09 11:37:52	1	0	1	0
            91	2024-01-09 12:00:07	1	0	1	0
           241	2024-01-09 12:00:10	1	0	1	0
           379	2024-01-09 12:00:14	1	0	1	0
           385	2024-01-09 12:00:19	1	0	1	0
           142	2024-01-09 12:01:06	1	0	1	0
            48	2024-01-09 12:01:14	1	0	1	0
            58	2024-01-09 12:01:33	1	0	1	0
           181	2024-01-09 12:01:38	1	0	1	0
           605	2024-01-09 12:02:02	1	0	1	0
           471	2024-01-09 12:02:07	1	0	1	0
           602	2024-01-09 12:02:20	1	0	1	0
           132	2024-01-09 12:02:27	1	0	1	0
           180	2024-01-09 12:02:54	1	0	1	0
           536	2024-01-09 12:02:59	1	0	1	0
           527	2024-01-09 12:03:05	1	0	1	0
            57	2024-01-09 12:03:42	1	0	1	0
           332	2024-01-09 12:04:11	1	0	1	0
            80	2024-01-09 12:04:23	1	0	1	0
           118	2024-01-09 12:06:36	1	0	1	0
           145	2024-01-09 12:06:55	1	0	1	0
           473	2024-01-09 12:12:35	1	0	1	0
           142	2024-01-09 12:17:40	1	0	1	0
           132	2024-01-09 12:18:09	1	0	1	0
           187	2024-01-09 12:18:40	1	0	1	0
            58	2024-01-09 12:18:49	1	0	1	0
            48	2024-01-09 12:18:57	1	0	1	0
            91	2024-01-09 12:24:01	1	0	1	0
           118	2024-01-09 12:26:23	1	0	1	0
           332	2024-01-09 12:26:39	1	0	1	0
           185	2024-01-09 12:27:07	1	0	1	0
           241	2024-01-09 12:27:16	1	0	1	0
           471	2024-01-09 12:27:23	1	0	1	0
            80	2024-01-09 12:28:30	1	0	1	0
           473	2024-01-09 12:30:27	1	0	1	0
           536	2024-01-09 12:33:14	1	0	1	0
           180	2024-01-09 12:33:21	1	0	1	0
           181	2024-01-09 12:33:28	1	0	1	0
           527	2024-01-09 12:33:33	1	0	1	0
            57	2024-01-09 12:33:46	1	0	1	0
           602	2024-01-09 12:45:57	1	0	1	0
           605	2024-01-09 12:46:03	1	0	1	0
           145	2024-01-09 12:56:31	1	0	1	0
           187	2024-01-09 12:56:35	1	0	1	0
           401	2024-01-09 12:56:42	1	0	1	0
           379	2024-01-09 12:59:18	1	0	1	0
           185	2024-01-09 13:00:10	1	0	1	0
            57	2024-01-09 17:01:06	1	0	1	0
           379	2024-01-09 17:01:40	1	0	1	0
            58	2024-01-09 17:02:37	1	0	1	0
           187	2024-01-09 17:03:38	1	0	1	0
           332	2024-01-09 17:04:22	1	0	1	0
           180	2024-01-09 17:06:20	1	0	1	0
           385	2024-01-09 17:09:42	1	0	1	0
           241	2024-01-09 17:10:20	1	0	1	0
           132	2024-01-09 17:10:40	1	0	1	0
           142	2024-01-09 17:10:46	1	0	1	0
            48	2024-01-09 17:10:55	1	0	1	0
           602	2024-01-09 17:13:18	1	0	1	0
           118	2024-01-09 17:13:31	1	0	1	0
           473	2024-01-09 17:13:34	1	0	1	0
           185	2024-01-09 17:29:27	1	0	1	0
           181	2024-01-09 17:29:33	1	0	1	0
           536	2024-01-09 17:29:39	1	0	1	0
           527	2024-01-09 17:29:45	1	0	1	0
            80	2024-01-09 17:29:56	1	0	1	0
           605	2024-01-09 17:37:23	1	0	1	0
            91	2024-01-09 18:02:11	1	0	1	0
           401	2024-01-09 18:10:00	1	0	1	0
           471	2024-01-09 18:13:16	1	0	1	0
            58	2024-01-10 06:31:43	1	0	1	0
           385	2024-01-10 06:52:07	1	0	1	0
           602	2024-01-10 07:18:12	1	0	1	0
           185	2024-01-10 07:30:10	1	0	1	0
            91	2024-01-10 07:31:05	1	0	1	0
           145	2024-01-10 07:43:06	1	0	1	0
           118	2024-01-10 07:45:23	1	0	1	0
            57	2024-01-10 07:46:41	1	0	1	0
           180	2024-01-10 07:46:47	1	0	1	0
           379	2024-01-10 07:50:56	1	0	1	0
           527	2024-01-10 07:52:15	1	0	1	0
           142	2024-01-10 07:52:39	1	0	1	0
           473	2024-01-10 07:52:54	1	0	1	0
           241	2024-01-10 07:54:21	1	0	1	0
            80	2024-01-10 07:55:08	1	0	1	0
           536	2024-01-10 07:55:25	1	0	1	0
           181	2024-01-10 07:55:44	1	0	1	0
            48	2024-01-10 07:55:51	1	0	1	0
           605	2024-01-10 07:56:58	1	0	1	0
           187	2024-01-10 08:02:38	1	0	1	0
           401	2024-01-10 08:08:36	1	0	1	0
           369	2024-01-10 08:16:16	1	0	1	0
           332	2024-01-10 10:18:20	1	0	1	0
           385	2024-01-10 11:43:12	1	0	1	0
           332	2024-01-10 12:00:05	1	0	1	0
           369	2024-01-10 12:00:15	1	0	1	0
            48	2024-01-10 12:00:39	1	0	1	0
           142	2024-01-10 12:01:04	1	0	1	0
           527	2024-01-10 12:01:34	1	0	1	0
           379	2024-01-10 12:02:26	1	0	1	0
            80	2024-01-10 12:02:39	1	0	1	0
            58	2024-01-10 12:03:01	1	0	1	0
           385	2024-01-10 12:03:08	1	0	1	0
           473	2024-01-10 12:05:03	1	0	1	0
           536	2024-01-10 12:05:10	1	0	1	0
           118	2024-01-10 12:05:18	1	0	1	0
           180	2024-01-10 12:07:30	1	0	1	0
           241	2024-01-10 12:07:36	1	0	1	0
           185	2024-01-10 12:07:51	1	0	1	0
           181	2024-01-10 12:07:57	1	0	1	0
           145	2024-01-10 12:15:48	1	0	1	0
           602	2024-01-10 12:18:23	1	0	1	0
            48	2024-01-10 12:20:08	1	0	1	0
            58	2024-01-10 12:20:18	1	0	1	0
           536	2024-01-10 12:20:25	1	0	1	0
           118	2024-01-10 12:20:32	1	0	1	0
           605	2024-01-10 12:22:21	1	0	1	0
            91	2024-01-10 12:28:07	1	0	1	0
           241	2024-01-10 12:29:06	1	0	1	0
           401	2024-01-10 12:30:41	1	0	1	0
            80	2024-01-10 12:32:37	1	0	1	0
           527	2024-01-10 12:35:15	1	0	1	0
           180	2024-01-10 12:36:07	1	0	1	0
           181	2024-01-10 12:37:36	1	0	1	0
           185	2024-01-10 12:37:42	1	0	1	0
           332	2024-01-10 12:38:38	1	0	1	0
           602	2024-01-10 12:41:32	1	0	1	0
           379	2024-01-10 12:47:13	1	0	1	0
           145	2024-01-10 12:49:37	1	0	1	0
           401	2024-01-10 12:49:44	1	0	1	0
           369	2024-01-10 12:50:57	1	0	1	0
           142	2024-01-10 12:53:59	1	0	1	0
           605	2024-01-10 12:54:04	1	0	1	0
           185	2024-01-10 16:58:53	1	0	1	0
            91	2024-01-10 17:00:17	1	0	1	0
           379	2024-01-10 17:00:24	1	0	1	0
           527	2024-01-10 17:00:33	1	0	1	0
           118	2024-01-10 17:00:41	1	0	1	0
           181	2024-01-10 17:00:47	1	0	1	0
           241	2024-01-10 17:00:53	1	0	1	0
            58	2024-01-10 17:01:04	1	0	1	0
           602	2024-01-10 17:01:09	1	0	1	0
           605	2024-01-10 17:01:14	1	0	1	0
           142	2024-01-10 17:01:24	1	0	1	0
            48	2024-01-10 17:01:34	1	0	1	0
           180	2024-01-10 17:01:44	1	0	1	0
           473	2024-01-10 17:01:50	1	0	1	0
           536	2024-01-10 17:01:55	1	0	1	0
           332	2024-01-10 17:02:02	1	0	1	0
           385	2024-01-10 17:02:11	1	0	1	0
           369	2024-01-10 17:10:25	1	0	1	0
           401	2024-01-10 17:11:39	1	0	1	0
            80	2024-01-10 17:22:25	1	0	1	0
           145	2024-01-10 17:26:31	1	0	1	0
            58	2024-01-11 06:46:37	1	0	1	0
           385	2024-01-11 06:49:31	1	0	1	0
            80	2024-01-11 07:22:07	1	0	1	0
           185	2024-01-11 07:26:58	1	0	1	0
            91	2024-01-11 07:28:21	1	0	1	0
           602	2024-01-11 07:31:28	1	0	1	0
           180	2024-01-11 07:40:51	1	0	1	0
           145	2024-01-11 07:42:23	1	0	1	0
           605	2024-01-11 07:43:50	1	0	1	0
           473	2024-01-11 07:44:04	1	0	1	0
           241	2024-01-11 07:44:27	1	0	1	0
           181	2024-01-11 07:45:36	1	0	1	0
           142	2024-01-11 07:46:54	1	0	1	0
           132	2024-01-11 07:47:42	1	0	1	0
           527	2024-01-11 07:49:54	1	0	1	0
           118	2024-01-11 07:50:00	1	0	1	0
            48	2024-01-11 07:50:15	1	0	1	0
           187	2024-01-11 07:51:10	1	0	1	0
           379	2024-01-11 07:53:01	1	0	1	0
           536	2024-01-11 07:57:28	1	0	1	0
            57	2024-01-11 08:00:53	1	0	1	0
           369	2024-01-11 08:04:48	1	0	1	0
           401	2024-01-11 08:18:22	1	0	1	0
           332	2024-01-11 10:08:28	1	0	1	0
           385	2024-01-11 11:31:13	1	0	1	0
           536	2024-01-11 12:01:33	1	0	1	0
           142	2024-01-11 12:01:41	1	0	1	0
           132	2024-01-11 12:01:47	1	0	1	0
           332	2024-01-11 12:01:57	1	0	1	0
            48	2024-01-11 12:02:03	1	0	1	0
           180	2024-01-11 12:02:31	1	0	1	0
            91	2024-01-11 12:02:36	1	0	1	0
           241	2024-01-11 12:02:43	1	0	1	0
           181	2024-01-11 12:02:47	1	0	1	0
           185	2024-01-11 12:02:50	1	0	1	0
           385	2024-01-11 12:02:57	1	0	1	0
           527	2024-01-11 12:03:09	1	0	1	0
            58	2024-01-11 12:04:20	1	0	1	0
           187	2024-01-11 12:04:29	1	0	1	0
           118	2024-01-11 12:07:30	1	0	1	0
           379	2024-01-11 12:14:04	1	0	1	0
           181	2024-01-11 12:18:02	1	0	1	0
           145	2024-01-11 12:20:01	1	0	1	0
           401	2024-01-11 12:20:11	1	0	1	0
           369	2024-01-11 12:21:22	1	0	1	0
           187	2024-01-11 12:21:42	1	0	1	0
            80	2024-01-11 12:21:56	1	0	1	0
            58	2024-01-11 12:22:25	1	0	1	0
            48	2024-01-11 12:24:32	1	0	1	0
           536	2024-01-11 12:29:27	1	0	1	0
            91	2024-01-11 12:29:52	1	0	1	0
           241	2024-01-11 12:30:19	1	0	1	0
           180	2024-01-11 12:30:33	1	0	1	0
           379	2024-01-11 12:31:13	1	0	1	0
           332	2024-01-11 12:33:40	1	0	1	0
           473	2024-01-11 12:34:43	1	0	1	0
           602	2024-01-11 12:34:48	1	0	1	0
           605	2024-01-11 12:34:53	1	0	1	0
           118	2024-01-11 12:38:45	1	0	1	0
            80	2024-01-11 12:41:14	1	0	1	0
           145	2024-01-11 12:41:35	1	0	1	0
           401	2024-01-11 12:41:42	1	0	1	0
           185	2024-01-11 12:43:10	1	0	1	0
           142	2024-01-11 12:49:56	1	0	1	0
           132	2024-01-11 12:50:24	1	0	1	0
           473	2024-01-11 12:50:28	1	0	1	0
           602	2024-01-11 12:50:37	1	0	1	0
           527	2024-01-11 12:52:14	1	0	1	0
           605	2024-01-11 12:52:35	1	0	1	0
           369	2024-01-11 12:53:56	1	0	1	0
            57	2024-01-11 12:58:33	1	0	1	0
            57	2024-01-11 17:00:24	1	0	1	0
            58	2024-01-11 17:02:19	1	0	1	0
           473	2024-01-11 17:02:42	1	0	1	0
           602	2024-01-11 17:02:45	1	0	1	0
           536	2024-01-11 17:02:52	1	0	1	0
           605	2024-01-11 17:02:59	1	0	1	0
           379	2024-01-11 17:03:27	1	0	1	0
           118	2024-01-11 17:03:52	1	0	1	0
           180	2024-01-11 17:04:16	1	0	1	0
           187	2024-01-11 17:04:31	1	0	1	0
           369	2024-01-11 17:07:25	1	0	1	0
           385	2024-01-11 17:09:23	1	0	1	0
           132	2024-01-11 17:09:34	1	0	1	0
           142	2024-01-11 17:09:43	1	0	1	0
            48	2024-01-11 17:11:39	1	0	1	0
           527	2024-01-11 17:21:00	1	0	1	0
           241	2024-01-11 17:23:53	1	0	1	0
           181	2024-01-11 17:24:18	1	0	1	0
           185	2024-01-11 17:24:24	1	0	1	0
           332	2024-01-11 17:24:35	1	0	1	0
            91	2024-01-11 17:24:51	1	0	1	0
           145	2024-01-11 17:31:14	1	0	1	0
           401	2024-01-11 17:56:05	1	0	1	0
            80	2024-01-11 18:02:44	1	0	1	0
            58	2024-01-12 06:37:39	1	0	1	0
           385	2024-01-12 06:50:33	1	0	1	0
           185	2024-01-12 07:23:38	1	0	1	0
            91	2024-01-12 07:24:41	1	0	1	0
           602	2024-01-12 07:26:36	1	0	1	0
           241	2024-01-12 07:43:01	1	0	1	0
           180	2024-01-12 07:43:37	1	0	1	0
           118	2024-01-12 07:45:27	1	0	1	0
           527	2024-01-12 07:46:11	1	0	1	0
           181	2024-01-12 07:50:08	1	0	1	0
           379	2024-01-12 07:50:52	1	0	1	0
           473	2024-01-12 07:54:30	1	0	1	0
           605	2024-01-12 07:55:25	1	0	1	0
           332	2024-01-12 07:55:44	1	0	1	0
            48	2024-01-12 07:56:59	1	0	1	0
           145	2024-01-12 07:57:15	1	0	1	0
           536	2024-01-12 07:57:50	1	0	1	0
            80	2024-01-12 07:58:00	1	0	1	0
           142	2024-01-12 07:59:05	1	0	1	0
            57	2024-01-12 07:59:14	1	0	1	0
           132	2024-01-12 08:00:28	1	0	1	0
           187	2024-01-12 08:02:21	1	0	1	0
           144	2024-01-12 08:05:46	1	0	1	0
           401	2024-01-12 08:13:19	1	0	1	0
           369	2024-01-12 08:31:36	1	0	1	0
           385	2024-01-12 11:37:10	1	0	1	0
           180	2024-01-12 12:00:32	1	0	1	0
           181	2024-01-12 12:00:44	1	0	1	0
           385	2024-01-12 12:00:49	1	0	1	0
           241	2024-01-12 12:00:55	1	0	1	0
            91	2024-01-12 12:01:16	1	0	1	0
           379	2024-01-12 12:02:00	1	0	1	0
           185	2024-01-12 12:02:26	1	0	1	0
           369	2024-01-12 12:03:01	1	0	1	0
            57	2024-01-12 12:03:11	1	0	1	0
           527	2024-01-12 12:03:24	1	0	1	0
           332	2024-01-12 12:03:52	1	0	1	0
           142	2024-01-12 12:04:52	1	0	1	0
            58	2024-01-12 12:07:07	1	0	1	0
            80	2024-01-12 12:08:05	1	0	1	0
            48	2024-01-12 12:08:36	1	0	1	0
           187	2024-01-12 12:08:43	1	0	1	0
           132	2024-01-12 12:08:50	1	0	1	0
           536	2024-01-12 12:09:16	1	0	1	0
           473	2024-01-12 12:11:27	1	0	1	0
           145	2024-01-12 12:17:17	1	0	1	0
           401	2024-01-12 12:17:23	1	0	1	0
            57	2024-01-12 12:19:39	1	0	1	0
           142	2024-01-12 12:20:18	1	0	1	0
           241	2024-01-12 12:22:33	1	0	1	0
            91	2024-01-12 12:22:37	1	0	1	0
           180	2024-01-12 12:22:43	1	0	1	0
           181	2024-01-12 12:23:04	1	0	1	0
           132	2024-01-12 12:24:12	1	0	1	0
            58	2024-01-12 12:24:22	1	0	1	0
           369	2024-01-12 12:26:46	1	0	1	0
           187	2024-01-12 12:27:21	1	0	1	0
            48	2024-01-12 12:27:36	1	0	1	0
            80	2024-01-12 12:31:06	1	0	1	0
           144	2024-01-12 12:31:51	1	0	1	0
           332	2024-01-12 12:33:11	1	0	1	0
           145	2024-01-12 12:42:09	1	0	1	0
           401	2024-01-12 12:42:22	1	0	1	0
           144	2024-01-12 12:49:22	1	0	1	0
           185	2024-01-12 12:50:38	1	0	1	0
           527	2024-01-12 12:51:27	1	0	1	0
           536	2024-01-12 12:51:51	1	0	1	0
           379	2024-01-12 12:55:00	1	0	1	0
            91	2024-01-12 17:00:11	1	0	1	0
           332	2024-01-12 17:00:17	1	0	1	0
           185	2024-01-12 17:00:23	1	0	1	0
           379	2024-01-12 17:00:28	1	0	1	0
            80	2024-01-12 17:00:40	1	0	1	0
           536	2024-01-12 17:00:45	1	0	1	0
            57	2024-01-12 17:00:52	1	0	1	0
           527	2024-01-12 17:01:19	1	0	1	0
           181	2024-01-12 17:01:37	1	0	1	0
           241	2024-01-12 17:01:52	1	0	1	0
           385	2024-01-12 17:02:01	1	0	1	0
           180	2024-01-12 17:02:10	1	0	1	0
            58	2024-01-12 17:02:19	1	0	1	0
           369	2024-01-12 17:02:47	1	0	1	0
            48	2024-01-12 17:05:29	1	0	1	0
           187	2024-01-12 17:05:59	1	0	1	0
           142	2024-01-12 17:09:40	1	0	1	0
           132	2024-01-12 17:09:46	1	0	1	0
           473	2024-01-12 17:16:45	1	0	1	0
           145	2024-01-12 17:17:42	1	0	1	0
           144	2024-01-12 17:37:51	1	0	1	0
           401	2024-01-12 18:19:09	1	0	1	0
           602	2024-01-12 19:04:43	1	0	1	0
           118	2024-01-12 19:05:23	1	0	1	0
           605	2024-01-12 19:05:27	1	0	1	0
            58	2024-01-15 06:39:30	1	0	1	0
           385	2024-01-15 06:48:10	1	0	1	0
           185	2024-01-15 07:27:20	1	0	1	0
            91	2024-01-15 07:29:08	1	0	1	0
           602	2024-01-15 07:36:25	1	0	1	0
           145	2024-01-15 07:39:22	1	0	1	0
           473	2024-01-15 07:41:31	1	0	1	0
           527	2024-01-15 07:43:19	1	0	1	0
           605	2024-01-15 07:44:29	1	0	1	0
           180	2024-01-15 07:47:45	1	0	1	0
           401	2024-01-15 07:48:48	1	0	1	0
           181	2024-01-15 07:49:48	1	0	1	0
           118	2024-01-15 07:51:19	1	0	1	0
           187	2024-01-15 07:52:48	1	0	1	0
           379	2024-01-15 07:55:39	1	0	1	0
           142	2024-01-15 07:56:27	1	0	1	0
           132	2024-01-15 07:57:38	1	0	1	0
            57	2024-01-15 07:57:49	1	0	1	0
            48	2024-01-15 07:58:28	1	0	1	0
            80	2024-01-15 07:58:49	1	0	1	0
           536	2024-01-15 08:00:51	1	0	1	0
           241	2024-01-15 08:05:09	1	0	1	0
           144	2024-01-15 08:15:00	1	0	1	0
           369	2024-01-15 08:24:10	1	0	1	0
           332	2024-01-15 09:21:50	1	0	1	0
           385	2024-01-15 11:32:17	1	0	1	0
            57	2024-01-15 12:01:06	1	0	1	0
           142	2024-01-15 12:01:40	1	0	1	0
           473	2024-01-15 12:01:47	1	0	1	0
           605	2024-01-15 12:01:54	1	0	1	0
           118	2024-01-15 12:02:01	1	0	1	0
            91	2024-01-15 12:02:32	1	0	1	0
           369	2024-01-15 12:02:37	1	0	1	0
           379	2024-01-15 12:03:39	1	0	1	0
           241	2024-01-15 12:03:44	1	0	1	0
           132	2024-01-15 12:04:59	1	0	1	0
            48	2024-01-15 12:05:36	1	0	1	0
           385	2024-01-15 12:06:54	1	0	1	0
            58	2024-01-15 12:07:40	1	0	1	0
           332	2024-01-15 12:09:52	1	0	1	0
           145	2024-01-15 12:10:34	1	0	1	0
           602	2024-01-15 12:10:41	1	0	1	0
            80	2024-01-15 12:11:15	1	0	1	0
           527	2024-01-15 12:15:05	1	0	1	0
           536	2024-01-15 12:15:12	1	0	1	0
            91	2024-01-15 12:18:22	1	0	1	0
           180	2024-01-15 12:18:28	1	0	1	0
           185	2024-01-15 12:18:38	1	0	1	0
           181	2024-01-15 12:18:56	1	0	1	0
            57	2024-01-15 12:19:54	1	0	1	0
           369	2024-01-15 12:23:44	1	0	1	0
           605	2024-01-15 12:25:27	1	0	1	0
           473	2024-01-15 12:25:32	1	0	1	0
           118	2024-01-15 12:25:39	1	0	1	0
            80	2024-01-15 12:28:10	1	0	1	0
           602	2024-01-15 12:28:14	1	0	1	0
           144	2024-01-15 12:29:58	1	0	1	0
           401	2024-01-15 12:35:04	1	0	1	0
            58	2024-01-15 12:37:28	1	0	1	0
            48	2024-01-15 12:37:47	1	0	1	0
           180	2024-01-15 12:42:50	1	0	1	0
           185	2024-01-15 12:43:00	1	0	1	0
           181	2024-01-15 12:43:22	1	0	1	0
           536	2024-01-15 12:43:27	1	0	1	0
           527	2024-01-15 12:43:34	1	0	1	0
           332	2024-01-15 12:47:27	1	0	1	0
           142	2024-01-15 12:48:42	1	0	1	0
           145	2024-01-15 12:49:02	1	0	1	0
           132	2024-01-15 12:49:26	1	0	1	0
           144	2024-01-15 12:53:04	1	0	1	0
           401	2024-01-15 12:56:55	1	0	1	0
           379	2024-01-15 12:57:36	1	0	1	0
            80	2024-01-15 17:00:03	1	0	1	0
           181	2024-01-15 17:00:28	1	0	1	0
           536	2024-01-15 17:00:37	1	0	1	0
           527	2024-01-15 17:00:52	1	0	1	0
           379	2024-01-15 17:01:00	1	0	1	0
           241	2024-01-15 17:01:29	1	0	1	0
           185	2024-01-15 17:02:16	1	0	1	0
           385	2024-01-15 17:02:21	1	0	1	0
           369	2024-01-15 17:02:37	1	0	1	0
           180	2024-01-15 17:02:54	1	0	1	0
           473	2024-01-15 17:03:08	1	0	1	0
            58	2024-01-15 17:03:20	1	0	1	0
            57	2024-01-15 17:03:30	1	0	1	0
           602	2024-01-15 17:03:56	1	0	1	0
           132	2024-01-15 17:04:02	1	0	1	0
           142	2024-01-15 17:04:09	1	0	1	0
           118	2024-01-15 17:04:41	1	0	1	0
           605	2024-01-15 17:05:38	1	0	1	0
            48	2024-01-15 17:06:05	1	0	1	0
           332	2024-01-15 17:11:29	1	0	1	0
           187	2024-01-15 17:12:10	1	0	1	0
            91	2024-01-15 17:15:28	1	0	1	0
           144	2024-01-15 17:26:29	1	0	1	0
           145	2024-01-15 17:54:48	1	0	1	0
           401	2024-01-15 18:56:09	1	0	1	0
            58	2024-01-16 06:36:10	1	0	1	0
           385	2024-01-16 07:03:14	1	0	1	0
           185	2024-01-16 07:25:10	1	0	1	0
            91	2024-01-16 07:26:33	1	0	1	0
            80	2024-01-16 07:33:47	1	0	1	0
           605	2024-01-16 07:36:08	1	0	1	0
           118	2024-01-16 07:46:31	1	0	1	0
           473	2024-01-16 07:48:57	1	0	1	0
           180	2024-01-16 07:49:34	1	0	1	0
           379	2024-01-16 07:49:42	1	0	1	0
           187	2024-01-16 07:49:52	1	0	1	0
            48	2024-01-16 07:50:25	1	0	1	0
           527	2024-01-16 07:51:19	1	0	1	0
           602	2024-01-16 07:52:18	1	0	1	0
           241	2024-01-16 07:52:32	1	0	1	0
            57	2024-01-16 07:52:41	1	0	1	0
           145	2024-01-16 07:57:22	1	0	1	0
           536	2024-01-16 07:58:30	1	0	1	0
           142	2024-01-16 08:00:12	1	0	1	0
           181	2024-01-16 08:00:16	1	0	1	0
           132	2024-01-16 08:00:53	1	0	1	0
           401	2024-01-16 08:12:18	1	0	1	0
           332	2024-01-16 08:13:44	1	0	1	0
           369	2024-01-16 08:26:08	1	0	1	0
           144	2024-01-16 08:44:13	1	0	1	0
           385	2024-01-16 11:36:33	1	0	1	0
           332	2024-01-16 12:00:04	1	0	1	0
           142	2024-01-16 12:01:04	1	0	1	0
            58	2024-01-16 12:01:29	1	0	1	0
            48	2024-01-16 12:01:35	1	0	1	0
           187	2024-01-16 12:01:42	1	0	1	0
           401	2024-01-16 12:01:48	1	0	1	0
           369	2024-01-16 12:02:00	1	0	1	0
           132	2024-01-16 12:02:12	1	0	1	0
           385	2024-01-16 12:03:03	1	0	1	0
           602	2024-01-16 12:03:24	1	0	1	0
           241	2024-01-16 12:03:30	1	0	1	0
           145	2024-01-16 12:04:56	1	0	1	0
           185	2024-01-16 12:06:09	1	0	1	0
           181	2024-01-16 12:06:13	1	0	1	0
           536	2024-01-16 12:06:19	1	0	1	0
           527	2024-01-16 12:06:26	1	0	1	0
           379	2024-01-16 12:06:38	1	0	1	0
           180	2024-01-16 12:06:45	1	0	1	0
           144	2024-01-16 12:12:48	1	0	1	0
           332	2024-01-16 12:15:41	1	0	1	0
           142	2024-01-16 12:16:27	1	0	1	0
           132	2024-01-16 12:17:17	1	0	1	0
           187	2024-01-16 12:18:28	1	0	1	0
            58	2024-01-16 12:19:33	1	0	1	0
            48	2024-01-16 12:19:45	1	0	1	0
           369	2024-01-16 12:19:58	1	0	1	0
            80	2024-01-16 12:24:19	1	0	1	0
            57	2024-01-16 12:27:13	1	0	1	0
           602	2024-01-16 12:27:20	1	0	1	0
           145	2024-01-16 12:34:37	1	0	1	0
           401	2024-01-16 12:34:43	1	0	1	0
           527	2024-01-16 12:35:48	1	0	1	0
           181	2024-01-16 12:36:14	1	0	1	0
           536	2024-01-16 12:36:57	1	0	1	0
           241	2024-01-16 12:40:24	1	0	1	0
           180	2024-01-16 12:41:56	1	0	1	0
           185	2024-01-16 12:42:27	1	0	1	0
            80	2024-01-16 12:42:51	1	0	1	0
            57	2024-01-16 12:43:08	1	0	1	0
           379	2024-01-16 12:51:18	1	0	1	0
            58	2024-01-16 17:00:22	1	0	1	0
           187	2024-01-16 17:00:35	1	0	1	0
            80	2024-01-16 17:00:59	1	0	1	0
           369	2024-01-16 17:01:18	1	0	1	0
           379	2024-01-16 17:01:48	1	0	1	0
           527	2024-01-16 17:01:52	1	0	1	0
            57	2024-01-16 17:02:02	1	0	1	0
           181	2024-01-16 17:02:19	1	0	1	0
           241	2024-01-16 17:02:23	1	0	1	0
           602	2024-01-16 17:02:47	1	0	1	0
           180	2024-01-16 17:03:01	1	0	1	0
           385	2024-01-16 17:03:06	1	0	1	0
            48	2024-01-16 17:04:09	1	0	1	0
           142	2024-01-16 17:06:06	1	0	1	0
           132	2024-01-16 17:06:12	1	0	1	0
           145	2024-01-16 17:33:29	1	0	1	0
           185	2024-01-16 17:37:23	1	0	1	0
           536	2024-01-16 17:39:56	1	0	1	0
            91	2024-01-16 17:44:25	1	0	1	0
           144	2024-01-16 18:05:18	1	0	1	0
           401	2024-01-16 18:05:25	1	0	1	0
           332	2024-01-16 18:16:09	1	0	1	0
           473	2024-01-16 18:44:55	1	0	1	0
           118	2024-01-16 18:47:54	1	0	1	0
            58	2024-01-17 06:37:13	1	0	1	0
           385	2024-01-17 06:49:35	1	0	1	0
           185	2024-01-17 07:16:49	1	0	1	0
            91	2024-01-17 07:18:33	1	0	1	0
            80	2024-01-17 07:25:20	1	0	1	0
           602	2024-01-17 07:30:37	1	0	1	0
            48	2024-01-17 07:46:56	1	0	1	0
           473	2024-01-17 07:47:43	1	0	1	0
           118	2024-01-17 07:49:24	1	0	1	0
           180	2024-01-17 07:52:47	1	0	1	0
           527	2024-01-17 07:53:06	1	0	1	0
           142	2024-01-17 07:53:44	1	0	1	0
           132	2024-01-17 07:53:49	1	0	1	0
           241	2024-01-17 07:54:12	1	0	1	0
           379	2024-01-17 07:55:47	1	0	1	0
           181	2024-01-17 07:56:22	1	0	1	0
           332	2024-01-17 07:56:32	1	0	1	0
           401	2024-01-17 07:56:38	1	0	1	0
           187	2024-01-17 07:56:57	1	0	1	0
           605	2024-01-17 07:59:32	1	0	1	0
           536	2024-01-17 08:05:20	1	0	1	0
            57	2024-01-17 08:06:56	1	0	1	0
           369	2024-01-17 08:15:41	1	0	1	0
           385	2024-01-17 11:36:31	1	0	1	0
           602	2024-01-17 12:00:15	1	0	1	0
           473	2024-01-17 12:00:29	1	0	1	0
           379	2024-01-17 12:01:10	1	0	1	0
           605	2024-01-17 12:01:16	1	0	1	0
           180	2024-01-17 12:01:50	1	0	1	0
           385	2024-01-17 12:01:54	1	0	1	0
           187	2024-01-17 12:01:59	1	0	1	0
           536	2024-01-17 12:02:06	1	0	1	0
           527	2024-01-17 12:02:11	1	0	1	0
            58	2024-01-17 12:04:47	1	0	1	0
            48	2024-01-17 12:04:53	1	0	1	0
            57	2024-01-17 12:06:08	1	0	1	0
           369	2024-01-17 12:06:18	1	0	1	0
           142	2024-01-17 12:06:23	1	0	1	0
           132	2024-01-17 12:06:27	1	0	1	0
            91	2024-01-17 12:09:27	1	0	1	0
           332	2024-01-17 12:11:27	1	0	1	0
           473	2024-01-17 12:16:56	1	0	1	0
           605	2024-01-17 12:17:03	1	0	1	0
           602	2024-01-17 12:17:06	1	0	1	0
           185	2024-01-17 12:17:33	1	0	1	0
           180	2024-01-17 12:20:12	1	0	1	0
           145	2024-01-17 12:20:20	1	0	1	0
           401	2024-01-17 12:20:25	1	0	1	0
           181	2024-01-17 12:21:12	1	0	1	0
           187	2024-01-17 12:22:16	1	0	1	0
           132	2024-01-17 12:22:47	1	0	1	0
           142	2024-01-17 12:22:55	1	0	1	0
            58	2024-01-17 12:23:16	1	0	1	0
            48	2024-01-17 12:23:28	1	0	1	0
           241	2024-01-17 12:23:33	1	0	1	0
            80	2024-01-17 12:23:39	1	0	1	0
            57	2024-01-17 12:27:25	1	0	1	0
           369	2024-01-17 12:27:31	1	0	1	0
           185	2024-01-17 12:34:58	1	0	1	0
           181	2024-01-17 12:36:18	1	0	1	0
           145	2024-01-17 12:39:58	1	0	1	0
           401	2024-01-17 12:40:06	1	0	1	0
            80	2024-01-17 12:41:09	1	0	1	0
           241	2024-01-17 12:44:01	1	0	1	0
           527	2024-01-17 12:51:03	1	0	1	0
           536	2024-01-17 12:52:04	1	0	1	0
           332	2024-01-17 12:52:17	1	0	1	0
           379	2024-01-17 12:53:49	1	0	1	0
           536	2024-01-17 17:00:09	1	0	1	0
           527	2024-01-17 17:00:14	1	0	1	0
            57	2024-01-17 17:00:22	1	0	1	0
            58	2024-01-17 17:00:33	1	0	1	0
            48	2024-01-17 17:00:58	1	0	1	0
           379	2024-01-17 17:01:40	1	0	1	0
           187	2024-01-17 17:02:33	1	0	1	0
           180	2024-01-17 17:02:54	1	0	1	0
           132	2024-01-17 17:03:34	1	0	1	0
           142	2024-01-17 17:03:39	1	0	1	0
           605	2024-01-17 17:08:32	1	0	1	0
           602	2024-01-17 17:08:40	1	0	1	0
           385	2024-01-17 17:08:46	1	0	1	0
           241	2024-01-17 17:08:52	1	0	1	0
           473	2024-01-17 17:09:09	1	0	1	0
           181	2024-01-17 17:10:42	1	0	1	0
           401	2024-01-17 17:11:38	1	0	1	0
            80	2024-01-17 17:19:38	1	0	1	0
            91	2024-01-17 17:26:41	1	0	1	0
           185	2024-01-17 17:33:52	1	0	1	0
           118	2024-01-17 17:36:36	1	0	1	0
           332	2024-01-17 17:43:52	1	0	1	0
           145	2024-01-17 17:46:19	1	0	1	0
           369	2024-01-17 17:47:18	1	0	1	0
            58	2024-01-18 06:38:42	1	0	1	0
           385	2024-01-18 06:43:52	1	0	1	0
            80	2024-01-18 07:17:45	1	0	1	0
           185	2024-01-18 07:20:19	1	0	1	0
            91	2024-01-18 07:22:17	1	0	1	0
           602	2024-01-18 07:25:12	1	0	1	0
           473	2024-01-18 07:42:14	1	0	1	0
           145	2024-01-18 07:45:50	1	0	1	0
           527	2024-01-18 07:48:23	1	0	1	0
           379	2024-01-18 07:48:31	1	0	1	0
           536	2024-01-18 07:49:53	1	0	1	0
           241	2024-01-18 07:50:03	1	0	1	0
           180	2024-01-18 07:50:12	1	0	1	0
           118	2024-01-18 07:52:02	1	0	1	0
            48	2024-01-18 07:54:09	1	0	1	0
           187	2024-01-18 07:56:42	1	0	1	0
           181	2024-01-18 07:56:48	1	0	1	0
           142	2024-01-18 07:57:28	1	0	1	0
           132	2024-01-18 07:58:08	1	0	1	0
           401	2024-01-18 07:59:06	1	0	1	0
            57	2024-01-18 08:12:09	1	0	1	0
           605	2024-01-18 08:20:38	1	0	1	0
           369	2024-01-18 08:53:17	1	0	1	0
           385	2024-01-18 11:39:59	1	0	1	0
           473	2024-01-18 12:00:21	1	0	1	0
           536	2024-01-18 12:00:40	1	0	1	0
           527	2024-01-18 12:00:44	1	0	1	0
           385	2024-01-18 12:00:54	1	0	1	0
           180	2024-01-18 12:01:15	1	0	1	0
           379	2024-01-18 12:01:34	1	0	1	0
           132	2024-01-18 12:01:50	1	0	1	0
           142	2024-01-18 12:01:55	1	0	1	0
            58	2024-01-18 12:02:40	1	0	1	0
           369	2024-01-18 12:02:44	1	0	1	0
            57	2024-01-18 12:02:55	1	0	1	0
            48	2024-01-18 12:03:06	1	0	1	0
           185	2024-01-18 12:03:26	1	0	1	0
            80	2024-01-18 12:03:32	1	0	1	0
           602	2024-01-18 12:05:43	1	0	1	0
           605	2024-01-18 12:05:46	1	0	1	0
           145	2024-01-18 12:08:33	1	0	1	0
           401	2024-01-18 12:08:38	1	0	1	0
           181	2024-01-18 12:10:23	1	0	1	0
           241	2024-01-18 12:15:37	1	0	1	0
            57	2024-01-18 12:18:27	1	0	1	0
            58	2024-01-18 12:20:10	1	0	1	0
           605	2024-01-18 12:20:47	1	0	1	0
            48	2024-01-18 12:20:53	1	0	1	0
           473	2024-01-18 12:21:39	1	0	1	0
           602	2024-01-18 12:22:12	1	0	1	0
           379	2024-01-18 12:22:33	1	0	1	0
            80	2024-01-18 12:22:44	1	0	1	0
           332	2024-01-18 12:27:39	1	0	1	0
           369	2024-01-18 12:28:04	1	0	1	0
           145	2024-01-18 12:29:36	1	0	1	0
           401	2024-01-18 12:29:43	1	0	1	0
           180	2024-01-18 12:35:39	1	0	1	0
           181	2024-01-18 12:35:52	1	0	1	0
           536	2024-01-18 12:35:58	1	0	1	0
           527	2024-01-18 12:36:28	1	0	1	0
           241	2024-01-18 12:36:32	1	0	1	0
           185	2024-01-18 12:36:37	1	0	1	0
           332	2024-01-18 12:51:00	1	0	1	0
           142	2024-01-18 12:52:49	1	0	1	0
           132	2024-01-18 12:52:52	1	0	1	0
           471	2024-01-18 12:55:08	1	0	1	0
           379	2024-01-18 17:00:04	1	0	1	0
            80	2024-01-18 17:00:09	1	0	1	0
           536	2024-01-18 17:00:13	1	0	1	0
           471	2024-01-18 17:00:18	1	0	1	0
           602	2024-01-18 17:00:22	1	0	1	0
           605	2024-01-18 17:00:28	1	0	1	0
            58	2024-01-18 17:00:55	1	0	1	0
            57	2024-01-18 17:01:09	1	0	1	0
           180	2024-01-18 17:01:14	1	0	1	0
           527	2024-01-18 17:01:20	1	0	1	0
            48	2024-01-18 17:01:27	1	0	1	0
           369	2024-01-18 17:02:10	1	0	1	0
           473	2024-01-18 17:02:22	1	0	1	0
           181	2024-01-18 17:03:00	1	0	1	0
           241	2024-01-18 17:03:24	1	0	1	0
           132	2024-01-18 17:08:05	1	0	1	0
           142	2024-01-18 17:08:11	1	0	1	0
           385	2024-01-18 17:08:53	1	0	1	0
           185	2024-01-18 17:15:37	1	0	1	0
           145	2024-01-18 17:29:17	1	0	1	0
           401	2024-01-18 17:30:08	1	0	1	0
           332	2024-01-18 17:33:58	1	0	1	0
            91	2024-01-18 18:26:19	1	0	1	0
            58	2024-01-19 06:35:26	1	0	1	0
           385	2024-01-19 06:45:34	1	0	1	0
            80	2024-01-19 07:02:31	1	0	1	0
           185	2024-01-19 07:22:55	1	0	1	0
            91	2024-01-19 07:24:32	1	0	1	0
           602	2024-01-19 07:29:19	1	0	1	0
           241	2024-01-19 07:31:01	1	0	1	0
           605	2024-01-19 07:32:14	1	0	1	0
           471	2024-01-19 07:42:38	1	0	1	0
           473	2024-01-19 07:44:27	1	0	1	0
           527	2024-01-19 07:47:37	1	0	1	0
            48	2024-01-19 07:48:29	1	0	1	0
           145	2024-01-19 07:49:07	1	0	1	0
           180	2024-01-19 07:49:34	1	0	1	0
           187	2024-01-19 07:50:04	1	0	1	0
           536	2024-01-19 07:52:37	1	0	1	0
           379	2024-01-19 07:52:43	1	0	1	0
            57	2024-01-19 07:57:50	1	0	1	0
           142	2024-01-19 07:59:31	1	0	1	0
           132	2024-01-19 07:59:38	1	0	1	0
           181	2024-01-19 07:59:50	1	0	1	0
           401	2024-01-19 08:12:52	1	0	1	0
           369	2024-01-19 08:48:42	1	0	1	0
           144	2024-01-19 09:16:31	1	0	1	0
           332	2024-01-19 10:08:57	1	0	1	0
           385	2024-01-19 11:31:04	1	0	1	0
            80	2024-01-19 12:00:15	1	0	1	0
            57	2024-01-19 12:04:06	1	0	1	0
           379	2024-01-19 12:04:21	1	0	1	0
            91	2024-01-19 12:04:25	1	0	1	0
           241	2024-01-19 12:04:32	1	0	1	0
           185	2024-01-19 12:05:00	1	0	1	0
           527	2024-01-19 12:05:09	1	0	1	0
           180	2024-01-19 12:05:14	1	0	1	0
           385	2024-01-19 12:05:20	1	0	1	0
           536	2024-01-19 12:05:24	1	0	1	0
           369	2024-01-19 12:05:31	1	0	1	0
           332	2024-01-19 12:06:32	1	0	1	0
           144	2024-01-19 12:07:33	1	0	1	0
           187	2024-01-19 12:07:37	1	0	1	0
           471	2024-01-19 12:08:08	1	0	1	0
            58	2024-01-19 12:08:17	1	0	1	0
           142	2024-01-19 12:08:23	1	0	1	0
           132	2024-01-19 12:08:33	1	0	1	0
           473	2024-01-19 12:08:42	1	0	1	0
            48	2024-01-19 12:08:48	1	0	1	0
           602	2024-01-19 12:08:54	1	0	1	0
           605	2024-01-19 12:14:23	1	0	1	0
           379	2024-01-19 12:20:03	1	0	1	0
            80	2024-01-19 12:21:36	1	0	1	0
           369	2024-01-19 12:22:12	1	0	1	0
           145	2024-01-19 12:22:22	1	0	1	0
           401	2024-01-19 12:22:29	1	0	1	0
            58	2024-01-19 12:23:44	1	0	1	0
            48	2024-01-19 12:27:46	1	0	1	0
           187	2024-01-19 12:27:57	1	0	1	0
           473	2024-01-19 12:28:43	1	0	1	0
           602	2024-01-19 12:28:55	1	0	1	0
           471	2024-01-19 12:30:44	1	0	1	0
           241	2024-01-19 12:35:13	1	0	1	0
           605	2024-01-19 12:35:19	1	0	1	0
            91	2024-01-19 12:38:06	1	0	1	0
           180	2024-01-19 12:39:14	1	0	1	0
           527	2024-01-19 12:39:19	1	0	1	0
           536	2024-01-19 12:40:51	1	0	1	0
           185	2024-01-19 12:41:15	1	0	1	0
           181	2024-01-19 12:41:23	1	0	1	0
           145	2024-01-19 12:41:49	1	0	1	0
           401	2024-01-19 12:41:56	1	0	1	0
           142	2024-01-19 12:44:32	1	0	1	0
           132	2024-01-19 12:45:01	1	0	1	0
           332	2024-01-19 12:46:00	1	0	1	0
            57	2024-01-19 12:46:15	1	0	1	0
           144	2024-01-19 12:58:01	1	0	1	0
           181	2024-01-19 13:02:27	1	0	1	0
            57	2024-01-19 17:00:10	1	0	1	0
           369	2024-01-19 17:00:16	1	0	1	0
            91	2024-01-19 17:00:22	1	0	1	0
           379	2024-01-19 17:00:32	1	0	1	0
           241	2024-01-19 17:00:35	1	0	1	0
           185	2024-01-19 17:00:43	1	0	1	0
           332	2024-01-19 17:00:54	1	0	1	0
            48	2024-01-19 17:01:05	1	0	1	0
            58	2024-01-19 17:01:12	1	0	1	0
           536	2024-01-19 17:01:18	1	0	1	0
           181	2024-01-19 17:01:25	1	0	1	0
           527	2024-01-19 17:01:30	1	0	1	0
           602	2024-01-19 17:02:02	1	0	1	0
           180	2024-01-19 17:04:14	1	0	1	0
           385	2024-01-19 17:04:20	1	0	1	0
           132	2024-01-19 17:04:32	1	0	1	0
           142	2024-01-19 17:04:39	1	0	1	0
           473	2024-01-19 17:05:27	1	0	1	0
           471	2024-01-19 17:08:39	1	0	1	0
           605	2024-01-19 17:08:44	1	0	1	0
           187	2024-01-19 17:12:43	1	0	1	0
           145	2024-01-19 17:14:57	1	0	1	0
            80	2024-01-19 17:23:53	1	0	1	0
           144	2024-01-19 17:37:39	1	0	1	0
           401	2024-01-19 17:44:12	1	0	1	0
           605	2024-01-20 07:27:16	1	0	1	0
           602	2024-01-20 07:35:26	1	0	1	0
           602	2024-01-20 12:05:04	1	0	1	0
           605	2024-01-20 12:05:09	1	0	1	0
           602	2024-01-20 12:49:45	1	0	1	0
           605	2024-01-20 12:49:49	1	0	1	0
           605	2024-01-20 17:02:29	1	0	1	0
           602	2024-01-20 17:02:51	1	0	1	0
            58	2024-01-22 06:36:38	1	0	1	0
           385	2024-01-22 06:44:49	1	0	1	0
           187	2024-01-22 07:09:36	1	0	1	0
           605	2024-01-22 07:17:19	1	0	1	0
           185	2024-01-22 07:30:11	1	0	1	0
            91	2024-01-22 07:34:15	1	0	1	0
           118	2024-01-22 07:39:07	1	0	1	0
           602	2024-01-22 07:39:32	1	0	1	0
           379	2024-01-22 07:44:52	1	0	1	0
           145	2024-01-22 07:45:27	1	0	1	0
           473	2024-01-22 07:46:36	1	0	1	0
           551	2024-01-22 07:51:03	1	0	1	0
           472	2024-01-22 07:54:47	1	0	1	0
           471	2024-01-22 07:54:52	1	0	1	0
           527	2024-01-22 07:54:57	1	0	1	0
            57	2024-01-22 07:55:05	1	0	1	0
           180	2024-01-22 07:56:36	1	0	1	0
           241	2024-01-22 07:58:50	1	0	1	0
            48	2024-01-22 08:00:46	1	0	1	0
           181	2024-01-22 08:03:51	1	0	1	0
            80	2024-01-22 08:04:54	1	0	1	0
           369	2024-01-22 08:05:12	1	0	1	0
           401	2024-01-22 08:05:34	1	0	1	0
           132	2024-01-22 08:15:19	1	0	1	0
           142	2024-01-22 08:18:27	1	0	1	0
           144	2024-01-22 09:15:55	1	0	1	0
           385	2024-01-22 11:33:11	1	0	1	0
            91	2024-01-22 12:01:05	1	0	1	0
           142	2024-01-22 12:01:11	1	0	1	0
           379	2024-01-22 12:01:16	1	0	1	0
           472	2024-01-22 12:01:21	1	0	1	0
           471	2024-01-22 12:01:25	1	0	1	0
            80	2024-01-22 12:01:38	1	0	1	0
           551	2024-01-22 12:02:07	1	0	1	0
           241	2024-01-22 12:02:55	1	0	1	0
           180	2024-01-22 12:03:32	1	0	1	0
           527	2024-01-22 12:03:41	1	0	1	0
           385	2024-01-22 12:03:47	1	0	1	0
           185	2024-01-22 12:04:17	1	0	1	0
           132	2024-01-22 12:04:31	1	0	1	0
           605	2024-01-22 12:06:03	1	0	1	0
           473	2024-01-22 12:09:15	1	0	1	0
           602	2024-01-22 12:09:25	1	0	1	0
           369	2024-01-22 12:09:35	1	0	1	0
            58	2024-01-22 12:11:30	1	0	1	0
            57	2024-01-22 12:11:53	1	0	1	0
           118	2024-01-22 12:11:58	1	0	1	0
            48	2024-01-22 12:12:07	1	0	1	0
           379	2024-01-22 12:17:03	1	0	1	0
           142	2024-01-22 12:19:15	1	0	1	0
            80	2024-01-22 12:19:37	1	0	1	0
           551	2024-01-22 12:19:40	1	0	1	0
           132	2024-01-22 12:22:21	1	0	1	0
           144	2024-01-22 12:23:22	1	0	1	0
           145	2024-01-22 12:23:26	1	0	1	0
           187	2024-01-22 12:23:30	1	0	1	0
           401	2024-01-22 12:23:35	1	0	1	0
           369	2024-01-22 12:25:21	1	0	1	0
            58	2024-01-22 12:27:03	1	0	1	0
            57	2024-01-22 12:27:13	1	0	1	0
            48	2024-01-22 12:27:29	1	0	1	0
           241	2024-01-22 12:29:12	1	0	1	0
           180	2024-01-22 12:31:24	1	0	1	0
           527	2024-01-22 12:31:28	1	0	1	0
           471	2024-01-22 12:33:41	1	0	1	0
           118	2024-01-22 12:33:51	1	0	1	0
            91	2024-01-22 12:34:48	1	0	1	0
           472	2024-01-22 12:35:44	1	0	1	0
           185	2024-01-22 12:38:54	1	0	1	0
           602	2024-01-22 12:39:37	1	0	1	0
           332	2024-01-22 12:43:10	1	0	1	0
           536	2024-01-22 12:44:24	1	0	1	0
           473	2024-01-22 12:45:43	1	0	1	0
           145	2024-01-22 12:46:10	1	0	1	0
           401	2024-01-22 12:46:22	1	0	1	0
           187	2024-01-22 12:47:26	1	0	1	0
           144	2024-01-22 12:54:52	1	0	1	0
           332	2024-01-22 12:58:15	1	0	1	0
           605	2024-01-22 13:08:49	1	0	1	0
            57	2024-01-22 17:00:08	1	0	1	0
           241	2024-01-22 17:00:12	1	0	1	0
            58	2024-01-22 17:00:21	1	0	1	0
            48	2024-01-22 17:00:28	1	0	1	0
           471	2024-01-22 17:00:33	1	0	1	0
            80	2024-01-22 17:00:37	1	0	1	0
           551	2024-01-22 17:00:43	1	0	1	0
           185	2024-01-22 17:00:50	1	0	1	0
           472	2024-01-22 17:00:57	1	0	1	0
           473	2024-01-22 17:01:03	1	0	1	0
           602	2024-01-22 17:01:12	1	0	1	0
           605	2024-01-22 17:01:18	1	0	1	0
           181	2024-01-22 17:01:22	1	0	1	0
           527	2024-01-22 17:01:26	1	0	1	0
           536	2024-01-22 17:01:58	1	0	1	0
           379	2024-01-22 17:02:37	1	0	1	0
           118	2024-01-22 17:03:33	1	0	1	0
           180	2024-01-22 17:03:58	1	0	1	0
           369	2024-01-22 17:05:04	1	0	1	0
           385	2024-01-22 17:05:23	1	0	1	0
           187	2024-01-22 17:19:23	1	0	1	0
           401	2024-01-22 17:24:57	1	0	1	0
            91	2024-01-22 17:35:05	1	0	1	0
           145	2024-01-22 17:43:02	1	0	1	0
           332	2024-01-22 17:45:44	1	0	1	0
           144	2024-01-22 17:59:30	1	0	1	0
           132	2024-01-22 18:05:35	1	0	1	0
           142	2024-01-22 18:28:38	1	0	1	0
            58	2024-01-23 06:35:43	1	0	1	0
           385	2024-01-23 06:49:06	1	0	1	0
           332	2024-01-23 07:28:01	1	0	1	0
           602	2024-01-23 07:28:57	1	0	1	0
           185	2024-01-23 07:32:43	1	0	1	0
            91	2024-01-23 07:33:59	1	0	1	0
           187	2024-01-23 07:36:17	1	0	1	0
           241	2024-01-23 07:41:32	1	0	1	0
           180	2024-01-23 07:42:00	1	0	1	0
           118	2024-01-23 07:42:08	1	0	1	0
           527	2024-01-23 07:44:32	1	0	1	0
           605	2024-01-23 07:52:58	1	0	1	0
           379	2024-01-23 07:55:02	1	0	1	0
           551	2024-01-23 07:56:10	1	0	1	0
           536	2024-01-23 07:57:04	1	0	1	0
           472	2024-01-23 07:57:14	1	0	1	0
           471	2024-01-23 07:57:22	1	0	1	0
           145	2024-01-23 07:58:23	1	0	1	0
            48	2024-01-23 07:58:42	1	0	1	0
            80	2024-01-23 08:01:17	1	0	1	0
           132	2024-01-23 08:02:15	1	0	1	0
            57	2024-01-23 08:03:46	1	0	1	0
           181	2024-01-23 08:06:52	1	0	1	0
           369	2024-01-23 08:11:54	1	0	1	0
           401	2024-01-23 08:15:53	1	0	1	0
           144	2024-01-23 08:47:25	1	0	1	0
           385	2024-01-23 11:30:27	1	0	1	0
            80	2024-01-23 12:00:12	1	0	1	0
           551	2024-01-23 12:00:21	1	0	1	0
           369	2024-01-23 12:00:37	1	0	1	0
            48	2024-01-23 12:01:05	1	0	1	0
            58	2024-01-23 12:01:13	1	0	1	0
           473	2024-01-23 12:01:20	1	0	1	0
           536	2024-01-23 12:01:26	1	0	1	0
           527	2024-01-23 12:01:31	1	0	1	0
           385	2024-01-23 12:01:37	1	0	1	0
           472	2024-01-23 12:01:43	1	0	1	0
           602	2024-01-23 12:01:47	1	0	1	0
           605	2024-01-23 12:01:51	1	0	1	0
           471	2024-01-23 12:01:54	1	0	1	0
           180	2024-01-23 12:03:58	1	0	1	0
           241	2024-01-23 12:04:05	1	0	1	0
           181	2024-01-23 12:04:08	1	0	1	0
           185	2024-01-23 12:06:32	1	0	1	0
           118	2024-01-23 12:07:30	1	0	1	0
           144	2024-01-23 12:08:40	1	0	1	0
           605	2024-01-23 12:18:24	1	0	1	0
           473	2024-01-23 12:18:31	1	0	1	0
           145	2024-01-23 12:19:13	1	0	1	0
           401	2024-01-23 12:19:21	1	0	1	0
            48	2024-01-23 12:19:32	1	0	1	0
            58	2024-01-23 12:19:46	1	0	1	0
           332	2024-01-23 12:20:06	1	0	1	0
           241	2024-01-23 12:20:14	1	0	1	0
           181	2024-01-23 12:20:18	1	0	1	0
            57	2024-01-23 12:21:08	1	0	1	0
           369	2024-01-23 12:25:29	1	0	1	0
           144	2024-01-23 12:25:45	1	0	1	0
           471	2024-01-23 12:25:51	1	0	1	0
           118	2024-01-23 12:25:57	1	0	1	0
           472	2024-01-23 12:26:05	1	0	1	0
           551	2024-01-23 12:30:03	1	0	1	0
            80	2024-01-23 12:30:10	1	0	1	0
           185	2024-01-23 12:31:46	1	0	1	0
           180	2024-01-23 12:36:26	1	0	1	0
           536	2024-01-23 12:36:30	1	0	1	0
            91	2024-01-23 12:36:36	1	0	1	0
           527	2024-01-23 12:36:43	1	0	1	0
           132	2024-01-23 12:37:01	1	0	1	0
           602	2024-01-23 12:38:18	1	0	1	0
            57	2024-01-23 12:42:56	1	0	1	0
           145	2024-01-23 12:45:54	1	0	1	0
           401	2024-01-23 12:46:01	1	0	1	0
           379	2024-01-23 12:47:29	1	0	1	0
           332	2024-01-23 12:53:45	1	0	1	0
           132	2024-01-23 13:00:23	1	0	1	0
           379	2024-01-23 13:03:32	1	0	1	0
            91	2024-01-23 13:04:49	1	0	1	0
            57	2024-01-23 17:00:08	1	0	1	0
           379	2024-01-23 17:00:15	1	0	1	0
           536	2024-01-23 17:00:42	1	0	1	0
            48	2024-01-23 17:01:06	1	0	1	0
           527	2024-01-23 17:01:28	1	0	1	0
           241	2024-01-23 17:01:32	1	0	1	0
            58	2024-01-23 17:01:41	1	0	1	0
           185	2024-01-23 17:01:48	1	0	1	0
            91	2024-01-23 17:01:52	1	0	1	0
           181	2024-01-23 17:01:55	1	0	1	0
           369	2024-01-23 17:02:34	1	0	1	0
           471	2024-01-23 17:03:28	1	0	1	0
           472	2024-01-23 17:03:45	1	0	1	0
           385	2024-01-23 17:06:29	1	0	1	0
           180	2024-01-23 17:06:40	1	0	1	0
           602	2024-01-23 17:07:28	1	0	1	0
           551	2024-01-23 17:09:34	1	0	1	0
           473	2024-01-23 17:09:47	1	0	1	0
           605	2024-01-23 17:10:04	1	0	1	0
            80	2024-01-23 17:19:51	1	0	1	0
           332	2024-01-23 17:20:31	1	0	1	0
           187	2024-01-23 17:23:21	1	0	1	0
           144	2024-01-23 17:43:08	1	0	1	0
           145	2024-01-23 17:51:25	1	0	1	0
           401	2024-01-23 17:51:31	1	0	1	0
           132	2024-01-23 18:00:32	1	0	1	0
           385	2024-01-24 06:31:04	1	0	1	0
            58	2024-01-24 06:33:10	1	0	1	0
           187	2024-01-24 06:59:16	1	0	1	0
           602	2024-01-24 07:33:31	1	0	1	0
           369	2024-01-24 07:37:47	1	0	1	0
           180	2024-01-24 07:39:09	1	0	1	0
           241	2024-01-24 07:41:15	1	0	1	0
           118	2024-01-24 07:43:45	1	0	1	0
           379	2024-01-24 07:44:21	1	0	1	0
           473	2024-01-24 07:47:31	1	0	1	0
           605	2024-01-24 07:48:16	1	0	1	0
           536	2024-01-24 07:48:54	1	0	1	0
           185	2024-01-24 07:51:50	1	0	1	0
           527	2024-01-24 07:53:12	1	0	1	0
            91	2024-01-24 07:54:16	1	0	1	0
           401	2024-01-24 07:58:39	1	0	1	0
           145	2024-01-24 08:00:01	1	0	1	0
            48	2024-01-24 08:00:07	1	0	1	0
           472	2024-01-24 08:01:43	1	0	1	0
           471	2024-01-24 08:01:50	1	0	1	0
            57	2024-01-24 08:04:51	1	0	1	0
           142	2024-01-24 08:07:53	1	0	1	0
           132	2024-01-24 08:07:57	1	0	1	0
           181	2024-01-24 08:08:06	1	0	1	0
           144	2024-01-24 08:44:22	1	0	1	0
           332	2024-01-24 09:05:36	1	0	1	0
           385	2024-01-24 11:32:17	1	0	1	0
           471	2024-01-24 12:01:32	1	0	1	0
           605	2024-01-24 12:01:39	1	0	1	0
           132	2024-01-24 12:01:57	1	0	1	0
            57	2024-01-24 12:02:38	1	0	1	0
            58	2024-01-24 12:02:47	1	0	1	0
           473	2024-01-24 12:02:51	1	0	1	0
           602	2024-01-24 12:02:56	1	0	1	0
           185	2024-01-24 12:03:40	1	0	1	0
           181	2024-01-24 12:03:44	1	0	1	0
           385	2024-01-24 12:03:52	1	0	1	0
           536	2024-01-24 12:04:22	1	0	1	0
           527	2024-01-24 12:04:29	1	0	1	0
           187	2024-01-24 12:04:46	1	0	1	0
            48	2024-01-24 12:04:50	1	0	1	0
           472	2024-01-24 12:04:56	1	0	1	0
           118	2024-01-24 12:05:01	1	0	1	0
           379	2024-01-24 12:05:46	1	0	1	0
            91	2024-01-24 12:10:03	1	0	1	0
           369	2024-01-24 12:11:05	1	0	1	0
           145	2024-01-24 12:16:25	1	0	1	0
           401	2024-01-24 12:16:33	1	0	1	0
           144	2024-01-24 12:16:55	1	0	1	0
            57	2024-01-24 12:20:58	1	0	1	0
            48	2024-01-24 12:21:16	1	0	1	0
            58	2024-01-24 12:21:29	1	0	1	0
           471	2024-01-24 12:23:06	1	0	1	0
           187	2024-01-24 12:25:12	1	0	1	0
           379	2024-01-24 12:27:10	1	0	1	0
           332	2024-01-24 12:27:19	1	0	1	0
           180	2024-01-24 12:30:54	1	0	1	0
           605	2024-01-24 12:31:29	1	0	1	0
            91	2024-01-24 12:34:00	1	0	1	0
           185	2024-01-24 12:34:06	1	0	1	0
           181	2024-01-24 12:34:11	1	0	1	0
           536	2024-01-24 12:34:17	1	0	1	0
           527	2024-01-24 12:34:22	1	0	1	0
           241	2024-01-24 12:36:33	1	0	1	0
           472	2024-01-24 12:37:18	1	0	1	0
           473	2024-01-24 12:37:21	1	0	1	0
           118	2024-01-24 12:37:38	1	0	1	0
           602	2024-01-24 12:38:05	1	0	1	0
           145	2024-01-24 12:39:56	1	0	1	0
           401	2024-01-24 12:40:02	1	0	1	0
           142	2024-01-24 12:42:42	1	0	1	0
           132	2024-01-24 12:42:53	1	0	1	0
           180	2024-01-24 12:45:54	1	0	1	0
           332	2024-01-24 12:46:28	1	0	1	0
           142	2024-01-24 12:58:05	1	0	1	0
           369	2024-01-24 12:58:57	1	0	1	0
           144	2024-01-24 12:59:01	1	0	1	0
            57	2024-01-24 17:00:05	1	0	1	0
            48	2024-01-24 17:00:22	1	0	1	0
            58	2024-01-24 17:00:29	1	0	1	0
           369	2024-01-24 17:00:35	1	0	1	0
           181	2024-01-24 17:00:39	1	0	1	0
           536	2024-01-24 17:00:47	1	0	1	0
           132	2024-01-24 17:01:18	1	0	1	0
           142	2024-01-24 17:01:26	1	0	1	0
           145	2024-01-24 17:02:17	1	0	1	0
           472	2024-01-24 17:02:36	1	0	1	0
           471	2024-01-24 17:03:12	1	0	1	0
           602	2024-01-24 17:04:23	1	0	1	0
           144	2024-01-24 17:04:32	1	0	1	0
           241	2024-01-24 17:05:18	1	0	1	0
           605	2024-01-24 17:07:09	1	0	1	0
           473	2024-01-24 17:07:15	1	0	1	0
           118	2024-01-24 17:07:29	1	0	1	0
           187	2024-01-24 17:09:24	1	0	1	0
           385	2024-01-24 17:11:12	1	0	1	0
           527	2024-01-24 17:12:15	1	0	1	0
           185	2024-01-24 17:12:36	1	0	1	0
           379	2024-01-24 17:25:38	1	0	1	0
           401	2024-01-24 17:47:11	1	0	1	0
           332	2024-01-24 19:58:36	1	0	1	0
           185	2024-01-24 20:51:16	1	0	1	0
            91	2024-01-24 20:52:10	1	0	1	0
           180	2024-01-24 20:54:23	1	0	1	0
            91	2024-01-25 06:21:50	1	0	1	0
            58	2024-01-25 06:38:25	1	0	1	0
           385	2024-01-25 07:01:51	1	0	1	0
           473	2024-01-25 07:08:44	1	0	1	0
           602	2024-01-25 07:29:32	1	0	1	0
           605	2024-01-25 07:40:44	1	0	1	0
           379	2024-01-25 07:44:56	1	0	1	0
           181	2024-01-25 07:48:37	1	0	1	0
           536	2024-01-25 07:50:56	1	0	1	0
           180	2024-01-25 07:51:43	1	0	1	0
            57	2024-01-25 07:51:51	1	0	1	0
           118	2024-01-25 07:52:53	1	0	1	0
           241	2024-01-25 07:53:23	1	0	1	0
           527	2024-01-25 07:54:55	1	0	1	0
           145	2024-01-25 07:55:28	1	0	1	0
           472	2024-01-25 07:59:23	1	0	1	0
           471	2024-01-25 07:59:28	1	0	1	0
           187	2024-01-25 08:02:13	1	0	1	0
            48	2024-01-25 08:05:33	1	0	1	0
           142	2024-01-25 08:18:53	1	0	1	0
           132	2024-01-25 08:19:23	1	0	1	0
           401	2024-01-25 08:29:24	1	0	1	0
           185	2024-01-25 08:32:39	1	0	1	0
           369	2024-01-25 09:10:03	1	0	1	0
           385	2024-01-25 11:33:58	1	0	1	0
           132	2024-01-25 12:00:38	1	0	1	0
           142	2024-01-25 12:00:45	1	0	1	0
           379	2024-01-25 12:01:08	1	0	1	0
            48	2024-01-25 12:02:56	1	0	1	0
           187	2024-01-25 12:03:02	1	0	1	0
           385	2024-01-25 12:03:11	1	0	1	0
            57	2024-01-25 12:03:25	1	0	1	0
           471	2024-01-25 12:03:35	1	0	1	0
           118	2024-01-25 12:03:51	1	0	1	0
            58	2024-01-25 12:04:23	1	0	1	0
           602	2024-01-25 12:04:35	1	0	1	0
           473	2024-01-25 12:05:58	1	0	1	0
           605	2024-01-25 12:07:11	1	0	1	0
           472	2024-01-25 12:11:26	1	0	1	0
           369	2024-01-25 12:15:45	1	0	1	0
           142	2024-01-25 12:17:12	1	0	1	0
           132	2024-01-25 12:17:42	1	0	1	0
           181	2024-01-25 12:19:13	1	0	1	0
            57	2024-01-25 12:19:33	1	0	1	0
            48	2024-01-25 12:20:19	1	0	1	0
            58	2024-01-25 12:20:29	1	0	1	0
           185	2024-01-25 12:20:36	1	0	1	0
           536	2024-01-25 12:24:37	1	0	1	0
           180	2024-01-25 12:29:12	1	0	1	0
           144	2024-01-25 12:30:31	1	0	1	0
           145	2024-01-25 12:31:29	1	0	1	0
           187	2024-01-25 12:31:33	1	0	1	0
           401	2024-01-25 12:31:39	1	0	1	0
           471	2024-01-25 12:32:55	1	0	1	0
           473	2024-01-25 12:33:15	1	0	1	0
           605	2024-01-25 12:33:26	1	0	1	0
           602	2024-01-25 12:33:35	1	0	1	0
           118	2024-01-25 12:37:32	1	0	1	0
           527	2024-01-25 12:41:25	1	0	1	0
           185	2024-01-25 12:46:04	1	0	1	0
           181	2024-01-25 12:46:06	1	0	1	0
           180	2024-01-25 12:48:26	1	0	1	0
           145	2024-01-25 12:49:17	1	0	1	0
           401	2024-01-25 12:49:22	1	0	1	0
           536	2024-01-25 12:51:55	1	0	1	0
           241	2024-01-25 12:52:10	1	0	1	0
           472	2024-01-25 12:52:51	1	0	1	0
            91	2024-01-25 12:54:23	1	0	1	0
           527	2024-01-25 12:56:41	1	0	1	0
           379	2024-01-25 12:57:35	1	0	1	0
           536	2024-01-25 17:00:07	1	0	1	0
           185	2024-01-25 17:00:14	1	0	1	0
            91	2024-01-25 17:00:19	1	0	1	0
            57	2024-01-25 17:00:57	1	0	1	0
           379	2024-01-25 17:01:04	1	0	1	0
           527	2024-01-25 17:01:14	1	0	1	0
            58	2024-01-25 17:01:27	1	0	1	0
           181	2024-01-25 17:02:04	1	0	1	0
           241	2024-01-25 17:02:34	1	0	1	0
           385	2024-01-25 17:03:54	1	0	1	0
           180	2024-01-25 17:04:08	1	0	1	0
            48	2024-01-25 17:04:17	1	0	1	0
           132	2024-01-25 17:04:25	1	0	1	0
           369	2024-01-25 17:05:49	1	0	1	0
           471	2024-01-25 17:06:28	1	0	1	0
           472	2024-01-25 17:06:59	1	0	1	0
           118	2024-01-25 17:17:22	1	0	1	0
           187	2024-01-25 17:18:23	1	0	1	0
           145	2024-01-25 17:23:33	1	0	1	0
           144	2024-01-25 17:25:31	1	0	1	0
           401	2024-01-25 17:25:39	1	0	1	0
           142	2024-01-25 17:32:14	1	0	1	0
           473	2024-01-25 18:28:24	1	0	1	0
           602	2024-01-25 18:28:46	1	0	1	0
           605	2024-01-25 18:33:15	1	0	1	0
            91	2024-01-26 06:17:54	1	0	1	0
            58	2024-01-26 06:43:05	1	0	1	0
           385	2024-01-26 06:57:02	1	0	1	0
           473	2024-01-26 07:26:51	1	0	1	0
           602	2024-01-26 07:28:32	1	0	1	0
           605	2024-01-26 07:37:38	1	0	1	0
           145	2024-01-26 07:43:45	1	0	1	0
           527	2024-01-26 07:44:21	1	0	1	0
           241	2024-01-26 07:48:56	1	0	1	0
           187	2024-01-26 07:49:22	1	0	1	0
           181	2024-01-26 07:50:37	1	0	1	0
           185	2024-01-26 07:52:55	1	0	1	0
           379	2024-01-26 07:53:41	1	0	1	0
           472	2024-01-26 07:56:11	1	0	1	0
           471	2024-01-26 07:56:52	1	0	1	0
           536	2024-01-26 07:56:58	1	0	1	0
            57	2024-01-26 07:59:02	1	0	1	0
           142	2024-01-26 08:00:46	1	0	1	0
           132	2024-01-26 08:01:05	1	0	1	0
            48	2024-01-26 08:03:01	1	0	1	0
           118	2024-01-26 08:04:03	1	0	1	0
           180	2024-01-26 08:16:59	1	0	1	0
           369	2024-01-26 08:21:51	1	0	1	0
           401	2024-01-26 08:33:56	1	0	1	0
           144	2024-01-26 08:41:42	1	0	1	0
           385	2024-01-26 11:35:24	1	0	1	0
           142	2024-01-26 12:00:32	1	0	1	0
           181	2024-01-26 12:00:38	1	0	1	0
           536	2024-01-26 12:00:42	1	0	1	0
           527	2024-01-26 12:00:47	1	0	1	0
           385	2024-01-26 12:01:01	1	0	1	0
           180	2024-01-26 12:01:07	1	0	1	0
           379	2024-01-26 12:01:11	1	0	1	0
            57	2024-01-26 12:01:20	1	0	1	0
           132	2024-01-26 12:02:03	1	0	1	0
           471	2024-01-26 12:02:23	1	0	1	0
           473	2024-01-26 12:02:45	1	0	1	0
           602	2024-01-26 12:02:52	1	0	1	0
            58	2024-01-26 12:03:01	1	0	1	0
           118	2024-01-26 12:03:27	1	0	1	0
           472	2024-01-26 12:03:31	1	0	1	0
            48	2024-01-26 12:03:43	1	0	1	0
           241	2024-01-26 12:05:57	1	0	1	0
            91	2024-01-26 12:06:32	1	0	1	0
           185	2024-01-26 12:07:30	1	0	1	0
           142	2024-01-26 12:16:10	1	0	1	0
           132	2024-01-26 12:17:04	1	0	1	0
            57	2024-01-26 12:17:11	1	0	1	0
           379	2024-01-26 12:17:16	1	0	1	0
           605	2024-01-26 12:18:25	1	0	1	0
            48	2024-01-26 12:20:05	1	0	1	0
            58	2024-01-26 12:20:18	1	0	1	0
           472	2024-01-26 12:21:50	1	0	1	0
           471	2024-01-26 12:22:05	1	0	1	0
           602	2024-01-26 12:22:13	1	0	1	0
           118	2024-01-26 12:22:31	1	0	1	0
           145	2024-01-26 12:24:17	1	0	1	0
           401	2024-01-26 12:24:24	1	0	1	0
           241	2024-01-26 12:24:50	1	0	1	0
           144	2024-01-26 12:30:10	1	0	1	0
           181	2024-01-26 12:30:59	1	0	1	0
           185	2024-01-26 12:31:05	1	0	1	0
           180	2024-01-26 12:31:19	1	0	1	0
           536	2024-01-26 12:31:24	1	0	1	0
           527	2024-01-26 12:31:35	1	0	1	0
           473	2024-01-26 12:31:46	1	0	1	0
            91	2024-01-26 12:32:25	1	0	1	0
           605	2024-01-26 12:42:55	1	0	1	0
           145	2024-01-26 12:48:39	1	0	1	0
           401	2024-01-26 12:48:47	1	0	1	0
           144	2024-01-26 12:57:11	1	0	1	0
           181	2024-01-26 16:55:12	1	0	1	0
           527	2024-01-26 17:00:05	1	0	1	0
           536	2024-01-26 17:00:10	1	0	1	0
           379	2024-01-26 17:00:18	1	0	1	0
           241	2024-01-26 17:00:22	1	0	1	0
           471	2024-01-26 17:01:15	1	0	1	0
           472	2024-01-26 17:02:06	1	0	1	0
           118	2024-01-26 17:02:57	1	0	1	0
           180	2024-01-26 17:03:03	1	0	1	0
           385	2024-01-26 17:03:09	1	0	1	0
           185	2024-01-26 17:04:31	1	0	1	0
            57	2024-01-26 17:04:45	1	0	1	0
           187	2024-01-26 17:04:49	1	0	1	0
            58	2024-01-26 17:05:55	1	0	1	0
           145	2024-01-26 17:07:26	1	0	1	0
           132	2024-01-26 17:08:16	1	0	1	0
           142	2024-01-26 17:08:23	1	0	1	0
           369	2024-01-26 17:10:21	1	0	1	0
            91	2024-01-26 17:16:49	1	0	1	0
           605	2024-01-26 17:19:00	1	0	1	0
           602	2024-01-26 17:19:07	1	0	1	0
           473	2024-01-26 17:22:03	1	0	1	0
           144	2024-01-26 17:43:07	1	0	1	0
           401	2024-01-26 17:43:40	1	0	1	0
            48	2024-01-26 17:55:23	1	0	1	0
           602	2024-01-27 07:44:17	1	0	1	0
           605	2024-01-27 07:47:14	1	0	1	0
           471	2024-01-27 07:47:50	1	0	1	0
           473	2024-01-27 07:59:59	1	0	1	0
           605	2024-01-27 12:00:03	1	0	1	0
           602	2024-01-27 12:00:11	1	0	1	0
           471	2024-01-27 12:00:19	1	0	1	0
           473	2024-01-27 12:00:24	1	0	1	0
           473	2024-01-27 12:23:21	1	0	1	0
           602	2024-01-27 12:27:26	1	0	1	0
           605	2024-01-27 12:27:34	1	0	1	0
           471	2024-01-27 12:28:02	1	0	1	0
           605	2024-01-27 17:03:33	1	0	1	0
           473	2024-01-27 17:04:28	1	0	1	0
           471	2024-01-27 17:04:59	1	0	1	0
           602	2024-01-27 17:05:24	1	0	1	0
           605	2024-01-28 07:41:17	1	0	1	0
           471	2024-01-28 07:44:29	1	0	1	0
           473	2024-01-28 07:45:13	1	0	1	0
           602	2024-01-28 07:50:51	1	0	1	0
           473	2024-01-28 12:16:17	1	0	1	0
           471	2024-01-28 12:16:26	1	0	1	0
           602	2024-01-28 12:16:31	1	0	1	0
           605	2024-01-28 12:16:35	1	0	1	0
           602	2024-01-28 12:39:22	1	0	1	0
           605	2024-01-28 12:39:26	1	0	1	0
           471	2024-01-28 12:39:32	1	0	1	0
           473	2024-01-28 12:40:17	1	0	1	0
           473	2024-01-28 17:03:46	1	0	15	0
           602	2024-01-28 17:04:08	1	0	1	0
           471	2024-01-28 17:04:44	1	0	1	0
           605	2024-01-28 17:07:47	1	0	1	0
           385	2024-01-29 06:42:36	1	0	1	0
           527	2024-01-29 07:32:20	1	0	1	0
           602	2024-01-29 07:32:50	1	0	1	0
           187	2024-01-29 07:35:21	1	0	1	0
           473	2024-01-29 07:36:01	1	0	1	0
           145	2024-01-29 07:37:17	1	0	1	0
            48	2024-01-29 07:41:55	1	0	1	0
           118	2024-01-29 07:45:05	1	0	1	0
           471	2024-01-29 07:46:18	1	0	1	0
           551	2024-01-29 07:46:49	1	0	1	0
           472	2024-01-29 07:46:57	1	0	1	0
           241	2024-01-29 07:48:37	1	0	1	0
           180	2024-01-29 07:51:20	1	0	1	0
           379	2024-01-29 07:51:55	1	0	1	0
            80	2024-01-29 07:58:10	1	0	1	0
           401	2024-01-29 07:58:27	1	0	1	0
           536	2024-01-29 07:58:35	1	0	1	0
            57	2024-01-29 08:01:09	1	0	1	0
           181	2024-01-29 08:01:13	1	0	1	0
           132	2024-01-29 08:06:39	1	0	1	0
           185	2024-01-29 08:16:25	1	0	1	0
           144	2024-01-29 08:17:16	1	0	1	0
            91	2024-01-29 08:17:28	1	0	1	0
           369	2024-01-29 08:27:49	1	0	1	0
           385	2024-01-29 11:33:25	1	0	1	0
            80	2024-01-29 12:00:43	1	0	1	0
           551	2024-01-29 12:00:52	1	0	1	0
            57	2024-01-29 12:01:03	1	0	1	0
           379	2024-01-29 12:01:10	1	0	1	0
           472	2024-01-29 12:01:30	1	0	1	0
           602	2024-01-29 12:01:43	1	0	1	0
           536	2024-01-29 12:02:50	1	0	1	0
           527	2024-01-29 12:02:55	1	0	1	0
           132	2024-01-29 12:02:59	1	0	1	0
           185	2024-01-29 12:03:10	1	0	1	0
           385	2024-01-29 12:03:17	1	0	1	0
           180	2024-01-29 12:03:23	1	0	1	0
           605	2024-01-29 12:07:56	1	0	1	0
           471	2024-01-29 12:08:27	1	0	1	0
            91	2024-01-29 12:11:31	1	0	1	0
           187	2024-01-29 12:11:38	1	0	1	0
           144	2024-01-29 12:11:56	1	0	1	0
            48	2024-01-29 12:12:00	1	0	1	0
           241	2024-01-29 12:12:46	1	0	1	0
           369	2024-01-29 12:17:28	1	0	1	0
           551	2024-01-29 12:18:05	1	0	1	0
            80	2024-01-29 12:18:39	1	0	1	0
           145	2024-01-29 12:18:46	1	0	1	0
           401	2024-01-29 12:18:58	1	0	1	0
           132	2024-01-29 12:19:02	1	0	1	0
            57	2024-01-29 12:23:39	1	0	1	0
           187	2024-01-29 12:31:43	1	0	1	0
           369	2024-01-29 12:32:55	1	0	1	0
           180	2024-01-29 12:33:23	1	0	1	0
           536	2024-01-29 12:33:26	1	0	1	0
            91	2024-01-29 12:33:33	1	0	1	0
           185	2024-01-29 12:33:41	1	0	1	0
           527	2024-01-29 12:33:47	1	0	1	0
           472	2024-01-29 12:34:02	1	0	1	0
           605	2024-01-29 12:34:07	1	0	1	0
           471	2024-01-29 12:34:11	1	0	1	0
            48	2024-01-29 12:34:57	1	0	1	0
           602	2024-01-29 12:35:20	1	0	1	0
           144	2024-01-29 12:35:53	1	0	1	0
           473	2024-01-29 12:43:23	1	0	1	0
           118	2024-01-29 12:45:16	1	0	1	0
           145	2024-01-29 12:46:10	1	0	1	0
           401	2024-01-29 12:46:18	1	0	1	0
           379	2024-01-29 12:55:15	1	0	1	0
           142	2024-01-29 12:56:40	1	0	1	0
           118	2024-01-29 13:00:19	1	0	1	0
            57	2024-01-29 17:00:05	1	0	1	0
           369	2024-01-29 17:00:16	1	0	1	0
           185	2024-01-29 17:00:35	1	0	1	0
            91	2024-01-29 17:00:41	1	0	1	0
           379	2024-01-29 17:00:47	1	0	1	0
            48	2024-01-29 17:01:41	1	0	1	0
           536	2024-01-29 17:01:48	1	0	1	0
           551	2024-01-29 17:01:56	1	0	1	0
            80	2024-01-29 17:02:01	1	0	1	0
           602	2024-01-29 17:02:46	1	0	1	0
           605	2024-01-29 17:02:48	1	0	1	0
           241	2024-01-29 17:02:58	1	0	1	0
           527	2024-01-29 17:03:11	1	0	1	0
           181	2024-01-29 17:03:17	1	0	1	0
           473	2024-01-29 17:03:32	1	0	1	0
           471	2024-01-29 17:04:04	1	0	1	0
           472	2024-01-29 17:04:06	1	0	1	0
           180	2024-01-29 17:05:21	1	0	1	0
           385	2024-01-29 17:10:27	1	0	1	0
           132	2024-01-29 17:11:16	1	0	1	0
           142	2024-01-29 17:15:21	1	0	1	0
           187	2024-01-29 17:24:38	1	0	1	0
           118	2024-01-29 17:27:56	1	0	1	0
           473	2024-01-29 17:29:40	1	0	1	0
           145	2024-01-29 18:02:13	1	0	1	0
           401	2024-01-29 18:02:23	1	0	1	0
           144	2024-01-29 18:16:32	1	0	1	0
           385	2024-01-30 06:01:15	1	0	1	0
            58	2024-01-30 06:33:31	1	0	1	0
           602	2024-01-30 07:33:22	1	0	1	0
           185	2024-01-30 07:34:39	1	0	1	0
           473	2024-01-30 07:35:31	1	0	1	0
            91	2024-01-30 07:35:35	1	0	1	0
           379	2024-01-30 07:38:20	1	0	1	0
           605	2024-01-30 07:40:20	1	0	1	0
           187	2024-01-30 07:45:35	1	0	1	0
           118	2024-01-30 07:47:45	1	0	1	0
           142	2024-01-30 07:47:56	1	0	1	0
           132	2024-01-30 07:48:33	1	0	1	0
           241	2024-01-30 07:49:27	1	0	1	0
           472	2024-01-30 07:50:55	1	0	1	0
           471	2024-01-30 07:51:00	1	0	1	0
           536	2024-01-30 07:52:22	1	0	1	0
           180	2024-01-30 07:53:07	1	0	1	0
           527	2024-01-30 07:53:22	1	0	1	0
           145	2024-01-30 07:54:12	1	0	1	0
            48	2024-01-30 07:55:08	1	0	1	0
           181	2024-01-30 07:56:12	1	0	1	0
            80	2024-01-30 07:59:46	1	0	1	0
            57	2024-01-30 08:05:06	1	0	1	0
           369	2024-01-30 08:05:13	1	0	1	0
           144	2024-01-30 08:09:48	1	0	1	0
           401	2024-01-30 08:22:32	1	0	1	0
           332	2024-01-30 09:05:44	1	0	1	0
           385	2024-01-30 11:30:46	1	0	1	0
           471	2024-01-30 12:00:04	1	0	1	0
           605	2024-01-30 12:00:10	1	0	1	0
           602	2024-01-30 12:00:30	1	0	1	0
           536	2024-01-30 12:00:43	1	0	1	0
           527	2024-01-30 12:00:47	1	0	1	0
           181	2024-01-30 12:00:55	1	0	1	0
           385	2024-01-30 12:01:00	1	0	1	0
            91	2024-01-30 12:01:04	1	0	1	0
            80	2024-01-30 12:01:09	1	0	1	0
           241	2024-01-30 12:01:12	1	0	1	0
           472	2024-01-30 12:01:15	1	0	1	0
           185	2024-01-30 12:01:21	1	0	1	0
           379	2024-01-30 12:01:26	1	0	1	0
           142	2024-01-30 12:03:07	1	0	1	0
           132	2024-01-30 12:03:13	1	0	1	0
            58	2024-01-30 12:04:46	1	0	1	0
           369	2024-01-30 12:04:54	1	0	1	0
           187	2024-01-30 12:06:55	1	0	1	0
           144	2024-01-30 12:07:08	1	0	1	0
            48	2024-01-30 12:07:29	1	0	1	0
           145	2024-01-30 12:08:35	1	0	1	0
           401	2024-01-30 12:08:40	1	0	1	0
           180	2024-01-30 12:11:19	1	0	1	0
            57	2024-01-30 12:13:41	1	0	1	0
           132	2024-01-30 12:20:59	1	0	1	0
           142	2024-01-30 12:21:05	1	0	1	0
            58	2024-01-30 12:22:15	1	0	1	0
           369	2024-01-30 12:22:25	1	0	1	0
            80	2024-01-30 12:22:44	1	0	1	0
           187	2024-01-30 12:25:29	1	0	1	0
            48	2024-01-30 12:25:36	1	0	1	0
           605	2024-01-30 12:32:46	1	0	1	0
           471	2024-01-30 12:32:52	1	0	1	0
           472	2024-01-30 12:32:55	1	0	1	0
           602	2024-01-30 12:33:11	1	0	1	0
            57	2024-01-30 12:33:42	1	0	1	0
           379	2024-01-30 12:37:34	1	0	1	0
            91	2024-01-30 12:43:36	1	0	1	0
           241	2024-01-30 12:44:00	1	0	1	0
           185	2024-01-30 12:44:12	1	0	1	0
           181	2024-01-30 12:44:17	1	0	1	0
           536	2024-01-30 12:44:24	1	0	1	0
           527	2024-01-30 12:44:28	1	0	1	0
           401	2024-01-30 12:44:33	1	0	1	0
           145	2024-01-30 12:47:25	1	0	1	0
           180	2024-01-30 12:48:56	1	0	1	0
           144	2024-01-30 12:55:12	1	0	1	0
           332	2024-01-30 13:00:08	1	0	1	0
           332	2024-01-30 13:20:48	1	0	1	0
            57	2024-01-30 17:00:05	1	0	1	0
            48	2024-01-30 17:00:14	1	0	1	0
            58	2024-01-30 17:00:20	1	0	1	0
           379	2024-01-30 17:00:26	1	0	1	0
           536	2024-01-30 17:01:32	1	0	1	0
           369	2024-01-30 17:01:40	1	0	1	0
           527	2024-01-30 17:01:56	1	0	1	0
           187	2024-01-30 17:03:27	1	0	1	0
           471	2024-01-30 17:04:04	1	0	1	0
           602	2024-01-30 17:04:09	1	0	1	0
           472	2024-01-30 17:04:26	1	0	1	0
           605	2024-01-30 17:05:43	1	0	1	0
           180	2024-01-30 17:07:22	1	0	1	0
           241	2024-01-30 17:07:27	1	0	1	0
           385	2024-01-30 17:07:32	1	0	1	0
           181	2024-01-30 17:07:39	1	0	1	0
           185	2024-01-30 17:07:44	1	0	1	0
            80	2024-01-30 17:09:54	1	0	1	0
            91	2024-01-30 17:20:26	1	0	1	0
           132	2024-01-30 17:26:31	1	0	1	0
           142	2024-01-30 17:30:42	1	0	1	0
           332	2024-01-30 18:05:19	1	0	1	0
           145	2024-01-30 18:21:23	1	0	1	0
           401	2024-01-30 18:21:30	1	0	1	0
           144	2024-01-30 18:43:25	1	0	1	0
           385	2024-01-31 06:27:56	1	0	1	0
            58	2024-01-31 06:43:39	1	0	1	0
            91	2024-01-31 07:20:04	1	0	1	0
           185	2024-01-31 07:21:41	1	0	1	0
           527	2024-01-31 07:28:12	1	0	1	0
           602	2024-01-31 07:38:13	1	0	1	0
           379	2024-01-31 07:38:46	1	0	1	0
           369	2024-01-31 07:40:07	1	0	1	0
           118	2024-01-31 07:42:00	1	0	1	0
           473	2024-01-31 07:42:53	1	0	1	0
           605	2024-01-31 07:44:32	1	0	1	0
           472	2024-01-31 07:49:59	1	0	1	0
           471	2024-01-31 07:50:04	1	0	1	0
           551	2024-01-31 07:50:41	1	0	1	0
           241	2024-01-31 07:51:18	1	0	1	0
           180	2024-01-31 07:54:33	1	0	1	0
           536	2024-01-31 07:56:11	1	0	1	0
            57	2024-01-31 07:56:33	1	0	1	0
           142	2024-01-31 07:56:43	1	0	1	0
           132	2024-01-31 07:58:00	1	0	1	0
           181	2024-01-31 07:58:23	1	0	1	0
            80	2024-01-31 08:02:37	1	0	1	0
            48	2024-01-31 08:03:19	1	0	1	0
           187	2024-01-31 08:12:34	1	0	1	0
           401	2024-01-31 08:35:04	1	0	1	0
           144	2024-01-31 08:43:43	1	0	1	0
           332	2024-01-31 10:23:19	1	0	1	0
           385	2024-01-31 11:31:10	1	0	1	0
            80	2024-01-31 12:00:14	1	0	1	0
           551	2024-01-31 12:00:19	1	0	1	0
            57	2024-01-31 12:00:49	1	0	1	0
           145	2024-01-31 12:01:12	1	0	1	0
           132	2024-01-31 12:01:25	1	0	1	0
            48	2024-01-31 12:01:51	1	0	1	0
            58	2024-01-31 12:02:05	1	0	1	0
           180	2024-01-31 12:02:10	1	0	1	0
           536	2024-01-31 12:02:20	1	0	1	0
           385	2024-01-31 12:02:33	1	0	1	0
           527	2024-01-31 12:02:40	1	0	1	0
           181	2024-01-31 12:03:04	1	0	1	0
           241	2024-01-31 12:03:11	1	0	1	0
           379	2024-01-31 12:03:15	1	0	1	0
            91	2024-01-31 12:03:42	1	0	1	0
           471	2024-01-31 12:03:50	1	0	1	0
           118	2024-01-31 12:03:55	1	0	1	0
           472	2024-01-31 12:03:58	1	0	1	0
           142	2024-01-31 12:04:08	1	0	1	0
           602	2024-01-31 12:07:33	1	0	1	0
           605	2024-01-31 12:07:35	1	0	1	0
           473	2024-01-31 12:07:38	1	0	1	0
           185	2024-01-31 12:07:51	1	0	1	0
            80	2024-01-31 12:17:22	1	0	1	0
           551	2024-01-31 12:17:36	1	0	1	0
            57	2024-01-31 12:19:43	1	0	1	0
           142	2024-01-31 12:19:56	1	0	1	0
           132	2024-01-31 12:20:26	1	0	1	0
            58	2024-01-31 12:20:41	1	0	1	0
            48	2024-01-31 12:20:49	1	0	1	0
           369	2024-01-31 12:21:02	1	0	1	0
           118	2024-01-31 12:22:56	1	0	1	0
           472	2024-01-31 12:24:17	1	0	1	0
           471	2024-01-31 12:24:19	1	0	1	0
           605	2024-01-31 12:25:49	1	0	1	0
           473	2024-01-31 12:26:25	1	0	1	0
           602	2024-01-31 12:32:59	1	0	1	0
           379	2024-01-31 12:33:44	1	0	1	0
            91	2024-01-31 12:33:52	1	0	1	0
           241	2024-01-31 12:34:20	1	0	1	0
           181	2024-01-31 12:35:08	1	0	1	0
           185	2024-01-31 12:35:22	1	0	1	0
           527	2024-01-31 12:35:36	1	0	1	0
           536	2024-01-31 12:36:42	1	0	1	0
           145	2024-01-31 12:41:51	1	0	1	0
           180	2024-01-31 12:42:45	1	0	1	0
           144	2024-01-31 13:04:44	1	0	1	0
           332	2024-01-31 13:06:23	1	0	1	0
           401	2024-01-31 13:06:28	1	0	1	0
           144	2024-01-31 13:44:54	1	0	1	0
           332	2024-01-31 13:46:02	1	0	1	0
           401	2024-01-31 13:50:29	1	0	1	0
           551	2024-01-31 17:00:12	1	0	1	0
            80	2024-01-31 17:00:15	1	0	1	0
           369	2024-01-31 17:01:19	1	0	1	0
            91	2024-01-31 17:01:24	1	0	1	0
           185	2024-01-31 17:02:25	1	0	1	0
            58	2024-01-31 17:02:36	1	0	1	0
           379	2024-01-31 17:02:48	1	0	1	0
           536	2024-01-31 17:02:59	1	0	1	0
           527	2024-01-31 17:04:20	1	0	1	0
            48	2024-01-31 17:05:55	1	0	1	0
           181	2024-01-31 17:07:28	1	0	1	0
            57	2024-01-31 17:08:08	1	0	1	0
           472	2024-01-31 17:13:43	1	0	1	0
           180	2024-01-31 17:14:03	1	0	1	0
           602	2024-01-31 17:16:57	1	0	1	0
           241	2024-01-31 17:20:08	1	0	1	0
           132	2024-01-31 17:20:43	1	0	1	0
           142	2024-01-31 17:24:44	1	0	1	0
           187	2024-01-31 17:25:22	1	0	1	0
           471	2024-01-31 17:31:31	1	0	1	0
           118	2024-01-31 17:31:40	1	0	1	0
           473	2024-01-31 17:32:01	1	0	1	0
           605	2024-01-31 17:32:21	1	0	1	0
           385	2024-01-31 17:35:54	1	0	1	0
           145	2024-01-31 18:06:16	1	0	1	0
           332	2024-01-31 18:20:07	1	0	1	0
           401	2024-01-31 18:20:14	1	0	1	0
           144	2024-01-31 18:34:23	1	0	1	0
           385	2024-02-01 05:45:59	1	0	1	0
           473	2024-02-01 07:24:08	1	0	1	0
           185	2024-02-01 07:24:16	1	0	1	0
            91	2024-02-01 07:26:13	1	0	1	0
           602	2024-02-01 07:32:30	1	0	1	0
           241	2024-02-01 07:41:15	1	0	1	0
           379	2024-02-01 07:44:53	1	0	1	0
           472	2024-02-01 07:47:17	1	0	1	0
           551	2024-02-01 07:47:22	1	0	1	0
           471	2024-02-01 07:47:28	1	0	1	0
           118	2024-02-01 07:48:02	1	0	1	0
           527	2024-02-01 07:49:04	1	0	1	0
            48	2024-02-01 07:49:42	1	0	1	0
            58	2024-02-01 07:51:26	1	0	1	0
           187	2024-02-01 07:52:04	1	0	1	0
           181	2024-02-01 07:53:38	1	0	1	0
           180	2024-02-01 07:54:07	1	0	1	0
           145	2024-02-01 07:55:13	1	0	1	0
           605	2024-02-01 07:55:18	1	0	1	0
           369	2024-02-01 07:57:25	1	0	1	0
           142	2024-02-01 07:58:18	1	0	1	0
            57	2024-02-01 08:02:30	1	0	1	0
            80	2024-02-01 08:03:00	1	0	1	0
           401	2024-02-01 08:37:09	1	0	1	0
           144	2024-02-01 08:59:37	1	0	1	0
           332	2024-02-01 09:00:19	1	0	1	0
           385	2024-02-01 11:30:44	1	0	1	0
           142	2024-02-01 12:00:04	1	0	1	0
            58	2024-02-01 12:00:29	1	0	1	0
           187	2024-02-01 12:00:36	1	0	1	0
            48	2024-02-01 12:01:17	1	0	1	0
           471	2024-02-01 12:01:24	1	0	1	0
           473	2024-02-01 12:01:27	1	0	1	0
           602	2024-02-01 12:01:34	1	0	1	0
           605	2024-02-01 12:01:39	1	0	1	0
           118	2024-02-01 12:02:20	1	0	1	0
           379	2024-02-01 12:03:18	1	0	1	0
           527	2024-02-01 12:03:32	1	0	1	0
           369	2024-02-01 12:03:37	1	0	1	0
            91	2024-02-01 12:04:52	1	0	1	0
           385	2024-02-01 12:05:56	1	0	1	0
            57	2024-02-01 12:06:03	1	0	1	0
            80	2024-02-01 12:06:45	1	0	1	0
           551	2024-02-01 12:06:53	1	0	1	0
           241	2024-02-01 12:09:26	1	0	1	0
           332	2024-02-01 12:09:51	1	0	1	0
           185	2024-02-01 12:11:58	1	0	1	0
           181	2024-02-01 12:12:15	1	0	1	0
           145	2024-02-01 12:13:08	1	0	1	0
           180	2024-02-01 12:13:36	1	0	1	0
           187	2024-02-01 12:18:22	1	0	1	0
            58	2024-02-01 12:18:44	1	0	1	0
            48	2024-02-01 12:18:55	1	0	1	0
           605	2024-02-01 12:22:14	1	0	1	0
           118	2024-02-01 12:22:32	1	0	1	0
            57	2024-02-01 12:29:02	1	0	1	0
           369	2024-02-01 12:31:56	1	0	1	0
            80	2024-02-01 12:32:01	1	0	1	0
           551	2024-02-01 12:32:04	1	0	1	0
           473	2024-02-01 12:33:06	1	0	1	0
           471	2024-02-01 12:33:54	1	0	1	0
           602	2024-02-01 12:33:58	1	0	1	0
           142	2024-02-01 12:37:04	1	0	1	0
            91	2024-02-01 12:44:35	1	0	1	0
           185	2024-02-01 12:44:41	1	0	1	0
           527	2024-02-01 12:44:47	1	0	1	0
           181	2024-02-01 12:45:12	1	0	1	0
           241	2024-02-01 12:46:03	1	0	1	0
           180	2024-02-01 12:47:01	1	0	1	0
           379	2024-02-01 12:53:48	1	0	1	0
           472	2024-02-01 13:00:04	1	0	1	0
           332	2024-02-01 13:01:15	1	0	1	0
           144	2024-02-01 13:06:08	1	0	1	0
           401	2024-02-01 13:19:29	1	0	1	0
           472	2024-02-01 13:22:41	1	0	1	0
           332	2024-02-01 13:45:03	1	0	1	0
           144	2024-02-01 13:46:05	1	0	1	0
           401	2024-02-01 13:46:10	1	0	1	0
            57	2024-02-01 17:00:11	1	0	1	0
            58	2024-02-01 17:00:31	1	0	1	0
           379	2024-02-01 17:01:43	1	0	1	0
           551	2024-02-01 17:03:54	1	0	1	0
            80	2024-02-01 17:04:10	1	0	1	0
            48	2024-02-01 17:05:50	1	0	1	0
           181	2024-02-01 17:05:57	1	0	1	0
           185	2024-02-01 17:06:05	1	0	1	0
           142	2024-02-01 17:06:33	1	0	1	0
           527	2024-02-01 17:06:59	1	0	1	0
           241	2024-02-01 17:07:06	1	0	1	0
           602	2024-02-01 17:08:09	1	0	1	0
           605	2024-02-01 17:08:16	1	0	1	0
           187	2024-02-01 17:12:36	1	0	1	0
           180	2024-02-01 17:13:19	1	0	1	0
           385	2024-02-01 17:16:11	1	0	1	0
           118	2024-02-01 17:32:49	1	0	1	0
           473	2024-02-01 17:32:52	1	0	1	0
           369	2024-02-01 17:36:43	1	0	1	0
            91	2024-02-01 17:38:32	1	0	1	0
           472	2024-02-01 18:01:09	1	0	1	0
           471	2024-02-01 18:02:21	1	0	1	0
           401	2024-02-01 18:02:32	1	0	1	0
           332	2024-02-01 18:08:15	1	0	1	0
           145	2024-02-01 18:21:31	1	0	1	0
           144	2024-02-01 19:05:26	1	0	1	0
            58	2024-02-02 06:43:38	1	0	1	0
           187	2024-02-02 06:59:56	1	0	1	0
           369	2024-02-02 07:25:47	1	0	1	0
           145	2024-02-02 07:27:02	1	0	1	0
           602	2024-02-02 07:29:37	1	0	1	0
            91	2024-02-02 07:30:39	1	0	1	0
           185	2024-02-02 07:31:26	1	0	1	0
           241	2024-02-02 07:42:43	1	0	1	0
           527	2024-02-02 07:44:27	1	0	1	0
           471	2024-02-02 07:47:57	1	0	1	0
           118	2024-02-02 07:48:39	1	0	1	0
           142	2024-02-02 07:50:28	1	0	1	0
           379	2024-02-02 07:51:04	1	0	1	0
            57	2024-02-02 07:55:53	1	0	1	0
            48	2024-02-02 07:57:43	1	0	1	0
           181	2024-02-02 08:00:15	1	0	1	0
            80	2024-02-02 08:02:21	1	0	1	0
           180	2024-02-02 08:05:52	1	0	1	0
           472	2024-02-02 08:14:44	1	0	1	0
           401	2024-02-02 08:15:33	1	0	1	0
           144	2024-02-02 08:44:16	1	0	1	0
           332	2024-02-02 08:49:16	1	0	1	0
           118	2024-02-02 12:00:43	1	0	1	0
           471	2024-02-02 12:01:01	1	0	1	0
           379	2024-02-02 12:01:55	1	0	1	0
           142	2024-02-02 12:01:58	1	0	1	0
           527	2024-02-02 12:02:12	1	0	1	0
           602	2024-02-02 12:06:07	1	0	1	0
           180	2024-02-02 12:09:10	1	0	1	0
            48	2024-02-02 12:10:16	1	0	1	0
           187	2024-02-02 12:10:22	1	0	1	0
            58	2024-02-02 12:10:38	1	0	1	0
           369	2024-02-02 12:10:42	1	0	1	0
           142	2024-02-02 12:20:16	1	0	1	0
           471	2024-02-02 12:23:53	1	0	1	0
           527	2024-02-02 12:24:26	1	0	1	0
            48	2024-02-02 12:25:34	1	0	1	0
           187	2024-02-02 12:25:43	1	0	1	0
            91	2024-02-02 12:27:31	1	0	1	0
           241	2024-02-02 12:27:40	1	0	1	0
           180	2024-02-02 12:30:00	1	0	1	0
           185	2024-02-02 12:30:12	1	0	1	0
            80	2024-02-02 12:35:44	1	0	1	0
           369	2024-02-02 12:36:15	1	0	1	0
           602	2024-02-02 12:36:19	1	0	1	0
            91	2024-02-02 12:49:30	1	0	1	0
           241	2024-02-02 12:49:36	1	0	1	0
           379	2024-02-02 12:51:30	1	0	1	0
           185	2024-02-02 12:51:49	1	0	1	0
            80	2024-02-02 12:52:22	1	0	1	0
           118	2024-02-02 12:57:42	1	0	1	0
           181	2024-02-02 12:58:27	1	0	1	0
           472	2024-02-02 13:01:23	1	0	1	0
           144	2024-02-02 13:04:23	1	0	1	0
           401	2024-02-02 13:04:28	1	0	1	0
           472	2024-02-02 13:24:59	1	0	1	0
           332	2024-02-02 13:35:50	1	0	1	0
           144	2024-02-02 13:47:29	1	0	1	0
           401	2024-02-02 13:47:41	1	0	1	0
           332	2024-02-02 13:51:07	1	0	1	0
           527	2024-02-02 17:02:04	1	0	1	0
           181	2024-02-02 17:03:36	1	0	1	0
           379	2024-02-02 17:03:50	1	0	1	0
            58	2024-02-02 17:04:02	1	0	1	0
           185	2024-02-02 17:04:08	1	0	1	0
           241	2024-02-02 17:04:39	1	0	1	0
            80	2024-02-02 17:07:47	1	0	1	0
           142	2024-02-02 17:16:31	1	0	1	0
            91	2024-02-02 17:18:23	1	0	1	0
            48	2024-02-02 17:21:11	1	0	1	0
           118	2024-02-02 17:21:53	1	0	1	0
           180	2024-02-02 17:22:41	1	0	1	0
           369	2024-02-02 17:29:29	1	0	1	0
           602	2024-02-02 17:33:20	1	0	1	0
           471	2024-02-02 17:59:32	1	0	1	0
           472	2024-02-02 18:00:08	1	0	1	0
           401	2024-02-02 18:00:53	1	0	1	0
           145	2024-02-02 18:01:03	1	0	1	0
           144	2024-02-02 18:02:24	1	0	1	0
           332	2024-02-02 18:02:30	1	0	1	0
           385	2024-02-05 06:05:41	1	0	1	0
            58	2024-02-05 06:43:14	1	0	1	0
           602	2024-02-05 07:08:58	1	0	1	0
            80	2024-02-05 07:22:24	1	0	1	0
           185	2024-02-05 07:24:17	1	0	1	0
            91	2024-02-05 07:25:45	1	0	1	0
            48	2024-02-05 07:33:36	1	0	1	0
           142	2024-02-05 07:37:20	1	0	1	0
           473	2024-02-05 07:38:09	1	0	1	0
           118	2024-02-05 07:44:24	1	0	1	0
           379	2024-02-05 07:45:21	1	0	1	0
           187	2024-02-05 07:45:35	1	0	1	0
           180	2024-02-05 07:47:15	1	0	1	0
           181	2024-02-05 07:48:38	1	0	1	0
           472	2024-02-05 07:49:14	1	0	1	0
           471	2024-02-05 07:49:20	1	0	1	0
           241	2024-02-05 07:50:18	1	0	1	0
            57	2024-02-05 07:50:51	1	0	1	0
           527	2024-02-05 07:51:23	1	0	1	0
           551	2024-02-05 07:51:28	1	0	1	0
           145	2024-02-05 07:54:28	1	0	1	0
           605	2024-02-05 08:08:03	1	0	1	0
           401	2024-02-05 08:11:47	1	0	1	0
           369	2024-02-05 08:13:22	1	0	1	0
           144	2024-02-05 09:08:18	1	0	1	0
           332	2024-02-05 10:27:20	1	0	1	0
           385	2024-02-05 11:32:05	1	0	1	0
           471	2024-02-05 12:00:58	1	0	1	0
           473	2024-02-05 12:01:02	1	0	1	0
           602	2024-02-05 12:01:04	1	0	1	0
           118	2024-02-05 12:01:11	1	0	1	0
           605	2024-02-05 12:01:16	1	0	1	0
           379	2024-02-05 12:02:37	1	0	1	0
           180	2024-02-05 12:02:52	1	0	1	0
           185	2024-02-05 12:02:59	1	0	1	0
           527	2024-02-05 12:03:04	1	0	1	0
           385	2024-02-05 12:03:08	1	0	1	0
            57	2024-02-05 12:03:42	1	0	1	0
            48	2024-02-05 12:14:00	1	0	1	0
            58	2024-02-05 12:17:51	1	0	1	0
            91	2024-02-05 12:19:35	1	0	1	0
            57	2024-02-05 12:22:06	1	0	1	0
           241	2024-02-05 12:22:23	1	0	1	0
           118	2024-02-05 12:23:43	1	0	1	0
           471	2024-02-05 12:24:03	1	0	1	0
           473	2024-02-05 12:24:15	1	0	1	0
           369	2024-02-05 12:27:19	1	0	1	0
            80	2024-02-05 12:31:08	1	0	1	0
           551	2024-02-05 12:31:13	1	0	1	0
            58	2024-02-05 12:36:11	1	0	1	0
            48	2024-02-05 12:36:44	1	0	1	0
           602	2024-02-05 12:36:56	1	0	1	0
            91	2024-02-05 12:37:37	1	0	1	0
           241	2024-02-05 12:43:16	1	0	1	0
           180	2024-02-05 12:43:24	1	0	1	0
           527	2024-02-05 12:43:29	1	0	1	0
           185	2024-02-05 12:45:25	1	0	1	0
           187	2024-02-05 12:47:21	1	0	1	0
           142	2024-02-05 12:49:25	1	0	1	0
            80	2024-02-05 12:50:21	1	0	1	0
           551	2024-02-05 12:50:32	1	0	1	0
           369	2024-02-05 12:51:11	1	0	1	0
           605	2024-02-05 12:53:59	1	0	1	0
           379	2024-02-05 12:57:30	1	0	1	0
           332	2024-02-05 13:00:18	1	0	1	0
           472	2024-02-05 13:01:59	1	0	1	0
           145	2024-02-05 13:05:47	1	0	1	0
           144	2024-02-05 13:05:53	1	0	1	0
           401	2024-02-05 13:06:00	1	0	1	0
           332	2024-02-05 13:15:54	1	0	1	0
           472	2024-02-05 13:27:11	1	0	1	0
           144	2024-02-05 13:41:22	1	0	1	0
           145	2024-02-05 13:41:29	1	0	1	0
           401	2024-02-05 13:41:35	1	0	1	0
           551	2024-02-05 17:00:06	1	0	1	0
            57	2024-02-05 17:01:33	1	0	1	0
           185	2024-02-05 17:01:44	1	0	1	0
           181	2024-02-05 17:01:50	1	0	1	0
            91	2024-02-05 17:01:53	1	0	1	0
           527	2024-02-05 17:02:03	1	0	1	0
            48	2024-02-05 17:02:30	1	0	1	0
            58	2024-02-05 17:02:42	1	0	1	0
           187	2024-02-05 17:04:39	1	0	1	0
           379	2024-02-05 17:05:06	1	0	1	0
           180	2024-02-05 17:06:02	1	0	1	0
           385	2024-02-05 17:06:35	1	0	1	0
           241	2024-02-05 17:07:23	1	0	1	0
           369	2024-02-05 17:15:13	1	0	1	0
           142	2024-02-05 17:17:44	1	0	1	0
            80	2024-02-05 17:23:30	1	0	1	0
           602	2024-02-05 17:28:35	1	0	1	0
           118	2024-02-05 17:34:38	1	0	1	0
           471	2024-02-05 18:00:07	1	0	1	0
           472	2024-02-05 18:01:26	1	0	1	0
           401	2024-02-05 18:03:29	1	0	1	0
           332	2024-02-05 18:15:41	1	0	1	0
           145	2024-02-05 18:15:51	1	0	1	0
           144	2024-02-05 18:25:53	1	0	1	0
           385	2024-02-06 06:20:44	1	0	1	0
            58	2024-02-06 06:48:39	1	0	1	0
           369	2024-02-06 07:10:37	1	0	1	0
           185	2024-02-06 07:30:39	1	0	1	0
            91	2024-02-06 07:31:38	1	0	1	0
           602	2024-02-06 07:35:24	1	0	1	0
           527	2024-02-06 07:38:45	1	0	1	0
           118	2024-02-06 07:41:27	1	0	1	0
            48	2024-02-06 07:42:18	1	0	1	0
           551	2024-02-06 07:43:09	1	0	1	0
           187	2024-02-06 07:43:22	1	0	1	0
           379	2024-02-06 07:43:42	1	0	1	0
           473	2024-02-06 07:45:24	1	0	1	0
           471	2024-02-06 07:50:10	1	0	1	0
           181	2024-02-06 07:53:06	1	0	1	0
            80	2024-02-06 07:56:06	1	0	1	0
           241	2024-02-06 07:56:37	1	0	1	0
            57	2024-02-06 07:56:44	1	0	1	0
           180	2024-02-06 07:59:59	1	0	1	0
           142	2024-02-06 08:07:44	1	0	1	0
           472	2024-02-06 08:21:26	1	0	1	0
           401	2024-02-06 08:24:29	1	0	1	0
           144	2024-02-06 08:54:40	1	0	1	0
           385	2024-02-06 11:30:11	1	0	1	0
           551	2024-02-06 12:00:08	1	0	1	0
            80	2024-02-06 12:00:12	1	0	1	0
           471	2024-02-06 12:00:45	1	0	1	0
           142	2024-02-06 12:01:05	1	0	1	0
           379	2024-02-06 12:01:45	1	0	1	0
           187	2024-02-06 12:02:27	1	0	1	0
            48	2024-02-06 12:02:47	1	0	1	0
           241	2024-02-06 12:03:34	1	0	1	0
            58	2024-02-06 12:04:52	1	0	1	0
           180	2024-02-06 12:04:58	1	0	1	0
           385	2024-02-06 12:05:03	1	0	1	0
           527	2024-02-06 12:05:09	1	0	1	0
           473	2024-02-06 12:05:14	1	0	1	0
           602	2024-02-06 12:05:27	1	0	1	0
           185	2024-02-06 12:07:15	1	0	1	0
           181	2024-02-06 12:12:17	1	0	1	0
            80	2024-02-06 12:19:46	1	0	1	0
           551	2024-02-06 12:20:04	1	0	1	0
           473	2024-02-06 12:20:14	1	0	1	0
           187	2024-02-06 12:20:38	1	0	1	0
            48	2024-02-06 12:20:43	1	0	1	0
            58	2024-02-06 12:22:03	1	0	1	0
           471	2024-02-06 12:31:53	1	0	1	0
           241	2024-02-06 12:34:27	1	0	1	0
            57	2024-02-06 12:40:00	1	0	1	0
           602	2024-02-06 12:41:57	1	0	1	0
           185	2024-02-06 12:43:35	1	0	1	0
           181	2024-02-06 12:43:41	1	0	1	0
           527	2024-02-06 12:43:46	1	0	1	0
           180	2024-02-06 12:44:41	1	0	1	0
           142	2024-02-06 12:52:26	1	0	1	0
           379	2024-02-06 12:55:07	1	0	1	0
            57	2024-02-06 12:56:17	1	0	1	0
           472	2024-02-06 13:01:10	1	0	1	0
           145	2024-02-06 13:09:10	1	0	1	0
           401	2024-02-06 13:09:17	1	0	1	0
           144	2024-02-06 13:10:34	1	0	1	0
           145	2024-02-06 13:34:02	1	0	1	0
           144	2024-02-06 13:34:11	1	0	1	0
           401	2024-02-06 13:34:19	1	0	1	0
           472	2024-02-06 13:34:30	1	0	1	0
           332	2024-02-06 13:55:32	1	0	1	0
           551	2024-02-06 17:00:14	1	0	1	0
            57	2024-02-06 17:00:54	1	0	1	0
           187	2024-02-06 17:01:01	1	0	1	0
           379	2024-02-06 17:01:39	1	0	1	0
           181	2024-02-06 17:02:00	1	0	1	0
            58	2024-02-06 17:02:56	1	0	1	0
            48	2024-02-06 17:03:04	1	0	1	0
           241	2024-02-06 17:04:49	1	0	1	0
           142	2024-02-06 17:06:27	1	0	1	0
           527	2024-02-06 17:07:13	1	0	1	0
           385	2024-02-06 17:09:33	1	0	1	0
           180	2024-02-06 17:09:37	1	0	1	0
            91	2024-02-06 17:15:42	1	0	1	0
            80	2024-02-06 17:22:12	1	0	1	0
           118	2024-02-06 17:53:27	1	0	1	0
           145	2024-02-06 18:05:04	1	0	1	0
           401	2024-02-06 18:16:12	1	0	1	0
           144	2024-02-06 18:18:33	1	0	1	0
           471	2024-02-06 18:38:01	1	0	1	0
           472	2024-02-06 18:38:03	1	0	1	0
           332	2024-02-06 19:06:34	1	0	1	0
           473	2024-02-06 19:24:07	1	0	1	0
           369	2024-02-06 19:30:01	1	0	1	0
           385	2024-02-07 06:17:37	1	0	1	0
            58	2024-02-07 06:41:23	1	0	1	0
           185	2024-02-07 06:56:26	1	0	1	0
            91	2024-02-07 06:58:14	1	0	1	0
            48	2024-02-07 07:36:09	1	0	1	0
           602	2024-02-07 07:37:28	1	0	1	0
           527	2024-02-07 07:37:54	1	0	1	0
           551	2024-02-07 07:44:09	1	0	1	0
           118	2024-02-07 07:46:22	1	0	1	0
           379	2024-02-07 07:46:28	1	0	1	0
           472	2024-02-07 07:46:43	1	0	1	0
           471	2024-02-07 07:46:47	1	0	1	0
           181	2024-02-07 07:48:04	1	0	1	0
           241	2024-02-07 07:50:55	1	0	1	0
            57	2024-02-07 07:51:25	1	0	1	0
           142	2024-02-07 07:51:31	1	0	1	0
           605	2024-02-07 07:51:52	1	0	1	0
           180	2024-02-07 07:52:39	1	0	1	0
           473	2024-02-07 07:53:37	1	0	1	0
            80	2024-02-07 08:01:56	1	0	1	0
           369	2024-02-07 08:18:45	1	0	1	0
           145	2024-02-07 08:38:45	1	0	1	0
           332	2024-02-07 08:49:09	1	0	1	0
           144	2024-02-07 08:54:36	1	0	1	0
           401	2024-02-07 08:57:51	1	0	1	0
           385	2024-02-07 11:31:45	1	0	1	0
            48	2024-02-07 12:00:09	1	0	1	0
            58	2024-02-07 12:00:15	1	0	1	0
            57	2024-02-07 12:00:46	1	0	1	0
           142	2024-02-07 12:01:31	1	0	1	0
           379	2024-02-07 12:01:51	1	0	1	0
           369	2024-02-07 12:02:07	1	0	1	0
           471	2024-02-07 12:02:13	1	0	1	0
           118	2024-02-07 12:02:18	1	0	1	0
           527	2024-02-07 12:03:16	1	0	1	0
           385	2024-02-07 12:03:22	1	0	1	0
           241	2024-02-07 12:05:20	1	0	1	0
           180	2024-02-07 12:05:24	1	0	1	0
           181	2024-02-07 12:05:28	1	0	1	0
           185	2024-02-07 12:05:33	1	0	1	0
            58	2024-02-07 12:16:49	1	0	1	0
            57	2024-02-07 12:17:00	1	0	1	0
           605	2024-02-07 12:17:23	1	0	1	0
           602	2024-02-07 12:19:32	1	0	1	0
            80	2024-02-07 12:21:18	1	0	1	0
           551	2024-02-07 12:21:22	1	0	1	0
            48	2024-02-07 12:28:51	1	0	1	0
           142	2024-02-07 12:30:59	1	0	1	0
            80	2024-02-07 12:38:39	1	0	1	0
           551	2024-02-07 12:38:44	1	0	1	0
           185	2024-02-07 12:39:48	1	0	1	0
           181	2024-02-07 12:39:53	1	0	1	0
           180	2024-02-07 12:40:01	1	0	1	0
           527	2024-02-07 12:40:05	1	0	1	0
           241	2024-02-07 12:40:09	1	0	1	0
           471	2024-02-07 12:40:16	1	0	1	0
           118	2024-02-07 12:41:05	1	0	1	0
           369	2024-02-07 12:50:14	1	0	1	0
           605	2024-02-07 12:50:34	1	0	1	0
           602	2024-02-07 12:54:42	1	0	1	0
           379	2024-02-07 12:54:58	1	0	1	0
           332	2024-02-07 13:07:31	1	0	1	0
           472	2024-02-07 13:18:06	1	0	1	0
           144	2024-02-07 13:19:35	1	0	1	0
           401	2024-02-07 13:19:43	1	0	1	0
           145	2024-02-07 13:36:04	1	0	1	0
           332	2024-02-07 13:40:54	1	0	1	0
           472	2024-02-07 13:55:34	1	0	1	0
            58	2024-02-07 17:01:19	1	0	1	0
            80	2024-02-07 17:01:26	1	0	1	0
           551	2024-02-07 17:01:30	1	0	1	0
            48	2024-02-07 17:01:36	1	0	1	0
            57	2024-02-07 17:02:00	1	0	1	0
           527	2024-02-07 17:02:25	1	0	1	0
           473	2024-02-07 17:08:19	1	0	1	0
           602	2024-02-07 17:08:26	1	0	1	0
           605	2024-02-07 17:08:32	1	0	1	0
           181	2024-02-07 17:09:26	1	0	1	0
           185	2024-02-07 17:09:35	1	0	1	0
           379	2024-02-07 17:10:12	1	0	1	0
           180	2024-02-07 17:10:29	1	0	1	0
           385	2024-02-07 17:10:34	1	0	1	0
           241	2024-02-07 17:10:51	1	0	1	0
           369	2024-02-07 17:12:40	1	0	1	0
           142	2024-02-07 17:16:21	1	0	1	0
           118	2024-02-07 17:24:18	1	0	1	0
           471	2024-02-07 17:42:54	1	0	1	0
           472	2024-02-07 18:00:05	1	0	1	0
           145	2024-02-07 18:02:51	1	0	1	0
           401	2024-02-07 18:02:57	1	0	1	0
           144	2024-02-07 18:12:14	1	0	1	0
           332	2024-02-07 18:23:36	1	0	1	0
           385	2024-02-08 06:31:46	1	0	1	0
            58	2024-02-08 06:40:56	1	0	1	0
           185	2024-02-08 07:02:11	1	0	1	0
            91	2024-02-08 07:02:36	1	0	1	0
           602	2024-02-08 07:23:53	1	0	1	0
            48	2024-02-08 07:28:00	1	0	1	0
           181	2024-02-08 07:36:55	1	0	1	0
           605	2024-02-08 07:37:10	1	0	1	0
           473	2024-02-08 07:37:32	1	0	1	0
           379	2024-02-08 07:45:51	1	0	1	0
           118	2024-02-08 07:46:43	1	0	1	0
           527	2024-02-08 07:46:53	1	0	1	0
           241	2024-02-08 07:49:00	1	0	1	0
           551	2024-02-08 07:50:46	1	0	1	0
           472	2024-02-08 07:54:26	1	0	1	0
           471	2024-02-08 07:54:30	1	0	1	0
            57	2024-02-08 07:54:37	1	0	1	0
           187	2024-02-08 07:57:42	1	0	1	0
           180	2024-02-08 07:59:42	1	0	1	0
            80	2024-02-08 08:01:43	1	0	1	0
           142	2024-02-08 08:03:52	1	0	1	0
           369	2024-02-08 08:10:19	1	0	1	0
           145	2024-02-08 08:32:51	1	0	1	0
           401	2024-02-08 08:38:25	1	0	1	0
           332	2024-02-08 08:58:18	1	0	1	0
           144	2024-02-08 09:52:34	1	0	1	0
           385	2024-02-08 11:41:04	1	0	1	0
           379	2024-02-08 12:01:31	1	0	1	0
           473	2024-02-08 12:01:33	1	0	1	0
           602	2024-02-08 12:01:37	1	0	1	0
           527	2024-02-08 12:01:49	1	0	1	0
            80	2024-02-08 12:02:28	1	0	1	0
           551	2024-02-08 12:02:33	1	0	1	0
           385	2024-02-08 12:04:11	1	0	1	0
           241	2024-02-08 12:04:57	1	0	1	0
           471	2024-02-08 12:05:01	1	0	1	0
           142	2024-02-08 12:05:13	1	0	1	0
           605	2024-02-08 12:05:32	1	0	1	0
           185	2024-02-08 12:06:28	1	0	1	0
           369	2024-02-08 12:06:36	1	0	1	0
           181	2024-02-08 12:08:37	1	0	1	0
           180	2024-02-08 12:12:59	1	0	1	0
           187	2024-02-08 12:13:35	1	0	1	0
            58	2024-02-08 12:13:50	1	0	1	0
            48	2024-02-08 12:13:56	1	0	1	0
            80	2024-02-08 12:17:31	1	0	1	0
           551	2024-02-08 12:17:37	1	0	1	0
           118	2024-02-08 12:18:37	1	0	1	0
           473	2024-02-08 12:18:45	1	0	1	0
           602	2024-02-08 12:18:52	1	0	1	0
           369	2024-02-08 12:25:05	1	0	1	0
           471	2024-02-08 12:29:14	1	0	1	0
           187	2024-02-08 12:30:08	1	0	1	0
            58	2024-02-08 12:30:14	1	0	1	0
            48	2024-02-08 12:30:20	1	0	1	0
            57	2024-02-08 12:31:23	1	0	1	0
           185	2024-02-08 12:36:46	1	0	1	0
           181	2024-02-08 12:36:51	1	0	1	0
           180	2024-02-08 12:36:57	1	0	1	0
           527	2024-02-08 12:37:04	1	0	1	0
           241	2024-02-08 12:37:19	1	0	1	0
           118	2024-02-08 12:48:15	1	0	1	0
           605	2024-02-08 12:48:44	1	0	1	0
            57	2024-02-08 12:50:28	1	0	1	0
           379	2024-02-08 12:54:01	1	0	1	0
           142	2024-02-08 13:01:04	1	0	1	0
           472	2024-02-08 13:02:04	1	0	1	0
           332	2024-02-08 13:02:51	1	0	1	0
           145	2024-02-08 13:03:17	1	0	1	0
           472	2024-02-08 13:18:14	1	0	1	0
           332	2024-02-08 13:44:20	1	0	1	0
           627	2024-02-08 16:18:02	1	0	1	0
            57	2024-02-08 17:00:05	1	0	1	0
            58	2024-02-08 17:01:41	1	0	1	0
            48	2024-02-08 17:02:03	1	0	1	0
           379	2024-02-08 17:02:55	1	0	1	0
           605	2024-02-08 17:03:04	1	0	1	0
           551	2024-02-08 17:03:19	1	0	1	0
            80	2024-02-08 17:03:24	1	0	1	0
           369	2024-02-08 17:04:44	1	0	1	0
           527	2024-02-08 17:06:30	1	0	1	0
           181	2024-02-08 17:08:17	1	0	1	0
           180	2024-02-08 17:12:09	1	0	1	0
           142	2024-02-08 17:13:47	1	0	1	0
           602	2024-02-08 17:13:58	1	0	1	0
           187	2024-02-08 17:30:13	1	0	1	0
           185	2024-02-08 17:31:11	1	0	1	0
           241	2024-02-08 17:34:08	1	0	1	0
           385	2024-02-08 17:34:33	1	0	1	0
           471	2024-02-08 17:56:23	1	0	1	0
           118	2024-02-08 18:01:23	1	0	1	0
           473	2024-02-08 18:02:41	1	0	1	0
           145	2024-02-08 18:08:34	1	0	1	0
           401	2024-02-08 18:15:58	1	0	1	0
           144	2024-02-08 18:20:16	1	0	1	0
           332	2024-02-08 18:25:59	1	0	1	0
           385	2024-02-12 05:34:36	1	0	1	0
            58	2024-02-12 06:39:02	1	0	1	0
           602	2024-02-12 07:04:41	1	0	1	0
            91	2024-02-12 07:27:53	1	0	1	0
           185	2024-02-12 07:28:14	1	0	1	0
           181	2024-02-12 07:38:42	1	0	1	0
           627	2024-02-12 07:38:48	1	0	1	0
           187	2024-02-12 07:39:08	1	0	1	0
           551	2024-02-12 07:41:08	1	0	1	0
           527	2024-02-12 07:42:53	1	0	1	0
           379	2024-02-12 07:46:19	1	0	1	0
           241	2024-02-12 07:46:45	1	0	1	0
           118	2024-02-12 07:50:03	1	0	1	0
            57	2024-02-12 07:50:11	1	0	1	0
            48	2024-02-12 07:51:10	1	0	1	0
           605	2024-02-12 07:53:49	1	0	1	0
           473	2024-02-12 07:56:09	1	0	1	0
           180	2024-02-12 07:56:54	1	0	1	0
            80	2024-02-12 07:57:37	1	0	1	0
           145	2024-02-12 07:58:44	1	0	1	0
           471	2024-02-12 08:00:29	1	0	1	0
           472	2024-02-12 08:00:33	1	0	1	0
           142	2024-02-12 08:00:49	1	0	1	0
           401	2024-02-12 08:43:15	1	0	1	0
           385	2024-02-12 11:35:07	1	0	1	0
            57	2024-02-12 12:00:53	1	0	1	0
           527	2024-02-12 12:01:01	1	0	1	0
           385	2024-02-12 12:01:08	1	0	1	0
           471	2024-02-12 12:01:14	1	0	1	0
           180	2024-02-12 12:01:30	1	0	1	0
           602	2024-02-12 12:01:35	1	0	1	0
           605	2024-02-12 12:01:46	1	0	1	0
           142	2024-02-12 12:02:07	1	0	1	0
            58	2024-02-12 12:02:16	1	0	1	0
           379	2024-02-12 12:02:21	1	0	1	0
            48	2024-02-12 12:02:50	1	0	1	0
           241	2024-02-12 12:03:42	1	0	1	0
           551	2024-02-12 12:06:11	1	0	1	0
           187	2024-02-12 12:06:42	1	0	1	0
            80	2024-02-12 12:08:36	1	0	1	0
           473	2024-02-12 12:11:17	1	0	1	0
           627	2024-02-12 12:12:39	1	0	1	0
            57	2024-02-12 12:16:59	1	0	1	0
           605	2024-02-12 12:19:09	1	0	1	0
           471	2024-02-12 12:20:44	1	0	1	0
           551	2024-02-12 12:22:30	1	0	1	0
           185	2024-02-12 12:22:36	1	0	1	0
            58	2024-02-12 12:24:03	1	0	1	0
            91	2024-02-12 12:24:08	1	0	1	0
           180	2024-02-12 12:26:01	1	0	1	0
           602	2024-02-12 12:26:07	1	0	1	0
           527	2024-02-12 12:26:27	1	0	1	0
           627	2024-02-12 12:27:44	1	0	1	0
           241	2024-02-12 12:30:53	1	0	1	0
           187	2024-02-12 12:34:03	1	0	1	0
           473	2024-02-12 12:35:03	1	0	1	0
            91	2024-02-12 12:47:56	1	0	1	0
           181	2024-02-12 12:52:33	1	0	1	0
           185	2024-02-12 12:56:49	1	0	1	0
           379	2024-02-12 12:57:27	1	0	1	0
           332	2024-02-12 13:00:54	1	0	1	0
           142	2024-02-12 13:01:01	1	0	1	0
           472	2024-02-12 13:01:15	1	0	1	0
           401	2024-02-12 13:09:28	1	0	1	0
           472	2024-02-12 13:17:55	1	0	1	0
           332	2024-02-12 13:19:56	1	0	1	0
           401	2024-02-12 13:29:41	1	0	1	0
            48	2024-02-12 17:00:33	1	0	1	0
            58	2024-02-12 17:02:36	1	0	1	0
           379	2024-02-12 17:04:05	1	0	1	0
           551	2024-02-12 17:04:11	1	0	1	0
            57	2024-02-12 17:04:19	1	0	1	0
           185	2024-02-12 17:07:06	1	0	1	0
            80	2024-02-12 17:07:12	1	0	1	0
           627	2024-02-12 17:07:15	1	0	1	0
           181	2024-02-12 17:07:17	1	0	1	0
           187	2024-02-12 17:07:23	1	0	1	0
           473	2024-02-12 17:10:56	1	0	1	0
           602	2024-02-12 17:11:00	1	0	1	0
           605	2024-02-12 17:11:05	1	0	1	0
           118	2024-02-12 17:13:23	1	0	1	0
            91	2024-02-12 17:16:10	1	0	1	0
           142	2024-02-12 17:18:17	1	0	1	0
           241	2024-02-12 17:18:31	1	0	1	0
           385	2024-02-12 17:19:34	1	0	1	0
           527	2024-02-12 17:20:04	1	0	1	0
           471	2024-02-12 17:58:08	1	0	1	0
           472	2024-02-12 18:00:06	1	0	1	0
           401	2024-02-12 18:04:06	1	0	1	0
           180	2024-02-12 18:07:29	1	0	1	0
           145	2024-02-12 18:10:11	1	0	1	0
           332	2024-02-12 18:17:23	1	0	1	0
           385	2024-02-13 06:21:12	1	0	1	0
            58	2024-02-13 06:42:29	1	0	1	0
           185	2024-02-13 07:32:21	1	0	1	0
            91	2024-02-13 07:33:42	1	0	1	0
           551	2024-02-13 07:37:29	1	0	1	0
            57	2024-02-13 07:49:50	1	0	1	0
           379	2024-02-13 07:50:46	1	0	1	0
           602	2024-02-13 07:51:27	1	0	1	0
           627	2024-02-13 07:52:17	1	0	1	0
           527	2024-02-13 07:53:08	1	0	1	0
           181	2024-02-13 07:53:30	1	0	1	0
           241	2024-02-13 07:58:20	1	0	1	0
           471	2024-02-13 08:00:59	1	0	1	0
           473	2024-02-13 08:06:15	1	0	1	0
           605	2024-02-13 08:06:34	1	0	1	0
           180	2024-02-13 08:10:47	1	0	1	0
            48	2024-02-13 08:17:31	1	0	1	0
           142	2024-02-13 08:18:10	1	0	1	0
           472	2024-02-13 08:18:43	1	0	1	0
           145	2024-02-13 08:29:11	1	0	1	0
           401	2024-02-13 08:41:03	1	0	1	0
           385	2024-02-13 11:30:24	1	0	1	0
           471	2024-02-13 12:00:09	1	0	1	0
           379	2024-02-13 12:01:34	1	0	1	0
           142	2024-02-13 12:01:47	1	0	1	0
           180	2024-02-13 12:01:55	1	0	1	0
           605	2024-02-13 12:02:04	1	0	1	0
           385	2024-02-13 12:02:09	1	0	1	0
           473	2024-02-13 12:03:02	1	0	1	0
           602	2024-02-13 12:03:05	1	0	1	0
           527	2024-02-13 12:03:10	1	0	1	0
           185	2024-02-13 12:05:41	1	0	1	0
           551	2024-02-13 12:06:28	1	0	1	0
            58	2024-02-13 12:11:22	1	0	1	0
           187	2024-02-13 12:12:04	1	0	1	0
           241	2024-02-13 12:18:19	1	0	1	0
           602	2024-02-13 12:19:24	1	0	1	0
           471	2024-02-13 12:19:54	1	0	1	0
           605	2024-02-13 12:20:06	1	0	1	0
           473	2024-02-13 12:20:44	1	0	1	0
            91	2024-02-13 12:26:43	1	0	1	0
            48	2024-02-13 12:30:30	1	0	1	0
            57	2024-02-13 12:39:25	1	0	1	0
           181	2024-02-13 12:43:55	1	0	1	0
           185	2024-02-13 12:44:02	1	0	1	0
           627	2024-02-13 12:44:09	1	0	1	0
           241	2024-02-13 12:44:12	1	0	1	0
           180	2024-02-13 12:45:53	1	0	1	0
            91	2024-02-13 12:48:19	1	0	1	0
            48	2024-02-13 12:50:03	1	0	1	0
           551	2024-02-13 12:50:14	1	0	1	0
           379	2024-02-13 12:52:43	1	0	1	0
           527	2024-02-13 12:54:40	1	0	1	0
            57	2024-02-13 12:54:58	1	0	1	0
           142	2024-02-13 12:57:50	1	0	1	0
           181	2024-02-13 13:00:20	1	0	1	0
           472	2024-02-13 13:02:00	1	0	1	0
           332	2024-02-13 13:03:49	1	0	1	0
           145	2024-02-13 13:06:48	1	0	1	0
           472	2024-02-13 13:21:18	1	0	1	0
           401	2024-02-13 13:27:43	1	0	1	0
           332	2024-02-13 13:36:14	1	0	1	0
            57	2024-02-13 17:00:08	1	0	1	0
            48	2024-02-13 17:00:15	1	0	1	0
            58	2024-02-13 17:00:22	1	0	1	0
           627	2024-02-13 17:01:45	1	0	1	0
           551	2024-02-13 17:02:07	1	0	1	0
           241	2024-02-13 17:02:10	1	0	1	0
           473	2024-02-13 17:02:15	1	0	1	0
           605	2024-02-13 17:02:22	1	0	1	0
           379	2024-02-13 17:02:28	1	0	1	0
           527	2024-02-13 17:02:49	1	0	1	0
           181	2024-02-13 17:02:55	1	0	1	0
           471	2024-02-13 17:03:27	1	0	1	0
           187	2024-02-13 17:03:44	1	0	1	0
           180	2024-02-13 17:04:34	1	0	1	0
           185	2024-02-13 17:07:22	1	0	1	0
           385	2024-02-13 17:07:34	1	0	1	0
           602	2024-02-13 17:21:18	1	0	1	0
            91	2024-02-13 17:22:44	1	0	1	0
           142	2024-02-13 17:31:25	1	0	1	0
           472	2024-02-13 18:00:02	1	0	1	0
           145	2024-02-13 18:03:53	1	0	1	0
           401	2024-02-13 18:24:11	1	0	1	0
           332	2024-02-13 18:50:35	1	0	1	0
           385	2024-02-14 06:27:20	1	0	1	0
            58	2024-02-14 06:41:35	1	0	1	0
           185	2024-02-14 07:26:44	1	0	1	0
            91	2024-02-14 07:28:39	1	0	1	0
           602	2024-02-14 07:33:39	1	0	1	0
           241	2024-02-14 07:36:14	1	0	1	0
           627	2024-02-14 07:38:34	1	0	1	0
           471	2024-02-14 07:47:54	1	0	1	0
           472	2024-02-14 07:47:58	1	0	1	0
           527	2024-02-14 07:48:38	1	0	1	0
           551	2024-02-14 07:51:57	1	0	1	0
            48	2024-02-14 07:52:46	1	0	1	0
           180	2024-02-14 07:53:07	1	0	1	0
            57	2024-02-14 07:56:03	1	0	1	0
           379	2024-02-14 07:56:14	1	0	1	0
           187	2024-02-14 07:57:20	1	0	1	0
           473	2024-02-14 07:58:23	1	0	1	0
           181	2024-02-14 07:58:45	1	0	1	0
           142	2024-02-14 08:00:04	1	0	1	0
           145	2024-02-14 08:30:20	1	0	1	0
           401	2024-02-14 08:49:51	1	0	1	0
           144	2024-02-14 09:14:44	1	0	1	0
           385	2024-02-14 11:31:10	1	0	1	0
           385	2024-02-14 12:00:13	1	0	1	0
           551	2024-02-14 12:00:50	1	0	1	0
           142	2024-02-14 12:01:04	1	0	1	0
           180	2024-02-14 12:01:17	1	0	1	0
            57	2024-02-14 12:01:25	1	0	1	0
           379	2024-02-14 12:01:31	1	0	1	0
            58	2024-02-14 12:01:48	1	0	1	0
           471	2024-02-14 12:03:04	1	0	1	0
           527	2024-02-14 12:03:14	1	0	1	0
           473	2024-02-14 12:03:21	1	0	1	0
           241	2024-02-14 12:05:46	1	0	1	0
           627	2024-02-14 12:06:51	1	0	1	0
            48	2024-02-14 12:08:30	1	0	1	0
           187	2024-02-14 12:08:35	1	0	1	0
           181	2024-02-14 12:10:55	1	0	1	0
            91	2024-02-14 12:13:43	1	0	1	0
           185	2024-02-14 12:13:47	1	0	1	0
           142	2024-02-14 12:16:07	1	0	1	0
           551	2024-02-14 12:19:28	1	0	1	0
           602	2024-02-14 12:20:38	1	0	1	0
            48	2024-02-14 12:25:21	1	0	1	0
           187	2024-02-14 12:25:27	1	0	1	0
            58	2024-02-14 12:25:34	1	0	1	0
           627	2024-02-14 12:38:08	1	0	1	0
           180	2024-02-14 12:38:53	1	0	1	0
           241	2024-02-14 12:39:56	1	0	1	0
            91	2024-02-14 12:41:43	1	0	1	0
           185	2024-02-14 12:42:00	1	0	1	0
           181	2024-02-14 12:42:10	1	0	1	0
           602	2024-02-14 12:44:47	1	0	1	0
           473	2024-02-14 12:45:45	1	0	1	0
           379	2024-02-14 12:51:57	1	0	1	0
           527	2024-02-14 12:54:34	1	0	1	0
            57	2024-02-14 13:09:45	1	0	1	0
           145	2024-02-14 13:11:17	1	0	1	0
           401	2024-02-14 13:11:25	1	0	1	0
           144	2024-02-14 13:11:28	1	0	1	0
           472	2024-02-14 13:13:41	1	0	1	0
           145	2024-02-14 13:37:49	1	0	1	0
           144	2024-02-14 13:37:57	1	0	1	0
           401	2024-02-14 13:38:00	1	0	1	0
           472	2024-02-14 13:47:54	1	0	1	0
           332	2024-02-14 13:55:44	1	0	1	0
           551	2024-02-14 16:25:05	1	0	1	0
            57	2024-02-14 17:01:16	1	0	1	0
           473	2024-02-14 17:02:49	1	0	1	0
           627	2024-02-14 17:03:17	1	0	1	0
            58	2024-02-14 17:03:34	1	0	1	0
           379	2024-02-14 17:05:18	1	0	1	0
           181	2024-02-14 17:07:45	1	0	1	0
           602	2024-02-14 17:08:26	1	0	1	0
           180	2024-02-14 17:13:22	1	0	1	0
           385	2024-02-14 17:13:32	1	0	1	0
           527	2024-02-14 17:13:39	1	0	1	0
           241	2024-02-14 17:13:47	1	0	1	0
           185	2024-02-14 17:15:34	1	0	1	0
           142	2024-02-14 17:16:34	1	0	1	0
            48	2024-02-14 17:16:41	1	0	1	0
            91	2024-02-14 17:18:24	1	0	1	0
           187	2024-02-14 17:39:22	1	0	1	0
           145	2024-02-14 18:05:15	1	0	1	0
           472	2024-02-14 18:06:21	1	0	1	0
           471	2024-02-14 18:06:37	1	0	1	0
           332	2024-02-14 18:09:57	1	0	1	0
           144	2024-02-14 18:46:43	1	0	1	0
           401	2024-02-14 18:46:49	1	0	1	0
           385	2024-02-15 06:18:51	1	0	1	0
            58	2024-02-15 06:40:16	1	0	1	0
           473	2024-02-15 06:48:10	1	0	1	0
            91	2024-02-15 07:22:07	1	0	1	0
           185	2024-02-15 07:22:33	1	0	1	0
           602	2024-02-15 07:31:25	1	0	1	0
           627	2024-02-15 07:32:12	1	0	1	0
           241	2024-02-15 07:34:23	1	0	1	0
           180	2024-02-15 07:46:44	1	0	1	0
           379	2024-02-15 07:47:32	1	0	1	0
           181	2024-02-15 07:49:31	1	0	1	0
           527	2024-02-15 07:52:05	1	0	1	0
            48	2024-02-15 07:53:30	1	0	1	0
           551	2024-02-15 07:54:09	1	0	1	0
            57	2024-02-15 07:54:48	1	0	1	0
           142	2024-02-15 07:54:55	1	0	1	0
           187	2024-02-15 08:03:11	1	0	1	0
           472	2024-02-15 08:12:10	1	0	1	0
           145	2024-02-15 08:33:14	1	0	1	0
           401	2024-02-15 08:58:36	1	0	1	0
           144	2024-02-15 10:43:52	1	0	1	0
           332	2024-02-15 11:02:05	1	0	1	0
           385	2024-02-15 11:38:38	1	0	1	0
           551	2024-02-15 12:01:14	1	0	1	0
           142	2024-02-15 12:01:28	1	0	1	0
           527	2024-02-15 12:01:33	1	0	1	0
           379	2024-02-15 12:01:50	1	0	1	0
            57	2024-02-15 12:02:43	1	0	1	0
           181	2024-02-15 12:03:03	1	0	1	0
           185	2024-02-15 12:03:06	1	0	1	0
           602	2024-02-15 12:03:35	1	0	1	0
           627	2024-02-15 12:06:29	1	0	1	0
           241	2024-02-15 12:08:03	1	0	1	0
           471	2024-02-15 12:09:51	1	0	1	0
           473	2024-02-15 12:10:17	1	0	1	0
            48	2024-02-15 12:13:14	1	0	1	0
            58	2024-02-15 12:13:46	1	0	1	0
           180	2024-02-15 12:20:39	1	0	1	0
           385	2024-02-15 12:20:51	1	0	1	0
            57	2024-02-15 12:24:11	1	0	1	0
            48	2024-02-15 12:30:02	1	0	1	0
           142	2024-02-15 12:30:26	1	0	1	0
            58	2024-02-15 12:30:29	1	0	1	0
           471	2024-02-15 12:30:44	1	0	1	0
           473	2024-02-15 12:31:24	1	0	1	0
           527	2024-02-15 12:32:41	1	0	1	0
           185	2024-02-15 12:38:13	1	0	1	0
           551	2024-02-15 12:38:36	1	0	1	0
           181	2024-02-15 12:39:55	1	0	1	0
           627	2024-02-15 12:40:00	1	0	1	0
           602	2024-02-15 12:40:19	1	0	1	0
           180	2024-02-15 12:40:56	1	0	1	0
           379	2024-02-15 12:52:29	1	0	1	0
           241	2024-02-15 12:53:21	1	0	1	0
           332	2024-02-15 13:05:21	1	0	1	0
           144	2024-02-15 13:06:40	1	0	1	0
           145	2024-02-15 13:14:48	1	0	1	0
           401	2024-02-15 13:14:56	1	0	1	0
           332	2024-02-15 13:27:28	1	0	1	0
           145	2024-02-15 13:31:01	1	0	1	0
           401	2024-02-15 13:31:07	1	0	1	0
           472	2024-02-15 13:44:12	1	0	1	0
           144	2024-02-15 13:45:18	1	0	1	0
            57	2024-02-15 17:00:49	1	0	1	0
           602	2024-02-15 17:00:57	1	0	1	0
           379	2024-02-15 17:01:31	1	0	1	0
           627	2024-02-15 17:01:51	1	0	1	0
           473	2024-02-15 17:02:14	1	0	1	0
            58	2024-02-15 17:02:34	1	0	1	0
           551	2024-02-15 17:03:29	1	0	1	0
           180	2024-02-15 17:03:48	1	0	1	0
           385	2024-02-15 17:03:55	1	0	1	0
           527	2024-02-15 17:04:07	1	0	1	0
           241	2024-02-15 17:04:19	1	0	1	0
           181	2024-02-15 17:05:00	1	0	1	0
            48	2024-02-15 17:08:54	1	0	1	0
           187	2024-02-15 17:13:14	1	0	1	0
           142	2024-02-15 17:15:13	1	0	1	0
           185	2024-02-15 17:28:45	1	0	1	0
            91	2024-02-15 17:54:59	1	0	1	0
           471	2024-02-15 17:59:50	1	0	1	0
           472	2024-02-15 18:02:13	1	0	1	0
           145	2024-02-15 18:04:50	1	0	1	0
           332	2024-02-15 18:07:01	1	0	1	0
           401	2024-02-15 18:12:24	1	0	1	0
           144	2024-02-15 18:27:53	1	0	1	0
           385	2024-02-16 06:10:33	1	0	1	0
            58	2024-02-16 06:41:27	1	0	1	0
            91	2024-02-16 07:21:22	1	0	1	0
           185	2024-02-16 07:21:44	1	0	1	0
           627	2024-02-16 07:36:48	1	0	1	0
           602	2024-02-16 07:37:23	1	0	1	0
           527	2024-02-16 07:40:00	1	0	1	0
           181	2024-02-16 07:41:23	1	0	1	0
           473	2024-02-16 07:44:40	1	0	1	0
           241	2024-02-16 07:46:18	1	0	1	0
           551	2024-02-16 07:50:01	1	0	1	0
           605	2024-02-16 07:53:29	1	0	1	0
            48	2024-02-16 07:53:35	1	0	1	0
           471	2024-02-16 07:54:40	1	0	1	0
           472	2024-02-16 07:54:43	1	0	1	0
           379	2024-02-16 07:54:49	1	0	1	0
           187	2024-02-16 07:56:35	1	0	1	0
            57	2024-02-16 07:57:57	1	0	1	0
           332	2024-02-16 07:58:05	1	0	1	0
            80	2024-02-16 07:59:04	1	0	1	0
           180	2024-02-16 08:04:13	1	0	1	0
           145	2024-02-16 08:19:09	1	0	1	0
           401	2024-02-16 08:59:40	1	0	1	0
           144	2024-02-16 09:10:14	1	0	1	0
           385	2024-02-16 11:35:53	1	0	1	0
           181	2024-02-16 12:00:08	1	0	1	0
           385	2024-02-16 12:00:47	1	0	1	0
           241	2024-02-16 12:00:56	1	0	1	0
           627	2024-02-16 12:01:01	1	0	1	0
           180	2024-02-16 12:01:07	1	0	1	0
           527	2024-02-16 12:01:22	1	0	1	0
           379	2024-02-16 12:01:36	1	0	1	0
           471	2024-02-16 12:01:40	1	0	1	0
           602	2024-02-16 12:01:53	1	0	1	0
           605	2024-02-16 12:01:56	1	0	1	0
           473	2024-02-16 12:02:00	1	0	1	0
            80	2024-02-16 12:04:14	1	0	1	0
           185	2024-02-16 12:04:50	1	0	1	0
           551	2024-02-16 12:08:25	1	0	1	0
            58	2024-02-16 12:12:48	1	0	1	0
           187	2024-02-16 12:14:33	1	0	1	0
            48	2024-02-16 12:14:43	1	0	1	0
           471	2024-02-16 12:18:40	1	0	1	0
           180	2024-02-16 12:21:33	1	0	1	0
           602	2024-02-16 12:22:09	1	0	1	0
           473	2024-02-16 12:24:23	1	0	1	0
           185	2024-02-16 12:24:44	1	0	1	0
           605	2024-02-16 12:24:56	1	0	1	0
            91	2024-02-16 12:25:07	1	0	1	0
           551	2024-02-16 12:30:25	1	0	1	0
           527	2024-02-16 12:31:10	1	0	1	0
           241	2024-02-16 12:32:22	1	0	1	0
           187	2024-02-16 12:34:16	1	0	1	0
            48	2024-02-16 12:34:33	1	0	1	0
            58	2024-02-16 12:36:39	1	0	1	0
            91	2024-02-16 12:40:25	1	0	1	0
           627	2024-02-16 12:41:03	1	0	1	0
           379	2024-02-16 12:55:56	1	0	1	0
           472	2024-02-16 13:02:06	1	0	1	0
           144	2024-02-16 13:03:57	1	0	1	0
           332	2024-02-16 13:08:51	1	0	1	0
           145	2024-02-16 13:08:59	1	0	1	0
           401	2024-02-16 13:21:08	1	0	1	0
           144	2024-02-16 13:33:48	1	0	1	0
           472	2024-02-16 13:39:47	1	0	1	0
           401	2024-02-16 13:42:00	1	0	1	0
           332	2024-02-16 13:43:32	1	0	1	0
            80	2024-02-16 17:00:03	1	0	1	0
           187	2024-02-16 17:00:16	1	0	1	0
           551	2024-02-16 17:00:33	1	0	1	0
            58	2024-02-16 17:01:05	1	0	1	0
            48	2024-02-16 17:01:35	1	0	1	0
           379	2024-02-16 17:05:20	1	0	1	0
           627	2024-02-16 17:06:14	1	0	1	0
           241	2024-02-16 17:06:23	1	0	1	0
           602	2024-02-16 17:11:07	1	0	1	0
           605	2024-02-16 17:11:12	1	0	1	0
           527	2024-02-16 17:11:21	1	0	1	0
           180	2024-02-16 17:15:59	1	0	1	0
           385	2024-02-16 17:16:07	1	0	1	0
            91	2024-02-16 17:17:20	1	0	1	0
           185	2024-02-16 17:22:11	1	0	1	0
           145	2024-02-16 18:02:19	1	0	1	0
           332	2024-02-16 18:02:36	1	0	1	0
           472	2024-02-16 18:02:54	1	0	1	0
           471	2024-02-16 18:05:57	1	0	1	0
           401	2024-02-16 18:52:17	1	0	1	0
           144	2024-02-16 19:30:03	1	0	1	0
           385	2024-02-19 06:18:41	1	0	1	0
            58	2024-02-19 06:40:27	1	0	1	0
           369	2024-02-19 06:57:48	1	0	1	0
           473	2024-02-19 07:07:58	1	0	1	0
           185	2024-02-19 07:12:33	1	0	1	0
            80	2024-02-19 07:13:49	1	0	1	0
            91	2024-02-19 07:15:05	1	0	1	0
           602	2024-02-19 07:30:36	1	0	1	0
           605	2024-02-19 07:37:48	1	0	1	0
            48	2024-02-19 07:37:55	1	0	1	0
           627	2024-02-19 07:41:27	1	0	1	0
           180	2024-02-19 07:42:01	1	0	1	0
           145	2024-02-19 07:44:57	1	0	1	0
           241	2024-02-19 07:45:51	1	0	1	0
           142	2024-02-19 07:46:33	1	0	1	0
           472	2024-02-19 07:46:40	1	0	1	0
           471	2024-02-19 07:46:48	1	0	1	0
           551	2024-02-19 07:47:18	1	0	1	0
           527	2024-02-19 07:50:33	1	0	1	0
           118	2024-02-19 07:52:28	1	0	1	0
            57	2024-02-19 07:53:02	1	0	1	0
           379	2024-02-19 07:54:08	1	0	1	0
           181	2024-02-19 07:54:59	1	0	1	0
           187	2024-02-19 08:03:29	1	0	1	0
           144	2024-02-19 08:48:44	1	0	1	0
           401	2024-02-19 08:49:51	1	0	1	0
           332	2024-02-19 09:13:11	1	0	1	0
           385	2024-02-19 11:42:40	1	0	1	0
           471	2024-02-19 12:00:41	1	0	1	0
           369	2024-02-19 12:00:47	1	0	1	0
            48	2024-02-19 12:00:54	1	0	1	0
           605	2024-02-19 12:00:59	1	0	1	0
           473	2024-02-19 12:01:18	1	0	1	0
           379	2024-02-19 12:01:27	1	0	1	0
           118	2024-02-19 12:01:39	1	0	1	0
           385	2024-02-19 12:01:43	1	0	1	0
            58	2024-02-19 12:01:52	1	0	1	0
           142	2024-02-19 12:02:23	1	0	1	0
           527	2024-02-19 12:04:01	1	0	1	0
           551	2024-02-19 12:05:01	1	0	1	0
            57	2024-02-19 12:05:59	1	0	1	0
           187	2024-02-19 12:07:21	1	0	1	0
           602	2024-02-19 12:08:32	1	0	1	0
           185	2024-02-19 12:10:54	1	0	1	0
           181	2024-02-19 12:11:02	1	0	1	0
           180	2024-02-19 12:11:08	1	0	1	0
           627	2024-02-19 12:11:43	1	0	1	0
           241	2024-02-19 12:16:30	1	0	1	0
            91	2024-02-19 12:16:54	1	0	1	0
            57	2024-02-19 12:21:26	1	0	1	0
            48	2024-02-19 12:21:43	1	0	1	0
            58	2024-02-19 12:21:49	1	0	1	0
           471	2024-02-19 12:23:52	1	0	1	0
           605	2024-02-19 12:24:09	1	0	1	0
            80	2024-02-19 12:26:12	1	0	1	0
           142	2024-02-19 12:28:53	1	0	1	0
           187	2024-02-19 12:35:00	1	0	1	0
           118	2024-02-19 12:35:53	1	0	1	0
           473	2024-02-19 12:36:09	1	0	1	0
           602	2024-02-19 12:36:33	1	0	1	0
            80	2024-02-19 12:42:51	1	0	1	0
           241	2024-02-19 12:43:46	1	0	1	0
           181	2024-02-19 12:45:36	1	0	1	0
           180	2024-02-19 12:45:43	1	0	1	0
           185	2024-02-19 12:45:48	1	0	1	0
           627	2024-02-19 12:45:54	1	0	1	0
            91	2024-02-19 12:46:00	1	0	1	0
           551	2024-02-19 12:49:53	1	0	1	0
           527	2024-02-19 12:52:49	1	0	1	0
           379	2024-02-19 12:57:45	1	0	1	0
           472	2024-02-19 13:01:10	1	0	1	0
           144	2024-02-19 13:06:03	1	0	1	0
           401	2024-02-19 13:06:09	1	0	1	0
           332	2024-02-19 13:12:15	1	0	1	0
           145	2024-02-19 13:17:14	1	0	1	0
           144	2024-02-19 13:29:51	1	0	1	0
           401	2024-02-19 13:29:54	1	0	1	0
           332	2024-02-19 13:39:48	1	0	1	0
            57	2024-02-19 17:00:29	1	0	1	0
            80	2024-02-19 17:00:47	1	0	1	0
           551	2024-02-19 17:00:51	1	0	1	0
            58	2024-02-19 17:01:04	1	0	1	0
           241	2024-02-19 17:01:14	1	0	1	0
           627	2024-02-19 17:01:21	1	0	1	0
            48	2024-02-19 17:02:17	1	0	1	0
           385	2024-02-19 17:02:29	1	0	1	0
           527	2024-02-19 17:02:43	1	0	1	0
           180	2024-02-19 17:03:13	1	0	1	0
           187	2024-02-19 17:03:23	1	0	1	0
           379	2024-02-19 17:04:55	1	0	1	0
           473	2024-02-19 17:09:46	1	0	1	0
           369	2024-02-19 17:09:52	1	0	1	0
           142	2024-02-19 17:10:26	1	0	1	0
           602	2024-02-19 17:12:47	1	0	1	0
           605	2024-02-19 17:12:57	1	0	1	0
           118	2024-02-19 17:34:00	1	0	1	0
           472	2024-02-19 18:02:16	1	0	1	0
           471	2024-02-19 18:02:45	1	0	1	0
           181	2024-02-19 18:05:40	1	0	1	0
           145	2024-02-19 18:13:44	1	0	1	0
            91	2024-02-19 18:26:56	1	0	1	0
           185	2024-02-19 18:27:03	1	0	1	0
           401	2024-02-19 18:35:48	1	0	1	0
           332	2024-02-19 18:42:41	1	0	1	0
           144	2024-02-19 19:03:55	1	0	1	0
           385	2024-02-20 06:12:56	1	0	1	0
            58	2024-02-20 06:32:29	1	0	1	0
            91	2024-02-20 07:21:40	1	0	1	0
           185	2024-02-20 07:21:47	1	0	1	0
           473	2024-02-20 07:30:04	1	0	1	0
           602	2024-02-20 07:34:37	1	0	1	0
           187	2024-02-20 07:37:41	1	0	1	0
           181	2024-02-20 07:38:17	1	0	1	0
           379	2024-02-20 07:40:59	1	0	1	0
            48	2024-02-20 07:43:44	1	0	1	0
           551	2024-02-20 07:43:58	1	0	1	0
           369	2024-02-20 07:45:37	1	0	1	0
           527	2024-02-20 07:47:42	1	0	1	0
           118	2024-02-20 07:49:30	1	0	1	0
           180	2024-02-20 07:49:59	1	0	1	0
           471	2024-02-20 07:53:08	1	0	1	0
           472	2024-02-20 07:53:20	1	0	1	0
           241	2024-02-20 07:53:32	1	0	1	0
            57	2024-02-20 07:54:52	1	0	1	0
           627	2024-02-20 07:55:50	1	0	1	0
           605	2024-02-20 08:00:22	1	0	1	0
           142	2024-02-20 08:05:07	1	0	1	0
            80	2024-02-20 08:05:47	1	0	1	0
           145	2024-02-20 08:26:40	1	0	1	0
           332	2024-02-20 08:52:15	1	0	1	0
           144	2024-02-20 08:58:30	1	0	1	0
           385	2024-02-20 11:30:12	1	0	1	0
           142	2024-02-20 12:00:08	1	0	1	0
            48	2024-02-20 12:00:45	1	0	1	0
           379	2024-02-20 12:01:35	1	0	1	0
            80	2024-02-20 12:02:36	1	0	1	0
           551	2024-02-20 12:02:42	1	0	1	0
           527	2024-02-20 12:03:07	1	0	1	0
           241	2024-02-20 12:03:34	1	0	1	0
           627	2024-02-20 12:03:37	1	0	1	0
           605	2024-02-20 12:03:53	1	0	1	0
           602	2024-02-20 12:04:04	1	0	1	0
           473	2024-02-20 12:04:18	1	0	1	0
           471	2024-02-20 12:04:20	1	0	1	0
           180	2024-02-20 12:06:26	1	0	1	0
            58	2024-02-20 12:06:52	1	0	1	0
           369	2024-02-20 12:13:42	1	0	1	0
           181	2024-02-20 12:13:54	1	0	1	0
           385	2024-02-20 12:14:01	1	0	1	0
           187	2024-02-20 12:14:05	1	0	1	0
           185	2024-02-20 12:16:02	1	0	1	0
           627	2024-02-20 12:19:06	1	0	1	0
           602	2024-02-20 12:24:39	1	0	1	0
           605	2024-02-20 12:24:44	1	0	1	0
           473	2024-02-20 12:26:03	1	0	1	0
           180	2024-02-20 12:28:55	1	0	1	0
           181	2024-02-20 12:29:00	1	0	1	0
            48	2024-02-20 12:30:09	1	0	1	0
            58	2024-02-20 12:30:19	1	0	1	0
            80	2024-02-20 12:30:36	1	0	1	0
           551	2024-02-20 12:30:40	1	0	1	0
           187	2024-02-20 12:30:55	1	0	1	0
           471	2024-02-20 12:39:02	1	0	1	0
           241	2024-02-20 12:39:39	1	0	1	0
           369	2024-02-20 12:40:07	1	0	1	0
           185	2024-02-20 12:47:14	1	0	1	0
            57	2024-02-20 12:47:33	1	0	1	0
           379	2024-02-20 12:50:29	1	0	1	0
           142	2024-02-20 12:52:23	1	0	1	0
           527	2024-02-20 12:56:25	1	0	1	0
           472	2024-02-20 13:02:09	1	0	1	0
           144	2024-02-20 13:03:21	1	0	1	0
            57	2024-02-20 13:03:55	1	0	1	0
           332	2024-02-20 13:09:23	1	0	1	0
           145	2024-02-20 13:16:38	1	0	1	0
           472	2024-02-20 13:19:12	1	0	1	0
           332	2024-02-20 13:51:21	1	0	1	0
           144	2024-02-20 13:52:53	1	0	1	0
           145	2024-02-20 13:59:05	1	0	1	0
           187	2024-02-20 17:00:14	1	0	1	0
           181	2024-02-20 17:00:27	1	0	1	0
            80	2024-02-20 17:00:36	1	0	1	0
            58	2024-02-20 17:00:52	1	0	1	0
           551	2024-02-20 17:00:57	1	0	1	0
            57	2024-02-20 17:02:04	1	0	1	0
           527	2024-02-20 17:02:43	1	0	1	0
            48	2024-02-20 17:04:38	1	0	1	0
           379	2024-02-20 17:08:07	1	0	1	0
           180	2024-02-20 17:08:20	1	0	1	0
           241	2024-02-20 17:08:57	1	0	1	0
           142	2024-02-20 17:14:28	1	0	1	0
           185	2024-02-20 17:15:14	1	0	1	0
            91	2024-02-20 17:18:00	1	0	1	0
           627	2024-02-20 17:18:41	1	0	1	0
           385	2024-02-20 17:18:53	1	0	1	0
           369	2024-02-20 17:19:18	1	0	1	0
           602	2024-02-20 17:27:24	1	0	1	0
           118	2024-02-20 17:45:21	1	0	1	0
           471	2024-02-20 18:01:43	1	0	1	0
           472	2024-02-20 18:02:13	1	0	1	0
           145	2024-02-20 18:04:21	1	0	1	0
           144	2024-02-20 18:13:26	1	0	1	0
           473	2024-02-20 18:29:40	1	0	1	0
           332	2024-02-20 18:33:18	1	0	1	0
           385	2024-02-21 06:16:16	1	0	1	0
            58	2024-02-21 06:38:26	1	0	1	0
            91	2024-02-21 07:06:36	1	0	1	0
           185	2024-02-21 07:06:59	1	0	1	0
           473	2024-02-21 07:16:14	1	0	1	0
           181	2024-02-21 07:27:07	1	0	1	0
           602	2024-02-21 07:28:30	1	0	1	0
           627	2024-02-21 07:37:56	1	0	1	0
           527	2024-02-21 07:42:02	1	0	1	0
           551	2024-02-21 07:43:08	1	0	1	0
           379	2024-02-21 07:44:19	1	0	1	0
           118	2024-02-21 07:45:22	1	0	1	0
           241	2024-02-21 07:46:40	1	0	1	0
            48	2024-02-21 07:49:54	1	0	1	0
           605	2024-02-21 07:54:57	1	0	1	0
           180	2024-02-21 07:55:49	1	0	1	0
           471	2024-02-21 07:56:48	1	0	1	0
           472	2024-02-21 07:56:52	1	0	1	0
            57	2024-02-21 07:57:00	1	0	1	0
           142	2024-02-21 07:57:48	1	0	1	0
            80	2024-02-21 07:58:02	1	0	1	0
           187	2024-02-21 07:58:17	1	0	1	0
           369	2024-02-21 08:08:25	1	0	1	0
           401	2024-02-21 08:18:20	1	0	1	0
           145	2024-02-21 08:28:04	1	0	1	0
           144	2024-02-21 08:54:43	1	0	1	0
           385	2024-02-21 11:31:57	1	0	1	0
           369	2024-02-21 12:00:20	1	0	1	0
           385	2024-02-21 12:00:36	1	0	1	0
           180	2024-02-21 12:01:08	1	0	1	0
           551	2024-02-21 12:01:18	1	0	1	0
            80	2024-02-21 12:01:22	1	0	1	0
           142	2024-02-21 12:02:16	1	0	1	0
            58	2024-02-21 12:03:00	1	0	1	0
           527	2024-02-21 12:03:06	1	0	1	0
           185	2024-02-21 12:04:00	1	0	1	0
            57	2024-02-21 12:04:08	1	0	1	0
           379	2024-02-21 12:04:15	1	0	1	0
           187	2024-02-21 12:04:48	1	0	1	0
           241	2024-02-21 12:08:40	1	0	1	0
           605	2024-02-21 12:13:11	1	0	1	0
           471	2024-02-21 12:13:21	1	0	1	0
           602	2024-02-21 12:13:40	1	0	1	0
           473	2024-02-21 12:13:44	1	0	1	0
           118	2024-02-21 12:14:16	1	0	1	0
           180	2024-02-21 12:16:32	1	0	1	0
           527	2024-02-21 12:18:51	1	0	1	0
            57	2024-02-21 12:20:00	1	0	1	0
           379	2024-02-21 12:20:10	1	0	1	0
            80	2024-02-21 12:20:17	1	0	1	0
           551	2024-02-21 12:20:23	1	0	1	0
           241	2024-02-21 12:24:05	1	0	1	0
            91	2024-02-21 12:24:31	1	0	1	0
           187	2024-02-21 12:25:25	1	0	1	0
            58	2024-02-21 12:25:33	1	0	1	0
           627	2024-02-21 12:25:42	1	0	1	0
           369	2024-02-21 12:25:52	1	0	1	0
           605	2024-02-21 12:30:27	1	0	1	0
            48	2024-02-21 12:32:33	1	0	1	0
           471	2024-02-21 12:34:43	1	0	1	0
           473	2024-02-21 12:35:35	1	0	1	0
           118	2024-02-21 12:36:37	1	0	1	0
           142	2024-02-21 12:54:56	1	0	1	0
           627	2024-02-21 12:59:48	1	0	1	0
            91	2024-02-21 13:00:04	1	0	1	0
           185	2024-02-21 13:00:07	1	0	1	0
           472	2024-02-21 13:00:29	1	0	1	0
            48	2024-02-21 13:00:50	1	0	1	0
           145	2024-02-21 13:02:40	1	0	1	0
           332	2024-02-21 13:06:03	1	0	1	0
           401	2024-02-21 13:09:23	1	0	1	0
           472	2024-02-21 13:18:06	1	0	1	0
           144	2024-02-21 13:35:02	1	0	1	0
           332	2024-02-21 13:35:19	1	0	1	0
           144	2024-02-21 13:59:45	1	0	1	0
            57	2024-02-21 17:01:19	1	0	1	0
            58	2024-02-21 17:01:25	1	0	1	0
            80	2024-02-21 17:01:33	1	0	1	0
           551	2024-02-21 17:01:37	1	0	1	0
           369	2024-02-21 17:03:07	1	0	1	0
           187	2024-02-21 17:03:27	1	0	1	0
            48	2024-02-21 17:05:27	1	0	1	0
           473	2024-02-21 17:05:56	1	0	1	0
           385	2024-02-21 17:07:17	1	0	1	0
           379	2024-02-21 17:07:27	1	0	1	0
           602	2024-02-21 17:07:50	1	0	1	0
           605	2024-02-21 17:07:54	1	0	1	0
           118	2024-02-21 17:19:08	1	0	1	0
           142	2024-02-21 17:20:11	1	0	1	0
           241	2024-02-21 17:21:12	1	0	1	0
           181	2024-02-21 17:21:22	1	0	1	0
           180	2024-02-21 17:21:27	1	0	1	0
           185	2024-02-21 17:21:33	1	0	1	0
           627	2024-02-21 17:21:42	1	0	1	0
           527	2024-02-21 17:23:01	1	0	1	0
            91	2024-02-21 17:37:36	1	0	1	0
           471	2024-02-21 17:56:42	1	0	1	0
           145	2024-02-21 18:05:50	1	0	1	0
           332	2024-02-21 18:09:20	1	0	1	0
           401	2024-02-21 18:10:54	1	0	1	0
           472	2024-02-21 18:15:48	1	0	1	0
           144	2024-02-21 18:33:13	1	0	1	0
           385	2024-02-22 06:19:37	1	0	1	0
            58	2024-02-22 06:45:42	1	0	1	0
           187	2024-02-22 07:02:55	1	0	1	0
            91	2024-02-22 07:20:44	1	0	1	0
           185	2024-02-22 07:20:58	1	0	1	0
           602	2024-02-22 07:30:35	1	0	1	0
           551	2024-02-22 07:35:25	1	0	1	0
           627	2024-02-22 07:36:32	1	0	1	0
           379	2024-02-22 07:43:45	1	0	1	0
           605	2024-02-22 07:43:56	1	0	1	0
            57	2024-02-22 07:44:27	1	0	1	0
           527	2024-02-22 07:49:39	1	0	1	0
           241	2024-02-22 07:50:05	1	0	1	0
           181	2024-02-22 07:50:14	1	0	1	0
           473	2024-02-22 07:51:26	1	0	1	0
           180	2024-02-22 07:52:24	1	0	1	0
           142	2024-02-22 07:53:07	1	0	1	0
            48	2024-02-22 07:53:39	1	0	1	0
           471	2024-02-22 07:58:38	1	0	1	0
           472	2024-02-22 07:58:45	1	0	1	0
            80	2024-02-22 07:59:14	1	0	1	0
           369	2024-02-22 08:04:30	1	0	1	0
           145	2024-02-22 08:29:22	1	0	1	0
           144	2024-02-22 08:58:37	1	0	1	0
           401	2024-02-22 09:05:42	1	0	1	0
           332	2024-02-22 11:13:25	1	0	1	0
           385	2024-02-22 11:32:51	1	0	1	0
           527	2024-02-22 12:00:04	1	0	1	0
           471	2024-02-22 12:01:26	1	0	1	0
           241	2024-02-22 12:01:55	1	0	1	0
           627	2024-02-22 12:01:58	1	0	1	0
           185	2024-02-22 12:02:02	1	0	1	0
            91	2024-02-22 12:02:07	1	0	1	0
           602	2024-02-22 12:05:00	1	0	1	0
            80	2024-02-22 12:05:11	1	0	1	0
           551	2024-02-22 12:05:14	1	0	1	0
           473	2024-02-22 12:05:19	1	0	1	0
           605	2024-02-22 12:05:42	1	0	1	0
            58	2024-02-22 12:05:50	1	0	1	0
           369	2024-02-22 12:06:56	1	0	1	0
           187	2024-02-22 12:07:09	1	0	1	0
            48	2024-02-22 12:07:14	1	0	1	0
           118	2024-02-22 12:07:20	1	0	1	0
           142	2024-02-22 12:09:42	1	0	1	0
           180	2024-02-22 12:13:57	1	0	1	0
           385	2024-02-22 12:14:02	1	0	1	0
           471	2024-02-22 12:21:33	1	0	1	0
           187	2024-02-22 12:23:39	1	0	1	0
            48	2024-02-22 12:23:56	1	0	1	0
            58	2024-02-22 12:24:13	1	0	1	0
           527	2024-02-22 12:24:19	1	0	1	0
            91	2024-02-22 12:27:00	1	0	1	0
           605	2024-02-22 12:30:00	1	0	1	0
           602	2024-02-22 12:30:25	1	0	1	0
           118	2024-02-22 12:30:35	1	0	1	0
           473	2024-02-22 12:31:05	1	0	1	0
            80	2024-02-22 12:31:28	1	0	1	0
           551	2024-02-22 12:31:32	1	0	1	0
            57	2024-02-22 12:32:33	1	0	1	0
           627	2024-02-22 12:38:11	1	0	1	0
           181	2024-02-22 12:38:33	1	0	1	0
           185	2024-02-22 12:38:39	1	0	1	0
           241	2024-02-22 12:38:44	1	0	1	0
           180	2024-02-22 12:38:50	1	0	1	0
            57	2024-02-22 12:50:53	1	0	1	0
           142	2024-02-22 12:51:25	1	0	1	0
           472	2024-02-22 13:01:49	1	0	1	0
           332	2024-02-22 13:02:05	1	0	1	0
           144	2024-02-22 13:09:48	1	0	1	0
           472	2024-02-22 13:17:36	1	0	1	0
           332	2024-02-22 13:25:04	1	0	1	0
           401	2024-02-22 13:29:04	1	0	1	0
           145	2024-02-22 13:34:40	1	0	1	0
           144	2024-02-22 13:52:12	1	0	1	0
           401	2024-02-22 13:52:18	1	0	1	0
           145	2024-02-22 13:53:05	1	0	1	0
            58	2024-02-22 17:00:04	1	0	1	0
           187	2024-02-22 17:00:09	1	0	1	0
            57	2024-02-22 17:00:16	1	0	1	0
            48	2024-02-22 17:00:23	1	0	1	0
            80	2024-02-22 17:00:31	1	0	1	0
           551	2024-02-22 17:00:35	1	0	1	0
           527	2024-02-22 17:02:59	1	0	1	0
           385	2024-02-22 17:04:17	1	0	1	0
           369	2024-02-22 17:04:42	1	0	1	0
           181	2024-02-22 17:05:01	1	0	1	0
           627	2024-02-22 17:06:18	1	0	1	0
           185	2024-02-22 17:07:26	1	0	1	0
           473	2024-02-22 17:11:05	1	0	1	0
           605	2024-02-22 17:11:25	1	0	1	0
           142	2024-02-22 17:11:36	1	0	1	0
           602	2024-02-22 17:12:13	1	0	1	0
           180	2024-02-22 17:12:48	1	0	1	0
           118	2024-02-22 17:23:28	1	0	1	0
           241	2024-02-22 17:26:21	1	0	1	0
           472	2024-02-22 18:00:14	1	0	1	0
           471	2024-02-22 18:00:56	1	0	1	0
           145	2024-02-22 18:05:19	1	0	1	0
           401	2024-02-22 18:16:04	1	0	1	0
            91	2024-02-22 18:27:06	1	0	1	0
           144	2024-02-22 18:34:17	1	0	1	0
           332	2024-02-22 18:35:30	1	0	1	0
           385	2024-02-23 06:12:15	1	0	1	0
            58	2024-02-23 06:35:19	1	0	1	0
           185	2024-02-23 07:24:24	1	0	1	0
            91	2024-02-23 07:24:36	1	0	1	0
           241	2024-02-23 07:24:43	1	0	1	0
           627	2024-02-23 07:31:24	1	0	1	0
           602	2024-02-23 07:32:45	1	0	1	0
           471	2024-02-23 07:36:33	1	0	1	0
           118	2024-02-23 07:38:44	1	0	1	0
           605	2024-02-23 07:41:37	1	0	1	0
            48	2024-02-23 07:44:43	1	0	1	0
           142	2024-02-23 07:49:14	1	0	1	0
           527	2024-02-23 07:51:47	1	0	1	0
           379	2024-02-23 07:55:24	1	0	1	0
            80	2024-02-23 07:58:50	1	0	1	0
           473	2024-02-23 07:59:24	1	0	1	0
            57	2024-02-23 08:04:41	1	0	1	0
           180	2024-02-23 08:07:06	1	0	1	0
           181	2024-02-23 08:07:15	1	0	1	0
           369	2024-02-23 08:07:19	1	0	1	0
           187	2024-02-23 08:10:55	1	0	1	0
           145	2024-02-23 08:32:59	1	0	1	0
           144	2024-02-23 08:55:13	1	0	1	0
           385	2024-02-23 11:34:58	1	0	1	0
           332	2024-02-23 11:54:05	1	0	1	0
           471	2024-02-23 12:00:05	1	0	1	0
           142	2024-02-23 12:00:13	1	0	1	0
            80	2024-02-23 12:02:41	1	0	1	0
           527	2024-02-23 12:03:23	1	0	1	0
           118	2024-02-23 12:03:38	1	0	1	0
           473	2024-02-23 12:03:40	1	0	1	0
           602	2024-02-23 12:03:59	1	0	1	0
           605	2024-02-23 12:04:03	1	0	1	0
           627	2024-02-23 12:04:20	1	0	1	0
           181	2024-02-23 12:04:27	1	0	1	0
           180	2024-02-23 12:04:33	1	0	1	0
           185	2024-02-23 12:04:48	1	0	1	0
            57	2024-02-23 12:05:42	1	0	1	0
           379	2024-02-23 12:06:13	1	0	1	0
           385	2024-02-23 12:09:12	1	0	1	0
           241	2024-02-23 12:09:17	1	0	1	0
           369	2024-02-23 12:12:53	1	0	1	0
           187	2024-02-23 12:12:58	1	0	1	0
            48	2024-02-23 12:13:14	1	0	1	0
            58	2024-02-23 12:13:21	1	0	1	0
            80	2024-02-23 12:17:42	1	0	1	0
           118	2024-02-23 12:18:48	1	0	1	0
           379	2024-02-23 12:25:02	1	0	1	0
           142	2024-02-23 12:29:03	1	0	1	0
           471	2024-02-23 12:29:08	1	0	1	0
            58	2024-02-23 12:29:27	1	0	1	0
            48	2024-02-23 12:29:33	1	0	1	0
           241	2024-02-23 12:29:42	1	0	1	0
           369	2024-02-23 12:32:40	1	0	1	0
           473	2024-02-23 12:38:10	1	0	1	0
           602	2024-02-23 12:38:44	1	0	1	0
           605	2024-02-23 12:38:49	1	0	1	0
           180	2024-02-23 12:39:20	1	0	1	0
           627	2024-02-23 12:39:25	1	0	1	0
           185	2024-02-23 12:39:55	1	0	1	0
           181	2024-02-23 12:40:01	1	0	1	0
           187	2024-02-23 12:43:01	1	0	1	0
           527	2024-02-23 12:51:14	1	0	1	0
           145	2024-02-23 13:05:19	1	0	1	0
           332	2024-02-23 13:11:01	1	0	1	0
           145	2024-02-23 13:20:38	1	0	1	0
           144	2024-02-23 13:27:44	1	0	1	0
           144	2024-02-23 13:54:39	1	0	1	0
           332	2024-02-23 13:57:04	1	0	1	0
            48	2024-02-23 17:02:33	1	0	1	0
            58	2024-02-23 17:02:45	1	0	1	0
           369	2024-02-23 17:02:50	1	0	1	0
           471	2024-02-23 17:04:45	1	0	1	0
           241	2024-02-23 17:05:46	1	0	1	0
           527	2024-02-23 17:06:52	1	0	1	0
           627	2024-02-23 17:08:20	1	0	1	0
            80	2024-02-23 17:09:33	1	0	1	0
           473	2024-02-23 17:10:17	1	0	1	0
           605	2024-02-23 17:10:27	1	0	1	0
           602	2024-02-23 17:10:30	1	0	1	0
           118	2024-02-23 17:11:26	1	0	1	0
           181	2024-02-23 17:12:48	1	0	1	0
           379	2024-02-23 17:13:28	1	0	1	0
           142	2024-02-23 17:15:25	1	0	1	0
           180	2024-02-23 17:19:56	1	0	1	0
           185	2024-02-23 17:25:19	1	0	1	0
           187	2024-02-23 17:25:49	1	0	1	0
           385	2024-02-23 17:31:23	1	0	1	0
           145	2024-02-23 18:05:35	1	0	1	0
           332	2024-02-23 18:06:34	1	0	1	0
           144	2024-02-23 18:47:05	1	0	1	0
           471	2024-02-24 07:36:01	1	0	1	0
           473	2024-02-24 07:41:56	1	0	1	0
           602	2024-02-24 07:42:19	1	0	1	0
           605	2024-02-24 08:00:31	1	0	1	0
           605	2024-02-24 12:01:00	1	0	1	0
           602	2024-02-24 12:01:40	1	0	1	0
           471	2024-02-24 12:17:39	1	0	1	0
           473	2024-02-24 12:17:59	1	0	1	0
           605	2024-02-24 12:27:37	1	0	1	0
           602	2024-02-24 12:28:31	1	0	1	0
           473	2024-02-24 12:42:09	1	0	1	0
           471	2024-02-24 12:42:41	1	0	1	0
           473	2024-02-24 17:00:57	1	0	1	0
           602	2024-02-24 17:01:07	1	0	1	0
           605	2024-02-24 17:01:13	1	0	1	0
           471	2024-02-24 17:01:50	1	0	1	0
           471	2024-02-25 07:43:15	1	0	1	0
           473	2024-02-25 07:47:40	1	0	1	0
           605	2024-02-25 07:50:49	1	0	1	0
           602	2024-02-25 07:54:37	1	0	1	0
           471	2024-02-25 12:03:16	1	0	1	0
           473	2024-02-25 12:03:20	1	0	1	0
           605	2024-02-25 12:03:25	1	0	1	0
           602	2024-02-25 12:03:33	1	0	1	0
           471	2024-02-25 12:29:55	1	0	1	0
           605	2024-02-25 12:30:05	1	0	1	0
           473	2024-02-25 12:30:10	1	0	1	0
           602	2024-02-25 12:31:20	1	0	1	0
           471	2024-02-25 17:01:19	1	0	1	0
           602	2024-02-25 17:01:32	1	0	1	0
           605	2024-02-25 17:01:38	1	0	1	0
           473	2024-02-25 17:15:40	1	0	1	0
           385	2024-02-26 06:24:59	1	0	1	0
            58	2024-02-26 06:41:46	1	0	1	0
           602	2024-02-26 06:52:59	1	0	1	0
           473	2024-02-26 07:20:41	1	0	1	0
           185	2024-02-26 07:28:08	1	0	1	0
            91	2024-02-26 07:29:20	1	0	1	0
           379	2024-02-26 07:31:44	1	0	1	0
           551	2024-02-26 07:34:17	1	0	1	0
           241	2024-02-26 07:38:17	1	0	1	0
            48	2024-02-26 07:46:11	1	0	1	0
           527	2024-02-26 07:46:21	1	0	1	0
           118	2024-02-26 07:47:58	1	0	1	0
           605	2024-02-26 07:48:40	1	0	1	0
           369	2024-02-26 07:49:53	1	0	1	0
           627	2024-02-26 07:51:15	1	0	1	0
            57	2024-02-26 07:52:23	1	0	1	0
           332	2024-02-26 07:52:51	1	0	1	0
           471	2024-02-26 07:55:29	1	0	1	0
           472	2024-02-26 07:55:33	1	0	1	0
           145	2024-02-26 08:19:09	1	0	1	0
           401	2024-02-26 08:31:10	1	0	1	0
           385	2024-02-26 11:41:32	1	0	1	0
           187	2024-02-26 12:00:05	1	0	1	0
            48	2024-02-26 12:00:15	1	0	1	0
            58	2024-02-26 12:00:27	1	0	1	0
           471	2024-02-26 12:01:22	1	0	1	0
           602	2024-02-26 12:01:38	1	0	1	0
           605	2024-02-26 12:02:42	1	0	1	0
           627	2024-02-26 12:03:27	1	0	1	0
            91	2024-02-26 12:03:42	1	0	1	0
           385	2024-02-26 12:03:46	1	0	1	0
           527	2024-02-26 12:03:51	1	0	1	0
            57	2024-02-26 12:04:35	1	0	1	0
           241	2024-02-26 12:04:40	1	0	1	0
           551	2024-02-26 12:05:05	1	0	1	0
           379	2024-02-26 12:06:17	1	0	1	0
           118	2024-02-26 12:06:28	1	0	1	0
           185	2024-02-26 12:06:32	1	0	1	0
            57	2024-02-26 12:19:37	1	0	1	0
           471	2024-02-26 12:20:12	1	0	1	0
           187	2024-02-26 12:20:19	1	0	1	0
            48	2024-02-26 12:21:39	1	0	1	0
            58	2024-02-26 12:21:54	1	0	1	0
           605	2024-02-26 12:29:45	1	0	1	0
           118	2024-02-26 12:33:57	1	0	1	0
           602	2024-02-26 12:36:21	1	0	1	0
           241	2024-02-26 12:38:37	1	0	1	0
           551	2024-02-26 12:41:10	1	0	1	0
            91	2024-02-26 12:52:31	1	0	1	0
           627	2024-02-26 12:53:39	1	0	1	0
           185	2024-02-26 12:54:32	1	0	1	0
           527	2024-02-26 12:55:08	1	0	1	0
           379	2024-02-26 12:59:46	1	0	1	0
           472	2024-02-26 13:00:55	1	0	1	0
           181	2024-02-26 13:14:24	1	0	1	0
           472	2024-02-26 13:33:46	1	0	1	0
            58	2024-02-26 17:00:07	1	0	1	0
            57	2024-02-26 17:00:14	1	0	1	0
           551	2024-02-26 17:00:20	1	0	1	0
           187	2024-02-26 17:01:08	1	0	1	0
            48	2024-02-26 17:01:14	1	0	1	0
           602	2024-02-26 17:03:50	1	0	1	0
           605	2024-02-26 17:04:15	1	0	1	0
           473	2024-02-26 17:04:18	1	0	1	0
           627	2024-02-26 17:07:09	1	0	1	0
           379	2024-02-26 17:07:33	1	0	1	0
           185	2024-02-26 17:08:09	1	0	1	0
           385	2024-02-26 17:09:50	1	0	1	0
           527	2024-02-26 17:14:47	1	0	1	0
           241	2024-02-26 17:17:54	1	0	1	0
            91	2024-02-26 17:20:54	1	0	1	0
           118	2024-02-26 17:24:11	1	0	1	0
           471	2024-02-26 18:00:06	1	0	1	0
           472	2024-02-26 18:01:03	1	0	1	0
           181	2024-02-26 18:02:59	1	0	1	0
           145	2024-02-26 18:10:40	1	0	1	0
           401	2024-02-26 18:10:46	1	0	1	0
           385	2024-02-27 06:26:17	1	0	1	0
            58	2024-02-27 06:39:19	1	0	1	0
           187	2024-02-27 07:15:07	1	0	1	0
           627	2024-02-27 07:20:53	1	0	1	0
           185	2024-02-27 07:26:20	1	0	1	0
            91	2024-02-27 07:28:32	1	0	1	0
           602	2024-02-27 07:36:29	1	0	1	0
           605	2024-02-27 07:41:00	1	0	1	0
           527	2024-02-27 07:42:02	1	0	1	0
           379	2024-02-27 07:46:50	1	0	1	0
           241	2024-02-27 07:47:28	1	0	1	0
           142	2024-02-27 07:48:19	1	0	1	0
           473	2024-02-27 07:53:30	1	0	1	0
           471	2024-02-27 07:53:34	1	0	1	0
           472	2024-02-27 07:53:39	1	0	1	0
            57	2024-02-27 07:54:50	1	0	1	0
           551	2024-02-27 07:57:06	1	0	1	0
            48	2024-02-27 07:57:20	1	0	1	0
           180	2024-02-27 08:01:00	1	0	1	0
           145	2024-02-27 08:03:50	1	0	1	0
           401	2024-02-27 08:56:00	1	0	1	0
           385	2024-02-27 11:46:51	1	0	1	0
           379	2024-02-27 12:01:04	1	0	1	0
            57	2024-02-27 12:01:39	1	0	1	0
            91	2024-02-27 12:02:19	1	0	1	0
           605	2024-02-27 12:03:53	1	0	1	0
           473	2024-02-27 12:04:09	1	0	1	0
           142	2024-02-27 12:04:21	1	0	1	0
           471	2024-02-27 12:04:45	1	0	1	0
           185	2024-02-27 12:04:59	1	0	1	0
            48	2024-02-27 12:05:16	1	0	1	0
            58	2024-02-27 12:05:24	1	0	1	0
           187	2024-02-27 12:05:30	1	0	1	0
           602	2024-02-27 12:07:56	1	0	1	0
           241	2024-02-27 12:10:04	1	0	1	0
           605	2024-02-27 12:19:52	1	0	1	0
           142	2024-02-27 12:20:06	1	0	1	0
           471	2024-02-27 12:20:11	1	0	1	0
           551	2024-02-27 12:20:23	1	0	1	0
           627	2024-02-27 12:23:21	1	0	1	0
           527	2024-02-27 12:23:28	1	0	1	0
            57	2024-02-27 12:24:28	1	0	1	0
            48	2024-02-27 12:24:36	1	0	1	0
           180	2024-02-27 12:24:53	1	0	1	0
            58	2024-02-27 12:26:26	1	0	1	0
           385	2024-02-27 12:27:51	1	0	1	0
           187	2024-02-27 12:31:07	1	0	1	0
           473	2024-02-27 12:35:58	1	0	1	0
           602	2024-02-27 12:41:35	1	0	1	0
           627	2024-02-27 12:41:48	1	0	1	0
           551	2024-02-27 12:42:50	1	0	1	0
            91	2024-02-27 12:44:15	1	0	1	0
           185	2024-02-27 12:44:28	1	0	1	0
           180	2024-02-27 12:44:34	1	0	1	0
           527	2024-02-27 12:44:38	1	0	1	0
           241	2024-02-27 12:44:42	1	0	1	0
           379	2024-02-27 12:54:39	1	0	1	0
           401	2024-02-27 13:09:04	1	0	1	0
           472	2024-02-27 13:13:09	1	0	1	0
           401	2024-02-27 13:28:41	1	0	1	0
           472	2024-02-27 13:30:10	1	0	1	0
            57	2024-02-27 17:00:15	1	0	1	0
           187	2024-02-27 17:00:22	1	0	1	0
            58	2024-02-27 17:00:38	1	0	1	0
            48	2024-02-27 17:00:44	1	0	1	0
           551	2024-02-27 17:02:30	1	0	1	0
           180	2024-02-27 17:06:24	1	0	1	0
           527	2024-02-27 17:07:33	1	0	1	0
           379	2024-02-27 17:08:24	1	0	1	0
           142	2024-02-27 17:09:16	1	0	1	0
           473	2024-02-27 17:09:34	1	0	1	0
           605	2024-02-27 17:09:39	1	0	1	0
           602	2024-02-27 17:09:49	1	0	1	0
           627	2024-02-27 17:15:31	1	0	1	0
            91	2024-02-27 17:25:53	1	0	1	0
           185	2024-02-27 17:28:09	1	0	1	0
           385	2024-02-27 17:30:40	1	0	1	0
           471	2024-02-27 17:59:16	1	0	1	0
           472	2024-02-27 18:00:10	1	0	1	0
           145	2024-02-27 18:02:02	1	0	1	0
           401	2024-02-27 18:16:09	1	0	1	0
           385	2024-02-28 06:18:53	1	0	1	0
            58	2024-02-28 06:38:07	1	0	1	0
           187	2024-02-28 07:16:38	1	0	1	0
           369	2024-02-28 07:25:12	1	0	1	0
           185	2024-02-28 07:26:11	1	0	1	0
            91	2024-02-28 07:27:59	1	0	1	0
           627	2024-02-28 07:33:11	1	0	1	0
           473	2024-02-28 07:39:50	1	0	1	0
           551	2024-02-28 07:40:39	1	0	1	0
           602	2024-02-28 07:41:07	1	0	1	0
           241	2024-02-28 07:46:45	1	0	1	0
           379	2024-02-28 07:47:13	1	0	1	0
           142	2024-02-28 07:49:20	1	0	1	0
            48	2024-02-28 07:50:27	1	0	1	0
           605	2024-02-28 07:54:18	1	0	1	0
           527	2024-02-28 07:55:32	1	0	1	0
            57	2024-02-28 07:56:45	1	0	1	0
           118	2024-02-28 07:57:43	1	0	1	0
           471	2024-02-28 07:59:03	1	0	1	0
           472	2024-02-28 07:59:07	1	0	1	0
            80	2024-02-28 08:01:46	1	0	1	0
           180	2024-02-28 08:02:55	1	0	1	0
           145	2024-02-28 08:22:07	1	0	1	0
           401	2024-02-28 08:48:12	1	0	1	0
           332	2024-02-28 08:58:51	1	0	1	0
           385	2024-02-28 11:40:26	1	0	1	0
            58	2024-02-28 12:00:04	1	0	1	0
            57	2024-02-28 12:00:12	1	0	1	0
            48	2024-02-28 12:00:18	1	0	1	0
            80	2024-02-28 12:01:17	1	0	1	0
           551	2024-02-28 12:01:25	1	0	1	0
           379	2024-02-28 12:01:30	1	0	1	0
           385	2024-02-28 12:01:38	1	0	1	0
           142	2024-02-28 12:03:15	1	0	1	0
           527	2024-02-28 12:03:23	1	0	1	0
           241	2024-02-28 12:03:32	1	0	1	0
           185	2024-02-28 12:03:59	1	0	1	0
           627	2024-02-28 12:04:05	1	0	1	0
           180	2024-02-28 12:04:42	1	0	1	0
           187	2024-02-28 12:07:37	1	0	1	0
           379	2024-02-28 12:18:46	1	0	1	0
           551	2024-02-28 12:19:23	1	0	1	0
            80	2024-02-28 12:20:31	1	0	1	0
           602	2024-02-28 12:26:07	1	0	1	0
            57	2024-02-28 12:26:26	1	0	1	0
            58	2024-02-28 12:34:08	1	0	1	0
            48	2024-02-28 12:34:15	1	0	1	0
           185	2024-02-28 12:37:21	1	0	1	0
           627	2024-02-28 12:37:28	1	0	1	0
           241	2024-02-28 12:38:42	1	0	1	0
           602	2024-02-28 12:44:57	1	0	1	0
           180	2024-02-28 12:45:24	1	0	1	0
           527	2024-02-28 12:50:18	1	0	1	0
           142	2024-02-28 12:53:06	1	0	1	0
           401	2024-02-28 13:14:40	1	0	1	0
            57	2024-02-28 17:00:11	1	0	1	0
            58	2024-02-28 17:00:34	1	0	1	0
            48	2024-02-28 17:00:46	1	0	1	0
           187	2024-02-28 17:02:39	1	0	1	0
           551	2024-02-28 17:02:59	1	0	1	0
           627	2024-02-28 17:03:42	1	0	1	0
           527	2024-02-28 17:04:05	1	0	1	0
           602	2024-02-28 17:05:19	1	0	1	0
           379	2024-02-28 17:06:04	1	0	1	0
           180	2024-02-28 17:06:10	1	0	1	0
           185	2024-02-28 17:06:41	1	0	1	0
            80	2024-02-28 17:07:38	1	0	1	0
           142	2024-02-28 17:12:12	1	0	1	0
           385	2024-02-28 17:12:38	1	0	1	0
            91	2024-02-28 17:13:58	1	0	1	0
           369	2024-02-28 17:15:37	1	0	1	0
           472	2024-02-28 18:00:46	1	0	1	0
           145	2024-02-28 18:06:55	1	0	1	0
           401	2024-02-28 18:13:59	1	0	1	0
           332	2024-02-28 18:21:06	1	0	1	0
           241	2024-02-28 18:57:54	1	0	1	0
           385	2024-02-29 06:24:19	1	0	1	0
            58	2024-02-29 06:37:57	1	0	1	0
           187	2024-02-29 07:22:24	1	0	1	0
           185	2024-02-29 07:24:18	1	0	1	0
            91	2024-02-29 07:24:31	1	0	1	0
           627	2024-02-29 07:32:02	1	0	1	0
           602	2024-02-29 07:37:05	1	0	1	0
           118	2024-02-29 07:37:30	1	0	1	0
           241	2024-02-29 07:43:54	1	0	1	0
           473	2024-02-29 07:44:13	1	0	1	0
           527	2024-02-29 07:45:20	1	0	1	0
            48	2024-02-29 07:45:32	1	0	1	0
            57	2024-02-29 07:49:34	1	0	1	0
           605	2024-02-29 07:51:28	1	0	1	0
           551	2024-02-29 07:51:37	1	0	1	0
           142	2024-02-29 07:52:01	1	0	1	0
           181	2024-02-29 07:52:53	1	0	1	0
           379	2024-02-29 07:53:40	1	0	1	0
           471	2024-02-29 07:56:00	1	0	1	0
           472	2024-02-29 07:56:05	1	0	1	0
            80	2024-02-29 07:56:14	1	0	1	0
           145	2024-02-29 08:02:30	1	0	1	0
           180	2024-02-29 08:06:46	1	0	1	0
           401	2024-02-29 08:57:58	1	0	1	0
           385	2024-02-29 11:39:50	1	0	1	0
           471	2024-02-29 12:00:05	1	0	1	0
           605	2024-02-29 12:00:13	1	0	1	0
           142	2024-02-29 12:00:37	1	0	1	0
            58	2024-02-29 12:00:44	1	0	1	0
           627	2024-02-29 12:00:50	1	0	1	0
           473	2024-02-29 12:00:55	1	0	1	0
            80	2024-02-29 12:01:03	1	0	1	0
           551	2024-02-29 12:01:14	1	0	1	0
           602	2024-02-29 12:01:20	1	0	1	0
            48	2024-02-29 12:01:32	1	0	1	0
           379	2024-02-29 12:01:42	1	0	1	0
           527	2024-02-29 12:04:46	1	0	1	0
           187	2024-02-29 12:05:02	1	0	1	0
           385	2024-02-29 12:07:13	1	0	1	0
            91	2024-02-29 12:08:22	1	0	1	0
           180	2024-02-29 12:08:28	1	0	1	0
           241	2024-02-29 12:08:33	1	0	1	0
           181	2024-02-29 12:10:14	1	0	1	0
           185	2024-02-29 12:10:21	1	0	1	0
           118	2024-02-29 12:15:39	1	0	1	0
            80	2024-02-29 12:18:09	1	0	1	0
           142	2024-02-29 12:20:10	1	0	1	0
           551	2024-02-29 12:21:17	1	0	1	0
           187	2024-02-29 12:21:40	1	0	1	0
           379	2024-02-29 12:26:54	1	0	1	0
           471	2024-02-29 12:27:10	1	0	1	0
            58	2024-02-29 12:30:58	1	0	1	0
            48	2024-02-29 12:34:35	1	0	1	0
           605	2024-02-29 12:35:17	1	0	1	0
           180	2024-02-29 12:35:36	1	0	1	0
           473	2024-02-29 12:35:40	1	0	1	0
           602	2024-02-29 12:35:58	1	0	1	0
            91	2024-02-29 12:38:21	1	0	1	0
           181	2024-02-29 12:38:34	1	0	1	0
           185	2024-02-29 12:38:40	1	0	1	0
           241	2024-02-29 12:38:44	1	0	1	0
           527	2024-02-29 12:38:51	1	0	1	0
            57	2024-02-29 12:42:00	1	0	1	0
           627	2024-02-29 12:45:27	1	0	1	0
            57	2024-02-29 12:57:16	1	0	1	0
           472	2024-02-29 13:01:36	1	0	1	0
           401	2024-02-29 13:14:15	1	0	1	0
           472	2024-02-29 13:19:15	1	0	1	0
            91	2024-02-29 17:00:13	1	0	1	0
           185	2024-02-29 17:00:22	1	0	1	0
            57	2024-02-29 17:00:33	1	0	1	0
           241	2024-02-29 17:00:39	1	0	1	0
           180	2024-02-29 17:01:10	1	0	1	0
           527	2024-02-29 17:01:16	1	0	1	0
            58	2024-02-29 17:01:54	1	0	1	0
           379	2024-02-29 17:02:06	1	0	1	0
            48	2024-02-29 17:05:08	1	0	1	0
            80	2024-02-29 17:06:16	1	0	1	0
           551	2024-02-29 17:06:35	1	0	1	0
           385	2024-02-29 17:10:19	1	0	1	0
           627	2024-02-29 17:10:25	1	0	1	0
           473	2024-02-29 17:10:32	1	0	1	0
           602	2024-02-29 17:10:42	1	0	1	0
           605	2024-02-29 17:10:59	1	0	1	0
           181	2024-02-29 17:14:00	1	0	1	0
           142	2024-02-29 17:19:56	1	0	1	0
           187	2024-02-29 17:26:31	1	0	1	0
           118	2024-02-29 17:42:48	1	0	1	0
           472	2024-02-29 18:06:09	1	0	1	0
           471	2024-02-29 18:07:22	1	0	1	0
           145	2024-02-29 18:15:25	1	0	1	0
           401	2024-02-29 18:18:37	1	0	1	0
           385	2024-03-01 06:08:38	1	0	1	0
            58	2024-03-01 06:37:47	1	0	1	0
           187	2024-03-01 07:20:34	1	0	1	0
           627	2024-03-01 07:31:24	1	0	1	0
           473	2024-03-01 07:33:25	1	0	1	0
           602	2024-03-01 07:36:04	1	0	1	0
           527	2024-03-01 07:37:47	1	0	1	0
           241	2024-03-01 07:38:53	1	0	1	0
           118	2024-03-01 07:39:56	1	0	1	0
            91	2024-03-01 07:41:17	1	0	1	0
           185	2024-03-01 07:41:23	1	0	1	0
            80	2024-03-01 07:47:28	1	0	1	0
           142	2024-03-01 07:47:45	1	0	1	0
           145	2024-03-01 07:48:19	1	0	1	0
           551	2024-03-01 07:49:58	1	0	1	0
            48	2024-03-01 07:50:19	1	0	1	0
           379	2024-03-01 07:53:23	1	0	1	0
           605	2024-03-01 07:55:52	1	0	1	0
            57	2024-03-01 07:58:59	1	0	1	0
           471	2024-03-01 08:00:13	1	0	1	0
           181	2024-03-01 08:00:16	1	0	1	0
           472	2024-03-01 08:00:27	1	0	1	0
           180	2024-03-01 08:03:26	1	0	1	0
           401	2024-03-01 08:57:45	1	0	1	0
           385	2024-03-01 11:32:37	1	0	1	0
           627	2024-03-01 12:00:24	1	0	1	0
           379	2024-03-01 12:00:32	1	0	1	0
            80	2024-03-01 12:00:46	1	0	1	0
           551	2024-03-01 12:00:52	1	0	1	0
           187	2024-03-01 12:01:00	1	0	1	0
           473	2024-03-01 12:01:06	1	0	1	0
           471	2024-03-01 12:01:27	1	0	1	0
            48	2024-03-01 12:01:35	1	0	1	0
           605	2024-03-01 12:01:41	1	0	1	0
           142	2024-03-01 12:02:10	1	0	1	0
           241	2024-03-01 12:03:53	1	0	1	0
           385	2024-03-01 12:04:38	1	0	1	0
           602	2024-03-01 12:05:48	1	0	1	0
            91	2024-03-01 12:11:21	1	0	1	0
           627	2024-03-01 12:18:45	1	0	1	0
            80	2024-03-01 12:19:57	1	0	1	0
           471	2024-03-01 12:20:27	1	0	1	0
           551	2024-03-01 12:20:40	1	0	1	0
           187	2024-03-01 12:25:24	1	0	1	0
            48	2024-03-01 12:25:31	1	0	1	0
           379	2024-03-01 12:28:48	1	0	1	0
           602	2024-03-01 12:29:26	1	0	1	0
           605	2024-03-01 12:29:30	1	0	1	0
           473	2024-03-01 12:29:33	1	0	1	0
           118	2024-03-01 12:33:33	1	0	1	0
           241	2024-03-01 12:34:08	1	0	1	0
            57	2024-03-01 12:39:45	1	0	1	0
            91	2024-03-01 12:41:29	1	0	1	0
           142	2024-03-01 12:47:23	1	0	1	0
           401	2024-03-01 12:56:28	1	0	1	0
            57	2024-03-01 12:58:15	1	0	1	0
           472	2024-03-01 13:14:29	1	0	1	0
           472	2024-03-01 13:58:26	1	0	1	0
            57	2024-03-01 17:00:26	1	0	1	0
            48	2024-03-01 17:00:30	1	0	1	0
           551	2024-03-01 17:00:46	1	0	1	0
           187	2024-03-01 17:00:59	1	0	1	0
           379	2024-03-01 17:01:14	1	0	1	0
           185	2024-03-01 17:01:35	1	0	1	0
           627	2024-03-01 17:01:42	1	0	1	0
           181	2024-03-01 17:01:53	1	0	1	0
           527	2024-03-01 17:02:39	1	0	1	0
            58	2024-03-01 17:02:59	1	0	1	0
           241	2024-03-01 17:04:59	1	0	1	0
           385	2024-03-01 17:09:04	1	0	1	0
           602	2024-03-01 17:10:48	1	0	1	0
           605	2024-03-01 17:11:01	1	0	1	0
           142	2024-03-01 17:13:29	1	0	1	0
            91	2024-03-01 17:14:19	1	0	1	0
            80	2024-03-01 17:26:23	1	0	1	0
           118	2024-03-01 17:31:24	1	0	1	0
           471	2024-03-01 17:58:12	1	0	1	0
           472	2024-03-01 18:01:05	1	0	1	0
           473	2024-03-01 18:09:25	1	0	1	0
           401	2024-03-01 18:10:16	1	0	1	0
           180	2024-03-01 18:15:36	1	0	1	0
           385	2024-03-02 07:33:05	1	0	1	0
           385	2024-03-04 05:45:07	1	0	1	0
            58	2024-03-04 06:39:17	1	0	1	0
           602	2024-03-04 06:57:33	1	0	1	0
           473	2024-03-04 07:06:31	1	0	1	0
           185	2024-03-04 07:10:31	1	0	1	0
            91	2024-03-04 07:11:05	1	0	1	0
           187	2024-03-04 07:15:49	1	0	1	0
           118	2024-03-04 07:23:58	1	0	1	0
            48	2024-03-04 07:30:54	1	0	1	0
           241	2024-03-04 07:37:29	1	0	1	0
           181	2024-03-04 07:38:19	1	0	1	0
           527	2024-03-04 07:43:34	1	0	1	0
           551	2024-03-04 07:45:31	1	0	1	0
           379	2024-03-04 07:46:36	1	0	1	0
           605	2024-03-04 07:47:28	1	0	1	0
           471	2024-03-04 07:50:45	1	0	1	0
           627	2024-03-04 07:51:52	1	0	1	0
            57	2024-03-04 07:58:36	1	0	1	0
           145	2024-03-04 07:59:39	1	0	1	0
           142	2024-03-04 08:00:18	1	0	1	0
           401	2024-03-04 08:06:50	1	0	1	0
           332	2024-03-04 08:58:33	1	0	1	0
           385	2024-03-04 11:47:47	1	0	1	0
            57	2024-03-04 12:00:43	1	0	1	0
           471	2024-03-04 12:00:50	1	0	1	0
           473	2024-03-04 12:01:03	1	0	1	0
           605	2024-03-04 12:01:06	1	0	1	0
           379	2024-03-04 12:01:58	1	0	1	0
           142	2024-03-04 12:02:08	1	0	1	0
           527	2024-03-04 12:03:15	1	0	1	0
           369	2024-03-04 12:03:23	1	0	1	0
           187	2024-03-04 12:03:28	1	0	1	0
            48	2024-03-04 12:03:37	1	0	1	0
            80	2024-03-04 12:03:43	1	0	1	0
           627	2024-03-04 12:03:48	1	0	1	0
           185	2024-03-04 12:03:54	1	0	1	0
            58	2024-03-04 12:04:30	1	0	1	0
           551	2024-03-04 12:04:51	1	0	1	0
           602	2024-03-04 12:11:18	1	0	1	0
           118	2024-03-04 12:12:25	1	0	1	0
           142	2024-03-04 12:19:15	1	0	1	0
           241	2024-03-04 12:19:20	1	0	1	0
            57	2024-03-04 12:20:23	1	0	1	0
            91	2024-03-04 12:22:51	1	0	1	0
           369	2024-03-04 12:23:45	1	0	1	0
            48	2024-03-04 12:23:51	1	0	1	0
           187	2024-03-04 12:24:01	1	0	1	0
            58	2024-03-04 12:24:08	1	0	1	0
           181	2024-03-04 12:29:01	1	0	1	0
           602	2024-03-04 12:35:03	1	0	1	0
           471	2024-03-04 12:35:15	1	0	1	0
            80	2024-03-04 12:36:18	1	0	1	0
           551	2024-03-04 12:36:33	1	0	1	0
           627	2024-03-04 12:44:49	1	0	1	0
            91	2024-03-04 12:45:14	1	0	1	0
           241	2024-03-04 12:45:51	1	0	1	0
           605	2024-03-04 12:46:28	1	0	1	0
           473	2024-03-04 12:46:40	1	0	1	0
           527	2024-03-04 12:54:23	1	0	1	0
           379	2024-03-04 12:57:47	1	0	1	0
           332	2024-03-04 13:08:17	1	0	1	0
           145	2024-03-04 13:08:59	1	0	1	0
           401	2024-03-04 13:09:05	1	0	1	0
           332	2024-03-04 13:25:23	1	0	1	0
           145	2024-03-04 13:29:07	1	0	1	0
           401	2024-03-04 13:29:16	1	0	1	0
           144	2024-03-04 13:36:24	1	0	1	0
            91	2024-03-04 15:39:15	1	0	1	0
           187	2024-03-04 17:00:05	1	0	1	0
            48	2024-03-04 17:00:12	1	0	1	0
            58	2024-03-04 17:00:26	1	0	1	0
           551	2024-03-04 17:00:37	1	0	1	0
           471	2024-03-04 17:01:34	1	0	1	0
           369	2024-03-04 17:01:52	1	0	1	0
            57	2024-03-04 17:02:31	1	0	1	0
           627	2024-03-04 17:04:03	1	0	1	0
           473	2024-03-04 17:05:44	1	0	1	0
           605	2024-03-04 17:06:30	1	0	1	0
           602	2024-03-04 17:06:38	1	0	1	0
           379	2024-03-04 17:08:18	1	0	1	0
           241	2024-03-04 17:08:20	1	0	1	0
            80	2024-03-04 17:09:08	1	0	1	0
           385	2024-03-04 17:10:30	1	0	1	0
           181	2024-03-04 17:12:47	1	0	1	0
           185	2024-03-04 17:12:52	1	0	1	0
           527	2024-03-04 17:15:59	1	0	1	0
           142	2024-03-04 17:21:13	1	0	1	0
           145	2024-03-04 18:03:11	1	0	1	0
           332	2024-03-04 18:08:07	1	0	1	0
           401	2024-03-04 18:17:02	1	0	1	0
           144	2024-03-04 19:13:49	1	0	1	0
           385	2024-03-05 06:02:02	1	0	1	0
            58	2024-03-05 06:38:27	1	0	1	0
           187	2024-03-05 07:02:17	1	0	1	0
            48	2024-03-05 07:17:49	1	0	1	0
           473	2024-03-05 07:22:30	1	0	1	0
           627	2024-03-05 07:30:13	1	0	1	0
            91	2024-03-05 07:32:49	1	0	1	0
           185	2024-03-05 07:33:11	1	0	1	0
           241	2024-03-05 07:35:07	1	0	1	0
           602	2024-03-05 07:37:20	1	0	1	0
           551	2024-03-05 07:39:51	1	0	1	0
           118	2024-03-05 07:40:02	1	0	1	0
           180	2024-03-05 07:48:08	1	0	1	0
           379	2024-03-05 07:51:34	1	0	1	0
           527	2024-03-05 07:51:47	1	0	1	0
           142	2024-03-05 07:52:07	1	0	1	0
           369	2024-03-05 07:53:53	1	0	1	0
            57	2024-03-05 07:54:03	1	0	1	0
           605	2024-03-05 07:55:08	1	0	1	0
           471	2024-03-05 07:56:45	1	0	1	0
           472	2024-03-05 07:56:50	1	0	1	0
           181	2024-03-05 07:58:34	1	0	1	0
            80	2024-03-05 08:02:02	1	0	1	0
           145	2024-03-05 08:23:33	1	0	1	0
           401	2024-03-05 08:53:12	1	0	1	0
           144	2024-03-05 09:09:55	1	0	1	0
           332	2024-03-05 11:31:14	1	0	1	0
           385	2024-03-05 11:34:45	1	0	1	0
           471	2024-03-05 12:00:14	1	0	1	0
           473	2024-03-05 12:00:21	1	0	1	0
           527	2024-03-05 12:00:30	1	0	1	0
           385	2024-03-05 12:00:36	1	0	1	0
            91	2024-03-05 12:00:46	1	0	1	0
           181	2024-03-05 12:00:52	1	0	1	0
           180	2024-03-05 12:01:57	1	0	1	0
           602	2024-03-05 12:02:42	1	0	1	0
           627	2024-03-05 12:03:21	1	0	1	0
            80	2024-03-05 12:04:07	1	0	1	0
           142	2024-03-05 12:04:33	1	0	1	0
           369	2024-03-05 12:04:47	1	0	1	0
           185	2024-03-05 12:05:15	1	0	1	0
           551	2024-03-05 12:05:51	1	0	1	0
           379	2024-03-05 12:06:57	1	0	1	0
            48	2024-03-05 12:07:51	1	0	1	0
            58	2024-03-05 12:07:58	1	0	1	0
           605	2024-03-05 12:15:11	1	0	1	0
           241	2024-03-05 12:15:14	1	0	1	0
           142	2024-03-05 12:22:40	1	0	1	0
            48	2024-03-05 12:22:57	1	0	1	0
            58	2024-03-05 12:23:10	1	0	1	0
           181	2024-03-05 12:30:43	1	0	1	0
           527	2024-03-05 12:30:47	1	0	1	0
           185	2024-03-05 12:31:18	1	0	1	0
           241	2024-03-05 12:33:18	1	0	1	0
           180	2024-03-05 12:38:56	1	0	1	0
           471	2024-03-05 12:39:25	1	0	1	0
           605	2024-03-05 12:39:44	1	0	1	0
           473	2024-03-05 12:40:00	1	0	1	0
           602	2024-03-05 12:40:04	1	0	1	0
           551	2024-03-05 12:40:58	1	0	1	0
           627	2024-03-05 12:42:15	1	0	1	0
           118	2024-03-05 12:42:55	1	0	1	0
           379	2024-03-05 12:43:37	1	0	1	0
           369	2024-03-05 12:46:20	1	0	1	0
            57	2024-03-05 12:49:33	1	0	1	0
            80	2024-03-05 12:50:03	1	0	1	0
            91	2024-03-05 12:51:10	1	0	1	0
           118	2024-03-05 13:00:32	1	0	1	0
           472	2024-03-05 13:03:51	1	0	1	0
           144	2024-03-05 13:05:25	1	0	1	0
           401	2024-03-05 13:05:29	1	0	1	0
           332	2024-03-05 13:06:05	1	0	1	0
           145	2024-03-05 13:25:25	1	0	1	0
           401	2024-03-05 13:25:32	1	0	1	0
           144	2024-03-05 13:25:59	1	0	1	0
           332	2024-03-05 13:39:03	1	0	1	0
           472	2024-03-05 13:41:13	1	0	1	0
           145	2024-03-05 13:54:17	1	0	1	0
            57	2024-03-05 17:00:53	1	0	1	0
            48	2024-03-05 17:01:03	1	0	1	0
            58	2024-03-05 17:01:17	1	0	1	0
           551	2024-03-05 17:02:54	1	0	1	0
            91	2024-03-05 17:03:51	1	0	1	0
           185	2024-03-05 17:03:57	1	0	1	0
           241	2024-03-05 17:04:05	1	0	1	0
           379	2024-03-05 17:04:12	1	0	1	0
           627	2024-03-05 17:04:34	1	0	1	0
           181	2024-03-05 17:04:45	1	0	1	0
           527	2024-03-05 17:05:04	1	0	1	0
           369	2024-03-05 17:07:53	1	0	1	0
           187	2024-03-05 17:08:34	1	0	1	0
           180	2024-03-05 17:15:22	1	0	1	0
           142	2024-03-05 17:17:23	1	0	1	0
            80	2024-03-05 17:19:12	1	0	1	0
           385	2024-03-05 17:56:26	1	0	1	0
           332	2024-03-05 18:00:40	1	0	1	0
           471	2024-03-05 18:01:12	1	0	1	0
           472	2024-03-05 18:05:04	1	0	1	0
           145	2024-03-05 18:09:25	1	0	1	0
           401	2024-03-05 18:18:38	1	0	1	0
           144	2024-03-05 18:19:13	1	0	1	0
           605	2024-03-05 19:18:13	1	0	1	0
           602	2024-03-05 19:18:15	1	0	1	0
           118	2024-03-05 19:18:26	1	0	1	0
           473	2024-03-05 19:19:20	1	0	1	0
           385	2024-03-06 06:06:24	1	0	1	0
            58	2024-03-06 06:53:17	1	0	1	0
           185	2024-03-06 07:17:33	1	0	1	0
            91	2024-03-06 07:19:01	1	0	1	0
           369	2024-03-06 07:21:34	1	0	1	0
            48	2024-03-06 07:24:16	1	0	1	0
           118	2024-03-06 07:30:58	1	0	1	0
           605	2024-03-06 07:31:02	1	0	1	0
           241	2024-03-06 07:31:07	1	0	1	0
           472	2024-03-06 07:34:01	1	0	1	0
           471	2024-03-06 07:34:08	1	0	1	0
           551	2024-03-06 07:35:15	1	0	1	0
           602	2024-03-06 07:37:12	1	0	1	0
           627	2024-03-06 07:38:39	1	0	1	0
           379	2024-03-06 07:47:29	1	0	1	0
           527	2024-03-06 07:48:00	1	0	1	0
           142	2024-03-06 07:50:20	1	0	1	0
           187	2024-03-06 07:51:02	1	0	1	0
           180	2024-03-06 07:51:20	1	0	1	0
            57	2024-03-06 07:51:45	1	0	1	0
           181	2024-03-06 07:52:39	1	0	1	0
            80	2024-03-06 08:02:32	1	0	1	0
           145	2024-03-06 08:27:13	1	0	1	0
           401	2024-03-06 08:55:21	1	0	1	0
           144	2024-03-06 09:00:34	1	0	1	0
           332	2024-03-06 09:01:08	1	0	1	0
           385	2024-03-06 11:30:16	1	0	1	0
           473	2024-03-06 12:00:04	1	0	1	0
           379	2024-03-06 12:00:13	1	0	1	0
           471	2024-03-06 12:00:55	1	0	1	0
           605	2024-03-06 12:01:41	1	0	1	0
           142	2024-03-06 12:01:47	1	0	1	0
           369	2024-03-06 12:02:18	1	0	1	0
           527	2024-03-06 12:02:29	1	0	1	0
            57	2024-03-06 12:02:49	1	0	1	0
           385	2024-03-06 12:02:55	1	0	1	0
            48	2024-03-06 12:04:02	1	0	1	0
            58	2024-03-06 12:04:09	1	0	1	0
           551	2024-03-06 12:04:15	1	0	1	0
           602	2024-03-06 12:04:46	1	0	1	0
            80	2024-03-06 12:04:54	1	0	1	0
           241	2024-03-06 12:06:01	1	0	1	0
           180	2024-03-06 12:07:18	1	0	1	0
           118	2024-03-06 12:12:54	1	0	1	0
           185	2024-03-06 12:16:02	1	0	1	0
            80	2024-03-06 12:22:04	1	0	1	0
           551	2024-03-06 12:22:09	1	0	1	0
           473	2024-03-06 12:23:03	1	0	1	0
           602	2024-03-06 12:23:05	1	0	1	0
           181	2024-03-06 12:23:19	1	0	1	0
           605	2024-03-06 12:23:31	1	0	1	0
           627	2024-03-06 12:23:57	1	0	1	0
           142	2024-03-06 12:26:59	1	0	1	0
            48	2024-03-06 12:29:51	1	0	1	0
            58	2024-03-06 12:29:57	1	0	1	0
            57	2024-03-06 12:30:46	1	0	1	0
           471	2024-03-06 12:30:57	1	0	1	0
           118	2024-03-06 12:40:13	1	0	1	0
           369	2024-03-06 12:42:45	1	0	1	0
           241	2024-03-06 12:46:43	1	0	1	0
           180	2024-03-06 12:47:26	1	0	1	0
           185	2024-03-06 12:47:40	1	0	1	0
           181	2024-03-06 12:49:45	1	0	1	0
           527	2024-03-06 12:55:54	1	0	1	0
           379	2024-03-06 12:58:17	1	0	1	0
           627	2024-03-06 13:01:29	1	0	1	0
           472	2024-03-06 13:01:43	1	0	1	0
           332	2024-03-06 13:02:19	1	0	1	0
           472	2024-03-06 13:24:54	1	0	1	0
           332	2024-03-06 13:31:14	1	0	1	0
           144	2024-03-06 13:37:51	1	0	1	0
           401	2024-03-06 13:39:57	1	0	1	0
           145	2024-03-06 13:41:03	1	0	1	0
           144	2024-03-06 13:56:35	1	0	1	0
           401	2024-03-06 13:58:07	1	0	1	0
            48	2024-03-06 17:00:08	1	0	1	0
            58	2024-03-06 17:00:15	1	0	1	0
            57	2024-03-06 17:00:22	1	0	1	0
           551	2024-03-06 17:00:33	1	0	1	0
           627	2024-03-06 17:04:12	1	0	1	0
           181	2024-03-06 17:04:17	1	0	1	0
           187	2024-03-06 17:05:12	1	0	1	0
           241	2024-03-06 17:06:12	1	0	1	0
           473	2024-03-06 17:06:26	1	0	1	0
           180	2024-03-06 17:08:50	1	0	1	0
           602	2024-03-06 17:09:13	1	0	1	0
           605	2024-03-06 17:09:40	1	0	1	0
           527	2024-03-06 17:11:26	1	0	1	0
           142	2024-03-06 17:15:13	1	0	1	0
           369	2024-03-06 17:20:24	1	0	1	0
           118	2024-03-06 17:37:12	1	0	1	0
           379	2024-03-06 17:41:05	1	0	1	0
           471	2024-03-06 18:01:57	1	0	1	0
           332	2024-03-06 18:02:12	1	0	1	0
           472	2024-03-06 18:02:27	1	0	1	0
           145	2024-03-06 18:03:43	1	0	1	0
           401	2024-03-06 18:03:49	1	0	1	0
            80	2024-03-06 18:07:52	1	0	1	0
           144	2024-03-06 18:32:27	1	0	1	0
            91	2024-03-06 20:42:30	1	0	1	0
           185	2024-03-06 20:42:44	1	0	1	0
           385	2024-03-06 20:42:51	1	0	1	0
           385	2024-03-07 06:06:04	1	0	1	0
            58	2024-03-07 06:47:04	1	0	1	0
           118	2024-03-07 07:19:36	1	0	1	0
           473	2024-03-07 07:21:51	1	0	1	0
            48	2024-03-07 07:22:39	1	0	1	0
           185	2024-03-07 07:23:18	1	0	1	0
            91	2024-03-07 07:23:36	1	0	1	0
           627	2024-03-07 07:32:34	1	0	1	0
           602	2024-03-07 07:37:11	1	0	1	0
           369	2024-03-07 07:37:34	1	0	1	0
           241	2024-03-07 07:43:02	1	0	1	0
           379	2024-03-07 07:45:58	1	0	1	0
           605	2024-03-07 07:46:02	1	0	1	0
           527	2024-03-07 07:48:47	1	0	1	0
           551	2024-03-07 07:49:54	1	0	1	0
            80	2024-03-07 07:54:51	1	0	1	0
           181	2024-03-07 07:54:57	1	0	1	0
           142	2024-03-07 07:55:29	1	0	1	0
           180	2024-03-07 07:55:37	1	0	1	0
            57	2024-03-07 08:04:43	1	0	1	0
           472	2024-03-07 08:05:57	1	0	1	0
           471	2024-03-07 08:06:02	1	0	1	0
           145	2024-03-07 08:29:37	1	0	1	0
           144	2024-03-07 08:56:07	1	0	1	0
           401	2024-03-07 09:12:54	1	0	1	0
           332	2024-03-07 11:01:08	1	0	1	0
           385	2024-03-07 11:33:25	1	0	1	0
           471	2024-03-07 12:00:43	1	0	1	0
           369	2024-03-07 12:01:20	1	0	1	0
           142	2024-03-07 12:01:55	1	0	1	0
            80	2024-03-07 12:02:11	1	0	1	0
           551	2024-03-07 12:02:16	1	0	1	0
            48	2024-03-07 12:03:54	1	0	1	0
            58	2024-03-07 12:04:04	1	0	1	0
            57	2024-03-07 12:04:21	1	0	1	0
           379	2024-03-07 12:04:49	1	0	1	0
           602	2024-03-07 12:15:24	1	0	1	0
           605	2024-03-07 12:15:27	1	0	1	0
           181	2024-03-07 12:16:38	1	0	1	0
           180	2024-03-07 12:16:44	1	0	1	0
           385	2024-03-07 12:16:51	1	0	1	0
           527	2024-03-07 12:16:57	1	0	1	0
           473	2024-03-07 12:17:09	1	0	1	0
           185	2024-03-07 12:17:23	1	0	1	0
           369	2024-03-07 12:18:27	1	0	1	0
           471	2024-03-07 12:18:39	1	0	1	0
            58	2024-03-07 12:19:17	1	0	1	0
            48	2024-03-07 12:19:21	1	0	1	0
           627	2024-03-07 12:20:03	1	0	1	0
           379	2024-03-07 12:20:10	1	0	1	0
           241	2024-03-07 12:20:15	1	0	1	0
            57	2024-03-07 12:20:38	1	0	1	0
           142	2024-03-07 12:27:56	1	0	1	0
           551	2024-03-07 12:34:06	1	0	1	0
            80	2024-03-07 12:34:10	1	0	1	0
           181	2024-03-07 12:34:18	1	0	1	0
           527	2024-03-07 12:34:25	1	0	1	0
           180	2024-03-07 12:34:42	1	0	1	0
           627	2024-03-07 12:37:01	1	0	1	0
           185	2024-03-07 12:37:59	1	0	1	0
           602	2024-03-07 12:38:17	1	0	1	0
           241	2024-03-07 12:38:30	1	0	1	0
           473	2024-03-07 12:38:39	1	0	1	0
           605	2024-03-07 12:38:42	1	0	1	0
           332	2024-03-07 13:09:31	1	0	1	0
           145	2024-03-07 13:14:17	1	0	1	0
           401	2024-03-07 13:14:23	1	0	1	0
           144	2024-03-07 13:27:29	1	0	1	0
           332	2024-03-07 13:33:57	1	0	1	0
           144	2024-03-07 13:44:23	1	0	1	0
           145	2024-03-07 13:44:30	1	0	1	0
           401	2024-03-07 13:44:36	1	0	1	0
            57	2024-03-07 17:02:01	1	0	1	0
            48	2024-03-07 17:02:07	1	0	1	0
            58	2024-03-07 17:02:14	1	0	1	0
           551	2024-03-07 17:03:02	1	0	1	0
            80	2024-03-07 17:03:07	1	0	1	0
           473	2024-03-07 17:03:16	1	0	1	0
           605	2024-03-07 17:03:22	1	0	1	0
           627	2024-03-07 17:03:52	1	0	1	0
           369	2024-03-07 17:04:29	1	0	1	0
           379	2024-03-07 17:04:34	1	0	1	0
           602	2024-03-07 17:04:41	1	0	1	0
           527	2024-03-07 17:08:26	1	0	1	0
           181	2024-03-07 17:10:02	1	0	1	0
           241	2024-03-07 17:11:27	1	0	1	0
           142	2024-03-07 17:16:19	1	0	1	0
           180	2024-03-07 17:16:47	1	0	1	0
           185	2024-03-07 17:18:33	1	0	1	0
            91	2024-03-07 17:34:25	1	0	1	0
           385	2024-03-07 17:34:33	1	0	1	0
           332	2024-03-07 18:00:49	1	0	1	0
           145	2024-03-07 18:08:01	1	0	1	0
           401	2024-03-07 18:20:22	1	0	1	0
           144	2024-03-07 18:59:47	1	0	1	0
           385	2024-03-08 04:52:56	1	0	1	0
           241	2024-03-08 05:18:53	1	0	1	0
            58	2024-03-08 06:41:27	1	0	1	0
            91	2024-03-08 07:21:48	1	0	1	0
           473	2024-03-08 07:22:47	1	0	1	0
           605	2024-03-08 07:31:02	1	0	1	0
           602	2024-03-08 07:32:00	1	0	1	0
           369	2024-03-08 07:45:27	1	0	1	0
           142	2024-03-08 07:47:24	1	0	1	0
           118	2024-03-08 07:47:59	1	0	1	0
           187	2024-03-08 07:50:33	1	0	1	0
            48	2024-03-08 07:51:05	1	0	1	0
           551	2024-03-08 07:51:40	1	0	1	0
           379	2024-03-08 07:53:15	1	0	1	0
            57	2024-03-08 07:54:19	1	0	1	0
           471	2024-03-08 07:56:30	1	0	1	0
           472	2024-03-08 07:56:36	1	0	1	0
            80	2024-03-08 07:58:17	1	0	1	0
           145	2024-03-08 08:29:00	1	0	1	0
           401	2024-03-08 08:37:19	1	0	1	0
           332	2024-03-08 08:57:56	1	0	1	0
           144	2024-03-08 09:17:55	1	0	1	0
           471	2024-03-08 11:58:52	1	0	1	0
           379	2024-03-08 12:00:17	1	0	1	0
           473	2024-03-08 12:00:59	1	0	1	0
           142	2024-03-08 12:02:22	1	0	1	0
           551	2024-03-08 12:02:29	1	0	1	0
           602	2024-03-08 12:03:16	1	0	1	0
           605	2024-03-08 12:03:23	1	0	1	0
            48	2024-03-08 12:04:26	1	0	1	0
            80	2024-03-08 12:05:59	1	0	1	0
            58	2024-03-08 12:11:49	1	0	1	0
            57	2024-03-08 12:13:07	1	0	1	0
           473	2024-03-08 12:16:19	1	0	1	0
           379	2024-03-08 12:17:15	1	0	1	0
           602	2024-03-08 12:18:20	1	0	1	0
           187	2024-03-08 12:23:16	1	0	1	0
            91	2024-03-08 12:23:24	1	0	1	0
           369	2024-03-08 12:23:44	1	0	1	0
           142	2024-03-08 12:25:10	1	0	1	0
            48	2024-03-08 12:25:29	1	0	1	0
           551	2024-03-08 12:25:45	1	0	1	0
            80	2024-03-08 12:26:14	1	0	1	0
            58	2024-03-08 12:29:37	1	0	1	0
            57	2024-03-08 12:37:11	1	0	1	0
           369	2024-03-08 12:38:57	1	0	1	0
           605	2024-03-08 12:43:24	1	0	1	0
           471	2024-03-08 12:44:05	1	0	1	0
           187	2024-03-08 12:45:16	1	0	1	0
            91	2024-03-08 13:00:42	1	0	1	0
           472	2024-03-08 13:01:58	1	0	1	0
           144	2024-03-08 13:29:14	1	0	1	0
           401	2024-03-08 13:29:18	1	0	1	0
           472	2024-03-08 13:31:09	1	0	1	0
           332	2024-03-08 13:34:14	1	0	1	0
           332	2024-03-08 13:50:59	1	0	1	0
           144	2024-03-08 13:52:23	1	0	1	0
           401	2024-03-08 13:52:34	1	0	1	0
            57	2024-03-08 17:00:22	1	0	1	0
            58	2024-03-08 17:02:22	1	0	1	0
           379	2024-03-08 17:03:20	1	0	1	0
           551	2024-03-08 17:04:26	1	0	1	0
            80	2024-03-08 17:04:41	1	0	1	0
           471	2024-03-08 17:06:00	1	0	1	0
           602	2024-03-08 17:07:31	1	0	1	0
           605	2024-03-08 17:07:35	1	0	1	0
           118	2024-03-08 17:07:38	1	0	1	0
            48	2024-03-08 17:07:48	1	0	1	0
           369	2024-03-08 17:07:53	1	0	1	0
           187	2024-03-08 17:16:27	1	0	1	0
           142	2024-03-08 17:23:38	1	0	1	0
            91	2024-03-08 17:29:41	1	0	1	0
           472	2024-03-08 18:00:25	1	0	1	0
           332	2024-03-08 18:01:38	1	0	1	0
           145	2024-03-08 18:01:57	1	0	1	0
           401	2024-03-08 18:02:08	1	0	1	0
           144	2024-03-08 19:49:09	1	0	1	0
           385	2024-03-09 05:36:09	1	0	1	0
           385	2024-03-09 11:33:41	1	0	1	0
           385	2024-03-09 12:07:24	1	0	1	0
           385	2024-03-09 16:09:11	1	0	1	0
           385	2024-03-11 06:00:04	1	0	1	0
            58	2024-03-11 06:31:08	1	0	1	0
            80	2024-03-11 07:03:24	1	0	1	0
           369	2024-03-11 07:07:35	1	0	1	0
           602	2024-03-11 07:15:59	1	0	1	0
           473	2024-03-11 07:28:54	1	0	1	0
           401	2024-03-11 07:32:05	1	0	1	0
           605	2024-03-11 07:40:33	1	0	1	0
           379	2024-03-11 07:41:02	1	0	1	0
            91	2024-03-11 07:42:22	1	0	1	0
           185	2024-03-11 07:42:28	1	0	1	0
           181	2024-03-11 07:44:25	1	0	1	0
           241	2024-03-11 07:44:54	1	0	1	0
           551	2024-03-11 07:46:11	1	0	1	0
           527	2024-03-11 07:46:35	1	0	1	0
           627	2024-03-11 07:48:10	1	0	1	0
            57	2024-03-11 07:54:13	1	0	1	0
           471	2024-03-11 07:56:07	1	0	1	0
           472	2024-03-11 07:56:34	1	0	1	0
           118	2024-03-11 07:59:29	1	0	1	0
           180	2024-03-11 08:00:30	1	0	1	0
           142	2024-03-11 08:06:39	1	0	1	0
           145	2024-03-11 08:10:47	1	0	1	0
           332	2024-03-11 10:22:25	1	0	1	0
           385	2024-03-11 11:34:57	1	0	1	0
            57	2024-03-11 12:00:06	1	0	1	0
            58	2024-03-11 12:00:34	1	0	1	0
           379	2024-03-11 12:01:22	1	0	1	0
           142	2024-03-11 12:01:32	1	0	1	0
           180	2024-03-11 12:01:38	1	0	1	0
           385	2024-03-11 12:01:43	1	0	1	0
           471	2024-03-11 12:01:52	1	0	1	0
           527	2024-03-11 12:02:10	1	0	1	0
           118	2024-03-11 12:02:16	1	0	1	0
           605	2024-03-11 12:02:53	1	0	1	0
           473	2024-03-11 12:03:17	1	0	1	0
           551	2024-03-11 12:04:26	1	0	1	0
           627	2024-03-11 12:04:37	1	0	1	0
           241	2024-03-11 12:04:40	1	0	1	0
           369	2024-03-11 12:07:27	1	0	1	0
           180	2024-03-11 12:17:04	1	0	1	0
            57	2024-03-11 12:17:33	1	0	1	0
            58	2024-03-11 12:18:51	1	0	1	0
           142	2024-03-11 12:20:59	1	0	1	0
           181	2024-03-11 12:22:41	1	0	1	0
           602	2024-03-11 12:24:42	1	0	1	0
            80	2024-03-11 12:25:04	1	0	1	0
            91	2024-03-11 12:30:27	1	0	1	0
           185	2024-03-11 12:31:14	1	0	1	0
           605	2024-03-11 12:36:01	1	0	1	0
           369	2024-03-11 12:38:02	1	0	1	0
           241	2024-03-11 12:38:43	1	0	1	0
           471	2024-03-11 12:41:38	1	0	1	0
           551	2024-03-11 12:46:21	1	0	1	0
            80	2024-03-11 12:46:26	1	0	1	0
           118	2024-03-11 12:46:36	1	0	1	0
           473	2024-03-11 12:47:17	1	0	1	0
           602	2024-03-11 12:47:40	1	0	1	0
           627	2024-03-11 12:47:47	1	0	1	0
           527	2024-03-11 12:47:51	1	0	1	0
           185	2024-03-11 12:49:07	1	0	1	0
           181	2024-03-11 12:53:22	1	0	1	0
           379	2024-03-11 12:59:47	1	0	1	0
           332	2024-03-11 13:00:04	1	0	1	0
           145	2024-03-11 13:12:18	1	0	1	0
           401	2024-03-11 13:12:23	1	0	1	0
           332	2024-03-11 13:15:07	1	0	1	0
           145	2024-03-11 13:47:37	1	0	1	0
           401	2024-03-11 13:47:44	1	0	1	0
           144	2024-03-11 14:03:15	1	0	1	0
            57	2024-03-11 17:00:12	1	0	1	0
            58	2024-03-11 17:00:29	1	0	1	0
            80	2024-03-11 17:01:52	1	0	1	0
           551	2024-03-11 17:01:56	1	0	1	0
           187	2024-03-11 17:02:09	1	0	1	0
           627	2024-03-11 17:02:14	1	0	1	0
           379	2024-03-11 17:03:00	1	0	1	0
           527	2024-03-11 17:03:15	1	0	1	0
           181	2024-03-11 17:04:10	1	0	1	0
           185	2024-03-11 17:07:19	1	0	1	0
           180	2024-03-11 17:07:28	1	0	1	0
           602	2024-03-11 17:09:29	1	0	1	0
           241	2024-03-11 17:10:43	1	0	1	0
            91	2024-03-11 17:12:38	1	0	1	0
           473	2024-03-11 17:15:55	1	0	1	0
           605	2024-03-11 17:17:19	1	0	1	0
           142	2024-03-11 17:17:26	1	0	1	0
           385	2024-03-11 17:20:39	1	0	1	0
           118	2024-03-11 17:24:44	1	0	1	0
           472	2024-03-11 18:00:24	1	0	1	0
           471	2024-03-11 18:00:53	1	0	1	0
           145	2024-03-11 18:04:30	1	0	1	0
           401	2024-03-11 18:05:05	1	0	1	0
           332	2024-03-11 18:12:12	1	0	1	0
           144	2024-03-11 18:22:42	1	0	1	0
           385	2024-03-12 06:14:13	1	0	1	0
            58	2024-03-12 06:35:11	1	0	1	0
           241	2024-03-12 07:31:53	1	0	1	0
           369	2024-03-12 07:32:34	1	0	1	0
            91	2024-03-12 07:32:40	1	0	1	0
           185	2024-03-12 07:33:35	1	0	1	0
           118	2024-03-12 07:38:34	1	0	1	0
           551	2024-03-12 07:39:14	1	0	1	0
           473	2024-03-12 07:40:15	1	0	1	0
           527	2024-03-12 07:43:34	1	0	1	0
           627	2024-03-12 07:44:48	1	0	1	0
           142	2024-03-12 07:49:27	1	0	1	0
           379	2024-03-12 07:51:10	1	0	1	0
           181	2024-03-12 07:55:41	1	0	1	0
           605	2024-03-12 07:56:14	1	0	1	0
           471	2024-03-12 07:57:48	1	0	1	0
           472	2024-03-12 07:58:20	1	0	1	0
            80	2024-03-12 07:58:25	1	0	1	0
            57	2024-03-12 08:00:42	1	0	1	0
           602	2024-03-12 08:06:29	1	0	1	0
           144	2024-03-12 09:01:13	1	0	1	0
           401	2024-03-12 09:18:32	1	0	1	0
           385	2024-03-12 11:34:57	1	0	1	0
           527	2024-03-12 12:00:10	1	0	1	0
           385	2024-03-12 12:00:16	1	0	1	0
            57	2024-03-12 12:02:25	1	0	1	0
           142	2024-03-12 12:02:38	1	0	1	0
            58	2024-03-12 12:02:45	1	0	1	0
            91	2024-03-12 12:02:57	1	0	1	0
           241	2024-03-12 12:03:02	1	0	1	0
           471	2024-03-12 12:03:10	1	0	1	0
           551	2024-03-12 12:03:20	1	0	1	0
           473	2024-03-12 12:03:22	1	0	1	0
           627	2024-03-12 12:05:00	1	0	1	0
           379	2024-03-12 12:05:50	1	0	1	0
           118	2024-03-12 12:05:58	1	0	1	0
           605	2024-03-12 12:06:03	1	0	1	0
           185	2024-03-12 12:09:12	1	0	1	0
           602	2024-03-12 12:12:10	1	0	1	0
           527	2024-03-12 12:18:24	1	0	1	0
           379	2024-03-12 12:21:05	1	0	1	0
           118	2024-03-12 12:21:14	1	0	1	0
           473	2024-03-12 12:22:33	1	0	1	0
           471	2024-03-12 12:23:16	1	0	1	0
           369	2024-03-12 12:23:42	1	0	1	0
            57	2024-03-12 12:23:53	1	0	1	0
            58	2024-03-12 12:24:01	1	0	1	0
           142	2024-03-12 12:25:45	1	0	1	0
           241	2024-03-12 12:33:17	1	0	1	0
           602	2024-03-12 12:33:28	1	0	1	0
           627	2024-03-12 12:34:58	1	0	1	0
           551	2024-03-12 12:35:51	1	0	1	0
            91	2024-03-12 12:43:43	1	0	1	0
           185	2024-03-12 12:44:30	1	0	1	0
           605	2024-03-12 12:47:22	1	0	1	0
           369	2024-03-12 12:54:05	1	0	1	0
           332	2024-03-12 13:04:16	1	0	1	0
           144	2024-03-12 13:06:53	1	0	1	0
           145	2024-03-12 13:08:51	1	0	1	0
           401	2024-03-12 13:27:24	1	0	1	0
           332	2024-03-12 13:33:16	1	0	1	0
           144	2024-03-12 13:51:36	1	0	1	0
           145	2024-03-12 13:53:46	1	0	1	0
           401	2024-03-12 13:53:50	1	0	1	0
            57	2024-03-12 17:00:42	1	0	1	0
            58	2024-03-12 17:01:52	1	0	1	0
           473	2024-03-12 17:02:13	1	0	1	0
           379	2024-03-12 17:03:29	1	0	1	0
           602	2024-03-12 17:03:46	1	0	1	0
           605	2024-03-12 17:04:18	1	0	1	0
            80	2024-03-12 17:05:50	1	0	1	0
           241	2024-03-12 17:06:18	1	0	1	0
           551	2024-03-12 17:06:28	1	0	1	0
           369	2024-03-12 17:07:39	1	0	1	0
           627	2024-03-12 17:20:16	1	0	1	0
           185	2024-03-12 17:20:21	1	0	1	0
           527	2024-03-12 17:20:33	1	0	1	0
           385	2024-03-12 17:20:43	1	0	1	0
            91	2024-03-12 17:23:51	1	0	1	0
           118	2024-03-12 17:25:52	1	0	1	0
           142	2024-03-12 17:28:19	1	0	1	0
           181	2024-03-12 17:28:24	1	0	1	0
           471	2024-03-12 17:59:06	1	0	1	0
           472	2024-03-12 18:00:21	1	0	1	0
           145	2024-03-12 18:08:06	1	0	1	0
           401	2024-03-12 18:08:29	1	0	1	0
           332	2024-03-12 18:15:56	1	0	1	0
           144	2024-03-12 18:53:38	1	0	1	0
           385	2024-03-13 06:13:58	1	0	1	0
           551	2024-03-13 06:23:56	1	0	1	0
            58	2024-03-13 06:32:45	1	0	1	0
           627	2024-03-13 06:56:16	1	0	1	0
           241	2024-03-13 07:20:04	1	0	1	0
           185	2024-03-13 07:27:36	1	0	1	0
            91	2024-03-13 07:29:21	1	0	1	0
           527	2024-03-13 07:30:35	1	0	1	0
           602	2024-03-13 07:35:26	1	0	1	0
           181	2024-03-13 07:37:48	1	0	1	0
           605	2024-03-13 07:43:16	1	0	1	0
           369	2024-03-13 07:43:31	1	0	1	0
           118	2024-03-13 07:49:00	1	0	1	0
           473	2024-03-13 07:50:25	1	0	1	0
           187	2024-03-13 07:50:52	1	0	1	0
           379	2024-03-13 07:52:35	1	0	1	0
           472	2024-03-13 07:56:54	1	0	1	0
           471	2024-03-13 07:57:02	1	0	1	0
            80	2024-03-13 07:58:14	1	0	1	0
            48	2024-03-13 07:58:35	1	0	1	0
           180	2024-03-13 07:59:55	1	0	1	0
           142	2024-03-13 08:00:18	1	0	1	0
            57	2024-03-13 08:01:38	1	0	1	0
           145	2024-03-13 08:34:14	1	0	1	0
           401	2024-03-13 08:50:32	1	0	1	0
           473	2024-03-13 12:00:04	1	0	1	0
           241	2024-03-13 12:00:32	1	0	1	0
           471	2024-03-13 12:00:53	1	0	1	0
           605	2024-03-13 12:01:01	1	0	1	0
           118	2024-03-13 12:01:08	1	0	1	0
           602	2024-03-13 12:01:12	1	0	1	0
           527	2024-03-13 12:03:24	1	0	1	0
           627	2024-03-13 12:03:33	1	0	1	0
           185	2024-03-13 12:03:45	1	0	1	0
           142	2024-03-13 12:05:59	1	0	1	0
           369	2024-03-13 12:06:10	1	0	1	0
           379	2024-03-13 12:10:48	1	0	1	0
            58	2024-03-13 12:12:02	1	0	1	0
            57	2024-03-13 12:12:32	1	0	1	0
           180	2024-03-13 12:15:15	1	0	1	0
            48	2024-03-13 12:20:20	1	0	1	0
           187	2024-03-13 12:20:25	1	0	1	0
           142	2024-03-13 12:23:43	1	0	1	0
           473	2024-03-13 12:24:26	1	0	1	0
           241	2024-03-13 12:24:54	1	0	1	0
           118	2024-03-13 12:24:56	1	0	1	0
           471	2024-03-13 12:26:09	1	0	1	0
           379	2024-03-13 12:26:13	1	0	1	0
           605	2024-03-13 12:26:37	1	0	1	0
            57	2024-03-13 12:30:29	1	0	1	0
           369	2024-03-13 12:32:55	1	0	1	0
           187	2024-03-13 12:38:10	1	0	1	0
            58	2024-03-13 12:38:24	1	0	1	0
            48	2024-03-13 12:38:34	1	0	1	0
           180	2024-03-13 12:40:09	1	0	1	0
           527	2024-03-13 12:45:02	1	0	1	0
           602	2024-03-13 12:50:25	1	0	1	0
           185	2024-03-13 12:51:19	1	0	1	0
           627	2024-03-13 12:55:47	1	0	1	0
           472	2024-03-13 13:03:17	1	0	1	0
           145	2024-03-13 13:17:13	1	0	1	0
           401	2024-03-13 13:17:18	1	0	1	0
           472	2024-03-13 13:29:54	1	0	1	0
           144	2024-03-13 13:39:14	1	0	1	0
           145	2024-03-13 13:55:14	1	0	1	0
           401	2024-03-13 13:55:19	1	0	1	0
           332	2024-03-13 14:11:58	1	0	1	0
            91	2024-03-13 16:53:42	1	0	1	0
           241	2024-03-13 17:00:10	1	0	1	0
            57	2024-03-13 17:00:18	1	0	1	0
           379	2024-03-13 17:00:23	1	0	1	0
            58	2024-03-13 17:00:35	1	0	1	0
            48	2024-03-13 17:00:47	1	0	1	0
           187	2024-03-13 17:01:27	1	0	1	0
            80	2024-03-13 17:03:26	1	0	1	0
           551	2024-03-13 17:03:33	1	0	1	0
           369	2024-03-13 17:06:49	1	0	1	0
           180	2024-03-13 17:09:28	1	0	1	0
           473	2024-03-13 17:09:32	1	0	1	0
           142	2024-03-13 17:13:37	1	0	1	0
           602	2024-03-13 17:14:41	1	0	1	0
           605	2024-03-13 17:14:57	1	0	1	0
           118	2024-03-13 17:26:59	1	0	1	0
           627	2024-03-13 17:38:44	1	0	1	0
           385	2024-03-13 17:38:49	1	0	1	0
           185	2024-03-13 17:38:56	1	0	1	0
           527	2024-03-13 17:41:41	1	0	1	0
           471	2024-03-13 17:55:12	1	0	1	0
           472	2024-03-13 18:00:16	1	0	1	0
           145	2024-03-13 18:03:39	1	0	1	0
           332	2024-03-13 18:15:32	1	0	1	0
           401	2024-03-13 18:21:42	1	0	1	0
           144	2024-03-13 18:39:12	1	0	1	0
           385	2024-03-14 06:09:27	1	0	1	0
           551	2024-03-14 06:31:11	1	0	1	0
            58	2024-03-14 06:36:44	1	0	1	0
           142	2024-03-14 07:04:35	1	0	1	0
           185	2024-03-14 07:09:44	1	0	1	0
            91	2024-03-14 07:09:55	1	0	1	0
           602	2024-03-14 07:16:20	1	0	1	0
           379	2024-03-14 07:16:25	1	0	1	0
            48	2024-03-14 07:18:40	1	0	1	0
           241	2024-03-14 07:22:48	1	0	1	0
           605	2024-03-14 07:27:19	1	0	1	0
           471	2024-03-14 07:30:44	1	0	1	0
           472	2024-03-14 07:30:49	1	0	1	0
           401	2024-03-14 07:31:11	1	0	1	0
           180	2024-03-14 07:34:32	1	0	1	0
           118	2024-03-14 07:36:58	1	0	1	0
           627	2024-03-14 07:37:14	1	0	1	0
           473	2024-03-14 07:44:35	1	0	1	0
           527	2024-03-14 07:44:46	1	0	1	0
           369	2024-03-14 07:53:12	1	0	1	0
            57	2024-03-14 07:54:38	1	0	1	0
           145	2024-03-14 08:47:48	1	0	1	0
           332	2024-03-14 08:57:58	1	0	1	0
           385	2024-03-14 11:33:57	1	0	1	0
           471	2024-03-14 12:00:20	1	0	1	0
           473	2024-03-14 12:00:25	1	0	1	0
           627	2024-03-14 12:00:45	1	0	1	0
           118	2024-03-14 12:00:50	1	0	1	0
           602	2024-03-14 12:01:11	1	0	1	0
            91	2024-03-14 12:01:52	1	0	1	0
           385	2024-03-14 12:01:58	1	0	1	0
           379	2024-03-14 12:02:37	1	0	1	0
            80	2024-03-14 12:02:59	1	0	1	0
           551	2024-03-14 12:03:07	1	0	1	0
           527	2024-03-14 12:03:53	1	0	1	0
           605	2024-03-14 12:04:25	1	0	1	0
           241	2024-03-14 12:04:42	1	0	1	0
           142	2024-03-14 12:05:57	1	0	1	0
            48	2024-03-14 12:07:16	1	0	1	0
            58	2024-03-14 12:07:23	1	0	1	0
            57	2024-03-14 12:08:14	1	0	1	0
           185	2024-03-14 12:08:36	1	0	1	0
           180	2024-03-14 12:08:42	1	0	1	0
           627	2024-03-14 12:15:55	1	0	1	0
           602	2024-03-14 12:21:17	1	0	1	0
           605	2024-03-14 12:21:19	1	0	1	0
           241	2024-03-14 12:21:45	1	0	1	0
            57	2024-03-14 12:24:05	1	0	1	0
           551	2024-03-14 12:24:12	1	0	1	0
            80	2024-03-14 12:24:24	1	0	1	0
            48	2024-03-14 12:26:42	1	0	1	0
            58	2024-03-14 12:26:47	1	0	1	0
           369	2024-03-14 12:31:43	1	0	1	0
           527	2024-03-14 12:35:20	1	0	1	0
           471	2024-03-14 12:37:53	1	0	1	0
           118	2024-03-14 12:38:06	1	0	1	0
           473	2024-03-14 12:38:16	1	0	1	0
           185	2024-03-14 12:49:37	1	0	1	0
           180	2024-03-14 12:49:42	1	0	1	0
           379	2024-03-14 12:51:00	1	0	1	0
           369	2024-03-14 12:53:12	1	0	1	0
            91	2024-03-14 13:00:01	1	0	1	0
           472	2024-03-14 13:01:47	1	0	1	0
           145	2024-03-14 13:09:19	1	0	1	0
           401	2024-03-14 13:09:25	1	0	1	0
           332	2024-03-14 13:17:23	1	0	1	0
           145	2024-03-14 13:29:01	1	0	1	0
           401	2024-03-14 13:29:15	1	0	1	0
           472	2024-03-14 13:50:26	1	0	1	0
            91	2024-03-14 17:00:02	1	0	1	0
           185	2024-03-14 17:00:09	1	0	1	0
           627	2024-03-14 17:00:15	1	0	1	0
           241	2024-03-14 17:00:18	1	0	1	0
            57	2024-03-14 17:00:27	1	0	1	0
            58	2024-03-14 17:00:33	1	0	1	0
           527	2024-03-14 17:00:39	1	0	1	0
           379	2024-03-14 17:01:40	1	0	1	0
           142	2024-03-14 17:01:52	1	0	1	0
           369	2024-03-14 17:04:18	1	0	1	0
           551	2024-03-14 17:04:30	1	0	1	0
            80	2024-03-14 17:04:34	1	0	1	0
           473	2024-03-14 17:06:27	1	0	1	0
           118	2024-03-14 17:06:32	1	0	1	0
           605	2024-03-14 17:06:39	1	0	1	0
           602	2024-03-14 17:06:43	1	0	1	0
           180	2024-03-14 17:11:27	1	0	1	0
            48	2024-03-14 17:12:06	1	0	1	0
           471	2024-03-14 17:59:26	1	0	1	0
           472	2024-03-14 18:00:27	1	0	1	0
           332	2024-03-14 18:01:02	1	0	1	0
           145	2024-03-14 18:08:22	1	0	1	0
           401	2024-03-14 18:20:41	1	0	1	0
           385	2024-03-14 19:04:45	1	0	1	0
           627	2024-03-15 05:57:22	1	0	1	0
           385	2024-03-15 05:57:28	1	0	1	0
           241	2024-03-15 06:42:03	1	0	1	0
            57	2024-03-15 08:09:47	1	0	1	0
           332	2024-03-15 11:33:14	1	0	1	0
            57	2024-03-15 12:33:28	1	0	1	0
           332	2024-03-15 13:14:16	1	0	1	0
           332	2024-03-15 13:32:47	1	0	1	0
           241	2024-03-15 18:13:13	1	0	1	0
           332	2024-03-15 19:05:10	1	0	1	0
           385	2024-03-16 06:27:49	1	0	1	0
           385	2024-03-16 11:42:38	1	0	1	0
           385	2024-03-16 12:04:50	1	0	1	0
           385	2024-03-16 17:27:35	1	0	1	0
           385	2024-03-18 05:38:08	1	0	1	0
            58	2024-03-18 06:35:30	1	0	1	0
           602	2024-03-18 06:54:24	1	0	1	0
           627	2024-03-18 07:11:11	1	0	1	0
           185	2024-03-18 07:18:52	1	0	1	0
           551	2024-03-18 07:31:55	1	0	1	0
           369	2024-03-18 07:34:42	1	0	1	0
           187	2024-03-18 07:36:10	1	0	1	0
            48	2024-03-18 07:37:34	1	0	1	0
           379	2024-03-18 07:37:56	1	0	1	0
           118	2024-03-18 07:42:02	1	0	1	0
           181	2024-03-18 07:45:20	1	0	1	0
           527	2024-03-18 07:46:23	1	0	1	0
           473	2024-03-18 07:48:50	1	0	1	0
           605	2024-03-18 07:50:07	1	0	1	0
           241	2024-03-18 07:50:57	1	0	1	0
           180	2024-03-18 07:51:16	1	0	1	0
           471	2024-03-18 07:52:11	1	0	1	0
           472	2024-03-18 07:52:15	1	0	1	0
            57	2024-03-18 07:56:47	1	0	1	0
           142	2024-03-18 07:56:52	1	0	1	0
            80	2024-03-18 08:00:12	1	0	1	0
           401	2024-03-18 09:12:32	1	0	1	0
           144	2024-03-18 10:12:19	1	0	1	0
           332	2024-03-18 11:12:00	1	0	1	0
           385	2024-03-18 11:34:58	1	0	1	0
           471	2024-03-18 12:00:24	1	0	1	0
           379	2024-03-18 12:03:11	1	0	1	0
           527	2024-03-18 12:04:06	1	0	1	0
            80	2024-03-18 12:05:29	1	0	1	0
           551	2024-03-18 12:05:42	1	0	1	0
           241	2024-03-18 12:06:01	1	0	1	0
           187	2024-03-18 12:06:18	1	0	1	0
           181	2024-03-18 12:06:36	1	0	1	0
            58	2024-03-18 12:06:43	1	0	1	0
            48	2024-03-18 12:06:50	1	0	1	0
           142	2024-03-18 12:07:07	1	0	1	0
           602	2024-03-18 12:11:28	1	0	1	0
           369	2024-03-18 12:12:27	1	0	1	0
           627	2024-03-18 12:13:33	1	0	1	0
           180	2024-03-18 12:14:24	1	0	1	0
            80	2024-03-18 12:20:40	1	0	1	0
           551	2024-03-18 12:20:48	1	0	1	0
           187	2024-03-18 12:21:24	1	0	1	0
           185	2024-03-18 12:21:36	1	0	1	0
            58	2024-03-18 12:22:17	1	0	1	0
           385	2024-03-18 12:25:31	1	0	1	0
           369	2024-03-18 12:27:29	1	0	1	0
           241	2024-03-18 12:28:52	1	0	1	0
           180	2024-03-18 12:32:08	1	0	1	0
           627	2024-03-18 12:32:15	1	0	1	0
           602	2024-03-18 12:35:32	1	0	1	0
           471	2024-03-18 12:41:29	1	0	1	0
           527	2024-03-18 12:52:02	1	0	1	0
           379	2024-03-18 12:52:17	1	0	1	0
           142	2024-03-18 12:55:01	1	0	1	0
           472	2024-03-18 13:03:18	1	0	1	0
           144	2024-03-18 13:09:41	1	0	1	0
           401	2024-03-18 13:09:50	1	0	1	0
           332	2024-03-18 13:12:33	1	0	1	0
           472	2024-03-18 13:18:52	1	0	1	0
           332	2024-03-18 13:51:04	1	0	1	0
           144	2024-03-18 13:52:18	1	0	1	0
           401	2024-03-18 13:52:28	1	0	1	0
           602	2024-03-18 17:02:09	1	0	1	0
           187	2024-03-18 17:06:48	1	0	1	0
            58	2024-03-18 17:08:06	1	0	1	0
           551	2024-03-18 17:08:16	1	0	1	0
            80	2024-03-18 17:08:24	1	0	1	0
            48	2024-03-18 17:11:07	1	0	1	0
           379	2024-03-18 17:11:44	1	0	1	0
           241	2024-03-18 17:13:52	1	0	1	0
           369	2024-03-18 17:14:26	1	0	1	0
           142	2024-03-18 17:20:17	1	0	1	0
           180	2024-03-18 17:21:29	1	0	1	0
           185	2024-03-18 17:22:17	1	0	1	0
           181	2024-03-18 17:22:24	1	0	1	0
           527	2024-03-18 17:24:38	1	0	1	0
           627	2024-03-18 17:26:10	1	0	1	0
           385	2024-03-18 17:27:12	1	0	1	0
           118	2024-03-18 17:30:45	1	0	1	0
           473	2024-03-18 17:30:48	1	0	1	0
           605	2024-03-18 17:30:51	1	0	1	0
           401	2024-03-18 18:01:03	1	0	1	0
           471	2024-03-18 18:02:56	1	0	1	0
           472	2024-03-18 18:04:42	1	0	1	0
           332	2024-03-18 18:08:42	1	0	1	0
           144	2024-03-18 19:10:13	1	0	1	0
           385	2024-03-19 06:13:43	1	0	1	0
            58	2024-03-19 06:35:36	1	0	1	0
           473	2024-03-19 07:20:09	1	0	1	0
           185	2024-03-19 07:20:36	1	0	1	0
            91	2024-03-19 07:20:44	1	0	1	0
            48	2024-03-19 07:21:02	1	0	1	0
           180	2024-03-19 07:23:33	1	0	1	0
           627	2024-03-19 07:23:43	1	0	1	0
           605	2024-03-19 07:30:50	1	0	1	0
           118	2024-03-19 07:35:17	1	0	1	0
           602	2024-03-19 07:39:21	1	0	1	0
           379	2024-03-19 07:42:42	1	0	1	0
           241	2024-03-19 07:42:46	1	0	1	0
           551	2024-03-19 07:46:10	1	0	1	0
           142	2024-03-19 07:53:49	1	0	1	0
           181	2024-03-19 07:54:05	1	0	1	0
           527	2024-03-19 07:55:13	1	0	1	0
           471	2024-03-19 07:58:30	1	0	1	0
            80	2024-03-19 07:58:35	1	0	1	0
           472	2024-03-19 07:58:39	1	0	1	0
            57	2024-03-19 08:01:46	1	0	1	0
           332	2024-03-19 08:54:56	1	0	1	0
           144	2024-03-19 08:56:33	1	0	1	0
           401	2024-03-19 09:06:35	1	0	1	0
           385	2024-03-19 11:39:02	1	0	1	0
           379	2024-03-19 12:00:24	1	0	1	0
           605	2024-03-19 12:00:44	1	0	1	0
           602	2024-03-19 12:00:49	1	0	1	0
           471	2024-03-19 12:00:57	1	0	1	0
           473	2024-03-19 12:01:17	1	0	1	0
           142	2024-03-19 12:01:23	1	0	1	0
           527	2024-03-19 12:02:25	1	0	1	0
           627	2024-03-19 12:03:47	1	0	1	0
            48	2024-03-19 12:04:38	1	0	1	0
            58	2024-03-19 12:04:57	1	0	1	0
           385	2024-03-19 12:07:31	1	0	1	0
           241	2024-03-19 12:09:26	1	0	1	0
            91	2024-03-19 12:09:29	1	0	1	0
           180	2024-03-19 12:09:34	1	0	1	0
           185	2024-03-19 12:09:46	1	0	1	0
           118	2024-03-19 12:15:19	1	0	1	0
           379	2024-03-19 12:16:33	1	0	1	0
            80	2024-03-19 12:19:09	1	0	1	0
           551	2024-03-19 12:19:13	1	0	1	0
           527	2024-03-19 12:27:31	1	0	1	0
           627	2024-03-19 12:27:36	1	0	1	0
           471	2024-03-19 12:29:02	1	0	1	0
           605	2024-03-19 12:29:44	1	0	1	0
           142	2024-03-19 12:29:59	1	0	1	0
           473	2024-03-19 12:30:14	1	0	1	0
           602	2024-03-19 12:31:42	1	0	1	0
           187	2024-03-19 12:32:18	1	0	1	0
            48	2024-03-19 12:32:24	1	0	1	0
            57	2024-03-19 12:35:39	1	0	1	0
            80	2024-03-19 12:38:40	1	0	1	0
           551	2024-03-19 12:39:01	1	0	1	0
           118	2024-03-19 12:46:18	1	0	1	0
           241	2024-03-19 12:46:44	1	0	1	0
           185	2024-03-19 12:47:16	1	0	1	0
            91	2024-03-19 12:47:54	1	0	1	0
           180	2024-03-19 12:49:00	1	0	1	0
           181	2024-03-19 12:53:21	1	0	1	0
            57	2024-03-19 12:53:32	1	0	1	0
           144	2024-03-19 13:02:09	1	0	1	0
           401	2024-03-19 13:02:16	1	0	1	0
           472	2024-03-19 13:02:51	1	0	1	0
           332	2024-03-19 13:10:06	1	0	1	0
           472	2024-03-19 13:22:13	1	0	1	0
           144	2024-03-19 13:29:26	1	0	1	0
           401	2024-03-19 13:29:40	1	0	1	0
           332	2024-03-19 13:38:27	1	0	1	0
            80	2024-03-19 17:01:11	1	0	1	0
           551	2024-03-19 17:01:15	1	0	1	0
            57	2024-03-19 17:01:35	1	0	1	0
            48	2024-03-19 17:01:56	1	0	1	0
            58	2024-03-19 17:02:11	1	0	1	0
           187	2024-03-19 17:09:43	1	0	1	0
           241	2024-03-19 17:11:20	1	0	1	0
           379	2024-03-19 17:11:44	1	0	1	0
           605	2024-03-19 17:14:10	1	0	1	0
           473	2024-03-19 17:14:50	1	0	1	0
           602	2024-03-19 17:14:52	1	0	1	0
           142	2024-03-19 17:17:14	1	0	1	0
           180	2024-03-19 17:18:30	1	0	1	0
           385	2024-03-19 17:20:27	1	0	1	0
           181	2024-03-19 17:21:55	1	0	1	0
            91	2024-03-19 17:30:16	1	0	1	0
           185	2024-03-19 17:33:56	1	0	1	0
           527	2024-03-19 17:36:38	1	0	1	0
           118	2024-03-19 17:49:44	1	0	1	0
           471	2024-03-19 17:58:26	1	0	1	0
           472	2024-03-19 18:05:00	1	0	1	0
           627	2024-03-19 18:05:30	1	0	1	0
           332	2024-03-19 18:08:57	1	0	1	0
           144	2024-03-19 18:34:29	1	0	1	0
           401	2024-03-19 18:40:20	1	0	1	0
           385	2024-03-20 06:16:32	1	0	1	0
            58	2024-03-20 06:35:18	1	0	1	0
           473	2024-03-20 07:10:13	1	0	1	0
           369	2024-03-20 07:22:34	1	0	1	0
           185	2024-03-20 07:31:14	1	0	1	0
            48	2024-03-20 07:31:42	1	0	1	0
            91	2024-03-20 07:32:06	1	0	1	0
           627	2024-03-20 07:33:56	1	0	1	0
           379	2024-03-20 07:40:26	1	0	1	0
           118	2024-03-20 07:40:37	1	0	1	0
           472	2024-03-20 07:41:08	1	0	1	0
           471	2024-03-20 07:41:22	1	0	1	0
           551	2024-03-20 07:41:39	1	0	1	0
           605	2024-03-20 07:41:46	1	0	1	0
           142	2024-03-20 07:49:04	1	0	1	0
           187	2024-03-20 07:50:29	1	0	1	0
           602	2024-03-20 07:50:48	1	0	1	0
           241	2024-03-20 07:51:23	1	0	1	0
           527	2024-03-20 07:52:22	1	0	1	0
           180	2024-03-20 07:54:49	1	0	1	0
            57	2024-03-20 07:57:07	1	0	1	0
           181	2024-03-20 07:58:45	1	0	1	0
            80	2024-03-20 08:01:01	1	0	1	0
           144	2024-03-20 08:54:13	1	0	1	0
           401	2024-03-20 09:13:59	1	0	1	0
           332	2024-03-20 09:31:46	1	0	1	0
           385	2024-03-20 11:30:08	1	0	1	0
           379	2024-03-20 12:00:04	1	0	1	0
            57	2024-03-20 12:00:11	1	0	1	0
           369	2024-03-20 12:00:16	1	0	1	0
            80	2024-03-20 12:00:54	1	0	1	0
           551	2024-03-20 12:01:00	1	0	1	0
           142	2024-03-20 12:01:06	1	0	1	0
           241	2024-03-20 12:01:18	1	0	1	0
           471	2024-03-20 12:04:06	1	0	1	0
            58	2024-03-20 12:04:24	1	0	1	0
            48	2024-03-20 12:06:59	1	0	1	0
           187	2024-03-20 12:07:05	1	0	1	0
           527	2024-03-20 12:08:16	1	0	1	0
           385	2024-03-20 12:08:22	1	0	1	0
           605	2024-03-20 12:11:12	1	0	1	0
           118	2024-03-20 12:11:51	1	0	1	0
           602	2024-03-20 12:11:59	1	0	1	0
           627	2024-03-20 12:15:19	1	0	1	0
            80	2024-03-20 12:15:56	1	0	1	0
           551	2024-03-20 12:16:03	1	0	1	0
           185	2024-03-20 12:16:24	1	0	1	0
           180	2024-03-20 12:16:34	1	0	1	0
            57	2024-03-20 12:16:49	1	0	1	0
            91	2024-03-20 12:17:07	1	0	1	0
           241	2024-03-20 12:19:22	1	0	1	0
            48	2024-03-20 12:22:17	1	0	1	0
           187	2024-03-20 12:22:21	1	0	1	0
            58	2024-03-20 12:22:29	1	0	1	0
           471	2024-03-20 12:24:41	1	0	1	0
           473	2024-03-20 12:25:22	1	0	1	0
           142	2024-03-20 12:26:31	1	0	1	0
           118	2024-03-20 12:33:16	1	0	1	0
           181	2024-03-20 12:34:15	1	0	1	0
           527	2024-03-20 12:36:34	1	0	1	0
           185	2024-03-20 12:36:39	1	0	1	0
           180	2024-03-20 12:36:51	1	0	1	0
            91	2024-03-20 12:43:18	1	0	1	0
           369	2024-03-20 12:43:53	1	0	1	0
           602	2024-03-20 12:44:32	1	0	1	0
           627	2024-03-20 12:47:05	1	0	1	0
           473	2024-03-20 12:50:27	1	0	1	0
           181	2024-03-20 13:00:04	1	0	1	0
           379	2024-03-20 13:00:42	1	0	1	0
           472	2024-03-20 13:08:34	1	0	1	0
           144	2024-03-20 13:10:18	1	0	1	0
           401	2024-03-20 13:10:23	1	0	1	0
           332	2024-03-20 13:19:35	1	0	1	0
           472	2024-03-20 13:36:17	1	0	1	0
           332	2024-03-20 13:45:55	1	0	1	0
           144	2024-03-20 13:46:19	1	0	1	0
           401	2024-03-20 13:46:21	1	0	1	0
            57	2024-03-20 17:00:13	1	0	1	0
            48	2024-03-20 17:01:49	1	0	1	0
            58	2024-03-20 17:01:57	1	0	1	0
            80	2024-03-20 17:02:16	1	0	1	0
           551	2024-03-20 17:02:19	1	0	1	0
           369	2024-03-20 17:02:24	1	0	1	0
           379	2024-03-20 17:03:06	1	0	1	0
           187	2024-03-20 17:05:04	1	0	1	0
           473	2024-03-20 17:05:12	1	0	1	0
            91	2024-03-20 17:06:40	1	0	1	0
           181	2024-03-20 17:06:48	1	0	1	0
           605	2024-03-20 17:12:49	1	0	1	0
           602	2024-03-20 17:14:01	1	0	1	0
           142	2024-03-20 17:14:40	1	0	1	0
           180	2024-03-20 17:23:47	1	0	1	0
           118	2024-03-20 17:26:11	1	0	1	0
           527	2024-03-20 17:31:38	1	0	1	0
           385	2024-03-20 17:55:43	1	0	1	0
           185	2024-03-20 17:57:38	1	0	1	0
           332	2024-03-20 18:00:30	1	0	1	0
           471	2024-03-20 18:05:26	1	0	1	0
           472	2024-03-20 18:06:09	1	0	1	0
           627	2024-03-20 18:10:36	1	0	1	0
           241	2024-03-20 18:12:50	1	0	1	0
           401	2024-03-20 18:41:39	1	0	1	0
           144	2024-03-20 18:42:12	1	0	1	0
           385	2024-03-22 06:05:10	1	0	1	0
            58	2024-03-22 06:30:47	1	0	1	0
           185	2024-03-22 07:22:37	1	0	1	0
            91	2024-03-22 07:25:00	1	0	1	0
           627	2024-03-22 07:32:32	1	0	1	0
           551	2024-03-22 07:38:16	1	0	1	0
           118	2024-03-22 07:39:14	1	0	1	0
            48	2024-03-22 07:41:17	1	0	1	0
           602	2024-03-22 07:45:42	1	0	1	0
           369	2024-03-22 07:46:16	1	0	1	0
           187	2024-03-22 07:46:44	1	0	1	0
           605	2024-03-22 07:47:34	1	0	1	0
           471	2024-03-22 07:48:40	1	0	1	0
           472	2024-03-22 07:48:50	1	0	1	0
           379	2024-03-22 07:49:53	1	0	1	0
           527	2024-03-22 07:50:16	1	0	1	0
            57	2024-03-22 07:57:47	1	0	1	0
           181	2024-03-22 07:57:57	1	0	1	0
           142	2024-03-22 07:58:03	1	0	1	0
            80	2024-03-22 07:59:34	1	0	1	0
           241	2024-03-22 08:00:55	1	0	1	0
           473	2024-03-22 08:05:38	1	0	1	0
           145	2024-03-22 09:00:27	1	0	1	0
           144	2024-03-22 09:28:18	1	0	1	0
           385	2024-03-22 11:50:48	1	0	1	0
           142	2024-03-22 12:00:43	1	0	1	0
            91	2024-03-22 12:01:00	1	0	1	0
           379	2024-03-22 12:01:08	1	0	1	0
           369	2024-03-22 12:02:10	1	0	1	0
            48	2024-03-22 12:03:29	1	0	1	0
            58	2024-03-22 12:03:35	1	0	1	0
           187	2024-03-22 12:03:42	1	0	1	0
            80	2024-03-22 12:03:50	1	0	1	0
           551	2024-03-22 12:04:00	1	0	1	0
           627	2024-03-22 12:04:05	1	0	1	0
           527	2024-03-22 12:04:13	1	0	1	0
           185	2024-03-22 12:05:02	1	0	1	0
           471	2024-03-22 12:07:26	1	0	1	0
           241	2024-03-22 12:09:01	1	0	1	0
           181	2024-03-22 12:11:21	1	0	1	0
           180	2024-03-22 12:14:02	1	0	1	0
           602	2024-03-22 12:14:09	1	0	1	0
           473	2024-03-22 12:17:43	1	0	1	0
           369	2024-03-22 12:17:53	1	0	1	0
           605	2024-03-22 12:18:12	1	0	1	0
            48	2024-03-22 12:20:14	1	0	1	0
           187	2024-03-22 12:20:21	1	0	1	0
            58	2024-03-22 12:20:27	1	0	1	0
            80	2024-03-22 12:20:33	1	0	1	0
           551	2024-03-22 12:26:17	1	0	15	0
           142	2024-03-22 12:26:27	1	0	1	0
           471	2024-03-22 12:26:33	1	0	1	0
           118	2024-03-22 12:28:40	1	0	1	0
            57	2024-03-22 12:28:52	1	0	1	0
           627	2024-03-22 12:29:43	1	0	1	0
            91	2024-03-22 12:32:48	1	0	1	0
           379	2024-03-22 12:36:00	1	0	1	0
           605	2024-03-22 12:40:03	1	0	1	0
           241	2024-03-22 12:42:59	1	0	1	0
           527	2024-03-22 12:43:56	1	0	1	0
           185	2024-03-22 12:46:39	1	0	1	0
           181	2024-03-22 12:49:18	1	0	1	0
            57	2024-03-22 12:49:40	1	0	1	0
           118	2024-03-22 12:51:54	1	0	1	0
           472	2024-03-22 13:05:21	1	0	1	0
           144	2024-03-22 13:13:24	1	0	1	0
           145	2024-03-22 13:15:11	1	0	1	0
           472	2024-03-22 13:28:13	1	0	1	0
           332	2024-03-22 13:45:48	1	0	1	0
           144	2024-03-22 13:55:33	1	0	1	0
           332	2024-03-22 14:02:33	1	0	1	0
            57	2024-03-22 17:00:05	1	0	1	0
            58	2024-03-22 17:00:51	1	0	1	0
            80	2024-03-22 17:01:56	1	0	1	0
           551	2024-03-22 17:02:07	1	0	15	0
            48	2024-03-22 17:02:32	1	0	1	0
           187	2024-03-22 17:06:37	1	0	1	0
           379	2024-03-22 17:06:53	1	0	1	0
           181	2024-03-22 17:08:27	1	0	1	0
            91	2024-03-22 17:15:21	1	0	1	0
           369	2024-03-22 17:15:54	1	0	1	0
           185	2024-03-22 17:17:40	1	0	1	0
           180	2024-03-22 17:17:52	1	0	1	0
           241	2024-03-22 17:19:32	1	0	1	0
           627	2024-03-22 17:20:12	1	0	1	0
           385	2024-03-22 17:20:30	1	0	1	0
           142	2024-03-22 17:27:48	1	0	1	0
           527	2024-03-22 17:43:44	1	0	1	0
           602	2024-03-22 17:58:17	1	0	1	0
           473	2024-03-22 17:58:19	1	0	1	0
           118	2024-03-22 17:58:43	1	0	1	0
           605	2024-03-22 17:58:50	1	0	1	0
           145	2024-03-22 18:03:16	1	0	1	0
           332	2024-03-22 18:06:43	1	0	1	0
           472	2024-03-22 18:34:27	1	0	1	0
           471	2024-03-22 18:35:56	1	0	1	0
           144	2024-03-22 19:16:17	1	0	1	0
           385	2024-03-25 06:13:39	1	0	1	0
            58	2024-03-25 06:33:09	1	0	1	0
           602	2024-03-25 07:02:43	1	0	1	0
            48	2024-03-25 07:12:09	1	0	1	0
            91	2024-03-25 07:14:00	1	0	1	0
           369	2024-03-25 07:14:11	1	0	1	0
           185	2024-03-25 07:14:20	1	0	1	0
           241	2024-03-25 07:17:09	1	0	1	0
           473	2024-03-25 07:19:34	1	0	1	0
           118	2024-03-25 07:24:15	1	0	1	0
           551	2024-03-25 07:41:47	1	0	15	0
           142	2024-03-25 07:41:57	1	0	1	0
           627	2024-03-25 07:43:52	1	0	1	0
           605	2024-03-25 07:46:05	1	0	1	0
           527	2024-03-25 07:47:08	1	0	1	0
           181	2024-03-25 07:47:17	1	0	1	0
           471	2024-03-25 07:50:56	1	0	1	0
           472	2024-03-25 07:51:02	1	0	1	0
           379	2024-03-25 07:52:37	1	0	1	0
            80	2024-03-25 07:52:54	1	0	1	0
           187	2024-03-25 08:00:00	1	0	1	0
            57	2024-03-25 08:05:20	1	0	1	0
           145	2024-03-25 08:20:41	1	0	1	0
           144	2024-03-25 08:50:35	1	0	1	0
           401	2024-03-25 09:18:42	1	0	1	0
           332	2024-03-25 10:11:29	1	0	1	0
           385	2024-03-25 11:35:43	1	0	1	0
            57	2024-03-25 12:00:16	1	0	1	0
           379	2024-03-25 12:00:21	1	0	1	0
           473	2024-03-25 12:00:31	1	0	1	0
           602	2024-03-25 12:00:46	1	0	1	0
           551	2024-03-25 12:01:05	1	0	15	0
            80	2024-03-25 12:01:10	1	0	1	0
           241	2024-03-25 12:01:19	1	0	1	0
           385	2024-03-25 12:02:03	1	0	1	0
           142	2024-03-25 12:02:27	1	0	1	0
           471	2024-03-25 12:03:32	1	0	1	0
           605	2024-03-25 12:03:37	1	0	1	0
           627	2024-03-25 12:05:32	1	0	1	0
            91	2024-03-25 12:07:21	1	0	1	0
           185	2024-03-25 12:07:28	1	0	1	0
           181	2024-03-25 12:07:34	1	0	1	0
           527	2024-03-25 12:07:40	1	0	1	0
            57	2024-03-25 12:15:24	1	0	1	0
            80	2024-03-25 12:19:55	1	0	1	0
           551	2024-03-25 12:20:00	1	0	15	0
           471	2024-03-25 12:21:50	1	0	1	0
           605	2024-03-25 12:21:57	1	0	1	0
           473	2024-03-25 12:22:13	1	0	1	0
           118	2024-03-25 12:24:48	1	0	1	0
           369	2024-03-25 12:26:01	1	0	1	0
           187	2024-03-25 12:26:07	1	0	1	0
            48	2024-03-25 12:26:13	1	0	1	0
            58	2024-03-25 12:27:16	1	0	1	0
           379	2024-03-25 12:32:29	1	0	1	0
           602	2024-03-25 12:32:46	1	0	1	0
           369	2024-03-25 12:42:53	1	0	1	0
           187	2024-03-25 12:43:11	1	0	1	0
            48	2024-03-25 12:43:33	1	0	1	0
            58	2024-03-25 12:43:42	1	0	1	0
           241	2024-03-25 12:46:00	1	0	1	0
           181	2024-03-25 12:47:36	1	0	1	0
           185	2024-03-25 12:47:42	1	0	1	0
           627	2024-03-25 12:48:49	1	0	1	0
           527	2024-03-25 12:49:39	1	0	1	0
           118	2024-03-25 12:52:04	1	0	1	0
            91	2024-03-25 12:53:25	1	0	1	0
           332	2024-03-25 13:02:44	1	0	1	0
           142	2024-03-25 13:03:13	1	0	1	0
           144	2024-03-25 13:05:23	1	0	1	0
           401	2024-03-25 13:05:30	1	0	1	0
           145	2024-03-25 13:06:03	1	0	1	0
           472	2024-03-25 13:06:13	1	0	1	0
           332	2024-03-25 13:22:36	1	0	1	0
           472	2024-03-25 13:29:31	1	0	1	0
           401	2024-03-25 13:41:07	1	0	1	0
           185	2024-03-25 16:00:43	1	0	1	0
            57	2024-03-25 17:00:10	1	0	1	0
            58	2024-03-25 17:01:10	1	0	1	0
            48	2024-03-25 17:01:17	1	0	1	0
            80	2024-03-25 17:01:48	1	0	1	0
           551	2024-03-25 17:01:56	1	0	15	0
           379	2024-03-25 17:02:52	1	0	1	0
           627	2024-03-25 17:02:58	1	0	1	0
           369	2024-03-25 17:04:41	1	0	1	0
            91	2024-03-25 17:05:11	1	0	1	0
           181	2024-03-25 17:06:26	1	0	1	0
           527	2024-03-25 17:06:42	1	0	1	0
           473	2024-03-25 17:07:19	1	0	1	0
           602	2024-03-25 17:07:56	1	0	1	0
           605	2024-03-25 17:08:02	1	0	1	0
           241	2024-03-25 17:10:11	1	0	1	0
           142	2024-03-25 17:16:30	1	0	1	0
           385	2024-03-25 17:22:38	1	0	1	0
           187	2024-03-25 17:29:25	1	0	1	0
           118	2024-03-25 17:34:04	1	0	1	0
           471	2024-03-25 18:04:40	1	0	1	0
           472	2024-03-25 18:04:45	1	0	1	0
           145	2024-03-25 18:08:23	1	0	1	0
           401	2024-03-25 18:08:32	1	0	1	0
           332	2024-03-25 18:08:46	1	0	1	0
           144	2024-03-25 18:55:55	1	0	1	0
           385	2024-03-26 06:22:14	1	0	1	0
            58	2024-03-26 06:31:07	1	0	1	0
            48	2024-03-26 07:00:02	1	0	1	0
           473	2024-03-26 07:00:14	1	0	1	0
           185	2024-03-26 07:15:27	1	0	1	0
            91	2024-03-26 07:16:56	1	0	1	0
           369	2024-03-26 07:32:03	1	0	1	0
           187	2024-03-26 07:33:20	1	0	1	0
           551	2024-03-26 07:36:45	1	0	15	0
           471	2024-03-26 07:38:48	1	0	1	0
           180	2024-03-26 07:42:26	1	0	1	0
           627	2024-03-26 07:44:16	1	0	1	0
           379	2024-03-26 07:46:04	1	0	1	0
           472	2024-03-26 07:46:07	1	0	1	0
           527	2024-03-26 07:46:43	1	0	1	0
           602	2024-03-26 07:49:29	1	0	1	0
            80	2024-03-26 07:51:17	1	0	1	0
           118	2024-03-26 07:52:52	1	0	1	0
           605	2024-03-26 07:54:15	1	0	1	0
           142	2024-03-26 07:56:40	1	0	1	0
            57	2024-03-26 07:58:27	1	0	1	0
           241	2024-03-26 08:02:10	1	0	1	0
           181	2024-03-26 08:09:52	1	0	1	0
           145	2024-03-26 08:31:58	1	0	1	0
           144	2024-03-26 08:46:30	1	0	1	0
           401	2024-03-26 09:12:03	1	0	1	0
           332	2024-03-26 11:36:46	1	0	1	0
           385	2024-03-26 11:54:57	1	0	1	0
           379	2024-03-26 12:01:03	1	0	1	0
           602	2024-03-26 12:01:31	1	0	1	0
           142	2024-03-26 12:02:09	1	0	1	0
            80	2024-03-26 12:02:16	1	0	1	0
           551	2024-03-26 12:02:25	1	0	15	0
           471	2024-03-26 12:02:33	1	0	1	0
           180	2024-03-26 12:05:00	1	0	1	0
           527	2024-03-26 12:05:05	1	0	1	0
           627	2024-03-26 12:05:09	1	0	1	0
           181	2024-03-26 12:07:40	1	0	1	0
           118	2024-03-26 12:09:21	1	0	1	0
           369	2024-03-26 12:16:45	1	0	1	0
            48	2024-03-26 12:17:09	1	0	1	0
           187	2024-03-26 12:17:54	1	0	1	0
            58	2024-03-26 12:18:14	1	0	1	0
            91	2024-03-26 12:19:42	1	0	1	0
           142	2024-03-26 12:19:53	1	0	1	0
           473	2024-03-26 12:20:29	1	0	1	0
           605	2024-03-26 12:20:33	1	0	1	0
           379	2024-03-26 12:21:01	1	0	1	0
           471	2024-03-26 12:21:08	1	0	1	0
           241	2024-03-26 12:21:20	1	0	1	0
            80	2024-03-26 12:22:18	1	0	1	0
           551	2024-03-26 12:22:24	1	0	15	0
            91	2024-03-26 12:34:46	1	0	1	0
            48	2024-03-26 12:35:21	1	0	1	0
           187	2024-03-26 12:35:26	1	0	1	0
           369	2024-03-26 12:35:33	1	0	1	0
            58	2024-03-26 12:35:44	1	0	1	0
           181	2024-03-26 12:37:32	1	0	1	0
           241	2024-03-26 12:38:05	1	0	1	0
           527	2024-03-26 12:38:17	1	0	1	0
           627	2024-03-26 12:43:56	1	0	1	0
           180	2024-03-26 12:45:36	1	0	1	0
           385	2024-03-26 12:45:42	1	0	1	0
            57	2024-03-26 12:47:09	1	0	1	0
           605	2024-03-26 12:48:29	1	0	1	0
           473	2024-03-26 12:48:45	1	0	1	0
           602	2024-03-26 12:48:48	1	0	1	0
           118	2024-03-26 12:53:24	1	0	1	0
           472	2024-03-26 13:00:28	1	0	1	0
           144	2024-03-26 13:28:28	1	0	1	0
           145	2024-03-26 13:28:31	1	0	1	0
           472	2024-03-26 13:31:30	1	0	1	0
           332	2024-03-26 13:40:56	1	0	1	0
           145	2024-03-26 13:51:45	1	0	1	0
           144	2024-03-26 13:51:49	1	0	1	0
            57	2024-03-26 17:00:11	1	0	1	0
            58	2024-03-26 17:00:49	1	0	1	0
            48	2024-03-26 17:01:04	1	0	1	0
            80	2024-03-26 17:01:15	1	0	1	0
           551	2024-03-26 17:01:26	1	0	15	0
           241	2024-03-26 17:02:29	1	0	1	0
           379	2024-03-26 17:04:28	1	0	1	0
           187	2024-03-26 17:04:51	1	0	1	0
           185	2024-03-26 17:07:19	1	0	1	0
           527	2024-03-26 17:07:40	1	0	1	0
           180	2024-03-26 17:08:52	1	0	1	0
           627	2024-03-26 17:16:36	1	0	1	0
           118	2024-03-26 17:19:03	1	0	1	0
           385	2024-03-26 17:23:01	1	0	1	0
           181	2024-03-26 17:25:02	1	0	1	0
           142	2024-03-26 17:28:40	1	0	1	0
           473	2024-03-26 17:31:07	1	0	1	0
           605	2024-03-26 17:39:25	1	0	1	0
            91	2024-03-26 17:43:43	1	0	1	0
           602	2024-03-26 17:44:04	1	0	1	0
           471	2024-03-26 17:59:07	1	0	1	0
           472	2024-03-26 18:00:03	1	0	1	0
           145	2024-03-26 18:03:03	1	0	1	0
           401	2024-03-26 18:03:11	1	0	1	0
           332	2024-03-26 18:10:34	1	0	1	0
           144	2024-03-26 18:10:44	1	0	1	0
           385	2024-03-27 06:11:37	1	0	1	0
            58	2024-03-27 06:32:52	1	0	1	0
            48	2024-03-27 07:08:28	1	0	1	0
           185	2024-03-27 07:34:39	1	0	1	0
           627	2024-03-27 07:35:09	1	0	1	0
            91	2024-03-27 07:36:18	1	0	1	0
           180	2024-03-27 07:44:57	1	0	1	0
           602	2024-03-27 07:46:51	1	0	1	0
           551	2024-03-27 07:47:30	1	0	15	0
           241	2024-03-27 07:48:54	1	0	1	0
           473	2024-03-27 07:50:04	1	0	1	0
           605	2024-03-27 07:50:51	1	0	1	0
           471	2024-03-27 07:52:53	1	0	1	0
           472	2024-03-27 07:52:59	1	0	1	0
           379	2024-03-27 07:53:56	1	0	1	0
            80	2024-03-27 07:54:00	1	0	1	0
           527	2024-03-27 07:54:37	1	0	1	0
            57	2024-03-27 07:57:05	1	0	1	0
           187	2024-03-27 07:57:09	1	0	1	0
           181	2024-03-27 08:08:09	1	0	1	0
           369	2024-03-27 08:08:54	1	0	1	0
           118	2024-03-27 08:11:52	1	0	1	0
           145	2024-03-27 08:27:37	1	0	1	0
           144	2024-03-27 08:44:52	1	0	1	0
           401	2024-03-27 09:13:54	1	0	1	0
           332	2024-03-27 09:36:09	1	0	1	0
           385	2024-03-27 11:40:00	1	0	1	0
           180	2024-03-27 12:01:06	1	0	1	0
           379	2024-03-27 12:01:17	1	0	1	0
            91	2024-03-27 12:01:29	1	0	1	0
           185	2024-03-27 12:02:12	1	0	1	0
           473	2024-03-27 12:02:45	1	0	1	0
           551	2024-03-27 12:03:16	1	0	15	0
            80	2024-03-27 12:03:27	1	0	1	0
           385	2024-03-27 12:10:34	1	0	1	0
           181	2024-03-27 12:11:33	1	0	1	0
           627	2024-03-27 12:17:06	1	0	1	0
           605	2024-03-27 12:19:45	1	0	1	0
           602	2024-03-27 12:19:49	1	0	1	0
           118	2024-03-27 12:20:33	1	0	1	0
           471	2024-03-27 12:20:59	1	0	1	0
            58	2024-03-27 12:23:42	1	0	1	0
           472	2024-03-27 12:25:10	1	0	1	0
           369	2024-03-27 12:28:01	1	0	1	0
            57	2024-03-27 12:28:10	1	0	1	0
            48	2024-03-27 12:28:45	1	0	1	0
           187	2024-03-27 12:28:51	1	0	1	0
           241	2024-03-27 12:49:28	1	0	1	0
           332	2024-03-27 13:07:22	1	0	1	0
           527	2024-03-27 13:10:17	1	0	1	0
           145	2024-03-27 13:12:08	1	0	1	0
           144	2024-03-27 14:51:14	1	0	1	0
           401	2024-03-27 15:12:38	1	0	1	0
           385	2024-03-27 17:31:54	1	0	1	0
           385	2024-04-01 06:05:26	1	0	1	0
            58	2024-04-01 06:33:51	1	0	1	0
           602	2024-04-01 06:48:31	1	0	1	0
           369	2024-04-01 06:58:35	1	0	1	0
           185	2024-04-01 07:18:09	1	0	1	0
            91	2024-04-01 07:18:24	1	0	1	0
           187	2024-04-01 07:26:16	1	0	1	0
           473	2024-04-01 07:29:33	1	0	1	0
           551	2024-04-01 07:32:29	1	0	15	0
            48	2024-04-01 07:32:52	1	0	1	0
           142	2024-04-01 07:34:55	1	0	1	0
           118	2024-04-01 07:35:47	1	0	1	0
           181	2024-04-01 07:38:44	1	0	1	0
           180	2024-04-01 07:41:36	1	0	1	0
           627	2024-04-01 07:42:47	1	0	1	0
           241	2024-04-01 07:45:30	1	0	1	0
           527	2024-04-01 07:46:09	1	0	1	0
           379	2024-04-01 07:53:24	1	0	1	0
            80	2024-04-01 07:55:42	1	0	1	0
           605	2024-04-01 07:57:21	1	0	1	0
           471	2024-04-01 07:57:35	1	0	1	0
           472	2024-04-01 07:57:39	1	0	1	0
            57	2024-04-01 08:00:10	1	0	1	0
           145	2024-04-01 08:36:36	1	0	1	0
           144	2024-04-01 08:57:00	1	0	1	0
           401	2024-04-01 09:12:02	1	0	1	0
           332	2024-04-01 09:19:42	1	0	1	0
           385	2024-04-01 11:36:05	1	0	1	0
           379	2024-04-01 12:00:04	1	0	1	0
           187	2024-04-01 12:02:02	1	0	1	0
            48	2024-04-01 12:02:08	1	0	1	0
            58	2024-04-01 12:02:24	1	0	1	0
           602	2024-04-01 12:02:30	1	0	1	0
           605	2024-04-01 12:02:49	1	0	1	0
           471	2024-04-01 12:03:18	1	0	1	0
           473	2024-04-01 12:03:27	1	0	1	0
           527	2024-04-01 12:04:24	1	0	1	0
           385	2024-04-01 12:04:29	1	0	1	0
            91	2024-04-01 12:04:37	1	0	1	0
           142	2024-04-01 12:05:27	1	0	1	0
           185	2024-04-01 12:06:36	1	0	1	0
           118	2024-04-01 12:07:11	1	0	1	0
           551	2024-04-01 12:07:42	1	0	15	0
            80	2024-04-01 12:07:48	1	0	1	0
           180	2024-04-01 12:10:00	1	0	1	0
           241	2024-04-01 12:15:59	1	0	1	0
           627	2024-04-01 12:17:25	1	0	1	0
           181	2024-04-01 12:19:17	1	0	1	0
           379	2024-04-01 12:20:34	1	0	1	0
           142	2024-04-01 12:20:53	1	0	1	0
            48	2024-04-01 12:23:10	1	0	1	0
           187	2024-04-01 12:23:17	1	0	1	0
            58	2024-04-01 12:23:26	1	0	1	0
            80	2024-04-01 12:25:48	1	0	1	0
           551	2024-04-01 12:25:56	1	0	15	0
           605	2024-04-01 12:26:22	1	0	1	0
           473	2024-04-01 12:27:16	1	0	1	0
           602	2024-04-01 12:28:42	1	0	1	0
           471	2024-04-01 12:28:50	1	0	1	0
           369	2024-04-01 12:31:00	1	0	1	0
           180	2024-04-01 12:34:33	1	0	1	0
           527	2024-04-01 12:34:37	1	0	1	0
           118	2024-04-01 12:34:41	1	0	1	0
            91	2024-04-01 12:35:28	1	0	1	0
           627	2024-04-01 12:38:31	1	0	1	0
           185	2024-04-01 12:42:02	1	0	1	0
           181	2024-04-01 12:42:38	1	0	1	0
           241	2024-04-01 12:42:44	1	0	1	0
            57	2024-04-01 12:49:41	1	0	1	0
           369	2024-04-01 12:56:00	1	0	1	0
           472	2024-04-01 13:00:15	1	0	1	0
           332	2024-04-01 13:03:20	1	0	1	0
           145	2024-04-01 13:19:43	1	0	1	0
           401	2024-04-01 13:19:50	1	0	1	0
           144	2024-04-01 13:22:14	1	0	1	0
           472	2024-04-01 13:23:56	1	0	1	0
           145	2024-04-01 13:41:56	1	0	1	0
           401	2024-04-01 13:42:01	1	0	1	0
           332	2024-04-01 13:45:17	1	0	1	0
            58	2024-04-01 17:00:05	1	0	1	0
           187	2024-04-01 17:00:10	1	0	1	0
            48	2024-04-01 17:00:16	1	0	1	0
           379	2024-04-01 17:01:12	1	0	1	0
            91	2024-04-01 17:01:24	1	0	1	0
           185	2024-04-01 17:01:37	1	0	1	0
            57	2024-04-01 17:02:07	1	0	1	0
            80	2024-04-01 17:03:13	1	0	1	0
           551	2024-04-01 17:03:19	1	0	1	0
           369	2024-04-01 17:05:25	1	0	1	0
           473	2024-04-01 17:06:29	1	0	1	0
           602	2024-04-01 17:06:30	1	0	1	0
           627	2024-04-01 17:07:42	1	0	1	0
           605	2024-04-01 17:08:19	1	0	1	0
           241	2024-04-01 17:10:33	1	0	1	0
           385	2024-04-01 17:12:25	1	0	1	0
           181	2024-04-01 17:16:15	1	0	1	0
           527	2024-04-01 17:17:57	1	0	1	0
           118	2024-04-01 17:22:17	1	0	1	0
           180	2024-04-01 17:23:59	1	0	1	0
           142	2024-04-01 17:25:09	1	0	1	0
           472	2024-04-01 18:01:20	1	0	1	0
           471	2024-04-01 18:01:25	1	0	1	0
           145	2024-04-01 18:15:26	1	0	1	0
           332	2024-04-01 18:21:28	1	0	1	0
           401	2024-04-01 18:29:44	1	0	1	0
           144	2024-04-01 18:56:27	1	0	1	0
           385	2024-04-02 06:15:09	1	0	1	0
            58	2024-04-02 06:36:29	1	0	1	0
           187	2024-04-02 06:57:11	1	0	1	0
           185	2024-04-02 07:15:57	1	0	1	0
            91	2024-04-02 07:18:58	1	0	1	0
           473	2024-04-02 07:22:37	1	0	1	0
           118	2024-04-02 07:31:14	1	0	1	0
           379	2024-04-02 07:32:24	1	0	1	0
           369	2024-04-02 07:32:38	1	0	1	0
           241	2024-04-02 07:37:24	1	0	1	0
           627	2024-04-02 07:38:46	1	0	1	0
           602	2024-04-02 07:45:06	1	0	1	0
           142	2024-04-02 07:45:12	1	0	1	0
           551	2024-04-02 07:51:58	1	0	15	0
           181	2024-04-02 07:54:27	1	0	1	0
           527	2024-04-02 07:55:31	1	0	1	0
            57	2024-04-02 07:56:20	1	0	1	0
            80	2024-04-02 07:58:25	1	0	1	0
           180	2024-04-02 07:59:52	1	0	1	0
           145	2024-04-02 08:28:50	1	0	1	0
           472	2024-04-02 08:48:22	1	0	1	0
           144	2024-04-02 09:50:20	1	0	1	0
           332	2024-04-02 10:33:14	1	0	1	0
           385	2024-04-02 11:32:08	1	0	1	0
            58	2024-04-02 12:00:06	1	0	1	0
           379	2024-04-02 12:01:32	1	0	1	0
           180	2024-04-02 12:02:22	1	0	1	0
           385	2024-04-02 12:02:28	1	0	1	0
           241	2024-04-02 12:04:48	1	0	1	0
           627	2024-04-02 12:07:00	1	0	1	0
            80	2024-04-02 12:07:08	1	0	1	0
           551	2024-04-02 12:07:16	1	0	15	0
           527	2024-04-02 12:07:24	1	0	1	0
            91	2024-04-02 12:09:21	1	0	1	0
           369	2024-04-02 12:10:41	1	0	1	0
            48	2024-04-02 12:10:46	1	0	1	0
           187	2024-04-02 12:10:53	1	0	1	0
           471	2024-04-02 12:11:02	1	0	1	0
           473	2024-04-02 12:11:19	1	0	1	0
           142	2024-04-02 12:15:26	1	0	1	0
           181	2024-04-02 12:19:11	1	0	1	0
           185	2024-04-02 12:19:15	1	0	1	0
           379	2024-04-02 12:20:38	1	0	1	0
           118	2024-04-02 12:24:33	1	0	1	0
           602	2024-04-02 12:25:18	1	0	1	0
           241	2024-04-02 12:25:24	1	0	1	0
            48	2024-04-02 12:26:06	1	0	1	0
           187	2024-04-02 12:26:14	1	0	1	0
            57	2024-04-02 12:27:16	1	0	1	0
           180	2024-04-02 12:27:21	1	0	1	0
           471	2024-04-02 12:30:08	1	0	1	0
           369	2024-04-02 12:33:07	1	0	1	0
           527	2024-04-02 12:37:47	1	0	1	0
            58	2024-04-02 12:43:21	1	0	1	0
            80	2024-04-02 12:45:21	1	0	1	0
           551	2024-04-02 12:45:30	1	0	15	0
           627	2024-04-02 12:47:22	1	0	1	0
            91	2024-04-02 12:48:59	1	0	1	0
           185	2024-04-02 12:49:04	1	0	1	0
           181	2024-04-02 12:49:54	1	0	1	0
            57	2024-04-02 12:50:42	1	0	1	0
           118	2024-04-02 12:50:59	1	0	1	0
           473	2024-04-02 12:51:08	1	0	1	0
           602	2024-04-02 12:51:15	1	0	1	0
           142	2024-04-02 12:59:07	1	0	1	0
           472	2024-04-02 13:00:41	1	0	1	0
           332	2024-04-02 13:00:47	1	0	1	0
           332	2024-04-02 13:16:06	1	0	1	0
           145	2024-04-02 13:21:00	1	0	1	0
           144	2024-04-02 13:25:50	1	0	1	0
           472	2024-04-02 13:35:45	1	0	1	0
           145	2024-04-02 13:57:08	1	0	1	0
           144	2024-04-02 13:57:40	1	0	1	0
            57	2024-04-02 17:00:10	1	0	1	0
            48	2024-04-02 17:00:19	1	0	1	0
            58	2024-04-02 17:00:27	1	0	1	0
           187	2024-04-02 17:01:04	1	0	1	0
           473	2024-04-02 17:01:57	1	0	1	0
           369	2024-04-02 17:03:01	1	0	1	0
            80	2024-04-02 17:04:07	1	0	1	0
           551	2024-04-02 17:04:12	1	0	15	0
           241	2024-04-02 17:05:38	1	0	1	0
           379	2024-04-02 17:09:25	1	0	1	0
           181	2024-04-02 17:12:13	1	0	1	0
           142	2024-04-02 17:23:02	1	0	1	0
           118	2024-04-02 17:23:38	1	0	1	0
           602	2024-04-02 17:27:47	1	0	1	0
           527	2024-04-02 17:29:07	1	0	1	0
           180	2024-04-02 17:32:37	1	0	1	0
            91	2024-04-02 17:43:18	1	0	1	0
           385	2024-04-02 17:57:26	1	0	1	0
           471	2024-04-02 18:02:21	1	0	1	0
           472	2024-04-02 18:04:38	1	0	1	0
           145	2024-04-02 18:05:57	1	0	1	0
           627	2024-04-02 18:24:03	1	0	1	0
           332	2024-04-02 18:36:20	1	0	1	0
           144	2024-04-02 19:14:41	1	0	1	0
           385	2024-04-03 06:11:24	1	0	1	0
            58	2024-04-03 06:33:09	1	0	1	0
           473	2024-04-03 07:06:25	1	0	1	0
           187	2024-04-03 07:07:56	1	0	1	0
            48	2024-04-03 07:15:25	1	0	1	0
           527	2024-04-03 07:21:21	1	0	1	0
            91	2024-04-03 07:22:02	1	0	1	0
           185	2024-04-03 07:23:12	1	0	1	0
           369	2024-04-03 07:24:44	1	0	1	0
           118	2024-04-03 07:31:11	1	0	1	0
           551	2024-04-03 07:38:01	1	0	15	0
           602	2024-04-03 07:40:44	1	0	1	0
           241	2024-04-03 07:43:10	1	0	1	0
           142	2024-04-03 07:47:43	1	0	1	0
           605	2024-04-03 07:49:05	1	0	1	0
           472	2024-04-03 07:51:37	1	0	1	0
           471	2024-04-03 07:52:00	1	0	1	0
            57	2024-04-03 07:52:36	1	0	1	0
           181	2024-04-03 07:56:38	1	0	1	0
           180	2024-04-03 07:58:41	1	0	1	0
            80	2024-04-03 08:01:15	1	0	1	0
           379	2024-04-03 08:02:45	1	0	1	0
           627	2024-04-03 08:06:27	1	0	1	0
           401	2024-04-03 08:13:22	1	0	1	0
           145	2024-04-03 08:22:31	1	0	1	0
           144	2024-04-03 09:27:29	1	0	1	0
           332	2024-04-03 10:57:36	1	0	1	0
           385	2024-04-03 11:44:03	1	0	1	0
           118	2024-04-03 12:00:24	1	0	1	0
            91	2024-04-03 12:01:05	1	0	1	0
           385	2024-04-03 12:01:13	1	0	1	0
           180	2024-04-03 12:01:25	1	0	1	0
           473	2024-04-03 12:01:30	1	0	1	0
           602	2024-04-03 12:01:58	1	0	1	0
           605	2024-04-03 12:02:10	1	0	1	0
           142	2024-04-03 12:03:52	1	0	1	0
           471	2024-04-03 12:03:58	1	0	1	0
           379	2024-04-03 12:04:51	1	0	1	0
           185	2024-04-03 12:06:59	1	0	1	0
            57	2024-04-03 12:07:29	1	0	1	0
           527	2024-04-03 12:08:56	1	0	1	0
            58	2024-04-03 12:09:12	1	0	1	0
           627	2024-04-03 12:09:51	1	0	1	0
           241	2024-04-03 12:09:55	1	0	1	0
            48	2024-04-03 12:10:12	1	0	1	0
           187	2024-04-03 12:10:18	1	0	1	0
           369	2024-04-03 12:12:38	1	0	1	0
           551	2024-04-03 12:17:38	1	0	15	0
            80	2024-04-03 12:17:44	1	0	1	0
           118	2024-04-03 12:18:13	1	0	1	0
           473	2024-04-03 12:18:33	1	0	1	0
           181	2024-04-03 12:21:33	1	0	1	0
           379	2024-04-03 12:23:00	1	0	1	0
            57	2024-04-03 12:24:03	1	0	1	0
           187	2024-04-03 12:25:21	1	0	1	0
            58	2024-04-03 12:25:44	1	0	1	0
            80	2024-04-03 12:32:47	1	0	1	0
           551	2024-04-03 12:33:01	1	0	15	0
           605	2024-04-03 12:34:11	1	0	1	0
           241	2024-04-03 12:35:36	1	0	1	0
           602	2024-04-03 12:36:21	1	0	1	0
            91	2024-04-03 12:37:58	1	0	1	0
           627	2024-04-03 12:40:41	1	0	1	0
           471	2024-04-03 12:42:10	1	0	1	0
           527	2024-04-03 12:46:49	1	0	1	0
           180	2024-04-03 12:53:03	1	0	1	0
           181	2024-04-03 12:53:06	1	0	1	0
           142	2024-04-03 12:54:52	1	0	1	0
           145	2024-04-03 13:15:59	1	0	1	0
           401	2024-04-03 13:16:06	1	0	1	0
           332	2024-04-03 13:16:41	1	0	1	0
           472	2024-04-03 13:19:18	1	0	1	0
           144	2024-04-03 13:24:37	1	0	1	0
           332	2024-04-03 13:36:16	1	0	1	0
           144	2024-04-03 13:44:16	1	0	1	0
           145	2024-04-03 13:48:27	1	0	1	0
           401	2024-04-03 13:48:32	1	0	1	0
            57	2024-04-03 17:00:54	1	0	1	0
           369	2024-04-03 17:01:28	1	0	1	0
            58	2024-04-03 17:01:41	1	0	1	0
           551	2024-04-03 17:01:53	1	0	15	0
            80	2024-04-03 17:02:08	1	0	1	0
            48	2024-04-03 17:02:44	1	0	1	0
           187	2024-04-03 17:04:04	1	0	1	0
           379	2024-04-03 17:10:26	1	0	1	0
           142	2024-04-03 17:13:32	1	0	1	0
           180	2024-04-03 17:14:13	1	0	1	0
           605	2024-04-03 17:17:51	1	0	1	0
           473	2024-04-03 17:17:54	1	0	1	0
           602	2024-04-03 17:18:30	1	0	1	0
           527	2024-04-03 17:22:43	1	0	1	0
           181	2024-04-03 17:23:38	1	0	1	0
           241	2024-04-03 17:35:57	1	0	1	0
           185	2024-04-03 17:36:45	1	0	1	0
           118	2024-04-03 17:47:25	1	0	1	0
            91	2024-04-03 17:59:56	1	0	1	0
           471	2024-04-03 18:00:28	1	0	1	0
           472	2024-04-03 18:01:02	1	0	1	0
           145	2024-04-03 18:04:00	1	0	1	0
           332	2024-04-03 18:07:12	1	0	1	0
           401	2024-04-03 18:10:25	1	0	1	0
           385	2024-04-03 18:25:36	1	0	1	0
           627	2024-04-03 18:36:31	1	0	1	0
           144	2024-04-03 19:10:54	1	0	1	0
           241	2024-04-04 04:51:13	1	0	1	0
           627	2024-04-04 05:24:25	1	0	1	0
           185	2024-04-04 05:43:33	1	0	1	0
            91	2024-04-04 05:45:15	1	0	1	0
           385	2024-04-04 05:46:16	1	0	1	0
           527	2024-04-04 06:02:57	1	0	1	0
           473	2024-04-04 07:12:42	1	0	1	0
           551	2024-04-04 07:37:58	1	0	15	0
           118	2024-04-04 07:38:43	1	0	1	0
           602	2024-04-04 07:44:03	1	0	1	0
           379	2024-04-04 07:47:22	1	0	1	0
           605	2024-04-04 07:48:25	1	0	1	0
           180	2024-04-04 07:53:40	1	0	1	0
            80	2024-04-04 07:56:13	1	0	1	0
           471	2024-04-04 07:59:30	1	0	1	0
           472	2024-04-04 07:59:41	1	0	1	0
           181	2024-04-04 08:02:08	1	0	1	0
            57	2024-04-04 08:10:57	1	0	1	0
           385	2024-04-04 11:35:30	1	0	1	0
            80	2024-04-04 12:00:06	1	0	1	0
           551	2024-04-04 12:00:16	1	0	15	0
           527	2024-04-04 12:01:48	1	0	1	0
           385	2024-04-04 12:03:18	1	0	1	0
           180	2024-04-04 12:04:45	1	0	1	0
           627	2024-04-04 12:05:15	1	0	1	0
           471	2024-04-04 12:05:34	1	0	1	0
           473	2024-04-04 12:05:38	1	0	1	0
           602	2024-04-04 12:12:52	1	0	1	0
           605	2024-04-04 12:12:57	1	0	1	0
           379	2024-04-04 12:27:55	1	0	1	0
           181	2024-04-04 12:28:05	1	0	1	0
           185	2024-04-04 12:28:21	1	0	1	0
           471	2024-04-04 12:28:30	1	0	1	0
           118	2024-04-04 12:28:33	1	0	1	0
            91	2024-04-04 12:28:56	1	0	1	0
           241	2024-04-04 12:30:44	1	0	1	0
            57	2024-04-04 12:33:20	1	0	1	0
           527	2024-04-04 12:34:10	1	0	1	0
            80	2024-04-04 12:38:46	1	0	1	0
           551	2024-04-04 12:38:52	1	0	15	0
           627	2024-04-04 12:39:38	1	0	1	0
           602	2024-04-04 12:40:06	1	0	1	0
           473	2024-04-04 12:40:17	1	0	1	0
           379	2024-04-04 12:46:46	1	0	1	0
           241	2024-04-04 12:46:49	1	0	1	0
           180	2024-04-04 12:48:53	1	0	1	0
           605	2024-04-04 12:49:16	1	0	1	0
           118	2024-04-04 12:50:31	1	0	1	0
            91	2024-04-04 12:56:55	1	0	1	0
           185	2024-04-04 12:57:27	1	0	1	0
           181	2024-04-04 12:58:54	1	0	1	0
           472	2024-04-04 13:00:10	1	0	1	0
           472	2024-04-04 13:41:06	1	0	1	0
           379	2024-04-04 17:01:19	1	0	1	0
            80	2024-04-04 17:01:24	1	0	1	0
           551	2024-04-04 17:01:32	1	0	15	0
           118	2024-04-04 17:23:57	1	0	1	0
            57	2024-04-04 17:29:44	1	0	1	0
           527	2024-04-04 17:34:57	1	0	1	0
           602	2024-04-04 18:04:06	1	0	1	0
           605	2024-04-04 18:04:10	1	0	1	0
           471	2024-04-04 18:04:15	1	0	1	0
           472	2024-04-04 18:08:24	1	0	1	0
           473	2024-04-04 18:08:36	1	0	1	0
           180	2024-04-04 18:20:53	1	0	1	0
            91	2024-04-04 18:49:18	1	0	1	0
           181	2024-04-04 19:20:45	1	0	1	0
           385	2024-04-04 19:40:10	1	0	1	0
           627	2024-04-04 19:45:29	1	0	1	0
           241	2024-04-04 19:45:53	1	0	1	0
           385	2024-04-05 04:33:58	1	0	1	0
           527	2024-04-05 05:59:41	1	0	1	0
           185	2024-04-05 06:18:46	1	0	1	0
            91	2024-04-05 06:18:59	1	0	1	0
           181	2024-04-05 06:49:54	1	0	1	0
           627	2024-04-05 06:52:34	1	0	1	0
           241	2024-04-05 06:54:14	1	0	1	0
           473	2024-04-05 07:17:14	1	0	1	0
           605	2024-04-05 07:31:51	1	0	1	0
           118	2024-04-05 07:33:52	1	0	1	0
           379	2024-04-05 07:35:57	1	0	1	0
           602	2024-04-05 07:42:02	1	0	1	0
           551	2024-04-05 07:48:43	1	0	15	0
            80	2024-04-05 07:55:17	1	0	1	0
           180	2024-04-05 07:56:10	1	0	1	0
            57	2024-04-05 07:59:37	1	0	1	0
           472	2024-04-05 08:08:47	1	0	1	0
           385	2024-04-05 11:36:06	1	0	1	0
           602	2024-04-05 12:00:42	1	0	1	0
           385	2024-04-05 12:00:49	1	0	1	0
            80	2024-04-05 12:01:09	1	0	1	0
           551	2024-04-05 12:01:16	1	0	15	0
           473	2024-04-05 12:01:24	1	0	1	0
           605	2024-04-05 12:01:53	1	0	1	0
           527	2024-04-05 12:02:25	1	0	1	0
           379	2024-04-05 12:05:44	1	0	1	0
           471	2024-04-05 12:06:25	1	0	1	0
            91	2024-04-05 12:13:21	1	0	1	0
           180	2024-04-05 12:21:32	1	0	1	0
           627	2024-04-05 12:21:38	1	0	1	0
           471	2024-04-05 12:22:04	1	0	1	0
           379	2024-04-05 12:30:52	1	0	1	0
           241	2024-04-05 12:32:05	1	0	1	0
            80	2024-04-05 12:41:44	1	0	1	0
           551	2024-04-05 12:41:48	1	0	15	0
           605	2024-04-05 12:43:28	1	0	1	0
           602	2024-04-05 12:47:01	1	0	1	0
           473	2024-04-05 12:47:16	1	0	1	0
            91	2024-04-05 12:50:45	1	0	1	0
           527	2024-04-05 12:50:49	1	0	1	0
           241	2024-04-05 12:52:37	1	0	1	0
           627	2024-04-05 12:53:38	1	0	1	0
           180	2024-04-05 12:55:03	1	0	1	0
           472	2024-04-05 13:05:34	1	0	1	0
           472	2024-04-05 13:25:11	1	0	1	0
            57	2024-04-05 17:02:19	1	0	1	0
           473	2024-04-05 17:02:50	1	0	1	0
           605	2024-04-05 17:02:53	1	0	1	0
           602	2024-04-05 17:03:21	1	0	1	0
           551	2024-04-05 17:07:02	1	0	15	0
           241	2024-04-05 17:21:56	1	0	1	0
            80	2024-04-05 17:24:20	1	0	1	0
           379	2024-04-05 17:32:04	1	0	1	0
           181	2024-04-05 17:33:15	1	0	1	0
           118	2024-04-05 17:40:11	1	0	1	0
           627	2024-04-05 17:41:55	1	0	1	0
           527	2024-04-05 17:44:12	1	0	1	0
           185	2024-04-05 17:49:09	1	0	1	0
            91	2024-04-05 17:49:40	1	0	1	0
           180	2024-04-05 17:54:49	1	0	1	0
           471	2024-04-05 18:02:34	1	0	1	0
           472	2024-04-05 18:02:51	1	0	1	0
           385	2024-04-05 19:57:14	1	0	1	0
           385	2024-04-08 05:58:03	1	0	1	0
            58	2024-04-08 06:51:06	1	0	1	0
           602	2024-04-08 06:54:16	1	0	1	0
           473	2024-04-08 07:19:09	1	0	1	0
           185	2024-04-08 07:31:48	1	0	1	0
           181	2024-04-08 07:33:32	1	0	1	0
            91	2024-04-08 07:33:48	1	0	1	0
           627	2024-04-08 07:35:11	1	0	1	0
           241	2024-04-08 07:40:35	1	0	1	0
           145	2024-04-08 07:40:52	1	0	1	0
           118	2024-04-08 07:42:03	1	0	1	0
           369	2024-04-08 07:47:04	1	0	1	0
           551	2024-04-08 07:47:44	1	0	15	0
           187	2024-04-08 07:50:05	1	0	1	0
           379	2024-04-08 07:50:43	1	0	1	0
           472	2024-04-08 07:54:43	1	0	1	0
           471	2024-04-08 07:55:15	1	0	1	0
           605	2024-04-08 07:56:01	1	0	1	0
            57	2024-04-08 07:56:15	1	0	1	0
            48	2024-04-08 07:56:21	1	0	1	0
            80	2024-04-08 07:57:30	1	0	1	0
           142	2024-04-08 07:57:56	1	0	1	0
           401	2024-04-08 08:37:36	1	0	1	0
           332	2024-04-08 08:40:28	1	0	1	0
           385	2024-04-08 11:50:57	1	0	1	0
           118	2024-04-08 12:00:11	1	0	1	0
           471	2024-04-08 12:00:16	1	0	1	0
           142	2024-04-08 12:00:22	1	0	1	0
            48	2024-04-08 12:00:27	1	0	1	0
           187	2024-04-08 12:00:33	1	0	1	0
            58	2024-04-08 12:00:39	1	0	1	0
           473	2024-04-08 12:00:45	1	0	1	0
           379	2024-04-08 12:00:51	1	0	1	0
           605	2024-04-08 12:01:02	1	0	1	0
           602	2024-04-08 12:01:15	1	0	1	0
           181	2024-04-08 12:01:37	1	0	1	0
           185	2024-04-08 12:02:40	1	0	1	0
            80	2024-04-08 12:03:13	1	0	1	0
           551	2024-04-08 12:03:25	1	0	15	0
           627	2024-04-08 12:03:34	1	0	1	0
           369	2024-04-08 12:04:23	1	0	1	0
           180	2024-04-08 12:12:47	1	0	1	0
           471	2024-04-08 12:18:25	1	0	1	0
           118	2024-04-08 12:18:44	1	0	1	0
           379	2024-04-08 12:19:20	1	0	1	0
            80	2024-04-08 12:22:28	1	0	1	0
           473	2024-04-08 12:23:01	1	0	1	0
           181	2024-04-08 12:23:03	1	0	1	0
           627	2024-04-08 12:23:09	1	0	1	0
           551	2024-04-08 12:23:26	1	0	15	0
           241	2024-04-08 12:24:43	1	0	1	0
           185	2024-04-08 12:27:13	1	0	1	0
            48	2024-04-08 12:35:19	1	0	1	0
           602	2024-04-08 12:35:26	1	0	1	0
           605	2024-04-08 12:35:29	1	0	1	0
           187	2024-04-08 12:35:40	1	0	1	0
            58	2024-04-08 12:35:46	1	0	1	0
           369	2024-04-08 12:38:52	1	0	1	0
           180	2024-04-08 12:43:21	1	0	1	0
            57	2024-04-08 12:45:47	1	0	1	0
           241	2024-04-08 12:47:45	1	0	1	0
           142	2024-04-08 12:59:16	1	0	1	0
           332	2024-04-08 13:04:59	1	0	1	0
           145	2024-04-08 13:11:48	1	0	1	0
           401	2024-04-08 13:11:54	1	0	1	0
           472	2024-04-08 13:18:14	1	0	1	0
           145	2024-04-08 13:28:45	1	0	1	0
           401	2024-04-08 13:28:56	1	0	1	0
           472	2024-04-08 13:50:00	1	0	1	0
           332	2024-04-08 13:51:15	1	0	1	0
            48	2024-04-08 17:01:24	1	0	1	0
            58	2024-04-08 17:01:32	1	0	1	0
           187	2024-04-08 17:01:52	1	0	1	0
           369	2024-04-08 17:02:21	1	0	1	0
            57	2024-04-08 17:04:03	1	0	1	0
           142	2024-04-08 17:07:25	1	0	1	0
           379	2024-04-08 17:09:57	1	0	1	0
            80	2024-04-08 17:13:47	1	0	1	0
           181	2024-04-08 17:22:37	1	0	1	0
           551	2024-04-08 17:24:01	1	0	15	0
            91	2024-04-08 17:24:33	1	0	1	0
           627	2024-04-08 17:24:39	1	0	1	0
           385	2024-04-08 17:24:45	1	0	1	0
           241	2024-04-08 17:25:01	1	0	1	0
           185	2024-04-08 17:26:31	1	0	1	0
           180	2024-04-08 17:26:49	1	0	1	0
           602	2024-04-08 17:53:28	1	0	1	0
           472	2024-04-08 18:01:30	1	0	1	0
           118	2024-04-08 18:01:51	1	0	1	0
           471	2024-04-08 18:02:26	1	0	1	0
           473	2024-04-08 18:02:34	1	0	1	0
           145	2024-04-08 18:07:11	1	0	1	0
           332	2024-04-08 18:08:11	1	0	1	0
           401	2024-04-08 18:26:48	1	0	1	0
           473	2024-04-09 07:53:31	1	0	1	0
           473	2024-04-09 17:00:37	1	0	1	0
           602	2024-04-10 07:27:04	1	0	1	0
           473	2024-04-10 07:38:04	1	0	1	0
           471	2024-04-10 07:38:17	1	0	1	0
           473	2024-04-10 12:07:31	1	0	1	0
           471	2024-04-10 12:09:49	1	0	1	0
           602	2024-04-10 12:09:55	1	0	1	0
           471	2024-04-10 12:46:51	1	0	1	0
           473	2024-04-10 12:46:56	1	0	1	0
           602	2024-04-10 12:47:12	1	0	1	0
           471	2024-04-10 17:06:25	1	0	1	0
           473	2024-04-10 17:07:57	1	0	1	0
           385	2024-04-11 05:52:14	1	0	1	0
            58	2024-04-11 06:42:57	1	0	1	0
           473	2024-04-11 06:58:16	1	0	1	0
           602	2024-04-11 07:06:39	1	0	1	0
           185	2024-04-11 07:12:43	1	0	1	0
            91	2024-04-11 07:14:23	1	0	1	0
           118	2024-04-11 07:19:29	1	0	1	0
            48	2024-04-11 07:25:12	1	0	1	0
           379	2024-04-11 07:34:52	1	0	1	0
           241	2024-04-11 07:35:10	1	0	1	0
           605	2024-04-11 07:40:13	1	0	1	0
           471	2024-04-11 07:40:22	1	0	1	0
           551	2024-04-11 07:45:35	1	0	15	0
           527	2024-04-11 07:45:46	1	0	1	0
           142	2024-04-11 07:47:45	1	0	1	0
           181	2024-04-11 07:51:06	1	0	1	0
           180	2024-04-11 07:56:43	1	0	1	0
           627	2024-04-11 07:57:14	1	0	1	0
            80	2024-04-11 07:59:21	1	0	1	0
           369	2024-04-11 07:59:30	1	0	1	0
            57	2024-04-11 08:01:59	1	0	1	0
           187	2024-04-11 08:03:41	1	0	1	0
           145	2024-04-11 08:15:55	1	0	1	0
           401	2024-04-11 08:49:14	1	0	1	0
           144	2024-04-11 10:11:07	1	0	1	0
           385	2024-04-11 11:49:11	1	0	1	0
           379	2024-04-11 12:01:03	1	0	1	0
            58	2024-04-11 12:01:22	1	0	1	0
            48	2024-04-11 12:01:29	1	0	1	0
           527	2024-04-11 12:02:52	1	0	1	0
            80	2024-04-11 12:04:25	1	0	1	0
           187	2024-04-11 12:07:24	1	0	1	0
            91	2024-04-11 12:09:38	1	0	1	0
           185	2024-04-11 12:09:49	1	0	1	0
           627	2024-04-11 12:09:54	1	0	1	0
           385	2024-04-11 12:10:01	1	0	1	0
           473	2024-04-11 12:10:07	1	0	1	0
           142	2024-04-11 12:10:20	1	0	1	0
           471	2024-04-11 12:10:27	1	0	1	0
           602	2024-04-11 12:10:29	1	0	1	0
           605	2024-04-11 12:10:37	1	0	1	0
           241	2024-04-11 12:11:30	1	0	1	0
           181	2024-04-11 12:14:22	1	0	1	0
           180	2024-04-11 12:16:22	1	0	1	0
           118	2024-04-11 12:21:18	1	0	1	0
           627	2024-04-11 12:25:13	1	0	1	0
           187	2024-04-11 12:26:52	1	0	1	0
            48	2024-04-11 12:27:05	1	0	1	0
            58	2024-04-11 12:27:11	1	0	1	0
           471	2024-04-11 12:27:30	1	0	1	0
            57	2024-04-11 12:37:37	1	0	1	0
           473	2024-04-11 12:39:25	1	0	1	0
           180	2024-04-11 12:40:59	1	0	1	0
           185	2024-04-11 12:41:06	1	0	1	0
           181	2024-04-11 12:43:30	1	0	1	0
           241	2024-04-11 12:43:36	1	0	1	0
           527	2024-04-11 12:43:49	1	0	1	0
           605	2024-04-11 12:45:23	1	0	1	0
           379	2024-04-11 12:47:33	1	0	1	0
           142	2024-04-11 12:49:29	1	0	1	0
            91	2024-04-11 12:52:18	1	0	1	0
           118	2024-04-11 12:59:04	1	0	1	0
           602	2024-04-11 12:59:10	1	0	1	0
           472	2024-04-11 13:08:07	1	0	1	0
           144	2024-04-11 13:14:51	1	0	1	0
           401	2024-04-11 13:15:05	1	0	1	0
           472	2024-04-11 13:33:58	1	0	1	0
           144	2024-04-11 13:37:58	1	0	1	0
           401	2024-04-11 13:58:49	1	0	1	0
           551	2024-04-11 14:40:50	1	0	15	0
           187	2024-04-11 17:00:06	1	0	1	0
            58	2024-04-11 17:00:11	1	0	1	0
            57	2024-04-11 17:00:23	1	0	1	0
            48	2024-04-11 17:00:34	1	0	1	0
           527	2024-04-11 17:05:17	1	0	1	0
           180	2024-04-11 17:16:28	1	0	1	0
           627	2024-04-11 17:16:48	1	0	1	0
           241	2024-04-11 17:16:50	1	0	1	0
           181	2024-04-11 17:21:37	1	0	1	0
           379	2024-04-11 17:27:30	1	0	1	0
           385	2024-04-11 17:31:01	1	0	1	0
            80	2024-04-11 17:31:25	1	0	1	0
            91	2024-04-11 17:35:23	1	0	1	0
           605	2024-04-11 17:35:44	1	0	1	0
           471	2024-04-11 17:35:48	1	0	1	0
           142	2024-04-11 17:38:20	1	0	1	0
           473	2024-04-11 17:40:41	1	0	1	0
           602	2024-04-11 17:40:49	1	0	1	0
           118	2024-04-11 17:47:25	1	0	1	0
           185	2024-04-11 17:49:40	1	0	1	0
           472	2024-04-11 18:00:05	1	0	1	0
           145	2024-04-11 18:03:32	1	0	1	0
           401	2024-04-11 18:13:12	1	0	1	0
           144	2024-04-11 18:30:27	1	0	1	0
           385	2024-04-12 06:14:18	1	0	1	0
           473	2024-04-12 06:51:42	1	0	1	0
           471	2024-04-12 07:03:15	1	0	1	0
           185	2024-04-12 07:14:27	1	0	1	0
            91	2024-04-12 07:15:57	1	0	1	0
            58	2024-04-12 07:17:11	1	0	1	0
           602	2024-04-12 07:18:08	1	0	1	0
           472	2024-04-12 07:19:45	1	0	1	0
           627	2024-04-12 07:20:03	1	0	1	0
           118	2024-04-12 07:29:51	1	0	1	0
           605	2024-04-12 07:29:56	1	0	1	0
           241	2024-04-12 07:36:27	1	0	1	0
           145	2024-04-12 07:40:56	1	0	1	0
           551	2024-04-12 07:41:39	1	0	15	0
           142	2024-04-12 07:43:57	1	0	1	0
            48	2024-04-12 07:44:09	1	0	1	0
           180	2024-04-12 07:48:00	1	0	1	0
           379	2024-04-12 07:52:30	1	0	1	0
           187	2024-04-12 07:55:36	1	0	1	0
           181	2024-04-12 07:56:58	1	0	1	0
           527	2024-04-12 07:58:27	1	0	1	0
            57	2024-04-12 07:59:58	1	0	1	0
            80	2024-04-12 08:01:06	1	0	1	0
           332	2024-04-12 08:02:11	1	0	1	0
           369	2024-04-12 08:03:52	1	0	1	0
           401	2024-04-12 08:56:26	1	0	1	0
           144	2024-04-12 09:59:12	1	0	1	0
           181	2024-04-12 11:59:19	1	0	1	0
           385	2024-04-12 11:59:36	1	0	1	0
           471	2024-04-12 12:00:05	1	0	1	0
           379	2024-04-12 12:00:44	1	0	1	0
           185	2024-04-12 12:01:02	1	0	1	0
           180	2024-04-12 12:01:10	1	0	1	0
           118	2024-04-12 12:01:16	1	0	1	0
           527	2024-04-12 12:01:25	1	0	1	0
            48	2024-04-12 12:02:32	1	0	1	0
           187	2024-04-12 12:02:37	1	0	1	0
            58	2024-04-12 12:02:49	1	0	1	0
           602	2024-04-12 12:03:10	1	0	1	0
           605	2024-04-12 12:03:27	1	0	1	0
           473	2024-04-12 12:03:37	1	0	1	0
           551	2024-04-12 12:03:51	1	0	15	0
            80	2024-04-12 12:03:58	1	0	1	0
           627	2024-04-12 12:05:31	1	0	1	0
            91	2024-04-12 12:07:05	1	0	1	0
           142	2024-04-12 12:07:49	1	0	1	0
           471	2024-04-12 12:17:02	1	0	1	0
            48	2024-04-12 12:18:25	1	0	1	0
           473	2024-04-12 12:19:11	1	0	1	0
            80	2024-04-12 12:19:35	1	0	1	0
           551	2024-04-12 12:19:43	1	0	15	0
           187	2024-04-12 12:21:28	1	0	1	0
            58	2024-04-12 12:21:36	1	0	1	0
           118	2024-04-12 12:27:20	1	0	1	0
           602	2024-04-12 12:27:23	1	0	1	0
           605	2024-04-12 12:27:36	1	0	1	0
            91	2024-04-12 12:30:51	1	0	1	0
            57	2024-04-12 12:39:19	1	0	1	0
           180	2024-04-12 12:40:27	1	0	1	0
           385	2024-04-12 12:40:31	1	0	1	0
           185	2024-04-12 12:40:39	1	0	1	0
           527	2024-04-12 12:40:43	1	0	1	0
           181	2024-04-12 12:40:48	1	0	1	0
           241	2024-04-12 12:44:37	1	0	1	0
           379	2024-04-12 12:47:45	1	0	1	0
           627	2024-04-12 12:52:09	1	0	1	0
           142	2024-04-12 12:52:15	1	0	1	0
            57	2024-04-12 12:57:59	1	0	1	0
           241	2024-04-12 12:59:37	1	0	1	0
           472	2024-04-12 13:01:32	1	0	1	0
           144	2024-04-12 13:07:30	1	0	1	0
           401	2024-04-12 13:29:57	1	0	1	0
           472	2024-04-12 13:34:13	1	0	1	0
           401	2024-04-12 13:56:41	1	0	1	0
           144	2024-04-12 13:56:48	1	0	1	0
            57	2024-04-12 17:00:15	1	0	1	0
            48	2024-04-12 17:00:21	1	0	1	0
            58	2024-04-12 17:00:31	1	0	1	0
           627	2024-04-12 17:02:18	1	0	1	0
            80	2024-04-12 17:03:01	1	0	1	0
           379	2024-04-12 17:03:14	1	0	1	0
           241	2024-04-12 17:06:35	1	0	1	0
           187	2024-04-12 17:06:48	1	0	1	0
           181	2024-04-12 17:13:02	1	0	1	0
           385	2024-04-12 17:13:09	1	0	1	0
           185	2024-04-12 17:14:43	1	0	1	0
           602	2024-04-12 17:19:07	1	0	1	0
           473	2024-04-12 17:19:09	1	0	1	0
           180	2024-04-12 17:23:12	1	0	1	0
           527	2024-04-12 17:33:10	1	0	1	0
            91	2024-04-12 17:45:15	1	0	1	0
           605	2024-04-12 17:49:18	1	0	1	0
           142	2024-04-12 18:06:29	1	0	1	0
           471	2024-04-12 18:06:59	1	0	1	0
           118	2024-04-12 18:07:05	1	0	1	0
           145	2024-04-12 18:07:31	1	0	1	0
           472	2024-04-12 18:07:51	1	0	1	0
           401	2024-04-12 18:11:41	1	0	1	0
           144	2024-04-12 18:41:52	1	0	1	0
           602	2024-04-13 11:39:42	1	0	1	0
           605	2024-04-13 11:39:50	1	0	1	0
           471	2024-04-13 11:40:28	1	0	1	0
           473	2024-04-13 11:54:42	1	0	1	0
           471	2024-04-13 19:44:17	1	0	1	0
           473	2024-04-13 21:16:06	1	0	1	0
           602	2024-04-13 21:16:19	1	0	1	0
           605	2024-04-13 21:16:39	1	0	1	0
           180	2024-04-15 05:22:28	1	0	1	0
           385	2024-04-15 05:57:02	1	0	1	0
            58	2024-04-15 06:43:31	1	0	1	0
           602	2024-04-15 07:07:18	1	0	1	0
            48	2024-04-15 07:17:14	1	0	1	0
           473	2024-04-15 07:27:13	1	0	1	0
            91	2024-04-15 07:28:15	1	0	1	0
           185	2024-04-15 07:29:16	1	0	1	0
           527	2024-04-15 07:46:11	1	0	1	0
           605	2024-04-15 07:46:20	1	0	1	0
           241	2024-04-15 07:51:51	1	0	1	0
           118	2024-04-15 07:52:18	1	0	1	0
            80	2024-04-15 07:52:24	1	0	1	0
           471	2024-04-15 07:54:34	1	0	1	0
           551	2024-04-15 07:55:20	1	0	15	0
           379	2024-04-15 07:56:46	1	0	1	0
            57	2024-04-15 07:58:04	1	0	1	0
           627	2024-04-15 07:58:34	1	0	1	0
           369	2024-04-15 08:01:41	1	0	1	0
           145	2024-04-15 08:02:09	1	0	1	0
           401	2024-04-15 08:03:51	1	0	1	0
           332	2024-04-15 09:36:23	1	0	1	0
           144	2024-04-15 09:48:40	1	0	1	0
           385	2024-04-15 11:36:11	1	0	1	0
           471	2024-04-15 12:00:06	1	0	1	0
           379	2024-04-15 12:01:13	1	0	1	0
           605	2024-04-15 12:01:38	1	0	1	0
            80	2024-04-15 12:02:09	1	0	1	0
           551	2024-04-15 12:02:15	1	0	15	0
            48	2024-04-15 12:02:28	1	0	1	0
           473	2024-04-15 12:02:47	1	0	1	0
            58	2024-04-15 12:02:58	1	0	1	0
            57	2024-04-15 12:03:07	1	0	1	0
           180	2024-04-15 12:03:16	1	0	1	0
           627	2024-04-15 12:03:21	1	0	1	0
           185	2024-04-15 12:03:29	1	0	1	0
           385	2024-04-15 12:03:44	1	0	1	0
           369	2024-04-15 12:04:11	1	0	1	0
           118	2024-04-15 12:08:53	1	0	1	0
           527	2024-04-15 12:09:32	1	0	1	0
           602	2024-04-15 12:11:05	1	0	1	0
           241	2024-04-15 12:12:31	1	0	1	0
            80	2024-04-15 12:17:49	1	0	1	0
           551	2024-04-15 12:18:12	1	0	15	0
            48	2024-04-15 12:18:20	1	0	1	0
            58	2024-04-15 12:18:34	1	0	1	0
            57	2024-04-15 12:19:02	1	0	1	0
            91	2024-04-15 12:21:16	1	0	1	0
           627	2024-04-15 12:21:27	1	0	1	0
           602	2024-04-15 12:30:14	1	0	1	0
           369	2024-04-15 12:31:29	1	0	1	0
           241	2024-04-15 12:33:43	1	0	1	0
           118	2024-04-15 12:37:34	1	0	1	0
           605	2024-04-15 12:37:43	1	0	1	0
           473	2024-04-15 12:38:21	1	0	1	0
           187	2024-04-15 12:45:37	1	0	1	0
           527	2024-04-15 12:50:54	1	0	1	0
            91	2024-04-15 12:53:22	1	0	1	0
           180	2024-04-15 12:53:31	1	0	1	0
           185	2024-04-15 12:54:10	1	0	1	0
           379	2024-04-15 12:54:14	1	0	1	0
           472	2024-04-15 13:03:25	1	0	1	0
           144	2024-04-15 13:06:31	1	0	1	0
           145	2024-04-15 13:13:08	1	0	1	0
           401	2024-04-15 13:13:13	1	0	1	0
           472	2024-04-15 13:23:45	1	0	1	0
           332	2024-04-15 13:35:46	1	0	1	0
           145	2024-04-15 13:47:18	1	0	1	0
           401	2024-04-15 13:47:24	1	0	1	0
           144	2024-04-15 13:49:05	1	0	1	0
           332	2024-04-15 13:50:47	1	0	1	0
           185	2024-04-15 17:01:12	1	0	1	0
           379	2024-04-15 17:01:25	1	0	1	0
           527	2024-04-15 17:01:43	1	0	1	0
            91	2024-04-15 17:02:39	1	0	1	0
            58	2024-04-15 17:03:01	1	0	1	0
            57	2024-04-15 17:03:18	1	0	1	0
           551	2024-04-15 17:03:27	1	0	15	0
            48	2024-04-15 17:03:54	1	0	1	0
           369	2024-04-15 17:08:01	1	0	1	0
           605	2024-04-15 17:11:29	1	0	1	0
           473	2024-04-15 17:12:06	1	0	1	0
           602	2024-04-15 17:13:15	1	0	1	0
           627	2024-04-15 17:14:31	1	0	1	0
           187	2024-04-15 17:17:34	1	0	1	0
           180	2024-04-15 17:20:29	1	0	1	0
           241	2024-04-15 17:24:13	1	0	1	0
           385	2024-04-15 17:24:24	1	0	1	0
           118	2024-04-15 17:26:33	1	0	1	0
           471	2024-04-15 17:52:13	1	0	1	0
           472	2024-04-15 18:00:15	1	0	1	0
           145	2024-04-15 18:07:38	1	0	1	0
           401	2024-04-15 18:14:32	1	0	1	0
           332	2024-04-15 18:15:03	1	0	1	0
            80	2024-04-15 18:16:42	1	0	1	0
           144	2024-04-15 18:49:50	1	0	1	0
           385	2024-04-16 06:14:19	1	0	1	0
            58	2024-04-16 06:39:54	1	0	1	0
            91	2024-04-16 07:06:42	1	0	1	0
           185	2024-04-16 07:09:00	1	0	1	0
           473	2024-04-16 07:27:47	1	0	1	0
           602	2024-04-16 07:37:17	1	0	1	0
           627	2024-04-16 07:39:33	1	0	1	0
           379	2024-04-16 07:43:34	1	0	1	0
           187	2024-04-16 07:45:36	1	0	1	0
           551	2024-04-16 07:49:10	1	0	15	0
           605	2024-04-16 07:54:13	1	0	1	0
           527	2024-04-16 07:55:03	1	0	1	0
           471	2024-04-16 07:55:16	1	0	1	0
           472	2024-04-16 07:55:28	1	0	1	0
           181	2024-04-16 07:56:51	1	0	1	0
           241	2024-04-16 07:57:51	1	0	1	0
           180	2024-04-16 07:59:12	1	0	1	0
            80	2024-04-16 07:59:35	1	0	1	0
            57	2024-04-16 08:03:25	1	0	1	0
           385	2024-04-16 11:40:20	1	0	1	0
           385	2024-04-16 12:00:17	1	0	1	0
           471	2024-04-16 12:00:27	1	0	1	0
           473	2024-04-16 12:01:39	1	0	1	0
           605	2024-04-16 12:01:44	1	0	1	0
           602	2024-04-16 12:01:55	1	0	1	0
            91	2024-04-16 12:02:04	1	0	1	0
           181	2024-04-16 12:02:52	1	0	1	0
           185	2024-04-16 12:03:01	1	0	1	0
           627	2024-04-16 12:03:05	1	0	1	0
           180	2024-04-16 12:03:11	1	0	1	0
           241	2024-04-16 12:03:17	1	0	1	0
           527	2024-04-16 12:03:27	1	0	1	0
           551	2024-04-16 12:06:11	1	0	15	0
           379	2024-04-16 12:09:50	1	0	1	0
           471	2024-04-16 12:18:49	1	0	1	0
           605	2024-04-16 12:22:24	1	0	1	0
           602	2024-04-16 12:31:29	1	0	1	0
           473	2024-04-16 12:32:12	1	0	1	0
           627	2024-04-16 12:33:10	1	0	1	0
            80	2024-04-16 12:37:19	1	0	1	0
           185	2024-04-16 12:37:44	1	0	1	0
           181	2024-04-16 12:37:50	1	0	1	0
            57	2024-04-16 12:40:17	1	0	1	0
           241	2024-04-16 12:40:39	1	0	1	0
           379	2024-04-16 12:41:07	1	0	1	0
            91	2024-04-16 12:42:41	1	0	1	0
           180	2024-04-16 12:48:38	1	0	1	0
           527	2024-04-16 12:52:22	1	0	1	0
            80	2024-04-16 12:54:05	1	0	1	0
           473	2024-04-16 12:54:13	1	0	1	0
           551	2024-04-16 12:54:28	1	0	15	0
            57	2024-04-16 12:56:47	1	0	1	0
           472	2024-04-16 13:19:15	1	0	1	0
           472	2024-04-16 13:54:58	1	0	1	0
            80	2024-04-16 17:02:16	1	0	1	0
           551	2024-04-16 17:02:26	1	0	15	0
           379	2024-04-16 17:03:41	1	0	1	0
            57	2024-04-16 17:04:47	1	0	1	0
           185	2024-04-16 17:13:26	1	0	1	0
           181	2024-04-16 17:13:39	1	0	1	0
           180	2024-04-16 17:13:43	1	0	1	0
           627	2024-04-16 17:14:23	1	0	1	0
           527	2024-04-16 17:14:30	1	0	1	0
            91	2024-04-16 17:16:58	1	0	1	0
           241	2024-04-16 17:20:20	1	0	1	0
           385	2024-04-16 17:34:20	1	0	1	0
           471	2024-04-16 18:02:55	1	0	1	0
           472	2024-04-16 18:02:59	1	0	1	0
           473	2024-04-16 18:03:09	1	0	1	0
           605	2024-04-16 18:03:47	1	0	1	0
           602	2024-04-16 18:06:36	1	0	1	0
           385	2024-04-17 06:01:55	1	0	1	0
            58	2024-04-17 06:48:30	1	0	1	0
           185	2024-04-17 07:19:00	1	0	1	0
            91	2024-04-17 07:21:28	1	0	1	0
           551	2024-04-17 07:23:43	1	0	15	0
           379	2024-04-17 07:31:52	1	0	1	0
           473	2024-04-17 07:33:36	1	0	1	0
           118	2024-04-17 07:36:49	1	0	1	0
           627	2024-04-17 07:39:22	1	0	1	0
           472	2024-04-17 07:48:59	1	0	1	0
           471	2024-04-17 07:50:03	1	0	1	0
           181	2024-04-17 07:50:40	1	0	1	0
           527	2024-04-17 07:51:39	1	0	1	0
           180	2024-04-17 07:52:06	1	0	1	0
            80	2024-04-17 07:55:36	1	0	1	0
           241	2024-04-17 07:56:39	1	0	1	0
           605	2024-04-17 07:59:17	1	0	1	0
            57	2024-04-17 08:03:22	1	0	1	0
            57	2024-04-17 12:00:30	1	0	1	0
           379	2024-04-17 12:01:04	1	0	1	0
           527	2024-04-17 12:01:18	1	0	1	0
            80	2024-04-17 12:02:18	1	0	1	0
           551	2024-04-17 12:02:27	1	0	15	0
           185	2024-04-17 12:04:05	1	0	1	0
           118	2024-04-17 12:04:11	1	0	1	0
           627	2024-04-17 12:05:11	1	0	1	0
            91	2024-04-17 12:06:39	1	0	1	0
           180	2024-04-17 12:06:46	1	0	1	0
           605	2024-04-17 12:06:57	1	0	1	0
           181	2024-04-17 12:07:20	1	0	1	0
           241	2024-04-17 12:07:51	1	0	1	0
           471	2024-04-17 12:08:04	1	0	1	0
           385	2024-04-17 12:12:55	1	0	1	0
           473	2024-04-17 12:16:55	1	0	1	0
           471	2024-04-17 12:28:50	1	0	1	0
           527	2024-04-17 12:29:21	1	0	1	0
            80	2024-04-17 12:43:02	1	0	1	0
           379	2024-04-17 12:43:08	1	0	1	0
           551	2024-04-17 12:43:32	1	0	15	0
           473	2024-04-17 12:43:50	1	0	1	0
           627	2024-04-17 12:45:02	1	0	1	0
           385	2024-04-17 12:45:05	1	0	1	0
           181	2024-04-17 12:45:59	1	0	1	0
            91	2024-04-17 12:46:23	1	0	1	0
           185	2024-04-17 12:46:52	1	0	1	0
           180	2024-04-17 12:47:38	1	0	1	0
           241	2024-04-17 12:48:01	1	0	1	0
           605	2024-04-17 12:48:14	1	0	1	0
           118	2024-04-17 12:50:05	1	0	1	0
           472	2024-04-17 13:05:39	1	0	1	0
           472	2024-04-17 13:34:34	1	0	1	0
           471	2024-04-17 17:00:13	1	0	1	0
            80	2024-04-17 17:01:00	1	0	1	0
           551	2024-04-17 17:01:32	1	0	15	0
           605	2024-04-17 17:04:45	1	0	1	0
           473	2024-04-17 17:05:13	1	0	1	0
           627	2024-04-17 17:06:12	1	0	1	0
           180	2024-04-17 17:06:19	1	0	1	0
           527	2024-04-17 17:06:41	1	0	1	0
           379	2024-04-17 17:07:13	1	0	1	0
           185	2024-04-17 17:13:08	1	0	1	0
           241	2024-04-17 17:14:22	1	0	1	0
            57	2024-04-17 17:16:22	1	0	1	0
           385	2024-04-17 17:25:03	1	0	1	0
           118	2024-04-17 17:28:06	1	0	1	0
            91	2024-04-17 17:28:53	1	0	1	0
           181	2024-04-17 17:49:48	1	0	1	0
           385	2024-04-18 06:02:58	1	0	1	0
            58	2024-04-18 06:42:13	1	0	1	0
           187	2024-04-18 06:52:32	1	0	1	0
           185	2024-04-18 07:13:29	1	0	1	0
            91	2024-04-18 07:14:56	1	0	1	0
            48	2024-04-18 07:22:16	1	0	1	0
           627	2024-04-18 07:22:38	1	0	1	0
           527	2024-04-18 07:24:49	1	0	1	0
           551	2024-04-18 07:34:49	1	0	15	0
           473	2024-04-18 07:37:32	1	0	1	0
           142	2024-04-18 07:38:32	1	0	1	0
           379	2024-04-18 07:41:47	1	0	1	0
           118	2024-04-18 07:45:31	1	0	1	0
           472	2024-04-18 07:45:48	1	0	1	0
           471	2024-04-18 07:46:37	1	0	1	0
           145	2024-04-18 07:46:57	1	0	1	0
           181	2024-04-18 07:51:38	1	0	1	0
            57	2024-04-18 07:55:23	1	0	1	0
           605	2024-04-18 07:55:42	1	0	1	0
           241	2024-04-18 07:57:16	1	0	1	0
            80	2024-04-18 07:58:30	1	0	1	0
           332	2024-04-18 08:03:02	1	0	1	0
           401	2024-04-18 08:35:48	1	0	1	0
            48	2024-04-18 12:01:30	1	0	1	0
           187	2024-04-18 12:01:37	1	0	1	0
            58	2024-04-18 12:01:54	1	0	1	0
           551	2024-04-18 12:02:17	1	0	15	0
           142	2024-04-18 12:02:41	1	0	1	0
           385	2024-04-18 12:03:23	1	0	1	0
           379	2024-04-18 12:05:23	1	0	1	0
           471	2024-04-18 12:06:13	1	0	1	0
           473	2024-04-18 12:07:11	1	0	1	0
           605	2024-04-18 12:07:13	1	0	1	0
            91	2024-04-18 12:07:25	1	0	1	0
           185	2024-04-18 12:07:39	1	0	1	0
           181	2024-04-18 12:07:42	1	0	1	0
            80	2024-04-18 12:08:30	1	0	1	0
            48	2024-04-18 12:19:51	1	0	1	0
            58	2024-04-18 12:20:02	1	0	1	0
           118	2024-04-18 12:23:04	1	0	1	0
            80	2024-04-18 12:28:31	1	0	1	0
           551	2024-04-18 12:28:44	1	0	15	0
            57	2024-04-18 12:29:03	1	0	1	0
           471	2024-04-18 12:33:52	1	0	1	0
           605	2024-04-18 12:33:58	1	0	1	0
           527	2024-04-18 12:34:13	1	0	1	0
           181	2024-04-18 12:38:03	1	0	1	0
           627	2024-04-18 12:41:24	1	0	1	0
           241	2024-04-18 12:41:27	1	0	1	0
           187	2024-04-18 12:42:26	1	0	1	0
           118	2024-04-18 12:46:01	1	0	1	0
           527	2024-04-18 12:51:13	1	0	1	0
           185	2024-04-18 12:53:16	1	0	1	0
            91	2024-04-18 12:53:24	1	0	1	0
           379	2024-04-18 12:55:25	1	0	1	0
           385	2024-04-18 12:57:16	1	0	1	0
           142	2024-04-18 12:57:43	1	0	1	0
           627	2024-04-18 12:58:33	1	0	1	0
           241	2024-04-18 12:59:14	1	0	1	0
           401	2024-04-18 13:03:35	1	0	1	0
           472	2024-04-18 13:13:36	1	0	1	0
           144	2024-04-18 13:26:54	1	0	1	0
           472	2024-04-18 13:34:55	1	0	1	0
            57	2024-04-18 17:00:16	1	0	1	0
           551	2024-04-18 17:00:23	1	0	15	0
           379	2024-04-18 17:01:02	1	0	1	0
           187	2024-04-18 17:01:24	1	0	1	0
            48	2024-04-18 17:01:31	1	0	1	0
            58	2024-04-18 17:01:39	1	0	1	0
            91	2024-04-18 17:03:09	1	0	1	0
           185	2024-04-18 17:03:23	1	0	1	0
           181	2024-04-18 17:04:47	1	0	1	0
           627	2024-04-18 17:05:42	1	0	1	0
           527	2024-04-18 17:19:22	1	0	1	0
           241	2024-04-18 17:19:27	1	0	1	0
           385	2024-04-18 17:22:54	1	0	1	0
           118	2024-04-18 17:24:44	1	0	1	0
            80	2024-04-18 17:24:54	1	0	1	0
           180	2024-04-18 17:27:30	1	0	1	0
           142	2024-04-18 17:46:16	1	0	1	0
           471	2024-04-18 17:55:14	1	0	1	0
           145	2024-04-18 18:03:05	1	0	1	0
           401	2024-04-18 18:03:13	1	0	1	0
           472	2024-04-18 18:07:00	1	0	1	0
           473	2024-04-18 18:07:02	1	0	1	0
           605	2024-04-18 18:07:06	1	0	1	0
           144	2024-04-18 18:32:00	1	0	1	0
           385	2024-04-19 06:05:03	1	0	1	0
            58	2024-04-19 06:34:52	1	0	1	0
           473	2024-04-19 07:07:24	1	0	1	0
           185	2024-04-19 07:13:31	1	0	1	0
            91	2024-04-19 07:14:36	1	0	1	0
           379	2024-04-19 07:38:23	1	0	1	0
            48	2024-04-19 07:38:52	1	0	1	0
           527	2024-04-19 07:40:25	1	0	1	0
           627	2024-04-19 07:42:01	1	0	1	0
           118	2024-04-19 07:49:40	1	0	1	0
           605	2024-04-19 07:53:41	1	0	1	0
           551	2024-04-19 07:54:04	1	0	15	0
           241	2024-04-19 07:54:40	1	0	1	0
           472	2024-04-19 07:54:45	1	0	1	0
           471	2024-04-19 07:55:21	1	0	1	0
           145	2024-04-19 07:58:37	1	0	1	0
           180	2024-04-19 07:59:59	1	0	1	0
            80	2024-04-19 08:00:05	1	0	1	0
           142	2024-04-19 08:00:20	1	0	1	0
            57	2024-04-19 08:05:51	1	0	1	0
           181	2024-04-19 08:06:50	1	0	1	0
           332	2024-04-19 08:11:17	1	0	1	0
           401	2024-04-19 09:19:39	1	0	1	0
           385	2024-04-19 11:31:01	1	0	1	0
           118	2024-04-19 12:01:31	1	0	1	0
            80	2024-04-19 12:01:40	1	0	1	0
           551	2024-04-19 12:01:46	1	0	15	0
           379	2024-04-19 12:02:03	1	0	1	0
           181	2024-04-19 12:02:37	1	0	1	0
           185	2024-04-19 12:02:49	1	0	1	0
           180	2024-04-19 12:02:59	1	0	1	0
           527	2024-04-19 12:03:05	1	0	1	0
           385	2024-04-19 12:03:10	1	0	1	0
           471	2024-04-19 12:03:37	1	0	1	0
            48	2024-04-19 12:07:24	1	0	1	0
            58	2024-04-19 12:07:39	1	0	1	0
           605	2024-04-19 12:10:46	1	0	1	0
            91	2024-04-19 12:10:55	1	0	1	0
           473	2024-04-19 12:11:01	1	0	1	0
           241	2024-04-19 12:11:04	1	0	1	0
            48	2024-04-19 12:23:47	1	0	1	0
            58	2024-04-19 12:24:11	1	0	1	0
           471	2024-04-19 12:24:30	1	0	1	0
           142	2024-04-19 12:26:15	1	0	1	0
            80	2024-04-19 12:31:10	1	0	1	0
           551	2024-04-19 12:31:23	1	0	15	0
           627	2024-04-19 12:34:31	1	0	1	0
           118	2024-04-19 12:37:34	1	0	1	0
           473	2024-04-19 12:37:42	1	0	1	0
            57	2024-04-19 12:41:47	1	0	1	0
           181	2024-04-19 12:44:47	1	0	1	0
           185	2024-04-19 12:44:49	1	0	1	0
           180	2024-04-19 12:44:57	1	0	1	0
            91	2024-04-19 12:45:02	1	0	1	0
           605	2024-04-19 12:45:36	1	0	1	0
           241	2024-04-19 12:47:00	1	0	1	0
           527	2024-04-19 12:50:30	1	0	1	0
           142	2024-04-19 12:50:53	1	0	1	0
           379	2024-04-19 12:54:17	1	0	1	0
            57	2024-04-19 12:58:50	1	0	1	0
           627	2024-04-19 13:02:24	1	0	1	0
           144	2024-04-19 13:18:32	1	0	1	0
           472	2024-04-19 13:18:52	1	0	1	0
           401	2024-04-19 13:19:51	1	0	1	0
           472	2024-04-19 13:42:17	1	0	1	0
            57	2024-04-19 16:56:52	1	0	1	0
           379	2024-04-19 17:00:19	1	0	1	0
           181	2024-04-19 17:00:25	1	0	1	0
            91	2024-04-19 17:00:31	1	0	1	0
           185	2024-04-19 17:01:16	1	0	1	0
           180	2024-04-19 17:01:25	1	0	1	0
            48	2024-04-19 17:02:47	1	0	1	0
            58	2024-04-19 17:02:53	1	0	1	0
           527	2024-04-19 17:02:59	1	0	1	0
            80	2024-04-19 17:04:29	1	0	1	0
           551	2024-04-19 17:04:37	1	0	15	0
           605	2024-04-19 17:07:35	1	0	1	0
           241	2024-04-19 17:10:25	1	0	1	0
           142	2024-04-19 17:18:36	1	0	1	0
           118	2024-04-19 17:19:35	1	0	1	0
           473	2024-04-19 17:21:41	1	0	1	0
           627	2024-04-19 17:22:20	1	0	1	0
           385	2024-04-19 17:32:39	1	0	1	0
           471	2024-04-19 17:57:30	1	0	1	0
           145	2024-04-19 18:05:47	1	0	1	0
           472	2024-04-19 18:06:03	1	0	1	0
           144	2024-04-19 18:42:20	1	0	1	0
           401	2024-04-19 18:46:07	1	0	1	0
           385	2024-04-20 06:12:01	1	0	1	0
           385	2024-04-20 11:53:31	1	0	1	0
           385	2024-04-20 12:31:33	1	0	1	0
           385	2024-04-20 18:10:49	1	0	1	0
           385	2024-04-21 06:02:56	1	0	1	0
           473	2024-04-21 06:24:49	1	0	1	0
           471	2024-04-21 07:02:06	1	0	1	0
           385	2024-04-21 11:36:55	1	0	1	0
           471	2024-04-21 12:01:26	1	0	1	0
           473	2024-04-21 12:01:35	1	0	1	0
           471	2024-04-21 12:18:30	1	0	1	0
           385	2024-04-21 12:19:15	1	0	1	0
           473	2024-04-21 12:21:09	1	0	1	0
           471	2024-04-21 17:02:34	1	0	1	0
           385	2024-04-21 18:25:39	1	0	1	0
           385	2024-04-22 05:57:12	1	0	1	0
           471	2024-04-22 07:14:41	1	0	1	0
           185	2024-04-22 07:20:58	1	0	1	0
            91	2024-04-22 07:23:59	1	0	1	0
           181	2024-04-22 07:31:06	1	0	1	0
           473	2024-04-22 07:34:36	1	0	1	0
           118	2024-04-22 07:40:23	1	0	1	0
           605	2024-04-22 07:44:07	1	0	1	0
           527	2024-04-22 07:46:58	1	0	1	0
           379	2024-04-22 07:49:46	1	0	1	0
           627	2024-04-22 07:59:50	1	0	1	0
           241	2024-04-22 08:03:04	1	0	1	0
           180	2024-04-22 08:06:13	1	0	1	0
           401	2024-04-22 08:17:55	1	0	1	0
           385	2024-04-22 11:32:36	1	0	1	0
           118	2024-04-22 12:02:22	1	0	1	0
           471	2024-04-22 12:02:29	1	0	1	0
           605	2024-04-22 12:02:36	1	0	1	0
           473	2024-04-22 12:02:42	1	0	1	0
           527	2024-04-22 12:03:13	1	0	1	0
           379	2024-04-22 12:04:34	1	0	1	0
           185	2024-04-22 12:09:02	1	0	1	0
            91	2024-04-22 12:09:25	1	0	1	0
           627	2024-04-22 12:12:47	1	0	1	0
           385	2024-04-22 12:13:12	1	0	1	0
           241	2024-04-22 12:14:21	1	0	1	0
           471	2024-04-22 12:19:46	1	0	1	0
           118	2024-04-22 12:19:51	1	0	1	0
           473	2024-04-22 12:22:30	1	0	1	0
           181	2024-04-22 12:27:44	1	0	1	0
           379	2024-04-22 12:30:33	1	0	1	0
           605	2024-04-22 12:39:14	1	0	1	0
           185	2024-04-22 12:44:17	1	0	1	0
           181	2024-04-22 12:44:21	1	0	1	0
            91	2024-04-22 12:47:48	1	0	1	0
           241	2024-04-22 12:52:07	1	0	1	0
           527	2024-04-22 12:54:51	1	0	1	0
           401	2024-04-22 13:27:33	1	0	1	0
           471	2024-04-22 17:02:42	1	0	1	0
           118	2024-04-22 17:04:47	1	0	1	0
           605	2024-04-22 17:05:29	1	0	1	0
           379	2024-04-22 17:11:35	1	0	1	0
           181	2024-04-22 17:12:28	1	0	1	0
           527	2024-04-22 17:12:39	1	0	1	0
           241	2024-04-22 17:24:45	1	0	1	0
           385	2024-04-22 17:27:34	1	0	1	0
           401	2024-04-22 18:09:31	1	0	1	0
           145	2024-04-22 18:12:15	1	0	1	0
           185	2024-04-22 20:15:34	1	0	1	0
           627	2024-04-22 21:33:39	1	0	1	0
           385	2024-04-23 05:00:54	1	0	1	0
            58	2024-04-23 06:43:54	1	0	1	0
           627	2024-04-23 06:55:29	1	0	1	0
           241	2024-04-23 07:19:04	1	0	1	0
           185	2024-04-23 07:30:41	1	0	1	0
            91	2024-04-23 07:32:30	1	0	1	0
           118	2024-04-23 07:41:40	1	0	1	0
            48	2024-04-23 07:50:52	1	0	1	0
           527	2024-04-23 07:53:10	1	0	1	0
           472	2024-04-23 07:56:18	1	0	1	0
           471	2024-04-23 07:56:28	1	0	1	0
           379	2024-04-23 07:57:53	1	0	1	0
           181	2024-04-23 07:59:12	1	0	1	0
           605	2024-04-23 08:00:37	1	0	1	0
           145	2024-04-23 08:37:23	1	0	1	0
           401	2024-04-23 08:50:06	1	0	1	0
           385	2024-04-23 11:40:00	1	0	1	0
            48	2024-04-23 12:00:13	1	0	1	0
            58	2024-04-23 12:00:19	1	0	1	0
            91	2024-04-23 12:01:40	1	0	1	0
           379	2024-04-23 12:01:59	1	0	1	0
           241	2024-04-23 12:02:02	1	0	1	0
           605	2024-04-23 12:03:31	1	0	1	0
           118	2024-04-23 12:03:52	1	0	1	0
           471	2024-04-23 12:06:57	1	0	1	0
           627	2024-04-23 12:07:02	1	0	1	0
           181	2024-04-23 12:07:07	1	0	1	0
           527	2024-04-23 12:07:14	1	0	1	0
           385	2024-04-23 12:07:20	1	0	1	0
           185	2024-04-23 12:12:47	1	0	1	0
            48	2024-04-23 12:16:31	1	0	1	0
            58	2024-04-23 12:16:40	1	0	1	0
           118	2024-04-23 12:24:05	1	0	1	0
            91	2024-04-23 12:24:56	1	0	1	0
           241	2024-04-23 12:24:59	1	0	1	0
           471	2024-04-23 12:27:41	1	0	1	0
           605	2024-04-23 12:30:09	1	0	1	0
           527	2024-04-23 12:33:29	1	0	1	0
           181	2024-04-23 12:39:43	1	0	1	0
           379	2024-04-23 12:41:11	1	0	1	0
           627	2024-04-23 12:41:27	1	0	1	0
           145	2024-04-23 13:02:56	1	0	1	0
           401	2024-04-23 13:03:02	1	0	1	0
           472	2024-04-23 13:11:25	1	0	1	0
           401	2024-04-23 13:28:36	1	0	1	0
           472	2024-04-23 13:40:57	1	0	1	0
            58	2024-04-23 17:00:35	1	0	1	0
            48	2024-04-23 17:00:44	1	0	1	0
           181	2024-04-23 17:01:02	1	0	1	0
           379	2024-04-23 17:08:44	1	0	1	0
           527	2024-04-23 17:17:17	1	0	1	0
           605	2024-04-23 17:17:59	1	0	1	0
           118	2024-04-23 17:19:06	1	0	1	0
           385	2024-04-23 17:25:43	1	0	1	0
           241	2024-04-23 17:30:06	1	0	1	0
            91	2024-04-23 17:34:54	1	0	1	0
           627	2024-04-23 17:36:28	1	0	1	0
           185	2024-04-23 17:50:22	1	0	1	0
           471	2024-04-23 18:02:16	1	0	1	0
           472	2024-04-23 18:02:47	1	0	1	0
           145	2024-04-23 18:08:55	1	0	1	0
           401	2024-04-23 18:09:02	1	0	1	0
           385	2024-04-24 05:49:33	1	0	1	0
           602	2024-04-24 06:47:01	1	0	1	0
           627	2024-04-24 07:07:57	1	0	1	0
           185	2024-04-24 07:37:25	1	0	1	0
           142	2024-04-24 07:38:40	1	0	1	0
            91	2024-04-24 07:39:49	1	0	1	0
            48	2024-04-24 07:45:15	1	0	1	0
           527	2024-04-24 07:47:02	1	0	1	0
           187	2024-04-24 07:47:29	1	0	1	0
           118	2024-04-24 07:47:44	1	0	1	0
           605	2024-04-24 07:47:47	1	0	1	0
           181	2024-04-24 07:50:56	1	0	1	0
           379	2024-04-24 07:51:26	1	0	1	0
           180	2024-04-24 07:55:13	1	0	1	0
           241	2024-04-24 08:01:57	1	0	1	0
            57	2024-04-24 08:04:04	1	0	1	0
           145	2024-04-24 08:40:45	1	0	1	0
           472	2024-04-24 08:52:50	1	0	1	0
           401	2024-04-24 09:32:04	1	0	1	0
           332	2024-04-24 11:29:24	1	0	1	0
           385	2024-04-24 11:41:15	1	0	1	0
           181	2024-04-24 12:00:05	1	0	1	0
            48	2024-04-24 12:00:11	1	0	1	0
           142	2024-04-24 12:00:20	1	0	1	0
           187	2024-04-24 12:00:27	1	0	1	0
           379	2024-04-24 12:01:05	1	0	1	0
           118	2024-04-24 12:03:15	1	0	1	0
           180	2024-04-24 12:03:59	1	0	1	0
           385	2024-04-24 12:04:10	1	0	1	0
           527	2024-04-24 12:04:22	1	0	1	0
           602	2024-04-24 12:10:28	1	0	1	0
           605	2024-04-24 12:11:58	1	0	1	0
           627	2024-04-24 12:12:30	1	0	1	0
           180	2024-04-24 12:19:38	1	0	1	0
           241	2024-04-24 12:20:31	1	0	1	0
           185	2024-04-24 12:24:00	1	0	1	0
           118	2024-04-24 12:29:54	1	0	1	0
            48	2024-04-24 12:30:47	1	0	1	0
           187	2024-04-24 12:30:52	1	0	1	0
           602	2024-04-24 12:32:30	1	0	1	0
           605	2024-04-24 12:36:07	1	0	1	0
           185	2024-04-24 12:44:33	1	0	1	0
           241	2024-04-24 12:44:55	1	0	1	0
           627	2024-04-24 12:44:59	1	0	1	0
            57	2024-04-24 12:45:49	1	0	1	0
           142	2024-04-24 12:45:54	1	0	1	0
           527	2024-04-24 12:53:51	1	0	1	0
           379	2024-04-24 12:55:52	1	0	1	0
           332	2024-04-24 13:00:06	1	0	1	0
           144	2024-04-24 13:06:37	1	0	1	0
           472	2024-04-24 13:07:22	1	0	1	0
           145	2024-04-24 13:30:31	1	0	1	0
           401	2024-04-24 13:30:37	1	0	1	0
           332	2024-04-24 13:30:46	1	0	1	0
           144	2024-04-24 13:30:51	1	0	1	0
           472	2024-04-24 13:44:13	1	0	1	0
            57	2024-04-24 17:00:18	1	0	1	0
           379	2024-04-24 17:00:51	1	0	1	0
           602	2024-04-24 17:02:56	1	0	1	0
           241	2024-04-24 17:03:30	1	0	1	0
            48	2024-04-24 17:04:55	1	0	1	0
           187	2024-04-24 17:05:02	1	0	1	0
           527	2024-04-24 17:05:07	1	0	1	0
           181	2024-04-24 17:06:11	1	0	1	0
           605	2024-04-24 17:06:16	1	0	1	0
           118	2024-04-24 17:19:52	1	0	1	0
           142	2024-04-24 17:32:15	1	0	1	0
           385	2024-04-24 18:00:53	1	0	1	0
           472	2024-04-24 18:01:55	1	0	1	0
           145	2024-04-24 18:06:14	1	0	1	0
           401	2024-04-24 18:06:22	1	0	1	0
           332	2024-04-24 18:08:23	1	0	1	0
           144	2024-04-24 18:44:19	1	0	1	0
           185	2024-04-24 18:48:56	1	0	1	0
           180	2024-04-24 19:21:54	1	0	1	0
           627	2024-04-24 20:18:44	1	0	1	0
           385	2024-04-25 06:01:20	1	0	1	0
            58	2024-04-25 06:41:21	1	0	1	0
           145	2024-04-25 06:46:11	1	0	1	0
           185	2024-04-25 07:16:58	1	0	1	0
            91	2024-04-25 07:18:59	1	0	1	0
            48	2024-04-25 07:19:38	1	0	1	0
           627	2024-04-25 07:32:20	1	0	1	0
           602	2024-04-25 07:43:17	1	0	1	0
           605	2024-04-25 07:45:30	1	0	1	0
           527	2024-04-25 07:46:17	1	0	1	0
           379	2024-04-25 07:50:59	1	0	1	0
           472	2024-04-25 07:51:58	1	0	1	0
           180	2024-04-25 07:52:13	1	0	1	0
           471	2024-04-25 07:53:44	1	0	1	0
           241	2024-04-25 07:55:12	1	0	1	0
           181	2024-04-25 08:01:19	1	0	1	0
           401	2024-04-25 08:54:16	1	0	1	0
           471	2024-04-25 12:00:12	1	0	1	0
           627	2024-04-25 12:00:58	1	0	1	0
           385	2024-04-25 12:01:01	1	0	1	0
            48	2024-04-25 12:01:59	1	0	1	0
            58	2024-04-25 12:02:13	1	0	1	0
           527	2024-04-25 12:06:04	1	0	1	0
           379	2024-04-25 12:06:10	1	0	1	0
           181	2024-04-25 12:06:25	1	0	1	0
           180	2024-04-25 12:09:12	1	0	1	0
           185	2024-04-25 12:12:28	1	0	1	0
           241	2024-04-25 12:12:32	1	0	1	0
           605	2024-04-25 12:15:38	1	0	1	0
           602	2024-04-25 12:15:45	1	0	1	0
           471	2024-04-25 12:17:46	1	0	1	0
            48	2024-04-25 12:18:43	1	0	1	0
            58	2024-04-25 12:18:57	1	0	1	0
           180	2024-04-25 12:24:31	1	0	1	0
           527	2024-04-25 12:24:35	1	0	1	0
           379	2024-04-25 12:25:20	1	0	1	0
           181	2024-04-25 12:34:27	1	0	1	0
           605	2024-04-25 12:37:23	1	0	1	0
           385	2024-04-25 12:39:51	1	0	1	0
           602	2024-04-25 12:42:09	1	0	1	0
           241	2024-04-25 12:43:47	1	0	1	0
           185	2024-04-25 12:52:28	1	0	1	0
           627	2024-04-25 12:56:44	1	0	1	0
           472	2024-04-25 13:04:32	1	0	1	0
           472	2024-04-25 13:29:38	1	0	1	0
           401	2024-04-25 13:30:58	1	0	1	0
           401	2024-04-25 13:51:43	1	0	1	0
           379	2024-04-25 17:01:24	1	0	1	0
            58	2024-04-25 17:01:56	1	0	1	0
            48	2024-04-25 17:02:01	1	0	1	0
           241	2024-04-25 17:03:54	1	0	1	0
           181	2024-04-25 17:05:13	1	0	1	0
           185	2024-04-25 17:09:36	1	0	1	0
           527	2024-04-25 17:09:42	1	0	1	0
           180	2024-04-25 17:10:06	1	0	1	0
           385	2024-04-25 17:10:28	1	0	1	0
           627	2024-04-25 17:15:02	1	0	1	0
           605	2024-04-25 17:21:09	1	0	1	0
           602	2024-04-25 17:22:18	1	0	1	0
           145	2024-04-25 18:01:07	1	0	1	0
           472	2024-04-25 18:24:25	1	0	1	0
           471	2024-04-25 18:24:31	1	0	1	0
           385	2024-04-26 04:29:15	1	0	1	0
           527	2024-04-26 05:04:33	1	0	1	0
           241	2024-04-26 05:30:37	1	0	1	0
            58	2024-04-26 06:43:14	1	0	1	0
           145	2024-04-26 06:55:16	1	0	1	0
           473	2024-04-26 07:28:44	1	0	1	0
            48	2024-04-26 07:30:32	1	0	1	0
            91	2024-04-26 07:35:45	1	0	1	0
           185	2024-04-26 07:35:57	1	0	1	0
           627	2024-04-26 07:36:01	1	0	1	0
           602	2024-04-26 07:45:00	1	0	1	0
           181	2024-04-26 07:45:17	1	0	1	0
           142	2024-04-26 07:46:15	1	0	1	0
           379	2024-04-26 07:48:16	1	0	1	0
           605	2024-04-26 07:53:54	1	0	1	0
            57	2024-04-26 07:56:55	1	0	1	0
           187	2024-04-26 07:58:12	1	0	1	0
           472	2024-04-26 08:28:26	1	0	1	0
           401	2024-04-26 09:18:44	1	0	1	0
           144	2024-04-26 10:30:55	1	0	1	0
           379	2024-04-26 12:00:30	1	0	1	0
            48	2024-04-26 12:00:45	1	0	1	0
            58	2024-04-26 12:00:53	1	0	1	0
           187	2024-04-26 12:00:58	1	0	1	0
            57	2024-04-26 12:01:10	1	0	1	0
           605	2024-04-26 12:01:18	1	0	1	0
           142	2024-04-26 12:01:28	1	0	1	0
           473	2024-04-26 12:01:42	1	0	1	0
           471	2024-04-26 12:04:30	1	0	1	0
            48	2024-04-26 12:23:24	1	0	1	0
            57	2024-04-26 12:23:31	1	0	1	0
           187	2024-04-26 12:23:40	1	0	1	0
           602	2024-04-26 12:23:47	1	0	1	0
            58	2024-04-26 12:24:19	1	0	1	0
           473	2024-04-26 12:29:01	1	0	1	0
           605	2024-04-26 12:29:09	1	0	1	0
           471	2024-04-26 12:30:17	1	0	1	0
           379	2024-04-26 12:31:17	1	0	1	0
           602	2024-04-26 12:53:02	1	0	1	0
           142	2024-04-26 12:55:45	1	0	1	0
           472	2024-04-26 13:02:29	1	0	1	0
           144	2024-04-26 13:17:42	1	0	1	0
           401	2024-04-26 13:17:53	1	0	1	0
           472	2024-04-26 13:42:45	1	0	1	0
           144	2024-04-26 13:56:32	1	0	1	0
           401	2024-04-26 13:56:37	1	0	1	0
           379	2024-04-26 17:00:07	1	0	1	0
            57	2024-04-26 17:00:18	1	0	1	0
            58	2024-04-26 17:02:28	1	0	1	0
            48	2024-04-26 17:02:36	1	0	1	0
           187	2024-04-26 17:03:28	1	0	1	0
           473	2024-04-26 17:03:32	1	0	1	0
           602	2024-04-26 17:03:45	1	0	1	0
           605	2024-04-26 17:06:29	1	0	1	0
           142	2024-04-26 17:17:45	1	0	1	0
           472	2024-04-26 18:00:43	1	0	1	0
           401	2024-04-26 18:01:06	1	0	1	0
           471	2024-04-26 18:01:12	1	0	1	0
           144	2024-04-26 18:50:34	1	0	1	0
           385	2024-04-29 06:00:56	1	0	1	0
            58	2024-04-29 06:33:00	1	0	1	0
           602	2024-04-29 06:50:39	1	0	1	0
           241	2024-04-29 07:04:18	1	0	1	0
            48	2024-04-29 07:14:54	1	0	1	0
            91	2024-04-29 07:28:52	1	0	1	0
           473	2024-04-29 07:32:16	1	0	1	0
           142	2024-04-29 07:34:27	1	0	1	0
           527	2024-04-29 07:39:42	1	0	1	0
           551	2024-04-29 07:39:53	1	0	15	0
           472	2024-04-29 07:46:32	1	0	1	0
           181	2024-04-29 07:46:40	1	0	1	0
           471	2024-04-29 07:47:06	1	0	1	0
           605	2024-04-29 07:47:21	1	0	1	0
           627	2024-04-29 07:52:47	1	0	1	0
           180	2024-04-29 07:53:44	1	0	1	0
            80	2024-04-29 07:56:05	1	0	1	0
           379	2024-04-29 07:56:44	1	0	1	0
            57	2024-04-29 07:59:33	1	0	1	0
           369	2024-04-29 08:16:13	1	0	1	0
           145	2024-04-29 08:22:16	1	0	1	0
           401	2024-04-29 08:34:17	1	0	1	0
           144	2024-04-29 10:11:20	1	0	1	0
           385	2024-04-29 11:35:21	1	0	1	0
            58	2024-04-29 12:00:35	1	0	1	0
            57	2024-04-29 12:00:46	1	0	1	0
            48	2024-04-29 12:00:58	1	0	1	0
           379	2024-04-29 12:01:16	1	0	1	0
           181	2024-04-29 12:01:53	1	0	1	0
           627	2024-04-29 12:01:56	1	0	1	0
           369	2024-04-29 12:02:00	1	0	1	0
           527	2024-04-29 12:02:43	1	0	1	0
            80	2024-04-29 12:03:35	1	0	1	0
           180	2024-04-29 12:03:42	1	0	1	0
           385	2024-04-29 12:03:49	1	0	1	0
           551	2024-04-29 12:03:57	1	0	15	0
           473	2024-04-29 12:04:03	1	0	1	0
            91	2024-04-29 12:04:10	1	0	1	0
           602	2024-04-29 12:04:15	1	0	1	0
           605	2024-04-29 12:04:19	1	0	1	0
           471	2024-04-29 12:04:41	1	0	1	0
           241	2024-04-29 12:11:05	1	0	1	0
            80	2024-04-29 12:19:13	1	0	1	0
           551	2024-04-29 12:19:22	1	0	15	0
            48	2024-04-29 12:21:54	1	0	1	0
            58	2024-04-29 12:22:02	1	0	1	0
           369	2024-04-29 12:26:03	1	0	1	0
           473	2024-04-29 12:28:49	1	0	15	0
           605	2024-04-29 12:29:00	1	0	1	0
           602	2024-04-29 12:29:32	1	0	1	0
           181	2024-04-29 12:31:56	1	0	1	0
            91	2024-04-29 12:33:24	1	0	1	0
           241	2024-04-29 12:38:10	1	0	1	0
           627	2024-04-29 12:41:28	1	0	1	0
           142	2024-04-29 12:46:25	1	0	1	0
           379	2024-04-29 12:52:42	1	0	1	0
           527	2024-04-29 12:53:09	1	0	1	0
           471	2024-04-29 12:53:27	1	0	1	0
           180	2024-04-29 12:54:14	1	0	1	0
           472	2024-04-29 13:04:51	1	0	1	0
           472	2024-04-29 13:21:30	1	0	1	0
           145	2024-04-29 13:25:38	1	0	1	0
           401	2024-04-29 13:25:44	1	0	1	0
           145	2024-04-29 13:48:52	1	0	1	0
           401	2024-04-29 13:48:59	1	0	1	0
           369	2024-04-29 17:00:40	1	0	1	0
           473	2024-04-29 17:01:02	1	0	1	0
            48	2024-04-29 17:01:58	1	0	1	0
            58	2024-04-29 17:02:10	1	0	1	0
            57	2024-04-29 17:03:10	1	0	1	0
           181	2024-04-29 17:04:43	1	0	1	0
           627	2024-04-29 17:04:48	1	0	1	0
            91	2024-04-29 17:05:36	1	0	1	0
           602	2024-04-29 17:05:42	1	0	1	0
           605	2024-04-29 17:05:49	1	0	1	0
           379	2024-04-29 17:05:57	1	0	1	0
           241	2024-04-29 17:07:51	1	0	1	0
           180	2024-04-29 17:11:04	1	0	1	0
           471	2024-04-29 17:16:00	1	0	1	0
            80	2024-04-29 17:17:02	1	0	1	0
           551	2024-04-29 17:17:14	1	0	15	0
           527	2024-04-29 17:32:41	1	0	1	0
           385	2024-04-29 17:35:25	1	0	1	0
           142	2024-04-29 17:39:28	1	0	1	0
           472	2024-04-29 18:06:46	1	0	1	0
           401	2024-04-29 18:22:23	1	0	1	0
           145	2024-04-29 18:30:04	1	0	1	0
           144	2024-04-29 18:37:45	1	0	1	0
           385	2024-04-30 06:06:45	1	0	1	0
            58	2024-04-30 06:36:04	1	0	1	0
            48	2024-04-30 07:25:22	1	0	1	0
           118	2024-04-30 07:30:03	1	0	1	0
           627	2024-04-30 07:35:09	1	0	1	0
           551	2024-04-30 07:39:01	1	0	15	0
           379	2024-04-30 07:41:19	1	0	1	0
           527	2024-04-30 07:44:03	1	0	1	0
           602	2024-04-30 07:46:50	1	0	1	0
           473	2024-04-30 07:48:47	1	0	1	0
           180	2024-04-30 07:49:15	1	0	1	0
            91	2024-04-30 07:50:24	1	0	1	0
           605	2024-04-30 07:51:05	1	0	1	0
           369	2024-04-30 07:53:41	1	0	1	0
            80	2024-04-30 07:59:46	1	0	1	0
           241	2024-04-30 08:01:26	1	0	1	0
           472	2024-04-30 08:03:40	1	0	1	0
           471	2024-04-30 08:03:44	1	0	1	0
           142	2024-04-30 08:12:33	1	0	1	0
           181	2024-04-30 08:12:44	1	0	1	0
           145	2024-04-30 08:20:20	1	0	1	0
           144	2024-04-30 08:51:27	1	0	1	0
           332	2024-04-30 08:51:39	1	0	1	0
           401	2024-04-30 09:21:46	1	0	1	0
           385	2024-04-30 11:32:28	1	0	1	0
           471	2024-04-30 12:00:16	1	0	1	0
           379	2024-04-30 12:00:48	1	0	1	0
           473	2024-04-30 12:01:07	1	0	1	0
           602	2024-04-30 12:01:25	1	0	1	0
           605	2024-04-30 12:01:38	1	0	1	0
           627	2024-04-30 12:02:50	1	0	1	0
           527	2024-04-30 12:02:56	1	0	1	0
           369	2024-04-30 12:03:03	1	0	1	0
           180	2024-04-30 12:03:32	1	0	1	0
            80	2024-04-30 12:03:51	1	0	1	0
           551	2024-04-30 12:03:56	1	0	15	0
           142	2024-04-30 12:04:27	1	0	1	0
            48	2024-04-30 12:04:32	1	0	1	0
            58	2024-04-30 12:04:40	1	0	1	0
            91	2024-04-30 12:07:39	1	0	1	0
           241	2024-04-30 12:08:46	1	0	1	0
           118	2024-04-30 12:17:37	1	0	1	0
           471	2024-04-30 12:17:41	1	0	1	0
           385	2024-04-30 12:19:49	1	0	1	0
           181	2024-04-30 12:20:24	1	0	1	0
           627	2024-04-30 12:22:08	1	0	1	0
           527	2024-04-30 12:22:13	1	0	1	0
           605	2024-04-30 12:22:30	1	0	1	0
            48	2024-04-30 12:26:51	1	0	1	0
            58	2024-04-30 12:27:01	1	0	1	0
           142	2024-04-30 12:27:09	1	0	1	0
           551	2024-04-30 12:28:56	1	0	15	0
            80	2024-04-30 12:29:11	1	0	1	0
           379	2024-04-30 12:34:47	1	0	1	0
           602	2024-04-30 12:44:02	1	0	1	0
           118	2024-04-30 12:44:16	1	0	1	0
           473	2024-04-30 12:44:19	1	0	1	0
           181	2024-04-30 12:44:27	1	0	1	0
           180	2024-04-30 12:46:54	1	0	1	0
           241	2024-04-30 12:47:01	1	0	1	0
            91	2024-04-30 12:50:59	1	0	1	0
           369	2024-04-30 12:51:35	1	0	1	0
           472	2024-04-30 13:00:04	1	0	1	0
           332	2024-04-30 13:06:37	1	0	1	0
           145	2024-04-30 13:08:30	1	0	1	0
           401	2024-04-30 13:08:39	1	0	1	0
           144	2024-04-30 13:24:21	1	0	1	0
           144	2024-04-30 13:53:25	1	0	1	0
           145	2024-04-30 13:54:52	1	0	1	0
           401	2024-04-30 13:54:58	1	0	1	0
           332	2024-04-30 13:55:04	1	0	1	0
           627	2024-04-30 17:00:34	1	0	1	0
            58	2024-04-30 17:00:42	1	0	1	0
           181	2024-04-30 17:00:53	1	0	1	0
            48	2024-04-30 17:01:36	1	0	1	0
           527	2024-04-30 17:02:05	1	0	1	0
           241	2024-04-30 17:02:15	1	0	1	0
           379	2024-04-30 17:04:16	1	0	1	0
           180	2024-04-30 17:08:00	1	0	1	0
            80	2024-04-30 17:08:08	1	0	1	0
           473	2024-04-30 17:10:28	1	0	1	0
           602	2024-04-30 17:10:53	1	0	1	0
           605	2024-04-30 17:12:45	1	0	1	0
            91	2024-04-30 17:19:06	1	0	1	0
           118	2024-04-30 17:21:50	1	0	1	0
           471	2024-04-30 17:28:34	1	0	1	0
           142	2024-04-30 17:43:45	1	0	1	0
           385	2024-04-30 17:56:09	1	0	1	0
           472	2024-04-30 18:00:49	1	0	1	0
           332	2024-04-30 18:01:07	1	0	1	0
           145	2024-04-30 18:05:51	1	0	1	0
           369	2024-04-30 18:06:48	1	0	1	0
           401	2024-04-30 18:19:38	1	0	1	0
           144	2024-04-30 19:07:15	1	0	1	0
           385	2024-05-02 04:33:44	1	0	1	0
            58	2024-05-02 06:35:07	1	0	1	0
           627	2024-05-02 06:44:13	1	0	1	0
           180	2024-05-02 06:51:47	1	0	1	0
           473	2024-05-02 07:24:32	1	0	1	0
            48	2024-05-02 07:27:04	1	0	1	0
           602	2024-05-02 07:39:29	1	0	1	0
           187	2024-05-02 07:45:31	1	0	1	0
           551	2024-05-02 07:47:01	1	0	15	0
           118	2024-05-02 07:47:07	1	0	1	0
           369	2024-05-02 07:49:21	1	0	1	0
           472	2024-05-02 07:50:18	1	0	1	0
           471	2024-05-02 07:50:25	1	0	1	0
           241	2024-05-02 07:52:46	1	0	1	0
           142	2024-05-02 07:53:17	1	0	1	0
           379	2024-05-02 07:53:53	1	0	1	0
           185	2024-05-02 07:55:52	1	0	1	0
            91	2024-05-02 07:56:11	1	0	1	0
            80	2024-05-02 07:57:33	1	0	1	0
           605	2024-05-02 07:58:03	1	0	1	0
           332	2024-05-02 08:00:33	1	0	1	0
           181	2024-05-02 08:04:23	1	0	1	0
            57	2024-05-02 08:05:55	1	0	1	0
           145	2024-05-02 08:07:04	1	0	1	0
           401	2024-05-02 08:54:22	1	0	1	0
           385	2024-05-02 11:44:05	1	0	1	0
           471	2024-05-02 12:00:32	1	0	1	0
           369	2024-05-02 12:01:01	1	0	1	0
           379	2024-05-02 12:01:08	1	0	1	0
           187	2024-05-02 12:01:18	1	0	1	0
            48	2024-05-02 12:01:37	1	0	1	0
            58	2024-05-02 12:01:43	1	0	1	0
           605	2024-05-02 12:04:52	1	0	1	0
           602	2024-05-02 12:04:55	1	0	1	0
           241	2024-05-02 12:05:06	1	0	1	0
           627	2024-05-02 12:05:09	1	0	1	0
           385	2024-05-02 12:05:14	1	0	1	0
           473	2024-05-02 12:15:28	1	0	1	0
           142	2024-05-02 12:15:34	1	0	1	0
           471	2024-05-02 12:16:04	1	0	1	0
           118	2024-05-02 12:17:33	1	0	1	0
           180	2024-05-02 12:19:08	1	0	1	0
            48	2024-05-02 12:20:50	1	0	1	0
            58	2024-05-02 12:21:01	1	0	1	0
           605	2024-05-02 12:23:54	1	0	1	0
           187	2024-05-02 12:26:28	1	0	1	0
           369	2024-05-02 12:26:31	1	0	1	0
            57	2024-05-02 12:27:46	1	0	1	0
            91	2024-05-02 12:36:26	1	0	1	0
           551	2024-05-02 12:36:32	1	0	15	0
           185	2024-05-02 12:36:39	1	0	1	0
           142	2024-05-02 12:39:16	1	0	1	0
           602	2024-05-02 12:42:19	1	0	1	0
           473	2024-05-02 12:43:22	1	0	1	0
            80	2024-05-02 12:45:18	1	0	1	0
            57	2024-05-02 12:46:36	1	0	1	0
           241	2024-05-02 12:50:02	1	0	1	0
           627	2024-05-02 12:50:05	1	0	1	0
           180	2024-05-02 12:51:56	1	0	1	0
           379	2024-05-02 12:53:34	1	0	1	0
           118	2024-05-02 12:53:51	1	0	1	0
           185	2024-05-02 12:54:46	1	0	1	0
            91	2024-05-02 12:56:00	1	0	1	0
           551	2024-05-02 12:57:34	1	0	15	0
            80	2024-05-02 13:00:35	1	0	1	0
           145	2024-05-02 13:07:16	1	0	1	0
           401	2024-05-02 13:07:25	1	0	1	0
           332	2024-05-02 13:07:36	1	0	1	0
           472	2024-05-02 13:07:59	1	0	1	0
           472	2024-05-02 13:30:13	1	0	1	0
           145	2024-05-02 13:31:13	1	0	1	0
           401	2024-05-02 13:31:21	1	0	1	0
           332	2024-05-02 13:33:34	1	0	1	0
            91	2024-05-02 17:00:03	1	0	1	0
           185	2024-05-02 17:00:09	1	0	1	0
            48	2024-05-02 17:00:15	1	0	1	0
            58	2024-05-02 17:00:24	1	0	1	0
           551	2024-05-02 17:01:31	1	0	15	0
            80	2024-05-02 17:01:37	1	0	1	0
           379	2024-05-02 17:01:41	1	0	1	0
           627	2024-05-02 17:01:51	1	0	1	0
           241	2024-05-02 17:01:57	1	0	1	0
            57	2024-05-02 17:03:11	1	0	1	0
           181	2024-05-02 17:04:43	1	0	1	0
           180	2024-05-02 17:05:01	1	0	1	0
           369	2024-05-02 17:11:25	1	0	1	0
           385	2024-05-02 17:11:39	1	0	1	0
           118	2024-05-02 17:12:11	1	0	1	0
           602	2024-05-02 17:12:41	1	0	1	0
           605	2024-05-02 17:15:56	1	0	1	0
           473	2024-05-02 17:16:01	1	0	1	0
           142	2024-05-02 17:45:07	1	0	1	0
           187	2024-05-02 17:56:51	1	0	1	0
           471	2024-05-02 17:59:05	1	0	1	0
           472	2024-05-02 18:00:04	1	0	1	0
           145	2024-05-02 18:13:41	1	0	1	0
           401	2024-05-02 18:20:21	1	0	1	0
           332	2024-05-02 18:55:11	1	0	1	0
           385	2024-05-03 05:04:43	1	0	1	0
           181	2024-05-03 06:13:12	1	0	1	0
            58	2024-05-03 06:35:42	1	0	1	0
           473	2024-05-03 06:53:59	1	0	1	0
           187	2024-05-03 07:12:08	1	0	1	0
            80	2024-05-03 07:19:12	1	0	1	0
           185	2024-05-03 07:23:02	1	0	1	0
            91	2024-05-03 07:24:46	1	0	1	0
           627	2024-05-03 07:28:15	1	0	1	0
           118	2024-05-03 07:36:21	1	0	1	0
           602	2024-05-03 07:39:41	1	0	1	0
           471	2024-05-03 07:44:06	1	0	1	0
           551	2024-05-03 07:45:25	1	0	15	0
            57	2024-05-03 07:50:33	1	0	1	0
           605	2024-05-03 07:50:40	1	0	1	0
           379	2024-05-03 07:54:07	1	0	1	0
           180	2024-05-03 07:55:56	1	0	1	0
           369	2024-05-03 07:58:15	1	0	1	0
           241	2024-05-03 08:01:39	1	0	1	0
           142	2024-05-03 08:16:49	1	0	1	0
           472	2024-05-03 08:17:48	1	0	1	0
           145	2024-05-03 08:25:02	1	0	1	0
           401	2024-05-03 09:05:53	1	0	1	0
           144	2024-05-03 09:37:23	1	0	1	0
            57	2024-05-03 12:00:55	1	0	1	0
           379	2024-05-03 12:01:54	1	0	1	0
            80	2024-05-03 12:02:55	1	0	1	0
           551	2024-05-03 12:03:06	1	0	15	0
           185	2024-05-03 12:03:15	1	0	1	0
            91	2024-05-03 12:03:36	1	0	1	0
           627	2024-05-03 12:03:43	1	0	1	0
           385	2024-05-03 12:04:16	1	0	1	0
           142	2024-05-03 12:04:31	1	0	1	0
           369	2024-05-03 12:05:00	1	0	1	0
           180	2024-05-03 12:06:11	1	0	1	0
           473	2024-05-03 12:09:21	1	0	1	0
           118	2024-05-03 12:09:24	1	0	1	0
           602	2024-05-03 12:09:28	1	0	1	0
           605	2024-05-03 12:09:38	1	0	1	0
           241	2024-05-03 12:11:53	1	0	1	0
            91	2024-05-03 12:20:53	1	0	1	0
           185	2024-05-03 12:21:04	1	0	1	0
            48	2024-05-03 12:24:26	1	0	1	0
           187	2024-05-03 12:24:32	1	0	1	0
           473	2024-05-03 12:25:07	1	0	1	0
            58	2024-05-03 12:25:14	1	0	1	0
            57	2024-05-03 12:25:31	1	0	1	0
           118	2024-05-03 12:26:02	1	0	1	0
           605	2024-05-03 12:26:09	1	0	1	0
           602	2024-05-03 12:26:26	1	0	1	0
           369	2024-05-03 12:33:55	1	0	1	0
           241	2024-05-03 12:34:00	1	0	1	0
           180	2024-05-03 12:38:27	1	0	1	0
           627	2024-05-03 12:38:35	1	0	1	0
           385	2024-05-03 12:38:40	1	0	1	0
            80	2024-05-03 12:43:44	1	0	1	0
           551	2024-05-03 12:43:56	1	0	15	0
           187	2024-05-03 12:46:26	1	0	1	0
            58	2024-05-03 12:47:19	1	0	1	0
           142	2024-05-03 12:47:28	1	0	1	0
            48	2024-05-03 12:49:15	1	0	1	0
           379	2024-05-03 12:52:21	1	0	1	0
           145	2024-05-03 13:06:45	1	0	1	0
           472	2024-05-03 13:07:42	1	0	1	0
           332	2024-05-03 13:09:49	1	0	1	0
           401	2024-05-03 13:12:14	1	0	1	0
           145	2024-05-03 13:26:21	1	0	1	0
           332	2024-05-03 13:29:24	1	0	1	0
           472	2024-05-03 13:48:11	1	0	1	0
           401	2024-05-03 13:50:44	1	0	1	0
            80	2024-05-03 17:00:22	1	0	1	0
            91	2024-05-03 17:01:14	1	0	1	0
           241	2024-05-03 17:01:22	1	0	1	0
           471	2024-05-03 17:01:33	1	0	1	0
           187	2024-05-03 17:02:06	1	0	1	0
            48	2024-05-03 17:02:30	1	0	1	0
           185	2024-05-03 17:02:38	1	0	1	0
            58	2024-05-03 17:03:26	1	0	1	0
           142	2024-05-03 17:03:41	1	0	1	0
           369	2024-05-03 17:03:46	1	0	1	0
           379	2024-05-03 17:06:17	1	0	1	0
           180	2024-05-03 17:08:44	1	0	1	0
           627	2024-05-03 17:08:49	1	0	1	0
           473	2024-05-03 17:18:19	1	0	1	0
           602	2024-05-03 17:18:23	1	0	1	0
           605	2024-05-03 17:18:30	1	0	1	0
           118	2024-05-03 17:19:38	1	0	1	0
           181	2024-05-03 17:33:28	1	0	1	0
           385	2024-05-03 17:59:40	1	0	1	0
           472	2024-05-03 18:01:18	1	0	1	0
           401	2024-05-03 18:01:37	1	0	1	0
           145	2024-05-03 18:09:18	1	0	1	0
           332	2024-05-03 18:22:51	1	0	1	0
           144	2024-05-03 18:54:34	1	0	1	0
           385	2024-05-06 05:45:39	1	0	1	0
           401	2024-05-06 06:26:37	1	0	1	0
            58	2024-05-06 06:37:06	1	0	1	0
           473	2024-05-06 06:51:39	1	0	1	0
           187	2024-05-06 07:15:32	1	0	1	0
            48	2024-05-06 07:20:55	1	0	1	0
            91	2024-05-06 07:30:52	1	0	1	0
           185	2024-05-06 07:31:15	1	0	1	0
           602	2024-05-06 07:36:40	1	0	1	0
           627	2024-05-06 07:41:21	1	0	1	0
           551	2024-05-06 07:42:19	1	0	15	0
           527	2024-05-06 07:44:28	1	0	1	0
           118	2024-05-06 07:47:28	1	0	1	0
           472	2024-05-06 07:53:23	1	0	1	0
           471	2024-05-06 07:54:24	1	0	1	0
           379	2024-05-06 07:56:12	1	0	1	0
           241	2024-05-06 07:58:03	1	0	1	0
           180	2024-05-06 07:58:09	1	0	1	0
            80	2024-05-06 07:58:31	1	0	1	0
           605	2024-05-06 08:00:52	1	0	1	0
           181	2024-05-06 08:02:24	1	0	1	0
           145	2024-05-06 08:26:30	1	0	1	0
            91	2024-05-06 12:00:35	1	0	1	0
           185	2024-05-06 12:01:22	1	0	1	0
           527	2024-05-06 12:01:28	1	0	1	0
           551	2024-05-06 12:01:35	1	0	15	0
           602	2024-05-06 12:02:13	1	0	1	0
           471	2024-05-06 12:02:20	1	0	1	0
           605	2024-05-06 12:02:26	1	0	1	0
           473	2024-05-06 12:02:56	1	0	1	0
           118	2024-05-06 12:03:13	1	0	1	0
           379	2024-05-06 12:04:44	1	0	1	0
            80	2024-05-06 12:05:36	1	0	1	0
           241	2024-05-06 12:08:32	1	0	1	0
           180	2024-05-06 12:11:21	1	0	1	0
            48	2024-05-06 12:12:58	1	0	1	0
            58	2024-05-06 12:13:04	1	0	1	0
           181	2024-05-06 12:14:08	1	0	1	0
           385	2024-05-06 12:20:53	1	0	1	0
           379	2024-05-06 12:21:54	1	0	1	0
           471	2024-05-06 12:22:21	1	0	1	0
           473	2024-05-06 12:22:52	1	0	1	0
           605	2024-05-06 12:23:10	1	0	1	0
           602	2024-05-06 12:23:13	1	0	1	0
            80	2024-05-06 12:25:17	1	0	1	0
           551	2024-05-06 12:25:23	1	0	15	0
           118	2024-05-06 12:33:35	1	0	1	0
           627	2024-05-06 12:35:03	1	0	1	0
            91	2024-05-06 12:42:58	1	0	1	0
           527	2024-05-06 12:43:48	1	0	1	0
           241	2024-05-06 12:44:20	1	0	1	0
           385	2024-05-06 12:44:44	1	0	1	0
           180	2024-05-06 12:49:25	1	0	1	0
           181	2024-05-06 12:52:44	1	0	1	0
           627	2024-05-06 12:52:48	1	0	1	0
           185	2024-05-06 12:55:22	1	0	1	0
           472	2024-05-06 13:00:07	1	0	1	0
           145	2024-05-06 13:20:12	1	0	1	0
           472	2024-05-06 13:37:09	1	0	1	0
            91	2024-05-06 17:00:14	1	0	1	0
           527	2024-05-06 17:00:19	1	0	1	0
           379	2024-05-06 17:00:24	1	0	1	0
            58	2024-05-06 17:01:46	1	0	1	0
            48	2024-05-06 17:01:53	1	0	1	0
           187	2024-05-06 17:05:26	1	0	1	0
            80	2024-05-06 17:05:53	1	0	1	0
           551	2024-05-06 17:06:02	1	0	15	0
           602	2024-05-06 17:08:04	1	0	1	0
           118	2024-05-06 17:08:29	1	0	1	0
           605	2024-05-06 17:11:30	1	0	1	0
           473	2024-05-06 17:25:16	1	0	1	0
           241	2024-05-06 17:30:45	1	0	1	0
           180	2024-05-06 17:32:53	1	0	1	0
           185	2024-05-06 17:32:59	1	0	1	0
           181	2024-05-06 17:33:08	1	0	1	0
           472	2024-05-06 18:01:26	1	0	1	0
           471	2024-05-06 18:01:32	1	0	1	0
           145	2024-05-06 18:03:04	1	0	1	0
           627	2024-05-06 18:37:59	1	0	1	0
           385	2024-05-06 18:38:09	1	0	1	0
           385	2024-05-07 05:36:26	1	0	1	0
           145	2024-05-07 06:37:45	1	0	1	0
            58	2024-05-07 06:41:01	1	0	1	0
            48	2024-05-07 07:15:45	1	0	1	0
           118	2024-05-07 07:24:20	1	0	1	0
           473	2024-05-07 07:27:01	1	0	1	0
           379	2024-05-07 07:33:07	1	0	1	0
           185	2024-05-07 07:39:10	1	0	1	0
            91	2024-05-07 07:39:23	1	0	1	0
           527	2024-05-07 07:42:43	1	0	1	0
           602	2024-05-07 07:47:51	1	0	1	0
           627	2024-05-07 07:48:09	1	0	1	0
           605	2024-05-07 07:48:44	1	0	1	0
           551	2024-05-07 07:53:25	1	0	15	0
           472	2024-05-07 07:55:28	1	0	1	0
           471	2024-05-07 07:55:58	1	0	1	0
           181	2024-05-07 07:58:42	1	0	1	0
           241	2024-05-07 08:05:57	1	0	1	0
           180	2024-05-07 08:10:03	1	0	1	0
           332	2024-05-07 09:04:52	1	0	1	0
           144	2024-05-07 09:24:17	1	0	1	0
           385	2024-05-07 11:35:17	1	0	1	0
           241	2024-05-07 12:00:32	1	0	1	0
           473	2024-05-07 12:01:25	1	0	1	0
            48	2024-05-07 12:02:10	1	0	1	0
            58	2024-05-07 12:02:20	1	0	1	0
           471	2024-05-07 12:02:31	1	0	1	0
           602	2024-05-07 12:02:35	1	0	1	0
           605	2024-05-07 12:02:49	1	0	1	0
           551	2024-05-07 12:04:13	1	0	15	0
           118	2024-05-07 12:04:20	1	0	1	0
           379	2024-05-07 12:05:52	1	0	1	0
           180	2024-05-07 12:07:28	1	0	1	0
           385	2024-05-07 12:07:34	1	0	1	0
           627	2024-05-07 12:07:49	1	0	1	0
           185	2024-05-07 12:12:59	1	0	1	0
           527	2024-05-07 12:13:04	1	0	1	0
           473	2024-05-07 12:23:46	1	0	1	0
           118	2024-05-07 12:23:53	1	0	1	0
           471	2024-05-07 12:24:00	1	0	1	0
           605	2024-05-07 12:24:03	1	0	1	0
           181	2024-05-07 12:25:21	1	0	1	0
           379	2024-05-07 12:26:36	1	0	1	0
           180	2024-05-07 12:26:54	1	0	1	0
           527	2024-05-07 12:28:21	1	0	1	0
            48	2024-05-07 12:33:59	1	0	1	0
            58	2024-05-07 12:34:07	1	0	1	0
            91	2024-05-07 12:34:35	1	0	1	0
           602	2024-05-07 12:42:06	1	0	1	0
           627	2024-05-07 12:45:50	1	0	1	0
           185	2024-05-07 12:45:55	1	0	1	0
           181	2024-05-07 12:45:58	1	0	1	0
           241	2024-05-07 12:48:27	1	0	1	0
            91	2024-05-07 12:53:42	1	0	1	0
           332	2024-05-07 13:07:37	1	0	1	0
           144	2024-05-07 13:22:01	1	0	1	0
           472	2024-05-07 13:33:19	1	0	1	0
           332	2024-05-07 13:43:39	1	0	1	0
           144	2024-05-07 13:52:14	1	0	1	0
           472	2024-05-07 13:56:35	1	0	1	0
           181	2024-05-07 17:00:04	1	0	1	0
           379	2024-05-07 17:01:56	1	0	1	0
           527	2024-05-07 17:02:54	1	0	1	0
            48	2024-05-07 17:03:37	1	0	1	0
            58	2024-05-07 17:03:47	1	0	1	0
           185	2024-05-07 17:08:26	1	0	1	0
           241	2024-05-07 17:10:11	1	0	1	0
           627	2024-05-07 17:16:44	1	0	1	0
           602	2024-05-07 17:21:57	1	0	1	0
           605	2024-05-07 17:24:51	1	0	1	0
           473	2024-05-07 17:25:29	1	0	1	0
            91	2024-05-07 17:25:48	1	0	1	0
           180	2024-05-07 17:28:17	1	0	1	0
           118	2024-05-07 17:28:38	1	0	1	0
           471	2024-05-07 17:32:56	1	0	1	0
           145	2024-05-07 18:03:21	1	0	1	0
           385	2024-05-07 18:15:43	1	0	1	0
           332	2024-05-07 18:21:24	1	0	1	0
           144	2024-05-07 19:08:46	1	0	1	0
           385	2024-05-08 06:12:19	1	0	1	0
            58	2024-05-08 06:32:29	1	0	1	0
           473	2024-05-08 06:42:14	1	0	1	0
            48	2024-05-08 07:21:13	1	0	1	0
           142	2024-05-08 07:23:21	1	0	1	0
           185	2024-05-08 07:27:11	1	0	1	0
           332	2024-05-08 07:30:30	1	0	1	0
            91	2024-05-08 07:30:36	1	0	1	0
           627	2024-05-08 07:34:00	1	0	1	0
           369	2024-05-08 07:34:15	1	0	1	0
           551	2024-05-08 07:35:32	1	0	15	0
           118	2024-05-08 07:36:40	1	0	1	0
           602	2024-05-08 07:44:46	1	0	1	0
           379	2024-05-08 07:45:13	1	0	1	0
            57	2024-05-08 07:46:35	1	0	1	0
           527	2024-05-08 07:47:51	1	0	1	0
           605	2024-05-08 07:48:41	1	0	1	0
           180	2024-05-08 07:48:48	1	0	1	0
            80	2024-05-08 07:53:52	1	0	1	0
           471	2024-05-08 07:57:38	1	0	1	0
           472	2024-05-08 07:57:44	1	0	1	0
           241	2024-05-08 08:01:44	1	0	1	0
           181	2024-05-08 08:01:59	1	0	1	0
           145	2024-05-08 08:28:01	1	0	1	0
           401	2024-05-08 08:52:31	1	0	1	0
           144	2024-05-08 09:12:43	1	0	1	0
           385	2024-05-08 11:40:16	1	0	1	0
            58	2024-05-08 12:00:07	1	0	1	0
           142	2024-05-08 12:00:27	1	0	1	0
           471	2024-05-08 12:00:56	1	0	1	0
           551	2024-05-08 12:01:43	1	0	15	0
           118	2024-05-08 12:01:56	1	0	1	0
            80	2024-05-08 12:02:11	1	0	1	0
           527	2024-05-08 12:02:22	1	0	1	0
           385	2024-05-08 12:02:26	1	0	1	0
           241	2024-05-08 12:02:33	1	0	1	0
           473	2024-05-08 12:03:01	1	0	1	0
           379	2024-05-08 12:03:53	1	0	1	0
           602	2024-05-08 12:03:59	1	0	1	0
           605	2024-05-08 12:04:07	1	0	1	0
           180	2024-05-08 12:05:33	1	0	1	0
           185	2024-05-08 12:05:48	1	0	1	0
            91	2024-05-08 12:06:26	1	0	1	0
           369	2024-05-08 12:12:27	1	0	1	0
           471	2024-05-08 12:16:57	1	0	1	0
           118	2024-05-08 12:17:12	1	0	1	0
            48	2024-05-08 12:18:35	1	0	1	0
           627	2024-05-08 12:21:42	1	0	1	0
           379	2024-05-08 12:22:04	1	0	1	0
            80	2024-05-08 12:22:41	1	0	1	0
           551	2024-05-08 12:22:53	1	0	15	0
            58	2024-05-08 12:24:18	1	0	1	0
           241	2024-05-08 12:31:28	1	0	1	0
           602	2024-05-08 12:32:45	1	0	1	0
           605	2024-05-08 12:32:49	1	0	1	0
           473	2024-05-08 12:36:35	1	0	1	0
           185	2024-05-08 12:37:02	1	0	1	0
           181	2024-05-08 12:37:09	1	0	1	0
           527	2024-05-08 12:38:59	1	0	1	0
            57	2024-05-08 12:40:31	1	0	1	0
            48	2024-05-08 12:44:38	1	0	1	0
           180	2024-05-08 12:47:44	1	0	1	0
           369	2024-05-08 12:51:31	1	0	1	0
            91	2024-05-08 12:51:55	1	0	1	0
            57	2024-05-08 12:56:42	1	0	1	0
           142	2024-05-08 12:59:53	1	0	1	0
           401	2024-05-08 13:03:16	1	0	1	0
           332	2024-05-08 13:13:36	1	0	1	0
           144	2024-05-08 13:18:28	1	0	1	0
           401	2024-05-08 13:18:32	1	0	1	0
           472	2024-05-08 13:26:55	1	0	1	0
           145	2024-05-08 13:37:35	1	0	1	0
           144	2024-05-08 13:43:39	1	0	1	0
           472	2024-05-08 13:50:27	1	0	1	0
           332	2024-05-08 13:53:27	1	0	1	0
           145	2024-05-08 13:54:59	1	0	1	0
            57	2024-05-08 17:00:22	1	0	1	0
           369	2024-05-08 17:00:35	1	0	1	0
           181	2024-05-08 17:00:42	1	0	1	0
            48	2024-05-08 17:01:00	1	0	1	0
            58	2024-05-08 17:01:20	1	0	1	0
           551	2024-05-08 17:02:37	1	0	15	0
           379	2024-05-08 17:02:48	1	0	1	0
           185	2024-05-08 17:03:24	1	0	1	0
           527	2024-05-08 17:03:29	1	0	1	0
           471	2024-05-08 17:05:08	1	0	1	0
           627	2024-05-08 17:05:26	1	0	1	0
           473	2024-05-08 17:07:15	1	0	1	0
           602	2024-05-08 17:08:24	1	0	1	0
           605	2024-05-08 17:08:28	1	0	1	0
           118	2024-05-08 17:09:19	1	0	1	0
           180	2024-05-08 17:11:17	1	0	1	0
           241	2024-05-08 17:14:53	1	0	1	0
            91	2024-05-08 17:18:44	1	0	1	0
            80	2024-05-08 17:23:02	1	0	1	0
           385	2024-05-08 17:23:14	1	0	1	0
           142	2024-05-08 17:47:39	1	0	1	0
           472	2024-05-08 18:01:20	1	0	1	0
           145	2024-05-08 18:14:01	1	0	1	0
           332	2024-05-08 18:19:14	1	0	1	0
           144	2024-05-08 18:21:51	1	0	1	0
           401	2024-05-08 18:21:57	1	0	1	0
           385	2024-05-09 05:53:43	1	0	1	0
            58	2024-05-09 06:33:33	1	0	1	0
           473	2024-05-09 07:21:26	1	0	1	0
           627	2024-05-09 07:23:45	1	0	1	0
           118	2024-05-09 07:33:54	1	0	1	0
           185	2024-05-09 07:34:16	1	0	1	0
            91	2024-05-09 07:35:10	1	0	1	0
            48	2024-05-09 07:38:18	1	0	1	0
           181	2024-05-09 07:38:25	1	0	1	0
           551	2024-05-09 07:41:10	1	0	15	0
           602	2024-05-09 07:42:36	1	0	1	0
           605	2024-05-09 07:47:06	1	0	1	0
           241	2024-05-09 07:48:01	1	0	1	0
           142	2024-05-09 07:48:12	1	0	1	0
           379	2024-05-09 07:50:26	1	0	1	0
           527	2024-05-09 07:51:50	1	0	1	0
           180	2024-05-09 07:54:13	1	0	1	0
            57	2024-05-09 07:56:06	1	0	1	0
           471	2024-05-09 07:58:05	1	0	1	0
           472	2024-05-09 07:58:11	1	0	1	0
            80	2024-05-09 08:02:02	1	0	1	0
           187	2024-05-09 08:15:50	1	0	1	0
           145	2024-05-09 08:26:11	1	0	1	0
           401	2024-05-09 09:06:10	1	0	1	0
           144	2024-05-09 09:26:08	1	0	1	0
           332	2024-05-09 11:13:33	1	0	1	0
           385	2024-05-09 11:34:14	1	0	1	0
           187	2024-05-09 12:01:10	1	0	1	0
            57	2024-05-09 12:01:18	1	0	1	0
            48	2024-05-09 12:01:39	1	0	1	0
            58	2024-05-09 12:01:46	1	0	1	0
           142	2024-05-09 12:01:56	1	0	1	0
           369	2024-05-09 12:02:31	1	0	1	0
           602	2024-05-09 12:02:59	1	0	1	0
           605	2024-05-09 12:03:01	1	0	1	0
           473	2024-05-09 12:03:12	1	0	1	0
            80	2024-05-09 12:05:28	1	0	1	0
           551	2024-05-09 12:05:34	1	0	15	0
           627	2024-05-09 12:11:09	1	0	1	0
           385	2024-05-09 12:11:19	1	0	1	0
           180	2024-05-09 12:11:27	1	0	1	0
           185	2024-05-09 12:11:31	1	0	1	0
           527	2024-05-09 12:11:35	1	0	1	0
           181	2024-05-09 12:11:45	1	0	1	0
           379	2024-05-09 12:11:55	1	0	1	0
           471	2024-05-09 12:12:35	1	0	1	0
           118	2024-05-09 12:12:40	1	0	1	0
           241	2024-05-09 12:15:34	1	0	1	0
            57	2024-05-09 12:16:35	1	0	1	0
           187	2024-05-09 12:17:59	1	0	1	0
            48	2024-05-09 12:18:07	1	0	1	0
            58	2024-05-09 12:18:16	1	0	1	0
            91	2024-05-09 12:19:59	1	0	1	0
            80	2024-05-09 12:21:30	1	0	1	0
           551	2024-05-09 12:21:38	1	0	15	0
           605	2024-05-09 12:26:43	1	0	1	0
           602	2024-05-09 12:26:49	1	0	1	0
           379	2024-05-09 12:27:24	1	0	1	0
           118	2024-05-09 12:27:42	1	0	1	0
           471	2024-05-09 12:27:48	1	0	1	0
           473	2024-05-09 12:31:59	1	0	1	0
           241	2024-05-09 12:41:04	1	0	1	0
           527	2024-05-09 12:41:12	1	0	1	0
           181	2024-05-09 12:41:15	1	0	1	0
           185	2024-05-09 12:41:24	1	0	1	0
           180	2024-05-09 12:41:31	1	0	1	0
            91	2024-05-09 12:41:51	1	0	1	0
           142	2024-05-09 12:48:30	1	0	1	0
           369	2024-05-09 12:51:09	1	0	1	0
           627	2024-05-09 13:00:03	1	0	1	0
           332	2024-05-09 13:01:45	1	0	1	0
           145	2024-05-09 13:08:44	1	0	1	0
           401	2024-05-09 13:08:49	1	0	1	0
           144	2024-05-09 13:20:54	1	0	1	0
           472	2024-05-09 13:25:49	1	0	1	0
           145	2024-05-09 13:46:45	1	0	1	0
           401	2024-05-09 13:46:54	1	0	1	0
           332	2024-05-09 13:53:45	1	0	1	0
           144	2024-05-09 13:54:43	1	0	1	0
           472	2024-05-09 13:58:59	1	0	1	0
            57	2024-05-09 17:00:07	1	0	1	0
            48	2024-05-09 17:00:14	1	0	1	0
            58	2024-05-09 17:00:22	1	0	1	0
           187	2024-05-09 17:00:40	1	0	1	0
           369	2024-05-09 17:01:49	1	0	1	0
           379	2024-05-09 17:02:02	1	0	1	0
           551	2024-05-09 17:02:27	1	0	15	0
            80	2024-05-09 17:03:51	1	0	1	0
            91	2024-05-09 17:05:30	1	0	1	0
           185	2024-05-09 17:06:13	1	0	1	0
           241	2024-05-09 17:08:06	1	0	1	0
           602	2024-05-09 17:08:18	1	0	1	0
           181	2024-05-09 17:08:24	1	0	1	0
           605	2024-05-09 17:08:37	1	0	1	0
           527	2024-05-09 17:10:02	1	0	1	0
           180	2024-05-09 17:11:15	1	0	1	0
           627	2024-05-09 17:11:23	1	0	1	0
           385	2024-05-09 17:11:29	1	0	1	0
           118	2024-05-09 17:13:18	1	0	1	0
           471	2024-05-09 17:18:02	1	0	1	0
           473	2024-05-09 17:21:47	1	0	1	0
           142	2024-05-09 17:51:17	1	0	1	0
           472	2024-05-09 18:01:30	1	0	1	0
           145	2024-05-09 18:07:42	1	0	1	0
           401	2024-05-09 18:07:49	1	0	1	0
           332	2024-05-09 18:08:16	1	0	1	0
           144	2024-05-09 18:56:51	1	0	1	0
           385	2024-05-10 04:15:56	1	0	1	0
           181	2024-05-10 06:05:11	1	0	1	0
            58	2024-05-10 06:38:44	1	0	1	0
           605	2024-05-10 07:12:22	1	0	1	0
           187	2024-05-10 07:17:26	1	0	1	0
           473	2024-05-10 07:22:44	1	0	1	0
            48	2024-05-10 07:23:26	1	0	1	0
            91	2024-05-10 07:27:03	1	0	1	0
           185	2024-05-10 07:27:07	1	0	1	0
           379	2024-05-10 07:38:15	1	0	1	0
           551	2024-05-10 07:42:02	1	0	15	0
           527	2024-05-10 07:43:39	1	0	1	0
           142	2024-05-10 07:47:08	1	0	1	0
           627	2024-05-10 07:53:30	1	0	1	0
           471	2024-05-10 07:55:40	1	0	1	0
           472	2024-05-10 07:55:52	1	0	1	0
           602	2024-05-10 07:56:50	1	0	1	0
           118	2024-05-10 07:57:15	1	0	1	0
            80	2024-05-10 07:58:28	1	0	1	0
           180	2024-05-10 08:00:41	1	0	1	0
           369	2024-05-10 08:04:14	1	0	1	0
           241	2024-05-10 08:04:44	1	0	1	0
           145	2024-05-10 08:42:33	1	0	1	0
           332	2024-05-10 08:43:17	1	0	1	0
           401	2024-05-10 09:07:23	1	0	1	0
           144	2024-05-10 09:20:58	1	0	1	0
           385	2024-05-10 11:37:05	1	0	1	0
           471	2024-05-10 12:03:30	1	0	1	0
           118	2024-05-10 12:04:20	1	0	1	0
           473	2024-05-10 12:04:28	1	0	1	0
           551	2024-05-10 12:05:55	1	0	15	0
            80	2024-05-10 12:06:00	1	0	1	0
           605	2024-05-10 12:06:04	1	0	1	0
           602	2024-05-10 12:06:24	1	0	1	0
           369	2024-05-10 12:06:59	1	0	1	0
            58	2024-05-10 12:08:28	1	0	1	0
           241	2024-05-10 12:09:24	1	0	1	0
           180	2024-05-10 12:10:37	1	0	1	0
           142	2024-05-10 12:14:51	1	0	1	0
            91	2024-05-10 12:15:07	1	0	1	0
           527	2024-05-10 12:15:35	1	0	1	0
           181	2024-05-10 12:15:50	1	0	1	0
           185	2024-05-10 12:16:12	1	0	1	0
           379	2024-05-10 12:17:27	1	0	1	0
            80	2024-05-10 12:25:44	1	0	1	0
           551	2024-05-10 12:25:52	1	0	15	0
           471	2024-05-10 12:27:52	1	0	1	0
           118	2024-05-10 12:28:19	1	0	1	0
           187	2024-05-10 12:28:40	1	0	1	0
            48	2024-05-10 12:28:49	1	0	1	0
           379	2024-05-10 12:38:41	1	0	1	0
           473	2024-05-10 12:39:04	1	0	1	0
           605	2024-05-10 12:39:08	1	0	1	0
           602	2024-05-10 12:39:11	1	0	1	0
           185	2024-05-10 12:43:06	1	0	1	0
           181	2024-05-10 12:43:11	1	0	1	0
           627	2024-05-10 12:43:14	1	0	1	0
           241	2024-05-10 12:45:17	1	0	1	0
           369	2024-05-10 12:45:42	1	0	1	0
            58	2024-05-10 12:45:54	1	0	1	0
            91	2024-05-10 12:46:20	1	0	1	0
           187	2024-05-10 12:46:26	1	0	1	0
            48	2024-05-10 12:46:32	1	0	1	0
           180	2024-05-10 12:49:09	1	0	1	0
           527	2024-05-10 12:49:34	1	0	1	0
           142	2024-05-10 12:50:55	1	0	1	0
           145	2024-05-10 13:03:12	1	0	1	0
           401	2024-05-10 13:03:20	1	0	1	0
           472	2024-05-10 13:05:03	1	0	1	0
           145	2024-05-10 13:20:59	1	0	1	0
           401	2024-05-10 13:21:05	1	0	1	0
           332	2024-05-10 13:34:38	1	0	1	0
           472	2024-05-10 13:49:07	1	0	1	0
           332	2024-05-10 13:55:38	1	0	1	0
            58	2024-05-10 17:00:16	1	0	1	0
            48	2024-05-10 17:00:25	1	0	1	0
           369	2024-05-10 17:00:38	1	0	1	0
           379	2024-05-10 17:04:22	1	0	1	0
           551	2024-05-10 17:05:14	1	0	15	0
           142	2024-05-10 17:10:53	1	0	1	0
           527	2024-05-10 17:17:42	1	0	1	0
           118	2024-05-10 17:17:57	1	0	1	0
           471	2024-05-10 17:18:02	1	0	1	0
           605	2024-05-10 17:19:15	1	0	1	0
           241	2024-05-10 17:19:21	1	0	1	0
           602	2024-05-10 17:21:13	1	0	1	0
           473	2024-05-10 17:22:26	1	0	1	0
            80	2024-05-10 17:25:23	1	0	1	0
           627	2024-05-10 17:28:56	1	0	1	0
           181	2024-05-10 17:48:25	1	0	1	0
           187	2024-05-10 17:52:42	1	0	1	0
           385	2024-05-10 17:54:44	1	0	1	0
           472	2024-05-10 18:00:04	1	0	1	0
           145	2024-05-10 18:09:08	1	0	1	0
           332	2024-05-10 18:12:51	1	0	1	0
           144	2024-05-10 18:33:06	1	0	1	0
           401	2024-05-10 18:38:14	1	0	1	0
            91	2024-05-10 18:39:26	1	0	1	0
           185	2024-05-10 18:41:37	1	0	1	0
           385	2024-05-13 05:21:50	1	0	1	0
            58	2024-05-13 06:48:58	1	0	1	0
            80	2024-05-13 07:03:19	1	0	1	0
           602	2024-05-13 07:07:06	1	0	1	0
           187	2024-05-13 07:08:14	1	0	1	0
            48	2024-05-13 07:26:50	1	0	1	0
           473	2024-05-13 07:35:28	1	0	1	0
           527	2024-05-13 07:36:10	1	0	1	0
           118	2024-05-13 07:38:23	1	0	1	0
           181	2024-05-13 07:39:14	1	0	1	0
           472	2024-05-13 07:41:34	1	0	1	0
           471	2024-05-13 07:42:55	1	0	1	0
           551	2024-05-13 07:43:41	1	0	1	0
           605	2024-05-13 07:44:20	1	0	1	0
           379	2024-05-13 07:44:51	1	0	1	0
           142	2024-05-13 07:48:22	1	0	1	0
           185	2024-05-13 07:48:56	1	0	1	0
            91	2024-05-13 07:49:51	1	0	1	0
           241	2024-05-13 07:59:20	1	0	1	0
           627	2024-05-13 08:01:07	1	0	1	0
            57	2024-05-13 08:05:44	1	0	1	0
           401	2024-05-13 08:09:59	1	0	1	0
           369	2024-05-13 08:13:45	1	0	1	0
           145	2024-05-13 08:28:29	1	0	1	0
           332	2024-05-13 11:04:23	1	0	1	0
           385	2024-05-13 11:42:13	1	0	1	0
            57	2024-05-13 12:00:16	1	0	1	0
           142	2024-05-13 12:00:47	1	0	1	0
           187	2024-05-13 12:00:57	1	0	1	0
            48	2024-05-13 12:01:07	1	0	1	0
           379	2024-05-13 12:01:15	1	0	1	0
           527	2024-05-13 12:01:23	1	0	1	0
           551	2024-05-13 12:01:59	1	0	1	0
            80	2024-05-13 12:02:15	1	0	1	0
           473	2024-05-13 12:03:55	1	0	1	0
           602	2024-05-13 12:04:01	1	0	1	0
           605	2024-05-13 12:04:05	1	0	1	0
           471	2024-05-13 12:05:15	1	0	1	0
           369	2024-05-13 12:06:16	1	0	1	0
           241	2024-05-13 12:08:32	1	0	1	0
           385	2024-05-13 12:12:26	1	0	1	0
           627	2024-05-13 12:16:35	1	0	1	0
           185	2024-05-13 12:17:28	1	0	1	0
            80	2024-05-13 12:20:41	1	0	1	0
           551	2024-05-13 12:20:54	1	0	1	0
           118	2024-05-13 12:21:14	1	0	1	0
            48	2024-05-13 12:21:20	1	0	1	0
           187	2024-05-13 12:21:25	1	0	1	0
            57	2024-05-13 12:22:54	1	0	1	0
           369	2024-05-13 12:33:23	1	0	1	0
            91	2024-05-13 12:35:56	1	0	1	0
           627	2024-05-13 12:43:01	1	0	1	0
           241	2024-05-13 12:46:28	1	0	1	0
           602	2024-05-13 12:48:03	1	0	1	0
           605	2024-05-13 12:48:41	1	0	1	0
           473	2024-05-13 12:48:49	1	0	1	0
           471	2024-05-13 12:49:35	1	0	1	0
           118	2024-05-13 12:49:39	1	0	1	0
           185	2024-05-13 12:50:20	1	0	1	0
           142	2024-05-13 12:50:55	1	0	1	0
            91	2024-05-13 12:53:12	1	0	1	0
           379	2024-05-13 12:53:37	1	0	1	0
           527	2024-05-13 12:54:22	1	0	1	0
           332	2024-05-13 13:14:51	1	0	1	0
           145	2024-05-13 13:20:25	1	0	1	0
           401	2024-05-13 13:26:35	1	0	1	0
           332	2024-05-13 13:46:00	1	0	1	0
           472	2024-05-13 13:53:16	1	0	1	0
           145	2024-05-13 13:57:48	1	0	1	0
           473	2024-05-13 16:59:02	1	0	1	0
           605	2024-05-13 17:00:12	1	0	1	0
           602	2024-05-13 17:00:23	1	0	1	0
            58	2024-05-13 17:01:32	1	0	1	0
            48	2024-05-13 17:01:41	1	0	1	0
           187	2024-05-13 17:01:50	1	0	1	0
            57	2024-05-13 17:01:59	1	0	1	0
           379	2024-05-13 17:02:04	1	0	1	0
           142	2024-05-13 17:03:33	1	0	1	0
           551	2024-05-13 17:06:22	1	0	1	0
            80	2024-05-13 17:11:31	1	0	1	0
           369	2024-05-13 17:20:44	1	0	1	0
            91	2024-05-13 17:42:54	1	0	1	0
           241	2024-05-13 17:49:18	1	0	1	0
           471	2024-05-13 17:56:36	1	0	1	0
           118	2024-05-13 17:57:35	1	0	1	0
           472	2024-05-13 18:00:13	1	0	1	0
           332	2024-05-13 18:03:44	1	0	1	0
           401	2024-05-13 18:04:09	1	0	1	0
           145	2024-05-13 18:05:12	1	0	1	0
           627	2024-05-13 19:09:29	1	0	1	0
           181	2024-05-13 19:10:04	1	0	1	0
           527	2024-05-13 19:10:09	1	0	1	0
           185	2024-05-13 19:11:39	1	0	1	0
           385	2024-05-13 19:12:36	1	0	1	0
           385	2024-05-14 05:55:13	1	0	1	0
            58	2024-05-14 06:36:46	1	0	1	0
           187	2024-05-14 07:13:44	1	0	1	0
            48	2024-05-14 07:24:35	1	0	1	0
           185	2024-05-14 07:29:16	1	0	1	0
            91	2024-05-14 07:29:57	1	0	1	0
           527	2024-05-14 07:32:00	1	0	1	0
           627	2024-05-14 07:35:26	1	0	1	0
           605	2024-05-14 07:36:38	1	0	1	0
           118	2024-05-14 07:38:37	1	0	1	0
           472	2024-05-14 07:45:18	1	0	1	0
           471	2024-05-14 07:45:26	1	0	1	0
           551	2024-05-14 07:46:46	1	0	1	0
           602	2024-05-14 07:48:02	1	0	1	0
           473	2024-05-14 07:51:39	1	0	1	0
           241	2024-05-14 07:52:13	1	0	1	0
           181	2024-05-14 07:53:45	1	0	1	0
           142	2024-05-14 07:56:50	1	0	1	0
            80	2024-05-14 07:58:02	1	0	1	0
           180	2024-05-14 08:00:06	1	0	1	0
            57	2024-05-14 08:00:51	1	0	1	0
           379	2024-05-14 08:03:36	1	0	1	0
           369	2024-05-14 08:16:28	1	0	1	0
           145	2024-05-14 08:27:16	1	0	1	0
           332	2024-05-14 08:56:19	1	0	1	0
           401	2024-05-14 09:04:25	1	0	1	0
           385	2024-05-14 11:37:54	1	0	1	0
           473	2024-05-14 12:01:31	1	0	1	0
           602	2024-05-14 12:01:42	1	0	1	0
           605	2024-05-14 12:01:54	1	0	1	0
           471	2024-05-14 12:02:08	1	0	1	0
           142	2024-05-14 12:02:48	1	0	1	0
            58	2024-05-14 12:02:57	1	0	1	0
            80	2024-05-14 12:04:45	1	0	1	0
           551	2024-05-14 12:04:52	1	0	1	0
           118	2024-05-14 12:05:31	1	0	1	0
           187	2024-05-14 12:07:20	1	0	1	0
           379	2024-05-14 12:08:31	1	0	1	0
           627	2024-05-14 12:08:38	1	0	1	0
           241	2024-05-14 12:09:06	1	0	1	0
           180	2024-05-14 12:09:21	1	0	1	0
           527	2024-05-14 12:09:27	1	0	1	0
           181	2024-05-14 12:09:37	1	0	1	0
           185	2024-05-14 12:10:25	1	0	1	0
            91	2024-05-14 12:11:53	1	0	1	0
           385	2024-05-14 12:13:42	1	0	1	0
           473	2024-05-14 12:21:28	1	0	1	0
           118	2024-05-14 12:21:47	1	0	1	0
            58	2024-05-14 12:22:05	1	0	1	0
            80	2024-05-14 12:22:13	1	0	1	0
            48	2024-05-14 12:25:17	1	0	1	0
           369	2024-05-14 12:26:16	1	0	1	0
           187	2024-05-14 12:26:42	1	0	1	0
           471	2024-05-14 12:27:12	1	0	1	0
            57	2024-05-14 12:28:41	1	0	1	0
           627	2024-05-14 12:32:25	1	0	1	0
           379	2024-05-14 12:35:26	1	0	1	0
           241	2024-05-14 12:38:24	1	0	1	0
           602	2024-05-14 12:41:28	1	0	1	0
           605	2024-05-14 12:41:33	1	0	1	0
            48	2024-05-14 12:44:15	1	0	1	0
            91	2024-05-14 12:45:57	1	0	1	0
           369	2024-05-14 12:47:26	1	0	1	0
            57	2024-05-14 12:50:10	1	0	1	0
           527	2024-05-14 12:50:26	1	0	1	0
           180	2024-05-14 12:50:31	1	0	1	0
           181	2024-05-14 12:50:41	1	0	1	0
           185	2024-05-14 12:51:18	1	0	1	0
           142	2024-05-14 12:51:55	1	0	1	0
           472	2024-05-14 13:00:23	1	0	1	0
           145	2024-05-14 13:09:48	1	0	1	0
           401	2024-05-14 13:10:08	1	0	1	0
           332	2024-05-14 13:10:40	1	0	1	0
           472	2024-05-14 13:17:44	1	0	1	0
           145	2024-05-14 13:47:39	1	0	1	0
           401	2024-05-14 13:47:49	1	0	1	0
           332	2024-05-14 13:48:22	1	0	1	0
           379	2024-05-14 17:01:49	1	0	1	0
            48	2024-05-14 17:02:00	1	0	1	0
            58	2024-05-14 17:02:33	1	0	1	0
            57	2024-05-14 17:02:41	1	0	1	0
           241	2024-05-14 17:05:37	1	0	1	0
           473	2024-05-14 17:05:47	1	0	1	0
           627	2024-05-14 17:06:01	1	0	1	0
           180	2024-05-14 17:07:08	1	0	1	0
           187	2024-05-14 17:07:33	1	0	1	0
           369	2024-05-14 17:08:27	1	0	1	0
           602	2024-05-14 17:12:59	1	0	1	0
           605	2024-05-14 17:13:07	1	0	1	0
           142	2024-05-14 17:14:25	1	0	1	0
           185	2024-05-14 17:15:30	1	0	1	0
           181	2024-05-14 17:15:35	1	0	1	0
           527	2024-05-14 17:16:01	1	0	1	0
           118	2024-05-14 17:18:16	1	0	1	0
           471	2024-05-14 17:18:33	1	0	1	0
            80	2024-05-14 17:24:47	1	0	1	0
           385	2024-05-14 17:32:15	1	0	1	0
            91	2024-05-14 17:57:55	1	0	1	0
           472	2024-05-14 18:02:22	1	0	1	0
           332	2024-05-14 18:03:59	1	0	1	0
           401	2024-05-14 18:42:47	1	0	1	0
           145	2024-05-14 18:56:59	1	0	1	0
           527	2024-05-15 05:56:28	1	0	1	0
            58	2024-05-15 06:34:34	1	0	1	0
           142	2024-05-15 07:36:32	1	0	1	0
            48	2024-05-15 07:38:42	1	0	1	0
           473	2024-05-15 07:40:19	1	0	1	0
           118	2024-05-15 07:44:07	1	0	1	0
           369	2024-05-15 07:48:07	1	0	1	0
           602	2024-05-15 07:48:31	1	0	1	0
           551	2024-05-15 07:48:41	1	0	1	0
           471	2024-05-15 07:51:14	1	0	1	0
           472	2024-05-15 07:51:19	1	0	1	0
            80	2024-05-15 07:52:07	1	0	1	0
           605	2024-05-15 07:54:58	1	0	1	0
            57	2024-05-15 07:58:16	1	0	1	0
           145	2024-05-15 08:14:51	1	0	1	0
           332	2024-05-15 08:56:46	1	0	1	0
           401	2024-05-15 08:58:40	1	0	1	0
           187	2024-05-15 12:00:13	1	0	1	0
            48	2024-05-15 12:00:18	1	0	1	0
           369	2024-05-15 12:00:25	1	0	1	0
           471	2024-05-15 12:00:37	1	0	1	0
           602	2024-05-15 12:01:08	1	0	1	0
           473	2024-05-15 12:01:19	1	0	1	0
           605	2024-05-15 12:01:25	1	0	1	0
           142	2024-05-15 12:02:22	1	0	1	0
            57	2024-05-15 12:02:50	1	0	1	0
            58	2024-05-15 12:04:36	1	0	1	0
            80	2024-05-15 12:05:16	1	0	1	0
           551	2024-05-15 12:05:19	1	0	1	0
           118	2024-05-15 12:06:52	1	0	1	0
           369	2024-05-15 12:17:23	1	0	1	0
           187	2024-05-15 12:18:07	1	0	1	0
            48	2024-05-15 12:18:15	1	0	1	0
           551	2024-05-15 12:22:23	1	0	1	0
            80	2024-05-15 12:22:30	1	0	1	0
           473	2024-05-15 12:24:23	1	0	1	0
            58	2024-05-15 12:25:15	1	0	1	0
            57	2024-05-15 12:27:33	1	0	1	0
           471	2024-05-15 12:29:43	1	0	1	0
           118	2024-05-15 12:31:12	1	0	1	0
           605	2024-05-15 12:31:19	1	0	1	0
           602	2024-05-15 12:31:23	1	0	1	0
           142	2024-05-15 12:47:18	1	0	1	0
           332	2024-05-15 13:08:43	1	0	1	0
           145	2024-05-15 13:17:12	1	0	1	0
           401	2024-05-15 13:17:23	1	0	1	0
           472	2024-05-15 13:19:06	1	0	1	0
           332	2024-05-15 13:29:59	1	0	1	0
           145	2024-05-15 13:49:21	1	0	1	0
           401	2024-05-15 13:49:29	1	0	1	0
           472	2024-05-15 13:52:11	1	0	1	0
            57	2024-05-15 17:00:07	1	0	1	0
            48	2024-05-15 17:00:22	1	0	1	0
            58	2024-05-15 17:01:00	1	0	1	0
            80	2024-05-15 17:03:45	1	0	1	0
           551	2024-05-15 17:03:52	1	0	1	0
           602	2024-05-15 17:05:41	1	0	1	0
           605	2024-05-15 17:05:50	1	0	1	0
           369	2024-05-15 17:18:01	1	0	1	0
           142	2024-05-15 17:28:05	1	0	1	0
           118	2024-05-15 17:30:57	1	0	1	0
           471	2024-05-15 17:54:36	1	0	1	0
           472	2024-05-15 18:00:06	1	0	1	0
           473	2024-05-15 18:01:01	1	0	1	0
           145	2024-05-15 18:11:17	1	0	1	0
           401	2024-05-15 18:11:36	1	0	1	0
           332	2024-05-15 18:11:48	1	0	1	0
            58	2024-05-16 06:37:04	1	0	1	0
           118	2024-05-16 07:43:04	1	0	1	0
           551	2024-05-16 07:44:52	1	0	1	0
            48	2024-05-16 07:45:55	1	0	1	0
           605	2024-05-16 07:46:33	1	0	1	0
           473	2024-05-16 07:46:41	1	0	1	0
           602	2024-05-16 07:48:06	1	0	1	0
            57	2024-05-16 07:52:51	1	0	1	0
            80	2024-05-16 07:55:48	1	0	1	0
           142	2024-05-16 07:56:04	1	0	1	0
           472	2024-05-16 08:00:04	1	0	1	0
           471	2024-05-16 08:00:12	1	0	1	0
           369	2024-05-16 08:00:19	1	0	1	0
           145	2024-05-16 08:34:06	1	0	1	0
           332	2024-05-16 08:56:03	1	0	1	0
           401	2024-05-16 09:07:00	1	0	1	0
           144	2024-05-16 09:41:34	1	0	1	0
            57	2024-05-16 12:00:06	1	0	1	0
            58	2024-05-16 12:00:19	1	0	1	0
            48	2024-05-16 12:00:30	1	0	1	0
            80	2024-05-16 12:02:17	1	0	1	0
           551	2024-05-16 12:02:30	1	0	1	0
           473	2024-05-16 12:03:45	1	0	1	0
           605	2024-05-16 12:03:57	1	0	1	0
           471	2024-05-16 12:04:04	1	0	1	0
           602	2024-05-16 12:04:42	1	0	1	0
           142	2024-05-16 12:06:25	1	0	1	0
           369	2024-05-16 12:07:51	1	0	1	0
           471	2024-05-16 12:19:06	1	0	1	0
           551	2024-05-16 12:23:43	1	0	1	0
           473	2024-05-16 12:23:55	1	0	1	0
            80	2024-05-16 12:24:10	1	0	1	0
           605	2024-05-16 12:24:16	1	0	1	0
           369	2024-05-16 12:25:26	1	0	1	0
            58	2024-05-16 12:26:06	1	0	1	0
            48	2024-05-16 12:26:15	1	0	1	0
           602	2024-05-16 12:33:41	1	0	1	0
           142	2024-05-16 12:56:10	1	0	1	0
           332	2024-05-16 13:08:41	1	0	1	0
           145	2024-05-16 13:15:06	1	0	1	0
           401	2024-05-16 13:15:15	1	0	1	0
           144	2024-05-16 13:15:28	1	0	1	0
           472	2024-05-16 13:19:20	1	0	1	0
           332	2024-05-16 13:36:11	1	0	1	0
           472	2024-05-16 13:46:51	1	0	1	0
           145	2024-05-16 13:52:57	1	0	1	0
           401	2024-05-16 13:53:09	1	0	1	0
           144	2024-05-16 13:53:48	1	0	1	0
            48	2024-05-16 17:00:14	1	0	1	0
            58	2024-05-16 17:00:33	1	0	1	0
            80	2024-05-16 17:02:34	1	0	1	0
           551	2024-05-16 17:02:43	1	0	1	0
            57	2024-05-16 17:03:16	1	0	1	0
           142	2024-05-16 17:11:23	1	0	1	0
           369	2024-05-16 17:23:39	1	0	1	0
           602	2024-05-16 17:25:17	1	0	1	0
           118	2024-05-16 17:33:03	1	0	1	0
           605	2024-05-16 17:33:48	1	0	1	0
           473	2024-05-16 17:33:56	1	0	1	0
           471	2024-05-16 17:34:41	1	0	1	0
           472	2024-05-16 18:00:04	1	0	1	0
           145	2024-05-16 18:07:06	1	0	1	0
           401	2024-05-16 18:17:03	1	0	1	0
           332	2024-05-16 18:18:21	1	0	1	0
           144	2024-05-16 18:55:54	1	0	1	0
           473	2024-05-17 06:28:32	1	0	1	0
            58	2024-05-17 06:40:08	1	0	1	0
           602	2024-05-17 06:59:55	1	0	1	0
           605	2024-05-17 07:03:04	1	0	1	0
            48	2024-05-17 07:23:33	1	0	1	0
           118	2024-05-17 07:25:52	1	0	1	0
           142	2024-05-17 07:28:29	1	0	1	0
           551	2024-05-17 07:47:52	1	0	1	0
           187	2024-05-17 07:49:28	1	0	1	0
            57	2024-05-17 07:50:39	1	0	1	0
           471	2024-05-17 07:54:38	1	0	1	0
           472	2024-05-17 07:54:44	1	0	1	0
            80	2024-05-17 07:56:20	1	0	1	0
           401	2024-05-17 08:11:46	1	0	1	0
           145	2024-05-17 08:18:05	1	0	1	0
           369	2024-05-17 08:25:36	1	0	1	0
           332	2024-05-17 08:57:30	1	0	1	0
           144	2024-05-17 10:49:58	1	0	1	0
           471	2024-05-17 12:00:28	1	0	1	0
            80	2024-05-17 12:00:50	1	0	1	0
           551	2024-05-17 12:00:58	1	0	1	0
            57	2024-05-17 12:02:04	1	0	1	0
           187	2024-05-17 12:02:30	1	0	1	0
           142	2024-05-17 12:02:40	1	0	1	0
            48	2024-05-17 12:03:06	1	0	1	0
            58	2024-05-17 12:03:27	1	0	1	0
           118	2024-05-17 12:07:07	1	0	1	0
           471	2024-05-17 12:23:57	1	0	1	0
           551	2024-05-17 12:34:20	1	0	1	0
            57	2024-05-17 12:34:40	1	0	1	0
            58	2024-05-17 12:35:14	1	0	1	0
            48	2024-05-17 12:35:23	1	0	1	0
           187	2024-05-17 12:36:36	1	0	1	0
           118	2024-05-17 12:42:26	1	0	1	0
            80	2024-05-17 12:47:47	1	0	1	0
           142	2024-05-17 13:00:17	1	0	1	0
           332	2024-05-17 13:05:12	1	0	1	0
           472	2024-05-17 13:14:33	1	0	1	0
           145	2024-05-17 13:25:45	1	0	1	0
           332	2024-05-17 13:27:08	1	0	1	0
           144	2024-05-17 13:45:21	1	0	1	0
           142	2024-05-17 17:01:16	1	0	1	0
            57	2024-05-17 17:02:34	1	0	1	0
            58	2024-05-17 17:04:55	1	0	1	0
           551	2024-05-17 17:11:46	1	0	1	0
            80	2024-05-17 17:12:00	1	0	1	0
           118	2024-05-17 17:21:02	1	0	1	0
           602	2024-05-17 17:21:20	1	0	1	0
           605	2024-05-17 17:21:29	1	0	1	0
           473	2024-05-17 17:21:47	1	0	1	0
           332	2024-05-17 18:00:11	1	0	1	0
           145	2024-05-17 18:05:00	1	0	1	0
            48	2024-05-17 18:40:50	1	0	1	0
           187	2024-05-17 19:33:44	1	0	1	0
           401	2024-05-17 19:33:53	1	0	1	0
           144	2024-05-17 19:54:40	1	0	1	0
           369	2024-05-17 21:11:04	1	0	1	0
           473	2024-05-19 06:23:55	1	0	1	0
           473	2024-05-19 12:15:17	1	0	1	0
           473	2024-05-19 12:38:49	1	0	1	0
           385	2024-05-20 04:34:27	1	0	1	0
            58	2024-05-20 06:28:06	1	0	1	0
           473	2024-05-20 06:56:48	1	0	1	0
           180	2024-05-20 06:57:34	1	0	1	0
           602	2024-05-20 07:04:12	1	0	1	0
           241	2024-05-20 07:10:22	1	0	1	0
           627	2024-05-20 07:18:58	1	0	1	0
           401	2024-05-20 07:29:49	1	0	1	0
           379	2024-05-20 07:30:40	1	0	1	0
           551	2024-05-20 07:32:33	1	0	1	0
            91	2024-05-20 07:35:20	1	0	1	0
           185	2024-05-20 07:36:30	1	0	1	0
           527	2024-05-20 07:45:53	1	0	1	0
            48	2024-05-20 07:48:12	1	0	1	0
           142	2024-05-20 07:50:44	1	0	1	0
           605	2024-05-20 07:50:48	1	0	1	0
           181	2024-05-20 07:57:38	1	0	1	0
            57	2024-05-20 07:59:35	1	0	1	0
            80	2024-05-20 08:00:14	1	0	1	0
           145	2024-05-20 08:10:19	1	0	1	0
           472	2024-05-20 08:14:42	1	0	1	0
           369	2024-05-20 08:22:28	1	0	1	0
           332	2024-05-20 08:52:50	1	0	1	0
           144	2024-05-20 09:21:26	1	0	1	0
           385	2024-05-20 11:43:54	1	0	1	0
           142	2024-05-20 12:01:05	1	0	1	0
            48	2024-05-20 12:01:25	1	0	1	0
            58	2024-05-20 12:01:53	1	0	1	0
            80	2024-05-20 12:04:27	1	0	1	0
           602	2024-05-20 12:04:59	1	0	1	0
           605	2024-05-20 12:05:06	1	0	1	0
           551	2024-05-20 12:05:32	1	0	1	0
           473	2024-05-20 12:06:03	1	0	1	0
           369	2024-05-20 12:08:11	1	0	1	0
           379	2024-05-20 12:11:47	1	0	1	0
            48	2024-05-20 12:16:38	1	0	1	0
            58	2024-05-20 12:17:16	1	0	1	0
           627	2024-05-20 12:19:25	1	0	1	0
           118	2024-05-20 12:21:42	1	0	1	0
           471	2024-05-20 12:21:45	1	0	1	0
           473	2024-05-20 12:21:53	1	0	1	0
           605	2024-05-20 12:23:23	1	0	1	0
            91	2024-05-20 12:25:01	1	0	1	0
           241	2024-05-20 12:27:27	1	0	1	0
           527	2024-05-20 12:30:00	1	0	1	0
           185	2024-05-20 12:30:18	1	0	1	0
           385	2024-05-20 12:31:34	1	0	1	0
           181	2024-05-20 12:31:39	1	0	1	0
           180	2024-05-20 12:33:11	1	0	1	0
            80	2024-05-20 12:33:55	1	0	1	0
           369	2024-05-20 12:34:03	1	0	1	0
           551	2024-05-20 12:34:09	1	0	1	0
           118	2024-05-20 12:36:48	1	0	1	0
           627	2024-05-20 12:38:48	1	0	1	0
           471	2024-05-20 12:39:03	1	0	1	0
            57	2024-05-20 12:43:22	1	0	1	0
           379	2024-05-20 12:44:37	1	0	1	0
           527	2024-05-20 12:45:03	1	0	1	0
            91	2024-05-20 12:45:31	1	0	1	0
           185	2024-05-20 12:46:12	1	0	1	0
           602	2024-05-20 12:49:03	1	0	1	0
           180	2024-05-20 12:51:16	1	0	1	0
           241	2024-05-20 12:51:22	1	0	1	0
           142	2024-05-20 12:52:11	1	0	1	0
            57	2024-05-20 12:58:38	1	0	1	0
           472	2024-05-20 13:00:10	1	0	1	0
           145	2024-05-20 13:09:30	1	0	1	0
           332	2024-05-20 13:10:04	1	0	1	0
           144	2024-05-20 13:14:57	1	0	1	0
           145	2024-05-20 13:32:19	1	0	1	0
           401	2024-05-20 13:32:30	1	0	1	0
           332	2024-05-20 13:37:15	1	0	1	0
           144	2024-05-20 13:41:13	1	0	1	0
            57	2024-05-20 17:00:08	1	0	1	0
            58	2024-05-20 17:00:31	1	0	1	0
            48	2024-05-20 17:00:41	1	0	1	0
           551	2024-05-20 17:03:10	1	0	1	0
            80	2024-05-20 17:03:21	1	0	1	0
           241	2024-05-20 17:03:36	1	0	1	0
           385	2024-05-20 17:03:50	1	0	1	0
           379	2024-05-20 17:05:49	1	0	1	0
           185	2024-05-20 17:07:37	1	0	1	0
           181	2024-05-20 17:07:49	1	0	1	0
           369	2024-05-20 17:07:55	1	0	1	0
           527	2024-05-20 17:13:52	1	0	1	0
           180	2024-05-20 17:16:39	1	0	1	0
            91	2024-05-20 17:22:54	1	0	1	0
           627	2024-05-20 17:53:44	1	0	1	0
           385	2024-05-20 17:53:51	1	0	1	0
           142	2024-05-20 17:53:59	1	0	1	0
           605	2024-05-20 18:00:59	1	0	1	0
           602	2024-05-20 18:01:18	1	0	1	0
           473	2024-05-20 18:01:24	1	0	1	0
           471	2024-05-20 18:01:32	1	0	1	0
           118	2024-05-20 18:02:00	1	0	1	0
           332	2024-05-20 18:03:45	1	0	1	0
           145	2024-05-20 18:11:46	1	0	1	0
           472	2024-05-20 18:15:52	1	0	1	0
           144	2024-05-20 18:16:26	1	0	1	0
           401	2024-05-20 18:30:17	1	0	1	0
           385	2024-05-21 05:53:25	1	0	1	0
            58	2024-05-21 06:38:11	1	0	1	0
           185	2024-05-21 07:05:00	1	0	1	0
           473	2024-05-21 07:05:09	1	0	1	0
            91	2024-05-21 07:05:23	1	0	1	0
           527	2024-05-21 07:25:46	1	0	1	0
           187	2024-05-21 07:26:21	1	0	1	0
            48	2024-05-21 07:30:04	1	0	1	0
           379	2024-05-21 07:32:05	1	0	1	0
           602	2024-05-21 07:42:22	1	0	1	0
           627	2024-05-21 07:43:08	1	0	1	0
           142	2024-05-21 07:47:16	1	0	1	0
           551	2024-05-21 07:48:19	1	0	1	0
           118	2024-05-21 07:48:32	1	0	1	0
            57	2024-05-21 07:51:52	1	0	1	0
           181	2024-05-21 07:52:05	1	0	1	0
           605	2024-05-21 07:53:24	1	0	1	0
            80	2024-05-21 07:58:22	1	0	1	0
           471	2024-05-21 08:02:20	1	0	1	0
           472	2024-05-21 08:02:30	1	0	1	0
           241	2024-05-21 08:04:06	1	0	1	0
           180	2024-05-21 08:10:20	1	0	1	0
           369	2024-05-21 08:28:06	1	0	1	0
           401	2024-05-21 08:54:06	1	0	1	0
           145	2024-05-21 08:54:36	1	0	1	0
           144	2024-05-21 09:07:41	1	0	1	0
           332	2024-05-21 11:14:04	1	0	1	0
           385	2024-05-21 11:44:48	1	0	1	0
            57	2024-05-21 12:01:04	1	0	1	0
           551	2024-05-21 12:02:07	1	0	1	0
            48	2024-05-21 12:02:35	1	0	1	0
            91	2024-05-21 12:02:55	1	0	1	0
           627	2024-05-21 12:03:07	1	0	1	0
           142	2024-05-21 12:03:18	1	0	1	0
           180	2024-05-21 12:03:30	1	0	1	0
            58	2024-05-21 12:03:42	1	0	1	0
           379	2024-05-21 12:03:53	1	0	1	0
           185	2024-05-21 12:05:08	1	0	1	0
           187	2024-05-21 12:09:39	1	0	1	0
           369	2024-05-21 12:12:26	1	0	1	0
           181	2024-05-21 12:12:31	1	0	1	0
           527	2024-05-21 12:12:42	1	0	1	0
            48	2024-05-21 12:18:04	1	0	1	0
           180	2024-05-21 12:19:09	1	0	1	0
            91	2024-05-21 12:19:26	1	0	1	0
            58	2024-05-21 12:22:09	1	0	1	0
           185	2024-05-21 12:22:22	1	0	1	0
           241	2024-05-21 12:22:28	1	0	1	0
           379	2024-05-21 12:22:41	1	0	1	0
           627	2024-05-21 12:26:22	1	0	1	0
           385	2024-05-21 12:26:27	1	0	1	0
           605	2024-05-21 12:26:33	1	0	1	0
           602	2024-05-21 12:26:40	1	0	1	0
           118	2024-05-21 12:28:00	1	0	1	0
           471	2024-05-21 12:28:05	1	0	1	0
           473	2024-05-21 12:30:23	1	0	1	0
            80	2024-05-21 12:31:00	1	0	1	0
            57	2024-05-21 12:35:13	1	0	1	0
           181	2024-05-21 12:43:29	1	0	1	0
           551	2024-05-21 12:44:05	1	0	1	0
            80	2024-05-21 12:48:20	1	0	1	0
           241	2024-05-21 12:48:49	1	0	1	0
           187	2024-05-21 12:49:07	1	0	1	0
           527	2024-05-21 12:55:16	1	0	1	0
           473	2024-05-21 12:55:30	1	0	1	0
           118	2024-05-21 12:55:37	1	0	1	0
           602	2024-05-21 12:55:49	1	0	1	0
           605	2024-05-21 12:55:55	1	0	1	0
           142	2024-05-21 12:56:04	1	0	1	0
           471	2024-05-21 12:57:13	1	0	1	0
           369	2024-05-21 12:58:15	1	0	1	0
           332	2024-05-21 13:00:06	1	0	1	0
           144	2024-05-21 13:04:41	1	0	1	0
           145	2024-05-21 13:17:18	1	0	1	0
           401	2024-05-21 13:17:31	1	0	1	0
           332	2024-05-21 13:24:23	1	0	1	0
           144	2024-05-21 13:54:28	1	0	1	0
           401	2024-05-21 13:54:48	1	0	1	0
            57	2024-05-21 17:00:05	1	0	1	0
           187	2024-05-21 17:00:27	1	0	1	0
            58	2024-05-21 17:00:52	1	0	1	0
            48	2024-05-21 17:00:59	1	0	1	0
            91	2024-05-21 17:01:06	1	0	1	0
           181	2024-05-21 17:01:55	1	0	1	0
           527	2024-05-21 17:02:07	1	0	1	0
           185	2024-05-21 17:02:47	1	0	1	0
           369	2024-05-21 17:03:38	1	0	1	0
           379	2024-05-21 17:03:47	1	0	1	0
           551	2024-05-21 17:05:30	1	0	1	0
           180	2024-05-21 17:07:06	1	0	1	0
            80	2024-05-21 17:12:13	1	0	1	0
           142	2024-05-21 17:22:27	1	0	1	0
           118	2024-05-21 17:23:36	1	0	1	0
           241	2024-05-21 17:41:56	1	0	1	0
           473	2024-05-21 17:51:23	1	0	1	0
           605	2024-05-21 17:51:41	1	0	1	0
           471	2024-05-21 18:00:21	1	0	1	0
           144	2024-05-21 18:01:20	1	0	1	0
           472	2024-05-21 18:01:47	1	0	1	0
           401	2024-05-21 18:02:25	1	0	1	0
           145	2024-05-21 18:03:03	1	0	1	0
           627	2024-05-21 18:50:47	1	0	1	0
           385	2024-05-21 18:50:55	1	0	1	0
           332	2024-05-21 20:06:24	1	0	1	0
           385	2024-05-22 05:52:18	1	0	1	0
           551	2024-05-22 06:16:14	1	0	1	0
            58	2024-05-22 06:32:51	1	0	1	0
           527	2024-05-22 07:29:54	1	0	1	0
           379	2024-05-22 07:34:00	1	0	1	0
           118	2024-05-22 07:34:42	1	0	1	0
           142	2024-05-22 07:35:20	1	0	1	0
           605	2024-05-22 07:37:06	1	0	1	0
           602	2024-05-22 07:37:56	1	0	1	0
            48	2024-05-22 07:38:09	1	0	1	0
           180	2024-05-22 07:47:11	1	0	1	0
           627	2024-05-22 07:47:18	1	0	1	0
           473	2024-05-22 07:50:26	1	0	1	0
           187	2024-05-22 07:55:17	1	0	1	0
           471	2024-05-22 07:58:04	1	0	1	0
            80	2024-05-22 07:58:24	1	0	1	0
           185	2024-05-22 07:59:09	1	0	1	0
            91	2024-05-22 07:59:17	1	0	1	0
           401	2024-05-22 07:59:28	1	0	1	0
            57	2024-05-22 08:00:46	1	0	1	0
           181	2024-05-22 08:01:17	1	0	1	0
           241	2024-05-22 08:02:37	1	0	1	0
           472	2024-05-22 08:21:48	1	0	1	0
           145	2024-05-22 08:42:19	1	0	1	0
           144	2024-05-22 09:15:38	1	0	1	0
           332	2024-05-22 11:41:32	1	0	1	0
           385	2024-05-22 11:45:18	1	0	1	0
           471	2024-05-22 12:00:20	1	0	1	0
           473	2024-05-22 12:00:29	1	0	1	0
           379	2024-05-22 12:00:53	1	0	1	0
           181	2024-05-22 12:01:14	1	0	1	0
           185	2024-05-22 12:01:24	1	0	1	0
            58	2024-05-22 12:02:05	1	0	1	0
           142	2024-05-22 12:02:18	1	0	1	0
           551	2024-05-22 12:02:39	1	0	1	0
            80	2024-05-22 12:03:02	1	0	1	0
           605	2024-05-22 12:03:16	1	0	1	0
           602	2024-05-22 12:03:21	1	0	1	0
           385	2024-05-22 12:04:40	1	0	1	0
           241	2024-05-22 12:05:25	1	0	1	0
            57	2024-05-22 12:10:10	1	0	1	0
           180	2024-05-22 12:10:22	1	0	1	0
            91	2024-05-22 12:15:13	1	0	1	0
           627	2024-05-22 12:16:39	1	0	1	0
           369	2024-05-22 12:18:18	1	0	1	0
            80	2024-05-22 12:22:52	1	0	1	0
           551	2024-05-22 12:23:03	1	0	1	0
            58	2024-05-22 12:24:34	1	0	1	0
           602	2024-05-22 12:25:25	1	0	1	0
           605	2024-05-22 12:25:31	1	0	1	0
            57	2024-05-22 12:27:26	1	0	1	0
           471	2024-05-22 12:31:09	1	0	1	0
           142	2024-05-22 12:34:30	1	0	1	0
           473	2024-05-22 12:36:17	1	0	1	0
           527	2024-05-22 12:39:12	1	0	1	0
           627	2024-05-22 12:46:08	1	0	1	0
           185	2024-05-22 12:46:16	1	0	1	0
            91	2024-05-22 12:46:30	1	0	1	0
           241	2024-05-22 12:47:56	1	0	1	0
           180	2024-05-22 12:48:07	1	0	1	0
           181	2024-05-22 12:48:12	1	0	1	0
           379	2024-05-22 12:56:29	1	0	1	0
           527	2024-05-22 12:56:41	1	0	1	0
           145	2024-05-22 13:13:48	1	0	1	0
           332	2024-05-22 13:14:46	1	0	1	0
           144	2024-05-22 13:15:00	1	0	1	0
           472	2024-05-22 13:19:07	1	0	1	0
           144	2024-05-22 13:31:18	1	0	1	0
           332	2024-05-22 13:36:53	1	0	1	0
            57	2024-05-22 17:00:03	1	0	1	0
           241	2024-05-22 17:00:07	1	0	1	0
            48	2024-05-22 17:00:29	1	0	1	0
            58	2024-05-22 17:01:10	1	0	1	0
            80	2024-05-22 17:02:40	1	0	1	0
           551	2024-05-22 17:02:59	1	0	1	0
           185	2024-05-22 17:04:50	1	0	1	0
           181	2024-05-22 17:04:55	1	0	1	0
           369	2024-05-22 17:05:05	1	0	1	0
           379	2024-05-22 17:06:52	1	0	1	0
           187	2024-05-22 17:07:06	1	0	1	0
           180	2024-05-22 17:08:04	1	0	1	0
           527	2024-05-22 17:11:00	1	0	1	0
            91	2024-05-22 17:18:13	1	0	1	0
           602	2024-05-22 17:21:45	1	0	1	0
           605	2024-05-22 17:25:32	1	0	1	0
           118	2024-05-22 17:26:42	1	0	1	0
           473	2024-05-22 17:26:51	1	0	1	0
           385	2024-05-22 17:31:09	1	0	1	0
           471	2024-05-22 17:36:36	1	0	1	0
           472	2024-05-22 18:00:04	1	0	1	0
           144	2024-05-22 18:01:05	1	0	1	0
           142	2024-05-22 18:02:41	1	0	1	0
           145	2024-05-22 18:04:44	1	0	1	0
           332	2024-05-22 18:04:52	1	0	1	0
           401	2024-05-22 18:05:11	1	0	1	0
           385	2024-05-23 05:48:57	1	0	1	0
            58	2024-05-23 06:27:01	1	0	1	0
           527	2024-05-23 07:02:51	1	0	1	0
           473	2024-05-23 07:33:06	1	0	1	0
           187	2024-05-23 07:35:59	1	0	1	0
           627	2024-05-23 07:36:10	1	0	1	0
           118	2024-05-23 07:36:17	1	0	1	0
           142	2024-05-23 07:37:20	1	0	1	0
           379	2024-05-23 07:38:30	1	0	1	0
           605	2024-05-23 07:39:42	1	0	1	0
           602	2024-05-23 07:45:47	1	0	1	0
           551	2024-05-23 07:50:13	1	0	1	0
           185	2024-05-23 07:56:14	1	0	1	0
            91	2024-05-23 07:56:48	1	0	1	0
           472	2024-05-23 07:57:33	1	0	1	0
           471	2024-05-23 07:57:38	1	0	1	0
            48	2024-05-23 07:58:14	1	0	1	0
           241	2024-05-23 07:58:26	1	0	1	0
            80	2024-05-23 07:59:50	1	0	1	0
            57	2024-05-23 08:07:13	1	0	1	0
           369	2024-05-23 08:13:31	1	0	1	0
           181	2024-05-23 08:20:51	1	0	1	0
           145	2024-05-23 08:35:38	1	0	1	0
           401	2024-05-23 08:56:34	1	0	1	0
           144	2024-05-23 09:28:13	1	0	1	0
           332	2024-05-23 11:51:48	1	0	1	0
            57	2024-05-23 12:00:07	1	0	1	0
           379	2024-05-23 12:02:19	1	0	1	0
           181	2024-05-23 12:02:57	1	0	1	0
            80	2024-05-23 12:03:32	1	0	1	0
           551	2024-05-23 12:03:38	1	0	1	0
           241	2024-05-23 12:03:49	1	0	1	0
           473	2024-05-23 12:04:16	1	0	1	0
            58	2024-05-23 12:04:55	1	0	1	0
           142	2024-05-23 12:05:29	1	0	1	0
           471	2024-05-23 12:06:47	1	0	1	0
           185	2024-05-23 12:07:08	1	0	1	0
           527	2024-05-23 12:07:16	1	0	1	0
           369	2024-05-23 12:10:38	1	0	1	0
            91	2024-05-23 12:12:17	1	0	1	0
           118	2024-05-23 12:13:31	1	0	1	0
           605	2024-05-23 12:13:38	1	0	1	0
           602	2024-05-23 12:13:43	1	0	1	0
           627	2024-05-23 12:17:37	1	0	1	0
           385	2024-05-23 12:17:44	1	0	1	0
           181	2024-05-23 12:18:05	1	0	1	0
            80	2024-05-23 12:18:59	1	0	1	0
           551	2024-05-23 12:19:15	1	0	1	0
            57	2024-05-23 12:19:50	1	0	1	0
           379	2024-05-23 12:20:35	1	0	1	0
            58	2024-05-23 12:22:30	1	0	1	0
           527	2024-05-23 12:25:54	1	0	1	0
           369	2024-05-23 12:26:06	1	0	1	0
            48	2024-05-23 12:29:44	1	0	1	0
           602	2024-05-23 12:33:27	1	0	1	0
           605	2024-05-23 12:33:32	1	0	1	0
           118	2024-05-23 12:34:56	1	0	1	0
            91	2024-05-23 12:37:08	1	0	1	0
           241	2024-05-23 12:37:14	1	0	1	0
           627	2024-05-23 12:39:07	1	0	1	0
           385	2024-05-23 12:39:14	1	0	1	0
           142	2024-05-23 12:50:35	1	0	1	0
           473	2024-05-23 12:52:36	1	0	1	0
            48	2024-05-23 12:53:38	1	0	1	0
           472	2024-05-23 13:00:54	1	0	1	0
           332	2024-05-23 13:01:18	1	0	1	0
           145	2024-05-23 13:14:53	1	0	1	0
           401	2024-05-23 13:15:02	1	0	1	0
           144	2024-05-23 13:17:13	1	0	1	0
           332	2024-05-23 13:29:12	1	0	1	0
           472	2024-05-23 13:38:35	1	0	1	0
           145	2024-05-23 13:43:53	1	0	1	0
           401	2024-05-23 13:44:10	1	0	1	0
           144	2024-05-23 13:54:02	1	0	1	0
            57	2024-05-23 17:00:10	1	0	1	0
           551	2024-05-23 17:00:18	1	0	1	0
           181	2024-05-23 17:01:04	1	0	1	0
           369	2024-05-23 17:01:21	1	0	1	0
           379	2024-05-23 17:02:16	1	0	1	0
            58	2024-05-23 17:02:47	1	0	1	0
           187	2024-05-23 17:02:57	1	0	1	0
            48	2024-05-23 17:03:06	1	0	1	0
           471	2024-05-23 17:03:20	1	0	1	0
           241	2024-05-23 17:03:51	1	0	1	0
           185	2024-05-23 17:04:01	1	0	1	0
            91	2024-05-23 17:04:52	1	0	1	0
           527	2024-05-23 17:05:20	1	0	1	0
           602	2024-05-23 17:06:44	1	0	1	0
           473	2024-05-23 17:18:19	1	0	1	0
           605	2024-05-23 17:18:25	1	0	1	0
           118	2024-05-23 17:25:12	1	0	1	0
           142	2024-05-23 17:59:09	1	0	1	0
           472	2024-05-23 18:01:46	1	0	1	0
           332	2024-05-23 18:03:23	1	0	1	0
           145	2024-05-23 18:07:47	1	0	1	0
           144	2024-05-23 18:11:47	1	0	1	0
           401	2024-05-23 18:18:15	1	0	1	0
            80	2024-05-23 19:08:15	1	0	1	0
           627	2024-05-23 19:22:43	1	0	1	0
           385	2024-05-23 19:22:55	1	0	1	0
           627	2024-05-24 05:06:19	1	0	1	0
           385	2024-05-24 05:55:15	1	0	1	0
            58	2024-05-24 06:27:34	1	0	1	0
           241	2024-05-24 07:14:44	1	0	1	0
           527	2024-05-24 07:24:37	1	0	1	0
           473	2024-05-24 07:33:21	1	0	1	0
           602	2024-05-24 07:37:18	1	0	1	0
           118	2024-05-24 07:39:40	1	0	1	0
           181	2024-05-24 07:41:33	1	0	1	0
           551	2024-05-24 07:47:04	1	0	1	0
           379	2024-05-24 07:51:31	1	0	1	0
            48	2024-05-24 07:54:24	1	0	1	0
           142	2024-05-24 07:56:30	1	0	1	0
            57	2024-05-24 07:58:47	1	0	1	0
           369	2024-05-24 08:01:30	1	0	1	0
            80	2024-05-24 08:01:45	1	0	1	0
           605	2024-05-24 08:01:49	1	0	1	0
           471	2024-05-24 08:03:37	1	0	1	0
           472	2024-05-24 08:03:41	1	0	1	0
           185	2024-05-24 08:06:31	1	0	1	0
            91	2024-05-24 08:07:18	1	0	1	0
           145	2024-05-24 08:45:07	1	0	1	0
           401	2024-05-24 09:12:50	1	0	1	0
           332	2024-05-24 09:16:32	1	0	1	0
           144	2024-05-24 09:21:38	1	0	1	0
           385	2024-05-24 11:43:21	1	0	1	0
           527	2024-05-24 12:00:11	1	0	1	0
           471	2024-05-24 12:00:54	1	0	1	0
           473	2024-05-24 12:01:17	1	0	1	0
           602	2024-05-24 12:01:37	1	0	1	0
            48	2024-05-24 12:03:03	1	0	1	0
            58	2024-05-24 12:03:11	1	0	1	0
           142	2024-05-24 12:03:21	1	0	1	0
           627	2024-05-24 12:03:41	1	0	1	0
           385	2024-05-24 12:03:47	1	0	1	0
           181	2024-05-24 12:03:55	1	0	1	0
            80	2024-05-24 12:04:07	1	0	1	0
           551	2024-05-24 12:04:26	1	0	1	0
           185	2024-05-24 12:04:50	1	0	1	0
           605	2024-05-24 12:04:55	1	0	1	0
           118	2024-05-24 12:05:05	1	0	1	0
           241	2024-05-24 12:08:15	1	0	1	0
           379	2024-05-24 12:12:17	1	0	1	0
           527	2024-05-24 12:16:56	1	0	1	0
           142	2024-05-24 12:18:29	1	0	1	0
            48	2024-05-24 12:18:37	1	0	1	0
            58	2024-05-24 12:19:10	1	0	1	0
           471	2024-05-24 12:20:04	1	0	1	0
           551	2024-05-24 12:20:16	1	0	1	0
            80	2024-05-24 12:20:46	1	0	1	0
           605	2024-05-24 12:21:48	1	0	1	0
            91	2024-05-24 12:24:44	1	0	1	0
            57	2024-05-24 12:26:27	1	0	1	0
           118	2024-05-24 12:35:50	1	0	1	0
           181	2024-05-24 12:40:05	1	0	1	0
           185	2024-05-24 12:40:08	1	0	1	0
           241	2024-05-24 12:40:21	1	0	1	0
           627	2024-05-24 12:41:18	1	0	1	0
            57	2024-05-24 12:42:07	1	0	1	0
           473	2024-05-24 12:42:38	1	0	1	0
           602	2024-05-24 12:42:48	1	0	1	0
            91	2024-05-24 12:51:47	1	0	1	0
           379	2024-05-24 12:56:38	1	0	1	0
           472	2024-05-24 13:11:56	1	0	1	0
           332	2024-05-24 13:23:21	1	0	1	0
           145	2024-05-24 13:30:29	1	0	1	0
           401	2024-05-24 13:30:37	1	0	1	0
           144	2024-05-24 13:31:06	1	0	1	0
           472	2024-05-24 13:37:15	1	0	1	0
           332	2024-05-24 13:40:17	1	0	1	0
           144	2024-05-24 13:54:15	1	0	1	0
           145	2024-05-24 13:55:44	1	0	1	0
           401	2024-05-24 13:55:55	1	0	1	0
            57	2024-05-24 17:00:05	1	0	1	0
           551	2024-05-24 17:00:13	1	0	1	0
            48	2024-05-24 17:01:08	1	0	1	0
            58	2024-05-24 17:01:17	1	0	1	0
           369	2024-05-24 17:02:59	1	0	1	0
           473	2024-05-24 17:09:27	1	0	1	0
           605	2024-05-24 17:09:38	1	0	1	0
           142	2024-05-24 17:12:25	1	0	1	0
           602	2024-05-24 17:20:44	1	0	1	0
           118	2024-05-24 17:26:05	1	0	1	0
           379	2024-05-24 17:30:55	1	0	1	0
           181	2024-05-24 17:39:43	1	0	1	0
           241	2024-05-24 17:43:07	1	0	1	0
           471	2024-05-24 17:57:08	1	0	1	0
           472	2024-05-24 18:00:07	1	0	1	0
           144	2024-05-24 18:02:27	1	0	1	0
           145	2024-05-24 18:12:08	1	0	1	0
           401	2024-05-24 18:13:07	1	0	1	0
           527	2024-05-24 18:14:15	1	0	1	0
            91	2024-05-24 18:16:31	1	0	1	0
           185	2024-05-24 18:17:16	1	0	1	0
           627	2024-05-24 18:17:23	1	0	1	0
           385	2024-05-24 18:20:00	1	0	1	0
           332	2024-05-24 18:30:05	1	0	1	0
            80	2024-05-24 18:32:19	1	0	1	0
           385	2024-05-27 05:48:47	1	0	1	0
            58	2024-05-27 06:42:57	1	0	1	0
           602	2024-05-27 06:57:54	1	0	1	0
           527	2024-05-27 07:23:09	1	0	1	0
           379	2024-05-27 07:27:28	1	0	1	0
            48	2024-05-27 07:31:01	1	0	1	0
           118	2024-05-27 07:40:44	1	0	1	0
           473	2024-05-27 07:41:14	1	0	1	0
           187	2024-05-27 07:41:40	1	0	1	0
           605	2024-05-27 07:45:15	1	0	1	0
           142	2024-05-27 07:46:00	1	0	1	0
           551	2024-05-27 07:46:32	1	0	1	0
           185	2024-05-27 07:50:00	1	0	1	0
            91	2024-05-27 07:51:06	1	0	1	0
           180	2024-05-27 07:53:10	1	0	1	0
           627	2024-05-27 07:55:23	1	0	1	0
           241	2024-05-27 07:58:05	1	0	1	0
            80	2024-05-27 08:01:25	1	0	1	0
           471	2024-05-27 08:04:26	1	0	1	0
           472	2024-05-27 08:04:33	1	0	1	0
           401	2024-05-27 08:34:43	1	0	1	0
           145	2024-05-27 08:36:25	1	0	1	0
           144	2024-05-27 10:08:52	1	0	1	0
           332	2024-05-27 11:08:26	1	0	1	0
           385	2024-05-27 11:58:55	1	0	1	0
           241	2024-05-27 12:00:24	1	0	1	0
           379	2024-05-27 12:01:10	1	0	1	0
           527	2024-05-27 12:02:20	1	0	1	0
            80	2024-05-27 12:02:32	1	0	1	0
           551	2024-05-27 12:02:38	1	0	1	0
           369	2024-05-27 12:02:57	1	0	1	0
           473	2024-05-27 12:03:09	1	0	1	0
           142	2024-05-27 12:03:15	1	0	1	0
           185	2024-05-27 12:03:34	1	0	1	0
            58	2024-05-27 12:03:43	1	0	1	0
           627	2024-05-27 12:03:50	1	0	1	0
            48	2024-05-27 12:03:56	1	0	1	0
           187	2024-05-27 12:04:03	1	0	1	0
            57	2024-05-27 12:04:14	1	0	1	0
            91	2024-05-27 12:04:57	1	0	1	0
           605	2024-05-27 12:06:13	1	0	1	0
           180	2024-05-27 12:06:38	1	0	1	0
           471	2024-05-27 12:07:36	1	0	1	0
           118	2024-05-27 12:14:56	1	0	1	0
           602	2024-05-27 12:15:32	1	0	1	0
           187	2024-05-27 12:20:56	1	0	1	0
            48	2024-05-27 12:21:05	1	0	1	0
           369	2024-05-27 12:21:15	1	0	1	0
            58	2024-05-27 12:22:09	1	0	1	0
            91	2024-05-27 12:22:15	1	0	1	0
           471	2024-05-27 12:24:07	1	0	1	0
           605	2024-05-27 12:27:09	1	0	1	0
           185	2024-05-27 12:29:45	1	0	1	0
           118	2024-05-27 12:32:41	1	0	1	0
            57	2024-05-27 12:35:18	1	0	1	0
           241	2024-05-27 12:35:26	1	0	1	0
            80	2024-05-27 12:38:09	1	0	1	0
           551	2024-05-27 12:38:20	1	0	1	0
           602	2024-05-27 12:41:01	1	0	1	0
           473	2024-05-27 12:41:07	1	0	1	0
           142	2024-05-27 12:49:05	1	0	1	0
           627	2024-05-27 12:50:02	1	0	1	0
           180	2024-05-27 12:50:09	1	0	1	0
           527	2024-05-27 12:51:10	1	0	1	0
           379	2024-05-27 12:57:46	1	0	1	0
           332	2024-05-27 13:10:32	1	0	1	0
           472	2024-05-27 13:11:29	1	0	1	0
           145	2024-05-27 13:30:46	1	0	1	0
           401	2024-05-27 13:31:02	1	0	1	0
           332	2024-05-27 13:32:32	1	0	1	0
           472	2024-05-27 13:41:00	1	0	1	0
            57	2024-05-27 17:00:04	1	0	1	0
           551	2024-05-27 17:00:31	1	0	1	0
            48	2024-05-27 17:01:47	1	0	1	0
            58	2024-05-27 17:02:18	1	0	1	0
            80	2024-05-27 17:02:29	1	0	1	0
           142	2024-05-27 17:02:36	1	0	1	0
           369	2024-05-27 17:02:44	1	0	1	0
           187	2024-05-27 17:04:34	1	0	1	0
           379	2024-05-27 17:07:15	1	0	1	0
           527	2024-05-27 17:07:47	1	0	1	0
            91	2024-05-27 17:10:42	1	0	1	0
           185	2024-05-27 17:11:00	1	0	1	0
           241	2024-05-27 17:11:10	1	0	1	0
           180	2024-05-27 17:14:56	1	0	1	0
           602	2024-05-27 17:25:04	1	0	1	0
           473	2024-05-27 17:40:12	1	0	1	0
           118	2024-05-27 17:40:14	1	0	1	0
           605	2024-05-27 17:40:26	1	0	1	0
           471	2024-05-27 17:54:41	1	0	1	0
           472	2024-05-27 18:01:40	1	0	1	0
           145	2024-05-27 18:10:55	1	0	1	0
           401	2024-05-27 18:11:08	1	0	1	0
           144	2024-05-27 18:11:24	1	0	1	0
           332	2024-05-27 18:19:18	1	0	1	0
           627	2024-05-27 18:40:42	1	0	1	0
           385	2024-05-27 18:40:48	1	0	1	0
           385	2024-05-28 06:01:41	1	0	1	0
            58	2024-05-28 06:37:55	1	0	1	0
           379	2024-05-28 07:33:54	1	0	1	0
           627	2024-05-28 07:34:25	1	0	1	0
           551	2024-05-28 07:46:25	1	0	1	0
           605	2024-05-28 07:47:03	1	0	1	0
           527	2024-05-28 07:47:15	1	0	1	0
           473	2024-05-28 07:47:25	1	0	1	0
           181	2024-05-28 07:48:14	1	0	1	0
           118	2024-05-28 07:50:52	1	0	1	0
           180	2024-05-28 07:51:31	1	0	1	0
            48	2024-05-28 07:56:48	1	0	1	0
           471	2024-05-28 07:58:53	1	0	1	0
           472	2024-05-28 07:58:59	1	0	1	0
           241	2024-05-28 08:00:18	1	0	1	0
            80	2024-05-28 08:00:44	1	0	1	0
            57	2024-05-28 08:01:41	1	0	1	0
           142	2024-05-28 08:07:06	1	0	1	0
           185	2024-05-28 08:07:28	1	0	1	0
            91	2024-05-28 08:07:44	1	0	1	0
           369	2024-05-28 08:10:52	1	0	1	0
           145	2024-05-28 08:29:05	1	0	1	0
           332	2024-05-28 09:01:57	1	0	1	0
           401	2024-05-28 09:03:22	1	0	1	0
           144	2024-05-28 09:48:01	1	0	1	0
            57	2024-05-28 12:00:33	1	0	1	0
           471	2024-05-28 12:00:41	1	0	1	0
           605	2024-05-28 12:00:48	1	0	1	0
           142	2024-05-28 12:01:08	1	0	1	0
           369	2024-05-28 12:02:02	1	0	1	0
            48	2024-05-28 12:02:33	1	0	1	0
            58	2024-05-28 12:02:47	1	0	1	0
           527	2024-05-28 12:03:04	1	0	1	0
           181	2024-05-28 12:03:07	1	0	1	0
           185	2024-05-28 12:03:22	1	0	1	0
           118	2024-05-28 12:03:37	1	0	1	0
           473	2024-05-28 12:04:05	1	0	1	0
            91	2024-05-28 12:04:29	1	0	1	0
           385	2024-05-28 12:05:47	1	0	1	0
            80	2024-05-28 12:09:57	1	0	1	0
           551	2024-05-28 12:10:03	1	0	1	0
           379	2024-05-28 12:10:23	1	0	1	0
           471	2024-05-28 12:16:34	1	0	1	0
           605	2024-05-28 12:16:40	1	0	1	0
           180	2024-05-28 12:19:09	1	0	1	0
            57	2024-05-28 12:20:11	1	0	1	0
           118	2024-05-28 12:20:28	1	0	1	0
           473	2024-05-28 12:20:40	1	0	1	0
           627	2024-05-28 12:21:42	1	0	1	0
           369	2024-05-28 12:23:01	1	0	1	0
            48	2024-05-28 12:23:25	1	0	1	0
            58	2024-05-28 12:23:34	1	0	1	0
           241	2024-05-28 12:23:43	1	0	1	0
           142	2024-05-28 12:26:30	1	0	1	0
           551	2024-05-28 12:30:25	1	0	1	0
            80	2024-05-28 12:30:32	1	0	1	0
           379	2024-05-28 12:30:42	1	0	1	0
           180	2024-05-28 12:36:48	1	0	1	0
           185	2024-05-28 12:51:15	1	0	1	0
           181	2024-05-28 12:51:26	1	0	1	0
           527	2024-05-28 12:51:32	1	0	1	0
           385	2024-05-28 12:53:17	1	0	1	0
            91	2024-05-28 12:53:23	1	0	1	0
           627	2024-05-28 12:53:26	1	0	1	0
           241	2024-05-28 12:53:37	1	0	1	0
           472	2024-05-28 13:09:34	1	0	1	0
           332	2024-05-28 13:11:41	1	0	1	0
           145	2024-05-28 13:28:18	1	0	1	0
           401	2024-05-28 13:28:39	1	0	1	0
           144	2024-05-28 13:28:48	1	0	1	0
           145	2024-05-28 13:48:44	1	0	1	0
           401	2024-05-28 13:48:53	1	0	1	0
           144	2024-05-28 13:49:19	1	0	1	0
           472	2024-05-28 13:51:50	1	0	1	0
           551	2024-05-28 17:00:18	1	0	1	0
           369	2024-05-28 17:00:45	1	0	1	0
            48	2024-05-28 17:01:50	1	0	1	0
            58	2024-05-28 17:02:28	1	0	1	0
           527	2024-05-28 17:03:29	1	0	1	0
           471	2024-05-28 17:05:08	1	0	1	0
            57	2024-05-28 17:05:54	1	0	1	0
           473	2024-05-28 17:09:57	1	0	1	0
           605	2024-05-28 17:10:03	1	0	1	0
           118	2024-05-28 17:10:20	1	0	1	0
           379	2024-05-28 17:12:35	1	0	1	0
           180	2024-05-28 17:17:55	1	0	1	0
           627	2024-05-28 17:18:01	1	0	1	0
           241	2024-05-28 17:19:56	1	0	1	0
           142	2024-05-28 17:21:33	1	0	1	0
           385	2024-05-28 17:24:39	1	0	1	0
           181	2024-05-28 17:46:07	1	0	1	0
            91	2024-05-28 17:46:43	1	0	1	0
           185	2024-05-28 17:47:13	1	0	1	0
           145	2024-05-28 18:05:29	1	0	1	0
            80	2024-05-28 18:09:13	1	0	1	0
           144	2024-05-28 18:10:02	1	0	1	0
           472	2024-05-28 18:11:00	1	0	1	0
           401	2024-05-28 18:15:58	1	0	1	0
           332	2024-05-28 19:18:36	1	0	1	0
           385	2024-05-29 05:57:30	1	0	1	0
           551	2024-05-29 06:29:36	1	0	1	0
            58	2024-05-29 06:42:29	1	0	1	0
           142	2024-05-29 06:47:14	1	0	1	0
            91	2024-05-29 06:53:03	1	0	1	0
           369	2024-05-29 06:53:26	1	0	1	0
           241	2024-05-29 06:57:20	1	0	1	0
           185	2024-05-29 07:01:22	1	0	1	0
           627	2024-05-29 07:02:21	1	0	1	0
           181	2024-05-29 07:24:51	1	0	1	0
           605	2024-05-29 07:24:55	1	0	1	0
           379	2024-05-29 07:26:10	1	0	1	0
           602	2024-05-29 07:41:44	1	0	1	0
           473	2024-05-29 07:44:36	1	0	1	0
           527	2024-05-29 07:46:10	1	0	1	0
            48	2024-05-29 07:47:20	1	0	1	0
           471	2024-05-29 07:51:16	1	0	1	0
           472	2024-05-29 07:51:20	1	0	1	0
            80	2024-05-29 07:57:19	1	0	1	0
            57	2024-05-29 08:02:32	1	0	1	0
           145	2024-05-29 08:26:24	1	0	1	0
           144	2024-05-29 08:47:17	1	0	1	0
           401	2024-05-29 09:03:03	1	0	1	0
           332	2024-05-29 11:50:06	1	0	1	0
            48	2024-05-29 12:01:00	1	0	1	0
           142	2024-05-29 12:01:22	1	0	1	0
            58	2024-05-29 12:01:37	1	0	1	0
           527	2024-05-29 12:02:01	1	0	1	0
           602	2024-05-29 12:02:14	1	0	1	0
           605	2024-05-29 12:02:20	1	0	1	0
            57	2024-05-29 12:02:27	1	0	1	0
            80	2024-05-29 12:06:12	1	0	1	0
           551	2024-05-29 12:06:17	1	0	1	0
           473	2024-05-29 12:07:05	1	0	1	0
           471	2024-05-29 12:07:23	1	0	1	0
           602	2024-05-29 12:19:48	1	0	1	0
           605	2024-05-29 12:19:53	1	0	1	0
           527	2024-05-29 12:22:10	1	0	1	0
           627	2024-05-29 12:22:16	1	0	1	0
           385	2024-05-29 12:22:21	1	0	1	0
            48	2024-05-29 12:24:34	1	0	1	0
            58	2024-05-29 12:25:02	1	0	1	0
           142	2024-05-29 12:25:33	1	0	1	0
            57	2024-05-29 12:26:02	1	0	1	0
            80	2024-05-29 12:30:13	1	0	1	0
           551	2024-05-29 12:30:22	1	0	1	0
           471	2024-05-29 12:35:52	1	0	1	0
           473	2024-05-29 12:35:54	1	0	1	0
           385	2024-05-29 12:40:04	1	0	1	0
           332	2024-05-29 13:08:36	1	0	1	0
           472	2024-05-29 13:15:02	1	0	1	0
           144	2024-05-29 13:21:38	1	0	1	0
           332	2024-05-29 13:33:43	1	0	1	0
           144	2024-05-29 13:56:21	1	0	1	0
           551	2024-05-29 17:00:05	1	0	1	0
            48	2024-05-29 17:00:50	1	0	1	0
            58	2024-05-29 17:01:12	1	0	1	0
           527	2024-05-29 17:05:41	1	0	1	0
            80	2024-05-29 17:06:35	1	0	1	0
            57	2024-05-29 17:07:48	1	0	1	0
           627	2024-05-29 17:08:20	1	0	1	0
           385	2024-05-29 17:08:26	1	0	1	0
           142	2024-05-29 17:08:46	1	0	1	0
           602	2024-05-29 17:08:57	1	0	1	0
           605	2024-05-29 17:13:33	1	0	1	0
           473	2024-05-29 17:13:44	1	0	1	0
           144	2024-05-29 18:02:26	1	0	1	0
           145	2024-05-29 18:09:18	1	0	1	0
           332	2024-05-29 18:11:32	1	0	1	0
           401	2024-05-29 18:20:29	1	0	1	0
           241	2024-05-29 19:42:15	1	0	1	0
           385	2024-05-30 05:48:21	1	0	1	0
            58	2024-05-30 06:29:02	1	0	1	0
           473	2024-05-30 06:51:43	1	0	1	0
            48	2024-05-30 07:17:06	1	0	1	0
            91	2024-05-30 07:31:28	1	0	1	0
           627	2024-05-30 07:31:57	1	0	1	0
           602	2024-05-30 07:37:41	1	0	1	0
           181	2024-05-30 07:44:11	1	0	1	0
           551	2024-05-30 07:45:13	1	0	1	0
           527	2024-05-30 07:46:52	1	0	1	0
           118	2024-05-30 07:49:54	1	0	1	0
           142	2024-05-30 07:55:41	1	0	1	0
            57	2024-05-30 07:56:14	1	0	1	0
           369	2024-05-30 07:56:23	1	0	1	0
           180	2024-05-30 07:56:57	1	0	1	0
            80	2024-05-30 07:59:21	1	0	1	0
           401	2024-05-30 08:00:47	1	0	1	0
           471	2024-05-30 08:01:49	1	0	1	0
           472	2024-05-30 08:01:57	1	0	1	0
           241	2024-05-30 08:03:37	1	0	1	0
           605	2024-05-30 08:04:04	1	0	1	0
           187	2024-05-30 08:04:13	1	0	1	0
           145	2024-05-30 08:23:35	1	0	1	0
           144	2024-05-30 08:46:19	1	0	1	0
           332	2024-05-30 08:53:31	1	0	1	0
           385	2024-05-30 11:45:57	1	0	1	0
           471	2024-05-30 12:00:05	1	0	1	0
           473	2024-05-30 12:00:08	1	0	1	0
           118	2024-05-30 12:00:16	1	0	1	0
            80	2024-05-30 12:01:31	1	0	1	0
           551	2024-05-30 12:01:36	1	0	1	0
            57	2024-05-30 12:03:22	1	0	1	0
           187	2024-05-30 12:04:00	1	0	1	0
           369	2024-05-30 12:04:27	1	0	1	0
           142	2024-05-30 12:05:39	1	0	1	0
           602	2024-05-30 12:06:36	1	0	1	0
           605	2024-05-30 12:06:43	1	0	1	0
           180	2024-05-30 12:09:14	1	0	1	0
           527	2024-05-30 12:10:58	1	0	1	0
           181	2024-05-30 12:11:14	1	0	1	0
            48	2024-05-30 12:12:41	1	0	1	0
           241	2024-05-30 12:13:31	1	0	1	0
           118	2024-05-30 12:16:40	1	0	1	0
           473	2024-05-30 12:16:50	1	0	1	0
           471	2024-05-30 12:17:16	1	0	1	0
            57	2024-05-30 12:18:45	1	0	1	0
           369	2024-05-30 12:20:01	1	0	1	0
           627	2024-05-30 12:23:32	1	0	1	0
           385	2024-05-30 12:23:37	1	0	1	0
            91	2024-05-30 12:24:00	1	0	1	0
           551	2024-05-30 12:30:06	1	0	1	0
            80	2024-05-30 12:30:15	1	0	1	0
           142	2024-05-30 12:30:35	1	0	1	0
           241	2024-05-30 12:33:28	1	0	1	0
           527	2024-05-30 12:38:50	1	0	1	0
           602	2024-05-30 12:41:51	1	0	1	0
           605	2024-05-30 12:41:58	1	0	1	0
           187	2024-05-30 12:43:31	1	0	1	0
            48	2024-05-30 12:43:37	1	0	1	0
           181	2024-05-30 12:43:43	1	0	1	0
           180	2024-05-30 12:43:56	1	0	1	0
           627	2024-05-30 12:56:39	1	0	1	0
           145	2024-05-30 13:01:15	1	0	1	0
           401	2024-05-30 13:01:24	1	0	1	0
           332	2024-05-30 13:03:01	1	0	1	0
           472	2024-05-30 13:03:08	1	0	1	0
           144	2024-05-30 13:14:46	1	0	1	0
           145	2024-05-30 13:16:28	1	0	1	0
           401	2024-05-30 13:18:46	1	0	1	0
           332	2024-05-30 13:25:27	1	0	1	0
           185	2024-05-30 13:27:17	1	0	1	0
           472	2024-05-30 13:30:34	1	0	1	0
           144	2024-05-30 13:40:12	1	0	1	0
           181	2024-05-30 17:00:10	1	0	1	0
           551	2024-05-30 17:00:22	1	0	1	0
            57	2024-05-30 17:02:27	1	0	1	0
            58	2024-05-30 17:03:02	1	0	1	0
           369	2024-05-30 17:03:20	1	0	1	0
            80	2024-05-30 17:03:45	1	0	1	0
           187	2024-05-30 17:04:41	1	0	1	0
           471	2024-05-30 17:05:01	1	0	1	0
           527	2024-05-30 17:05:07	1	0	1	0
           185	2024-05-30 17:06:32	1	0	1	0
           180	2024-05-30 17:06:46	1	0	1	0
           142	2024-05-30 17:09:16	1	0	1	0
           473	2024-05-30 17:13:47	1	0	1	0
           602	2024-05-30 17:15:15	1	0	1	0
           605	2024-05-30 17:16:05	1	0	1	0
           241	2024-05-30 17:19:46	1	0	1	0
           627	2024-05-30 17:21:30	1	0	1	0
           385	2024-05-30 17:21:40	1	0	1	0
            48	2024-05-30 17:34:55	1	0	1	0
           118	2024-05-30 17:48:28	1	0	1	0
            91	2024-05-30 18:00:34	1	0	1	0
           472	2024-05-30 18:01:16	1	0	1	0
           145	2024-05-30 18:05:27	1	0	1	0
           401	2024-05-30 18:07:05	1	0	1	0
           144	2024-05-30 18:07:12	1	0	1	0
           332	2024-05-30 18:08:05	1	0	1	0
           385	2024-05-31 05:54:06	1	0	1	0
           527	2024-05-31 06:18:05	1	0	1	0
            58	2024-05-31 06:26:27	1	0	1	0
           142	2024-05-31 07:08:55	1	0	1	0
            80	2024-05-31 07:22:44	1	0	1	0
           369	2024-05-31 07:29:15	1	0	1	0
           379	2024-05-31 07:29:42	1	0	1	0
           473	2024-05-31 07:32:53	1	0	1	0
            91	2024-05-31 07:33:49	1	0	1	0
           185	2024-05-31 07:34:01	1	0	1	0
           181	2024-05-31 07:36:09	1	0	1	0
           602	2024-05-31 07:42:47	1	0	1	0
           118	2024-05-31 07:43:58	1	0	1	0
           551	2024-05-31 07:46:27	1	0	1	0
            48	2024-05-31 07:46:59	1	0	1	0
           627	2024-05-31 07:56:19	1	0	1	0
           605	2024-05-31 07:57:37	1	0	1	0
           241	2024-05-31 07:58:52	1	0	1	0
            57	2024-05-31 08:05:50	1	0	1	0
           145	2024-05-31 08:34:23	1	0	1	0
           144	2024-05-31 08:49:45	1	0	1	0
           472	2024-05-31 08:53:44	1	0	1	0
           401	2024-05-31 09:08:19	1	0	1	0
           332	2024-05-31 11:19:23	1	0	1	0
           385	2024-05-31 11:50:17	1	0	1	0
           473	2024-05-31 12:00:07	1	0	1	0
            48	2024-05-31 12:00:12	1	0	1	0
           379	2024-05-31 12:00:28	1	0	1	0
           471	2024-05-31 12:00:35	1	0	1	0
           551	2024-05-31 12:00:57	1	0	1	0
            80	2024-05-31 12:01:07	1	0	1	0
           602	2024-05-31 12:01:25	1	0	1	0
           185	2024-05-31 12:03:14	1	0	1	0
           527	2024-05-31 12:03:21	1	0	1	0
           605	2024-05-31 12:03:56	1	0	1	0
           181	2024-05-31 12:07:32	1	0	1	0
           241	2024-05-31 12:08:05	1	0	1	0
           627	2024-05-31 12:12:40	1	0	1	0
           142	2024-05-31 12:14:02	1	0	1	0
           379	2024-05-31 12:16:05	1	0	1	0
           471	2024-05-31 12:18:38	1	0	1	0
            91	2024-05-31 12:24:14	1	0	1	0
            80	2024-05-31 12:25:08	1	0	1	0
           551	2024-05-31 12:25:32	1	0	1	0
           473	2024-05-31 12:28:10	1	0	1	0
           602	2024-05-31 12:28:17	1	0	1	0
           605	2024-05-31 12:28:22	1	0	1	0
            58	2024-05-31 12:28:40	1	0	1	0
           627	2024-05-31 12:36:52	1	0	1	0
           241	2024-05-31 12:41:30	1	0	1	0
            57	2024-05-31 12:41:52	1	0	1	0
           142	2024-05-31 12:46:01	1	0	1	0
            58	2024-05-31 12:46:36	1	0	1	0
            48	2024-05-31 12:46:43	1	0	1	0
           181	2024-05-31 12:52:53	1	0	1	0
           527	2024-05-31 12:52:59	1	0	1	0
           185	2024-05-31 12:53:15	1	0	1	0
            91	2024-05-31 12:55:38	1	0	1	0
            57	2024-05-31 12:57:44	1	0	1	0
           332	2024-05-31 13:00:10	1	0	1	0
           472	2024-05-31 13:05:24	1	0	1	0
           145	2024-05-31 13:18:48	1	0	1	0
           144	2024-05-31 13:19:04	1	0	1	0
           472	2024-05-31 13:23:58	1	0	1	0
           332	2024-05-31 13:31:08	1	0	1	0
           145	2024-05-31 13:54:45	1	0	1	0
           144	2024-05-31 13:54:52	1	0	1	0
           551	2024-05-31 17:00:58	1	0	1	0
           369	2024-05-31 17:01:53	1	0	1	0
           527	2024-05-31 17:02:41	1	0	1	0
           379	2024-05-31 17:03:30	1	0	1	0
            80	2024-05-31 17:03:43	1	0	1	0
            58	2024-05-31 17:04:55	1	0	1	0
           187	2024-05-31 17:06:17	1	0	1	0
            48	2024-05-31 17:06:57	1	0	1	0
            57	2024-05-31 17:07:04	1	0	1	0
           181	2024-05-31 17:08:03	1	0	1	0
            91	2024-05-31 17:08:22	1	0	1	0
           142	2024-05-31 17:10:58	1	0	1	0
           241	2024-05-31 17:12:06	1	0	1	0
           385	2024-05-31 17:13:42	1	0	1	0
           118	2024-05-31 17:24:58	1	0	1	0
           602	2024-05-31 17:26:53	1	0	1	0
           605	2024-05-31 17:34:04	1	0	1	0
           473	2024-05-31 17:37:39	1	0	1	0
           471	2024-05-31 17:54:23	1	0	1	0
           185	2024-05-31 17:57:21	1	0	1	0
           472	2024-05-31 18:01:06	1	0	1	0
           144	2024-05-31 18:04:28	1	0	1	0
           332	2024-05-31 18:07:01	1	0	1	0
           145	2024-05-31 18:07:10	1	0	1	0
           627	2024-05-31 19:06:20	1	0	1	0
           385	2024-06-03 05:43:25	1	0	1	0
            91	2024-06-03 06:19:22	1	0	1	0
           473	2024-06-03 07:06:34	1	0	1	0
           527	2024-06-03 07:16:00	1	0	1	0
           627	2024-06-03 07:22:51	1	0	1	0
           551	2024-06-03 07:36:36	1	0	1	0
           602	2024-06-03 07:40:23	1	0	1	0
           401	2024-06-03 07:41:06	1	0	1	0
           118	2024-06-03 07:46:58	1	0	1	0
           605	2024-06-03 07:54:41	1	0	1	0
           472	2024-06-03 07:59:16	1	0	1	0
           471	2024-06-03 07:59:19	1	0	1	0
           241	2024-06-03 08:03:36	1	0	1	0
           180	2024-06-03 09:38:14	1	0	1	0
           185	2024-06-03 09:52:43	1	0	1	0
           385	2024-06-03 11:40:15	1	0	1	0
           527	2024-06-03 12:04:08	1	0	1	0
           551	2024-06-03 12:04:14	1	0	1	0
           627	2024-06-03 12:07:19	1	0	1	0
           385	2024-06-03 12:07:24	1	0	1	0
           241	2024-06-03 12:08:34	1	0	1	0
           180	2024-06-03 12:10:06	1	0	1	0
           473	2024-06-03 12:12:31	1	0	1	0
           471	2024-06-03 12:19:35	1	0	1	0
           602	2024-06-03 12:22:24	1	0	1	0
           605	2024-06-03 12:22:30	1	0	1	0
           118	2024-06-03 12:30:47	1	0	1	0
           472	2024-06-03 12:31:01	1	0	1	0
           527	2024-06-03 12:33:14	1	0	1	0
           241	2024-06-03 12:37:29	1	0	1	0
           627	2024-06-03 12:43:04	1	0	1	0
           473	2024-06-03 12:43:19	1	0	1	0
           602	2024-06-03 12:43:23	1	0	1	0
           605	2024-06-03 12:43:30	1	0	1	0
           471	2024-06-03 12:44:18	1	0	1	0
           180	2024-06-03 12:44:22	1	0	1	0
           472	2024-06-03 12:46:09	1	0	1	0
           118	2024-06-03 12:46:15	1	0	1	0
           551	2024-06-03 12:49:35	1	0	1	0
           527	2024-06-03 16:01:49	1	0	1	0
           551	2024-06-03 17:00:09	1	0	1	0
           473	2024-06-03 17:02:15	1	0	1	0
           180	2024-06-03 17:03:18	1	0	1	0
           627	2024-06-03 17:03:24	1	0	1	0
           605	2024-06-03 17:04:21	1	0	1	0
           602	2024-06-03 17:04:33	1	0	1	0
           118	2024-06-03 17:05:01	1	0	1	0
           471	2024-06-03 17:05:11	1	0	1	0
           385	2024-06-03 17:05:38	1	0	1	0
            91	2024-06-03 17:12:41	1	0	1	0
           241	2024-06-03 17:28:54	1	0	1	0
           185	2024-06-03 17:35:03	1	0	1	0
           472	2024-06-03 17:38:19	1	0	1	0
           385	2024-06-04 05:50:47	1	0	1	0
           602	2024-06-04 07:25:41	1	0	1	0
           473	2024-06-04 07:37:12	1	0	1	0
           118	2024-06-04 07:37:35	1	0	1	0
           627	2024-06-04 07:52:11	1	0	1	0
           241	2024-06-04 07:57:17	1	0	1	0
           472	2024-06-04 08:03:17	1	0	1	0
           471	2024-06-04 08:03:23	1	0	1	0
           605	2024-06-04 08:04:13	1	0	1	0
           385	2024-06-04 11:35:31	1	0	1	0
           471	2024-06-04 12:00:46	1	0	1	0
           118	2024-06-04 12:01:58	1	0	1	0
           473	2024-06-04 12:03:06	1	0	1	0
           605	2024-06-04 12:03:11	1	0	1	0
           551	2024-06-04 12:05:49	1	0	1	0
           471	2024-06-04 12:20:21	1	0	1	0
           472	2024-06-04 12:21:40	1	0	1	0
           602	2024-06-04 12:21:52	1	0	1	0
           241	2024-06-04 12:30:36	1	0	1	0
            91	2024-06-04 12:30:48	1	0	1	0
           385	2024-06-04 12:33:51	1	0	1	0
           118	2024-06-04 12:35:42	1	0	1	0
           473	2024-06-04 12:39:00	1	0	1	0
           551	2024-06-04 12:41:16	1	0	1	0
           602	2024-06-04 12:52:57	1	0	1	0
           472	2024-06-04 12:53:03	1	0	1	0
           605	2024-06-04 12:53:09	1	0	1	0
           241	2024-06-04 12:58:50	1	0	1	0
           627	2024-06-04 12:59:01	1	0	1	0
            91	2024-06-04 12:59:19	1	0	1	0
           551	2024-06-04 17:00:14	1	0	1	0
           471	2024-06-04 17:01:15	1	0	1	0
           472	2024-06-04 17:06:27	1	0	1	0
           602	2024-06-04 17:09:25	1	0	1	0
           605	2024-06-04 17:09:59	1	0	1	0
           473	2024-06-04 17:10:52	1	0	1	0
           118	2024-06-04 17:11:49	1	0	1	0
           627	2024-06-04 17:15:56	1	0	1	0
           385	2024-06-04 17:16:10	1	0	1	0
           241	2024-06-04 17:23:06	1	0	1	0
            91	2024-06-04 17:39:11	1	0	1	0
           385	2024-06-05 05:40:08	1	0	1	0
            91	2024-06-05 06:34:12	1	0	1	0
           473	2024-06-05 07:23:42	1	0	1	0
           602	2024-06-05 07:37:12	1	0	1	0
           527	2024-06-05 07:43:07	1	0	1	0
           551	2024-06-05 07:45:46	1	0	1	0
           605	2024-06-05 07:47:43	1	0	1	0
           471	2024-06-05 07:50:49	1	0	1	0
           472	2024-06-05 07:50:55	1	0	1	0
           627	2024-06-05 07:51:02	1	0	1	0
           241	2024-06-05 07:55:27	1	0	1	0
           385	2024-06-05 11:30:34	1	0	1	0
           627	2024-06-05 12:00:05	1	0	1	0
           385	2024-06-05 12:00:09	1	0	1	0
           527	2024-06-05 12:00:13	1	0	1	0
           551	2024-06-05 12:01:11	1	0	1	0
           471	2024-06-05 12:01:20	1	0	1	0
           472	2024-06-05 12:02:07	1	0	1	0
           473	2024-06-05 12:05:49	1	0	1	0
           605	2024-06-05 12:05:55	1	0	1	0
           627	2024-06-05 12:21:36	1	0	1	0
           241	2024-06-05 12:22:23	1	0	1	0
           551	2024-06-05 12:23:39	1	0	1	0
           471	2024-06-05 12:25:41	1	0	1	0
           472	2024-06-05 12:25:56	1	0	1	0
           602	2024-06-05 12:30:22	1	0	1	0
           473	2024-06-05 12:45:11	1	0	1	0
           605	2024-06-05 12:45:21	1	0	1	0
           241	2024-06-05 12:45:45	1	0	1	0
           602	2024-06-05 12:45:58	1	0	1	0
            91	2024-06-05 12:53:08	1	0	1	0
           527	2024-06-05 12:57:02	1	0	1	0
           551	2024-06-05 17:01:09	1	0	1	0
           527	2024-06-05 17:01:18	1	0	1	0
           241	2024-06-05 17:03:38	1	0	1	0
           471	2024-06-05 17:05:36	1	0	1	0
           602	2024-06-05 17:06:56	1	0	1	0
           473	2024-06-05 17:07:25	1	0	1	0
           605	2024-06-05 17:07:30	1	0	1	0
           472	2024-06-05 17:08:23	1	0	1	0
           627	2024-06-05 17:11:27	1	0	1	0
           385	2024-06-05 17:11:43	1	0	1	0
            91	2024-06-05 17:23:19	1	0	1	0
           385	2024-06-06 05:49:16	1	0	1	0
            91	2024-06-06 06:43:43	1	0	1	0
           627	2024-06-06 07:32:27	1	0	1	0
           473	2024-06-06 07:39:15	1	0	1	0
           118	2024-06-06 07:41:40	1	0	1	0
           551	2024-06-06 07:50:25	1	0	1	0
           605	2024-06-06 07:54:36	1	0	1	0
           241	2024-06-06 07:54:40	1	0	1	0
           602	2024-06-06 08:04:27	1	0	1	0
           385	2024-06-06 11:37:21	1	0	1	0
           473	2024-06-06 12:00:07	1	0	1	0
           471	2024-06-06 12:00:34	1	0	1	0
           605	2024-06-06 12:00:47	1	0	1	0
           602	2024-06-06 12:00:55	1	0	1	0
           472	2024-06-06 12:01:01	1	0	1	0
           118	2024-06-06 12:01:16	1	0	1	0
           551	2024-06-06 12:02:27	1	0	1	0
           385	2024-06-06 12:04:40	1	0	1	0
           627	2024-06-06 12:04:50	1	0	1	0
           241	2024-06-06 12:05:18	1	0	1	0
           551	2024-06-06 12:22:31	1	0	1	0
           471	2024-06-06 12:23:23	1	0	1	0
           473	2024-06-06 12:33:45	1	0	1	0
           605	2024-06-06 12:33:59	1	0	1	0
           118	2024-06-06 12:34:07	1	0	1	0
           627	2024-06-06 12:34:15	1	0	1	0
           241	2024-06-06 12:34:20	1	0	1	0
           602	2024-06-06 12:35:35	1	0	1	0
           551	2024-06-06 17:00:04	1	0	1	0
           472	2024-06-06 17:01:23	1	0	1	0
           473	2024-06-06 17:01:57	1	0	1	0
           471	2024-06-06 17:02:05	1	0	1	0
            91	2024-06-06 17:04:24	1	0	1	0
           605	2024-06-06 17:07:15	1	0	1	0
           602	2024-06-06 17:13:38	1	0	1	0
           241	2024-06-06 18:02:29	1	0	1	0
           118	2024-06-06 18:08:50	1	0	1	0
           627	2024-06-06 18:17:53	1	0	1	0
           385	2024-06-06 18:17:58	1	0	1	0
           385	2024-06-07 04:54:55	1	0	1	0
            91	2024-06-07 06:30:29	1	0	1	0
           473	2024-06-07 07:28:54	1	0	1	0
           551	2024-06-07 07:39:32	1	0	1	0
           602	2024-06-07 07:40:45	1	0	1	0
           118	2024-06-07 07:42:14	1	0	1	0
           627	2024-06-07 07:44:18	1	0	1	0
           605	2024-06-07 08:01:10	1	0	1	0
           472	2024-06-07 08:01:17	1	0	1	0
           471	2024-06-07 08:01:22	1	0	1	0
           241	2024-06-07 08:15:35	1	0	1	0
           385	2024-06-07 11:44:10	1	0	1	0
           551	2024-06-07 12:02:25	1	0	1	0
           471	2024-06-07 12:04:35	1	0	1	0
           602	2024-06-07 12:04:48	1	0	1	0
            91	2024-06-07 12:04:53	1	0	1	0
           472	2024-06-07 12:05:00	1	0	1	0
           605	2024-06-07 12:05:06	1	0	1	0
           241	2024-06-07 12:05:11	1	0	1	0
           118	2024-06-07 12:05:20	1	0	1	0
           473	2024-06-07 12:05:31	1	0	1	0
           627	2024-06-07 12:09:08	1	0	1	0
           605	2024-06-07 12:20:34	1	0	1	0
           473	2024-06-07 12:20:42	1	0	1	0
           602	2024-06-07 12:20:46	1	0	1	0
            91	2024-06-07 12:21:06	1	0	1	0
           471	2024-06-07 12:21:48	1	0	1	0
           118	2024-06-07 12:22:29	1	0	1	0
           241	2024-06-07 12:29:40	1	0	1	0
           551	2024-06-07 12:41:56	1	0	1	0
           385	2024-06-07 12:43:35	1	0	1	0
           627	2024-06-07 12:44:04	1	0	1	0
           472	2024-06-07 12:48:54	1	0	1	0
           471	2024-06-07 17:00:04	1	0	1	0
           602	2024-06-07 17:00:10	1	0	1	0
           473	2024-06-07 17:00:23	1	0	1	0
            91	2024-06-07 17:00:30	1	0	1	0
           472	2024-06-07 17:00:37	1	0	1	0
           605	2024-06-07 17:00:44	1	0	1	0
           118	2024-06-07 17:00:52	1	0	1	0
           551	2024-06-07 17:02:06	1	0	1	0
           627	2024-06-07 17:04:19	1	0	1	0
           385	2024-06-07 17:04:26	1	0	1	0
           241	2024-06-07 17:15:54	1	0	1	0
           385	2024-06-10 05:50:16	1	0	1	0
            91	2024-06-10 06:35:05	1	0	1	0
           602	2024-06-10 06:48:00	1	0	1	0
           551	2024-06-10 07:27:01	1	0	1	0
           627	2024-06-10 07:33:24	1	0	1	0
           118	2024-06-10 07:34:42	1	0	1	0
           473	2024-06-10 07:39:06	1	0	1	0
           605	2024-06-10 07:39:10	1	0	1	0
           142	2024-06-10 07:50:27	1	0	1	0
           241	2024-06-10 08:00:50	1	0	1	0
           472	2024-06-10 08:02:25	1	0	1	0
           471	2024-06-10 08:02:33	1	0	1	0
           401	2024-06-10 09:07:00	1	0	1	0
           471	2024-06-10 12:00:07	1	0	1	0
           605	2024-06-10 12:00:30	1	0	1	0
           551	2024-06-10 12:01:09	1	0	1	0
           472	2024-06-10 12:01:15	1	0	1	0
           118	2024-06-10 12:01:28	1	0	1	0
           602	2024-06-10 12:03:27	1	0	1	0
           142	2024-06-10 12:07:32	1	0	1	0
            91	2024-06-10 12:08:23	1	0	1	0
           627	2024-06-10 12:10:05	1	0	1	0
           385	2024-06-10 12:10:12	1	0	1	0
           471	2024-06-10 12:15:32	1	0	1	0
           472	2024-06-10 12:16:50	1	0	1	0
           473	2024-06-10 12:26:32	1	0	1	0
            91	2024-06-10 12:28:15	1	0	1	0
           118	2024-06-10 12:33:31	1	0	1	0
           241	2024-06-10 12:37:40	1	0	1	0
           627	2024-06-10 12:42:13	1	0	1	0
           385	2024-06-10 12:42:21	1	0	1	0
           605	2024-06-10 12:42:29	1	0	1	0
           602	2024-06-10 12:42:42	1	0	1	0
           551	2024-06-10 12:43:06	1	0	1	0
           145	2024-06-10 12:44:39	1	0	1	0
           401	2024-06-10 12:44:49	1	0	1	0
           142	2024-06-10 12:52:27	1	0	1	0
           473	2024-06-10 12:53:00	1	0	1	0
           241	2024-06-10 12:53:48	1	0	1	0
           145	2024-06-10 13:00:03	1	0	1	0
           401	2024-06-10 13:00:10	1	0	1	0
           471	2024-06-10 17:04:17	1	0	1	0
           551	2024-06-10 17:04:47	1	0	1	0
           142	2024-06-10 17:08:44	1	0	1	0
           473	2024-06-10 17:12:05	1	0	1	0
           605	2024-06-10 17:12:33	1	0	1	0
           602	2024-06-10 17:14:16	1	0	1	0
           118	2024-06-10 17:16:17	1	0	1	0
           472	2024-06-10 17:16:21	1	0	1	0
           145	2024-06-10 17:24:31	1	0	1	0
           401	2024-06-10 17:24:40	1	0	1	0
           241	2024-06-10 18:11:28	1	0	1	0
           385	2024-06-10 18:17:14	1	0	1	0
            91	2024-06-10 18:50:01	1	0	1	0
           385	2024-06-11 05:39:50	1	0	1	0
            91	2024-06-11 06:57:08	1	0	1	0
           473	2024-06-11 07:13:18	1	0	1	0
           605	2024-06-11 07:30:05	1	0	1	0
           551	2024-06-11 07:35:36	1	0	1	0
           627	2024-06-11 07:41:40	1	0	1	0
           602	2024-06-11 07:42:59	1	0	1	0
           118	2024-06-11 07:43:26	1	0	1	0
           145	2024-06-11 07:44:19	1	0	1	0
           142	2024-06-11 07:45:10	1	0	1	0
           472	2024-06-11 07:51:06	1	0	1	0
           471	2024-06-11 07:51:13	1	0	1	0
           241	2024-06-11 07:57:00	1	0	1	0
           401	2024-06-11 08:01:54	1	0	1	0
           385	2024-06-11 11:38:15	1	0	1	0
           472	2024-06-11 12:00:51	1	0	1	0
           118	2024-06-11 12:01:07	1	0	1	0
            91	2024-06-11 12:01:45	1	0	1	0
           471	2024-06-11 12:01:59	1	0	1	0
           627	2024-06-11 12:04:13	1	0	1	0
           385	2024-06-11 12:04:18	1	0	1	0
           473	2024-06-11 12:05:45	1	0	1	0
           142	2024-06-11 12:06:38	1	0	1	0
           551	2024-06-11 12:07:31	1	0	1	0
           602	2024-06-11 12:08:47	1	0	1	0
           605	2024-06-11 12:09:27	1	0	1	0
           471	2024-06-11 12:17:01	1	0	1	0
           473	2024-06-11 12:22:33	1	0	1	0
           551	2024-06-11 12:24:43	1	0	1	0
           241	2024-06-11 12:28:02	1	0	1	0
           605	2024-06-11 12:32:35	1	0	1	0
           472	2024-06-11 12:32:46	1	0	1	0
           145	2024-06-11 12:34:26	1	0	1	0
           401	2024-06-11 12:34:43	1	0	1	0
           118	2024-06-11 12:35:17	1	0	1	0
            91	2024-06-11 12:37:08	1	0	1	0
           602	2024-06-11 12:39:28	1	0	1	0
           241	2024-06-11 12:45:59	1	0	1	0
           142	2024-06-11 12:46:14	1	0	1	0
           145	2024-06-11 12:50:43	1	0	1	0
           401	2024-06-11 12:50:55	1	0	1	0
           551	2024-06-11 17:00:03	1	0	1	0
           471	2024-06-11 17:01:11	1	0	1	0
           472	2024-06-11 17:03:37	1	0	1	0
           602	2024-06-11 17:08:54	1	0	1	0
           605	2024-06-11 17:09:12	1	0	1	0
           142	2024-06-11 17:13:48	1	0	1	0
           145	2024-06-11 17:16:34	1	0	1	0
           118	2024-06-11 17:24:05	1	0	1	0
           401	2024-06-11 17:24:15	1	0	1	0
            91	2024-06-11 17:26:11	1	0	1	0
           473	2024-06-11 17:26:49	1	0	1	0
           385	2024-06-11 17:40:16	1	0	1	0
           241	2024-06-11 17:52:26	1	0	1	0
           473	2024-06-12 07:16:22	1	0	1	0
           602	2024-06-12 07:25:22	1	0	1	0
           471	2024-06-12 07:43:05	1	0	1	0
           605	2024-06-12 07:45:23	1	0	1	0
           471	2024-06-12 12:04:21	1	0	1	0
           473	2024-06-12 12:04:32	1	0	1	0
           605	2024-06-12 12:17:57	1	0	1	0
           471	2024-06-12 12:19:52	1	0	1	0
           602	2024-06-12 12:22:31	1	0	1	0
           473	2024-06-12 12:25:25	1	0	1	0
           602	2024-06-12 12:41:34	1	0	1	0
           605	2024-06-12 12:42:32	1	0	1	0
           471	2024-06-12 17:00:40	1	0	1	0
           602	2024-06-12 17:02:03	1	0	1	0
           473	2024-06-12 17:02:17	1	0	1	0
           605	2024-06-12 17:03:06	1	0	1	0
           385	2024-06-13 05:57:44	1	0	1	0
           473	2024-06-13 07:20:23	1	0	1	0
           605	2024-06-13 07:20:29	1	0	1	0
           602	2024-06-13 07:26:35	1	0	1	0
           627	2024-06-13 07:37:50	1	0	1	0
           551	2024-06-13 07:41:28	1	0	1	0
           241	2024-06-13 07:42:58	1	0	1	0
           118	2024-06-13 07:43:32	1	0	1	0
           471	2024-06-13 07:52:33	1	0	1	0
           472	2024-06-13 07:52:39	1	0	1	0
            91	2024-06-13 07:59:10	1	0	1	0
           142	2024-06-13 07:59:25	1	0	1	0
           401	2024-06-13 08:00:27	1	0	1	0
           145	2024-06-13 08:00:46	1	0	1	0
            91	2024-06-13 12:03:08	1	0	1	0
           471	2024-06-13 12:06:53	1	0	1	0
           472	2024-06-13 12:06:57	1	0	1	0
           627	2024-06-13 12:07:41	1	0	1	0
           385	2024-06-13 12:07:59	1	0	1	0
           551	2024-06-13 12:08:36	1	0	1	0
           142	2024-06-13 12:09:47	1	0	1	0
           241	2024-06-13 12:11:02	1	0	1	0
           605	2024-06-13 12:14:31	1	0	1	0
           118	2024-06-13 12:25:30	1	0	1	0
            91	2024-06-13 12:26:10	1	0	1	0
           471	2024-06-13 12:28:56	1	0	1	0
           472	2024-06-13 12:29:54	1	0	1	0
           241	2024-06-13 12:30:26	1	0	1	0
           385	2024-06-13 12:30:36	1	0	1	0
           145	2024-06-13 12:34:18	1	0	1	0
           401	2024-06-13 12:34:25	1	0	1	0
           551	2024-06-13 12:37:23	1	0	1	0
           142	2024-06-13 12:46:41	1	0	1	0
           118	2024-06-13 12:48:47	1	0	1	0
           627	2024-06-13 12:53:54	1	0	1	0
           241	2024-06-13 17:05:51	1	0	1	0
           385	2024-06-13 17:09:38	1	0	1	0
           142	2024-06-13 17:11:37	1	0	1	0
           145	2024-06-13 17:16:48	1	0	1	0
           471	2024-06-13 17:25:12	1	0	1	0
           472	2024-06-13 17:25:41	1	0	1	0
           401	2024-06-13 17:31:04	1	0	1	0
           118	2024-06-13 17:37:07	1	0	1	0
           473	2024-06-13 17:37:22	1	0	1	0
           602	2024-06-13 17:44:43	1	0	1	0
           605	2024-06-13 17:44:53	1	0	1	0
           627	2024-06-13 18:01:58	1	0	1	0
           385	2024-06-14 05:37:45	1	0	1	0
            91	2024-06-14 06:34:44	1	0	1	0
           602	2024-06-14 07:36:30	1	0	1	0
           473	2024-06-14 07:37:02	1	0	1	0
           145	2024-06-14 07:41:14	1	0	1	0
           118	2024-06-14 07:44:35	1	0	1	0
           551	2024-06-14 07:45:42	1	0	1	0
           471	2024-06-14 07:47:37	1	0	1	0
           472	2024-06-14 07:47:46	1	0	1	0
           142	2024-06-14 07:53:03	1	0	1	0
           627	2024-06-14 07:54:58	1	0	1	0
           605	2024-06-14 07:55:12	1	0	1	0
           241	2024-06-14 08:02:38	1	0	1	0
           385	2024-06-14 11:37:00	1	0	1	0
           471	2024-06-14 12:00:24	1	0	1	0
           602	2024-06-14 12:00:38	1	0	1	0
           551	2024-06-14 12:01:16	1	0	1	0
            91	2024-06-14 12:04:01	1	0	1	0
           241	2024-06-14 12:04:11	1	0	1	0
           627	2024-06-14 12:05:27	1	0	1	0
           473	2024-06-14 12:05:31	1	0	1	0
           385	2024-06-14 12:05:35	1	0	1	0
           605	2024-06-14 12:05:46	1	0	1	0
           142	2024-06-14 12:11:53	1	0	1	0
           472	2024-06-14 12:13:56	1	0	1	0
           145	2024-06-14 12:18:48	1	0	1	0
           471	2024-06-14 12:19:28	1	0	1	0
           241	2024-06-14 12:22:37	1	0	1	0
           627	2024-06-14 12:22:41	1	0	1	0
            91	2024-06-14 12:27:27	1	0	1	0
           473	2024-06-14 12:28:09	1	0	1	0
           551	2024-06-14 12:31:37	1	0	1	0
           605	2024-06-14 12:39:45	1	0	1	0
           602	2024-06-14 12:40:02	1	0	1	0
           472	2024-06-14 12:40:25	1	0	1	0
           145	2024-06-14 12:50:19	1	0	1	0
           142	2024-06-14 12:51:26	1	0	1	0
           472	2024-06-14 17:01:13	1	0	1	0
           473	2024-06-14 17:01:15	1	0	1	0
           471	2024-06-14 17:01:56	1	0	1	0
           602	2024-06-14 17:02:47	1	0	1	0
           605	2024-06-14 17:02:53	1	0	1	0
           142	2024-06-14 17:05:26	1	0	1	0
           145	2024-06-14 17:20:55	1	0	1	0
            91	2024-06-14 17:23:28	1	0	1	0
           385	2024-06-14 17:27:36	1	0	1	0
           627	2024-06-14 18:15:59	1	0	1	0
           118	2024-06-14 18:39:30	1	0	1	0
           473	2024-06-17 06:56:15	1	0	1	0
           602	2024-06-17 07:14:23	1	0	1	0
           605	2024-06-17 08:01:28	1	0	1	0
           473	2024-06-17 12:02:03	1	0	1	0
           602	2024-06-17 12:02:22	1	0	1	0
           605	2024-06-17 12:02:33	1	0	1	0
           471	2024-06-17 12:02:58	1	0	1	0
           602	2024-06-17 12:22:05	1	0	1	0
           605	2024-06-17 12:23:15	1	0	1	0
           471	2024-06-17 12:29:47	1	0	1	0
           473	2024-06-17 12:34:47	1	0	1	0
           473	2024-06-17 17:00:04	1	0	1	0
           602	2024-06-17 17:00:07	1	0	1	0
           471	2024-06-17 17:00:39	1	0	1	0
           605	2024-06-17 17:02:39	1	0	1	0
           385	2024-06-18 05:59:44	1	0	1	0
           602	2024-06-18 06:54:59	1	0	1	0
           142	2024-06-18 07:40:52	1	0	1	0
            91	2024-06-18 07:41:05	1	0	1	0
           471	2024-06-18 07:44:07	1	0	1	0
           472	2024-06-18 07:44:16	1	0	1	0
           401	2024-06-18 07:44:33	1	0	1	0
           118	2024-06-18 07:49:29	1	0	1	0
           473	2024-06-18 07:54:23	1	0	1	0
           627	2024-06-18 07:59:04	1	0	1	0
           551	2024-06-18 07:59:14	1	0	1	0
           241	2024-06-18 08:11:09	1	0	1	0
           385	2024-06-18 11:48:11	1	0	1	0
           551	2024-06-18 12:01:02	1	0	1	0
           142	2024-06-18 12:02:42	1	0	1	0
           472	2024-06-18 12:04:21	1	0	1	0
           471	2024-06-18 12:04:37	1	0	1	0
           473	2024-06-18 12:04:43	1	0	1	0
           602	2024-06-18 12:04:47	1	0	1	0
           605	2024-06-18 12:05:44	1	0	1	0
           118	2024-06-18 12:06:46	1	0	1	0
           241	2024-06-18 12:08:34	1	0	1	0
           551	2024-06-18 12:20:25	1	0	1	0
           627	2024-06-18 12:21:16	1	0	1	0
           385	2024-06-18 12:21:25	1	0	1	0
           241	2024-06-18 12:24:49	1	0	1	0
           471	2024-06-18 12:29:47	1	0	1	0
           118	2024-06-18 12:32:49	1	0	1	0
           472	2024-06-18 12:32:57	1	0	1	0
           602	2024-06-18 12:37:54	1	0	1	0
           605	2024-06-18 12:38:01	1	0	1	0
           473	2024-06-18 12:38:12	1	0	1	0
           145	2024-06-18 12:39:09	1	0	1	0
           401	2024-06-18 12:39:19	1	0	1	0
           142	2024-06-18 12:43:28	1	0	1	0
           627	2024-06-18 12:47:47	1	0	1	0
           145	2024-06-18 12:56:29	1	0	1	0
           401	2024-06-18 12:56:39	1	0	1	0
           471	2024-06-18 17:06:03	1	0	1	0
            91	2024-06-18 17:07:55	1	0	1	0
           142	2024-06-18 17:08:19	1	0	1	0
           472	2024-06-18 17:19:22	1	0	1	0
           118	2024-06-18 17:20:52	1	0	1	0
           605	2024-06-18 17:21:25	1	0	1	0
           473	2024-06-18 17:23:04	1	0	1	0
           145	2024-06-18 17:23:58	1	0	1	0
           401	2024-06-18 17:24:05	1	0	1	0
           602	2024-06-18 17:25:42	1	0	1	0
           241	2024-06-18 17:36:06	1	0	1	0
           627	2024-06-18 17:43:06	1	0	1	0
           385	2024-06-18 17:47:57	1	0	1	0
           385	2024-06-19 05:46:45	1	0	1	0
           602	2024-06-19 06:52:32	1	0	1	0
           605	2024-06-19 07:36:06	1	0	1	0
           473	2024-06-19 07:38:03	1	0	1	0
           627	2024-06-19 07:41:22	1	0	1	0
           471	2024-06-19 07:54:14	1	0	1	0
           472	2024-06-19 07:54:17	1	0	1	0
           551	2024-06-19 07:58:29	1	0	1	0
           241	2024-06-19 08:00:08	1	0	1	0
            91	2024-06-19 08:00:44	1	0	1	0
           142	2024-06-19 08:04:19	1	0	1	0
           145	2024-06-19 08:06:46	1	0	1	0
           401	2024-06-19 08:12:02	1	0	1	0
           551	2024-06-19 12:00:14	1	0	1	0
           471	2024-06-19 12:03:41	1	0	1	0
            91	2024-06-19 12:04:59	1	0	1	0
           142	2024-06-19 12:07:56	1	0	1	0
           145	2024-06-19 12:08:05	1	0	1	0
           401	2024-06-19 12:08:13	1	0	1	0
           385	2024-06-19 12:08:29	1	0	1	0
           241	2024-06-19 12:08:56	1	0	1	0
           627	2024-06-19 12:13:35	1	0	1	0
           605	2024-06-19 12:14:04	1	0	1	0
           473	2024-06-19 12:14:16	1	0	1	0
           602	2024-06-19 12:14:21	1	0	1	0
           471	2024-06-19 12:18:41	1	0	1	0
           472	2024-06-19 12:18:45	1	0	1	0
           551	2024-06-19 12:19:02	1	0	1	0
           118	2024-06-19 12:23:17	1	0	1	0
           241	2024-06-19 12:26:54	1	0	1	0
            91	2024-06-19 12:31:13	1	0	1	0
           602	2024-06-19 12:32:18	1	0	1	0
           385	2024-06-19 12:36:37	1	0	1	0
           118	2024-06-19 12:44:40	1	0	1	0
           473	2024-06-19 12:44:58	1	0	1	0
           472	2024-06-19 12:45:10	1	0	1	0
           142	2024-06-19 12:49:41	1	0	1	0
           627	2024-06-19 12:51:10	1	0	1	0
           145	2024-06-19 12:51:17	1	0	1	0
           401	2024-06-19 12:51:29	1	0	1	0
           605	2024-06-19 12:53:37	1	0	1	0
           551	2024-06-19 17:00:10	1	0	1	0
           471	2024-06-19 17:00:51	1	0	1	0
           473	2024-06-19 17:04:03	1	0	1	0
           472	2024-06-19 17:04:06	1	0	1	0
           602	2024-06-19 17:04:51	1	0	1	0
           118	2024-06-19 17:05:40	1	0	1	0
           605	2024-06-19 17:06:54	1	0	1	0
           142	2024-06-19 17:07:01	1	0	1	0
           401	2024-06-19 17:17:29	1	0	1	0
           145	2024-06-19 17:19:09	1	0	1	0
            91	2024-06-19 17:22:34	1	0	1	0
           241	2024-06-19 17:22:41	1	0	1	0
           385	2024-06-19 17:31:54	1	0	1	0
           627	2024-06-19 17:35:57	1	0	1	0
           385	2024-06-20 05:52:20	1	0	1	0
           602	2024-06-20 07:30:55	1	0	1	0
           118	2024-06-20 07:30:59	1	0	1	0
           627	2024-06-20 07:31:57	1	0	1	0
           551	2024-06-20 07:50:03	1	0	1	0
           473	2024-06-20 07:50:11	1	0	1	0
           472	2024-06-20 07:57:33	1	0	1	0
           471	2024-06-20 07:57:40	1	0	1	0
           605	2024-06-20 07:58:46	1	0	1	0
           142	2024-06-20 07:59:26	1	0	1	0
           241	2024-06-20 08:00:33	1	0	1	0
            91	2024-06-20 08:02:25	1	0	1	0
           401	2024-06-20 08:07:20	1	0	1	0
           471	2024-06-20 12:00:13	1	0	1	0
           118	2024-06-20 12:00:21	1	0	1	0
           605	2024-06-20 12:00:40	1	0	1	0
           473	2024-06-20 12:00:43	1	0	1	0
           602	2024-06-20 12:00:50	1	0	1	0
           551	2024-06-20 12:03:47	1	0	1	0
           472	2024-06-20 12:05:08	1	0	1	0
           627	2024-06-20 12:10:43	1	0	1	0
           385	2024-06-20 12:10:48	1	0	1	0
           142	2024-06-20 12:11:37	1	0	1	0
           241	2024-06-20 12:15:34	1	0	1	0
           605	2024-06-20 12:16:59	1	0	1	0
           118	2024-06-20 12:18:39	1	0	1	0
            91	2024-06-20 12:25:25	1	0	1	0
           385	2024-06-20 12:27:54	1	0	1	0
           551	2024-06-20 12:29:26	1	0	1	0
           602	2024-06-20 12:30:09	1	0	1	0
           241	2024-06-20 12:30:48	1	0	1	0
           145	2024-06-20 12:31:28	1	0	1	0
           401	2024-06-20 12:31:40	1	0	1	0
           473	2024-06-20 12:32:01	1	0	1	0
           472	2024-06-20 12:36:03	1	0	1	0
           471	2024-06-20 12:36:10	1	0	1	0
           627	2024-06-20 12:48:34	1	0	1	0
            91	2024-06-20 12:49:17	1	0	1	0
           142	2024-06-20 12:52:32	1	0	1	0
           145	2024-06-20 12:54:32	1	0	1	0
           401	2024-06-20 12:54:42	1	0	1	0
           142	2024-06-20 17:05:21	1	0	1	0
           401	2024-06-20 17:05:30	1	0	1	0
           145	2024-06-20 17:13:32	1	0	1	0
           472	2024-06-20 17:14:18	1	0	1	0
           471	2024-06-20 17:14:38	1	0	1	0
            91	2024-06-20 17:34:00	1	0	1	0
           241	2024-06-20 17:34:17	1	0	1	0
           627	2024-06-20 17:45:28	1	0	1	0
           385	2024-06-20 17:45:43	1	0	1	0
           118	2024-06-20 17:50:18	1	0	1	0
           473	2024-06-20 17:51:01	1	0	1	0
           605	2024-06-20 17:51:10	1	0	1	0
           602	2024-06-20 17:52:20	1	0	1	0
           473	2024-06-21 05:34:02	1	0	1	0
           401	2024-06-21 05:49:08	1	0	1	0
           472	2024-06-21 05:50:48	1	0	1	0
           471	2024-06-21 05:50:54	1	0	1	0
           385	2024-06-21 05:51:53	1	0	1	0
           602	2024-06-21 06:11:28	1	0	1	0
           605	2024-06-21 06:15:20	1	0	1	0
            91	2024-06-21 06:22:59	1	0	1	0
           241	2024-06-21 06:42:53	1	0	1	0
           118	2024-06-21 06:50:45	1	0	1	0
           142	2024-06-21 06:54:19	1	0	1	0
           627	2024-06-21 06:55:09	1	0	1	0
           379	2024-06-21 06:55:53	1	0	1	0
            80	2024-06-21 07:03:33	1	0	1	0
           551	2024-06-21 07:03:51	1	0	1	0
           332	2024-06-21 07:34:16	1	0	1	0
           385	2024-06-21 11:57:04	1	0	1	0
           385	2024-06-21 12:27:58	1	0	1	0
           142	2024-06-21 17:03:54	1	0	1	0
           385	2024-06-21 17:04:55	1	0	1	0
           627	2024-06-21 17:23:26	1	0	1	0
           241	2024-06-21 17:35:00	1	0	1	0
           602	2024-06-21 18:27:06	1	0	1	0
           605	2024-06-21 18:30:06	1	0	1	0
           473	2024-06-21 18:30:08	1	0	1	0
           385	2024-06-24 06:11:31	1	0	1	0
           602	2024-06-24 07:12:04	1	0	1	0
           118	2024-06-24 07:34:43	1	0	1	0
           605	2024-06-24 07:34:47	1	0	1	0
           471	2024-06-24 07:40:55	1	0	1	0
           473	2024-06-24 07:46:38	1	0	1	0
           627	2024-06-24 07:49:14	1	0	1	0
           551	2024-06-24 07:52:25	1	0	1	0
           241	2024-06-24 08:06:41	1	0	1	0
           401	2024-06-24 08:30:22	1	0	1	0
           332	2024-06-24 09:59:59	1	0	1	0
           385	2024-06-24 11:32:18	1	0	1	0
           473	2024-06-24 12:00:23	1	0	1	0
           605	2024-06-24 12:00:31	1	0	1	0
           602	2024-06-24 12:00:37	1	0	1	0
           118	2024-06-24 12:00:39	1	0	1	0
           471	2024-06-24 12:00:58	1	0	1	0
           472	2024-06-24 12:01:10	1	0	1	0
           332	2024-06-24 12:03:18	1	0	1	0
           241	2024-06-24 12:10:02	1	0	1	0
           385	2024-06-24 12:14:27	1	0	1	0
           627	2024-06-24 12:20:22	1	0	1	0
           145	2024-06-24 12:31:20	1	0	1	0
           401	2024-06-24 12:35:07	1	0	1	0
           471	2024-06-24 12:37:29	1	0	1	0
           627	2024-06-24 12:44:55	1	0	1	0
           118	2024-06-24 12:45:12	1	0	1	0
           605	2024-06-24 12:45:23	1	0	1	0
           473	2024-06-24 12:45:31	1	0	1	0
           602	2024-06-24 12:45:36	1	0	1	0
           241	2024-06-24 12:45:47	1	0	1	0
           332	2024-06-24 12:50:13	1	0	1	0
           401	2024-06-24 12:58:34	1	0	1	0
           145	2024-06-24 12:59:14	1	0	1	0
           471	2024-06-24 17:00:08	1	0	1	0
           473	2024-06-24 17:00:30	1	0	1	0
           602	2024-06-24 17:00:53	1	0	1	0
           472	2024-06-24 17:01:15	1	0	1	0
           605	2024-06-24 17:01:22	1	0	1	0
           118	2024-06-24 17:03:26	1	0	1	0
           385	2024-06-24 17:11:52	1	0	1	0
           332	2024-06-24 17:19:49	1	0	1	0
           145	2024-06-24 17:28:53	1	0	1	0
           401	2024-06-24 17:29:03	1	0	1	0
           627	2024-06-24 18:21:27	1	0	1	0
           241	2024-06-24 18:28:09	1	0	1	0
           385	2024-06-25 06:33:36	1	0	1	0
           473	2024-06-25 07:20:31	1	0	1	0
           602	2024-06-25 07:29:18	1	0	1	0
           605	2024-06-25 07:35:30	1	0	1	0
           142	2024-06-25 07:36:04	1	0	1	0
           472	2024-06-25 07:39:22	1	0	1	0
           471	2024-06-25 07:39:41	1	0	1	0
           627	2024-06-25 07:47:46	1	0	1	0
           551	2024-06-25 07:56:40	1	0	1	0
           332	2024-06-25 07:58:22	1	0	1	0
           241	2024-06-25 08:14:51	1	0	1	0
           118	2024-06-25 08:39:18	1	0	1	0
           401	2024-06-25 08:48:55	1	0	1	0
           385	2024-06-25 11:39:00	1	0	1	0
           142	2024-06-25 12:01:04	1	0	1	0
           471	2024-06-25 12:03:20	1	0	1	0
           605	2024-06-25 12:03:25	1	0	1	0
           551	2024-06-25 12:03:32	1	0	1	0
           472	2024-06-25 12:03:39	1	0	1	0
           473	2024-06-25 12:03:43	1	0	1	0
           602	2024-06-25 12:04:15	1	0	1	0
           627	2024-06-25 12:04:25	1	0	1	0
           385	2024-06-25 12:04:29	1	0	1	0
           118	2024-06-25 12:14:06	1	0	1	0
           142	2024-06-25 12:17:55	1	0	1	0
           241	2024-06-25 12:19:30	1	0	1	0
           332	2024-06-25 12:25:18	1	0	1	0
           473	2024-06-25 12:26:41	1	0	1	0
           472	2024-06-25 12:26:46	1	0	1	0
           471	2024-06-25 12:26:51	1	0	1	0
           145	2024-06-25 12:28:20	1	0	1	0
           401	2024-06-25 12:28:33	1	0	1	0
           605	2024-06-25 12:32:29	1	0	1	0
           602	2024-06-25 12:32:34	1	0	1	0
           551	2024-06-25 12:40:36	1	0	1	0
           118	2024-06-25 12:41:26	1	0	1	0
           241	2024-06-25 12:50:24	1	0	1	0
           627	2024-06-25 12:51:54	1	0	1	0
           471	2024-06-25 17:01:04	1	0	1	0
           551	2024-06-25 17:01:13	1	0	1	0
           472	2024-06-25 17:01:46	1	0	1	0
           473	2024-06-25 17:02:21	1	0	1	0
           142	2024-06-25 17:03:13	1	0	1	0
           605	2024-06-25 17:03:18	1	0	1	0
           602	2024-06-25 17:05:11	1	0	1	0
           118	2024-06-25 17:05:42	1	0	1	0
           145	2024-06-25 17:09:31	1	0	1	0
           401	2024-06-25 17:09:58	1	0	1	0
           241	2024-06-25 17:11:10	1	0	1	0
           385	2024-06-25 17:18:05	1	0	1	0
           627	2024-06-25 18:10:21	1	0	1	0
           385	2024-06-26 05:47:54	1	0	1	0
           473	2024-06-26 07:30:04	1	0	1	0
           471	2024-06-26 07:30:57	1	0	1	0
           602	2024-06-26 07:36:33	1	0	1	0
           605	2024-06-26 07:57:37	1	0	1	0
           118	2024-06-26 07:58:50	1	0	1	0
           241	2024-06-26 07:58:58	1	0	1	0
           142	2024-06-26 08:11:34	1	0	1	0
           145	2024-06-26 08:17:52	1	0	1	0
           401	2024-06-26 08:36:54	1	0	1	0
           369	2024-06-26 09:28:31	1	0	1	0
           385	2024-06-26 11:31:36	1	0	1	0
           471	2024-06-26 12:00:30	1	0	1	0
           142	2024-06-26 12:01:06	1	0	1	0
           473	2024-06-26 12:03:38	1	0	1	0
           602	2024-06-26 12:03:44	1	0	1	0
           605	2024-06-26 12:04:04	1	0	1	0
           369	2024-06-26 12:09:51	1	0	1	0
           385	2024-06-26 12:12:29	1	0	1	0
           118	2024-06-26 12:12:57	1	0	1	0
           471	2024-06-26 12:16:45	1	0	1	0
           473	2024-06-26 12:20:29	1	0	1	0
           241	2024-06-26 12:21:05	1	0	1	0
           145	2024-06-26 12:23:27	1	0	1	0
           401	2024-06-26 12:23:35	1	0	1	0
           118	2024-06-26 12:41:18	1	0	1	0
           605	2024-06-26 12:41:28	1	0	1	0
           602	2024-06-26 12:41:37	1	0	1	0
           241	2024-06-26 12:51:16	1	0	1	0
           142	2024-06-26 12:52:49	1	0	1	0
           145	2024-06-26 12:57:51	1	0	1	0
           401	2024-06-26 12:57:56	1	0	1	0
           369	2024-06-26 16:59:39	1	0	1	0
           241	2024-06-26 17:04:22	1	0	1	0
           385	2024-06-26 17:05:17	1	0	1	0
           142	2024-06-26 17:09:21	1	0	1	0
           145	2024-06-26 17:10:50	1	0	1	0
           401	2024-06-26 17:11:14	1	0	1	0
           602	2024-06-26 17:50:32	1	0	1	0
           471	2024-06-26 18:25:32	1	0	1	0
           473	2024-06-26 18:34:33	1	0	1	0
           605	2024-06-26 18:35:00	1	0	1	0
           118	2024-06-26 18:35:11	1	0	1	0
           385	2024-06-27 05:52:59	1	0	1	0
           602	2024-06-27 07:02:37	1	0	1	0
           473	2024-06-27 07:29:47	1	0	1	0
           605	2024-06-27 07:43:21	1	0	1	0
           471	2024-06-27 07:51:01	1	0	1	0
           118	2024-06-27 07:51:11	1	0	1	0
           369	2024-06-27 08:00:25	1	0	1	0
           241	2024-06-27 08:04:06	1	0	1	0
           145	2024-06-27 08:04:19	1	0	1	0
           401	2024-06-27 08:44:53	1	0	1	0
           385	2024-06-27 11:54:41	1	0	1	0
           471	2024-06-27 12:02:26	1	0	1	0
           602	2024-06-27 12:03:31	1	0	1	0
           369	2024-06-27 12:04:36	1	0	1	0
           241	2024-06-27 12:11:56	1	0	1	0
           385	2024-06-27 12:14:04	1	0	1	0
           145	2024-06-27 12:26:49	1	0	1	0
           401	2024-06-27 12:26:59	1	0	1	0
           241	2024-06-27 12:32:04	1	0	1	0
           471	2024-06-27 12:33:49	1	0	1	0
           602	2024-06-27 12:50:11	1	0	1	0
           241	2024-06-27 17:00:02	1	0	1	0
           369	2024-06-27 17:00:48	1	0	1	0
           471	2024-06-27 17:01:08	1	0	1	0
           385	2024-06-27 17:01:37	1	0	1	0
           602	2024-06-27 17:03:24	1	0	1	0
           145	2024-06-27 17:16:25	1	0	1	0
           401	2024-06-27 17:16:33	1	0	1	0
           605	2024-06-27 18:48:08	1	0	1	0
           118	2024-06-27 18:50:43	1	0	1	0
           473	2024-06-27 18:50:49	1	0	1	0
           385	2024-06-28 05:51:14	1	0	1	0
           473	2024-06-28 07:30:23	1	0	1	0
           602	2024-06-28 07:33:19	1	0	1	0
           118	2024-06-28 07:49:09	1	0	1	0
           605	2024-06-28 07:50:13	1	0	1	0
           241	2024-06-28 07:53:24	1	0	1	0
           471	2024-06-28 07:55:35	1	0	1	0
           142	2024-06-28 08:06:50	1	0	1	0
           401	2024-06-28 08:30:03	1	0	1	0
           385	2024-06-28 11:31:00	1	0	1	0
           471	2024-06-28 12:00:50	1	0	1	0
           118	2024-06-28 12:01:53	1	0	1	0
           142	2024-06-28 12:06:42	1	0	1	0
           602	2024-06-28 12:07:00	1	0	1	0
           605	2024-06-28 12:08:25	1	0	1	0
           145	2024-06-28 12:11:16	1	0	1	0
           401	2024-06-28 12:11:24	1	0	1	0
           241	2024-06-28 12:23:46	1	0	1	0
           473	2024-06-28 12:25:06	1	0	1	0
           605	2024-06-28 12:26:22	1	0	1	0
           471	2024-06-28 12:26:28	1	0	1	0
           385	2024-06-28 12:27:07	1	0	1	0
           118	2024-06-28 12:39:20	1	0	1	0
           473	2024-06-28 12:42:16	1	0	1	0
           602	2024-06-28 12:42:45	1	0	1	0
           145	2024-06-28 12:51:05	1	0	1	0
           401	2024-06-28 12:51:15	1	0	1	0
           142	2024-06-28 13:00:43	1	0	1	0
           471	2024-06-28 17:05:05	1	0	1	0
           142	2024-06-28 17:05:26	1	0	1	0
           385	2024-06-28 17:09:27	1	0	1	0
           602	2024-06-28 17:30:14	1	0	1	0
           145	2024-06-28 17:34:51	1	0	1	0
           401	2024-06-28 17:35:01	1	0	1	0
           241	2024-06-28 17:46:19	1	0	1	0
           118	2024-06-28 17:57:52	1	0	1	0
           605	2024-06-28 18:11:49	1	0	1	0
           473	2024-06-28 18:12:39	1	0	1	0
           385	2024-07-01 06:14:28	1	0	1	0
           602	2024-07-01 06:58:44	1	0	1	0
           471	2024-07-01 07:42:34	1	0	1	0
           605	2024-07-01 07:44:37	1	0	1	0
           473	2024-07-01 07:45:47	1	0	1	0
           118	2024-07-01 07:49:23	1	0	1	0
           241	2024-07-01 08:00:36	1	0	1	0
            91	2024-07-01 08:10:43	1	0	1	0
           369	2024-07-01 08:12:33	1	0	1	0
           401	2024-07-01 08:51:16	1	0	1	0
           332	2024-07-01 10:30:57	1	0	1	0
           385	2024-07-01 11:44:29	1	0	1	0
           332	2024-07-01 12:00:11	1	0	1	0
           602	2024-07-01 12:01:09	1	0	1	0
           473	2024-07-01 12:01:11	1	0	1	0
           118	2024-07-01 12:01:21	1	0	1	0
           471	2024-07-01 12:01:29	1	0	1	0
           605	2024-07-01 12:01:47	1	0	1	0
           241	2024-07-01 12:04:47	1	0	1	0
            91	2024-07-01 12:05:40	1	0	1	0
           369	2024-07-01 12:06:49	1	0	1	0
           118	2024-07-01 12:16:45	1	0	1	0
           401	2024-07-01 12:21:12	1	0	1	0
           471	2024-07-01 12:28:09	1	0	1	0
           605	2024-07-01 12:28:33	1	0	1	0
           369	2024-07-01 12:30:55	1	0	1	0
           602	2024-07-01 12:31:08	1	0	1	0
            91	2024-07-01 12:31:23	1	0	1	0
           241	2024-07-01 12:33:39	1	0	1	0
           385	2024-07-01 12:40:09	1	0	1	0
           332	2024-07-01 12:49:12	1	0	1	0
           401	2024-07-01 13:00:12	1	0	1	0
           471	2024-07-01 17:00:42	1	0	1	0
           369	2024-07-01 17:03:16	1	0	1	0
           118	2024-07-01 17:05:14	1	0	1	0
           332	2024-07-01 17:05:39	1	0	1	0
           385	2024-07-01 17:07:40	1	0	1	0
           473	2024-07-01 17:07:58	1	0	1	0
           602	2024-07-01 17:08:45	1	0	1	0
           605	2024-07-01 17:08:50	1	0	1	0
           401	2024-07-01 17:29:11	1	0	1	0
           241	2024-07-01 17:40:32	1	0	1	0
            91	2024-07-01 17:42:11	1	0	1	0
           385	2024-07-02 06:02:25	1	0	1	0
           473	2024-07-02 06:27:15	1	0	1	0
           602	2024-07-02 07:32:34	1	0	1	0
           605	2024-07-02 07:52:04	1	0	1	0
           471	2024-07-02 07:53:17	1	0	1	0
            91	2024-07-02 07:56:20	1	0	1	0
           241	2024-07-02 07:57:37	1	0	1	0
           332	2024-07-02 07:58:39	1	0	1	0
           369	2024-07-02 08:10:06	1	0	1	0
           118	2024-07-02 08:59:27	1	0	1	0
           385	2024-07-02 11:31:43	1	0	1	0
           241	2024-07-02 12:00:45	1	0	1	0
           118	2024-07-02 12:00:55	1	0	1	0
           605	2024-07-02 12:01:06	1	0	1	0
           602	2024-07-02 12:01:11	1	0	1	0
           471	2024-07-02 12:01:22	1	0	1	0
           385	2024-07-02 12:03:36	1	0	1	0
           369	2024-07-02 12:05:23	1	0	1	0
            91	2024-07-02 12:09:27	1	0	1	0
           118	2024-07-02 12:20:17	1	0	1	0
           602	2024-07-02 12:21:13	1	0	1	0
           605	2024-07-02 12:21:19	1	0	1	0
           471	2024-07-02 12:21:41	1	0	1	0
           332	2024-07-02 12:22:26	1	0	1	0
            91	2024-07-02 12:30:38	1	0	1	0
           241	2024-07-02 12:30:46	1	0	1	0
           369	2024-07-02 12:48:23	1	0	1	0
           369	2024-07-02 17:00:08	1	0	1	0
            91	2024-07-02 17:01:07	1	0	1	0
           241	2024-07-02 17:01:13	1	0	1	0
           385	2024-07-02 17:01:27	1	0	1	0
           118	2024-07-02 17:01:38	1	0	1	0
           473	2024-07-02 17:02:07	1	0	1	0
           605	2024-07-02 17:02:18	1	0	1	0
           602	2024-07-02 17:02:33	1	0	1	0
           385	2024-07-03 06:02:25	1	0	1	0
           473	2024-07-03 06:52:32	1	0	1	0
           602	2024-07-03 07:35:19	1	0	1	0
           471	2024-07-03 07:43:00	1	0	1	0
           605	2024-07-03 07:48:36	1	0	1	0
           118	2024-07-03 07:54:36	1	0	1	0
            91	2024-07-03 07:55:29	1	0	1	0
           241	2024-07-03 08:01:24	1	0	1	0
            48	2024-07-03 08:02:10	1	0	1	0
           385	2024-07-03 11:41:30	1	0	1	0
           473	2024-07-03 12:01:35	1	0	1	0
           471	2024-07-03 12:02:00	1	0	1	0
            91	2024-07-03 12:02:21	1	0	1	0
           605	2024-07-03 12:04:44	1	0	1	0
           385	2024-07-03 12:07:22	1	0	1	0
           369	2024-07-03 12:08:19	1	0	1	0
           118	2024-07-03 12:09:05	1	0	1	0
           602	2024-07-03 12:09:12	1	0	1	0
            48	2024-07-03 12:09:59	1	0	1	0
            91	2024-07-03 12:26:06	1	0	1	0
           369	2024-07-03 12:28:58	1	0	1	0
           471	2024-07-03 12:35:22	1	0	1	0
            48	2024-07-03 12:35:44	1	0	1	0
           241	2024-07-03 12:37:31	1	0	1	0
           118	2024-07-03 12:39:04	1	0	1	0
           605	2024-07-03 12:46:33	1	0	1	0
           602	2024-07-03 12:46:35	1	0	1	0
           473	2024-07-03 12:46:47	1	0	1	0
           241	2024-07-03 12:54:31	1	0	1	0
            48	2024-07-03 17:00:08	1	0	1	0
            91	2024-07-03 17:06:52	1	0	1	0
           241	2024-07-03 17:07:03	1	0	1	0
           471	2024-07-03 17:07:33	1	0	1	0
           369	2024-07-03 17:08:36	1	0	1	0
           385	2024-07-03 17:12:41	1	0	1	0
           473	2024-07-03 17:15:16	1	0	1	0
           602	2024-07-03 17:20:53	1	0	1	0
           118	2024-07-03 17:21:26	1	0	1	0
           605	2024-07-03 17:21:37	1	0	1	0
           385	2024-07-04 06:21:05	1	0	1	0
           473	2024-07-04 07:29:23	1	0	1	0
           602	2024-07-04 07:35:49	1	0	1	0
           471	2024-07-04 07:45:27	1	0	1	0
           241	2024-07-04 07:49:54	1	0	1	0
            91	2024-07-04 07:52:23	1	0	1	0
           118	2024-07-04 07:52:44	1	0	1	0
           605	2024-07-04 07:58:27	1	0	1	0
            48	2024-07-04 08:04:14	1	0	1	0
           369	2024-07-04 08:11:26	1	0	1	0
           385	2024-07-04 11:44:35	1	0	1	0
            91	2024-07-04 12:00:48	1	0	1	0
           241	2024-07-04 12:00:53	1	0	1	0
           471	2024-07-04 12:01:51	1	0	1	0
           118	2024-07-04 12:02:44	1	0	1	0
            48	2024-07-04 12:03:06	1	0	1	0
           473	2024-07-04 12:03:37	1	0	1	0
           602	2024-07-04 12:03:44	1	0	1	0
           605	2024-07-04 12:03:56	1	0	1	0
           471	2024-07-04 12:18:28	1	0	1	0
           118	2024-07-04 12:19:29	1	0	1	0
           369	2024-07-04 12:19:36	1	0	1	0
           473	2024-07-04 12:25:56	1	0	1	0
            48	2024-07-04 12:29:48	1	0	1	0
           602	2024-07-04 12:32:23	1	0	1	0
           605	2024-07-04 12:32:33	1	0	1	0
            91	2024-07-04 12:43:45	1	0	1	0
           241	2024-07-04 12:44:36	1	0	1	0
           369	2024-07-04 12:45:05	1	0	1	0
           385	2024-07-04 12:50:15	1	0	1	0
           118	2024-07-04 17:01:53	1	0	1	0
           473	2024-07-04 17:02:02	1	0	1	0
            48	2024-07-04 17:02:07	1	0	1	0
           369	2024-07-04 17:02:15	1	0	1	0
           471	2024-07-04 17:02:32	1	0	1	0
           602	2024-07-04 17:02:37	1	0	1	0
           241	2024-07-04 17:02:44	1	0	1	0
            91	2024-07-04 17:02:48	1	0	1	0
           605	2024-07-04 17:03:43	1	0	1	0
           385	2024-07-04 17:28:47	1	0	1	0
           385	2024-07-05 06:09:10	1	0	1	0
           473	2024-07-05 07:04:25	1	0	1	0
           602	2024-07-05 07:35:23	1	0	1	0
           605	2024-07-05 07:44:32	1	0	1	0
            91	2024-07-05 07:45:45	1	0	1	0
           471	2024-07-05 07:45:55	1	0	1	0
           241	2024-07-05 07:51:36	1	0	1	0
            48	2024-07-05 07:53:15	1	0	1	0
           118	2024-07-05 07:53:44	1	0	1	0
           369	2024-07-05 08:10:50	1	0	1	0
           385	2024-07-05 11:35:36	1	0	1	0
            48	2024-07-05 12:00:10	1	0	1	0
            91	2024-07-05 12:01:17	1	0	1	0
           473	2024-07-05 12:02:45	1	0	1	0
           118	2024-07-05 12:02:51	1	0	1	0
           605	2024-07-05 12:03:00	1	0	1	0
           602	2024-07-05 12:03:11	1	0	1	0
           471	2024-07-05 12:03:52	1	0	1	0
           369	2024-07-05 12:12:59	1	0	1	0
           385	2024-07-05 12:19:20	1	0	1	0
           471	2024-07-05 12:19:58	1	0	1	0
           241	2024-07-05 12:20:17	1	0	1	0
            91	2024-07-05 12:24:32	1	0	1	0
           473	2024-07-05 12:27:35	1	0	1	0
           118	2024-07-05 12:27:54	1	0	1	0
           602	2024-07-05 12:28:18	1	0	1	0
           605	2024-07-05 12:28:25	1	0	1	0
           241	2024-07-05 12:45:52	1	0	1	0
           369	2024-07-05 12:48:39	1	0	1	0
            91	2024-07-05 16:57:43	1	0	1	0
            48	2024-07-05 17:00:52	1	0	1	0
           369	2024-07-05 17:00:57	1	0	1	0
           471	2024-07-05 17:01:41	1	0	1	0
           602	2024-07-05 17:01:53	1	0	1	0
           605	2024-07-05 17:01:59	1	0	1	0
           473	2024-07-05 17:02:11	1	0	1	0
           385	2024-07-05 17:03:08	1	0	1	0
           118	2024-07-05 17:05:48	1	0	1	0
           241	2024-07-05 17:11:14	1	0	1	0
           385	2024-07-08 06:32:49	1	0	1	0
           602	2024-07-08 06:57:47	1	0	1	0
           473	2024-07-08 07:09:11	1	0	1	0
           605	2024-07-08 07:39:33	1	0	1	0
           241	2024-07-08 07:44:37	1	0	1	0
            48	2024-07-08 07:45:38	1	0	1	0
           471	2024-07-08 07:47:59	1	0	1	0
           118	2024-07-08 07:49:38	1	0	1	0
            91	2024-07-08 08:10:31	1	0	1	0
           369	2024-07-08 08:17:51	1	0	1	0
           332	2024-07-08 09:58:00	1	0	1	0
           385	2024-07-08 11:31:09	1	0	1	0
            48	2024-07-08 12:00:06	1	0	1	0
           471	2024-07-08 12:00:13	1	0	1	0
           385	2024-07-08 12:00:18	1	0	1	0
           369	2024-07-08 12:01:21	1	0	1	0
           473	2024-07-08 12:01:30	1	0	1	0
           118	2024-07-08 12:01:37	1	0	1	0
           605	2024-07-08 12:01:42	1	0	1	0
            91	2024-07-08 12:11:03	1	0	1	0
           241	2024-07-08 12:11:11	1	0	1	0
           602	2024-07-08 12:13:03	1	0	1	0
           332	2024-07-08 12:19:42	1	0	1	0
            48	2024-07-08 12:36:53	1	0	1	0
           471	2024-07-08 12:37:42	1	0	1	0
           473	2024-07-08 12:46:47	1	0	1	0
           118	2024-07-08 12:46:51	1	0	1	0
           602	2024-07-08 12:46:59	1	0	1	0
           605	2024-07-08 12:47:03	1	0	1	0
            91	2024-07-08 12:49:45	1	0	1	0
           332	2024-07-08 12:49:54	1	0	1	0
           241	2024-07-08 12:51:07	1	0	1	0
           369	2024-07-08 13:28:38	1	0	1	0
            48	2024-07-08 17:00:04	1	0	1	0
           369	2024-07-08 17:00:10	1	0	1	0
           602	2024-07-08 17:02:07	1	0	1	0
           471	2024-07-08 17:03:15	1	0	1	0
           605	2024-07-08 17:03:29	1	0	1	0
           473	2024-07-08 17:03:35	1	0	1	0
           118	2024-07-08 17:03:53	1	0	1	0
            91	2024-07-08 17:11:35	1	0	1	0
           241	2024-07-08 17:11:45	1	0	1	0
           332	2024-07-08 17:15:04	1	0	1	0
           385	2024-07-08 17:28:34	1	0	1	0
           385	2024-07-09 06:22:57	1	0	1	0
           602	2024-07-09 07:20:56	1	0	1	0
           473	2024-07-09 07:38:02	1	0	1	0
           332	2024-07-09 07:42:49	1	0	1	0
           471	2024-07-09 07:45:58	1	0	1	0
            48	2024-07-09 07:51:05	1	0	1	0
           605	2024-07-09 07:57:23	1	0	1	0
           241	2024-07-09 07:59:40	1	0	1	0
            91	2024-07-09 07:59:58	1	0	1	0
           118	2024-07-09 08:03:52	1	0	1	0
           369	2024-07-09 08:16:26	1	0	1	0
           385	2024-07-09 11:37:19	1	0	1	0
           369	2024-07-09 12:00:42	1	0	1	0
           602	2024-07-09 12:01:16	1	0	1	0
           473	2024-07-09 12:01:18	1	0	1	0
           471	2024-07-09 12:01:29	1	0	1	0
           605	2024-07-09 12:01:37	1	0	1	0
            91	2024-07-09 12:11:28	1	0	1	0
            48	2024-07-09 12:15:56	1	0	1	0
           118	2024-07-09 12:23:45	1	0	1	0
           471	2024-07-09 12:26:47	1	0	1	0
           369	2024-07-09 12:28:14	1	0	1	0
           241	2024-07-09 12:30:22	1	0	1	0
            48	2024-07-09 12:33:28	1	0	1	0
            91	2024-07-09 12:43:07	1	0	1	0
           602	2024-07-09 12:46:14	1	0	1	0
           605	2024-07-09 12:46:24	1	0	1	0
           118	2024-07-09 12:47:05	1	0	1	0
           241	2024-07-09 12:47:34	1	0	1	0
           385	2024-07-09 12:53:16	1	0	1	0
           332	2024-07-09 14:10:23	1	0	1	0
           471	2024-07-09 17:00:07	1	0	1	0
            48	2024-07-09 17:00:19	1	0	1	0
           118	2024-07-09 17:00:30	1	0	1	0
           369	2024-07-09 17:01:14	1	0	1	0
           473	2024-07-09 17:01:20	1	0	1	0
           602	2024-07-09 17:02:37	1	0	1	0
           385	2024-07-09 17:18:09	1	0	1	0
            91	2024-07-09 17:47:39	1	0	1	0
           241	2024-07-09 18:18:11	1	0	1	0
           605	2024-07-09 18:22:45	1	0	1	0
           385	2024-07-10 06:08:35	1	0	1	0
           602	2024-07-10 07:30:04	1	0	1	0
           473	2024-07-10 07:41:07	1	0	1	0
            91	2024-07-10 07:51:46	1	0	1	0
           471	2024-07-10 07:53:39	1	0	1	0
           241	2024-07-10 07:59:24	1	0	1	0
           118	2024-07-10 08:03:12	1	0	1	0
           605	2024-07-10 08:09:15	1	0	1	0
           385	2024-07-10 11:35:05	1	0	1	0
            91	2024-07-10 12:02:20	1	0	1	0
           241	2024-07-10 12:02:32	1	0	1	0
           473	2024-07-10 12:09:29	1	0	1	0
           471	2024-07-10 12:09:45	1	0	1	0
           118	2024-07-10 12:12:21	1	0	1	0
           602	2024-07-10 12:20:11	1	0	1	0
           605	2024-07-10 12:20:15	1	0	1	0
           471	2024-07-10 12:35:13	1	0	1	0
           605	2024-07-10 12:35:31	1	0	1	0
           602	2024-07-10 12:35:39	1	0	1	0
           385	2024-07-10 12:38:32	1	0	1	0
           118	2024-07-10 12:39:11	1	0	1	0
           473	2024-07-10 12:39:21	1	0	1	0
            91	2024-07-10 12:41:57	1	0	1	0
           241	2024-07-10 12:42:05	1	0	1	0
            91	2024-07-10 17:05:28	1	0	1	0
           471	2024-07-10 17:06:10	1	0	1	0
           118	2024-07-10 17:06:21	1	0	1	0
           473	2024-07-10 17:10:46	1	0	1	0
           605	2024-07-10 17:11:21	1	0	1	0
           602	2024-07-10 17:11:31	1	0	1	0
           385	2024-07-10 17:11:46	1	0	1	0
           241	2024-07-10 17:18:07	1	0	1	0
           385	2024-07-11 06:07:45	1	0	1	0
            91	2024-07-11 07:37:42	1	0	1	0
           605	2024-07-11 07:38:38	1	0	1	0
           118	2024-07-11 07:44:23	1	0	1	0
           473	2024-07-11 07:45:45	1	0	1	0
           471	2024-07-11 07:47:38	1	0	1	0
           241	2024-07-11 07:54:52	1	0	1	0
            48	2024-07-11 08:04:52	1	0	1	0
           369	2024-07-11 08:06:20	1	0	1	0
           385	2024-07-11 11:44:35	1	0	1	0
           602	2024-07-11 12:02:43	1	0	1	0
            48	2024-07-11 12:02:59	1	0	1	0
           118	2024-07-11 12:03:17	1	0	1	0
           605	2024-07-11 12:03:25	1	0	1	0
           473	2024-07-11 12:03:29	1	0	1	0
           471	2024-07-11 12:03:45	1	0	1	0
            91	2024-07-11 12:05:38	1	0	1	0
           241	2024-07-11 12:05:49	1	0	1	0
           385	2024-07-11 12:05:57	1	0	1	0
           369	2024-07-11 12:11:28	1	0	1	0
            48	2024-07-11 12:18:55	1	0	1	0
            91	2024-07-11 12:26:00	1	0	1	0
           241	2024-07-11 12:26:06	1	0	1	0
           369	2024-07-11 12:27:36	1	0	1	0
           602	2024-07-11 12:35:41	1	0	1	0
           471	2024-07-11 12:36:35	1	0	1	0
           605	2024-07-11 12:36:49	1	0	1	0
           473	2024-07-11 12:43:56	1	0	1	0
           118	2024-07-11 12:45:51	1	0	1	0
            48	2024-07-11 17:00:02	1	0	1	0
           369	2024-07-11 17:00:42	1	0	1	0
           471	2024-07-11 17:01:11	1	0	1	0
           473	2024-07-11 17:03:47	1	0	1	0
           602	2024-07-11 17:03:55	1	0	1	0
           605	2024-07-11 17:03:59	1	0	1	0
           118	2024-07-11 17:04:10	1	0	1	0
            91	2024-07-11 17:09:13	1	0	1	0
           241	2024-07-11 17:10:18	1	0	1	0
           385	2024-07-11 17:21:30	1	0	1	0
           385	2024-07-12 06:07:43	1	0	1	0
           602	2024-07-12 07:25:49	1	0	1	0
            91	2024-07-12 07:39:37	1	0	1	0
           471	2024-07-12 07:42:38	1	0	1	0
           118	2024-07-12 07:44:40	1	0	1	0
           369	2024-07-12 07:52:19	1	0	1	0
           605	2024-07-12 07:52:37	1	0	1	0
            48	2024-07-12 07:55:16	1	0	1	0
           241	2024-07-12 07:57:05	1	0	1	0
           473	2024-07-12 07:58:14	1	0	1	0
           385	2024-07-12 11:35:31	1	0	1	0
           369	2024-07-12 12:00:08	1	0	1	0
            48	2024-07-12 12:00:45	1	0	1	0
           471	2024-07-12 12:07:14	1	0	1	0
           605	2024-07-12 12:08:10	1	0	1	0
           602	2024-07-12 12:08:21	1	0	1	0
           118	2024-07-12 12:11:57	1	0	1	0
            48	2024-07-12 12:19:53	1	0	1	0
           241	2024-07-12 12:20:37	1	0	1	0
            91	2024-07-12 12:21:19	1	0	1	0
            91	2024-07-12 12:40:09	1	0	1	0
           241	2024-07-12 12:40:15	1	0	1	0
           471	2024-07-12 12:40:49	1	0	1	0
           118	2024-07-12 12:45:13	1	0	1	0
           605	2024-07-12 12:45:45	1	0	1	0
           602	2024-07-12 12:46:25	1	0	1	0
           385	2024-07-12 12:54:06	1	0	1	0
           369	2024-07-12 13:04:10	1	0	1	0
            48	2024-07-12 17:00:14	1	0	1	0
           118	2024-07-12 17:00:19	1	0	1	0
           473	2024-07-12 17:00:22	1	0	1	0
           602	2024-07-12 17:00:25	1	0	1	0
           471	2024-07-12 17:00:35	1	0	1	0
           605	2024-07-12 17:00:43	1	0	1	0
           369	2024-07-12 17:00:51	1	0	1	0
            91	2024-07-12 17:01:08	1	0	1	0
           241	2024-07-12 17:01:44	1	0	1	0
           385	2024-07-12 17:04:25	1	0	1	0
           602	2024-07-13 07:03:35	1	0	1	0
           473	2024-07-13 07:47:15	1	0	1	0
           605	2024-07-13 07:47:23	1	0	1	0
           471	2024-07-13 07:58:27	1	0	1	0
           471	2024-07-13 12:04:18	1	0	1	0
           602	2024-07-13 12:14:38	1	0	1	0
           473	2024-07-13 12:14:54	1	0	1	0
           605	2024-07-13 12:14:57	1	0	1	0
           471	2024-07-13 12:22:32	1	0	1	0
           473	2024-07-13 12:35:11	1	0	1	0
           605	2024-07-13 12:39:32	1	0	1	0
           602	2024-07-13 12:39:38	1	0	1	0
           471	2024-07-13 17:00:52	1	0	1	0
           602	2024-07-13 17:04:11	1	0	1	0
           605	2024-07-13 17:04:33	1	0	1	0
           473	2024-07-13 17:04:37	1	0	1	0
           473	2024-07-14 07:16:38	1	0	1	0
           602	2024-07-14 07:31:39	1	0	1	0
           605	2024-07-14 07:58:36	1	0	1	0
           471	2024-07-14 08:10:27	1	0	1	0
           471	2024-07-14 12:00:26	1	0	1	0
           473	2024-07-14 12:08:49	1	0	1	0
           602	2024-07-14 12:10:50	1	0	1	0
           605	2024-07-14 12:11:16	1	0	1	0
           471	2024-07-14 12:29:31	1	0	1	0
           605	2024-07-14 12:50:20	1	0	1	0
           602	2024-07-14 12:50:24	1	0	1	0
           473	2024-07-14 12:51:27	1	0	1	0
           602	2024-07-14 17:02:31	1	0	1	0
           473	2024-07-14 17:02:47	1	0	1	0
           605	2024-07-14 17:02:50	1	0	1	0
           471	2024-07-14 17:03:03	1	0	1	0
           385	2024-07-15 06:12:49	1	0	1	0
           241	2024-07-15 06:19:27	1	0	1	0
            91	2024-07-15 06:30:56	1	0	1	0
           118	2024-07-15 06:31:38	1	0	1	0
           602	2024-07-15 06:57:01	1	0	1	0
           471	2024-07-15 07:31:58	1	0	1	0
           473	2024-07-15 07:48:59	1	0	1	0
           605	2024-07-15 07:57:22	1	0	1	0
            48	2024-07-15 07:58:24	1	0	1	0
           332	2024-07-15 10:21:37	1	0	1	0
           385	2024-07-15 11:36:15	1	0	1	0
           473	2024-07-15 12:02:49	1	0	1	0
           118	2024-07-15 12:03:01	1	0	1	0
           471	2024-07-15 12:03:14	1	0	1	0
           385	2024-07-15 12:06:16	1	0	1	0
            48	2024-07-15 12:07:50	1	0	1	0
            91	2024-07-15 12:08:31	1	0	1	0
           241	2024-07-15 12:08:39	1	0	1	0
           602	2024-07-15 12:10:37	1	0	1	0
           605	2024-07-15 12:10:49	1	0	1	0
           118	2024-07-15 12:20:17	1	0	1	0
           332	2024-07-15 12:24:35	1	0	1	0
           471	2024-07-15 12:27:31	1	0	1	0
            48	2024-07-15 12:35:42	1	0	1	0
            91	2024-07-15 12:36:37	1	0	1	0
           241	2024-07-15 12:36:43	1	0	1	0
           473	2024-07-15 12:50:37	1	0	1	0
           602	2024-07-15 12:50:41	1	0	1	0
           605	2024-07-15 12:51:55	1	0	1	0
           332	2024-07-15 12:53:19	1	0	1	0
            48	2024-07-15 17:00:24	1	0	1	0
           332	2024-07-15 17:09:37	1	0	1	0
            91	2024-07-15 17:09:47	1	0	1	0
           241	2024-07-15 17:09:53	1	0	1	0
           385	2024-07-15 17:13:32	1	0	1	0
           471	2024-07-15 17:24:49	1	0	1	0
           118	2024-07-15 17:24:58	1	0	1	0
           602	2024-07-15 17:38:00	1	0	1	0
           473	2024-07-15 17:40:35	1	0	1	0
           605	2024-07-15 17:40:44	1	0	1	0
           385	2024-07-16 06:16:32	1	0	1	0
           473	2024-07-16 06:37:45	1	0	1	0
            48	2024-07-16 07:23:15	1	0	1	0
           605	2024-07-16 07:26:04	1	0	1	0
           118	2024-07-16 07:31:27	1	0	1	0
           602	2024-07-16 07:33:11	1	0	1	0
            91	2024-07-16 07:38:51	1	0	1	0
           471	2024-07-16 07:50:35	1	0	1	0
           241	2024-07-16 07:57:12	1	0	1	0
           332	2024-07-16 08:15:20	1	0	1	0
           332	2024-07-16 10:57:47	1	0	1	0
           332	2024-07-16 11:18:05	1	0	1	0
           385	2024-07-16 11:42:43	1	0	1	0
            91	2024-07-16 12:02:03	1	0	1	0
           241	2024-07-16 12:02:07	1	0	1	0
           118	2024-07-16 12:05:07	1	0	1	0
           605	2024-07-16 12:10:36	1	0	1	0
           602	2024-07-16 12:11:39	1	0	1	0
           471	2024-07-16 12:11:57	1	0	1	0
           118	2024-07-16 12:20:10	1	0	1	0
            48	2024-07-16 12:24:16	1	0	1	0
            91	2024-07-16 12:30:05	1	0	1	0
           241	2024-07-16 12:30:10	1	0	1	0
           471	2024-07-16 12:36:09	1	0	1	0
           605	2024-07-16 12:36:58	1	0	1	0
           385	2024-07-16 12:38:06	1	0	1	0
            48	2024-07-16 12:42:43	1	0	1	0
           602	2024-07-16 12:48:19	1	0	1	0
            48	2024-07-16 17:00:15	1	0	1	0
           471	2024-07-16 17:07:24	1	0	1	0
           118	2024-07-16 17:12:29	1	0	1	0
           385	2024-07-16 17:18:58	1	0	1	0
            91	2024-07-16 17:19:13	1	0	1	0
           241	2024-07-16 17:19:23	1	0	1	0
           473	2024-07-16 18:36:07	1	0	1	0
           602	2024-07-16 18:40:07	1	0	1	0
           605	2024-07-16 18:40:19	1	0	1	0
           385	2024-07-17 06:22:41	1	0	1	0
            91	2024-07-17 07:36:54	1	0	1	0
           602	2024-07-17 07:38:07	1	0	1	0
           471	2024-07-17 07:40:45	1	0	1	0
           473	2024-07-17 07:44:50	1	0	1	0
           118	2024-07-17 07:45:04	1	0	1	0
           241	2024-07-17 07:59:10	1	0	1	0
           605	2024-07-17 07:59:33	1	0	1	0
           385	2024-07-17 11:32:41	1	0	1	0
           605	2024-07-17 12:01:12	1	0	1	0
           118	2024-07-17 12:02:02	1	0	1	0
           385	2024-07-17 12:03:41	1	0	1	0
            91	2024-07-17 12:06:54	1	0	1	0
           241	2024-07-17 12:07:01	1	0	1	0
           602	2024-07-17 12:09:15	1	0	1	0
           473	2024-07-17 12:12:11	1	0	1	0
            48	2024-07-17 12:13:16	1	0	1	0
            91	2024-07-17 12:26:52	1	0	1	0
            48	2024-07-17 12:38:06	1	0	1	0
           241	2024-07-17 12:38:44	1	0	1	0
           473	2024-07-17 12:41:36	1	0	1	0
           602	2024-07-17 12:50:49	1	0	1	0
           605	2024-07-17 12:51:00	1	0	1	0
            48	2024-07-17 17:00:13	1	0	1	0
           473	2024-07-17 17:00:18	1	0	1	0
           605	2024-07-17 17:01:18	1	0	1	0
           471	2024-07-17 17:01:47	1	0	1	0
           385	2024-07-17 17:03:12	1	0	1	0
           602	2024-07-17 17:03:24	1	0	1	0
           241	2024-07-17 17:15:41	1	0	1	0
            91	2024-07-17 18:53:36	1	0	1	0
           385	2024-07-18 05:58:41	1	0	1	0
           602	2024-07-18 07:29:23	1	0	1	0
           473	2024-07-18 07:53:05	1	0	1	0
            91	2024-07-18 07:56:08	1	0	1	0
           241	2024-07-18 07:58:12	1	0	1	0
           118	2024-07-18 07:58:23	1	0	1	0
           605	2024-07-18 08:08:18	1	0	1	0
           385	2024-07-18 11:35:26	1	0	1	0
           385	2024-07-18 12:00:27	1	0	1	0
           471	2024-07-18 12:08:27	1	0	1	0
           473	2024-07-18 12:09:49	1	0	1	0
           602	2024-07-18 12:14:10	1	0	1	0
           605	2024-07-18 12:14:13	1	0	1	0
           602	2024-07-18 12:29:43	1	0	1	0
           605	2024-07-18 12:29:52	1	0	1	0
           471	2024-07-18 12:30:02	1	0	1	0
           473	2024-07-18 12:33:55	1	0	1	0
           385	2024-07-18 13:21:51	1	0	1	0
            91	2024-07-18 13:27:21	1	0	1	0
           118	2024-07-18 13:28:05	1	0	1	0
           473	2024-07-18 13:28:27	1	0	1	0
           471	2024-07-18 13:30:57	1	0	1	0
           241	2024-07-18 13:33:53	1	0	1	0
           602	2024-07-18 13:35:00	1	0	1	0
           605	2024-07-18 13:35:46	1	0	1	0
           369	2024-07-18 14:11:55	1	0	1	0
           385	2024-07-19 06:29:58	1	0	1	0
           473	2024-07-19 07:15:19	1	0	1	0
            91	2024-07-19 07:30:03	1	0	1	0
           602	2024-07-19 07:31:24	1	0	1	0
           471	2024-07-19 07:50:34	1	0	1	0
           605	2024-07-19 07:54:56	1	0	1	0
           118	2024-07-19 07:56:01	1	0	1	0
           241	2024-07-19 07:59:09	1	0	1	0
           385	2024-07-19 11:31:02	1	0	1	0
           473	2024-07-19 12:00:05	1	0	1	0
           471	2024-07-19 12:02:49	1	0	1	0
           118	2024-07-19 12:04:00	1	0	1	0
           605	2024-07-19 12:06:34	1	0	1	0
           602	2024-07-19 12:06:51	1	0	1	0
           241	2024-07-19 12:13:18	1	0	1	0
            91	2024-07-19 12:13:24	1	0	1	0
           118	2024-07-19 12:22:35	1	0	1	0
           473	2024-07-19 12:23:51	1	0	1	0
           471	2024-07-19 12:24:06	1	0	1	0
           385	2024-07-19 12:29:54	1	0	1	0
           602	2024-07-19 12:41:33	1	0	1	0
           605	2024-07-19 12:41:38	1	0	1	0
            91	2024-07-19 12:41:58	1	0	1	0
           241	2024-07-19 12:42:09	1	0	1	0
           471	2024-07-19 17:01:43	1	0	1	0
            91	2024-07-19 17:02:59	1	0	1	0
           241	2024-07-19 17:03:04	1	0	1	0
           385	2024-07-19 17:03:17	1	0	1	0
           602	2024-07-19 17:06:14	1	0	1	0
           605	2024-07-19 17:07:00	1	0	1	0
           118	2024-07-19 17:10:12	1	0	1	0
           385	2024-07-22 06:41:45	1	0	1	0
           602	2024-07-22 07:15:47	1	0	1	0
           473	2024-07-22 07:41:42	1	0	1	0
           241	2024-07-22 07:44:37	1	0	1	0
            91	2024-07-22 07:46:37	1	0	1	0
           471	2024-07-22 07:51:26	1	0	1	0
           118	2024-07-22 07:51:33	1	0	1	0
           605	2024-07-22 07:52:32	1	0	1	0
           385	2024-07-22 11:30:23	1	0	1	0
           118	2024-07-22 12:00:07	1	0	1	0
           471	2024-07-22 12:03:22	1	0	1	0
           241	2024-07-22 12:05:22	1	0	1	0
            91	2024-07-22 12:05:28	1	0	1	0
           385	2024-07-22 12:11:56	1	0	1	0
           602	2024-07-22 12:12:38	1	0	1	0
           605	2024-07-22 12:12:44	1	0	1	0
           473	2024-07-22 12:13:02	1	0	1	0
           471	2024-07-22 12:25:57	1	0	1	0
           118	2024-07-22 12:30:26	1	0	1	0
           473	2024-07-22 12:40:02	1	0	1	0
           602	2024-07-22 12:40:21	1	0	1	0
           605	2024-07-22 12:41:44	1	0	1	0
            91	2024-07-22 12:51:38	1	0	1	0
           241	2024-07-22 12:51:44	1	0	1	0
           332	2024-07-22 12:58:13	1	0	1	0
           332	2024-07-22 17:00:06	1	0	1	0
           605	2024-07-22 17:00:19	1	0	1	0
           471	2024-07-22 17:00:31	1	0	1	0
           602	2024-07-22 17:00:57	1	0	1	0
           118	2024-07-22 17:02:56	1	0	1	0
           385	2024-07-22 17:06:11	1	0	1	0
           241	2024-07-22 17:06:25	1	0	1	0
            91	2024-07-22 17:06:40	1	0	1	0
           473	2024-07-22 17:09:50	1	0	1	0
           385	2024-07-23 06:08:14	1	0	1	0
           332	2024-07-23 07:44:39	1	0	1	0
           602	2024-07-23 07:48:04	1	0	1	0
            91	2024-07-23 07:49:50	1	0	1	0
           473	2024-07-23 07:50:48	1	0	1	0
           118	2024-07-23 07:58:47	1	0	1	0
           241	2024-07-23 08:47:15	1	0	1	0
           385	2024-07-23 11:47:15	1	0	1	0
           473	2024-07-23 12:00:30	1	0	1	0
           471	2024-07-23 12:01:34	1	0	1	0
           385	2024-07-23 12:04:37	1	0	1	0
            91	2024-07-23 12:07:06	1	0	1	0
           241	2024-07-23 12:07:16	1	0	1	0
           602	2024-07-23 12:11:08	1	0	1	0
           118	2024-07-23 12:24:01	1	0	1	0
           471	2024-07-23 12:26:04	1	0	1	0
           602	2024-07-23 12:27:02	1	0	1	0
           473	2024-07-23 12:35:45	1	0	1	0
            91	2024-07-23 12:37:08	1	0	1	0
           241	2024-07-23 12:37:38	1	0	1	0
           118	2024-07-23 12:49:32	1	0	1	0
           332	2024-07-23 14:14:14	1	0	1	0
           471	2024-07-23 15:13:51	1	0	1	0
           602	2024-07-23 15:16:31	1	0	1	0
           473	2024-07-23 15:19:30	1	0	1	0
           118	2024-07-23 15:22:44	1	0	1	0
           385	2024-07-23 16:12:38	1	0	1	0
           241	2024-07-23 16:12:59	1	0	1	0
            91	2024-07-23 16:13:07	1	0	1	0
           385	2024-07-24 06:17:37	1	0	1	0
           602	2024-07-24 07:35:58	1	0	1	0
            91	2024-07-24 07:44:25	1	0	1	0
           605	2024-07-24 07:47:09	1	0	1	0
           471	2024-07-24 07:51:58	1	0	1	0
           473	2024-07-24 08:07:43	1	0	1	0
           241	2024-07-24 08:09:14	1	0	1	0
           118	2024-07-24 08:17:48	1	0	1	0
           602	2024-07-24 12:01:19	1	0	1	0
            91	2024-07-24 12:02:14	1	0	1	0
           118	2024-07-24 12:02:34	1	0	1	0
           471	2024-07-24 12:02:39	1	0	1	0
           473	2024-07-24 12:07:13	1	0	1	0
           385	2024-07-24 12:07:39	1	0	1	0
           605	2024-07-24 12:09:32	1	0	1	0
           241	2024-07-24 12:20:36	1	0	1	0
            91	2024-07-24 12:20:46	1	0	1	0
           471	2024-07-24 12:27:27	1	0	1	0
           385	2024-07-24 12:31:00	1	0	1	0
           118	2024-07-24 12:36:26	1	0	1	0
           241	2024-07-24 12:37:11	1	0	1	0
           602	2024-07-24 12:39:39	1	0	1	0
           473	2024-07-24 12:39:52	1	0	1	0
           605	2024-07-24 12:40:01	1	0	1	0
           385	2024-07-24 17:00:06	1	0	1	0
           471	2024-07-24 17:00:11	1	0	1	0
           241	2024-07-24 17:02:02	1	0	1	0
            91	2024-07-24 17:02:20	1	0	1	0
           473	2024-07-24 17:03:30	1	0	1	0
           602	2024-07-24 17:04:33	1	0	1	0
           605	2024-07-24 17:14:07	1	0	1	0
           118	2024-07-24 17:14:12	1	0	1	0
           385	2024-07-25 06:26:18	1	0	1	0
           602	2024-07-25 07:32:33	1	0	1	0
           241	2024-07-25 07:42:11	1	0	1	0
           471	2024-07-25 07:46:22	1	0	1	0
           605	2024-07-25 07:47:15	1	0	1	0
            91	2024-07-25 07:48:04	1	0	1	0
           118	2024-07-25 07:57:55	1	0	1	0
           473	2024-07-25 07:58:39	1	0	1	0
           385	2024-07-25 11:39:46	1	0	1	0
            91	2024-07-25 12:00:29	1	0	1	0
           241	2024-07-25 12:00:40	1	0	1	0
           473	2024-07-25 12:02:31	1	0	1	0
           605	2024-07-25 12:03:20	1	0	1	0
           602	2024-07-25 12:07:43	1	0	1	0
           118	2024-07-25 12:09:55	1	0	1	0
           471	2024-07-25 12:10:04	1	0	1	0
           385	2024-07-25 12:32:03	1	0	1	0
            91	2024-07-25 12:40:43	1	0	1	0
           241	2024-07-25 12:40:50	1	0	1	0
           471	2024-07-25 12:42:56	1	0	1	0
           118	2024-07-25 12:43:00	1	0	1	0
           605	2024-07-25 12:51:04	1	0	1	0
           602	2024-07-25 12:51:18	1	0	1	0
           473	2024-07-25 12:52:03	1	0	1	0
            91	2024-07-25 17:01:50	1	0	1	0
           241	2024-07-25 17:01:53	1	0	1	0
           471	2024-07-25 17:02:04	1	0	1	0
           385	2024-07-25 17:02:31	1	0	1	0
           118	2024-07-25 17:02:55	1	0	1	0
           473	2024-07-25 17:04:14	1	0	1	0
           602	2024-07-25 17:04:16	1	0	1	0
           605	2024-07-25 17:07:02	1	0	1	0
           385	2024-07-26 06:16:26	1	0	1	0
            91	2024-07-26 07:19:49	1	0	1	0
           602	2024-07-26 07:33:23	1	0	1	0
           118	2024-07-26 07:40:43	1	0	1	0
           605	2024-07-26 07:45:19	1	0	1	0
           473	2024-07-26 07:46:43	1	0	1	0
           471	2024-07-26 07:49:33	1	0	1	0
           241	2024-07-26 07:58:41	1	0	1	0
           385	2024-07-26 11:35:47	1	0	1	0
           385	2024-07-26 12:03:41	1	0	1	0
           473	2024-07-26 12:04:47	1	0	1	0
            91	2024-07-26 12:09:58	1	0	1	0
           241	2024-07-26 12:10:02	1	0	1	0
           118	2024-07-26 12:17:24	1	0	1	0
           605	2024-07-26 12:17:29	1	0	1	0
           471	2024-07-26 12:17:34	1	0	1	0
           602	2024-07-26 12:17:40	1	0	1	0
            91	2024-07-26 12:43:07	1	0	1	0
           241	2024-07-26 12:43:15	1	0	1	0
           471	2024-07-26 12:46:51	1	0	1	0
           605	2024-07-26 12:47:06	1	0	1	0
           118	2024-07-26 12:47:24	1	0	1	0
           602	2024-07-26 12:51:08	1	0	1	0
           473	2024-07-26 12:52:31	1	0	1	0
            91	2024-07-26 17:01:19	1	0	1	0
           385	2024-07-26 17:01:27	1	0	1	0
           241	2024-07-26 17:01:41	1	0	1	0
           471	2024-07-26 17:02:58	1	0	1	0
           118	2024-07-26 17:11:51	1	0	1	0
           473	2024-07-26 17:14:08	1	0	1	0
           602	2024-07-26 17:17:08	1	0	1	0
           605	2024-07-26 17:17:18	1	0	1	0
           602	2024-07-29 06:56:39	1	1	1	0
            91	2024-07-29 06:57:31	1	1	1	0
           473	2024-07-29 07:30:23	1	1	1	0
           471	2024-07-29 07:34:05	1	1	1	0
           605	2024-07-29 07:41:41	1	1	1	0
           241	2024-07-29 07:46:08	1	1	1	0
           118	2024-07-29 07:47:07	1	1	1	0
           332	2024-07-29 09:58:10	1	1	1	0
           602	2024-07-29 11:59:55	1	1	1	0
           605	2024-07-29 12:00:11	1	1	1	0
           471	2024-07-29 12:00:42	1	1	1	0
           118	2024-07-29 12:01:04	1	1	1	0
            91	2024-07-29 12:02:28	1	1	1	0
           241	2024-07-29 12:02:39	1	1	1	0
           473	2024-07-29 12:03:02	1	1	1	0
            91	2024-07-29 12:20:52	1	1	1	0
           241	2024-07-29 12:20:58	1	1	1	0
           118	2024-07-29 12:22:14	1	1	1	0
           332	2024-07-29 12:23:01	1	1	1	0
           471	2024-07-29 12:45:17	1	1	1	0
           605	2024-07-29 12:45:30	1	1	1	0
           602	2024-07-29 12:45:58	1	1	1	0
           473	2024-07-29 12:56:22	1	1	1	0
           332	2024-07-29 12:58:26	1	1	1	0
            91	2024-07-29 17:00:03	1	1	1	0
           241	2024-07-29 17:00:15	1	1	1	0
           471	2024-07-29 17:00:19	1	1	1	0
           473	2024-07-29 17:00:22	1	1	1	0
           605	2024-07-29 17:00:33	1	1	1	0
           602	2024-07-29 17:00:50	1	1	1	0
           118	2024-07-29 17:01:03	1	1	1	0
           332	2024-07-29 17:12:39	1	1	1	0
           118	2024-07-30 06:35:49	1	1	1	0
            91	2024-07-30 06:38:28	1	1	1	0
           471	2024-07-30 07:20:28	1	1	1	0
           602	2024-07-30 07:32:18	1	1	1	0
           473	2024-07-30 07:43:09	1	1	1	0
           241	2024-07-30 07:54:06	1	1	1	0
           605	2024-07-30 07:57:38	1	1	1	0
           551	2024-07-30 08:42:42	1	1	1	0
           385	2024-07-30 11:30:09	1	1	1	0
           471	2024-07-30 12:01:32	1	1	1	0
           385	2024-07-30 12:01:57	1	1	1	0
           605	2024-07-30 12:03:03	1	1	1	0
           473	2024-07-30 12:03:11	1	1	1	0
           602	2024-07-30 12:03:51	1	1	1	0
           241	2024-07-30 12:06:30	1	1	1	0
           471	2024-07-30 12:17:35	1	1	1	0
           473	2024-07-30 12:18:36	1	1	1	0
           605	2024-07-30 12:28:10	1	1	1	0
           602	2024-07-30 12:29:03	1	1	1	0
           241	2024-07-30 12:45:31	1	1	1	0
           385	2024-07-30 17:00:18	1	1	1	0
           471	2024-07-30 17:00:48	1	1	1	0
           605	2024-07-30 17:01:40	1	1	1	0
           602	2024-07-30 17:02:02	1	1	1	0
           473	2024-07-30 17:02:16	1	1	1	0
           241	2024-07-30 17:04:47	1	1	1	0
           332	2024-07-30 17:05:07	1	1	1	0
            91	2024-07-30 18:02:46	1	1	1	0
           385	2024-07-31 06:17:57	1	1	1	0
            91	2024-07-31 07:10:46	1	1	1	0
           473	2024-07-31 07:32:46	1	1	1	0
           471	2024-07-31 07:35:02	1	1	1	0
           602	2024-07-31 07:38:14	1	1	1	0
           605	2024-07-31 07:40:51	1	1	1	0
           551	2024-07-31 07:41:45	1	1	1	0
           118	2024-07-31 07:44:08	1	1	1	0
           241	2024-07-31 07:57:03	1	1	1	0
           385	2024-07-31 11:42:03	1	1	1	0
           551	2024-07-31 12:00:07	1	1	1	0
           473	2024-07-31 12:00:22	1	1	1	0
           471	2024-07-31 12:00:53	1	1	1	0
           605	2024-07-31 12:03:28	1	1	1	0
           602	2024-07-31 12:04:49	1	1	1	0
           385	2024-07-31 12:09:13	1	1	1	0
           473	2024-07-31 12:16:55	1	1	1	0
           551	2024-07-31 12:18:02	1	1	1	0
           241	2024-07-31 12:24:02	1	1	1	0
           471	2024-07-31 12:39:41	1	1	1	0
           605	2024-07-31 12:40:52	1	1	1	0
           602	2024-07-31 12:41:20	1	1	1	0
           241	2024-07-31 12:49:31	1	1	1	0
           385	2024-07-31 17:00:07	1	1	1	0
           602	2024-07-31 17:02:19	1	1	1	0
           241	2024-07-31 17:02:27	1	1	1	0
           473	2024-07-31 17:04:01	1	1	1	0
           471	2024-07-31 17:04:14	1	1	1	0
           605	2024-07-31 17:04:32	1	1	1	0
           385	2024-08-01 06:02:15	1	1	1	0
            91	2024-08-01 07:03:12	1	1	1	0
           471	2024-08-01 07:28:24	1	1	1	0
           602	2024-08-01 07:34:16	1	1	1	0
           551	2024-08-01 07:39:12	1	1	1	0
           118	2024-08-01 07:40:42	1	1	1	0
           473	2024-08-01 07:42:07	1	1	1	0
           605	2024-08-01 07:46:34	1	1	1	0
           241	2024-08-01 07:56:42	1	1	1	0
           385	2024-08-01 11:33:44	1	1	1	0
           471	2024-08-01 12:00:09	1	1	1	0
           118	2024-08-01 12:01:03	1	1	1	0
           602	2024-08-01 12:01:19	1	1	1	0
           605	2024-08-01 12:02:38	1	1	1	0
           551	2024-08-01 12:04:10	1	1	1	0
           473	2024-08-01 12:06:50	1	1	1	0
           241	2024-08-01 12:07:51	1	1	1	0
           602	2024-08-01 12:16:25	1	1	1	0
            91	2024-08-01 12:16:44	1	1	1	0
           385	2024-08-01 12:20:04	1	1	1	0
           471	2024-08-01 12:24:10	1	1	1	0
           118	2024-08-01 12:24:14	1	1	1	0
           551	2024-08-01 12:26:20	1	1	1	0
           605	2024-08-01 12:28:56	1	1	1	0
            91	2024-08-01 12:40:35	1	1	1	0
           241	2024-08-01 12:40:42	1	1	1	0
           473	2024-08-01 12:52:14	1	1	1	0
           551	2024-08-01 17:01:13	1	1	1	0
           118	2024-08-01 17:01:46	1	1	1	0
           473	2024-08-01 17:02:29	1	1	1	0
           385	2024-08-01 17:02:51	1	1	1	0
           471	2024-08-01 17:03:01	1	1	1	0
           605	2024-08-01 17:03:08	1	1	1	0
           602	2024-08-01 17:03:16	1	1	1	0
           241	2024-08-01 17:04:16	1	1	1	0
            91	2024-08-01 17:06:28	1	1	1	0
           385	2024-08-02 06:18:53	1	1	1	0
           602	2024-08-02 06:52:35	1	1	1	0
            91	2024-08-02 07:07:37	1	1	1	0
           471	2024-08-02 07:29:32	1	1	1	0
           551	2024-08-02 07:35:21	1	1	1	0
           118	2024-08-02 07:45:22	1	1	1	0
           605	2024-08-02 07:49:26	1	1	1	0
           473	2024-08-02 07:52:53	1	1	1	0
           241	2024-08-02 07:55:58	1	1	1	0
           385	2024-08-02 11:31:28	1	1	1	0
           551	2024-08-02 12:00:07	1	1	1	0
           385	2024-08-02 12:00:11	1	1	1	0
           471	2024-08-02 12:01:46	1	1	1	0
           118	2024-08-02 12:01:48	1	1	1	0
           473	2024-08-02 12:01:55	1	1	1	0
           605	2024-08-02 12:02:46	1	1	1	0
           602	2024-08-02 12:03:29	1	1	1	0
           241	2024-08-02 12:13:54	1	1	1	0
            91	2024-08-02 12:14:37	1	1	1	0
           551	2024-08-02 12:17:44	1	1	1	0
           471	2024-08-02 12:18:13	1	1	1	0
           602	2024-08-02 12:20:18	1	1	1	0
           473	2024-08-02 12:20:24	1	1	1	0
           118	2024-08-02 12:20:35	1	1	1	0
            91	2024-08-02 12:31:06	1	1	1	0
           241	2024-08-02 12:31:10	1	1	1	0
           605	2024-08-02 12:36:50	1	1	1	0
            91	2024-08-02 17:00:18	1	1	1	0
           241	2024-08-02 17:00:21	1	1	1	0
           385	2024-08-02 17:00:31	1	1	1	0
           471	2024-08-02 17:01:57	1	1	1	0
           602	2024-08-02 17:04:58	1	1	1	0
           473	2024-08-02 17:05:28	1	1	1	0
           605	2024-08-02 17:07:50	1	1	1	0
           473	2024-08-03 08:08:58	1	1	1	0
           605	2024-08-03 08:21:08	1	1	1	0
           473	2024-08-03 12:01:38	1	1	1	0
           605	2024-08-03 12:01:51	1	1	1	0
           473	2024-08-03 12:45:20	1	1	1	0
           605	2024-08-03 12:45:28	1	1	1	0
           473	2024-08-03 17:01:47	1	1	1	0
           605	2024-08-03 18:01:33	1	1	1	0
           602	2024-08-04 06:58:04	1	1	1	0
           471	2024-08-04 07:24:55	1	1	1	0
           605	2024-08-04 07:59:36	1	1	1	0
           473	2024-08-04 08:09:29	1	1	1	0
           471	2024-08-04 12:04:57	1	1	1	0
           602	2024-08-04 12:10:45	1	1	1	0
           473	2024-08-04 12:10:57	1	1	1	0
           605	2024-08-04 12:11:04	1	1	1	0
           471	2024-08-04 12:35:10	1	1	1	0
           473	2024-08-04 12:53:38	1	1	1	0
           605	2024-08-04 12:53:42	1	1	1	0
           602	2024-08-04 12:53:50	1	1	1	0
           471	2024-08-04 17:04:02	1	1	1	0
           605	2024-08-04 18:00:03	1	1	1	0
           473	2024-08-04 18:00:06	1	1	1	0
           602	2024-08-04 18:00:12	1	1	1	0
           385	2024-08-05 05:43:26	1	1	1	0
            58	2024-08-05 06:16:46	1	1	1	0
           602	2024-08-05 06:59:26	1	1	1	0
            91	2024-08-05 07:00:30	1	1	1	0
           185	2024-08-05 07:00:34	1	1	1	0
            48	2024-08-05 07:05:33	1	1	1	0
           473	2024-08-05 07:20:25	1	1	1	0
           536	2024-08-05 07:30:36	1	1	1	0
           527	2024-08-05 07:34:58	1	1	1	0
           142	2024-08-05 07:35:39	1	1	1	0
           369	2024-08-05 07:37:02	1	1	1	0
           471	2024-08-05 07:38:46	1	1	1	0
           241	2024-08-05 07:39:31	1	1	1	0
           551	2024-08-05 07:41:08	1	1	1	0
           145	2024-08-05 07:41:55	1	1	1	0
           180	2024-08-05 07:42:15	1	1	1	0
           401	2024-08-05 07:42:41	1	1	1	0
           379	2024-08-05 07:44:32	1	1	1	0
            80	2024-08-05 07:47:11	1	1	1	0
           144	2024-08-05 07:47:34	1	1	1	0
           181	2024-08-05 07:56:09	1	1	1	0
           605	2024-08-05 08:05:29	1	1	1	0
            57	2024-08-05 08:13:15	1	1	1	0
           385	2024-08-05 11:32:45	1	1	1	0
           536	2024-08-05 12:00:06	1	1	1	0
           385	2024-08-05 12:00:15	1	1	1	0
           181	2024-08-05 12:00:23	1	1	1	0
           527	2024-08-05 12:00:39	1	1	1	0
           471	2024-08-05 12:00:56	1	1	1	0
           118	2024-08-05 12:01:04	1	1	1	0
            91	2024-08-05 12:01:19	1	1	1	0
           180	2024-08-05 12:01:24	1	1	1	0
            57	2024-08-05 12:02:51	1	1	1	0
            48	2024-08-05 12:03:40	1	1	1	0
            58	2024-08-05 12:03:49	1	1	1	0
           185	2024-08-05 12:04:12	1	1	1	0
            80	2024-08-05 12:04:22	1	1	1	0
           551	2024-08-05 12:04:28	1	1	1	0
           379	2024-08-05 12:05:23	1	1	1	0
           241	2024-08-05 12:08:58	1	1	1	0
           602	2024-08-05 12:09:40	1	1	1	0
           142	2024-08-05 12:09:50	1	1	1	0
           605	2024-08-05 12:09:58	1	1	1	0
           145	2024-08-05 12:10:30	1	1	1	0
           369	2024-08-05 12:10:37	1	1	1	0
           401	2024-08-05 12:10:43	1	1	1	0
           473	2024-08-05 12:11:18	1	1	15	0
           536	2024-08-05 12:15:20	1	1	1	0
           471	2024-08-05 12:15:57	1	1	1	0
           118	2024-08-05 12:18:39	1	1	1	0
            48	2024-08-05 12:20:00	1	1	1	0
            58	2024-08-05 12:20:07	1	1	1	0
            57	2024-08-05 12:20:37	1	1	1	0
            80	2024-08-05 12:30:04	1	1	1	0
           551	2024-08-05 12:30:08	1	1	1	0
           145	2024-08-05 12:31:19	1	1	1	0
           401	2024-08-05 12:31:37	1	1	1	0
           369	2024-08-05 12:31:53	1	1	1	0
           602	2024-08-05 12:32:17	1	1	1	0
           605	2024-08-05 12:32:22	1	1	1	0
           473	2024-08-05 12:32:44	1	1	15	0
            91	2024-08-05 12:32:54	1	1	1	0
           185	2024-08-05 12:33:02	1	1	1	0
           180	2024-08-05 12:33:10	1	1	1	0
           181	2024-08-05 12:33:18	1	1	1	0
           527	2024-08-05 12:33:24	1	1	1	0
           241	2024-08-05 12:33:35	1	1	1	0
           144	2024-08-05 12:34:04	1	1	1	0
           379	2024-08-05 12:38:56	1	1	1	0
           142	2024-08-05 12:46:40	1	1	1	0
            57	2024-08-05 17:00:05	1	1	1	0
           118	2024-08-05 17:00:09	1	1	1	0
           471	2024-08-05 17:00:14	1	1	1	0
            48	2024-08-05 17:00:20	1	1	1	0
            58	2024-08-05 17:00:32	1	1	1	0
           369	2024-08-05 17:00:37	1	1	1	0
           181	2024-08-05 17:02:14	1	1	1	0
           379	2024-08-05 17:02:32	1	1	1	0
           385	2024-08-05 17:03:18	1	1	1	0
           536	2024-08-05 17:03:25	1	1	1	0
           142	2024-08-05 17:03:56	1	1	1	0
           551	2024-08-05 17:04:07	1	1	1	0
           185	2024-08-05 17:04:36	1	1	1	0
           180	2024-08-05 17:04:46	1	1	1	0
           527	2024-08-05 17:05:15	1	1	1	0
            91	2024-08-05 17:06:17	1	1	1	0
           241	2024-08-05 17:06:21	1	1	1	0
           144	2024-08-05 17:10:53	1	1	1	0
           145	2024-08-05 17:12:21	1	1	1	0
           401	2024-08-05 17:12:27	1	1	1	0
           473	2024-08-05 17:12:52	1	1	15	0
           605	2024-08-05 17:12:59	1	1	1	0
           602	2024-08-05 17:13:15	1	1	1	0
            80	2024-08-05 18:16:11	1	1	1	0
           385	2024-08-06 06:20:18	1	1	1	0
            58	2024-08-06 06:20:45	1	1	1	0
            91	2024-08-06 07:02:23	1	1	1	0
           185	2024-08-06 07:02:35	1	1	1	0
            48	2024-08-06 07:16:01	1	1	1	0
           602	2024-08-06 07:31:53	1	1	1	0
           551	2024-08-06 07:36:35	1	1	1	0
           527	2024-08-06 07:37:35	1	1	1	0
           471	2024-08-06 07:39:00	1	1	1	0
           379	2024-08-06 07:41:26	1	1	1	0
           118	2024-08-06 07:41:45	1	1	1	0
           180	2024-08-06 07:44:23	1	1	1	0
           536	2024-08-06 07:44:36	1	1	1	0
           369	2024-08-06 07:44:55	1	1	1	0
           473	2024-08-06 07:46:01	1	1	1	0
           142	2024-08-06 07:47:00	1	1	1	0
           145	2024-08-06 07:52:11	1	1	1	0
           144	2024-08-06 07:54:45	1	1	1	0
           241	2024-08-06 07:56:08	1	1	1	0
           401	2024-08-06 07:56:49	1	1	1	0
           605	2024-08-06 07:57:15	1	1	1	0
            80	2024-08-06 07:57:26	1	1	1	0
           181	2024-08-06 07:59:20	1	1	1	0
            57	2024-08-06 08:03:30	1	1	1	0
           641	2024-08-06 09:36:12	1	1	15	0
           332	2024-08-06 10:58:12	1	1	1	0
           385	2024-08-06 11:32:06	1	1	1	0
           536	2024-08-06 12:00:04	1	1	1	0
            48	2024-08-06 12:00:14	1	1	1	0
            57	2024-08-06 12:00:24	1	1	1	0
            58	2024-08-06 12:00:42	1	1	1	0
           142	2024-08-06 12:01:03	1	1	1	0
           379	2024-08-06 12:01:20	1	1	1	0
           605	2024-08-06 12:03:33	1	1	1	0
           185	2024-08-06 12:03:57	1	1	1	0
           181	2024-08-06 12:04:06	1	1	1	0
           527	2024-08-06 12:04:12	1	1	1	0
           385	2024-08-06 12:04:25	1	1	1	0
           471	2024-08-06 12:04:30	1	1	1	0
           369	2024-08-06 12:04:36	1	1	1	0
           473	2024-08-06 12:04:45	1	1	1	0
           602	2024-08-06 12:05:02	1	1	1	0
           180	2024-08-06 12:05:55	1	1	1	0
           241	2024-08-06 12:06:27	1	1	1	0
            80	2024-08-06 12:07:34	1	1	1	0
           551	2024-08-06 12:07:41	1	1	1	0
           118	2024-08-06 12:09:24	1	1	1	0
            91	2024-08-06 12:10:31	1	1	1	0
           332	2024-08-06 12:12:10	1	1	1	0
            57	2024-08-06 12:15:25	1	1	1	0
           536	2024-08-06 12:15:42	1	1	1	0
            48	2024-08-06 12:22:09	1	1	1	0
            58	2024-08-06 12:22:32	1	1	1	0
           145	2024-08-06 12:22:38	1	1	1	0
           401	2024-08-06 12:23:21	1	1	1	0
           471	2024-08-06 12:25:41	1	1	1	0
           185	2024-08-06 12:27:56	1	1	1	0
           181	2024-08-06 12:28:02	1	1	1	0
           369	2024-08-06 12:32:12	1	1	1	0
            91	2024-08-06 12:36:04	1	1	1	0
           241	2024-08-06 12:36:11	1	1	1	0
           118	2024-08-06 12:37:42	1	1	1	0
           527	2024-08-06 12:41:23	1	1	1	0
           473	2024-08-06 12:42:45	1	1	1	0
           144	2024-08-06 12:43:47	1	1	1	0
           605	2024-08-06 12:43:55	1	1	1	0
           602	2024-08-06 12:44:14	1	1	1	0
           180	2024-08-06 12:44:49	1	1	1	0
           142	2024-08-06 12:49:24	1	1	1	0
           551	2024-08-06 12:49:50	1	1	1	0
            80	2024-08-06 12:49:55	1	1	1	0
           379	2024-08-06 12:50:58	1	1	1	0
           332	2024-08-06 12:52:45	1	1	1	0
           145	2024-08-06 12:53:13	1	1	1	0
           401	2024-08-06 12:53:20	1	1	1	0
           144	2024-08-06 13:01:03	1	1	1	0
            57	2024-08-06 17:00:04	1	1	1	0
            58	2024-08-06 17:00:09	1	1	1	0
            48	2024-08-06 17:00:18	1	1	1	0
           471	2024-08-06 17:00:22	1	1	1	0
           369	2024-08-06 17:00:26	1	1	1	0
           473	2024-08-06 17:01:03	1	1	1	0
           332	2024-08-06 17:01:12	1	1	1	0
           602	2024-08-06 17:01:32	1	1	1	0
           605	2024-08-06 17:01:35	1	1	1	0
           379	2024-08-06 17:01:49	1	1	1	0
           118	2024-08-06 17:02:48	1	1	1	0
           536	2024-08-06 17:02:57	1	1	1	0
           181	2024-08-06 17:03:04	1	1	1	0
           527	2024-08-06 17:03:08	1	1	1	0
           180	2024-08-06 17:03:33	1	1	1	0
           385	2024-08-06 17:04:04	1	1	1	0
           144	2024-08-06 17:04:44	1	1	1	0
            91	2024-08-06 17:07:44	1	1	1	0
           241	2024-08-06 17:07:49	1	1	1	0
           142	2024-08-06 17:08:12	1	1	1	0
           185	2024-08-06 17:08:47	1	1	1	0
           551	2024-08-06 17:10:03	1	1	1	0
           145	2024-08-06 17:11:31	1	1	1	0
           401	2024-08-06 17:11:37	1	1	1	0
           385	2024-08-07 05:56:06	1	1	1	0
            58	2024-08-07 06:17:44	1	1	1	0
            91	2024-08-07 06:55:15	1	1	1	0
           185	2024-08-07 06:56:08	1	1	1	0
            48	2024-08-07 07:09:33	1	1	1	0
           602	2024-08-07 07:27:53	1	1	1	0
           641	2024-08-07 07:33:51	1	1	1	0
           551	2024-08-07 07:37:56	1	1	1	0
           180	2024-08-07 07:39:31	1	1	1	0
           118	2024-08-07 07:42:15	1	1	1	0
           527	2024-08-07 07:43:54	1	1	1	0
           379	2024-08-07 07:44:29	1	1	1	0
           536	2024-08-07 07:47:58	1	1	1	0
           401	2024-08-07 07:51:06	1	1	1	0
           142	2024-08-07 07:51:30	1	1	1	0
           369	2024-08-07 07:52:57	1	1	1	0
           473	2024-08-07 07:53:52	1	1	1	0
           241	2024-08-07 07:54:22	1	1	1	0
            80	2024-08-07 07:55:07	1	1	1	0
           605	2024-08-07 07:55:11	1	1	1	0
           181	2024-08-07 07:57:39	1	1	1	0
           471	2024-08-07 08:00:03	1	1	1	0
           144	2024-08-07 08:01:08	1	1	1	0
            57	2024-08-07 08:01:23	1	1	1	0
           385	2024-08-07 11:36:31	1	1	1	0
            57	2024-08-07 11:40:01	1	1	1	0
           536	2024-08-07 12:00:07	1	1	1	0
           379	2024-08-07 12:00:13	1	1	1	0
           142	2024-08-07 12:01:05	1	1	1	0
           180	2024-08-07 12:01:15	1	1	1	0
           369	2024-08-07 12:01:39	1	1	1	0
            48	2024-08-07 12:01:45	1	1	1	0
            58	2024-08-07 12:01:53	1	1	1	0
           385	2024-08-07 12:02:28	1	1	1	0
           527	2024-08-07 12:02:34	1	1	1	0
           473	2024-08-07 12:02:41	1	1	1	0
            91	2024-08-07 12:02:49	1	1	1	0
           241	2024-08-07 12:02:57	1	1	1	0
           118	2024-08-07 12:03:07	1	1	1	0
           641	2024-08-07 12:03:16	1	1	1	0
           471	2024-08-07 12:03:23	1	1	1	0
           602	2024-08-07 12:05:14	1	1	1	0
           605	2024-08-07 12:09:11	1	1	1	0
           536	2024-08-07 12:15:08	1	1	1	0
           145	2024-08-07 12:16:24	1	1	1	0
           401	2024-08-07 12:16:39	1	1	1	0
           142	2024-08-07 12:17:23	1	1	1	0
           144	2024-08-07 12:18:56	1	1	1	0
           471	2024-08-07 12:19:05	1	1	1	0
           602	2024-08-07 12:23:02	1	1	1	0
           185	2024-08-07 12:23:25	1	1	1	0
            48	2024-08-07 12:23:55	1	1	1	0
            58	2024-08-07 12:25:13	1	1	1	0
           473	2024-08-07 12:25:27	1	1	1	0
           118	2024-08-07 12:27:43	1	1	1	0
           605	2024-08-07 12:28:20	1	1	1	0
           551	2024-08-07 12:28:58	1	1	1	0
            80	2024-08-07 12:29:05	1	1	1	0
            91	2024-08-07 12:37:43	1	1	1	0
           527	2024-08-07 12:37:50	1	1	1	0
           180	2024-08-07 12:38:03	1	1	1	0
           641	2024-08-07 12:38:11	1	1	1	0
           241	2024-08-07 12:38:18	1	1	1	0
           181	2024-08-07 12:40:54	1	1	1	0
           369	2024-08-07 12:46:22	1	1	1	0
           144	2024-08-07 12:46:32	1	1	1	0
           145	2024-08-07 12:46:41	1	1	1	0
           401	2024-08-07 12:46:48	1	1	1	0
            80	2024-08-07 12:46:58	1	1	1	0
           551	2024-08-07 12:47:08	1	1	1	0
           185	2024-08-07 12:50:20	1	1	1	0
           379	2024-08-07 12:56:41	1	1	1	0
            48	2024-08-07 17:00:04	1	1	1	0
            58	2024-08-07 17:00:55	1	1	1	0
           369	2024-08-07 17:01:00	1	1	1	0
           379	2024-08-07 17:01:06	1	1	1	0
           181	2024-08-07 17:02:22	1	1	1	0
           185	2024-08-07 17:02:28	1	1	1	0
           385	2024-08-07 17:02:42	1	1	1	0
           180	2024-08-07 17:02:51	1	1	1	0
            91	2024-08-07 17:03:06	1	1	1	0
           641	2024-08-07 17:03:22	1	1	1	0
           536	2024-08-07 17:03:32	1	1	1	0
           551	2024-08-07 17:03:51	1	1	1	0
           527	2024-08-07 17:04:03	1	1	1	0
           241	2024-08-07 17:06:03	1	1	1	0
           332	2024-08-07 17:09:50	1	1	1	0
           144	2024-08-07 17:14:39	1	1	1	0
           118	2024-08-07 17:18:11	1	1	1	0
           473	2024-08-07 17:18:13	1	1	1	0
           605	2024-08-07 17:18:28	1	1	1	0
           602	2024-08-07 17:18:42	1	1	1	0
           145	2024-08-07 17:22:20	1	1	1	0
           401	2024-08-07 17:22:31	1	1	1	0
            80	2024-08-07 17:23:11	1	1	1	0
           142	2024-08-07 17:34:20	1	1	1	0
           385	2024-08-08 06:08:56	1	1	1	0
            58	2024-08-08 06:22:46	1	1	1	0
            48	2024-08-08 07:09:35	1	1	1	0
           142	2024-08-08 07:36:38	1	1	1	0
           527	2024-08-08 07:41:30	1	1	1	0
           180	2024-08-08 07:43:55	1	1	1	0
           379	2024-08-08 07:45:26	1	1	1	0
           145	2024-08-08 07:46:11	1	1	1	0
           641	2024-08-08 07:50:00	1	1	1	0
           401	2024-08-08 07:50:53	1	1	1	0
           536	2024-08-08 07:53:06	1	1	1	0
           473	2024-08-08 07:53:18	1	1	1	0
           605	2024-08-08 07:53:22	1	1	1	0
           144	2024-08-08 07:54:50	1	1	1	0
           241	2024-08-08 07:57:39	1	1	1	0
            57	2024-08-08 08:01:20	1	1	1	0
           369	2024-08-08 08:03:14	1	1	1	0
           332	2024-08-08 09:02:10	1	1	1	0
           385	2024-08-08 11:32:31	1	1	1	0
           379	2024-08-08 12:00:06	1	1	1	0
            57	2024-08-08 12:00:14	1	1	1	0
            58	2024-08-08 12:00:22	1	1	1	0
            48	2024-08-08 12:00:29	1	1	1	0
           527	2024-08-08 12:00:38	1	1	1	0
           385	2024-08-08 12:00:42	1	1	1	0
           332	2024-08-08 12:00:50	1	1	1	0
           142	2024-08-08 12:01:08	1	1	1	0
           536	2024-08-08 12:01:14	1	1	1	0
           641	2024-08-08 12:01:29	1	1	1	0
           180	2024-08-08 12:01:54	1	1	1	0
           369	2024-08-08 12:02:33	1	1	1	0
           185	2024-08-08 12:07:23	1	1	1	0
           241	2024-08-08 12:07:40	1	1	1	0
           473	2024-08-08 12:08:40	1	1	1	0
           605	2024-08-08 12:08:55	1	1	1	0
            91	2024-08-08 12:09:18	1	1	1	0
            48	2024-08-08 12:16:50	1	1	1	0
           145	2024-08-08 12:17:40	1	1	1	0
           401	2024-08-08 12:17:51	1	1	1	0
           536	2024-08-08 12:18:00	1	1	1	0
           332	2024-08-08 12:22:48	1	1	1	0
            57	2024-08-08 12:26:26	1	1	1	0
            58	2024-08-08 12:32:20	1	1	1	0
           144	2024-08-08 12:32:58	1	1	1	0
           527	2024-08-08 12:38:12	1	1	1	0
           641	2024-08-08 12:38:17	1	1	1	0
           241	2024-08-08 12:45:39	1	1	1	0
           473	2024-08-08 12:45:44	1	1	1	0
           605	2024-08-08 12:46:00	1	1	1	0
           180	2024-08-08 12:47:35	1	1	1	0
           145	2024-08-08 12:50:44	1	1	1	0
           401	2024-08-08 12:50:53	1	1	1	0
           142	2024-08-08 12:53:44	1	1	1	0
           379	2024-08-08 12:56:22	1	1	1	0
           369	2024-08-08 13:01:14	1	1	1	0
            58	2024-08-08 17:00:12	1	1	1	0
            57	2024-08-08 17:00:21	1	1	1	0
            48	2024-08-08 17:00:27	1	1	1	0
           369	2024-08-08 17:00:42	1	1	1	0
           536	2024-08-08 17:00:52	1	1	1	0
           385	2024-08-08 17:01:28	1	1	1	0
           180	2024-08-08 17:01:36	1	1	1	0
            91	2024-08-08 17:01:46	1	1	1	0
           241	2024-08-08 17:02:03	1	1	1	0
           641	2024-08-08 17:02:09	1	1	1	0
           379	2024-08-08 17:02:23	1	1	1	0
           605	2024-08-08 17:04:02	1	1	1	0
           142	2024-08-08 17:04:44	1	1	1	0
           144	2024-08-08 17:05:13	1	1	1	0
           185	2024-08-08 17:05:32	1	1	1	0
           527	2024-08-08 17:06:53	1	1	1	0
           473	2024-08-08 17:09:47	1	1	1	0
           145	2024-08-08 17:13:57	1	1	1	0
           401	2024-08-08 17:14:13	1	1	1	0
           332	2024-08-08 17:47:23	1	1	1	0
           385	2024-08-09 06:01:35	1	1	1	0
            58	2024-08-09 06:22:39	1	1	1	0
           185	2024-08-09 07:06:24	1	1	1	0
            91	2024-08-09 07:07:01	1	1	1	0
            48	2024-08-09 07:08:36	1	1	1	0
           473	2024-08-09 07:20:19	1	1	1	0
           145	2024-08-09 07:38:52	1	1	1	0
           527	2024-08-09 07:39:25	1	1	1	0
           180	2024-08-09 07:43:32	1	1	1	0
           379	2024-08-09 07:44:29	1	1	1	0
           641	2024-08-09 07:49:46	1	1	1	0
           142	2024-08-09 07:52:06	1	1	1	0
           605	2024-08-09 07:52:39	1	1	1	0
           536	2024-08-09 07:55:12	1	1	1	0
           369	2024-08-09 07:57:08	1	1	1	0
           241	2024-08-09 07:57:32	1	1	1	0
           401	2024-08-09 07:58:03	1	1	1	0
            57	2024-08-09 07:59:37	1	1	1	0
           144	2024-08-09 08:09:34	1	1	1	0
           332	2024-08-09 10:06:44	1	1	1	0
           385	2024-08-09 11:40:09	1	1	1	0
           379	2024-08-09 12:00:17	1	1	1	0
           641	2024-08-09 12:00:33	1	1	1	0
           536	2024-08-09 12:00:37	1	1	1	0
           473	2024-08-09 12:02:02	1	1	1	0
           605	2024-08-09 12:02:05	1	1	1	0
            91	2024-08-09 12:03:14	1	1	1	0
           185	2024-08-09 12:03:30	1	1	1	0
           527	2024-08-09 12:03:34	1	1	1	0
           180	2024-08-09 12:03:41	1	1	1	0
           332	2024-08-09 12:03:54	1	1	1	0
           385	2024-08-09 12:04:02	1	1	1	0
           241	2024-08-09 12:04:21	1	1	1	0
           142	2024-08-09 12:05:42	1	1	1	0
            48	2024-08-09 12:06:24	1	1	1	0
            58	2024-08-09 12:06:31	1	1	1	0
           369	2024-08-09 12:09:49	1	1	1	0
           536	2024-08-09 12:17:04	1	1	1	0
           473	2024-08-09 12:17:10	1	1	1	0
           605	2024-08-09 12:17:16	1	1	1	0
           641	2024-08-09 12:17:23	1	1	1	0
           145	2024-08-09 12:20:36	1	1	1	0
           401	2024-08-09 12:20:44	1	1	1	0
            57	2024-08-09 12:24:50	1	1	1	0
            48	2024-08-09 12:25:39	1	1	1	0
            58	2024-08-09 12:26:06	1	1	1	0
           185	2024-08-09 12:34:44	1	1	1	0
           527	2024-08-09 12:34:49	1	1	1	0
           332	2024-08-09 12:35:02	1	1	1	0
           241	2024-08-09 12:35:15	1	1	1	0
           369	2024-08-09 12:35:24	1	1	1	0
           144	2024-08-09 12:39:37	1	1	1	0
           145	2024-08-09 12:42:02	1	1	1	0
           180	2024-08-09 12:42:38	1	1	1	0
            57	2024-08-09 12:42:57	1	1	1	0
           142	2024-08-09 12:54:26	1	1	1	0
           379	2024-08-09 12:54:39	1	1	1	0
           144	2024-08-09 12:56:47	1	1	1	0
           401	2024-08-09 12:56:57	1	1	1	0
            57	2024-08-09 17:00:10	1	1	1	0
            48	2024-08-09 17:00:28	1	1	1	0
            58	2024-08-09 17:00:38	1	1	1	0
           369	2024-08-09 17:00:52	1	1	1	0
           332	2024-08-09 17:01:07	1	1	1	0
           142	2024-08-09 17:01:38	1	1	1	0
           473	2024-08-09 17:02:06	1	1	1	0
           379	2024-08-09 17:02:20	1	1	1	0
           536	2024-08-09 17:04:43	1	1	1	0
           527	2024-08-09 17:07:01	1	1	1	0
           180	2024-08-09 17:07:24	1	1	1	0
           385	2024-08-09 17:07:30	1	1	1	0
           641	2024-08-09 17:07:43	1	1	1	0
           144	2024-08-09 17:07:58	1	1	1	0
           241	2024-08-09 17:08:40	1	1	1	0
            91	2024-08-09 17:13:23	1	1	1	0
           145	2024-08-09 17:41:49	1	1	1	0
           401	2024-08-09 17:41:57	1	1	1	0
           185	2024-08-09 19:34:17	1	1	1	0
           385	2024-08-12 05:56:06	1	1	1	0
           118	2024-08-12 05:56:13	1	1	1	0
           536	2024-08-12 06:02:55	1	1	1	0
            58	2024-08-12 06:22:36	1	1	1	0
            91	2024-08-12 06:59:18	1	1	1	0
           602	2024-08-12 07:03:44	1	1	1	0
           185	2024-08-12 07:05:59	1	1	1	0
            48	2024-08-12 07:11:55	1	1	1	0
           473	2024-08-12 07:30:35	1	1	1	0
           641	2024-08-12 07:37:26	1	1	1	0
           379	2024-08-12 07:47:00	1	1	1	0
           181	2024-08-12 07:50:10	1	1	1	0
            80	2024-08-12 07:53:43	1	1	1	0
            57	2024-08-12 08:01:03	1	1	1	0
           369	2024-08-12 08:03:41	1	1	1	0
           144	2024-08-12 08:14:47	1	1	1	0
           385	2024-08-12 11:31:33	1	1	1	0
           602	2024-08-12 11:58:03	1	1	1	0
            57	2024-08-12 12:00:06	1	1	1	0
           473	2024-08-12 12:00:14	1	1	1	0
            48	2024-08-12 12:00:38	1	1	1	0
           385	2024-08-12 12:00:52	1	1	1	0
            58	2024-08-12 12:01:48	1	1	1	0
           641	2024-08-12 12:01:58	1	1	1	0
           369	2024-08-12 12:07:47	1	1	1	0
           185	2024-08-12 12:08:31	1	1	1	0
           551	2024-08-12 12:16:58	1	1	1	0
            80	2024-08-12 12:17:05	1	1	1	0
            57	2024-08-12 12:18:02	1	1	1	0
           144	2024-08-12 12:18:09	1	1	1	0
            48	2024-08-12 12:18:17	1	1	1	0
            58	2024-08-12 12:19:20	1	1	1	0
           369	2024-08-12 12:27:59	1	1	1	0
           641	2024-08-12 12:34:41	1	1	1	0
           473	2024-08-12 12:35:32	1	1	1	0
           185	2024-08-12 12:42:30	1	1	1	0
           551	2024-08-12 12:43:04	1	1	1	0
            80	2024-08-12 12:43:08	1	1	1	0
           144	2024-08-12 12:48:58	1	1	1	0
           602	2024-08-12 12:49:49	1	1	1	0
            57	2024-08-12 17:00:12	1	1	1	0
            48	2024-08-12 17:01:47	1	1	1	0
            58	2024-08-12 17:01:54	1	1	1	0
           369	2024-08-12 17:02:03	1	1	1	0
           473	2024-08-12 17:02:51	1	1	1	0
           602	2024-08-12 17:03:10	1	1	1	0
           385	2024-08-12 17:03:44	1	1	1	0
           641	2024-08-12 17:03:50	1	1	1	0
           181	2024-08-12 17:05:54	1	1	1	0
           551	2024-08-12 17:07:04	1	1	1	0
           185	2024-08-12 17:07:59	1	1	1	0
           144	2024-08-12 17:14:53	1	1	1	0
            80	2024-08-12 17:29:46	1	1	1	0
           385	2024-08-13 06:05:17	1	1	1	0
            58	2024-08-13 06:21:37	1	1	1	0
            48	2024-08-13 07:09:20	1	1	1	0
            91	2024-08-13 07:10:55	1	1	1	0
           185	2024-08-13 07:11:01	1	1	1	0
           641	2024-08-13 07:29:58	1	1	1	0
           602	2024-08-13 07:37:56	1	1	1	0
           551	2024-08-13 07:44:13	1	1	1	0
           473	2024-08-13 07:44:20	1	1	1	0
           471	2024-08-13 07:49:25	1	1	1	0
           605	2024-08-13 07:51:42	1	1	1	0
            80	2024-08-13 08:00:14	1	1	1	0
           369	2024-08-13 08:05:37	1	1	1	0
            57	2024-08-13 08:05:51	1	1	1	0
           144	2024-08-13 08:17:46	1	1	1	0
           385	2024-08-13 11:30:38	1	1	1	0
           385	2024-08-13 12:00:06	1	1	1	0
           602	2024-08-13 12:00:16	1	1	1	0
           641	2024-08-13 12:00:22	1	1	1	0
            80	2024-08-13 12:00:40	1	1	1	0
           551	2024-08-13 12:00:47	1	1	1	0
           471	2024-08-13 12:01:05	1	1	1	0
            48	2024-08-13 12:04:43	1	1	1	0
           369	2024-08-13 12:04:51	1	1	1	0
            58	2024-08-13 12:05:00	1	1	1	0
           605	2024-08-13 12:09:49	1	1	1	0
           473	2024-08-13 12:09:51	1	1	1	0
            57	2024-08-13 12:22:23	1	1	1	0
           471	2024-08-13 12:22:49	1	1	1	0
           551	2024-08-13 12:25:50	1	1	1	0
            80	2024-08-13 12:26:00	1	1	1	0
            48	2024-08-13 12:27:44	1	1	1	0
           369	2024-08-13 12:27:49	1	1	1	0
            58	2024-08-13 12:28:16	1	1	1	0
           185	2024-08-13 12:28:49	1	1	1	0
           641	2024-08-13 12:28:55	1	1	1	0
           473	2024-08-13 12:33:13	1	1	1	0
           605	2024-08-13 12:33:22	1	1	1	0
           185	2024-08-13 12:43:56	1	1	1	0
           602	2024-08-13 12:49:23	1	1	1	0
            57	2024-08-13 12:57:02	1	1	1	0
           185	2024-08-13 17:00:13	1	1	1	0
           471	2024-08-13 17:00:23	1	1	1	0
            91	2024-08-13 17:00:38	1	1	1	0
           385	2024-08-13 17:01:32	1	1	1	0
           641	2024-08-13 17:01:38	1	1	1	0
            48	2024-08-13 17:02:02	1	1	1	0
            58	2024-08-13 17:02:11	1	1	1	0
           369	2024-08-13 17:04:09	1	1	1	0
           473	2024-08-13 17:04:38	1	1	1	0
            57	2024-08-13 17:06:17	1	1	1	0
            80	2024-08-13 17:07:06	1	1	1	0
           551	2024-08-13 17:07:11	1	1	1	0
           602	2024-08-13 17:07:54	1	1	1	0
           605	2024-08-13 17:07:59	1	1	1	0
           144	2024-08-13 17:11:34	1	1	1	0
           385	2024-08-14 06:22:51	1	1	1	0
            58	2024-08-14 06:23:54	1	1	1	0
            48	2024-08-14 06:55:29	1	1	1	0
            91	2024-08-14 06:57:56	1	1	1	0
           185	2024-08-14 06:58:02	1	1	1	0
           641	2024-08-14 07:15:09	1	1	1	0
           473	2024-08-14 07:28:57	1	1	1	0
           602	2024-08-14 07:35:23	1	1	1	0
           551	2024-08-14 07:40:21	1	1	1	0
           471	2024-08-14 07:41:50	1	1	1	0
           118	2024-08-14 07:42:18	1	1	1	0
           472	2024-08-14 07:42:24	1	1	1	0
           527	2024-08-14 07:42:35	1	1	1	0
           145	2024-08-14 07:50:27	1	1	1	0
           605	2024-08-14 07:53:01	1	1	1	0
           241	2024-08-14 07:55:05	1	1	1	0
           401	2024-08-14 07:56:10	1	1	1	0
           369	2024-08-14 07:56:49	1	1	1	0
            57	2024-08-14 08:00:36	1	1	1	0
            80	2024-08-14 08:00:49	1	1	1	0
           144	2024-08-14 08:08:13	1	1	1	0
           181	2024-08-14 08:40:48	1	1	1	0
           385	2024-08-14 11:31:46	1	1	1	0
           369	2024-08-14 12:00:46	1	1	1	0
            91	2024-08-14 12:02:09	1	1	1	0
           241	2024-08-14 12:02:14	1	1	1	0
            58	2024-08-14 12:02:23	1	1	1	0
           473	2024-08-14 12:02:46	1	1	1	0
           602	2024-08-14 12:02:51	1	1	1	0
           472	2024-08-14 12:02:58	1	1	1	0
           471	2024-08-14 12:03:03	1	1	1	0
           118	2024-08-14 12:03:07	1	1	1	0
           605	2024-08-14 12:03:14	1	1	1	0
            48	2024-08-14 12:03:31	1	1	1	0
           185	2024-08-14 12:03:37	1	1	1	0
           527	2024-08-14 12:03:43	1	1	1	0
           181	2024-08-14 12:03:52	1	1	1	0
           385	2024-08-14 12:03:57	1	1	1	0
           641	2024-08-14 12:04:03	1	1	1	0
           144	2024-08-14 12:04:12	1	1	1	0
           551	2024-08-14 12:13:17	1	1	1	0
            80	2024-08-14 12:13:30	1	1	1	0
           605	2024-08-14 12:19:44	1	1	1	0
           473	2024-08-14 12:19:52	1	1	1	0
           471	2024-08-14 12:21:06	1	1	1	0
           118	2024-08-14 12:21:10	1	1	1	0
           472	2024-08-14 12:21:17	1	1	1	0
           185	2024-08-14 12:23:13	1	1	1	0
           527	2024-08-14 12:23:20	1	1	1	0
           181	2024-08-14 12:23:36	1	1	1	0
            91	2024-08-14 12:25:22	1	1	1	0
           241	2024-08-14 12:25:28	1	1	1	0
           641	2024-08-14 12:26:35	1	1	1	0
           369	2024-08-14 12:31:52	1	1	1	0
            48	2024-08-14 12:32:19	1	1	1	0
            58	2024-08-14 12:33:12	1	1	1	0
           145	2024-08-14 12:33:23	1	1	1	0
           401	2024-08-14 12:33:29	1	1	1	0
            57	2024-08-14 12:35:39	1	1	1	0
            80	2024-08-14 12:38:58	1	1	1	0
           551	2024-08-14 12:39:04	1	1	1	0
           602	2024-08-14 12:43:56	1	1	1	0
           144	2024-08-14 12:49:53	1	1	1	0
            57	2024-08-14 12:51:00	1	1	1	0
           145	2024-08-14 12:51:50	1	1	1	0
           401	2024-08-14 12:51:57	1	1	1	0
           536	2024-08-14 12:56:37	1	1	1	0
            58	2024-08-14 17:00:32	1	1	1	0
           369	2024-08-14 17:00:37	1	1	1	0
           471	2024-08-14 17:00:43	1	1	1	0
           472	2024-08-14 17:00:47	1	1	1	0
            48	2024-08-14 17:00:53	1	1	1	0
           536	2024-08-14 17:01:03	1	1	1	0
           641	2024-08-14 17:01:16	1	1	1	0
           144	2024-08-14 17:01:22	1	1	1	0
           385	2024-08-14 17:02:03	1	1	1	0
           181	2024-08-14 17:02:18	1	1	1	0
           527	2024-08-14 17:02:34	1	1	1	0
            91	2024-08-14 17:03:04	1	1	1	0
           185	2024-08-14 17:03:16	1	1	1	0
           602	2024-08-14 17:09:26	1	1	1	0
           605	2024-08-14 17:10:50	1	1	1	0
            57	2024-08-14 17:12:35	1	1	1	0
           473	2024-08-14 17:14:15	1	1	1	0
           145	2024-08-14 17:14:55	1	1	1	0
           401	2024-08-14 17:15:02	1	1	1	0
           118	2024-08-14 17:17:01	1	1	1	0
           241	2024-08-14 17:18:10	1	1	1	0
            80	2024-08-14 17:22:47	1	1	1	0
            58	2024-08-15 06:17:11	1	1	1	0
           385	2024-08-15 06:18:43	1	1	1	0
            48	2024-08-15 07:08:48	1	1	1	0
           185	2024-08-15 07:09:07	1	1	1	0
            91	2024-08-15 07:09:14	1	1	1	0
           602	2024-08-15 07:36:33	1	1	1	0
           641	2024-08-15 07:38:58	1	1	1	0
           145	2024-08-15 07:46:04	1	1	1	0
           551	2024-08-15 07:46:31	1	1	1	0
           605	2024-08-15 07:48:12	1	1	1	0
           527	2024-08-15 07:48:31	1	1	1	0
           473	2024-08-15 07:51:57	1	1	1	0
           401	2024-08-15 07:53:42	1	1	1	0
           472	2024-08-15 07:54:32	1	1	1	0
           471	2024-08-15 07:54:48	1	1	1	0
           536	2024-08-15 07:55:00	1	1	1	0
           241	2024-08-15 07:57:36	1	1	1	0
            80	2024-08-15 07:58:53	1	1	1	0
           369	2024-08-15 07:59:40	1	1	1	0
            57	2024-08-15 08:04:05	1	1	1	0
           144	2024-08-15 08:12:04	1	1	1	0
           385	2024-08-15 11:33:25	1	1	1	0
           527	2024-08-15 12:00:55	1	1	1	0
           385	2024-08-15 12:01:02	1	1	1	0
           641	2024-08-15 12:01:17	1	1	1	0
           536	2024-08-15 12:01:22	1	1	1	0
           185	2024-08-15 12:01:30	1	1	1	0
           369	2024-08-15 12:01:36	1	1	1	0
           471	2024-08-15 12:02:10	1	1	1	0
           472	2024-08-15 12:02:14	1	1	1	0
           473	2024-08-15 12:02:26	1	1	1	0
           602	2024-08-15 12:02:31	1	1	1	0
           605	2024-08-15 12:02:38	1	1	1	0
            91	2024-08-15 12:07:10	1	1	1	0
           241	2024-08-15 12:07:17	1	1	1	0
            58	2024-08-15 12:12:41	1	1	1	0
            48	2024-08-15 12:13:58	1	1	1	0
           536	2024-08-15 12:16:23	1	1	1	0
            80	2024-08-15 12:19:08	1	1	1	0
           551	2024-08-15 12:19:14	1	1	1	0
           471	2024-08-15 12:21:40	1	1	1	0
           472	2024-08-15 12:21:46	1	1	1	0
           602	2024-08-15 12:23:05	1	1	1	0
           473	2024-08-15 12:23:09	1	1	1	0
           605	2024-08-15 12:23:13	1	1	1	0
           641	2024-08-15 12:23:45	1	1	1	0
            57	2024-08-15 12:25:40	1	1	1	0
            48	2024-08-15 12:31:18	1	1	1	0
            58	2024-08-15 12:31:27	1	1	1	0
           369	2024-08-15 12:31:52	1	1	1	0
           145	2024-08-15 12:33:31	1	1	1	0
           401	2024-08-15 12:33:39	1	1	1	0
            80	2024-08-15 12:34:11	1	1	1	0
            57	2024-08-15 12:41:38	1	1	1	0
           185	2024-08-15 12:42:27	1	1	1	0
           527	2024-08-15 12:42:32	1	1	1	0
           551	2024-08-15 12:43:52	1	1	1	0
            91	2024-08-15 12:43:59	1	1	1	0
           241	2024-08-15 12:44:06	1	1	1	0
           144	2024-08-15 12:45:14	1	1	1	0
           181	2024-08-15 12:53:34	1	1	1	0
           145	2024-08-15 12:58:08	1	1	1	0
           401	2024-08-15 12:58:15	1	1	1	0
            57	2024-08-15 17:00:04	1	1	1	0
            48	2024-08-15 17:00:15	1	1	1	0
            58	2024-08-15 17:00:26	1	1	1	0
           369	2024-08-15 17:00:33	1	1	1	0
            91	2024-08-15 17:00:38	1	1	1	0
           536	2024-08-15 17:00:45	1	1	1	0
           641	2024-08-15 17:00:56	1	1	1	0
           527	2024-08-15 17:01:03	1	1	1	0
           185	2024-08-15 17:01:19	1	1	1	0
           241	2024-08-15 17:01:32	1	1	1	0
           385	2024-08-15 17:01:40	1	1	1	0
           551	2024-08-15 17:06:33	1	1	1	0
           471	2024-08-15 17:06:54	1	1	1	0
           472	2024-08-15 17:07:15	1	1	1	0
           473	2024-08-15 17:07:37	1	1	1	0
           602	2024-08-15 17:08:22	1	1	1	0
            80	2024-08-15 17:08:27	1	1	1	0
           605	2024-08-15 17:08:32	1	1	1	0
           144	2024-08-15 17:09:13	1	1	1	0
           145	2024-08-15 17:39:19	1	1	1	0
           385	2024-08-16 06:06:12	1	1	1	0
            58	2024-08-16 06:23:08	1	1	1	0
            80	2024-08-16 06:37:08	1	1	1	0
           185	2024-08-16 06:56:27	1	1	1	0
            91	2024-08-16 06:57:15	1	1	1	0
            48	2024-08-16 07:07:53	1	1	1	0
           602	2024-08-16 07:32:54	1	1	1	0
           551	2024-08-16 07:33:25	1	1	1	0
           473	2024-08-16 07:36:42	1	1	1	0
           641	2024-08-16 07:42:29	1	1	1	0
           527	2024-08-16 07:43:26	1	1	1	0
           605	2024-08-16 07:47:26	1	1	1	0
           379	2024-08-16 07:50:05	1	1	1	0
           145	2024-08-16 07:51:37	1	1	1	0
           472	2024-08-16 07:52:36	1	1	1	0
           471	2024-08-16 07:52:42	1	1	1	0
           401	2024-08-16 07:53:19	1	1	1	0
           241	2024-08-16 07:54:35	1	1	1	0
           332	2024-08-16 07:58:21	1	1	1	0
           536	2024-08-16 08:02:06	1	1	1	0
            57	2024-08-16 08:02:19	1	1	1	0
           369	2024-08-16 08:02:45	1	1	1	0
           144	2024-08-16 08:08:33	1	1	1	0
           142	2024-08-16 08:17:12	1	1	1	0
           385	2024-08-16 11:44:53	1	1	1	0
           379	2024-08-16 12:00:06	1	1	1	0
           471	2024-08-16 12:00:12	1	1	1	0
           602	2024-08-16 12:00:16	1	1	1	0
           473	2024-08-16 12:00:21	1	1	1	0
           605	2024-08-16 12:00:30	1	1	1	0
           472	2024-08-16 12:00:37	1	1	1	0
           332	2024-08-16 12:00:45	1	1	1	0
           536	2024-08-16 12:01:27	1	1	1	0
           641	2024-08-16 12:01:34	1	1	1	0
           527	2024-08-16 12:01:42	1	1	1	0
           385	2024-08-16 12:01:51	1	1	1	0
           142	2024-08-16 12:01:59	1	1	1	0
            48	2024-08-16 12:02:10	1	1	1	0
            57	2024-08-16 12:02:17	1	1	1	0
            58	2024-08-16 12:02:25	1	1	1	0
           369	2024-08-16 12:02:31	1	1	1	0
           185	2024-08-16 12:04:13	1	1	1	0
            91	2024-08-16 12:08:34	1	1	1	0
           241	2024-08-16 12:08:38	1	1	1	0
           473	2024-08-16 12:16:04	1	1	1	0
           605	2024-08-16 12:16:10	1	1	1	0
           602	2024-08-16 12:16:13	1	1	1	0
            48	2024-08-16 12:17:24	1	1	1	0
            57	2024-08-16 12:17:33	1	1	1	0
            58	2024-08-16 12:17:40	1	1	1	0
           471	2024-08-16 12:17:49	1	1	1	0
           472	2024-08-16 12:18:06	1	1	1	0
           332	2024-08-16 12:19:50	1	1	1	0
           145	2024-08-16 12:21:00	1	1	1	0
           401	2024-08-16 12:21:06	1	1	1	0
           144	2024-08-16 12:21:16	1	1	1	0
           369	2024-08-16 12:24:51	1	1	1	0
           536	2024-08-16 12:29:38	1	1	1	0
           527	2024-08-16 12:29:46	1	1	1	0
           641	2024-08-16 12:29:55	1	1	1	0
            91	2024-08-16 12:30:53	1	1	1	0
           185	2024-08-16 12:31:00	1	1	1	0
           241	2024-08-16 12:31:05	1	1	1	0
            80	2024-08-16 12:41:11	1	1	1	0
           551	2024-08-16 12:41:14	1	1	1	0
           181	2024-08-16 12:50:15	1	1	1	0
           145	2024-08-16 12:50:30	1	1	1	0
           144	2024-08-16 12:50:36	1	1	1	0
           401	2024-08-16 12:50:45	1	1	1	0
           142	2024-08-16 12:53:49	1	1	1	0
           379	2024-08-16 12:54:00	1	1	1	0
            80	2024-08-16 12:56:11	1	1	1	0
           551	2024-08-16 12:56:20	1	1	1	0
            57	2024-08-16 17:00:04	1	0	1	0
           471	2024-08-16 17:00:08	1	0	1	0
           536	2024-08-16 17:00:15	1	0	1	0
           641	2024-08-16 17:00:25	1	0	1	0
            48	2024-08-16 17:00:40	1	0	1	0
           472	2024-08-16 17:00:44	1	0	1	0
           551	2024-08-16 17:00:48	1	0	1	0
            58	2024-08-16 17:00:57	1	0	1	0
           473	2024-08-16 17:01:05	1	0	1	0
           379	2024-08-16 17:01:18	1	0	1	0
           385	2024-08-16 17:01:34	1	0	1	0
           602	2024-08-16 17:01:54	1	0	1	0
           142	2024-08-16 17:03:18	1	0	1	0
           369	2024-08-16 17:03:30	1	0	1	0
           185	2024-08-16 17:03:52	1	0	1	0
           605	2024-08-16 17:04:57	1	0	1	0
           527	2024-08-16 17:05:37	1	0	1	0
            91	2024-08-16 17:06:05	1	0	1	0
           181	2024-08-16 17:06:14	1	0	1	0
           241	2024-08-16 17:08:01	1	0	1	0
           144	2024-08-16 17:08:43	1	0	1	0
           332	2024-08-16 17:16:16	1	0	1	0
           145	2024-08-16 17:54:26	1	0	1	0
           401	2024-08-16 17:54:34	1	0	1	0
           602	2024-08-17 06:55:19	1	0	1	0
           605	2024-08-17 06:55:51	1	0	1	0
           473	2024-08-17 07:36:28	1	0	1	0
           471	2024-08-17 07:53:48	1	0	1	0
           473	2024-08-17 12:00:37	1	0	1	0
           602	2024-08-17 12:00:44	1	0	1	0
           471	2024-08-17 12:01:38	1	0	1	0
           605	2024-08-17 12:01:41	1	0	1	0
           602	2024-08-17 12:27:08	1	0	1	0
           473	2024-08-17 12:27:13	1	0	1	0
           605	2024-08-17 12:27:27	1	0	1	0
           471	2024-08-17 12:36:37	1	0	1	0
           385	2024-08-19 05:28:24	1	0	1	0
            58	2024-08-19 06:18:52	1	0	1	0
           536	2024-08-19 06:28:22	1	0	1	0
            80	2024-08-19 06:34:39	1	0	1	0
           602	2024-08-19 06:37:15	1	0	1	0
           185	2024-08-19 06:39:18	1	0	1	0
            91	2024-08-19 06:39:22	1	0	1	0
           527	2024-08-19 06:39:54	1	0	1	0
           379	2024-08-19 06:48:18	1	0	1	0
           473	2024-08-19 06:48:53	1	0	1	0
           551	2024-08-19 06:59:22	1	0	1	0
           605	2024-08-19 07:03:25	1	0	1	0
           241	2024-08-19 07:12:33	1	0	1	0
            48	2024-08-19 07:17:27	1	0	1	0
           472	2024-08-19 07:21:26	1	0	1	0
           471	2024-08-19 07:21:36	1	0	1	0
           118	2024-08-19 07:36:51	1	0	1	0
           180	2024-08-19 07:40:38	1	0	1	0
           401	2024-08-19 07:45:00	1	0	1	0
           142	2024-08-19 07:47:06	1	0	1	0
           641	2024-08-19 07:55:17	1	0	1	0
           369	2024-08-19 07:56:05	1	0	1	0
           332	2024-08-19 07:56:36	1	0	1	0
           181	2024-08-19 08:31:27	1	0	1	0
           144	2024-08-19 08:45:24	1	0	1	0
           385	2024-08-19 11:40:39	1	0	1	0
            48	2024-08-19 12:00:03	1	0	1	0
            58	2024-08-19 12:00:19	1	0	1	0
           379	2024-08-19 12:00:27	1	0	1	0
           142	2024-08-19 12:01:04	1	0	1	0
           536	2024-08-19 12:01:09	1	0	1	0
           527	2024-08-19 12:01:17	1	0	1	0
           471	2024-08-19 12:01:23	1	0	1	0
           472	2024-08-19 12:01:32	1	0	1	0
           473	2024-08-19 12:01:34	1	0	1	0
           605	2024-08-19 12:01:38	1	0	1	0
           602	2024-08-19 12:01:45	1	0	1	0
            91	2024-08-19 12:01:51	1	0	1	0
           241	2024-08-19 12:02:03	1	0	1	0
           185	2024-08-19 12:02:08	1	0	1	0
           181	2024-08-19 12:02:15	1	0	1	0
           641	2024-08-19 12:02:24	1	0	1	0
           385	2024-08-19 12:02:30	1	0	1	0
           118	2024-08-19 12:02:35	1	0	1	0
            80	2024-08-19 12:02:42	1	0	1	0
           180	2024-08-19 12:02:51	1	0	1	0
           551	2024-08-19 12:02:59	1	0	1	0
           332	2024-08-19 12:15:23	1	0	1	0
           142	2024-08-19 12:16:54	1	0	1	0
            48	2024-08-19 12:17:56	1	0	1	0
            58	2024-08-19 12:18:09	1	0	1	0
           471	2024-08-19 12:20:22	1	0	1	0
            91	2024-08-19 12:22:24	1	0	1	0
           241	2024-08-19 12:22:29	1	0	1	0
           118	2024-08-19 12:22:35	1	0	1	0
           472	2024-08-19 12:22:40	1	0	1	0
           473	2024-08-19 12:22:55	1	0	1	0
           185	2024-08-19 12:31:04	1	0	1	0
           180	2024-08-19 12:31:11	1	0	1	0
           181	2024-08-19 12:31:15	1	0	1	0
           527	2024-08-19 12:31:23	1	0	1	0
           641	2024-08-19 12:31:34	1	0	1	0
           536	2024-08-19 12:31:39	1	0	1	0
           551	2024-08-19 12:33:09	1	0	1	0
            80	2024-08-19 12:33:51	1	0	1	0
           602	2024-08-19 12:43:59	1	0	1	0
           605	2024-08-19 12:44:02	1	0	1	0
           379	2024-08-19 12:50:36	1	0	1	0
           332	2024-08-19 12:52:48	1	0	1	0
           144	2024-08-19 13:12:03	1	0	1	0
           401	2024-08-19 13:12:06	1	0	1	0
           401	2024-08-19 13:47:14	1	0	1	0
           144	2024-08-19 13:47:19	1	0	1	0
           471	2024-08-19 17:00:04	1	0	1	0
            91	2024-08-19 17:00:09	1	0	1	0
           181	2024-08-19 17:00:13	1	0	1	0
           379	2024-08-19 17:00:28	1	0	1	0
           527	2024-08-19 17:00:31	1	0	1	0
           472	2024-08-19 17:00:37	1	0	1	0
           536	2024-08-19 17:00:42	1	0	1	0
           641	2024-08-19 17:00:58	1	0	1	0
            58	2024-08-19 17:01:12	1	0	1	0
            48	2024-08-19 17:01:23	1	0	1	0
           180	2024-08-19 17:01:29	1	0	1	0
           185	2024-08-19 17:01:41	1	0	1	0
           369	2024-08-19 17:01:47	1	0	1	0
           332	2024-08-19 17:02:53	1	0	1	0
           385	2024-08-19 17:03:00	1	0	1	0
           602	2024-08-19 17:03:20	1	0	1	0
           473	2024-08-19 17:03:27	1	0	1	0
           605	2024-08-19 17:03:33	1	0	1	0
           118	2024-08-19 17:04:25	1	0	1	0
           241	2024-08-19 17:06:19	1	0	1	0
           142	2024-08-19 17:17:18	1	0	1	0
           551	2024-08-19 17:24:22	1	0	1	0
           401	2024-08-19 18:03:42	1	0	1	0
           144	2024-08-19 18:08:27	1	0	1	0
            80	2024-08-19 19:49:50	1	0	1	0
            58	2024-08-20 06:15:56	1	0	1	0
           385	2024-08-20 06:18:27	1	0	1	0
           641	2024-08-20 06:31:10	1	0	1	0
           185	2024-08-20 07:02:40	1	0	1	0
            91	2024-08-20 07:02:57	1	0	1	0
            48	2024-08-20 07:04:17	1	0	1	0
           473	2024-08-20 07:16:45	1	0	1	0
           180	2024-08-20 07:22:09	1	0	1	0
           118	2024-08-20 07:24:40	1	0	1	0
           605	2024-08-20 07:31:09	1	0	1	0
           551	2024-08-20 07:31:40	1	0	1	0
           527	2024-08-20 07:42:02	1	0	1	0
           379	2024-08-20 07:42:22	1	0	1	0
           536	2024-08-20 07:42:58	1	0	1	0
           241	2024-08-20 07:50:02	1	0	1	0
           142	2024-08-20 07:55:29	1	0	1	0
            80	2024-08-20 07:55:55	1	0	1	0
           472	2024-08-20 08:00:20	1	0	1	0
           471	2024-08-20 08:00:27	1	0	1	0
            57	2024-08-20 08:00:45	1	0	1	0
           369	2024-08-20 08:03:40	1	0	1	0
           401	2024-08-20 08:09:01	1	0	1	0
           602	2024-08-20 08:13:50	1	0	1	0
           181	2024-08-20 08:46:55	1	0	1	0
           144	2024-08-20 08:54:20	1	0	1	0
           332	2024-08-20 10:52:10	1	0	1	0
           385	2024-08-20 11:31:25	1	0	1	0
            48	2024-08-20 12:00:10	1	0	1	0
            58	2024-08-20 12:00:18	1	0	1	0
           369	2024-08-20 12:00:24	1	0	1	0
           385	2024-08-20 12:00:30	1	0	1	0
           379	2024-08-20 12:00:34	1	0	1	0
           605	2024-08-20 12:00:51	1	0	1	0
           602	2024-08-20 12:00:54	1	0	1	0
           471	2024-08-20 12:01:10	1	0	1	0
           472	2024-08-20 12:01:19	1	0	1	0
           473	2024-08-20 12:01:28	1	0	1	0
            91	2024-08-20 12:02:01	1	0	1	0
           241	2024-08-20 12:02:06	1	0	1	0
           185	2024-08-20 12:02:24	1	0	1	0
           527	2024-08-20 12:02:37	1	0	1	0
           142	2024-08-20 12:03:19	1	0	1	0
           118	2024-08-20 12:03:36	1	0	1	0
            57	2024-08-20 12:04:22	1	0	1	0
           641	2024-08-20 12:04:55	1	0	1	0
           180	2024-08-20 12:07:21	1	0	1	0
           551	2024-08-20 12:07:28	1	0	1	0
            80	2024-08-20 12:07:35	1	0	1	0
            48	2024-08-20 12:15:34	1	0	1	0
            58	2024-08-20 12:15:42	1	0	1	0
           369	2024-08-20 12:15:49	1	0	1	0
           473	2024-08-20 12:18:24	1	0	1	0
           602	2024-08-20 12:18:42	1	0	1	0
           605	2024-08-20 12:18:47	1	0	1	0
           142	2024-08-20 12:18:56	1	0	1	0
            57	2024-08-20 12:20:13	1	0	1	0
           536	2024-08-20 12:25:38	1	0	1	0
           471	2024-08-20 12:27:03	1	0	1	0
           118	2024-08-20 12:32:21	1	0	1	0
           185	2024-08-20 12:33:59	1	0	1	0
           527	2024-08-20 12:34:04	1	0	1	0
           180	2024-08-20 12:34:37	1	0	1	0
            80	2024-08-20 12:34:57	1	0	1	0
           551	2024-08-20 12:35:08	1	0	1	0
            91	2024-08-20 12:35:54	1	0	1	0
           472	2024-08-20 12:36:59	1	0	1	0
           241	2024-08-20 12:38:15	1	0	1	0
           181	2024-08-20 12:39:12	1	0	1	0
           641	2024-08-20 12:39:26	1	0	1	0
           536	2024-08-20 12:48:08	1	0	1	0
           181	2024-08-20 12:55:51	1	0	1	0
           379	2024-08-20 12:56:42	1	0	1	0
           332	2024-08-20 13:15:17	1	0	1	0
           144	2024-08-20 13:16:12	1	0	1	0
           401	2024-08-20 13:16:18	1	0	1	0
           332	2024-08-20 13:34:31	1	0	1	0
           144	2024-08-20 13:55:27	1	0	1	0
           401	2024-08-20 13:55:33	1	0	1	0
            58	2024-08-20 17:00:09	1	0	1	0
            48	2024-08-20 17:00:15	1	0	1	0
           471	2024-08-20 17:00:21	1	0	1	0
           472	2024-08-20 17:01:14	1	0	1	0
           379	2024-08-20 17:01:44	1	0	1	0
            57	2024-08-20 17:03:32	1	0	1	0
           527	2024-08-20 17:04:37	1	0	1	0
           536	2024-08-20 17:05:22	1	0	1	0
           641	2024-08-20 17:05:33	1	0	1	0
           181	2024-08-20 17:06:17	1	0	1	0
           180	2024-08-20 17:09:23	1	0	1	0
            91	2024-08-20 17:09:54	1	0	1	0
           185	2024-08-20 17:10:00	1	0	1	0
           369	2024-08-20 17:13:26	1	0	1	0
            80	2024-08-20 17:15:31	1	0	1	0
           142	2024-08-20 17:19:23	1	0	1	0
           385	2024-08-20 17:20:22	1	0	1	0
           602	2024-08-20 17:25:24	1	0	1	0
           605	2024-08-20 17:25:53	1	0	1	0
           118	2024-08-20 17:29:45	1	0	1	0
           241	2024-08-20 17:33:19	1	0	1	0
           401	2024-08-20 18:02:11	1	0	1	0
           332	2024-08-20 18:05:48	1	0	1	0
           144	2024-08-20 18:05:55	1	0	1	0
           551	2024-08-20 19:24:50	1	0	1	0
           385	2024-08-21 06:10:07	1	0	1	0
            58	2024-08-21 06:18:33	1	0	1	0
           185	2024-08-21 06:51:00	1	0	1	0
            91	2024-08-21 06:51:11	1	0	1	0
           641	2024-08-21 06:58:32	1	0	1	0
            48	2024-08-21 07:05:40	1	0	1	0
           602	2024-08-21 07:31:46	1	0	1	0
           605	2024-08-21 07:35:28	1	0	1	0
           551	2024-08-21 07:36:10	1	0	1	0
           118	2024-08-21 07:40:43	1	0	1	0
           181	2024-08-21 07:41:56	1	0	1	0
           142	2024-08-21 07:42:25	1	0	1	0
           473	2024-08-21 07:42:30	1	0	1	0
           527	2024-08-21 07:44:13	1	0	1	0
           379	2024-08-21 07:46:49	1	0	1	0
           241	2024-08-21 07:48:01	1	0	1	0
           472	2024-08-21 07:53:06	1	0	1	0
           471	2024-08-21 07:53:13	1	0	1	0
           536	2024-08-21 07:54:29	1	0	1	0
            57	2024-08-21 07:54:57	1	0	1	0
            80	2024-08-21 07:58:07	1	0	1	0
           401	2024-08-21 08:06:33	1	0	1	0
           144	2024-08-21 08:53:35	1	0	1	0
           332	2024-08-21 09:01:23	1	0	1	0
           385	2024-08-21 11:39:14	1	0	1	0
           551	2024-08-21 12:00:05	1	0	1	0
           379	2024-08-21 12:00:08	1	0	1	0
           181	2024-08-21 12:00:10	1	0	1	0
           185	2024-08-21 12:00:13	1	0	1	0
            80	2024-08-21 12:00:17	1	0	1	0
           473	2024-08-21 12:00:19	1	0	1	0
           602	2024-08-21 12:00:22	1	0	1	0
           536	2024-08-21 12:00:27	1	0	1	0
           472	2024-08-21 12:00:33	1	0	1	0
           471	2024-08-21 12:00:42	1	0	1	0
           527	2024-08-21 12:00:47	1	0	1	0
           385	2024-08-21 12:00:53	1	0	1	0
           641	2024-08-21 12:00:58	1	0	1	0
            48	2024-08-21 12:01:09	1	0	1	0
            57	2024-08-21 12:01:17	1	0	1	0
            58	2024-08-21 12:01:28	1	0	1	0
           118	2024-08-21 12:01:41	1	0	1	0
           605	2024-08-21 12:02:23	1	0	1	0
           142	2024-08-21 12:04:11	1	0	1	0
           241	2024-08-21 12:07:42	1	0	1	0
            48	2024-08-21 12:16:23	1	0	1	0
            58	2024-08-21 12:16:29	1	0	1	0
            57	2024-08-21 12:16:37	1	0	1	0
           471	2024-08-21 12:17:27	1	0	1	0
           472	2024-08-21 12:19:03	1	0	1	0
           118	2024-08-21 12:19:06	1	0	1	0
           142	2024-08-21 12:21:17	1	0	1	0
           641	2024-08-21 12:25:33	1	0	1	0
           473	2024-08-21 12:25:36	1	0	1	0
           605	2024-08-21 12:25:44	1	0	1	0
           602	2024-08-21 12:25:57	1	0	1	0
           241	2024-08-21 12:34:37	1	0	1	0
           536	2024-08-21 12:35:35	1	0	1	0
           527	2024-08-21 12:35:39	1	0	1	0
            80	2024-08-21 12:42:36	1	0	1	0
           551	2024-08-21 12:42:42	1	0	1	0
           181	2024-08-21 12:54:16	1	0	1	0
           379	2024-08-21 12:55:41	1	0	1	0
           332	2024-08-21 13:00:10	1	0	1	0
           144	2024-08-21 13:19:13	1	0	1	0
           401	2024-08-21 13:19:21	1	0	1	0
           332	2024-08-21 13:19:30	1	0	1	0
           144	2024-08-21 13:51:44	1	0	1	0
           401	2024-08-21 13:51:49	1	0	1	0
            48	2024-08-21 17:00:07	1	0	1	0
            57	2024-08-21 17:00:13	1	0	1	0
            58	2024-08-21 17:00:17	1	0	1	0
           185	2024-08-21 17:00:24	1	0	1	0
           181	2024-08-21 17:00:27	1	0	1	0
           536	2024-08-21 17:00:33	1	0	1	0
           641	2024-08-21 17:00:44	1	0	1	0
           471	2024-08-21 17:00:49	1	0	1	0
           527	2024-08-21 17:01:08	1	0	1	0
           472	2024-08-21 17:01:35	1	0	1	0
           379	2024-08-21 17:01:39	1	0	1	0
           602	2024-08-21 17:08:29	1	0	1	0
           605	2024-08-21 17:08:49	1	0	1	0
           142	2024-08-21 17:11:29	1	0	1	0
            80	2024-08-21 17:22:24	1	0	1	0
           385	2024-08-21 17:34:49	1	0	1	0
           241	2024-08-21 17:45:04	1	0	1	0
           332	2024-08-21 18:00:11	1	0	1	0
           473	2024-08-21 18:03:24	1	0	1	0
           144	2024-08-21 18:05:29	1	0	1	0
            91	2024-08-21 18:18:23	1	0	1	0
           551	2024-08-21 19:35:18	1	0	1	0
           385	2024-08-22 06:09:49	1	0	1	0
            58	2024-08-22 06:20:32	1	0	1	0
            48	2024-08-22 07:00:16	1	0	1	0
            91	2024-08-22 07:02:17	1	0	1	0
           185	2024-08-22 07:02:48	1	0	1	0
           641	2024-08-22 07:03:53	1	0	1	0
           181	2024-08-22 07:30:56	1	0	1	0
           551	2024-08-22 07:34:46	1	0	1	0
           602	2024-08-22 07:37:50	1	0	1	0
           142	2024-08-22 07:41:37	1	0	1	0
           369	2024-08-22 07:43:43	1	0	1	0
           527	2024-08-22 07:44:10	1	0	1	0
           473	2024-08-22 07:45:03	1	0	1	0
           379	2024-08-22 07:48:28	1	0	1	0
           241	2024-08-22 07:51:49	1	0	1	0
           605	2024-08-22 07:53:39	1	0	1	0
           536	2024-08-22 07:54:59	1	0	1	0
            80	2024-08-22 07:57:21	1	0	1	0
            57	2024-08-22 07:57:43	1	0	1	0
           472	2024-08-22 08:01:33	1	0	1	0
           471	2024-08-22 08:01:39	1	0	1	0
           401	2024-08-22 08:49:11	1	0	1	0
           144	2024-08-22 10:42:31	1	0	1	0
           332	2024-08-22 11:19:35	1	0	1	0
           385	2024-08-22 11:39:45	1	0	1	0
           379	2024-08-22 12:00:28	1	0	1	0
            80	2024-08-22 12:01:16	1	0	1	0
           551	2024-08-22 12:01:23	1	0	1	0
           473	2024-08-22 12:01:32	1	0	1	0
           605	2024-08-22 12:01:41	1	0	1	0
           471	2024-08-22 12:02:08	1	0	1	0
           472	2024-08-22 12:02:21	1	0	1	0
            57	2024-08-22 12:02:29	1	0	1	0
           181	2024-08-22 12:03:24	1	0	1	0
           536	2024-08-22 12:03:29	1	0	1	0
           641	2024-08-22 12:03:39	1	0	1	0
           142	2024-08-22 12:03:59	1	0	1	0
            48	2024-08-22 12:04:10	1	0	1	0
           369	2024-08-22 12:04:14	1	0	1	0
           527	2024-08-22 12:04:19	1	0	1	0
            58	2024-08-22 12:04:48	1	0	1	0
           185	2024-08-22 12:04:52	1	0	1	0
            91	2024-08-22 12:05:51	1	0	1	0
           602	2024-08-22 12:06:59	1	0	1	0
           241	2024-08-22 12:10:03	1	0	1	0
           385	2024-08-22 12:10:34	1	0	1	0
            57	2024-08-22 12:18:18	1	0	1	0
           142	2024-08-22 12:19:06	1	0	1	0
            48	2024-08-22 12:19:50	1	0	1	0
            58	2024-08-22 12:20:05	1	0	1	0
           527	2024-08-22 12:20:13	1	0	1	0
            80	2024-08-22 12:20:18	1	0	1	0
           369	2024-08-22 12:21:11	1	0	1	0
           471	2024-08-22 12:21:18	1	0	1	0
           472	2024-08-22 12:21:28	1	0	1	0
           551	2024-08-22 12:23:26	1	0	1	0
           605	2024-08-22 12:38:32	1	0	1	0
           185	2024-08-22 12:38:44	1	0	1	0
           641	2024-08-22 12:38:50	1	0	1	0
           241	2024-08-22 12:40:53	1	0	1	0
           602	2024-08-22 12:46:08	1	0	1	0
           473	2024-08-22 12:46:17	1	0	1	0
           536	2024-08-22 12:47:35	1	0	1	0
           181	2024-08-22 12:54:46	1	0	1	0
           379	2024-08-22 12:58:49	1	0	1	0
           144	2024-08-22 13:05:59	1	0	1	0
           401	2024-08-22 13:06:05	1	0	1	0
           332	2024-08-22 13:20:07	1	0	1	0
           144	2024-08-22 13:41:48	1	0	1	0
           401	2024-08-22 13:41:53	1	0	1	0
           332	2024-08-22 14:00:12	1	0	1	0
           369	2024-08-22 17:00:06	1	0	1	0
            58	2024-08-22 17:00:10	1	0	1	0
            48	2024-08-22 17:00:18	1	0	1	0
           379	2024-08-22 17:01:03	1	0	1	0
            57	2024-08-22 17:01:54	1	0	1	0
           536	2024-08-22 17:02:05	1	0	1	0
           641	2024-08-22 17:02:11	1	0	1	0
           527	2024-08-22 17:03:21	1	0	1	0
           472	2024-08-22 17:03:41	1	0	1	0
           471	2024-08-22 17:04:10	1	0	1	0
           605	2024-08-22 17:04:46	1	0	1	0
           602	2024-08-22 17:05:03	1	0	1	0
           385	2024-08-22 17:05:30	1	0	1	0
           473	2024-08-22 17:05:57	1	0	1	0
           142	2024-08-22 17:12:28	1	0	1	0
            80	2024-08-22 17:14:28	1	0	1	0
           241	2024-08-22 17:28:26	1	0	1	0
            91	2024-08-22 17:39:17	1	0	1	0
           181	2024-08-22 17:42:33	1	0	1	0
           185	2024-08-22 17:42:44	1	0	1	0
           551	2024-08-22 17:46:35	1	0	1	0
           401	2024-08-22 18:03:03	1	0	1	0
           332	2024-08-22 18:18:26	1	0	1	0
           144	2024-08-22 18:19:04	1	0	1	0
           473	2024-08-23 07:16:42	1	0	1	0
           602	2024-08-23 07:42:59	1	0	1	0
           605	2024-08-23 07:51:54	1	0	1	0
           602	2024-08-23 12:00:40	1	0	1	0
           605	2024-08-23 12:00:47	1	0	1	0
           471	2024-08-23 12:01:03	1	0	1	0
           605	2024-08-23 12:18:16	1	0	1	0
           471	2024-08-23 12:32:57	1	0	1	0
           602	2024-08-23 12:42:25	1	0	1	0
           473	2024-08-23 17:00:06	1	0	1	0
           605	2024-08-23 17:00:10	1	0	1	0
           602	2024-08-23 17:00:13	1	0	1	0
           471	2024-08-23 17:00:23	1	0	1	0
           385	2024-08-27 06:02:04	1	0	1	0
            58	2024-08-27 06:24:12	1	0	1	0
           527	2024-08-27 06:41:46	1	0	1	0
           379	2024-08-27 06:44:21	1	0	1	0
           180	2024-08-27 06:49:23	1	0	1	0
           181	2024-08-27 06:54:30	1	0	1	0
           241	2024-08-27 07:03:16	1	0	1	0
            91	2024-08-27 07:03:34	1	0	1	0
           185	2024-08-27 07:04:54	1	0	1	0
           473	2024-08-27 07:18:38	1	0	1	0
           641	2024-08-27 07:18:57	1	0	1	0
           536	2024-08-27 07:29:41	1	0	1	0
           551	2024-08-27 07:34:07	1	0	1	0
           118	2024-08-27 07:36:46	1	0	1	0
           602	2024-08-27 07:42:12	1	0	1	0
           472	2024-08-27 07:47:37	1	0	1	0
           142	2024-08-27 07:47:40	1	0	1	0
           471	2024-08-27 07:47:46	1	0	1	0
            48	2024-08-27 07:49:10	1	0	1	0
            80	2024-08-27 07:57:27	1	0	1	0
           605	2024-08-27 07:58:09	1	0	1	0
            57	2024-08-27 07:58:18	1	0	1	0
           401	2024-08-27 08:15:48	1	0	1	0
           369	2024-08-27 08:16:24	1	0	1	0
           145	2024-08-27 08:33:54	1	0	1	0
           332	2024-08-27 08:47:53	1	0	1	0
           144	2024-08-27 08:53:15	1	0	1	0
           379	2024-08-27 11:01:17	1	0	1	0
           185	2024-08-27 11:01:38	1	0	1	0
           527	2024-08-27 11:01:43	1	0	1	0
           180	2024-08-27 11:01:59	1	0	1	0
           181	2024-08-27 11:10:34	1	0	1	0
           185	2024-08-27 11:37:19	1	0	1	0
           527	2024-08-27 11:37:27	1	0	1	0
           180	2024-08-27 11:37:33	1	0	1	0
           385	2024-08-27 11:37:40	1	0	1	0
           181	2024-08-27 11:39:25	1	0	1	0
           379	2024-08-27 11:50:05	1	0	1	0
            57	2024-08-27 11:54:58	1	0	1	0
           641	2024-08-27 12:00:12	1	0	1	0
           536	2024-08-27 12:00:17	1	0	1	0
           369	2024-08-27 12:01:31	1	0	1	0
            80	2024-08-27 12:01:55	1	0	1	0
           551	2024-08-27 12:02:03	1	0	1	0
           602	2024-08-27 12:02:58	1	0	1	0
            48	2024-08-27 12:03:04	1	0	1	0
           605	2024-08-27 12:03:15	1	0	1	0
           385	2024-08-27 12:06:02	1	0	1	0
           241	2024-08-27 12:06:47	1	0	1	0
           471	2024-08-27 12:07:11	1	0	1	0
           473	2024-08-27 12:07:23	1	0	1	0
           472	2024-08-27 12:07:30	1	0	1	0
           118	2024-08-27 12:07:40	1	0	1	0
            57	2024-08-27 12:12:36	1	0	1	0
           536	2024-08-27 12:16:10	1	0	1	0
            48	2024-08-27 12:20:16	1	0	1	0
            80	2024-08-27 12:20:22	1	0	1	0
           551	2024-08-27 12:20:28	1	0	1	0
           605	2024-08-27 12:20:45	1	0	1	0
           241	2024-08-27 12:22:42	1	0	1	0
           471	2024-08-27 12:31:05	1	0	1	0
           472	2024-08-27 12:31:07	1	0	1	0
           473	2024-08-27 12:33:10	1	0	1	0
           118	2024-08-27 12:33:16	1	0	1	0
            58	2024-08-27 12:36:10	1	0	1	0
           602	2024-08-27 12:44:02	1	0	1	0
           142	2024-08-27 12:46:57	1	0	1	0
            58	2024-08-27 12:51:23	1	0	1	0
           369	2024-08-27 12:53:30	1	0	1	0
           145	2024-08-27 13:04:50	1	0	1	0
           401	2024-08-27 13:05:04	1	0	1	0
           332	2024-08-27 13:12:55	1	0	1	0
           144	2024-08-27 13:25:40	1	0	1	0
           145	2024-08-27 13:31:25	1	0	1	0
           401	2024-08-27 13:31:33	1	0	1	0
           144	2024-08-27 13:54:38	1	0	1	0
           379	2024-08-28 11:00:20	1	0	1	0
           185	2024-08-28 11:19:31	1	0	1	0
           181	2024-08-28 11:19:36	1	0	1	0
           180	2024-08-28 11:19:49	1	0	1	0
           536	2024-08-28 11:19:55	1	0	1	0
           527	2024-08-28 11:21:52	1	0	1	0
           241	2024-08-28 11:24:45	1	0	1	0
           185	2024-08-28 11:36:13	1	0	1	0
           181	2024-08-28 11:37:00	1	0	1	0
           180	2024-08-28 11:37:03	1	0	1	0
           527	2024-08-28 11:37:08	1	0	1	0
           536	2024-08-28 11:44:27	1	0	1	0
           379	2024-08-28 11:55:40	1	0	1	0
           241	2024-08-28 11:58:12	1	0	1	0
           473	2024-08-28 12:00:07	1	0	1	0
            48	2024-08-28 12:01:46	1	0	1	0
            57	2024-08-28 12:01:55	1	0	1	0
            58	2024-08-28 12:02:01	1	0	1	0
           471	2024-08-28 12:02:29	1	0	1	0
           602	2024-08-28 12:02:48	1	0	1	0
           605	2024-08-28 12:02:51	1	0	1	0
           118	2024-08-28 12:04:25	1	0	1	0
           472	2024-08-28 12:04:27	1	0	1	0
           641	2024-08-28 12:07:00	1	0	1	0
           142	2024-08-28 12:10:47	1	0	1	0
           369	2024-08-28 12:10:52	1	0	1	0
            57	2024-08-28 12:17:00	1	0	1	0
           471	2024-08-28 12:20:14	1	0	1	0
           472	2024-08-28 12:20:17	1	0	1	0
           118	2024-08-28 12:20:29	1	0	1	0
           551	2024-08-28 12:22:20	1	0	1	0
           142	2024-08-28 12:26:02	1	0	1	0
           602	2024-08-28 12:37:20	1	0	1	0
           605	2024-08-28 12:37:58	1	0	1	0
           369	2024-08-28 12:39:56	1	0	1	0
           551	2024-08-28 12:41:40	1	0	1	0
           641	2024-08-28 12:48:59	1	0	1	0
            48	2024-08-28 12:50:51	1	0	1	0
            58	2024-08-28 12:52:35	1	0	1	0
           145	2024-08-28 13:02:51	1	0	1	0
           144	2024-08-28 13:03:02	1	0	1	0
           401	2024-08-28 13:03:07	1	0	1	0
           332	2024-08-28 13:12:07	1	0	1	0
           332	2024-08-28 13:30:13	1	0	1	0
           145	2024-08-28 13:45:56	1	0	1	0
           401	2024-08-28 13:46:05	1	0	1	0
           144	2024-08-28 13:46:11	1	0	1	0
           527	2024-08-28 16:01:14	1	0	1	0
           536	2024-08-28 16:02:43	1	0	1	0
           181	2024-08-28 16:03:20	1	0	1	0
           185	2024-08-28 16:03:24	1	0	1	0
           379	2024-08-28 16:07:02	1	0	1	0
           241	2024-08-28 16:22:18	1	0	1	0
           180	2024-08-28 16:38:53	1	0	1	0
            58	2024-08-28 17:00:13	1	0	1	0
            48	2024-08-28 17:00:18	1	0	1	0
            57	2024-08-28 17:00:25	1	0	1	0
           641	2024-08-28 17:00:38	1	0	1	0
            80	2024-08-28 17:03:13	1	0	1	0
           471	2024-08-28 17:06:28	1	0	1	0
           472	2024-08-28 17:06:38	1	0	1	0
           369	2024-08-28 17:09:06	1	0	1	0
           473	2024-08-28 17:10:45	1	0	1	0
           142	2024-08-28 17:12:51	1	0	1	0
           605	2024-08-28 17:24:21	1	0	1	0
           602	2024-08-28 17:24:53	1	0	1	0
           118	2024-08-28 17:28:12	1	0	1	0
           144	2024-08-28 18:01:10	1	0	1	0
           145	2024-08-28 18:01:17	1	0	1	0
           401	2024-08-28 18:01:26	1	0	1	0
           332	2024-08-28 18:30:02	1	0	1	0
           385	2024-08-29 06:05:11	1	0	1	0
            58	2024-08-29 06:22:07	1	0	1	0
           536	2024-08-29 06:49:44	1	0	1	0
           379	2024-08-29 06:50:08	1	0	1	0
            91	2024-08-29 06:55:07	1	0	1	0
           185	2024-08-29 06:55:14	1	0	1	0
           181	2024-08-29 06:56:06	1	0	1	0
           180	2024-08-29 06:57:22	1	0	1	0
           241	2024-08-29 06:59:51	1	0	1	0
            48	2024-08-29 07:08:48	1	0	1	0
           641	2024-08-29 07:29:48	1	0	1	0
           602	2024-08-29 07:30:34	1	0	1	0
           118	2024-08-29 07:37:40	1	0	1	0
           551	2024-08-29 07:39:52	1	0	1	0
           605	2024-08-29 07:42:35	1	0	1	0
           473	2024-08-29 07:51:37	1	0	1	0
           142	2024-08-29 07:52:15	1	0	1	0
           472	2024-08-29 07:52:27	1	0	1	0
           471	2024-08-29 07:52:35	1	0	1	0
           369	2024-08-29 07:59:28	1	0	1	0
            57	2024-08-29 07:59:49	1	0	1	0
            80	2024-08-29 08:03:10	1	0	1	0
           145	2024-08-29 08:28:19	1	0	1	0
           144	2024-08-29 08:49:43	1	0	1	0
           401	2024-08-29 08:57:25	1	0	1	0
           379	2024-08-29 11:03:39	1	0	1	0
           536	2024-08-29 11:04:09	1	0	1	0
           180	2024-08-29 11:09:59	1	0	1	0
           536	2024-08-29 11:20:28	1	0	1	0
           185	2024-08-29 11:21:55	1	0	1	0
           181	2024-08-29 11:24:20	1	0	1	0
           241	2024-08-29 11:29:15	1	0	1	0
           332	2024-08-29 11:30:03	1	0	1	0
           180	2024-08-29 11:31:53	1	0	1	0
           385	2024-08-29 11:35:32	1	0	1	0
           185	2024-08-29 11:40:23	1	0	1	0
           181	2024-08-29 11:43:51	1	0	1	0
           379	2024-08-29 11:44:50	1	0	1	0
           241	2024-08-29 11:45:19	1	0	1	0
           551	2024-08-29 12:00:06	1	0	1	0
            80	2024-08-29 12:00:10	1	0	1	0
           641	2024-08-29 12:01:09	1	0	1	0
           473	2024-08-29 12:02:11	1	0	1	0
           602	2024-08-29 12:02:30	1	0	1	0
           605	2024-08-29 12:02:35	1	0	1	0
           471	2024-08-29 12:03:19	1	0	1	0
           472	2024-08-29 12:03:21	1	0	1	0
           118	2024-08-29 12:03:27	1	0	1	0
           142	2024-08-29 12:03:34	1	0	1	0
           385	2024-08-29 12:08:19	1	0	1	0
            57	2024-08-29 12:08:57	1	0	1	0
            58	2024-08-29 12:14:51	1	0	1	0
            48	2024-08-29 12:15:04	1	0	1	0
           471	2024-08-29 12:18:34	1	0	1	0
           472	2024-08-29 12:18:38	1	0	1	0
           118	2024-08-29 12:19:10	1	0	1	0
           641	2024-08-29 12:19:39	1	0	1	0
            80	2024-08-29 12:25:58	1	0	1	0
           551	2024-08-29 12:26:03	1	0	1	0
            57	2024-08-29 12:27:21	1	0	1	0
            58	2024-08-29 12:30:42	1	0	1	0
            48	2024-08-29 12:30:51	1	0	1	0
           602	2024-08-29 12:37:49	1	0	1	0
           605	2024-08-29 12:37:53	1	0	1	0
           473	2024-08-29 12:38:12	1	0	1	0
           142	2024-08-29 12:46:21	1	0	1	0
           332	2024-08-29 13:20:24	1	0	1	0
           401	2024-08-29 13:25:08	1	0	1	0
           145	2024-08-29 13:32:13	1	0	1	0
           332	2024-08-29 13:36:00	1	0	1	0
           145	2024-08-29 13:52:20	1	0	1	0
           401	2024-08-29 13:52:28	1	0	1	0
           536	2024-08-29 16:01:10	1	0	1	0
           379	2024-08-29 16:09:59	1	0	1	0
           185	2024-08-29 16:26:47	1	0	1	0
           181	2024-08-29 16:26:51	1	0	1	0
           180	2024-08-29 16:50:47	1	0	1	0
            48	2024-08-29 17:00:07	1	0	1	0
            58	2024-08-29 17:00:18	1	0	1	0
           551	2024-08-29 17:00:42	1	0	1	0
            57	2024-08-29 17:02:37	1	0	1	0
           142	2024-08-29 17:07:33	1	0	1	0
           471	2024-08-29 17:08:24	1	0	1	0
           472	2024-08-29 17:08:29	1	0	1	0
           641	2024-08-29 17:10:38	1	0	1	0
           241	2024-08-29 17:18:36	1	0	1	0
            91	2024-08-29 17:18:39	1	0	1	0
           369	2024-08-29 17:20:20	1	0	1	0
           605	2024-08-29 17:21:32	1	0	1	0
           473	2024-08-29 17:22:06	1	0	1	0
           602	2024-08-29 17:22:23	1	0	1	0
           118	2024-08-29 17:27:48	1	0	1	0
           385	2024-08-29 17:32:04	1	0	1	0
            80	2024-08-29 17:53:39	1	0	1	0
           401	2024-08-29 17:59:00	1	0	1	0
           332	2024-08-29 18:00:05	1	0	1	0
           145	2024-08-29 18:03:27	1	0	1	0
           144	2024-08-29 18:03:58	1	0	1	0
           385	2024-08-30 04:52:48	1	0	1	0
            58	2024-08-30 06:22:52	1	0	1	0
           241	2024-08-30 06:48:02	1	0	1	0
           180	2024-08-30 06:48:46	1	0	1	0
           379	2024-08-30 06:51:27	1	0	1	0
            91	2024-08-30 06:54:05	1	0	1	0
           536	2024-08-30 06:59:50	1	0	1	0
           473	2024-08-30 07:00:08	1	0	1	0
            48	2024-08-30 07:19:16	1	0	1	0
           145	2024-08-30 07:28:19	1	0	1	0
           602	2024-08-30 07:32:26	1	0	1	0
           641	2024-08-30 07:34:01	1	0	1	0
           401	2024-08-30 07:40:25	1	0	1	0
           605	2024-08-30 07:41:58	1	0	1	0
           118	2024-08-30 07:42:44	1	0	1	0
           472	2024-08-30 07:48:33	1	0	1	0
           471	2024-08-30 07:48:38	1	0	1	0
           181	2024-08-30 07:54:08	1	0	1	0
           551	2024-08-30 07:54:53	1	0	1	0
           142	2024-08-30 07:56:06	1	0	1	0
            57	2024-08-30 07:57:53	1	0	1	0
           369	2024-08-30 08:17:25	1	0	1	0
           144	2024-08-30 08:53:07	1	0	1	0
           332	2024-08-30 10:23:18	1	0	1	0
           379	2024-08-30 11:01:04	1	0	1	0
           180	2024-08-30 11:02:23	1	0	1	0
           181	2024-08-30 11:07:05	1	0	1	0
           536	2024-08-30 11:07:10	1	0	1	0
           241	2024-08-30 11:09:09	1	0	1	0
           379	2024-08-30 11:17:45	1	0	1	0
           180	2024-08-30 11:18:00	1	0	1	0
           536	2024-08-30 11:22:32	1	0	1	0
           181	2024-08-30 11:22:44	1	0	1	0
           241	2024-08-30 11:29:47	1	0	1	0
            91	2024-08-30 11:37:35	1	0	1	0
           385	2024-08-30 11:39:47	1	0	1	0
            91	2024-08-30 11:58:31	1	0	1	0
           473	2024-08-30 12:00:41	1	0	1	0
           369	2024-08-30 12:01:51	1	0	1	0
           641	2024-08-30 12:02:42	1	0	1	0
           605	2024-08-30 12:04:08	1	0	1	0
           602	2024-08-30 12:04:13	1	0	1	0
           118	2024-08-30 12:04:33	1	0	1	0
           471	2024-08-30 12:04:40	1	0	1	0
           472	2024-08-30 12:04:48	1	0	1	0
           551	2024-08-30 12:07:04	1	0	1	0
           385	2024-08-30 12:12:21	1	0	1	0
           142	2024-08-30 12:14:53	1	0	1	0
            48	2024-08-30 12:15:00	1	0	1	0
            58	2024-08-30 12:15:05	1	0	1	0
            57	2024-08-30 12:18:24	1	0	1	0
           118	2024-08-30 12:21:20	1	0	1	0
           472	2024-08-30 12:21:24	1	0	1	0
           471	2024-08-30 12:21:27	1	0	1	0
            48	2024-08-30 12:30:12	1	0	1	0
           142	2024-08-30 12:30:22	1	0	1	0
            58	2024-08-30 12:30:43	1	0	1	0
           641	2024-08-30 12:31:04	1	0	1	0
            57	2024-08-30 12:35:29	1	0	1	0
           551	2024-08-30 12:38:31	1	0	1	0
           605	2024-08-30 12:46:23	1	0	1	0
           602	2024-08-30 12:46:25	1	0	1	0
           473	2024-08-30 12:47:24	1	0	1	0
           369	2024-08-30 12:57:32	1	0	1	0
           332	2024-08-30 13:01:08	1	0	1	0
           145	2024-08-30 13:01:46	1	0	1	0
           144	2024-08-30 13:01:53	1	0	1	0
           401	2024-08-30 13:01:56	1	0	1	0
           332	2024-08-30 13:18:11	1	0	1	0
           144	2024-08-30 13:18:26	1	0	1	0
           401	2024-08-30 13:18:28	1	0	1	0
           536	2024-08-30 16:03:11	1	0	1	0
           181	2024-08-30 16:10:29	1	0	1	0
           379	2024-08-30 16:12:07	1	0	1	0
           180	2024-08-30 16:29:21	1	0	1	0
            58	2024-08-30 17:00:10	1	0	1	0
            57	2024-08-30 17:00:16	1	0	1	0
           369	2024-08-30 17:00:27	1	0	1	0
            48	2024-08-30 17:00:31	1	0	1	0
           641	2024-08-30 17:01:22	1	0	1	0
           551	2024-08-30 17:02:07	1	0	1	0
           241	2024-08-30 17:05:35	1	0	1	0
           385	2024-08-30 17:08:07	1	0	1	0
           142	2024-08-30 17:10:32	1	0	1	0
           472	2024-08-30 17:12:28	1	0	1	0
           471	2024-08-30 17:12:33	1	0	1	0
           473	2024-08-30 17:14:06	1	0	1	0
           605	2024-08-30 17:18:10	1	0	1	0
           602	2024-08-30 17:19:08	1	0	1	0
           118	2024-08-30 17:28:58	1	0	1	0
           332	2024-08-30 18:01:08	1	0	1	0
           145	2024-08-30 18:01:15	1	0	1	0
           144	2024-08-30 18:01:20	1	0	1	0
           401	2024-08-30 18:01:29	1	0	1	0
           185	2024-09-02 16:49:19	1	0	1	0
           369	2024-09-02 16:52:00	1	0	1	0
            58	2024-09-02 17:00:10	1	0	1	0
            48	2024-09-02 17:00:19	1	0	1	0
           641	2024-09-02 17:00:39	1	0	1	0
           118	2024-09-02 17:06:49	1	0	1	0
           472	2024-09-02 17:06:58	1	0	1	0
           605	2024-09-02 17:08:26	1	0	1	0
           473	2024-09-02 17:08:43	1	0	1	0
           602	2024-09-02 17:08:50	1	0	1	0
           471	2024-09-02 17:08:54	1	0	1	0
           142	2024-09-02 17:09:02	1	0	1	0
           551	2024-09-02 17:44:23	1	0	1	0
           536	2024-09-03 11:01:05	1	0	1	0
           180	2024-09-03 11:01:20	1	0	1	0
           379	2024-09-03 11:02:44	1	0	1	0
           185	2024-09-03 11:07:23	1	0	1	0
           181	2024-09-03 11:07:27	1	0	1	0
           527	2024-09-03 11:07:37	1	0	1	0
           241	2024-09-03 11:12:04	1	0	1	0
           536	2024-09-03 11:17:11	1	0	1	0
            91	2024-09-03 11:22:37	1	0	1	0
           527	2024-09-03 11:24:08	1	0	1	0
           185	2024-09-03 11:24:15	1	0	1	0
           181	2024-09-03 11:24:50	1	0	1	0
           144	2024-09-04 08:46:09	1	0	1	0
           241	2024-09-04 11:02:36	1	0	1	0
           185	2024-09-04 11:03:13	1	0	1	0
           181	2024-09-04 11:03:17	1	0	1	0
           379	2024-09-04 11:03:44	1	0	1	0
           536	2024-09-04 11:03:50	1	0	1	0
           180	2024-09-04 11:04:00	1	0	1	0
           181	2024-09-04 11:20:26	1	0	1	0
           241	2024-09-04 11:25:06	1	0	1	0
           185	2024-09-04 11:25:10	1	0	1	0
           536	2024-09-04 11:26:22	1	0	1	0
           180	2024-09-04 11:29:25	1	0	1	0
           385	2024-09-04 11:37:35	1	0	1	0
           379	2024-09-04 11:52:40	1	0	1	0
           551	2024-09-04 12:00:17	1	0	1	0
           472	2024-09-04 12:03:05	1	0	1	0
           118	2024-09-04 12:03:09	1	0	1	0
           471	2024-09-04 12:03:15	1	0	1	0
           142	2024-09-04 12:04:44	1	0	1	0
            48	2024-09-04 12:04:53	1	0	1	0
            58	2024-09-04 12:05:02	1	0	1	0
           369	2024-09-04 12:05:08	1	0	1	0
           473	2024-09-04 12:11:23	1	0	1	0
           602	2024-09-04 12:11:27	1	0	1	0
           605	2024-09-04 12:11:34	1	0	1	0
           385	2024-09-04 12:13:58	1	0	1	0
            57	2024-09-04 12:15:15	1	0	1	0
           472	2024-09-04 12:18:12	1	0	1	0
           471	2024-09-04 12:18:24	1	0	1	0
           118	2024-09-04 12:18:30	1	0	1	0
           369	2024-09-04 12:20:37	1	0	1	0
            58	2024-09-04 12:20:48	1	0	1	0
            48	2024-09-04 12:21:22	1	0	1	0
           142	2024-09-04 12:25:33	1	0	1	0
           551	2024-09-04 12:41:25	1	0	1	0
           473	2024-09-04 12:43:05	1	0	1	0
           605	2024-09-04 12:43:09	1	0	1	0
           602	2024-09-04 12:45:29	1	0	1	0
           145	2024-09-04 13:10:16	1	0	1	0
           401	2024-09-04 13:10:20	1	0	1	0
           332	2024-09-04 13:11:20	1	0	1	0
           332	2024-09-04 13:27:26	1	0	1	0
           145	2024-09-04 13:51:34	1	0	1	0
           401	2024-09-04 13:51:40	1	0	1	0
           180	2024-09-04 16:02:47	1	0	1	0
           536	2024-09-04 16:03:12	1	0	1	0
            91	2024-09-04 16:11:43	1	0	1	0
           379	2024-09-04 16:12:55	1	0	1	0
           185	2024-09-04 16:13:10	1	0	1	0
            57	2024-09-04 17:00:04	1	0	1	0
           551	2024-09-04 17:01:02	1	0	1	0
           369	2024-09-04 17:01:13	1	0	1	0
           471	2024-09-04 17:02:20	1	0	1	0
           472	2024-09-04 17:02:26	1	0	1	0
            58	2024-09-04 17:02:40	1	0	1	0
            48	2024-09-04 17:02:47	1	0	1	0
           605	2024-09-04 17:02:51	1	0	1	0
           473	2024-09-04 17:04:01	1	0	1	0
           602	2024-09-04 17:04:04	1	0	1	0
           142	2024-09-04 17:05:14	1	0	1	0
           118	2024-09-04 17:08:33	1	0	1	0
           527	2024-09-04 17:11:47	1	0	1	0
           241	2024-09-04 17:16:33	1	0	1	0
           385	2024-09-04 17:16:47	1	0	1	0
           181	2024-09-04 17:18:33	1	0	1	0
           144	2024-09-04 18:01:18	1	0	1	0
           145	2024-09-04 18:03:20	1	0	1	0
           401	2024-09-04 18:03:35	1	0	1	0
           332	2024-09-04 18:04:11	1	0	1	0
           536	2024-09-05 16:01:28	1	0	1	0
           379	2024-09-05 16:13:16	1	0	1	0
           185	2024-09-05 16:25:38	1	0	1	0
            91	2024-09-05 16:26:33	1	0	1	0
           241	2024-09-05 16:28:08	1	0	1	0
           181	2024-09-05 16:32:46	1	0	1	0
           180	2024-09-05 16:33:54	1	0	1	0
           551	2024-09-05 19:01:23	1	0	1	0
           385	2024-09-06 06:00:13	1	0	1	0
            58	2024-09-06 06:20:06	1	0	1	0
           536	2024-09-06 06:44:46	1	0	1	0
           527	2024-09-06 06:50:32	1	0	1	0
           180	2024-09-06 06:51:23	1	0	1	0
           118	2024-09-06 06:55:28	1	0	1	0
           379	2024-09-06 06:57:30	1	0	1	0
           241	2024-09-06 07:00:14	1	0	1	0
           185	2024-09-06 07:00:41	1	0	1	0
            91	2024-09-06 07:00:45	1	0	1	0
           181	2024-09-06 07:09:47	1	0	1	0
           187	2024-09-06 07:13:49	1	0	1	0
           602	2024-09-06 07:39:25	1	0	1	0
           473	2024-09-06 07:45:24	1	0	1	0
           551	2024-09-06 07:45:30	1	0	1	0
           605	2024-09-06 07:48:46	1	0	1	0
           142	2024-09-06 07:51:42	1	0	1	0
           471	2024-09-06 07:53:11	1	0	1	0
           472	2024-09-06 07:53:13	1	0	1	0
            57	2024-09-06 07:59:38	1	0	1	0
           145	2024-09-06 08:15:14	1	0	1	0
           332	2024-09-06 08:39:10	1	0	1	0
           144	2024-09-06 09:00:17	1	0	1	0
           401	2024-09-06 09:01:04	1	0	1	0
           180	2024-09-06 11:01:53	1	0	1	0
           379	2024-09-06 11:02:11	1	0	1	0
           536	2024-09-06 11:03:57	1	0	1	0
           241	2024-09-06 11:08:27	1	0	1	0
           180	2024-09-06 11:20:12	1	0	1	0
           241	2024-09-06 11:41:46	1	0	1	0
           385	2024-09-06 11:44:48	1	0	1	0
           181	2024-09-06 11:47:18	1	0	1	0
           536	2024-09-06 11:47:31	1	0	1	0
           379	2024-09-06 11:56:39	1	0	1	0
           385	2024-09-06 12:04:12	1	0	1	0
            48	2024-09-06 12:09:34	1	0	1	0
            58	2024-09-06 12:09:48	1	0	1	0
           605	2024-09-06 12:12:17	1	0	1	0
           602	2024-09-06 12:12:21	1	0	1	0
           118	2024-09-06 12:12:25	1	0	1	0
           473	2024-09-06 12:12:30	1	0	1	0
           142	2024-09-06 12:14:44	1	0	1	0
           472	2024-09-06 12:17:05	1	0	1	0
           471	2024-09-06 12:17:09	1	0	1	0
           551	2024-09-06 12:25:34	1	0	1	0
            57	2024-09-06 12:25:58	1	0	1	0
            58	2024-09-06 12:27:01	1	0	1	0
            48	2024-09-06 12:27:17	1	0	1	0
           142	2024-09-06 12:31:03	1	0	1	0
           471	2024-09-06 12:32:14	1	0	1	0
           472	2024-09-06 12:32:17	1	0	1	0
           118	2024-09-06 12:32:57	1	0	1	0
           602	2024-09-06 12:33:07	1	0	1	0
           473	2024-09-06 12:40:18	1	0	1	0
           551	2024-09-06 12:51:08	1	0	1	0
           605	2024-09-06 12:58:04	1	0	1	0
           332	2024-09-06 13:01:13	1	0	1	0
           144	2024-09-06 13:12:47	1	0	1	0
           145	2024-09-06 13:28:51	1	0	1	0
           401	2024-09-06 13:28:58	1	0	1	0
           145	2024-09-06 13:56:36	1	0	1	0
           401	2024-09-06 13:56:43	1	0	1	0
           332	2024-09-06 13:59:05	1	0	1	0
           379	2024-09-06 16:00:06	1	0	1	0
           180	2024-09-06 16:01:08	1	0	1	0
           181	2024-09-06 16:01:35	1	0	1	0
           536	2024-09-06 16:05:01	1	0	1	0
            58	2024-09-06 17:00:09	1	0	1	0
            57	2024-09-06 17:00:17	1	0	1	0
            48	2024-09-06 17:00:22	1	0	1	0
           471	2024-09-06 17:00:28	1	0	1	0
           472	2024-09-06 17:01:12	1	0	1	0
           142	2024-09-06 17:03:52	1	0	1	0
           551	2024-09-06 17:05:17	1	0	1	0
           602	2024-09-06 17:13:22	1	0	1	0
           473	2024-09-06 17:13:27	1	0	1	0
           605	2024-09-06 17:13:40	1	0	1	0
           118	2024-09-06 17:14:24	1	0	1	0
           385	2024-09-06 17:33:07	1	0	1	0
           241	2024-09-06 17:46:13	1	0	1	0
           332	2024-09-06 18:01:03	1	0	1	0
            91	2024-09-06 18:05:43	1	0	1	0
           145	2024-09-06 18:07:35	1	0	1	0
           401	2024-09-06 18:07:44	1	0	1	0
           144	2024-09-06 18:48:57	1	0	1	0
            58	2024-09-09 06:22:11	1	0	1	0
           401	2024-09-09 06:27:07	1	0	1	0
           385	2024-09-09 06:28:45	1	0	1	0
            91	2024-09-09 06:42:11	1	0	1	0
           185	2024-09-09 06:42:28	1	0	1	0
           527	2024-09-09 06:50:48	1	0	1	0
           536	2024-09-09 06:53:10	1	0	1	0
           379	2024-09-09 06:53:21	1	0	1	0
           180	2024-09-09 06:54:54	1	0	1	0
           602	2024-09-09 07:01:00	1	0	1	0
           181	2024-09-09 07:11:02	1	0	1	0
           241	2024-09-09 07:12:18	1	0	1	0
           641	2024-09-09 07:14:44	1	0	1	0
           473	2024-09-09 07:29:15	1	0	1	0
           551	2024-09-09 07:35:30	1	0	1	0
           118	2024-09-09 07:42:55	1	0	1	0
           142	2024-09-09 07:50:21	1	0	1	0
           472	2024-09-09 07:52:15	1	0	1	0
           471	2024-09-09 07:52:22	1	0	1	0
           605	2024-09-09 07:55:54	1	0	1	0
           369	2024-09-09 08:00:07	1	0	1	0
            57	2024-09-09 08:03:29	1	0	1	0
            80	2024-09-09 08:05:20	1	0	1	0
           332	2024-09-09 08:05:29	1	0	1	0
           145	2024-09-09 08:57:12	1	0	1	0
           144	2024-09-09 08:57:37	1	0	1	0
           379	2024-09-09 11:04:01	1	0	1	0
           536	2024-09-09 11:10:49	1	0	1	0
           180	2024-09-09 11:10:54	1	0	1	0
           527	2024-09-09 11:13:01	1	0	1	0
           181	2024-09-09 11:13:09	1	0	1	0
            91	2024-09-09 11:13:15	1	0	1	0
           185	2024-09-09 11:13:28	1	0	1	0
           379	2024-09-09 11:19:50	1	0	1	0
           241	2024-09-09 11:20:31	1	0	1	0
           180	2024-09-09 11:33:32	1	0	1	0
           536	2024-09-09 11:33:37	1	0	1	0
           527	2024-09-09 11:42:09	1	0	1	0
           181	2024-09-09 11:45:21	1	0	1	0
            91	2024-09-09 11:48:20	1	0	1	0
           241	2024-09-09 11:48:26	1	0	1	0
           185	2024-09-09 11:55:25	1	0	1	0
           385	2024-09-09 11:59:30	1	0	1	0
            57	2024-09-09 12:00:03	1	0	1	0
            48	2024-09-09 12:00:35	1	0	1	0
            58	2024-09-09 12:01:06	1	0	1	0
           142	2024-09-09 12:01:16	1	0	1	0
           641	2024-09-09 12:03:21	1	0	1	0
           369	2024-09-09 12:10:10	1	0	1	0
           472	2024-09-09 12:12:45	1	0	1	0
           471	2024-09-09 12:12:56	1	0	1	0
           385	2024-09-09 12:16:01	1	0	1	0
           118	2024-09-09 12:16:20	1	0	1	0
           605	2024-09-09 12:16:30	1	0	1	0
           473	2024-09-09 12:16:39	1	0	1	0
           602	2024-09-09 12:16:59	1	0	1	0
            58	2024-09-09 12:18:00	1	0	1	0
            48	2024-09-09 12:18:12	1	0	1	0
            57	2024-09-09 12:18:53	1	0	1	0
           142	2024-09-09 12:20:15	1	0	1	0
           641	2024-09-09 12:26:44	1	0	1	0
           471	2024-09-09 12:28:49	1	0	1	0
           472	2024-09-09 12:28:53	1	0	1	0
           369	2024-09-09 12:33:17	1	0	1	0
           602	2024-09-09 12:45:26	1	0	1	0
           605	2024-09-09 12:45:29	1	0	1	0
           473	2024-09-09 12:45:35	1	0	1	0
           118	2024-09-09 12:48:41	1	0	1	0
           145	2024-09-09 13:14:37	1	0	1	0
           401	2024-09-09 13:14:42	1	0	1	0
           144	2024-09-09 13:14:47	1	0	1	0
           332	2024-09-09 13:24:57	1	0	1	0
           401	2024-09-09 13:35:27	1	0	1	0
           145	2024-09-09 13:42:37	1	0	1	0
           332	2024-09-09 13:53:17	1	0	1	0
           144	2024-09-09 13:54:56	1	0	1	0
           536	2024-09-09 16:02:40	1	0	1	0
           379	2024-09-09 16:07:30	1	0	1	0
            57	2024-09-09 17:00:18	1	0	1	0
            58	2024-09-09 17:02:02	1	0	1	0
           641	2024-09-09 17:08:43	1	0	1	0
           551	2024-09-09 17:11:37	1	0	1	0
            80	2024-09-09 17:12:31	1	0	1	0
           180	2024-09-09 17:15:35	1	0	1	0
            48	2024-09-09 17:23:43	1	0	1	0
           142	2024-09-09 17:28:42	1	0	1	0
           241	2024-09-09 17:53:18	1	0	1	0
           145	2024-09-09 18:05:11	1	0	1	0
           332	2024-09-09 18:05:21	1	0	1	0
           144	2024-09-09 18:08:53	1	0	1	0
           181	2024-09-09 18:20:28	1	0	1	0
           401	2024-09-09 19:03:01	1	0	1	0
           473	2024-09-09 19:15:58	1	0	1	0
           471	2024-09-09 19:36:56	1	0	1	0
           472	2024-09-09 19:36:58	1	0	1	0
           602	2024-09-09 19:52:48	1	0	1	0
           605	2024-09-09 19:54:09	1	0	1	0
           118	2024-09-09 20:07:02	1	0	1	0
            91	2024-09-09 20:30:44	1	0	1	0
           185	2024-09-09 20:43:57	1	0	1	0
           527	2024-09-09 20:47:55	1	0	1	0
           385	2024-09-09 20:52:19	1	0	1	0
           369	2024-09-09 21:01:11	1	0	1	0
           385	2024-09-10 06:10:16	1	0	1	0
            58	2024-09-10 06:28:23	1	0	1	0
           527	2024-09-10 06:33:13	1	0	1	0
           551	2024-09-10 06:38:28	1	0	1	0
           536	2024-09-10 06:43:07	1	0	1	0
           379	2024-09-10 06:51:53	1	0	1	0
           180	2024-09-10 06:54:16	1	0	1	0
           241	2024-09-10 06:56:33	1	0	1	0
           185	2024-09-10 06:58:27	1	0	1	0
            91	2024-09-10 06:58:36	1	0	1	0
            48	2024-09-10 07:01:31	1	0	1	0
           181	2024-09-10 07:07:41	1	0	1	0
           641	2024-09-10 07:25:11	1	0	1	0
            80	2024-09-10 07:30:48	1	0	1	0
           118	2024-09-10 07:34:52	1	0	1	0
           473	2024-09-10 07:35:57	1	0	1	0
           602	2024-09-10 07:41:37	1	0	1	0
           472	2024-09-10 07:46:17	1	0	1	0
           471	2024-09-10 07:46:26	1	0	1	0
            57	2024-09-10 07:54:50	1	0	1	0
           605	2024-09-10 08:02:36	1	0	1	0
           142	2024-09-10 08:03:31	1	0	1	0
           145	2024-09-10 08:28:56	1	0	1	0
           144	2024-09-10 09:01:25	1	0	1	0
           332	2024-09-10 09:02:06	1	0	1	0
           379	2024-09-10 11:01:07	1	0	1	0
            91	2024-09-10 11:01:46	1	0	1	0
           180	2024-09-10 11:24:36	1	0	1	0
           527	2024-09-10 11:24:41	1	0	1	0
           536	2024-09-10 11:25:06	1	0	1	0
           181	2024-09-10 11:25:12	1	0	1	0
           241	2024-09-10 11:34:36	1	0	1	0
           185	2024-09-10 11:41:38	1	0	1	0
           385	2024-09-10 11:42:58	1	0	1	0
           527	2024-09-10 11:45:47	1	0	1	0
           180	2024-09-10 11:49:40	1	0	1	0
           181	2024-09-10 11:49:47	1	0	1	0
           536	2024-09-10 11:49:50	1	0	1	0
           241	2024-09-10 11:55:35	1	0	1	0
           379	2024-09-10 11:55:45	1	0	1	0
            48	2024-09-10 12:00:04	1	0	1	0
            58	2024-09-10 12:00:14	1	0	1	0
            57	2024-09-10 12:00:22	1	0	1	0
           471	2024-09-10 12:00:27	1	0	1	0
           605	2024-09-10 12:00:32	1	0	1	0
           472	2024-09-10 12:00:36	1	0	1	0
           602	2024-09-10 12:01:23	1	0	1	0
           118	2024-09-10 12:02:10	1	0	1	0
           473	2024-09-10 12:02:15	1	0	1	0
           142	2024-09-10 12:04:55	1	0	1	0
           641	2024-09-10 12:12:39	1	0	1	0
           385	2024-09-10 12:15:55	1	0	1	0
           605	2024-09-10 12:16:24	1	0	1	0
            57	2024-09-10 12:17:02	1	0	1	0
            48	2024-09-10 12:17:32	1	0	1	0
            58	2024-09-10 12:17:45	1	0	1	0
           142	2024-09-10 12:20:23	1	0	1	0
           473	2024-09-10 12:26:33	1	0	1	0
           118	2024-09-10 12:26:37	1	0	1	0
           472	2024-09-10 12:26:39	1	0	1	0
           602	2024-09-10 12:26:54	1	0	1	0
           471	2024-09-10 12:27:56	1	0	1	0
           145	2024-09-10 13:13:31	1	0	1	0
           332	2024-09-10 13:19:40	1	0	1	0
           401	2024-09-10 13:40:40	1	0	1	0
           145	2024-09-10 13:47:59	1	0	1	0
           536	2024-09-10 16:13:33	1	0	1	0
            58	2024-09-10 17:00:07	1	0	1	0
            57	2024-09-10 17:00:23	1	0	1	0
            48	2024-09-10 17:00:28	1	0	1	0
           641	2024-09-10 17:03:22	1	0	1	0
            80	2024-09-10 17:09:09	1	0	1	0
           180	2024-09-10 17:11:33	1	0	1	0
           118	2024-09-10 17:12:41	1	0	1	0
           472	2024-09-10 17:12:51	1	0	1	0
           471	2024-09-10 17:12:54	1	0	1	0
           602	2024-09-10 17:19:44	1	0	1	0
           605	2024-09-10 17:19:57	1	0	1	0
           473	2024-09-10 17:20:06	1	0	1	0
           142	2024-09-10 17:20:36	1	0	1	0
           241	2024-09-10 17:31:53	1	0	1	0
           385	2024-09-10 17:31:58	1	0	1	0
           181	2024-09-10 17:37:15	1	0	1	0
           551	2024-09-10 17:57:57	1	0	1	0
           145	2024-09-10 18:15:11	1	0	1	0
           401	2024-09-10 18:17:27	1	0	1	0
           144	2024-09-10 18:17:38	1	0	1	0
           379	2024-09-10 18:29:13	1	0	1	0
           527	2024-09-10 18:34:49	1	0	1	0
            91	2024-09-10 18:36:20	1	0	1	0
           332	2024-09-10 18:36:54	1	0	1	0
           185	2024-09-10 18:37:58	1	0	1	0
           385	2024-09-11 05:55:07	1	0	1	0
            58	2024-09-11 06:22:11	1	0	1	0
           185	2024-09-11 06:44:54	1	0	1	0
           379	2024-09-11 06:48:11	1	0	1	0
           551	2024-09-11 06:49:17	1	0	1	0
           527	2024-09-11 06:52:28	1	0	1	0
           536	2024-09-11 06:56:48	1	0	1	0
           180	2024-09-11 06:57:58	1	0	1	0
           241	2024-09-11 06:58:05	1	0	1	0
           181	2024-09-11 06:58:17	1	0	1	0
            48	2024-09-11 07:07:33	1	0	1	0
           641	2024-09-11 07:25:20	1	0	1	0
           369	2024-09-11 07:28:54	1	0	1	0
           602	2024-09-11 07:35:13	1	0	1	0
            80	2024-09-11 07:40:40	1	0	1	0
           605	2024-09-11 07:43:36	1	0	1	0
           118	2024-09-11 07:49:24	1	0	1	0
           472	2024-09-11 07:51:10	1	0	1	0
           471	2024-09-11 07:51:38	1	0	1	0
            57	2024-09-11 08:02:23	1	0	1	0
           142	2024-09-11 08:08:42	1	0	1	0
           145	2024-09-11 08:24:22	1	0	1	0
           401	2024-09-11 08:39:29	1	0	1	0
           332	2024-09-11 08:55:36	1	0	1	0
           144	2024-09-11 09:05:05	1	0	1	0
           379	2024-09-11 11:01:11	1	0	1	0
           241	2024-09-11 11:01:28	1	0	1	0
           527	2024-09-11 11:04:39	1	0	1	0
           185	2024-09-11 11:04:47	1	0	1	0
           181	2024-09-11 11:05:09	1	0	1	0
           536	2024-09-11 11:05:39	1	0	1	0
           180	2024-09-11 11:06:15	1	0	1	0
           379	2024-09-11 11:18:34	1	0	1	0
           527	2024-09-11 11:19:53	1	0	1	0
           185	2024-09-11 11:20:01	1	0	1	0
           181	2024-09-11 11:20:12	1	0	1	0
           180	2024-09-11 11:21:22	1	0	1	0
           536	2024-09-11 11:21:26	1	0	1	0
           385	2024-09-11 11:30:06	1	0	1	0
           241	2024-09-11 11:51:44	1	0	1	0
           641	2024-09-11 12:00:16	1	0	1	0
           471	2024-09-11 12:00:22	1	0	1	0
           472	2024-09-11 12:00:32	1	0	1	0
           142	2024-09-11 12:01:06	1	0	1	0
           385	2024-09-11 12:03:17	1	0	1	0
            57	2024-09-11 12:04:30	1	0	1	0
            58	2024-09-11 12:04:38	1	0	1	0
            48	2024-09-11 12:04:45	1	0	1	0
           118	2024-09-11 12:04:59	1	0	1	0
           605	2024-09-11 12:05:05	1	0	1	0
           473	2024-09-11 12:09:08	1	0	1	0
           602	2024-09-11 12:09:46	1	0	1	0
           369	2024-09-11 12:12:07	1	0	1	0
           472	2024-09-11 12:19:20	1	0	1	0
           471	2024-09-11 12:19:24	1	0	1	0
            57	2024-09-11 12:19:56	1	0	1	0
            58	2024-09-11 12:20:07	1	0	1	0
            48	2024-09-11 12:20:15	1	0	1	0
           142	2024-09-11 12:23:47	1	0	1	0
           641	2024-09-11 12:26:43	1	0	1	0
           118	2024-09-11 12:31:19	1	0	1	0
           605	2024-09-11 12:42:51	1	0	1	0
           473	2024-09-11 12:46:02	1	0	1	0
           602	2024-09-11 12:52:19	1	0	1	0
           145	2024-09-11 13:28:15	1	0	1	0
           144	2024-09-11 13:28:22	1	0	1	0
           401	2024-09-11 13:28:28	1	0	1	0
           332	2024-09-11 13:28:39	1	0	1	0
           332	2024-09-11 13:45:04	1	0	1	0
           145	2024-09-11 13:46:28	1	0	1	0
           401	2024-09-11 13:46:34	1	0	1	0
           144	2024-09-11 13:54:04	1	0	1	0
           536	2024-09-11 16:05:29	1	0	1	0
           379	2024-09-11 16:55:00	1	0	1	0
            48	2024-09-11 17:00:08	1	0	1	0
            58	2024-09-11 17:00:16	1	0	1	0
            57	2024-09-11 17:00:23	1	0	1	0
           142	2024-09-11 17:01:56	1	0	1	0
           641	2024-09-11 17:03:43	1	0	1	0
           605	2024-09-11 17:07:28	1	0	1	0
           180	2024-09-11 17:12:50	1	0	1	0
           241	2024-09-11 17:13:53	1	0	1	0
            80	2024-09-11 17:18:46	1	0	1	0
           181	2024-09-11 17:19:31	1	0	1	0
           385	2024-09-11 17:47:12	1	0	1	0
           471	2024-09-11 17:58:38	1	0	1	0
           118	2024-09-11 17:58:41	1	0	1	0
           472	2024-09-11 17:58:50	1	0	1	0
           527	2024-09-11 18:02:39	1	0	1	0
           332	2024-09-11 18:02:56	1	0	1	0
           144	2024-09-11 18:06:42	1	0	1	0
           602	2024-09-11 18:08:10	1	0	1	0
           473	2024-09-11 18:08:20	1	0	1	0
           145	2024-09-11 18:10:06	1	0	1	0
           401	2024-09-11 18:10:15	1	0	1	0
           551	2024-09-11 18:40:08	1	0	1	0
           369	2024-09-11 19:07:06	1	0	1	0
            58	2024-09-12 06:23:56	1	0	1	0
           185	2024-09-12 06:47:15	1	0	1	0
           385	2024-09-12 06:47:19	1	0	1	0
           527	2024-09-12 06:47:44	1	0	1	0
           379	2024-09-12 06:53:29	1	0	1	0
           536	2024-09-12 06:55:10	1	0	1	0
           181	2024-09-12 06:57:03	1	0	1	0
           180	2024-09-12 06:57:55	1	0	1	0
           551	2024-09-12 06:58:23	1	0	1	0
           241	2024-09-12 06:59:31	1	0	1	0
            48	2024-09-12 07:02:08	1	0	1	0
           473	2024-09-12 07:28:20	1	0	1	0
           641	2024-09-12 07:29:49	1	0	1	0
           602	2024-09-12 07:38:49	1	0	1	0
           369	2024-09-12 07:47:30	1	0	1	0
           472	2024-09-12 07:48:58	1	0	1	0
           471	2024-09-12 07:49:21	1	0	1	0
           118	2024-09-12 07:51:26	1	0	1	0
           605	2024-09-12 07:59:31	1	0	1	0
            57	2024-09-12 08:06:52	1	0	1	0
           145	2024-09-12 08:30:14	1	0	1	0
           401	2024-09-12 08:39:31	1	0	1	0
           144	2024-09-12 08:47:56	1	0	1	0
           332	2024-09-12 08:54:57	1	0	1	0
           379	2024-09-12 11:04:13	1	0	1	0
           536	2024-09-12 11:09:50	1	0	1	0
           527	2024-09-12 11:09:58	1	0	1	0
           185	2024-09-12 11:10:04	1	0	1	0
           181	2024-09-12 11:10:11	1	0	1	0
           180	2024-09-12 11:11:31	1	0	1	0
           379	2024-09-12 11:20:57	1	0	1	0
           536	2024-09-12 11:27:27	1	0	1	0
           181	2024-09-12 11:27:33	1	0	1	0
           527	2024-09-12 11:27:37	1	0	1	0
           185	2024-09-12 11:27:55	1	0	1	0
           241	2024-09-12 11:28:11	1	0	1	0
           180	2024-09-12 11:28:28	1	0	1	0
           385	2024-09-12 11:30:05	1	0	1	0
           241	2024-09-12 11:45:37	1	0	1	0
            57	2024-09-12 12:00:05	1	0	1	0
            48	2024-09-12 12:00:57	1	0	1	0
           369	2024-09-12 12:01:04	1	0	1	0
           385	2024-09-12 12:02:19	1	0	1	0
           641	2024-09-12 12:05:17	1	0	1	0
           471	2024-09-12 12:07:52	1	0	1	0
           472	2024-09-12 12:07:56	1	0	1	0
           142	2024-09-12 12:10:10	1	0	1	0
           118	2024-09-12 12:10:18	1	0	1	0
           605	2024-09-12 12:10:25	1	0	1	0
           602	2024-09-12 12:10:30	1	0	1	0
           473	2024-09-12 12:11:06	1	0	1	0
            58	2024-09-12 12:15:17	1	0	1	0
            57	2024-09-12 12:15:33	1	0	1	0
            48	2024-09-12 12:16:09	1	0	1	0
           118	2024-09-12 12:30:15	1	0	1	0
           605	2024-09-12 12:33:24	1	0	1	0
           641	2024-09-12 12:37:23	1	0	1	0
           602	2024-09-12 12:38:24	1	0	1	0
           472	2024-09-12 12:39:10	1	0	1	0
           471	2024-09-12 12:39:14	1	0	1	0
           473	2024-09-12 12:40:33	1	0	1	0
           369	2024-09-12 12:42:08	1	0	1	0
            58	2024-09-12 12:46:39	1	0	1	0
           142	2024-09-12 12:52:19	1	0	1	0
           332	2024-09-12 13:20:29	1	0	1	0
           145	2024-09-12 13:20:48	1	0	1	0
           401	2024-09-12 13:21:06	1	0	1	0
           144	2024-09-12 13:31:38	1	0	1	0
           332	2024-09-12 13:43:42	1	0	1	0
           145	2024-09-12 13:56:14	1	0	1	0
           401	2024-09-12 13:56:25	1	0	1	0
           536	2024-09-12 16:09:12	1	0	1	0
           379	2024-09-12 16:27:28	1	0	1	0
           180	2024-09-12 16:58:33	1	0	1	0
            57	2024-09-12 17:00:35	1	0	1	0
            48	2024-09-12 17:00:56	1	0	1	0
            58	2024-09-12 17:01:06	1	0	1	0
           602	2024-09-12 17:05:43	1	0	1	0
           641	2024-09-12 17:09:59	1	0	1	0
           118	2024-09-12 17:16:28	1	0	1	0
           369	2024-09-12 17:19:45	1	0	1	0
           471	2024-09-12 17:21:44	1	0	1	0
           473	2024-09-12 17:21:49	1	0	1	0
           605	2024-09-12 17:21:56	1	0	1	0
           472	2024-09-12 17:22:52	1	0	1	0
           142	2024-09-12 17:24:33	1	0	1	0
            80	2024-09-12 17:26:17	1	0	1	0
           527	2024-09-12 17:33:04	1	0	1	0
           385	2024-09-12 17:40:52	1	0	1	0
           181	2024-09-12 17:41:05	1	0	1	0
           241	2024-09-12 17:42:05	1	0	1	0
           185	2024-09-12 17:48:06	1	0	1	0
           145	2024-09-12 18:01:18	1	0	1	0
           332	2024-09-12 18:03:04	1	0	1	0
           144	2024-09-12 18:05:18	1	0	1	0
           401	2024-09-12 18:05:38	1	0	1	0
           551	2024-09-12 19:35:22	1	0	1	0
           385	2024-09-13 06:04:10	1	0	1	0
            58	2024-09-13 06:21:11	1	0	1	0
           181	2024-09-13 06:49:55	1	0	1	0
           527	2024-09-13 06:51:04	1	0	1	0
           536	2024-09-13 06:51:23	1	0	1	0
            91	2024-09-13 06:53:13	1	0	1	0
           185	2024-09-13 06:53:28	1	0	1	0
           180	2024-09-13 06:55:36	1	0	1	0
           379	2024-09-13 06:57:20	1	0	1	0
           241	2024-09-13 06:57:29	1	0	1	0
            48	2024-09-13 07:13:07	1	0	1	0
           551	2024-09-13 07:29:23	1	0	1	0
           641	2024-09-13 07:34:14	1	0	1	0
           602	2024-09-13 07:41:25	1	0	1	0
           473	2024-09-13 07:48:43	1	0	1	0
            57	2024-09-13 08:00:36	1	0	1	0
            80	2024-09-13 08:02:36	1	0	1	0
           472	2024-09-13 08:05:49	1	0	1	0
           471	2024-09-13 08:05:58	1	0	1	0
           605	2024-09-13 08:12:54	1	0	1	0
           142	2024-09-13 08:19:57	1	0	1	0
           145	2024-09-13 08:28:15	1	0	1	0
           369	2024-09-13 08:42:23	1	0	1	0
           332	2024-09-13 08:58:08	1	0	1	0
           401	2024-09-13 09:01:01	1	0	1	0
           144	2024-09-13 09:07:23	1	0	1	0
            91	2024-09-13 11:15:35	1	0	1	0
           536	2024-09-13 11:19:26	1	0	1	0
           379	2024-09-13 11:21:14	1	0	1	0
           180	2024-09-13 11:21:23	1	0	1	0
           385	2024-09-13 11:37:44	1	0	1	0
           185	2024-09-13 11:38:52	1	0	1	0
           527	2024-09-13 11:38:56	1	0	1	0
           181	2024-09-13 11:40:54	1	0	1	0
            91	2024-09-13 11:41:55	1	0	1	0
           180	2024-09-13 11:44:26	1	0	1	0
           536	2024-09-13 11:44:32	1	0	1	0
           241	2024-09-13 11:44:43	1	0	1	0
           379	2024-09-13 11:52:02	1	0	1	0
           181	2024-09-13 11:59:47	1	0	1	0
           241	2024-09-13 11:59:59	1	0	1	0
           471	2024-09-13 12:00:07	1	0	1	0
            57	2024-09-13 12:00:12	1	0	1	0
            58	2024-09-13 12:00:20	1	0	1	0
           472	2024-09-13 12:00:30	1	0	1	0
           473	2024-09-13 12:00:41	1	0	1	0
           369	2024-09-13 12:00:52	1	0	1	0
           605	2024-09-13 12:00:59	1	0	1	0
           142	2024-09-13 12:01:10	1	0	1	0
           385	2024-09-13 12:01:45	1	0	1	0
           641	2024-09-13 12:11:23	1	0	1	0
            57	2024-09-13 12:17:27	1	0	1	0
            58	2024-09-13 12:17:45	1	0	1	0
           471	2024-09-13 12:21:18	1	0	1	0
           472	2024-09-13 12:21:27	1	0	1	0
           369	2024-09-13 12:25:35	1	0	1	0
           605	2024-09-13 12:41:55	1	0	1	0
           602	2024-09-13 12:41:57	1	0	1	0
           473	2024-09-13 12:42:00	1	0	1	0
           641	2024-09-13 12:57:21	1	0	1	0
           142	2024-09-13 13:02:47	1	0	1	0
           332	2024-09-13 13:29:39	1	0	1	0
           145	2024-09-13 13:37:41	1	0	1	0
           401	2024-09-13 13:37:48	1	0	1	0
           332	2024-09-13 13:47:43	1	0	1	0
           145	2024-09-13 13:54:30	1	0	1	0
           181	2024-09-13 16:30:25	1	0	1	0
           527	2024-09-13 16:38:27	1	0	1	0
            57	2024-09-13 17:00:14	1	0	1	0
            58	2024-09-13 17:01:45	1	0	1	0
            48	2024-09-13 17:01:52	1	0	1	0
           142	2024-09-13 17:02:24	1	0	1	0
           471	2024-09-13 17:03:02	1	0	1	0
           605	2024-09-13 17:04:12	1	0	1	0
           602	2024-09-13 17:04:37	1	0	1	0
           473	2024-09-13 17:07:44	1	0	1	0
           536	2024-09-13 17:08:10	1	0	1	0
           641	2024-09-13 17:08:17	1	0	1	0
           472	2024-09-13 17:10:37	1	0	1	0
           241	2024-09-13 17:18:49	1	0	1	0
            80	2024-09-13 17:26:23	1	0	1	0
            91	2024-09-13 17:35:12	1	0	1	0
           551	2024-09-13 17:45:09	1	0	1	0
           385	2024-09-13 17:49:38	1	0	1	0
           180	2024-09-13 18:17:33	1	0	1	0
           332	2024-09-13 18:20:47	1	0	1	0
           145	2024-09-13 18:21:18	1	0	1	0
           144	2024-09-13 18:29:16	1	0	1	0
           401	2024-09-13 18:29:20	1	0	1	0
           369	2024-09-13 20:07:03	1	0	1	0
            58	2024-09-16 06:23:21	1	0	1	0
           527	2024-09-16 06:49:36	1	0	1	0
           180	2024-09-16 06:50:52	1	0	1	0
           379	2024-09-16 06:53:41	1	0	1	0
            48	2024-09-16 06:57:24	1	0	1	0
           181	2024-09-16 07:00:46	1	0	1	0
            91	2024-09-16 07:00:54	1	0	1	0
           185	2024-09-16 07:01:05	1	0	1	0
           602	2024-09-16 07:05:56	1	0	1	0
           472	2024-09-16 07:23:33	1	0	1	0
           241	2024-09-16 07:24:26	1	0	1	0
           471	2024-09-16 07:24:44	1	0	1	0
           641	2024-09-16 07:29:32	1	0	1	0
           551	2024-09-16 07:36:09	1	0	1	0
           142	2024-09-16 07:49:18	1	0	1	0
           369	2024-09-16 07:51:36	1	0	1	0
           401	2024-09-16 07:58:32	1	0	1	0
            80	2024-09-16 07:59:47	1	0	1	0
            57	2024-09-16 08:02:26	1	0	1	0
           145	2024-09-16 08:14:12	1	0	1	0
           144	2024-09-16 09:02:34	1	0	1	0
           332	2024-09-16 10:50:38	1	0	1	0
           241	2024-09-16 11:01:09	1	0	1	0
           379	2024-09-16 11:05:39	1	0	1	0
           181	2024-09-16 11:06:54	1	0	1	0
           185	2024-09-16 11:07:04	1	0	1	0
           527	2024-09-16 11:07:10	1	0	1	0
           180	2024-09-16 11:12:47	1	0	1	0
           185	2024-09-16 11:23:00	1	0	1	0
           527	2024-09-16 11:23:04	1	0	1	0
           180	2024-09-16 11:35:26	1	0	1	0
           181	2024-09-16 11:43:28	1	0	1	0
           241	2024-09-16 11:52:21	1	0	1	0
           379	2024-09-16 11:54:47	1	0	1	0
           471	2024-09-16 12:00:51	1	0	1	0
           602	2024-09-16 12:01:03	1	0	1	0
           369	2024-09-16 12:01:13	1	0	1	0
            57	2024-09-16 12:01:54	1	0	1	0
           142	2024-09-16 12:08:03	1	0	1	0
            48	2024-09-16 12:08:11	1	0	1	0
            58	2024-09-16 12:08:26	1	0	1	0
           641	2024-09-16 12:09:14	1	0	1	0
            57	2024-09-16 12:17:11	1	0	1	0
           471	2024-09-16 12:18:28	1	0	1	0
            48	2024-09-16 12:23:56	1	0	1	0
            58	2024-09-16 12:24:09	1	0	1	0
           551	2024-09-16 12:25:15	1	0	1	0
            80	2024-09-16 12:25:19	1	0	1	0
           641	2024-09-16 12:35:10	1	0	1	0
           602	2024-09-16 12:42:36	1	0	1	0
           369	2024-09-16 12:49:13	1	0	1	0
           142	2024-09-16 12:53:37	1	0	1	0
           551	2024-09-16 12:54:01	1	0	1	0
            80	2024-09-16 12:54:07	1	0	1	0
           145	2024-09-16 13:10:15	1	0	1	0
           332	2024-09-16 13:18:13	1	0	1	0
           144	2024-09-16 13:34:07	1	0	1	0
           145	2024-09-16 13:34:22	1	0	1	0
           332	2024-09-16 13:37:58	1	0	1	0
           144	2024-09-16 13:56:40	1	0	1	0
           379	2024-09-16 16:23:39	1	0	1	0
           181	2024-09-16 16:59:58	1	0	1	0
            57	2024-09-16 17:00:07	1	0	1	0
           471	2024-09-16 17:00:12	1	0	1	0
            58	2024-09-16 17:00:31	1	0	1	0
            48	2024-09-16 17:00:47	1	0	1	0
            80	2024-09-16 17:00:51	1	0	1	0
           602	2024-09-16 17:02:33	1	0	1	0
           180	2024-09-16 17:03:59	1	0	1	0
           641	2024-09-16 17:09:54	1	0	1	0
           369	2024-09-16 17:19:24	1	0	1	0
           551	2024-09-16 17:23:58	1	0	1	0
           142	2024-09-16 17:29:23	1	0	1	0
           527	2024-09-16 18:01:00	1	0	1	0
           241	2024-09-16 18:02:56	1	0	1	0
           185	2024-09-16 18:03:04	1	0	1	0
           332	2024-09-16 18:06:05	1	0	1	0
            91	2024-09-16 18:08:24	1	0	1	0
           401	2024-09-16 18:09:47	1	0	1	0
           145	2024-09-16 18:10:09	1	0	1	0
           144	2024-09-16 18:10:17	1	0	1	0
            58	2024-09-17 06:23:51	1	0	1	0
           536	2024-09-17 06:39:30	1	0	1	0
           527	2024-09-17 06:49:08	1	0	1	0
           180	2024-09-17 06:52:57	1	0	1	0
           181	2024-09-17 06:53:35	1	0	1	0
           241	2024-09-17 06:53:57	1	0	1	0
           379	2024-09-17 06:57:54	1	0	1	0
           185	2024-09-17 06:59:27	1	0	1	0
            91	2024-09-17 06:59:31	1	0	1	0
            48	2024-09-17 07:03:53	1	0	1	0
           551	2024-09-17 07:31:29	1	0	1	0
           641	2024-09-17 07:32:02	1	0	1	0
           142	2024-09-17 07:41:53	1	0	1	0
           602	2024-09-17 07:43:08	1	0	1	0
           472	2024-09-17 07:59:16	1	0	1	0
           471	2024-09-17 07:59:21	1	0	1	0
           473	2024-09-17 08:04:41	1	0	1	0
            57	2024-09-17 08:05:06	1	0	1	0
           369	2024-09-17 08:18:14	1	0	1	0
           145	2024-09-17 08:23:35	1	0	1	0
           332	2024-09-17 08:58:15	1	0	1	0
           401	2024-09-17 09:01:50	1	0	1	0
           144	2024-09-17 09:19:08	1	0	1	0
           181	2024-09-17 11:00:05	1	0	1	0
           527	2024-09-17 11:00:09	1	0	1	0
            91	2024-09-17 11:02:25	1	0	1	0
           379	2024-09-17 11:02:32	1	0	1	0
           180	2024-09-17 11:05:49	1	0	1	0
           185	2024-09-17 11:06:16	1	0	1	0
           241	2024-09-17 11:07:20	1	0	1	0
           536	2024-09-17 11:11:31	1	0	1	0
           180	2024-09-17 11:21:18	1	0	1	0
           527	2024-09-17 11:31:53	1	0	1	0
            91	2024-09-17 11:34:56	1	0	1	0
           241	2024-09-17 11:35:41	1	0	1	0
           536	2024-09-17 11:41:52	1	0	1	0
           185	2024-09-17 11:45:49	1	0	1	0
           181	2024-09-17 11:45:54	1	0	1	0
           379	2024-09-17 11:52:27	1	0	1	0
            57	2024-09-17 12:00:43	1	0	1	0
           142	2024-09-17 12:01:10	1	0	1	0
           641	2024-09-17 12:01:22	1	0	1	0
           471	2024-09-17 12:04:36	1	0	1	0
            48	2024-09-17 12:05:17	1	0	1	0
            58	2024-09-17 12:05:22	1	0	1	0
           369	2024-09-17 12:06:20	1	0	1	0
           551	2024-09-17 12:10:11	1	0	1	0
           602	2024-09-17 12:12:19	1	0	1	0
           473	2024-09-17 12:12:22	1	0	1	0
            57	2024-09-17 12:17:20	1	0	1	0
           641	2024-09-17 12:19:02	1	0	1	0
           471	2024-09-17 12:19:47	1	0	1	0
           472	2024-09-17 12:26:24	1	0	1	0
            48	2024-09-17 12:28:05	1	0	1	0
           602	2024-09-17 12:28:34	1	0	1	0
            58	2024-09-17 12:29:07	1	0	1	0
           551	2024-09-17 12:39:33	1	0	1	0
           473	2024-09-17 12:48:57	1	0	1	0
           472	2024-09-17 12:51:21	1	0	1	0
           142	2024-09-17 12:57:49	1	0	1	0
           369	2024-09-17 12:59:29	1	0	1	0
           145	2024-09-17 13:05:03	1	0	1	0
           401	2024-09-17 13:05:14	1	0	1	0
           332	2024-09-17 13:05:25	1	0	1	0
           144	2024-09-17 13:05:31	1	0	1	0
           145	2024-09-17 13:38:34	1	0	1	0
           401	2024-09-17 13:38:50	1	0	1	0
           144	2024-09-17 13:51:37	1	0	1	0
           332	2024-09-17 13:57:00	1	0	1	0
           527	2024-09-17 16:01:42	1	0	1	0
           536	2024-09-17 16:03:12	1	0	1	0
           379	2024-09-17 16:16:30	1	0	1	0
            91	2024-09-17 16:20:55	1	0	1	0
           185	2024-09-17 16:28:38	1	0	1	0
           181	2024-09-17 16:44:01	1	0	1	0
           180	2024-09-17 16:56:37	1	0	1	0
            57	2024-09-17 17:00:04	1	0	1	0
            58	2024-09-17 17:00:39	1	0	1	0
            48	2024-09-17 17:01:13	1	0	1	0
           471	2024-09-17 17:02:10	1	0	1	0
           641	2024-09-17 17:02:18	1	0	1	0
           602	2024-09-17 17:04:21	1	0	1	0
           472	2024-09-17 17:05:13	1	0	1	0
           473	2024-09-17 17:07:40	1	0	1	0
           369	2024-09-17 17:13:13	1	0	1	0
           241	2024-09-17 17:16:02	1	0	1	0
           142	2024-09-17 17:21:36	1	0	1	0
           144	2024-09-17 18:03:45	1	0	1	0
           145	2024-09-17 18:03:55	1	0	1	0
           401	2024-09-17 18:04:05	1	0	1	0
           332	2024-09-17 18:04:22	1	0	1	0
           551	2024-09-17 19:34:47	1	0	1	0
           385	2024-09-18 06:01:06	1	0	1	0
            58	2024-09-18 06:28:09	1	0	1	0
           551	2024-09-18 06:32:04	1	0	1	0
           527	2024-09-18 06:48:10	1	0	1	0
           180	2024-09-18 06:54:40	1	0	1	0
           181	2024-09-18 06:57:00	1	0	1	0
           379	2024-09-18 06:57:49	1	0	1	0
           536	2024-09-18 06:58:39	1	0	1	0
           241	2024-09-18 07:00:25	1	0	1	0
            48	2024-09-18 07:02:00	1	0	1	0
            91	2024-09-18 07:25:57	1	0	1	0
           185	2024-09-18 07:26:18	1	0	1	0
           641	2024-09-18 07:34:26	1	0	1	0
           605	2024-09-18 07:34:40	1	0	1	0
           602	2024-09-18 07:42:40	1	0	1	0
           473	2024-09-18 07:42:51	1	0	1	0
           472	2024-09-18 07:58:46	1	0	1	0
           471	2024-09-18 07:58:51	1	0	1	0
            57	2024-09-18 07:59:08	1	0	1	0
            80	2024-09-18 08:01:05	1	0	1	0
           369	2024-09-18 08:14:21	1	0	1	0
           145	2024-09-18 08:34:57	1	0	1	0
           332	2024-09-18 08:55:06	1	0	1	0
           401	2024-09-18 09:00:12	1	0	1	0
           144	2024-09-18 09:02:17	1	0	1	0
           536	2024-09-18 11:00:05	1	0	1	0
           379	2024-09-18 11:01:58	1	0	1	0
           180	2024-09-18 11:05:02	1	0	1	0
            91	2024-09-18 11:08:18	1	0	1	0
           241	2024-09-18 11:08:25	1	0	1	0
           527	2024-09-18 11:12:00	1	0	1	0
           185	2024-09-18 11:17:19	1	0	1	0
           181	2024-09-18 11:17:25	1	0	1	0
           536	2024-09-18 11:29:26	1	0	1	0
            91	2024-09-18 11:33:41	1	0	1	0
           241	2024-09-18 11:34:30	1	0	1	0
           180	2024-09-18 11:35:04	1	0	1	0
           527	2024-09-18 11:38:16	1	0	1	0
           385	2024-09-18 11:38:20	1	0	1	0
           379	2024-09-18 11:46:30	1	0	1	0
           185	2024-09-18 11:48:14	1	0	1	0
           181	2024-09-18 11:48:18	1	0	1	0
           605	2024-09-18 12:02:04	1	0	1	0
           602	2024-09-18 12:03:15	1	0	1	0
            57	2024-09-18 12:03:57	1	0	1	0
           385	2024-09-18 12:07:23	1	0	1	0
           641	2024-09-18 12:08:07	1	0	1	0
           473	2024-09-18 12:09:24	1	0	1	0
           472	2024-09-18 12:09:34	1	0	1	0
           471	2024-09-18 12:09:37	1	0	1	0
           602	2024-09-18 12:19:10	1	0	1	0
           605	2024-09-18 12:20:06	1	0	1	0
            57	2024-09-18 12:21:52	1	0	1	0
           641	2024-09-18 12:23:48	1	0	1	0
           471	2024-09-18 12:27:07	1	0	1	0
           472	2024-09-18 12:28:04	1	0	1	0
            80	2024-09-18 12:37:40	1	0	1	0
           551	2024-09-18 12:37:43	1	0	1	0
           473	2024-09-18 12:47:40	1	0	1	0
           551	2024-09-18 12:57:30	1	0	1	0
            80	2024-09-18 12:57:36	1	0	1	0
           145	2024-09-18 13:28:37	1	0	1	0
           144	2024-09-18 13:28:43	1	0	1	0
           401	2024-09-18 13:28:56	1	0	1	0
           332	2024-09-18 13:29:12	1	0	1	0
           145	2024-09-18 13:47:27	1	0	1	0
           144	2024-09-18 13:47:33	1	0	1	0
           401	2024-09-18 13:47:39	1	0	1	0
           332	2024-09-18 13:47:58	1	0	1	0
           379	2024-09-18 16:02:13	1	0	1	0
           181	2024-09-18 16:18:57	1	0	1	0
            91	2024-09-18 16:19:02	1	0	1	0
           185	2024-09-18 16:19:10	1	0	1	0
           241	2024-09-18 16:19:39	1	0	1	0
           527	2024-09-18 16:26:52	1	0	1	0
           180	2024-09-18 16:56:40	1	0	1	0
            57	2024-09-18 17:00:04	1	0	1	0
            58	2024-09-18 17:00:28	1	0	1	0
            48	2024-09-18 17:00:38	1	0	1	0
            80	2024-09-18 17:00:44	1	0	1	0
           641	2024-09-18 17:00:59	1	0	1	0
           385	2024-09-18 17:02:27	1	0	1	0
           471	2024-09-18 17:03:13	1	0	1	0
           472	2024-09-18 17:03:25	1	0	1	0
           602	2024-09-18 17:03:56	1	0	1	0
           605	2024-09-18 17:04:44	1	0	1	0
           369	2024-09-18 17:04:49	1	0	1	0
           473	2024-09-18 17:18:21	1	0	1	0
           551	2024-09-18 17:26:18	1	0	1	0
           144	2024-09-18 18:03:26	1	0	1	0
           145	2024-09-18 18:05:28	1	0	1	0
           401	2024-09-18 18:05:37	1	0	1	0
           332	2024-09-18 18:08:25	1	0	1	0
           385	2024-09-19 06:10:10	1	0	1	0
            58	2024-09-19 06:20:28	1	0	1	0
           551	2024-09-19 06:47:45	1	0	1	0
           527	2024-09-19 06:49:21	1	0	1	0
            91	2024-09-19 06:51:59	1	0	1	0
           185	2024-09-19 06:52:08	1	0	1	0
           379	2024-09-19 06:54:18	1	0	1	0
           181	2024-09-19 06:55:17	1	0	1	0
            48	2024-09-19 06:56:14	1	0	1	0
           241	2024-09-19 06:56:39	1	0	1	0
           180	2024-09-19 06:58:03	1	0	1	0
           473	2024-09-19 07:10:00	1	0	1	0
           605	2024-09-19 07:24:35	1	0	1	0
           641	2024-09-19 07:33:37	1	0	1	0
            80	2024-09-19 07:34:25	1	0	1	0
           602	2024-09-19 07:43:02	1	0	1	0
           118	2024-09-19 07:49:52	1	0	1	0
            57	2024-09-19 08:01:24	1	0	1	0
           142	2024-09-19 08:02:24	1	0	1	0
           369	2024-09-19 08:14:50	1	0	1	0
           145	2024-09-19 08:24:31	1	0	1	0
           332	2024-09-19 08:52:17	1	0	1	0
           144	2024-09-19 08:57:39	1	0	1	0
           401	2024-09-19 09:04:24	1	0	1	0
           379	2024-09-19 11:01:53	1	0	1	0
           181	2024-09-19 11:20:30	1	0	1	0
           241	2024-09-19 11:20:34	1	0	1	0
           180	2024-09-19 11:20:42	1	0	1	0
           185	2024-09-19 11:24:15	1	0	1	0
           385	2024-09-19 11:37:12	1	0	1	0
           181	2024-09-19 11:47:39	1	0	1	0
           180	2024-09-19 11:47:45	1	0	1	0
           185	2024-09-19 11:47:56	1	0	1	0
           241	2024-09-19 11:47:59	1	0	1	0
           379	2024-09-19 11:54:01	1	0	1	0
            57	2024-09-19 12:00:29	1	0	1	0
            58	2024-09-19 12:01:05	1	0	1	0
           471	2024-09-19 12:01:40	1	0	1	0
           472	2024-09-19 12:01:47	1	0	1	0
           142	2024-09-19 12:01:53	1	0	1	0
           602	2024-09-19 12:02:16	1	0	1	0
           369	2024-09-19 12:02:36	1	0	1	0
           641	2024-09-19 12:05:25	1	0	1	0
           118	2024-09-19 12:10:57	1	0	1	0
           385	2024-09-19 12:13:21	1	0	1	0
            57	2024-09-19 12:15:53	1	0	1	0
            58	2024-09-19 12:21:21	1	0	1	0
           471	2024-09-19 12:26:26	1	0	1	0
           472	2024-09-19 12:27:16	1	0	1	0
           641	2024-09-19 12:42:42	1	0	1	0
            48	2024-09-19 12:43:40	1	0	1	0
           602	2024-09-19 12:45:24	1	0	1	0
           369	2024-09-19 12:47:37	1	0	1	0
           142	2024-09-19 12:53:09	1	0	1	0
           118	2024-09-19 12:57:07	1	0	1	0
            48	2024-09-19 12:59:06	1	0	1	0
           144	2024-09-19 13:02:25	1	0	1	0
           332	2024-09-19 13:11:05	1	0	1	0
           145	2024-09-19 13:13:59	1	0	1	0
           401	2024-09-19 13:28:49	1	0	1	0
           144	2024-09-19 13:44:10	1	0	1	0
           332	2024-09-19 13:49:50	1	0	1	0
           401	2024-09-19 13:58:49	1	0	1	0
           181	2024-09-19 16:24:48	1	0	1	0
           185	2024-09-19 16:24:53	1	0	1	0
           241	2024-09-19 16:26:01	1	0	1	0
           379	2024-09-19 16:29:06	1	0	1	0
           527	2024-09-19 16:33:22	1	0	1	0
           180	2024-09-19 16:49:36	1	0	1	0
            57	2024-09-19 17:00:16	1	0	1	0
            48	2024-09-19 17:00:22	1	0	1	0
            58	2024-09-19 17:00:31	1	0	1	0
           369	2024-09-19 17:01:30	1	0	1	0
           142	2024-09-19 17:01:42	1	0	1	0
           471	2024-09-19 17:04:44	1	0	1	0
           602	2024-09-19 17:04:51	1	0	1	0
           472	2024-09-19 17:05:03	1	0	1	0
           473	2024-09-19 17:05:45	1	0	1	0
           385	2024-09-19 17:06:24	1	0	1	0
           118	2024-09-19 17:09:02	1	0	1	0
           144	2024-09-19 18:03:51	1	0	1	0
           641	2024-09-19 18:06:03	1	0	1	0
           145	2024-09-19 18:12:42	1	0	1	0
           401	2024-09-19 18:31:20	1	0	1	0
            91	2024-09-19 18:32:45	1	0	1	0
           551	2024-09-19 21:05:54	1	0	1	0
           332	2024-09-19 21:30:50	1	0	1	0
           385	2024-09-20 06:16:58	1	0	1	0
            58	2024-09-20 06:35:56	1	0	1	0
           527	2024-09-20 06:48:50	1	0	1	0
           180	2024-09-20 06:54:35	1	0	1	0
            48	2024-09-20 06:57:40	1	0	1	0
           379	2024-09-20 06:59:11	1	0	1	0
           181	2024-09-20 07:02:11	1	0	1	0
           602	2024-09-20 07:36:10	1	0	1	0
           118	2024-09-20 07:36:17	1	0	1	0
           641	2024-09-20 07:41:00	1	0	1	0
           551	2024-09-20 07:48:01	1	0	1	0
            57	2024-09-20 07:55:02	1	0	1	0
            80	2024-09-20 07:59:11	1	0	1	0
           142	2024-09-20 08:02:41	1	0	1	0
           369	2024-09-20 08:13:45	1	0	1	0
           145	2024-09-20 08:36:09	1	0	1	0
           332	2024-09-20 08:53:59	1	0	1	0
           401	2024-09-20 09:02:04	1	0	1	0
           144	2024-09-20 09:16:43	1	0	1	0
           379	2024-09-20 11:11:14	1	0	1	0
           180	2024-09-20 11:19:28	1	0	1	0
           379	2024-09-20 11:31:25	1	0	1	0
           180	2024-09-20 11:46:22	1	0	1	0
           385	2024-09-20 11:46:26	1	0	1	0
            57	2024-09-20 12:00:14	1	0	1	0
            58	2024-09-20 12:00:21	1	0	1	0
           369	2024-09-20 12:00:31	1	0	1	0
           142	2024-09-20 12:00:54	1	0	1	0
           118	2024-09-20 12:01:34	1	0	1	0
           471	2024-09-20 12:01:38	1	0	1	0
           472	2024-09-20 12:01:42	1	0	1	0
           641	2024-09-20 12:02:00	1	0	1	0
           602	2024-09-20 12:07:21	1	0	1	0
           385	2024-09-20 12:08:52	1	0	1	0
           118	2024-09-20 12:23:10	1	0	1	0
           471	2024-09-20 12:23:16	1	0	1	0
           472	2024-09-20 12:23:21	1	0	1	0
           641	2024-09-20 12:23:34	1	0	1	0
            48	2024-09-20 12:24:58	1	0	1	0
            57	2024-09-20 12:28:14	1	0	1	0
            58	2024-09-20 12:28:27	1	0	1	0
           142	2024-09-20 12:40:39	1	0	1	0
           602	2024-09-20 12:41:46	1	0	1	0
            48	2024-09-20 12:42:54	1	0	1	0
           369	2024-09-20 13:00:43	1	0	1	0
           145	2024-09-20 13:23:55	1	0	1	0
           144	2024-09-20 13:24:06	1	0	1	0
           401	2024-09-20 13:24:08	1	0	1	0
           332	2024-09-20 13:24:41	1	0	1	0
           145	2024-09-20 13:42:07	1	0	1	0
           144	2024-09-20 13:42:18	1	0	1	0
           401	2024-09-20 13:42:26	1	0	1	0
           332	2024-09-20 13:52:44	1	0	1	0
           181	2024-09-20 16:01:16	1	0	1	0
           379	2024-09-20 16:25:06	1	0	1	0
            57	2024-09-20 17:00:19	1	0	1	0
            58	2024-09-20 17:00:32	1	0	1	0
           641	2024-09-20 17:00:46	1	0	1	0
            48	2024-09-20 17:01:13	1	0	1	0
           180	2024-09-20 17:02:43	1	0	1	0
           385	2024-09-20 17:02:59	1	0	1	0
           471	2024-09-20 17:03:07	1	0	1	0
           602	2024-09-20 17:04:02	1	0	1	0
           472	2024-09-20 17:05:38	1	0	1	0
           118	2024-09-20 17:07:19	1	0	1	0
           369	2024-09-20 17:20:19	1	0	1	0
           142	2024-09-20 17:23:25	1	0	1	0
           145	2024-09-20 18:03:02	1	0	1	0
           551	2024-09-20 18:03:17	1	0	1	0
           401	2024-09-20 18:03:44	1	0	1	0
           144	2024-09-20 18:11:10	1	0	1	0
           332	2024-09-20 18:27:20	1	0	1	0
           385	2024-09-23 05:55:34	1	0	1	0
            58	2024-09-23 06:23:13	1	0	1	0
           527	2024-09-23 06:48:36	1	0	1	0
           181	2024-09-23 06:53:13	1	0	1	0
           180	2024-09-23 06:54:06	1	0	1	0
           379	2024-09-23 06:58:32	1	0	1	0
           185	2024-09-23 06:59:50	1	0	1	0
            48	2024-09-23 07:03:46	1	0	1	0
           241	2024-09-23 07:06:09	1	0	1	0
           602	2024-09-23 07:10:58	1	0	1	0
           473	2024-09-23 07:26:52	1	0	1	0
           641	2024-09-23 07:29:28	1	0	1	0
           551	2024-09-23 07:38:37	1	0	1	0
           118	2024-09-23 07:38:50	1	0	1	0
           142	2024-09-23 07:45:02	1	0	1	0
           472	2024-09-23 07:54:10	1	0	1	0
           471	2024-09-23 07:55:41	1	0	1	0
            80	2024-09-23 08:00:02	1	0	1	0
           145	2024-09-23 08:03:52	1	0	1	0
           369	2024-09-23 08:14:36	1	0	1	0
           401	2024-09-23 08:28:18	1	0	1	0
           332	2024-09-23 08:47:56	1	0	1	0
           185	2024-09-23 11:00:49	1	0	1	0
           527	2024-09-23 11:00:58	1	0	1	0
           181	2024-09-23 11:04:33	1	0	1	0
           241	2024-09-23 11:04:37	1	0	1	0
           180	2024-09-23 11:04:43	1	0	1	0
           379	2024-09-23 11:05:25	1	0	1	0
           181	2024-09-23 11:29:50	1	0	1	0
           527	2024-09-23 11:35:06	1	0	1	0
           180	2024-09-23 11:35:14	1	0	1	0
           385	2024-09-23 11:35:20	1	0	1	0
           241	2024-09-23 11:38:37	1	0	1	0
           379	2024-09-23 11:57:11	1	0	1	0
           385	2024-09-23 11:57:57	1	0	1	0
            57	2024-09-23 12:00:07	1	0	1	0
            48	2024-09-23 12:00:15	1	0	1	0
            58	2024-09-23 12:00:34	1	0	1	0
           142	2024-09-23 12:00:40	1	0	1	0
           641	2024-09-23 12:00:51	1	0	1	0
           471	2024-09-23 12:01:01	1	0	1	0
           472	2024-09-23 12:01:05	1	0	1	0
           473	2024-09-23 12:01:13	1	0	1	0
           118	2024-09-23 12:01:23	1	0	1	0
           369	2024-09-23 12:01:46	1	0	1	0
           605	2024-09-23 12:02:05	1	0	1	0
           602	2024-09-23 12:02:13	1	0	1	0
            80	2024-09-23 12:05:49	1	0	1	0
           551	2024-09-23 12:05:53	1	0	1	0
            57	2024-09-23 12:15:40	1	0	1	0
            48	2024-09-23 12:16:18	1	0	1	0
            58	2024-09-23 12:16:34	1	0	1	0
           369	2024-09-23 12:23:35	1	0	1	0
           551	2024-09-23 12:23:53	1	0	1	0
            80	2024-09-23 12:24:43	1	0	1	0
           641	2024-09-23 12:27:21	1	0	1	0
           473	2024-09-23 12:34:30	1	0	1	0
           471	2024-09-23 12:34:43	1	0	1	0
           605	2024-09-23 12:35:21	1	0	1	0
           602	2024-09-23 12:42:51	1	0	1	0
           472	2024-09-23 12:47:24	1	0	1	0
           118	2024-09-23 12:51:11	1	0	1	0
           142	2024-09-23 12:51:55	1	0	1	0
           332	2024-09-23 13:18:13	1	0	1	0
           332	2024-09-23 13:34:45	1	0	1	0
           145	2024-09-23 13:41:48	1	0	1	0
           145	2024-09-23 13:59:40	1	0	1	0
           401	2024-09-23 13:59:46	1	0	1	0
            58	2024-09-23 15:01:41	1	0	1	0
            48	2024-09-23 15:01:46	1	0	1	0
            57	2024-09-23 15:01:53	1	0	1	0
           471	2024-09-23 15:04:58	1	0	1	0
           118	2024-09-23 15:05:05	1	0	1	0
           369	2024-09-23 15:05:11	1	0	1	0
           472	2024-09-23 15:09:03	1	0	1	0
           379	2024-09-23 15:09:09	1	0	1	0
           473	2024-09-23 15:09:54	1	0	1	0
           602	2024-09-23 15:12:20	1	0	1	0
           605	2024-09-23 15:12:24	1	0	1	0
           332	2024-09-23 15:18:16	1	0	1	0
           142	2024-09-23 15:20:35	1	0	1	0
           180	2024-09-23 15:25:31	1	0	1	0
           185	2024-09-23 15:26:05	1	0	1	0
           181	2024-09-23 15:26:14	1	0	1	0
           641	2024-09-23 15:26:27	1	0	1	0
           241	2024-09-23 15:27:32	1	0	1	0
           401	2024-09-23 15:37:37	1	0	1	0
           527	2024-09-23 15:49:12	1	0	1	0
           385	2024-09-23 15:50:59	1	0	1	0
           551	2024-09-23 16:07:59	1	0	1	0
            80	2024-09-23 16:30:46	1	0	1	0
           145	2024-09-23 17:19:37	1	0	1	0
           385	2024-09-24 05:56:12	1	0	1	0
            58	2024-09-24 06:23:54	1	0	1	0
           527	2024-09-24 06:45:59	1	0	1	0
           185	2024-09-24 06:46:32	1	0	1	0
            91	2024-09-24 06:46:53	1	0	1	0
           180	2024-09-24 06:50:47	1	0	1	0
           241	2024-09-24 06:54:36	1	0	1	0
           473	2024-09-24 06:55:41	1	0	1	0
           379	2024-09-24 06:55:48	1	0	1	0
           181	2024-09-24 06:58:20	1	0	1	0
            48	2024-09-24 07:05:24	1	0	1	0
           641	2024-09-24 07:27:48	1	0	1	0
           551	2024-09-24 07:30:43	1	0	1	0
           118	2024-09-24 07:40:19	1	0	1	0
           142	2024-09-24 07:44:35	1	0	1	0
           602	2024-09-24 07:45:03	1	0	1	0
           605	2024-09-24 07:49:49	1	0	1	0
            80	2024-09-24 07:54:21	1	0	1	0
            57	2024-09-24 08:01:56	1	0	1	0
           472	2024-09-24 08:02:22	1	0	1	0
           471	2024-09-24 08:02:36	1	0	1	0
           145	2024-09-24 08:09:52	1	0	1	0
           369	2024-09-24 08:40:43	1	0	1	0
           332	2024-09-24 10:00:51	1	0	1	0
           180	2024-09-24 11:02:37	1	0	1	0
           379	2024-09-24 11:02:48	1	0	1	0
           527	2024-09-24 11:03:11	1	0	1	0
           241	2024-09-24 11:05:07	1	0	1	0
           185	2024-09-24 11:19:25	1	0	1	0
           180	2024-09-24 11:22:06	1	0	1	0
           241	2024-09-24 11:39:52	1	0	1	0
           385	2024-09-24 11:40:28	1	0	1	0
           527	2024-09-24 11:45:41	1	0	1	0
           379	2024-09-24 11:49:44	1	0	1	0
            57	2024-09-24 12:00:04	1	0	1	0
            58	2024-09-24 12:00:27	1	0	1	0
           641	2024-09-24 12:02:04	1	0	1	0
           369	2024-09-24 12:02:14	1	0	1	0
           385	2024-09-24 12:02:48	1	0	1	0
           118	2024-09-24 12:03:14	1	0	1	0
           471	2024-09-24 12:03:21	1	0	1	0
           472	2024-09-24 12:04:00	1	0	1	0
           551	2024-09-24 12:07:37	1	0	1	0
            80	2024-09-24 12:07:54	1	0	1	0
           602	2024-09-24 12:12:58	1	0	1	0
           473	2024-09-24 12:13:09	1	0	1	0
           605	2024-09-24 12:13:11	1	0	1	0
            57	2024-09-24 12:17:08	1	0	1	0
            48	2024-09-24 12:17:49	1	0	1	0
            58	2024-09-24 12:18:31	1	0	1	0
           118	2024-09-24 12:19:01	1	0	1	0
           471	2024-09-24 12:19:11	1	0	1	0
           369	2024-09-24 12:21:48	1	0	1	0
           641	2024-09-24 12:23:44	1	0	1	0
           551	2024-09-24 12:37:44	1	0	1	0
            80	2024-09-24 12:38:16	1	0	1	0
            48	2024-09-24 12:39:17	1	0	1	0
           602	2024-09-24 12:39:51	1	0	1	0
           472	2024-09-24 12:40:01	1	0	1	0
           473	2024-09-24 12:40:05	1	0	1	0
           605	2024-09-24 12:40:08	1	0	1	0
           142	2024-09-24 12:42:49	1	0	1	0
           145	2024-09-24 13:05:47	1	0	1	0
           401	2024-09-24 13:05:51	1	0	1	0
           332	2024-09-24 13:25:33	1	0	1	0
           145	2024-09-24 13:58:35	1	0	1	0
           401	2024-09-24 13:58:38	1	0	1	0
           332	2024-09-24 13:58:47	1	0	1	0
           527	2024-09-24 16:00:32	1	0	1	0
           379	2024-09-24 16:03:36	1	0	1	0
           241	2024-09-24 16:03:47	1	0	1	0
           180	2024-09-24 16:04:01	1	0	1	0
            48	2024-09-24 17:00:41	1	0	1	0
            58	2024-09-24 17:00:49	1	0	1	0
            57	2024-09-24 17:00:57	1	0	1	0
            91	2024-09-24 17:01:07	1	0	1	0
           385	2024-09-24 17:04:01	1	0	1	0
           369	2024-09-24 17:04:49	1	0	1	0
           181	2024-09-24 17:05:19	1	0	1	0
           641	2024-09-24 17:05:24	1	0	1	0
           471	2024-09-24 17:06:25	1	0	1	0
           602	2024-09-24 17:06:53	1	0	1	0
           605	2024-09-24 17:07:09	1	0	1	0
           472	2024-09-24 17:07:30	1	0	1	0
           473	2024-09-24 17:07:42	1	0	1	0
            80	2024-09-24 17:08:17	1	0	1	0
           118	2024-09-24 17:11:08	1	0	1	0
           185	2024-09-24 17:37:21	1	0	1	0
           332	2024-09-24 18:04:12	1	0	1	0
           145	2024-09-24 18:04:24	1	0	1	0
           401	2024-09-24 18:04:34	1	0	1	0
           551	2024-09-24 19:02:21	1	0	1	0
           385	2024-09-25 05:52:30	1	0	1	0
            58	2024-09-25 06:20:54	1	0	1	0
           180	2024-09-25 06:51:34	1	0	1	0
           527	2024-09-25 06:53:05	1	0	1	0
           379	2024-09-25 06:58:57	1	0	1	0
           241	2024-09-25 06:59:37	1	0	1	0
            91	2024-09-25 07:00:04	1	0	1	0
           185	2024-09-25 07:00:09	1	0	1	0
           181	2024-09-25 07:05:50	1	0	1	0
            48	2024-09-25 07:14:51	1	0	1	0
           641	2024-09-25 07:31:12	1	0	1	0
           551	2024-09-25 07:38:13	1	0	1	0
           473	2024-09-25 07:40:24	1	0	1	0
           605	2024-09-25 07:40:28	1	0	1	0
           602	2024-09-25 07:41:04	1	0	1	0
            57	2024-09-25 07:54:41	1	0	1	0
            80	2024-09-25 07:57:46	1	0	1	0
           471	2024-09-25 07:58:08	1	0	1	0
           472	2024-09-25 07:58:33	1	0	1	0
           145	2024-09-25 08:12:13	1	0	1	0
           401	2024-09-25 08:43:41	1	0	1	0
           332	2024-09-25 08:51:38	1	0	1	0
           181	2024-09-25 11:01:25	1	0	1	0
           185	2024-09-25 11:01:31	1	0	1	0
           379	2024-09-25 11:01:47	1	0	1	0
           241	2024-09-25 11:04:13	1	0	1	0
           180	2024-09-25 11:06:33	1	0	1	0
           527	2024-09-25 11:12:01	1	0	1	0
           527	2024-09-25 11:28:18	1	0	1	0
           180	2024-09-25 11:28:24	1	0	1	0
           241	2024-09-25 11:28:49	1	0	1	0
           379	2024-09-25 11:52:16	1	0	1	0
           385	2024-09-25 11:53:54	1	0	1	0
            57	2024-09-25 12:00:09	1	0	1	0
            48	2024-09-25 12:00:16	1	0	1	0
            58	2024-09-25 12:00:28	1	0	1	0
           369	2024-09-25 12:00:34	1	0	1	0
            80	2024-09-25 12:00:53	1	0	1	0
           471	2024-09-25 12:01:06	1	0	1	0
           551	2024-09-25 12:01:11	1	0	1	0
           605	2024-09-25 12:01:41	1	0	1	0
           473	2024-09-25 12:02:10	1	0	1	0
           602	2024-09-25 12:02:32	1	0	1	0
           641	2024-09-25 12:08:08	1	0	1	0
           472	2024-09-25 12:11:23	1	0	1	0
            57	2024-09-25 12:16:14	1	0	1	0
            58	2024-09-25 12:17:13	1	0	1	0
            48	2024-09-25 12:17:18	1	0	1	0
           369	2024-09-25 12:20:13	1	0	1	0
           551	2024-09-25 12:21:42	1	0	1	0
            80	2024-09-25 12:21:48	1	0	1	0
           471	2024-09-25 12:23:09	1	0	1	0
           385	2024-09-25 12:28:17	1	0	1	0
           641	2024-09-25 12:29:57	1	0	1	0
           472	2024-09-25 12:35:05	1	0	1	0
           602	2024-09-25 12:39:18	1	0	1	0
           473	2024-09-25 12:42:43	1	0	1	0
           605	2024-09-25 12:42:46	1	0	1	0
           145	2024-09-25 13:17:48	1	0	1	0
           401	2024-09-25 13:17:57	1	0	1	0
           332	2024-09-25 13:45:58	1	0	1	0
           145	2024-09-25 13:55:21	1	0	1	0
           401	2024-09-25 13:55:24	1	0	1	0
           332	2024-09-25 14:01:18	1	0	1	0
           379	2024-09-25 16:06:24	1	0	1	0
           185	2024-09-25 16:47:00	1	0	1	0
           181	2024-09-25 16:47:07	1	0	1	0
           241	2024-09-25 16:47:34	1	0	1	0
           180	2024-09-25 16:49:53	1	0	1	0
           471	2024-09-25 17:00:04	1	0	1	0
           472	2024-09-25 17:00:09	1	0	1	0
            57	2024-09-25 17:00:20	1	0	1	0
           527	2024-09-25 17:00:44	1	0	1	0
            58	2024-09-25 17:00:52	1	0	1	0
            48	2024-09-25 17:01:18	1	0	1	0
           369	2024-09-25 17:02:36	1	0	1	0
           605	2024-09-25 17:04:00	1	0	1	0
           385	2024-09-25 17:05:46	1	0	1	0
           641	2024-09-25 17:06:52	1	0	1	0
           602	2024-09-25 17:11:35	1	0	1	0
           473	2024-09-25 17:11:39	1	0	1	0
            80	2024-09-25 17:14:22	1	0	1	0
            91	2024-09-25 17:15:47	1	0	1	0
           332	2024-09-25 18:02:31	1	0	1	0
           145	2024-09-25 18:10:41	1	0	1	0
           551	2024-09-25 19:19:58	1	0	1	0
           385	2024-09-26 06:03:47	1	0	1	0
            58	2024-09-26 06:27:38	1	0	1	0
           527	2024-09-26 06:49:01	1	0	1	0
           180	2024-09-26 06:53:21	1	0	1	0
           379	2024-09-26 06:58:31	1	0	1	0
           241	2024-09-26 07:00:40	1	0	1	0
            91	2024-09-26 07:04:54	1	0	1	0
           185	2024-09-26 07:05:00	1	0	1	0
            48	2024-09-26 07:10:41	1	0	1	0
           181	2024-09-26 07:25:20	1	0	1	0
           551	2024-09-26 07:31:40	1	0	1	0
           641	2024-09-26 07:34:30	1	0	1	0
           602	2024-09-26 07:36:00	1	0	1	0
           118	2024-09-26 07:37:09	1	0	1	0
           471	2024-09-26 07:40:06	1	0	1	0
           472	2024-09-26 07:40:13	1	0	1	0
           473	2024-09-26 07:40:50	1	0	1	0
           605	2024-09-26 07:45:01	1	0	1	0
           369	2024-09-26 07:54:11	1	0	1	0
           142	2024-09-26 07:55:34	1	0	1	0
            80	2024-09-26 07:56:08	1	0	1	0
            57	2024-09-26 08:00:02	1	0	1	0
           145	2024-09-26 08:29:07	1	0	1	0
           401	2024-09-26 09:04:40	1	0	1	0
           144	2024-09-26 09:20:03	1	0	1	0
           332	2024-09-26 10:05:26	1	0	1	0
           379	2024-09-26 11:02:07	1	0	1	0
           180	2024-09-26 11:04:01	1	0	1	0
           185	2024-09-26 11:04:10	1	0	1	0
           527	2024-09-26 11:04:19	1	0	1	0
           181	2024-09-26 11:08:15	1	0	1	0
           241	2024-09-26 11:09:45	1	0	1	0
           185	2024-09-26 11:26:02	1	0	1	0
           527	2024-09-26 11:26:06	1	0	1	0
           181	2024-09-26 11:26:21	1	0	1	0
           241	2024-09-26 11:34:23	1	0	1	0
           180	2024-09-26 11:40:51	1	0	1	0
           379	2024-09-26 11:55:40	1	0	1	0
           385	2024-09-26 11:58:23	1	0	1	0
           142	2024-09-26 12:01:52	1	0	1	0
           369	2024-09-26 12:01:56	1	0	1	0
            57	2024-09-26 12:02:28	1	0	1	0
            48	2024-09-26 12:03:23	1	0	1	0
            58	2024-09-26 12:03:28	1	0	1	0
           641	2024-09-26 12:04:20	1	0	1	0
           471	2024-09-26 12:04:54	1	0	1	0
           605	2024-09-26 12:05:04	1	0	1	0
           602	2024-09-26 12:05:14	1	0	1	0
           473	2024-09-26 12:06:10	1	0	1	0
           551	2024-09-26 12:08:22	1	0	1	0
           385	2024-09-26 12:16:28	1	0	1	0
            57	2024-09-26 12:17:37	1	0	1	0
            48	2024-09-26 12:18:34	1	0	1	0
            58	2024-09-26 12:18:43	1	0	1	0
           471	2024-09-26 12:25:30	1	0	1	0
           605	2024-09-26 12:25:46	1	0	1	0
            80	2024-09-26 12:28:09	1	0	1	0
           551	2024-09-26 12:30:04	1	0	1	0
           602	2024-09-26 12:31:49	1	0	1	0
           118	2024-09-26 12:32:08	1	0	1	0
           472	2024-09-26 12:34:26	1	0	1	0
           369	2024-09-26 12:37:14	1	0	1	0
           473	2024-09-26 12:39:35	1	0	1	0
           641	2024-09-26 12:42:00	1	0	1	0
            80	2024-09-26 12:47:39	1	0	1	0
           142	2024-09-26 12:54:17	1	0	1	0
           118	2024-09-26 12:56:36	1	0	1	0
           472	2024-09-26 12:56:39	1	0	1	0
           145	2024-09-26 13:07:47	1	0	1	0
           144	2024-09-26 13:32:35	1	0	1	0
           145	2024-09-26 13:33:19	1	0	1	0
           332	2024-09-26 13:35:44	1	0	1	0
           401	2024-09-26 13:44:09	1	0	1	0
           144	2024-09-26 13:54:30	1	0	1	0
           332	2024-09-26 13:55:49	1	0	1	0
           401	2024-09-26 14:00:58	1	0	1	0
           181	2024-09-26 16:01:05	1	0	1	0
           527	2024-09-26 16:11:14	1	0	1	0
           185	2024-09-26 16:27:13	1	0	1	0
           180	2024-09-26 16:27:20	1	0	1	0
           379	2024-09-26 16:31:11	1	0	1	0
           241	2024-09-26 16:31:13	1	0	1	0
            57	2024-09-26 17:00:06	1	0	1	0
            58	2024-09-26 17:01:12	1	0	1	0
           385	2024-09-26 17:04:10	1	0	1	0
           369	2024-09-26 17:04:16	1	0	1	0
           471	2024-09-26 17:07:32	1	0	1	0
           472	2024-09-26 17:07:35	1	0	1	0
           473	2024-09-26 17:09:27	1	0	1	0
           602	2024-09-26 17:09:32	1	0	1	0
           605	2024-09-26 17:09:36	1	0	1	0
           142	2024-09-26 17:15:04	1	0	1	0
            48	2024-09-26 17:15:16	1	0	1	0
            80	2024-09-26 17:17:44	1	0	1	0
           118	2024-09-26 17:26:29	1	0	1	0
           641	2024-09-26 17:41:22	1	0	1	0
           144	2024-09-26 18:01:58	1	0	1	0
           401	2024-09-26 18:03:44	1	0	1	0
           145	2024-09-26 18:04:56	1	0	1	0
           332	2024-09-26 18:25:39	1	0	1	0
           551	2024-09-26 19:25:43	1	0	1	0
           385	2024-09-27 05:57:36	1	0	1	0
            58	2024-09-27 06:16:43	1	0	1	0
            91	2024-09-27 06:46:50	1	0	1	0
           180	2024-09-27 06:47:31	1	0	1	0
           181	2024-09-27 06:55:08	1	0	1	0
           379	2024-09-27 06:58:50	1	0	1	0
            48	2024-09-27 06:59:54	1	0	1	0
           241	2024-09-27 07:01:41	1	0	1	0
           473	2024-09-27 07:33:38	1	0	1	0
           602	2024-09-27 07:39:36	1	0	1	0
           641	2024-09-27 07:44:44	1	0	1	0
           551	2024-09-27 07:49:05	1	0	1	0
           142	2024-09-27 07:52:50	1	0	1	0
            80	2024-09-27 07:57:38	1	0	1	0
           471	2024-09-27 07:58:19	1	0	1	0
           605	2024-09-27 07:58:30	1	0	1	0
           369	2024-09-27 08:04:54	1	0	1	0
            57	2024-09-27 08:06:13	1	0	1	0
           145	2024-09-27 08:22:26	1	0	1	0
           332	2024-09-27 08:59:22	1	0	1	0
           144	2024-09-27 09:02:35	1	0	1	0
           379	2024-09-27 11:01:25	1	0	1	0
           180	2024-09-27 11:01:59	1	0	1	0
           379	2024-09-27 11:17:33	1	0	1	0
           180	2024-09-27 11:20:14	1	0	1	0
           241	2024-09-27 11:21:50	1	0	1	0
           385	2024-09-27 11:37:52	1	0	1	0
           181	2024-09-27 11:40:17	1	0	1	0
           241	2024-09-27 11:45:23	1	0	1	0
            57	2024-09-27 12:00:48	1	0	1	0
            48	2024-09-27 12:01:04	1	0	1	0
            58	2024-09-27 12:01:11	1	0	1	0
           369	2024-09-27 12:01:31	1	0	1	0
           641	2024-09-27 12:02:39	1	0	1	0
           142	2024-09-27 12:02:46	1	0	1	0
           605	2024-09-27 12:03:54	1	0	1	0
           385	2024-09-27 12:10:49	1	0	1	0
           473	2024-09-27 12:14:50	1	0	1	0
           471	2024-09-27 12:14:54	1	0	1	0
            57	2024-09-27 12:16:36	1	0	1	0
           369	2024-09-27 12:16:44	1	0	1	0
            48	2024-09-27 12:17:00	1	0	1	0
            58	2024-09-27 12:17:11	1	0	1	0
           602	2024-09-27 12:29:59	1	0	1	0
           641	2024-09-27 12:36:37	1	0	1	0
           471	2024-09-27 12:38:22	1	0	1	0
           142	2024-09-27 12:47:45	1	0	1	0
           602	2024-09-27 12:56:26	1	0	1	0
           605	2024-09-27 12:56:33	1	0	1	0
           473	2024-09-27 12:58:50	1	0	1	0
           145	2024-09-27 13:09:47	1	0	1	0
           332	2024-09-27 13:12:42	1	0	1	0
           144	2024-09-27 13:31:17	1	0	1	0
           332	2024-09-27 13:36:37	1	0	1	0
           145	2024-09-27 13:44:19	1	0	1	0
           144	2024-09-27 14:02:23	1	0	1	0
           379	2024-09-27 16:07:04	1	0	1	0
           180	2024-09-27 16:17:59	1	0	1	0
           241	2024-09-27 16:18:51	1	0	1	0
           181	2024-09-27 16:23:40	1	0	1	0
            91	2024-09-27 16:39:09	1	0	1	0
            57	2024-09-27 17:00:08	1	0	1	0
            58	2024-09-27 17:00:20	1	0	1	0
            48	2024-09-27 17:00:28	1	0	1	0
           641	2024-09-27 17:02:22	1	0	1	0
           385	2024-09-27 17:02:25	1	0	1	0
            80	2024-09-27 17:03:50	1	0	1	0
           602	2024-09-27 17:04:08	1	0	1	0
           605	2024-09-27 17:04:27	1	0	1	0
           473	2024-09-27 17:04:51	1	0	1	0
           471	2024-09-27 17:06:04	1	0	1	0
           142	2024-09-27 17:14:54	1	0	1	0
           145	2024-09-27 18:05:21	1	0	1	0
           332	2024-09-27 18:07:39	1	0	1	0
           144	2024-09-27 18:11:15	1	0	1	0
           369	2024-09-27 18:28:20	1	0	1	0
           551	2024-09-27 20:17:07	1	0	1	0
           605	2024-09-28 11:43:02	1	0	1	0
           473	2024-09-28 11:59:01	1	0	1	0
           605	2024-09-28 20:24:55	1	0	1	0
           473	2024-09-28 20:25:18	1	0	1	0
           385	2024-09-30 06:00:02	1	0	1	0
            58	2024-09-30 06:27:45	1	0	1	0
           379	2024-09-30 06:50:37	1	0	1	0
            91	2024-09-30 06:52:56	1	0	1	0
           180	2024-09-30 06:53:04	1	0	1	0
           527	2024-09-30 06:53:35	1	0	1	0
           536	2024-09-30 06:56:25	1	0	1	0
            48	2024-09-30 06:57:31	1	0	1	0
           181	2024-09-30 07:00:38	1	0	1	0
           241	2024-09-30 07:08:24	1	0	1	0
           602	2024-09-30 07:13:20	1	0	1	0
           641	2024-09-30 07:27:12	1	0	1	0
           118	2024-09-30 07:36:08	1	0	1	0
           473	2024-09-30 07:45:14	1	0	1	0
           142	2024-09-30 07:48:28	1	0	1	0
           145	2024-09-30 07:49:04	1	0	1	0
           605	2024-09-30 07:49:14	1	0	1	0
           472	2024-09-30 07:49:31	1	0	1	0
           471	2024-09-30 07:50:31	1	0	1	0
           551	2024-09-30 07:52:36	1	0	1	0
            80	2024-09-30 08:03:26	1	0	1	0
           369	2024-09-30 08:07:23	1	0	1	0
            57	2024-09-30 08:17:42	1	0	1	0
           144	2024-09-30 09:56:34	1	0	1	0
           332	2024-09-30 10:37:48	1	0	1	0
           379	2024-09-30 11:05:03	1	0	1	0
           241	2024-09-30 11:05:21	1	0	1	0
           181	2024-09-30 11:07:19	1	0	1	0
           527	2024-09-30 11:07:23	1	0	1	0
            91	2024-09-30 11:11:18	1	0	1	0
           180	2024-09-30 11:14:24	1	0	1	0
           536	2024-09-30 11:20:26	1	0	1	0
           241	2024-09-30 11:25:54	1	0	1	0
            91	2024-09-30 11:26:28	1	0	1	0
           181	2024-09-30 11:32:49	1	0	1	0
           527	2024-09-30 11:32:54	1	0	1	0
           385	2024-09-30 11:37:02	1	0	1	0
           536	2024-09-30 11:43:51	1	0	1	0
           379	2024-09-30 11:44:28	1	0	1	0
           180	2024-09-30 11:46:18	1	0	1	0
           385	2024-09-30 11:57:26	1	0	1	0
            57	2024-09-30 12:00:35	1	0	1	0
           142	2024-09-30 12:01:08	1	0	1	0
           602	2024-09-30 12:01:59	1	0	1	0
           471	2024-09-30 12:02:04	1	0	1	0
           472	2024-09-30 12:02:12	1	0	1	0
            58	2024-09-30 12:02:27	1	0	1	0
           473	2024-09-30 12:02:32	1	0	1	0
           605	2024-09-30 12:02:35	1	0	1	0
           641	2024-09-30 12:02:57	1	0	1	0
           369	2024-09-30 12:06:00	1	0	1	0
           551	2024-09-30 12:06:09	1	0	1	0
            80	2024-09-30 12:07:56	1	0	1	0
           118	2024-09-30 12:13:30	1	0	1	0
            48	2024-09-30 12:15:24	1	0	1	0
            57	2024-09-30 12:18:14	1	0	1	0
            58	2024-09-30 12:18:19	1	0	1	0
            80	2024-09-30 12:26:46	1	0	1	0
           551	2024-09-30 12:26:56	1	0	1	0
           142	2024-09-30 12:27:35	1	0	1	0
           369	2024-09-30 12:28:04	1	0	1	0
           472	2024-09-30 12:28:41	1	0	1	0
           605	2024-09-30 12:31:18	1	0	1	0
           641	2024-09-30 12:31:32	1	0	1	0
           602	2024-09-30 12:31:38	1	0	1	0
           473	2024-09-30 12:31:47	1	0	1	0
           118	2024-09-30 12:44:29	1	0	1	0
            48	2024-09-30 12:45:57	1	0	1	0
           332	2024-09-30 13:08:05	1	0	1	0
           145	2024-09-30 13:14:45	1	0	1	0
           144	2024-09-30 13:21:00	1	0	1	0
           332	2024-09-30 13:31:50	1	0	1	0
           145	2024-09-30 13:53:44	1	0	1	0
           144	2024-09-30 14:01:56	1	0	1	0
           401	2024-09-30 14:06:19	1	0	1	0
           527	2024-09-30 16:03:38	1	0	1	0
           536	2024-09-30 16:03:52	1	0	1	0
            91	2024-09-30 16:12:47	1	0	1	0
           181	2024-09-30 16:18:57	1	0	1	0
           379	2024-09-30 16:19:10	1	0	1	0
           180	2024-09-30 16:49:41	1	0	1	0
            57	2024-09-30 17:00:20	1	0	1	0
            48	2024-09-30 17:00:41	1	0	1	0
            58	2024-09-30 17:00:49	1	0	1	0
           473	2024-09-30 17:03:36	1	0	1	0
           471	2024-09-30 17:04:00	1	0	1	0
           472	2024-09-30 17:04:10	1	0	1	0
           602	2024-09-30 17:04:26	1	0	1	0
           118	2024-09-30 17:04:29	1	0	1	0
           605	2024-09-30 17:04:42	1	0	1	0
           241	2024-09-30 17:05:44	1	0	1	0
            80	2024-09-30 17:15:25	1	0	1	0
           551	2024-09-30 17:15:27	1	0	1	0
           142	2024-09-30 17:17:51	1	0	1	0
           385	2024-09-30 17:18:22	1	0	1	0
           641	2024-09-30 17:21:11	1	0	1	0
           145	2024-09-30 18:07:50	1	0	1	0
           332	2024-09-30 18:11:28	1	0	1	0
           144	2024-09-30 18:26:16	1	0	1	0
           401	2024-09-30 18:28:26	1	0	1	0
           385	2024-10-01 06:10:09	1	0	1	0
            58	2024-10-01 06:24:53	1	0	1	0
           527	2024-10-01 06:45:21	1	0	1	0
           379	2024-10-01 06:48:06	1	0	1	0
           180	2024-10-01 06:52:09	1	0	1	0
           536	2024-10-01 06:53:54	1	0	1	0
           241	2024-10-01 07:00:09	1	0	1	0
           181	2024-10-01 07:02:08	1	0	1	0
           602	2024-10-01 07:31:50	1	0	1	0
            48	2024-10-01 07:36:49	1	0	1	0
           641	2024-10-01 07:37:58	1	0	1	0
           473	2024-10-01 07:38:46	1	0	1	0
           118	2024-10-01 07:39:04	1	0	1	0
           605	2024-10-01 07:50:21	1	0	1	0
           142	2024-10-01 07:55:51	1	0	1	0
           472	2024-10-01 07:57:22	1	0	1	0
           471	2024-10-01 07:58:37	1	0	1	0
            80	2024-10-01 08:00:41	1	0	1	0
            57	2024-10-01 08:07:05	1	0	1	0
           145	2024-10-01 08:29:56	1	0	1	0
           401	2024-10-01 08:54:25	1	0	1	0
           144	2024-10-01 09:01:25	1	0	1	0
           180	2024-10-01 11:01:42	1	0	1	0
           181	2024-10-01 11:01:51	1	0	1	0
           527	2024-10-01 11:01:55	1	0	1	0
           379	2024-10-01 11:02:13	1	0	1	0
           241	2024-10-01 11:03:30	1	0	1	0
           527	2024-10-01 11:31:04	1	0	1	0
           181	2024-10-01 11:32:14	1	0	1	0
           536	2024-10-01 11:32:49	1	0	1	0
           241	2024-10-01 11:35:52	1	0	1	0
           180	2024-10-01 11:39:16	1	0	1	0
           385	2024-10-01 11:45:13	1	0	1	0
           379	2024-10-01 11:52:12	1	0	1	0
           536	2024-10-01 11:53:56	1	0	1	0
           641	2024-10-01 12:00:17	1	0	1	0
           385	2024-10-01 12:00:21	1	0	1	0
            57	2024-10-01 12:00:29	1	0	1	0
           471	2024-10-01 12:00:37	1	0	1	0
            48	2024-10-01 12:00:44	1	0	1	0
            58	2024-10-01 12:00:54	1	0	1	0
           142	2024-10-01 12:01:45	1	0	1	0
            80	2024-10-01 12:02:41	1	0	1	0
           473	2024-10-01 12:06:24	1	0	1	0
           605	2024-10-01 12:06:28	1	0	1	0
            48	2024-10-01 12:16:39	1	0	1	0
            57	2024-10-01 12:16:46	1	0	1	0
            58	2024-10-01 12:16:53	1	0	1	0
            80	2024-10-01 12:17:47	1	0	1	0
           471	2024-10-01 12:18:33	1	0	1	0
           602	2024-10-01 12:18:54	1	0	1	0
           118	2024-10-01 12:19:12	1	0	1	0
           472	2024-10-01 12:19:25	1	0	1	0
           605	2024-10-01 12:28:46	1	0	1	0
           118	2024-10-01 12:35:15	1	0	1	0
           641	2024-10-01 12:39:49	1	0	1	0
           602	2024-10-01 12:43:14	1	0	1	0
           472	2024-10-01 12:44:53	1	0	1	0
           473	2024-10-01 12:45:57	1	0	1	0
           142	2024-10-01 13:00:51	1	0	1	0
           145	2024-10-01 13:19:38	1	0	1	0
           401	2024-10-01 13:19:47	1	0	1	0
           144	2024-10-01 13:31:05	1	0	1	0
           145	2024-10-01 13:54:04	1	0	1	0
           401	2024-10-01 13:54:12	1	0	1	0
           144	2024-10-01 13:54:33	1	0	1	0
           332	2024-10-01 14:06:42	1	0	1	0
           379	2024-10-01 16:02:02	1	0	1	0
           536	2024-10-01 16:09:38	1	0	1	0
           527	2024-10-01 16:10:39	1	0	1	0
           241	2024-10-01 16:43:50	1	0	1	0
           180	2024-10-01 16:51:27	1	0	1	0
           181	2024-10-01 16:58:43	1	0	1	0
            48	2024-10-01 17:00:04	1	0	1	0
            58	2024-10-01 17:00:12	1	0	1	0
            57	2024-10-01 17:00:19	1	0	1	0
           641	2024-10-01 17:00:29	1	0	1	0
           471	2024-10-01 17:01:00	1	0	1	0
           472	2024-10-01 17:01:12	1	0	1	0
           605	2024-10-01 17:04:12	1	0	1	0
            91	2024-10-01 17:04:55	1	0	1	0
           385	2024-10-01 17:08:30	1	0	1	0
           602	2024-10-01 17:15:43	1	0	1	0
           142	2024-10-01 17:16:46	1	0	1	0
           118	2024-10-01 17:17:18	1	0	1	0
           473	2024-10-01 17:18:29	1	0	1	0
            80	2024-10-01 17:26:18	1	0	1	0
           144	2024-10-01 18:01:10	1	0	1	0
           332	2024-10-01 18:04:25	1	0	1	0
           401	2024-10-01 18:04:32	1	0	1	0
           145	2024-10-01 18:04:45	1	0	1	0
            58	2024-10-02 05:57:51	1	0	1	0
           385	2024-10-02 05:58:34	1	0	1	0
           527	2024-10-02 06:45:30	1	0	1	0
           185	2024-10-02 06:50:07	1	0	1	0
           180	2024-10-02 06:50:23	1	0	1	0
            91	2024-10-02 06:52:25	1	0	1	0
           181	2024-10-02 06:58:28	1	0	1	0
           241	2024-10-02 07:00:40	1	0	1	0
           379	2024-10-02 07:00:49	1	0	1	0
            48	2024-10-02 07:11:25	1	0	1	0
           602	2024-10-02 07:29:19	1	0	1	0
           118	2024-10-02 07:33:19	1	0	1	0
           641	2024-10-02 07:34:02	1	0	1	0
           142	2024-10-02 07:42:25	1	0	1	0
           473	2024-10-02 07:50:24	1	0	1	0
           369	2024-10-02 07:52:56	1	0	1	0
           605	2024-10-02 07:53:58	1	0	1	0
           472	2024-10-02 07:54:24	1	0	1	0
           471	2024-10-02 07:54:42	1	0	1	0
            80	2024-10-02 07:58:54	1	0	1	0
            57	2024-10-02 08:03:41	1	0	1	0
           332	2024-10-02 08:13:18	1	0	1	0
           145	2024-10-02 08:36:01	1	0	1	0
           144	2024-10-02 08:55:00	1	0	1	0
           401	2024-10-02 08:57:19	1	0	1	0
           180	2024-10-02 11:03:46	1	0	1	0
           181	2024-10-02 11:03:52	1	0	1	0
           379	2024-10-02 11:07:05	1	0	1	0
           185	2024-10-02 11:08:00	1	0	1	0
           527	2024-10-02 11:11:52	1	0	1	0
           241	2024-10-02 11:14:58	1	0	1	0
           185	2024-10-02 11:27:21	1	0	1	0
           180	2024-10-02 11:32:17	1	0	1	0
           527	2024-10-02 11:33:05	1	0	1	0
           241	2024-10-02 11:36:29	1	0	1	0
           379	2024-10-02 11:42:44	1	0	1	0
           385	2024-10-02 11:45:16	1	0	1	0
           181	2024-10-02 11:48:40	1	0	1	0
           142	2024-10-02 12:01:03	1	0	1	0
            80	2024-10-02 12:01:34	1	0	1	0
           369	2024-10-02 12:01:41	1	0	1	0
            58	2024-10-02 12:01:59	1	0	1	0
           641	2024-10-02 12:02:12	1	0	1	0
            48	2024-10-02 12:06:29	1	0	1	0
           551	2024-10-02 12:07:09	1	0	1	0
           471	2024-10-02 12:07:40	1	0	1	0
           472	2024-10-02 12:08:22	1	0	1	0
           385	2024-10-02 12:11:07	1	0	1	0
           142	2024-10-02 12:16:21	1	0	1	0
           602	2024-10-02 12:16:54	1	0	1	0
           605	2024-10-02 12:17:02	1	0	1	0
            58	2024-10-02 12:17:50	1	0	1	0
           369	2024-10-02 12:21:14	1	0	1	0
           641	2024-10-02 12:25:53	1	0	1	0
           471	2024-10-02 12:27:55	1	0	1	0
           472	2024-10-02 12:28:01	1	0	1	0
            57	2024-10-02 12:33:53	1	0	1	0
           551	2024-10-02 12:34:46	1	0	1	0
            80	2024-10-02 12:34:52	1	0	1	0
            48	2024-10-02 12:35:33	1	0	1	0
           473	2024-10-02 12:37:36	1	0	1	0
           118	2024-10-02 12:42:44	1	0	1	0
            57	2024-10-02 12:50:06	1	0	1	0
           605	2024-10-02 12:50:30	1	0	1	0
           602	2024-10-02 12:53:59	1	0	1	0
           473	2024-10-02 12:55:09	1	0	1	0
           118	2024-10-02 12:58:12	1	0	1	0
           332	2024-10-02 13:04:32	1	0	1	0
           144	2024-10-02 13:11:14	1	0	1	0
           145	2024-10-02 13:28:52	1	0	1	0
           401	2024-10-02 13:28:58	1	0	1	0
           145	2024-10-02 13:57:50	1	0	1	0
           401	2024-10-02 13:57:56	1	0	1	0
           144	2024-10-02 13:58:15	1	0	1	0
           332	2024-10-02 14:00:46	1	0	1	0
           181	2024-10-02 16:13:59	1	0	1	0
           527	2024-10-02 16:16:35	1	0	1	0
           241	2024-10-02 16:20:29	1	0	1	0
           379	2024-10-02 16:41:15	1	0	1	0
           180	2024-10-02 16:56:41	1	0	1	0
            48	2024-10-02 17:00:06	1	0	1	0
            58	2024-10-02 17:00:09	1	0	1	0
            57	2024-10-02 17:00:15	1	0	1	0
           385	2024-10-02 17:00:20	1	0	1	0
           641	2024-10-02 17:00:30	1	0	1	0
           471	2024-10-02 17:01:15	1	0	1	0
           369	2024-10-02 17:02:09	1	0	1	0
           472	2024-10-02 17:02:18	1	0	1	0
           118	2024-10-02 17:04:32	1	0	1	0
           473	2024-10-02 17:04:52	1	0	1	0
           605	2024-10-02 17:04:59	1	0	1	0
           602	2024-10-02 17:05:09	1	0	1	0
           142	2024-10-02 17:15:43	1	0	1	0
           145	2024-10-02 18:02:45	1	0	1	0
           144	2024-10-02 18:02:53	1	0	1	0
           401	2024-10-02 18:02:59	1	0	1	0
           332	2024-10-02 18:03:15	1	0	1	0
           185	2024-10-02 18:30:44	1	0	1	0
           551	2024-10-02 19:47:06	1	0	1	0
           385	2024-10-03 05:48:40	1	0	1	0
            58	2024-10-03 06:24:30	1	0	1	0
           527	2024-10-03 06:49:49	1	0	1	0
           185	2024-10-03 06:51:04	1	0	1	0
           180	2024-10-03 06:52:16	1	0	1	0
           379	2024-10-03 06:55:43	1	0	1	0
            48	2024-10-03 07:01:11	1	0	1	0
           181	2024-10-03 07:01:16	1	0	1	0
           536	2024-10-03 07:05:54	1	0	1	0
           142	2024-10-03 07:08:33	1	0	1	0
           401	2024-10-03 07:28:07	1	0	1	0
           641	2024-10-03 07:32:45	1	0	1	0
           551	2024-10-03 07:39:32	1	0	1	0
           118	2024-10-03 07:43:16	1	0	1	0
           602	2024-10-03 07:43:30	1	0	1	0
           473	2024-10-03 07:51:32	1	0	1	0
           472	2024-10-03 07:53:25	1	0	1	0
           471	2024-10-03 07:53:46	1	0	1	0
           605	2024-10-03 07:58:48	1	0	1	0
            80	2024-10-03 08:00:11	1	0	1	0
            57	2024-10-03 08:01:40	1	0	1	0
           369	2024-10-03 08:12:16	1	0	1	0
           145	2024-10-03 08:23:01	1	0	1	0
           332	2024-10-03 08:54:18	1	0	1	0
           144	2024-10-03 09:28:35	1	0	1	0
           379	2024-10-03 11:01:07	1	0	1	0
           185	2024-10-03 11:05:23	1	0	1	0
           180	2024-10-03 11:05:31	1	0	1	0
           181	2024-10-03 11:05:38	1	0	1	0
           536	2024-10-03 11:05:42	1	0	1	0
           527	2024-10-03 11:05:47	1	0	1	0
           536	2024-10-03 11:20:58	1	0	1	0
           180	2024-10-03 11:21:17	1	0	1	0
           185	2024-10-03 11:31:29	1	0	1	0
           181	2024-10-03 11:31:35	1	0	1	0
           527	2024-10-03 11:31:40	1	0	1	0
           385	2024-10-03 11:46:51	1	0	1	0
           379	2024-10-03 11:48:32	1	0	1	0
           641	2024-10-03 12:00:08	1	0	1	0
            57	2024-10-03 12:00:44	1	0	1	0
            58	2024-10-03 12:00:56	1	0	1	0
            48	2024-10-03 12:01:02	1	0	1	0
           142	2024-10-03 12:01:10	1	0	1	0
           602	2024-10-03 12:01:26	1	0	1	0
           473	2024-10-03 12:01:29	1	0	1	0
           605	2024-10-03 12:01:31	1	0	1	0
           472	2024-10-03 12:04:45	1	0	1	0
           471	2024-10-03 12:04:52	1	0	1	0
           369	2024-10-03 12:06:55	1	0	1	0
           551	2024-10-03 12:09:16	1	0	1	0
           385	2024-10-03 12:13:06	1	0	1	0
            57	2024-10-03 12:16:01	1	0	1	0
            58	2024-10-03 12:16:12	1	0	1	0
            48	2024-10-03 12:16:20	1	0	1	0
           473	2024-10-03 12:22:26	1	0	1	0
           605	2024-10-03 12:22:28	1	0	1	0
           472	2024-10-03 12:22:41	1	0	1	0
           471	2024-10-03 12:22:47	1	0	1	0
           602	2024-10-03 12:23:01	1	0	1	0
           118	2024-10-03 12:28:02	1	0	1	0
           641	2024-10-03 12:32:28	1	0	1	0
           142	2024-10-03 12:39:36	1	0	1	0
           551	2024-10-03 12:42:37	1	0	1	0
           369	2024-10-03 12:49:18	1	0	1	0
           118	2024-10-03 12:50:50	1	0	1	0
           145	2024-10-03 13:08:40	1	0	1	0
           144	2024-10-03 13:19:04	1	0	1	0
           145	2024-10-03 13:23:54	1	0	1	0
           332	2024-10-03 13:33:14	1	0	1	0
           332	2024-10-03 13:55:24	1	0	1	0
           536	2024-10-03 16:02:17	1	0	1	0
           379	2024-10-03 16:02:37	1	0	1	0
           181	2024-10-03 16:05:29	1	0	1	0
           527	2024-10-03 16:05:49	1	0	1	0
           185	2024-10-03 16:22:22	1	0	1	0
           180	2024-10-03 16:35:05	1	0	1	0
            57	2024-10-03 17:00:12	1	0	1	0
            48	2024-10-03 17:00:25	1	0	1	0
            58	2024-10-03 17:00:34	1	0	1	0
           641	2024-10-03 17:02:03	1	0	1	0
           369	2024-10-03 17:02:48	1	0	1	0
           471	2024-10-03 17:03:59	1	0	1	0
           472	2024-10-03 17:04:38	1	0	1	0
            80	2024-10-03 17:05:43	1	0	1	0
           551	2024-10-03 17:09:42	1	0	1	0
           385	2024-10-03 17:10:02	1	0	1	0
           602	2024-10-03 17:14:45	1	0	1	0
           605	2024-10-03 17:14:57	1	0	1	0
           118	2024-10-03 17:15:40	1	0	1	0
           473	2024-10-03 17:15:49	1	0	1	0
           142	2024-10-03 17:26:40	1	0	1	0
           401	2024-10-03 17:28:50	1	0	1	0
           332	2024-10-03 18:04:29	1	0	1	0
           144	2024-10-03 18:06:47	1	0	1	0
           145	2024-10-03 18:07:10	1	0	1	0
           385	2024-10-04 05:59:38	1	0	1	0
            58	2024-10-04 06:21:18	1	0	1	0
           180	2024-10-04 06:53:08	1	0	1	0
           379	2024-10-04 06:53:29	1	0	1	0
           181	2024-10-04 06:55:38	1	0	1	0
           118	2024-10-04 06:56:51	1	0	1	0
           185	2024-10-04 07:01:56	1	0	1	0
           536	2024-10-04 07:03:16	1	0	1	0
            48	2024-10-04 07:08:26	1	0	1	0
           142	2024-10-04 07:30:00	1	0	1	0
           401	2024-10-04 07:32:37	1	0	1	0
           602	2024-10-04 07:33:58	1	0	1	0
           641	2024-10-04 07:35:20	1	0	1	0
           473	2024-10-04 07:37:12	1	0	1	0
           605	2024-10-04 07:39:41	1	0	1	0
           369	2024-10-04 07:57:40	1	0	1	0
            80	2024-10-04 07:58:12	1	0	1	0
           472	2024-10-04 07:59:11	1	0	1	0
           471	2024-10-04 07:59:43	1	0	1	0
            57	2024-10-04 08:04:25	1	0	1	0
           145	2024-10-04 08:36:15	1	0	1	0
           144	2024-10-04 09:03:56	1	0	1	0
           332	2024-10-04 10:20:52	1	0	1	0
           379	2024-10-04 11:01:14	1	0	1	0
           180	2024-10-04 11:02:44	1	0	1	0
           536	2024-10-04 11:02:50	1	0	1	0
           185	2024-10-04 11:03:33	1	0	1	0
           379	2024-10-04 11:18:37	1	0	1	0
           181	2024-10-04 11:22:49	1	0	1	0
           185	2024-10-04 11:27:40	1	0	1	0
           385	2024-10-04 11:41:47	1	0	1	0
           536	2024-10-04 11:42:46	1	0	1	0
           181	2024-10-04 11:42:54	1	0	1	0
           180	2024-10-04 11:43:10	1	0	1	0
           385	2024-10-04 11:59:10	1	0	1	0
           472	2024-10-04 12:00:14	1	0	1	0
           471	2024-10-04 12:00:20	1	0	1	0
            58	2024-10-04 12:01:04	1	0	1	0
            48	2024-10-04 12:01:09	1	0	1	0
           605	2024-10-04 12:03:04	1	0	1	0
           473	2024-10-04 12:03:08	1	0	1	0
           602	2024-10-04 12:03:23	1	0	1	0
           641	2024-10-04 12:03:45	1	0	1	0
            80	2024-10-04 12:06:41	1	0	1	0
           118	2024-10-04 12:07:38	1	0	1	0
           369	2024-10-04 12:12:09	1	0	1	0
            58	2024-10-04 12:17:35	1	0	1	0
           142	2024-10-04 12:17:57	1	0	1	0
            48	2024-10-04 12:18:02	1	0	1	0
           471	2024-10-04 12:20:35	1	0	1	0
           118	2024-10-04 12:22:49	1	0	1	0
            80	2024-10-04 12:30:10	1	0	1	0
           605	2024-10-04 12:30:40	1	0	1	0
           473	2024-10-04 12:30:44	1	0	1	0
           602	2024-10-04 12:30:49	1	0	1	0
           142	2024-10-04 12:39:12	1	0	1	0
            57	2024-10-04 12:39:28	1	0	1	0
           472	2024-10-04 12:39:44	1	0	1	0
           118	2024-10-04 12:40:36	1	0	1	0
           641	2024-10-04 12:44:03	1	0	1	0
            57	2024-10-04 12:55:17	1	0	1	0
           145	2024-10-04 13:26:36	1	0	1	0
           332	2024-10-04 13:28:38	1	0	1	0
           332	2024-10-04 13:50:58	1	0	1	0
           145	2024-10-04 13:58:27	1	0	1	0
           379	2024-10-04 16:02:06	1	0	1	0
           536	2024-10-04 16:14:05	1	0	1	0
           181	2024-10-04 16:25:53	1	0	1	0
           185	2024-10-04 16:30:40	1	0	1	0
            57	2024-10-04 17:00:07	1	0	1	0
            58	2024-10-04 17:00:15	1	0	1	0
            48	2024-10-04 17:00:19	1	0	1	0
           641	2024-10-04 17:00:25	1	0	1	0
           180	2024-10-04 17:03:52	1	0	1	0
           471	2024-10-04 17:03:59	1	0	1	0
           472	2024-10-04 17:05:00	1	0	1	0
           602	2024-10-04 17:05:13	1	0	1	0
           605	2024-10-04 17:06:47	1	0	1	0
           473	2024-10-04 17:09:21	1	0	1	0
           142	2024-10-04 17:10:03	1	0	1	0
           385	2024-10-04 17:11:23	1	0	1	0
            80	2024-10-04 17:18:46	1	0	1	0
           332	2024-10-04 18:03:57	1	0	1	0
           145	2024-10-04 18:04:01	1	0	1	0
           385	2024-10-05 06:02:02	1	0	1	0
           385	2024-10-05 11:54:31	1	0	1	0
           385	2024-10-05 12:53:49	1	0	1	0
           385	2024-10-05 17:04:34	1	0	1	0
           385	2024-10-07 05:45:11	1	0	1	0
            58	2024-10-07 06:24:03	1	0	1	0
           180	2024-10-07 06:50:47	1	0	1	0
           527	2024-10-07 06:53:15	1	0	1	0
           379	2024-10-07 06:53:28	1	0	1	0
           602	2024-10-07 06:56:11	1	0	1	0
           536	2024-10-07 06:56:39	1	0	1	0
            91	2024-10-07 06:57:13	1	0	1	0
           185	2024-10-07 06:57:21	1	0	1	0
           181	2024-10-07 07:03:47	1	0	1	0
           241	2024-10-07 07:07:24	1	0	1	0
            48	2024-10-07 07:14:02	1	0	1	0
           401	2024-10-07 07:23:28	1	0	1	0
           118	2024-10-07 07:35:40	1	0	1	0
           473	2024-10-07 07:35:46	1	0	1	0
           605	2024-10-07 07:38:57	1	0	1	0
           551	2024-10-07 07:41:54	1	0	1	0
           369	2024-10-07 07:47:50	1	0	1	0
           142	2024-10-07 07:50:41	1	0	1	0
           471	2024-10-07 07:52:30	1	0	1	0
           472	2024-10-07 07:52:48	1	0	1	0
            57	2024-10-07 07:55:58	1	0	1	0
            80	2024-10-07 07:58:17	1	0	1	0
           144	2024-10-07 09:20:14	1	0	1	0
           413	2024-10-07 09:31:04	1	0	4	0
           379	2024-10-07 11:02:06	1	0	1	0
           379	2024-10-07 11:18:34	1	0	1	0
            91	2024-10-07 11:21:09	1	0	1	0
           241	2024-10-07 11:21:17	1	0	1	0
           536	2024-10-07 11:22:00	1	0	1	0
           181	2024-10-07 11:22:04	1	0	1	0
           180	2024-10-07 11:22:10	1	0	1	0
           527	2024-10-07 11:22:15	1	0	1	0
           385	2024-10-07 11:31:11	1	0	1	0
            91	2024-10-07 11:45:54	1	0	1	0
           536	2024-10-07 11:50:52	1	0	1	0
           527	2024-10-07 11:50:56	1	0	1	0
           180	2024-10-07 11:50:59	1	0	1	0
           185	2024-10-07 11:51:05	1	0	1	0
           181	2024-10-07 11:51:10	1	0	1	0
           241	2024-10-07 11:51:17	1	0	1	0
           118	2024-10-07 12:00:10	1	0	1	0
           385	2024-10-07 12:00:27	1	0	1	0
           142	2024-10-07 12:01:24	1	0	1	0
           473	2024-10-07 12:02:15	1	0	1	0
           472	2024-10-07 12:02:18	1	0	1	0
           471	2024-10-07 12:02:24	1	0	1	0
           602	2024-10-07 12:02:47	1	0	1	0
           605	2024-10-07 12:06:18	1	0	1	0
           369	2024-10-07 12:15:47	1	0	1	0
            48	2024-10-07 12:15:50	1	0	1	0
           471	2024-10-07 12:31:15	1	0	1	0
           473	2024-10-07 12:31:18	1	0	1	0
           602	2024-10-07 12:31:26	1	0	1	0
           605	2024-10-07 12:31:38	1	0	1	0
           472	2024-10-07 12:33:01	1	0	1	0
           551	2024-10-07 12:39:20	1	0	1	0
            80	2024-10-07 12:39:28	1	0	1	0
            57	2024-10-07 12:46:15	1	0	1	0
            48	2024-10-07 12:46:29	1	0	1	0
            58	2024-10-07 12:46:32	1	0	1	0
           369	2024-10-07 12:47:16	1	0	1	0
           142	2024-10-07 12:51:13	1	0	1	0
            80	2024-10-07 12:55:19	1	0	1	0
           551	2024-10-07 12:55:24	1	0	1	0
            57	2024-10-07 13:03:50	1	0	1	0
           332	2024-10-07 13:03:57	1	0	1	0
           332	2024-10-07 13:22:58	1	0	1	0
           401	2024-10-07 13:26:46	1	0	1	0
           413	2024-10-07 13:33:40	1	0	4	0
           144	2024-10-07 13:38:08	1	0	1	0
           401	2024-10-07 13:45:48	1	0	1	0
            91	2024-10-07 16:02:54	1	0	1	0
           536	2024-10-07 16:06:27	1	0	1	0
           527	2024-10-07 16:06:31	1	0	1	0
           185	2024-10-07 16:08:51	1	0	1	0
           181	2024-10-07 16:08:56	1	0	1	0
           379	2024-10-07 16:11:00	1	0	1	0
           180	2024-10-07 16:18:10	1	0	1	0
            57	2024-10-07 17:00:03	1	0	1	0
           385	2024-10-07 17:00:09	1	0	1	0
           471	2024-10-07 17:00:15	1	0	1	0
           472	2024-10-07 17:00:17	1	0	1	0
            48	2024-10-07 17:01:35	1	0	1	0
            58	2024-10-07 17:01:49	1	0	1	0
           602	2024-10-07 17:02:27	1	0	1	0
           118	2024-10-07 17:02:35	1	0	1	0
           605	2024-10-07 17:03:21	1	0	1	0
           473	2024-10-07 17:05:06	1	0	1	0
            80	2024-10-07 17:09:38	1	0	1	0
           551	2024-10-07 17:11:24	1	0	1	0
           142	2024-10-07 17:13:45	1	0	1	0
           241	2024-10-07 17:15:31	1	0	1	0
           369	2024-10-07 17:21:10	1	0	1	0
           401	2024-10-07 18:00:04	1	0	1	0
           144	2024-10-07 18:00:20	1	0	1	0
           332	2024-10-07 18:14:19	1	0	1	0
           385	2024-10-08 06:04:40	1	0	1	0
            58	2024-10-08 06:20:15	1	0	1	0
           527	2024-10-08 06:43:53	1	0	1	0
           536	2024-10-08 06:49:14	1	0	1	0
           180	2024-10-08 06:51:26	1	0	1	0
            91	2024-10-08 06:54:45	1	0	1	0
           185	2024-10-08 06:55:04	1	0	1	0
           379	2024-10-08 06:57:15	1	0	1	0
           181	2024-10-08 07:00:13	1	0	1	0
           241	2024-10-08 07:01:24	1	0	1	0
            48	2024-10-08 07:04:26	1	0	1	0
           605	2024-10-08 07:28:49	1	0	1	0
           641	2024-10-08 07:34:48	1	0	1	0
           118	2024-10-08 07:37:18	1	0	1	0
           602	2024-10-08 07:39:04	1	0	1	0
           473	2024-10-08 07:50:34	1	0	1	0
           472	2024-10-08 07:56:49	1	0	1	0
           471	2024-10-08 07:56:53	1	0	1	0
           551	2024-10-08 07:57:00	1	0	1	0
            80	2024-10-08 07:59:58	1	0	1	0
            57	2024-10-08 08:05:56	1	0	1	0
           142	2024-10-08 08:10:37	1	0	1	0
           369	2024-10-08 08:29:50	1	0	1	0
           332	2024-10-08 08:39:37	1	0	1	0
           401	2024-10-08 08:57:12	1	0	1	0
           241	2024-10-08 11:00:10	1	0	1	0
           379	2024-10-08 11:00:16	1	0	1	0
           181	2024-10-08 11:01:05	1	0	1	0
           536	2024-10-08 11:01:08	1	0	1	0
           180	2024-10-08 11:01:12	1	0	1	0
           527	2024-10-08 11:01:23	1	0	1	0
           185	2024-10-08 11:12:59	1	0	1	0
           181	2024-10-08 11:16:13	1	0	1	0
           536	2024-10-08 11:16:17	1	0	1	0
           180	2024-10-08 11:16:21	1	0	1	0
           527	2024-10-08 11:16:26	1	0	1	0
           241	2024-10-08 11:27:47	1	0	1	0
            91	2024-10-08 11:31:39	1	0	1	0
           385	2024-10-08 11:33:24	1	0	1	0
           185	2024-10-08 11:44:59	1	0	1	0
            91	2024-10-08 11:49:21	1	0	1	0
           379	2024-10-08 11:55:33	1	0	1	0
           369	2024-10-08 12:00:08	1	0	1	0
            48	2024-10-08 12:00:15	1	0	1	0
            57	2024-10-08 12:00:22	1	0	1	0
            58	2024-10-08 12:00:35	1	0	1	0
           471	2024-10-08 12:00:56	1	0	1	0
           142	2024-10-08 12:01:31	1	0	1	0
           385	2024-10-08 12:02:25	1	0	1	0
           473	2024-10-08 12:02:27	1	0	1	0
            80	2024-10-08 12:03:13	1	0	1	0
           551	2024-10-08 12:03:25	1	0	1	0
           602	2024-10-08 12:05:21	1	0	1	0
           641	2024-10-08 12:05:48	1	0	1	0
           605	2024-10-08 12:11:14	1	0	1	0
           118	2024-10-08 12:12:05	1	0	1	0
            48	2024-10-08 12:15:35	1	0	1	0
            58	2024-10-08 12:15:40	1	0	1	0
            57	2024-10-08 12:15:48	1	0	1	0
           471	2024-10-08 12:16:31	1	0	1	0
           602	2024-10-08 12:25:49	1	0	1	0
           473	2024-10-08 12:26:03	1	0	1	0
            80	2024-10-08 12:27:58	1	0	1	0
           551	2024-10-08 12:28:01	1	0	1	0
           605	2024-10-08 12:30:55	1	0	1	0
           472	2024-10-08 12:33:04	1	0	1	0
           118	2024-10-08 12:39:55	1	0	1	0
           142	2024-10-08 12:45:45	1	0	1	0
           641	2024-10-08 12:48:55	1	0	1	0
           369	2024-10-08 12:56:52	1	0	1	0
           472	2024-10-08 12:58:20	1	0	1	0
           332	2024-10-08 13:22:23	1	0	1	0
           401	2024-10-08 13:22:38	1	0	1	0
           144	2024-10-08 13:37:52	1	0	1	0
           401	2024-10-08 13:48:38	1	0	1	0
           332	2024-10-08 13:55:53	1	0	1	0
           536	2024-10-08 16:06:18	1	0	1	0
           527	2024-10-08 16:07:59	1	0	1	0
           181	2024-10-08 16:16:59	1	0	1	0
           379	2024-10-08 16:19:50	1	0	1	0
           180	2024-10-08 16:51:21	1	0	1	0
            57	2024-10-08 17:01:09	1	0	1	0
            48	2024-10-08 17:01:32	1	0	1	0
            58	2024-10-08 17:01:47	1	0	1	0
           185	2024-10-08 17:02:02	1	0	1	0
           369	2024-10-08 17:03:08	1	0	1	0
           641	2024-10-08 17:03:15	1	0	1	0
           385	2024-10-08 17:03:24	1	0	1	0
            80	2024-10-08 17:15:58	1	0	1	0
           142	2024-10-08 17:19:14	1	0	1	0
           602	2024-10-08 17:27:18	1	0	1	0
           472	2024-10-08 17:28:20	1	0	1	0
           471	2024-10-08 17:28:27	1	0	1	0
           605	2024-10-08 17:29:57	1	0	1	0
           473	2024-10-08 17:30:46	1	0	1	0
            91	2024-10-08 17:36:05	1	0	1	0
           241	2024-10-08 17:38:55	1	0	1	0
           332	2024-10-08 18:01:05	1	0	1	0
           144	2024-10-08 18:01:08	1	0	1	0
           401	2024-10-08 18:09:17	1	0	1	0
           385	2024-10-09 05:46:48	1	0	1	0
            58	2024-10-09 06:20:23	1	0	1	0
           527	2024-10-09 06:43:42	1	0	1	0
           180	2024-10-09 06:52:36	1	0	1	0
            91	2024-10-09 06:56:25	1	0	1	0
           241	2024-10-09 06:56:33	1	0	1	0
           185	2024-10-09 06:56:40	1	0	1	0
           379	2024-10-09 06:58:29	1	0	1	0
           181	2024-10-09 06:58:53	1	0	1	0
           536	2024-10-09 07:08:38	1	0	1	0
            48	2024-10-09 07:11:21	1	0	1	0
           142	2024-10-09 07:22:29	1	0	1	0
           641	2024-10-09 07:32:12	1	0	1	0
           602	2024-10-09 07:33:55	1	0	1	0
           605	2024-10-09 07:35:37	1	0	1	0
           472	2024-10-09 07:36:45	1	0	1	0
           471	2024-10-09 07:36:50	1	0	1	0
           118	2024-10-09 07:39:46	1	0	1	0
           551	2024-10-09 07:42:21	1	0	1	0
           473	2024-10-09 07:47:38	1	0	1	0
            80	2024-10-09 07:55:23	1	0	1	0
            57	2024-10-09 08:03:13	1	0	1	0
           369	2024-10-09 08:15:51	1	0	1	0
           145	2024-10-09 08:31:06	1	0	1	0
           332	2024-10-09 08:44:09	1	0	1	0
           144	2024-10-09 08:57:49	1	0	1	0
           401	2024-10-09 09:06:02	1	0	1	0
           379	2024-10-09 11:00:13	1	0	1	0
           527	2024-10-09 11:02:25	1	0	1	0
           536	2024-10-09 11:05:21	1	0	1	0
           180	2024-10-09 11:08:26	1	0	1	0
           185	2024-10-09 11:08:32	1	0	1	0
           536	2024-10-09 11:30:01	1	0	1	0
           527	2024-10-09 11:30:05	1	0	1	0
           181	2024-10-09 11:30:14	1	0	1	0
           241	2024-10-09 11:38:56	1	0	1	0
           180	2024-10-09 11:39:08	1	0	1	0
           185	2024-10-09 11:39:12	1	0	1	0
           385	2024-10-09 11:44:05	1	0	1	0
           181	2024-10-09 11:49:34	1	0	1	0
           379	2024-10-09 11:52:58	1	0	1	0
           241	2024-10-09 11:54:20	1	0	1	0
           641	2024-10-09 12:00:07	1	0	1	0
           369	2024-10-09 12:00:12	1	0	1	0
           471	2024-10-09 12:00:18	1	0	1	0
            58	2024-10-09 12:00:25	1	0	1	0
            48	2024-10-09 12:00:30	1	0	1	0
           472	2024-10-09 12:01:20	1	0	1	0
           142	2024-10-09 12:01:30	1	0	1	0
           473	2024-10-09 12:03:28	1	0	1	0
            57	2024-10-09 12:03:43	1	0	1	0
            80	2024-10-09 12:05:25	1	0	1	0
           385	2024-10-09 12:07:22	1	0	1	0
           605	2024-10-09 12:07:42	1	0	1	0
           602	2024-10-09 12:08:55	1	0	1	0
           551	2024-10-09 12:13:33	1	0	1	0
            48	2024-10-09 12:17:06	1	0	1	0
            58	2024-10-09 12:17:17	1	0	1	0
           471	2024-10-09 12:22:18	1	0	1	0
           118	2024-10-09 12:22:32	1	0	1	0
           605	2024-10-09 12:22:43	1	0	1	0
            57	2024-10-09 12:23:30	1	0	1	0
           142	2024-10-09 12:28:40	1	0	1	0
           551	2024-10-09 12:38:17	1	0	1	0
           641	2024-10-09 12:39:34	1	0	1	0
           602	2024-10-09 12:40:50	1	0	1	0
           473	2024-10-09 12:44:41	1	0	1	0
           118	2024-10-09 12:46:06	1	0	1	0
            80	2024-10-09 12:50:41	1	0	1	0
           472	2024-10-09 12:55:46	1	0	1	0
           145	2024-10-09 13:09:16	1	0	1	0
           401	2024-10-09 13:09:21	1	0	1	0
           144	2024-10-09 13:27:27	1	0	1	0
           332	2024-10-09 13:37:52	1	0	1	0
           144	2024-10-09 13:53:45	1	0	1	0
           145	2024-10-09 13:54:42	1	0	1	0
           401	2024-10-09 13:54:49	1	0	1	0
           332	2024-10-09 13:55:05	1	0	1	0
           379	2024-10-09 16:03:34	1	0	1	0
           536	2024-10-09 16:06:26	1	0	1	0
           181	2024-10-09 16:06:36	1	0	1	0
           241	2024-10-09 16:08:19	1	0	1	0
           527	2024-10-09 16:35:43	1	0	1	0
           180	2024-10-09 16:54:34	1	0	1	0
            57	2024-10-09 17:00:09	1	0	1	0
           641	2024-10-09 17:00:15	1	0	1	0
           385	2024-10-09 17:00:19	1	0	1	0
            48	2024-10-09 17:00:43	1	0	1	0
            58	2024-10-09 17:00:51	1	0	1	0
           471	2024-10-09 17:01:19	1	0	1	0
           605	2024-10-09 17:05:07	1	0	1	0
           473	2024-10-09 17:05:59	1	0	1	0
            80	2024-10-09 17:06:28	1	0	1	0
           369	2024-10-09 17:06:47	1	0	1	0
           551	2024-10-09 17:06:55	1	0	1	0
           118	2024-10-09 17:07:22	1	0	1	0
            91	2024-10-09 17:13:35	1	0	1	0
           142	2024-10-09 17:14:15	1	0	1	0
           185	2024-10-09 17:17:37	1	0	1	0
           605	2024-10-09 17:20:15	1	0	1	0
           473	2024-10-09 17:55:10	1	0	1	0
           471	2024-10-09 18:00:42	1	0	1	0
           401	2024-10-09 18:01:35	1	0	1	0
           332	2024-10-09 18:02:28	1	0	1	0
           145	2024-10-09 18:08:33	1	0	1	0
           144	2024-10-09 18:08:38	1	0	1	0
           472	2024-10-09 18:10:55	1	0	1	0
           181	2024-10-10 07:01:54	1	0	1	0
            58	2024-10-10 07:10:56	1	0	1	0
            48	2024-10-10 07:14:09	1	0	1	0
           641	2024-10-10 07:33:18	1	0	1	0
           551	2024-10-10 07:39:22	1	0	1	0
           118	2024-10-10 07:43:53	1	0	1	0
           473	2024-10-10 07:49:54	1	0	1	0
           142	2024-10-10 07:50:08	1	0	1	0
            80	2024-10-10 07:56:02	1	0	1	0
           472	2024-10-10 07:57:14	1	0	1	0
           471	2024-10-10 07:57:23	1	0	1	0
           605	2024-10-10 07:57:48	1	0	1	0
           369	2024-10-10 08:06:41	1	0	1	0
            57	2024-10-10 08:09:29	1	0	1	0
           401	2024-10-10 08:24:10	1	0	1	0
           332	2024-10-10 08:50:24	1	0	1	0
           144	2024-10-10 08:55:35	1	0	1	0
            91	2024-10-10 11:00:08	1	0	1	0
           536	2024-10-10 11:01:54	1	0	1	0
           527	2024-10-10 11:01:57	1	0	1	0
           379	2024-10-10 11:03:03	1	0	1	0
           241	2024-10-10 11:05:01	1	0	1	0
           181	2024-10-10 11:06:18	1	0	1	0
           180	2024-10-10 11:06:25	1	0	1	0
           185	2024-10-10 11:06:38	1	0	1	0
           527	2024-10-10 11:30:58	1	0	1	0
           385	2024-10-10 11:35:21	1	0	1	0
           241	2024-10-10 11:40:24	1	0	1	0
           181	2024-10-10 11:48:35	1	0	1	0
           180	2024-10-10 11:48:43	1	0	1	0
           536	2024-10-10 11:48:48	1	0	1	0
           379	2024-10-10 11:52:18	1	0	1	0
           185	2024-10-10 11:56:01	1	0	1	0
           142	2024-10-10 12:02:48	1	0	1	0
            57	2024-10-10 12:03:05	1	0	1	0
           641	2024-10-10 12:03:10	1	0	1	0
           471	2024-10-10 12:03:23	1	0	1	0
           472	2024-10-10 12:03:25	1	0	1	0
           605	2024-10-10 12:03:47	1	0	1	0
            91	2024-10-10 12:04:01	1	0	1	0
           118	2024-10-10 12:04:26	1	0	1	0
           602	2024-10-10 12:04:29	1	0	1	0
           369	2024-10-10 12:04:34	1	0	1	0
           385	2024-10-10 12:05:36	1	0	1	0
           473	2024-10-10 12:09:08	1	0	1	0
            58	2024-10-10 12:09:14	1	0	1	0
            48	2024-10-10 12:09:18	1	0	1	0
            80	2024-10-10 12:10:47	1	0	1	0
           551	2024-10-10 12:10:52	1	0	1	0
            57	2024-10-10 12:18:11	1	0	1	0
           641	2024-10-10 12:18:21	1	0	1	0
            48	2024-10-10 12:24:52	1	0	1	0
            58	2024-10-10 12:24:57	1	0	1	0
           473	2024-10-10 12:28:03	1	0	1	0
           602	2024-10-10 12:28:13	1	0	1	0
           605	2024-10-10 12:28:16	1	0	1	0
           472	2024-10-10 12:31:10	1	0	1	0
           118	2024-10-10 12:31:24	1	0	1	0
           471	2024-10-10 12:32:55	1	0	1	0
            80	2024-10-10 12:36:32	1	0	1	0
           551	2024-10-10 12:36:36	1	0	1	0
           369	2024-10-10 12:43:53	1	0	1	0
           142	2024-10-10 12:55:27	1	0	1	0
           332	2024-10-10 13:13:59	1	0	1	0
           332	2024-10-10 13:58:12	1	0	1	0
           536	2024-10-10 16:07:33	1	0	1	0
           379	2024-10-10 16:13:01	1	0	1	0
           180	2024-10-10 16:20:52	1	0	1	0
            57	2024-10-10 17:00:11	1	0	1	0
           471	2024-10-10 17:00:44	1	0	1	0
           473	2024-10-10 17:01:27	1	0	1	0
           472	2024-10-10 17:01:33	1	0	1	0
           602	2024-10-10 17:01:39	1	0	1	0
           605	2024-10-10 17:01:50	1	0	1	0
            58	2024-10-10 17:01:55	1	0	1	0
           385	2024-10-10 17:02:04	1	0	1	0
           641	2024-10-10 17:02:07	1	0	1	0
            48	2024-10-10 17:02:15	1	0	1	0
            91	2024-10-10 17:02:22	1	0	1	0
           118	2024-10-10 17:02:37	1	0	1	0
           527	2024-10-10 17:02:49	1	0	1	0
           185	2024-10-10 17:04:04	1	0	1	0
            80	2024-10-10 17:08:53	1	0	1	0
           142	2024-10-10 17:22:11	1	0	1	0
           551	2024-10-10 17:22:22	1	0	1	0
           181	2024-10-10 17:24:11	1	0	1	0
           241	2024-10-10 17:44:58	1	0	1	0
           144	2024-10-10 18:01:27	1	0	1	0
           401	2024-10-10 18:02:51	1	0	1	0
           332	2024-10-10 18:03:02	1	0	1	0
           369	2024-10-10 18:03:11	1	0	1	0
           385	2024-10-11 06:03:20	1	0	1	0
            58	2024-10-11 06:28:55	1	0	1	0
           118	2024-10-11 06:44:42	1	0	1	0
            91	2024-10-11 06:45:57	1	0	1	0
           527	2024-10-11 06:47:51	1	0	1	0
           241	2024-10-11 06:48:46	1	0	1	0
           180	2024-10-11 06:50:19	1	0	1	0
           181	2024-10-11 06:53:04	1	0	1	0
           379	2024-10-11 06:56:40	1	0	1	0
           536	2024-10-11 06:56:50	1	0	1	0
            48	2024-10-11 07:00:03	1	0	1	0
           602	2024-10-11 07:29:40	1	0	1	0
           551	2024-10-11 07:39:49	1	0	1	0
           142	2024-10-11 07:46:11	1	0	1	0
           473	2024-10-11 07:47:28	1	0	1	0
           605	2024-10-11 07:48:58	1	0	1	0
           369	2024-10-11 07:51:55	1	0	1	0
           401	2024-10-11 07:55:50	1	0	1	0
            80	2024-10-11 07:57:00	1	0	1	0
           472	2024-10-11 07:57:17	1	0	1	0
           471	2024-10-11 07:57:20	1	0	1	0
            57	2024-10-11 08:01:47	1	0	1	0
           145	2024-10-11 08:11:40	1	0	1	0
           332	2024-10-11 08:22:52	1	0	1	0
           144	2024-10-11 09:13:45	1	0	1	0
           661	2024-10-11 10:49:45	1	0	1	0
           379	2024-10-11 11:01:09	1	0	1	0
           527	2024-10-11 11:01:30	1	0	1	0
           181	2024-10-11 11:11:20	1	0	1	0
           185	2024-10-11 11:11:45	1	0	1	0
           536	2024-10-11 11:13:29	1	0	1	0
           180	2024-10-11 11:13:36	1	0	1	0
            91	2024-10-11 11:14:33	1	0	1	0
           241	2024-10-11 11:15:31	1	0	1	0
           379	2024-10-11 11:17:38	1	0	1	0
           527	2024-10-11 11:19:55	1	0	1	0
            91	2024-10-11 11:32:45	1	0	1	0
           181	2024-10-11 11:39:34	1	0	1	0
           385	2024-10-11 11:42:11	1	0	1	0
           185	2024-10-11 11:44:25	1	0	1	0
           536	2024-10-11 11:45:46	1	0	1	0
           241	2024-10-11 11:49:03	1	0	1	0
           180	2024-10-11 11:50:16	1	0	1	0
           471	2024-10-11 12:00:03	1	0	1	0
           118	2024-10-11 12:00:06	1	0	1	0
           551	2024-10-11 12:00:10	1	0	1	0
            80	2024-10-11 12:00:18	1	0	1	0
           605	2024-10-11 12:06:10	1	0	1	0
           602	2024-10-11 12:06:12	1	0	1	0
           142	2024-10-11 12:08:52	1	0	1	0
           473	2024-10-11 12:11:54	1	0	1	0
           472	2024-10-11 12:11:56	1	0	1	0
            48	2024-10-11 12:12:11	1	0	1	0
            58	2024-10-11 12:12:23	1	0	1	0
           369	2024-10-11 12:12:29	1	0	1	0
           551	2024-10-11 12:17:14	1	0	1	0
            80	2024-10-11 12:18:05	1	0	1	0
           471	2024-10-11 12:21:32	1	0	1	0
           385	2024-10-11 12:23:53	1	0	1	0
           142	2024-10-11 12:31:02	1	0	1	0
           369	2024-10-11 12:31:49	1	0	1	0
            57	2024-10-11 12:32:51	1	0	1	0
           473	2024-10-11 12:32:58	1	0	1	0
            58	2024-10-11 12:36:29	1	0	1	0
            48	2024-10-11 12:36:33	1	0	1	0
           602	2024-10-11 12:38:49	1	0	1	0
           605	2024-10-11 12:38:51	1	0	1	0
           118	2024-10-11 12:39:05	1	0	1	0
           472	2024-10-11 12:43:15	1	0	1	0
            57	2024-10-11 12:52:15	1	0	1	0
           401	2024-10-11 13:27:46	1	0	1	0
           332	2024-10-11 13:27:53	1	0	1	0
           332	2024-10-11 13:58:52	1	0	1	0
           241	2024-10-11 16:25:51	1	0	1	0
           185	2024-10-11 16:26:22	1	0	1	0
           181	2024-10-11 16:26:25	1	0	1	0
           180	2024-10-11 16:26:32	1	0	1	0
           536	2024-10-11 16:26:38	1	0	1	0
           527	2024-10-11 16:26:44	1	0	1	0
            91	2024-10-11 16:31:25	1	0	1	0
           379	2024-10-11 16:41:09	1	0	1	0
           385	2024-10-11 16:56:11	1	0	1	0
            57	2024-10-11 17:00:04	1	0	1	0
            58	2024-10-11 17:00:15	1	0	1	0
            48	2024-10-11 17:00:21	1	0	1	0
           471	2024-10-11 17:00:29	1	0	1	0
           472	2024-10-11 17:01:05	1	0	1	0
           605	2024-10-11 17:02:46	1	0	1	0
           118	2024-10-11 17:03:02	1	0	1	0
           602	2024-10-11 17:06:05	1	0	1	0
           473	2024-10-11 17:06:14	1	0	1	0
           369	2024-10-11 17:08:31	1	0	1	0
           142	2024-10-11 17:14:13	1	0	1	0
            80	2024-10-11 17:21:06	1	0	1	0
           551	2024-10-11 17:27:52	1	0	1	0
           332	2024-10-11 18:00:05	1	0	1	0
           401	2024-10-11 18:08:11	1	0	1	0
           145	2024-10-11 18:08:22	1	0	1	0
           385	2024-10-14 05:56:46	1	0	1	0
            58	2024-10-14 06:24:27	1	0	1	0
           527	2024-10-14 06:50:38	1	0	1	0
           180	2024-10-14 06:50:55	1	0	1	0
            91	2024-10-14 06:51:05	1	0	1	0
           185	2024-10-14 06:51:15	1	0	1	0
           536	2024-10-14 06:53:52	1	0	1	0
           379	2024-10-14 06:55:00	1	0	1	0
           602	2024-10-14 06:58:34	1	0	1	0
           181	2024-10-14 07:01:16	1	0	1	0
            48	2024-10-14 07:11:22	1	0	1	0
           241	2024-10-14 07:28:52	1	0	1	0
           473	2024-10-14 07:30:41	1	0	1	0
           641	2024-10-14 07:33:07	1	0	1	0
           551	2024-10-14 07:33:46	1	0	1	0
           661	2024-10-14 07:34:46	1	0	1	0
           118	2024-10-14 07:35:31	1	0	1	0
           369	2024-10-14 07:36:37	1	0	1	0
            57	2024-10-14 07:52:21	1	0	1	0
           471	2024-10-14 07:52:47	1	0	1	0
           472	2024-10-14 07:53:11	1	0	1	0
            80	2024-10-14 07:57:49	1	0	1	0
           145	2024-10-14 07:57:58	1	0	1	0
           605	2024-10-14 08:03:15	1	0	1	0
           142	2024-10-14 08:09:28	1	0	1	0
           401	2024-10-14 09:13:51	1	0	1	0
           332	2024-10-14 09:27:33	1	0	1	0
           180	2024-10-14 11:01:38	1	0	1	0
           527	2024-10-14 11:03:17	1	0	1	0
           185	2024-10-14 11:03:21	1	0	1	0
           379	2024-10-14 11:03:50	1	0	1	0
           181	2024-10-14 11:06:43	1	0	1	0
           536	2024-10-14 11:06:46	1	0	1	0
            91	2024-10-14 11:08:12	1	0	1	0
           241	2024-10-14 11:08:17	1	0	1	0
           181	2024-10-14 11:34:18	1	0	1	0
           185	2024-10-14 11:34:36	1	0	1	0
           527	2024-10-14 11:34:42	1	0	1	0
           385	2024-10-14 11:34:46	1	0	1	0
           180	2024-10-14 11:38:59	1	0	1	0
           536	2024-10-14 11:39:02	1	0	1	0
            91	2024-10-14 11:40:32	1	0	1	0
           241	2024-10-14 11:40:39	1	0	1	0
           379	2024-10-14 11:52:24	1	0	1	0
           641	2024-10-14 12:00:07	1	0	1	0
           385	2024-10-14 12:00:11	1	0	1	0
           142	2024-10-14 12:01:34	1	0	1	0
           369	2024-10-14 12:03:08	1	0	1	0
           605	2024-10-14 12:04:04	1	0	1	0
           602	2024-10-14 12:04:15	1	0	1	0
           473	2024-10-14 12:04:17	1	0	1	0
           661	2024-10-14 12:04:34	1	0	1	0
            57	2024-10-14 12:05:46	1	0	1	0
            48	2024-10-14 12:06:03	1	0	1	0
            58	2024-10-14 12:06:11	1	0	1	0
           118	2024-10-14 12:06:27	1	0	1	0
           472	2024-10-14 12:08:51	1	0	1	0
           471	2024-10-14 12:08:58	1	0	1	0
           551	2024-10-14 12:10:04	1	0	1	0
            80	2024-10-14 12:10:09	1	0	1	0
           369	2024-10-14 12:19:59	1	0	1	0
           473	2024-10-14 12:23:05	1	0	1	0
           661	2024-10-14 12:23:12	1	0	1	0
           605	2024-10-14 12:23:16	1	0	1	0
           118	2024-10-14 12:24:36	1	0	1	0
            48	2024-10-14 12:25:34	1	0	1	0
            58	2024-10-14 12:25:52	1	0	1	0
            57	2024-10-14 12:26:05	1	0	1	0
            80	2024-10-14 12:27:55	1	0	1	0
           551	2024-10-14 12:28:10	1	0	1	0
           641	2024-10-14 12:29:47	1	0	1	0
           471	2024-10-14 12:31:42	1	0	1	0
           472	2024-10-14 12:32:19	1	0	1	0
           602	2024-10-14 12:35:09	1	0	1	0
           401	2024-10-14 13:04:39	1	0	1	0
           332	2024-10-14 13:04:49	1	0	1	0
           145	2024-10-14 13:21:14	1	0	1	0
           144	2024-10-14 13:51:46	1	0	1	0
           145	2024-10-14 13:52:20	1	0	1	0
           401	2024-10-14 13:52:25	1	0	1	0
           332	2024-10-14 13:57:34	1	0	1	0
           379	2024-10-14 16:05:29	1	0	1	0
           536	2024-10-14 16:07:50	1	0	1	0
           527	2024-10-14 16:09:29	1	0	1	0
            91	2024-10-14 16:13:45	1	0	1	0
           185	2024-10-14 16:14:10	1	0	1	0
           241	2024-10-14 16:30:40	1	0	1	0
           180	2024-10-14 16:34:07	1	0	1	0
           181	2024-10-14 16:35:17	1	0	1	0
           369	2024-10-14 16:50:31	1	0	1	0
            57	2024-10-14 17:00:17	1	0	1	0
            48	2024-10-14 17:00:22	1	0	1	0
            58	2024-10-14 17:00:29	1	0	1	0
           473	2024-10-14 17:00:35	1	0	1	0
           472	2024-10-14 17:01:08	1	0	1	0
           641	2024-10-14 17:02:00	1	0	1	0
           385	2024-10-14 17:02:04	1	0	1	0
           471	2024-10-14 17:02:12	1	0	1	0
           661	2024-10-14 17:02:49	1	0	1	0
           118	2024-10-14 17:02:54	1	0	1	0
           605	2024-10-14 17:03:21	1	0	1	0
           602	2024-10-14 17:03:28	1	0	1	0
           551	2024-10-14 17:22:05	1	0	1	0
            80	2024-10-14 17:24:44	1	0	1	0
           401	2024-10-14 17:58:23	1	0	1	0
           332	2024-10-14 18:01:05	1	0	1	0
           145	2024-10-14 18:05:11	1	0	1	0
           144	2024-10-14 18:40:05	1	0	1	0
           385	2024-10-15 06:07:07	1	0	1	0
            91	2024-10-15 06:51:24	1	0	1	0
           536	2024-10-15 06:51:29	1	0	1	0
           185	2024-10-15 06:51:41	1	0	1	0
           180	2024-10-15 06:53:28	1	0	1	0
           527	2024-10-15 06:54:20	1	0	1	0
           241	2024-10-15 06:54:48	1	0	1	0
           379	2024-10-15 06:57:20	1	0	1	0
            48	2024-10-15 07:08:54	1	0	1	0
           181	2024-10-15 07:08:59	1	0	1	0
           661	2024-10-15 07:30:08	1	0	1	0
           602	2024-10-15 07:37:35	1	0	1	0
           473	2024-10-15 07:37:57	1	0	1	0
           118	2024-10-15 07:42:54	1	0	1	0
           551	2024-10-15 07:46:22	1	0	1	0
           641	2024-10-15 07:46:45	1	0	1	0
           471	2024-10-15 07:48:31	1	0	1	0
           472	2024-10-15 07:48:43	1	0	1	0
           605	2024-10-15 07:52:48	1	0	1	0
            80	2024-10-15 07:54:11	1	0	1	0
           369	2024-10-15 07:56:18	1	0	1	0
           142	2024-10-15 07:57:07	1	0	1	0
            57	2024-10-15 08:03:14	1	0	1	0
           145	2024-10-15 08:37:46	1	0	1	0
           401	2024-10-15 08:44:12	1	0	1	0
           144	2024-10-15 08:54:57	1	0	1	0
           332	2024-10-15 09:38:15	1	0	1	0
           181	2024-10-15 11:00:27	1	0	1	0
           185	2024-10-15 11:00:30	1	0	1	0
           379	2024-10-15 11:01:48	1	0	1	0
            91	2024-10-15 11:02:05	1	0	1	0
           536	2024-10-15 11:03:12	1	0	1	0
           527	2024-10-15 11:03:16	1	0	1	0
           180	2024-10-15 11:07:48	1	0	1	0
           241	2024-10-15 11:11:30	1	0	1	0
           536	2024-10-15 11:22:52	1	0	1	0
           385	2024-10-15 11:31:49	1	0	1	0
            91	2024-10-15 11:32:04	1	0	1	0
           241	2024-10-15 11:32:10	1	0	1	0
           180	2024-10-15 11:39:40	1	0	1	0
           527	2024-10-15 11:46:31	1	0	1	0
           181	2024-10-15 11:51:18	1	0	1	0
           185	2024-10-15 11:51:23	1	0	1	0
           379	2024-10-15 11:59:27	1	0	1	0
            57	2024-10-15 12:00:13	1	0	1	0
           369	2024-10-15 12:00:50	1	0	1	0
            48	2024-10-15 12:01:05	1	0	1	0
           142	2024-10-15 12:01:53	1	0	1	0
           641	2024-10-15 12:03:20	1	0	1	0
           551	2024-10-15 12:03:38	1	0	1	0
           661	2024-10-15 12:04:22	1	0	1	0
           118	2024-10-15 12:04:54	1	0	1	0
           471	2024-10-15 12:04:58	1	0	1	0
           472	2024-10-15 12:05:15	1	0	1	0
           602	2024-10-15 12:06:41	1	0	1	0
           605	2024-10-15 12:06:46	1	0	1	0
            57	2024-10-15 12:15:22	1	0	1	0
           473	2024-10-15 12:15:42	1	0	1	0
            48	2024-10-15 12:16:57	1	0	1	0
           661	2024-10-15 12:21:36	1	0	1	0
           471	2024-10-15 12:23:01	1	0	1	0
           472	2024-10-15 12:23:04	1	0	1	0
           641	2024-10-15 12:27:52	1	0	1	0
           369	2024-10-15 12:29:43	1	0	1	0
           118	2024-10-15 12:39:43	1	0	1	0
           473	2024-10-15 12:40:14	1	0	1	0
           602	2024-10-15 12:40:17	1	0	1	0
           605	2024-10-15 12:40:43	1	0	1	0
           551	2024-10-15 12:49:19	1	0	1	0
           142	2024-10-15 12:54:13	1	0	1	0
           332	2024-10-15 13:00:05	1	0	1	0
           145	2024-10-15 13:25:39	1	0	1	0
           332	2024-10-15 13:25:45	1	0	1	0
           401	2024-10-15 13:25:52	1	0	1	0
           145	2024-10-15 13:55:18	1	0	1	0
           401	2024-10-15 13:55:22	1	0	1	0
           144	2024-10-15 13:57:14	1	0	1	0
           536	2024-10-15 16:06:17	1	0	1	0
           379	2024-10-15 16:06:42	1	0	1	0
            91	2024-10-15 16:06:56	1	0	1	0
           180	2024-10-15 16:10:02	1	0	1	0
           527	2024-10-15 16:20:14	1	0	1	0
           185	2024-10-15 16:33:29	1	0	1	0
           241	2024-10-15 16:38:46	1	0	1	0
            57	2024-10-15 17:00:07	1	0	1	0
            48	2024-10-15 17:00:16	1	0	1	0
           641	2024-10-15 17:00:35	1	0	1	0
           385	2024-10-15 17:00:42	1	0	1	0
           471	2024-10-15 17:00:56	1	0	1	0
           473	2024-10-15 17:01:00	1	0	1	0
           472	2024-10-15 17:01:04	1	0	1	0
           118	2024-10-15 17:01:33	1	0	1	0
           602	2024-10-15 17:01:58	1	0	1	0
           605	2024-10-15 17:02:01	1	0	1	0
           181	2024-10-15 17:04:42	1	0	1	0
            80	2024-10-15 17:15:32	1	0	1	0
           142	2024-10-15 17:22:24	1	0	1	0
           369	2024-10-15 17:32:05	1	0	1	0
           661	2024-10-15 18:01:48	1	0	1	0
           145	2024-10-15 18:02:37	1	0	1	0
           401	2024-10-15 18:02:45	1	0	1	0
           144	2024-10-15 18:02:48	1	0	1	0
           332	2024-10-15 18:02:59	1	0	1	0
           551	2024-10-15 19:42:05	1	0	1	0
           385	2024-10-16 05:38:55	1	0	1	0
           551	2024-10-16 06:32:42	1	0	1	0
           527	2024-10-16 06:48:43	1	0	1	0
            91	2024-10-16 06:49:00	1	0	1	0
           185	2024-10-16 06:49:26	1	0	1	0
           180	2024-10-16 06:53:24	1	0	1	0
           241	2024-10-16 06:53:58	1	0	1	0
           181	2024-10-16 06:55:35	1	0	1	0
           379	2024-10-16 06:58:30	1	0	1	0
           536	2024-10-16 06:59:07	1	0	1	0
            48	2024-10-16 07:11:16	1	0	1	0
           641	2024-10-16 07:24:17	1	0	1	0
           661	2024-10-16 07:31:29	1	0	1	0
           118	2024-10-16 07:34:40	1	0	1	0
            80	2024-10-16 07:42:08	1	0	1	0
           369	2024-10-16 07:46:53	1	0	1	0
           605	2024-10-16 07:47:07	1	0	1	0
           602	2024-10-16 07:47:56	1	0	1	0
           471	2024-10-16 07:55:34	1	0	1	0
           472	2024-10-16 07:55:40	1	0	1	0
            57	2024-10-16 08:00:30	1	0	1	0
           142	2024-10-16 08:04:00	1	0	1	0
           473	2024-10-16 08:07:05	1	0	1	0
           145	2024-10-16 08:34:07	1	0	1	0
           144	2024-10-16 09:03:23	1	0	1	0
           401	2024-10-16 09:07:57	1	0	1	0
           379	2024-10-16 11:03:34	1	0	1	0
           180	2024-10-16 11:05:36	1	0	1	0
           536	2024-10-16 11:06:30	1	0	1	0
           527	2024-10-16 11:08:43	1	0	1	0
           181	2024-10-16 11:14:18	1	0	1	0
           185	2024-10-16 11:19:38	1	0	1	0
           180	2024-10-16 11:24:51	1	0	1	0
           379	2024-10-16 11:24:57	1	0	1	0
           385	2024-10-16 11:32:52	1	0	1	0
           527	2024-10-16 11:35:05	1	0	1	0
           385	2024-10-16 11:52:43	1	0	1	0
           185	2024-10-16 11:57:14	1	0	1	0
           181	2024-10-16 11:57:19	1	0	1	0
           536	2024-10-16 11:59:52	1	0	1	0
            80	2024-10-16 12:01:28	1	0	1	0
           551	2024-10-16 12:01:31	1	0	1	0
           471	2024-10-16 12:01:40	1	0	1	0
           605	2024-10-16 12:01:51	1	0	1	0
           142	2024-10-16 12:02:17	1	0	1	0
           473	2024-10-16 12:03:20	1	0	1	0
           661	2024-10-16 12:04:37	1	0	1	0
           118	2024-10-16 12:07:23	1	0	1	0
           472	2024-10-16 12:07:25	1	0	1	0
           641	2024-10-16 12:08:16	1	0	1	0
            48	2024-10-16 12:09:09	1	0	1	0
           602	2024-10-16 12:14:47	1	0	1	0
           551	2024-10-16 12:21:15	1	0	1	0
            80	2024-10-16 12:21:21	1	0	1	0
           473	2024-10-16 12:24:05	1	0	1	0
            48	2024-10-16 12:24:19	1	0	1	0
           661	2024-10-16 12:26:05	1	0	1	0
           471	2024-10-16 12:28:00	1	0	1	0
           472	2024-10-16 12:29:11	1	0	1	0
           118	2024-10-16 12:30:08	1	0	1	0
            57	2024-10-16 12:39:20	1	0	1	0
           602	2024-10-16 12:44:44	1	0	1	0
            57	2024-10-16 12:54:37	1	0	1	0
           142	2024-10-16 12:56:21	1	0	1	0
           605	2024-10-16 12:59:23	1	0	1	0
           144	2024-10-16 13:09:39	1	0	1	0
           332	2024-10-16 13:15:33	1	0	1	0
           332	2024-10-16 13:56:35	1	0	1	0
           536	2024-10-16 16:04:48	1	0	1	0
            91	2024-10-16 16:16:09	1	0	1	0
           379	2024-10-16 16:22:03	1	0	1	0
           180	2024-10-16 16:25:13	1	0	1	0
           181	2024-10-16 16:38:39	1	0	1	0
            57	2024-10-16 17:00:04	1	0	1	0
            48	2024-10-16 17:00:08	1	0	1	0
           641	2024-10-16 17:02:41	1	0	1	0
           471	2024-10-16 17:03:25	1	0	1	0
           369	2024-10-16 17:04:35	1	0	1	0
           472	2024-10-16 17:05:03	1	0	1	0
           385	2024-10-16 17:05:37	1	0	1	0
           142	2024-10-16 17:05:55	1	0	1	0
            80	2024-10-16 17:09:51	1	0	1	0
           185	2024-10-16 17:11:47	1	0	1	0
           118	2024-10-16 17:15:28	1	0	1	0
           602	2024-10-16 17:16:11	1	0	1	0
           473	2024-10-16 17:16:13	1	0	1	0
           661	2024-10-16 17:16:24	1	0	1	0
           605	2024-10-16 17:16:32	1	0	1	0
           241	2024-10-16 17:25:24	1	0	1	0
           527	2024-10-16 17:42:41	1	0	1	0
           145	2024-10-16 18:01:35	1	0	1	0
           401	2024-10-16 18:01:44	1	0	1	0
           332	2024-10-16 18:02:16	1	0	1	0
           144	2024-10-16 18:06:59	1	0	1	0
           551	2024-10-16 19:56:13	1	0	1	0
           385	2024-10-17 05:57:31	1	0	1	0
           241	2024-10-17 06:11:01	1	0	1	0
           527	2024-10-17 06:54:23	1	0	1	0
           185	2024-10-17 06:54:39	1	0	1	0
            91	2024-10-17 06:54:45	1	0	1	0
           379	2024-10-17 06:54:57	1	0	1	0
           536	2024-10-17 06:57:46	1	0	1	0
           181	2024-10-17 07:05:49	1	0	1	0
            48	2024-10-17 07:10:01	1	0	1	0
           661	2024-10-17 07:17:53	1	0	1	0
           473	2024-10-17 07:27:32	1	0	1	0
           641	2024-10-17 07:34:49	1	0	1	0
           551	2024-10-17 07:35:00	1	0	1	0
           471	2024-10-17 07:35:55	1	0	1	0
           472	2024-10-17 07:36:15	1	0	1	0
           118	2024-10-17 07:36:45	1	0	1	0
           602	2024-10-17 07:46:22	1	0	1	0
           605	2024-10-17 07:46:43	1	0	1	0
           142	2024-10-17 07:54:21	1	0	1	0
            80	2024-10-17 07:55:54	1	0	1	0
            57	2024-10-17 08:01:21	1	0	1	0
           369	2024-10-17 08:05:20	1	0	1	0
           145	2024-10-17 08:19:22	1	0	1	0
           379	2024-10-17 11:01:52	1	0	1	0
           181	2024-10-17 11:04:20	1	0	1	0
           185	2024-10-17 11:04:25	1	0	1	0
           527	2024-10-17 11:04:30	1	0	1	0
           536	2024-10-17 11:04:41	1	0	1	0
            91	2024-10-17 11:06:00	1	0	1	0
           241	2024-10-17 11:06:33	1	0	1	0
           536	2024-10-17 11:22:02	1	0	1	0
           385	2024-10-17 11:33:39	1	0	1	0
           185	2024-10-17 11:39:48	1	0	1	0
           527	2024-10-17 11:39:53	1	0	1	0
            91	2024-10-17 11:44:04	1	0	1	0
           241	2024-10-17 11:44:20	1	0	1	0
           181	2024-10-17 11:52:51	1	0	1	0
           379	2024-10-17 11:57:46	1	0	1	0
            57	2024-10-17 12:00:07	1	0	1	0
           471	2024-10-17 12:01:00	1	0	1	0
           661	2024-10-17 12:02:34	1	0	1	0
           641	2024-10-17 12:02:44	1	0	1	0
           551	2024-10-17 12:04:36	1	0	1	0
            80	2024-10-17 12:04:40	1	0	1	0
           472	2024-10-17 12:08:21	1	0	1	0
           602	2024-10-17 12:08:25	1	0	1	0
           473	2024-10-17 12:08:31	1	0	1	0
           142	2024-10-17 12:08:46	1	0	1	0
           118	2024-10-17 12:09:12	1	0	1	0
            48	2024-10-17 12:13:45	1	0	1	0
            57	2024-10-17 12:17:15	1	0	1	0
           471	2024-10-17 12:18:20	1	0	1	0
           641	2024-10-17 12:18:50	1	0	1	0
           605	2024-10-17 12:19:53	1	0	1	0
           118	2024-10-17 12:25:02	1	0	1	0
            80	2024-10-17 12:26:45	1	0	1	0
           551	2024-10-17 12:26:48	1	0	1	0
           369	2024-10-17 12:28:53	1	0	1	0
           661	2024-10-17 12:36:40	1	0	1	0
           472	2024-10-17 12:36:47	1	0	1	0
           605	2024-10-17 12:36:54	1	0	1	0
            48	2024-10-17 12:43:06	1	0	1	0
           602	2024-10-17 12:50:19	1	0	1	0
           369	2024-10-17 12:50:35	1	0	1	0
           142	2024-10-17 12:59:31	1	0	1	0
           145	2024-10-17 13:11:16	1	0	1	0
           144	2024-10-17 13:11:21	1	0	1	0
           401	2024-10-17 13:11:26	1	0	1	0
           332	2024-10-17 13:19:22	1	0	1	0
           144	2024-10-17 13:27:23	1	0	1	0
           332	2024-10-17 13:36:25	1	0	1	0
           413	2024-10-18 07:01:54	1	0	4	0
           536	2024-10-18 07:02:04	1	0	1	0
           181	2024-10-18 07:05:11	1	0	1	0
            48	2024-10-18 07:05:47	1	0	1	0
           661	2024-10-18 07:30:58	1	0	1	0
           641	2024-10-18 07:36:13	1	0	1	0
           602	2024-10-18 07:44:17	1	0	1	0
           118	2024-10-18 07:47:02	1	0	1	0
           605	2024-10-18 07:47:53	1	0	1	0
           471	2024-10-18 07:50:36	1	0	1	0
           472	2024-10-18 07:50:58	1	0	1	0
           369	2024-10-18 07:51:39	1	0	1	0
            80	2024-10-18 07:54:12	1	0	1	0
           142	2024-10-18 07:54:31	1	0	1	0
           473	2024-10-18 07:55:55	1	0	1	0
            57	2024-10-18 08:07:07	1	0	1	0
           145	2024-10-18 08:32:36	1	0	1	0
           332	2024-10-18 08:48:23	1	0	1	0
           144	2024-10-18 09:01:26	1	0	1	0
           401	2024-10-18 09:08:12	1	0	1	0
           181	2024-10-18 11:00:37	1	0	1	0
           379	2024-10-18 11:00:48	1	0	1	0
           180	2024-10-18 11:01:03	1	0	1	0
           527	2024-10-18 11:01:36	1	0	1	0
           536	2024-10-18 11:02:55	1	0	1	0
            91	2024-10-18 11:06:02	1	0	1	0
           241	2024-10-18 11:06:07	1	0	1	0
           379	2024-10-18 11:18:48	1	0	1	0
           180	2024-10-18 11:19:14	1	0	1	0
           527	2024-10-18 11:20:36	1	0	1	0
           185	2024-10-18 11:34:37	1	0	1	0
           385	2024-10-18 11:35:58	1	0	1	0
           536	2024-10-18 11:38:01	1	0	1	0
            91	2024-10-18 11:48:41	1	0	1	0
           241	2024-10-18 11:48:47	1	0	1	0
           181	2024-10-18 11:58:46	1	0	1	0
           185	2024-10-18 11:58:57	1	0	1	0
            57	2024-10-18 12:00:05	1	0	1	0
            80	2024-10-18 12:00:09	1	0	1	0
           551	2024-10-18 12:00:16	1	0	1	0
           385	2024-10-18 12:00:21	1	0	1	0
           641	2024-10-18 12:00:27	1	0	1	0
           369	2024-10-18 12:02:35	1	0	1	0
           471	2024-10-18 12:03:10	1	0	1	0
           473	2024-10-18 12:03:23	1	0	1	0
           472	2024-10-18 12:03:26	1	0	1	0
           605	2024-10-18 12:03:34	1	0	1	0
           602	2024-10-18 12:03:52	1	0	1	0
           118	2024-10-18 12:04:48	1	0	1	0
            48	2024-10-18 12:05:23	1	0	1	0
           142	2024-10-18 12:06:18	1	0	1	0
            57	2024-10-18 12:17:10	1	0	1	0
           473	2024-10-18 12:22:28	1	0	1	0
           605	2024-10-18 12:22:36	1	0	1	0
            48	2024-10-18 12:31:35	1	0	1	0
           641	2024-10-18 12:35:29	1	0	1	0
           471	2024-10-18 12:38:57	1	0	1	0
           472	2024-10-18 12:38:59	1	0	1	0
           118	2024-10-18 12:39:02	1	0	1	0
           369	2024-10-18 12:41:39	1	0	1	0
           602	2024-10-18 12:45:03	1	0	1	0
            80	2024-10-18 12:48:46	1	0	1	0
           551	2024-10-18 12:48:50	1	0	1	0
           142	2024-10-18 12:54:28	1	0	1	0
           332	2024-10-18 13:06:05	1	0	1	0
           145	2024-10-18 13:06:25	1	0	1	0
           401	2024-10-18 13:06:30	1	0	1	0
           144	2024-10-18 13:34:54	1	0	1	0
           332	2024-10-18 13:50:46	1	0	1	0
           401	2024-10-18 13:51:08	1	0	1	0
           144	2024-10-18 13:59:38	1	0	1	0
           536	2024-10-18 16:05:33	1	0	1	0
           379	2024-10-18 16:06:53	1	0	1	0
           180	2024-10-18 16:23:39	1	0	1	0
           185	2024-10-18 16:23:45	1	0	1	0
           241	2024-10-18 16:42:52	1	0	1	0
           181	2024-10-18 16:44:55	1	0	1	0
            57	2024-10-18 17:00:13	1	0	1	0
           472	2024-10-18 17:00:20	1	0	1	0
           142	2024-10-18 17:01:04	1	0	1	0
           471	2024-10-18 17:01:25	1	0	1	0
           369	2024-10-18 17:02:10	1	0	1	0
           473	2024-10-18 17:04:28	1	0	1	0
           602	2024-10-18 17:05:18	1	0	1	0
           661	2024-10-18 17:06:44	1	0	1	0
            80	2024-10-18 17:08:14	1	0	1	0
            91	2024-10-18 17:08:33	1	0	1	0
           605	2024-10-18 17:09:06	1	0	1	0
            48	2024-10-18 17:28:18	1	0	1	0
           641	2024-10-18 17:30:45	1	0	1	0
           385	2024-10-18 17:42:58	1	0	1	0
           332	2024-10-18 18:01:03	1	0	1	0
           145	2024-10-18 18:02:24	1	0	1	0
           401	2024-10-18 18:02:37	1	0	1	0
           144	2024-10-18 18:02:58	1	0	1	0
           527	2024-10-18 19:00:17	1	0	1	0
           551	2024-10-18 19:02:09	1	0	1	0
           118	2024-10-18 19:04:19	1	0	1	0
           385	2024-10-19 07:30:38	1	0	1	0
           385	2024-10-19 11:30:36	1	0	1	0
           385	2024-10-19 12:39:21	1	0	1	0
           385	2024-10-19 17:06:10	1	0	1	0
           385	2024-10-20 05:27:52	1	0	1	0
           385	2024-10-20 11:40:17	1	0	1	0
           385	2024-10-20 12:07:48	1	0	1	0
           385	2024-10-20 17:00:07	1	0	1	0
           385	2024-10-21 06:00:29	1	0	1	0
            58	2024-10-21 06:21:43	1	0	1	0
           185	2024-10-21 06:40:43	1	0	1	0
           379	2024-10-21 06:52:22	1	0	1	0
           241	2024-10-21 06:55:09	1	0	1	0
           180	2024-10-21 06:56:09	1	0	1	0
           602	2024-10-21 06:56:50	1	0	1	0
           181	2024-10-21 07:00:30	1	0	1	0
            48	2024-10-21 07:10:47	1	0	1	0
           661	2024-10-21 07:21:47	1	0	1	0
           605	2024-10-21 07:42:27	1	0	1	0
           369	2024-10-21 07:45:18	1	0	1	0
           142	2024-10-21 07:51:20	1	0	1	0
           471	2024-10-21 07:53:48	1	0	1	0
           472	2024-10-21 07:54:23	1	0	1	0
            80	2024-10-21 07:57:07	1	0	1	0
            57	2024-10-21 08:04:26	1	0	1	0
           401	2024-10-21 08:28:19	1	0	1	0
           145	2024-10-21 08:29:37	1	0	1	0
           332	2024-10-21 08:58:07	1	0	1	0
           180	2024-10-21 11:01:13	1	0	1	0
           379	2024-10-21 11:01:17	1	0	1	0
           536	2024-10-21 11:01:28	1	0	1	0
           185	2024-10-21 11:02:44	1	0	1	0
           241	2024-10-21 11:07:38	1	0	1	0
           379	2024-10-21 11:18:26	1	0	1	0
           536	2024-10-21 11:19:39	1	0	1	0
           181	2024-10-21 11:34:52	1	0	1	0
           185	2024-10-21 11:35:23	1	0	1	0
           180	2024-10-21 11:38:45	1	0	1	0
           385	2024-10-21 11:38:49	1	0	1	0
           241	2024-10-21 11:42:23	1	0	1	0
           181	2024-10-21 11:54:15	1	0	1	0
           471	2024-10-21 12:00:03	1	0	1	0
           472	2024-10-21 12:00:10	1	0	1	0
           605	2024-10-21 12:00:19	1	0	1	0
           602	2024-10-21 12:00:21	1	0	1	0
           661	2024-10-21 12:01:29	1	0	1	0
           142	2024-10-21 12:01:40	1	0	1	0
            57	2024-10-21 12:01:47	1	0	1	0
           369	2024-10-21 12:01:54	1	0	1	0
            48	2024-10-21 12:02:48	1	0	1	0
           385	2024-10-21 12:02:54	1	0	1	0
            58	2024-10-21 12:03:07	1	0	1	0
            80	2024-10-21 12:12:37	1	0	1	0
            57	2024-10-21 12:18:42	1	0	1	0
            48	2024-10-21 12:18:54	1	0	1	0
            58	2024-10-21 12:19:11	1	0	1	0
           369	2024-10-21 12:19:17	1	0	1	0
            80	2024-10-21 12:27:46	1	0	1	0
           661	2024-10-21 12:28:21	1	0	1	0
           472	2024-10-21 12:30:04	1	0	1	0
           471	2024-10-21 12:30:09	1	0	1	0
           605	2024-10-21 12:36:47	1	0	1	0
           602	2024-10-21 12:51:13	1	0	1	0
           142	2024-10-21 12:55:08	1	0	1	0
           401	2024-10-21 13:01:04	1	0	1	0
           332	2024-10-21 13:01:11	1	0	1	0
           413	2024-10-21 13:09:05	1	0	4	0
           145	2024-10-21 13:10:08	1	0	1	0
           332	2024-10-21 13:19:39	1	0	1	0
           401	2024-10-21 13:19:50	1	0	1	0
           536	2024-10-21 16:04:36	1	0	1	0
           379	2024-10-21 16:09:26	1	0	1	0
           181	2024-10-21 16:25:11	1	0	1	0
           185	2024-10-21 16:52:47	1	0	1	0
            57	2024-10-21 17:00:09	1	0	1	0
            58	2024-10-21 17:00:16	1	0	1	0
            48	2024-10-21 17:00:20	1	0	1	0
           471	2024-10-21 17:00:27	1	0	1	0
           241	2024-10-21 17:01:18	1	0	1	0
           602	2024-10-21 17:01:25	1	0	1	0
           605	2024-10-21 17:01:53	1	0	1	0
           472	2024-10-21 17:02:10	1	0	1	0
           661	2024-10-21 17:02:15	1	0	1	0
           180	2024-10-21 17:02:33	1	0	1	0
           142	2024-10-21 17:04:54	1	0	1	0
           385	2024-10-21 17:06:17	1	0	1	0
            80	2024-10-21 17:16:32	1	0	1	0
           369	2024-10-21 17:19:40	1	0	1	0
           145	2024-10-21 18:02:38	1	0	1	0
           401	2024-10-21 18:07:36	1	0	1	0
           332	2024-10-21 18:07:44	1	0	1	0
            58	2024-10-22 06:27:46	1	0	1	0
           385	2024-10-22 06:34:02	1	0	1	0
           185	2024-10-22 06:43:45	1	0	1	0
           379	2024-10-22 06:47:55	1	0	1	0
           536	2024-10-22 06:48:42	1	0	1	0
           180	2024-10-22 06:52:59	1	0	1	0
           241	2024-10-22 07:00:03	1	0	1	0
           181	2024-10-22 07:00:14	1	0	1	0
            48	2024-10-22 07:10:39	1	0	1	0
           641	2024-10-22 07:30:56	1	0	1	0
           473	2024-10-22 07:34:36	1	0	1	0
           602	2024-10-22 07:38:39	1	0	1	0
           661	2024-10-22 07:42:21	1	0	1	0
           142	2024-10-22 07:55:54	1	0	1	0
           471	2024-10-22 07:56:00	1	0	1	0
           472	2024-10-22 07:56:03	1	0	1	0
           605	2024-10-22 08:00:08	1	0	1	0
            80	2024-10-22 08:01:36	1	0	1	0
            57	2024-10-22 08:03:33	1	0	1	0
           145	2024-10-22 08:43:35	1	0	1	0
           332	2024-10-22 08:56:12	1	0	1	0
           369	2024-10-22 08:56:29	1	0	1	0
           401	2024-10-22 09:28:17	1	0	1	0
           144	2024-10-22 09:57:59	1	0	1	0
           379	2024-10-22 11:01:03	1	0	1	0
           180	2024-10-22 11:04:48	1	0	1	0
           181	2024-10-22 11:05:00	1	0	1	0
           536	2024-10-22 11:05:05	1	0	1	0
           185	2024-10-22 11:05:16	1	0	1	0
           241	2024-10-22 11:08:22	1	0	1	0
           180	2024-10-22 11:19:56	1	0	1	0
           385	2024-10-22 11:32:47	1	0	1	0
           379	2024-10-22 11:40:13	1	0	1	0
           241	2024-10-22 11:46:30	1	0	1	0
           536	2024-10-22 11:49:20	1	0	1	0
           185	2024-10-22 11:54:24	1	0	1	0
           181	2024-10-22 11:56:50	1	0	1	0
            57	2024-10-22 12:00:09	1	0	1	0
            48	2024-10-22 12:00:17	1	0	1	0
            58	2024-10-22 12:00:25	1	0	1	0
           369	2024-10-22 12:00:34	1	0	1	0
           661	2024-10-22 12:01:32	1	0	1	0
           473	2024-10-22 12:01:35	1	0	1	0
           641	2024-10-22 12:01:58	1	0	1	0
           605	2024-10-22 12:02:35	1	0	1	0
           471	2024-10-22 12:03:15	1	0	1	0
           472	2024-10-22 12:08:15	1	0	1	0
           385	2024-10-22 12:11:55	1	0	1	0
            80	2024-10-22 12:14:42	1	0	1	0
           142	2024-10-22 12:15:06	1	0	1	0
            57	2024-10-22 12:16:53	1	0	1	0
            48	2024-10-22 12:16:58	1	0	1	0
            58	2024-10-22 12:17:09	1	0	1	0
           602	2024-10-22 12:19:38	1	0	1	0
           605	2024-10-22 12:19:48	1	0	1	0
           473	2024-10-22 12:22:00	1	0	1	0
           661	2024-10-22 12:22:43	1	0	1	0
           369	2024-10-22 12:28:46	1	0	1	0
           472	2024-10-22 12:32:58	1	0	1	0
           471	2024-10-22 12:33:06	1	0	1	0
           142	2024-10-22 12:33:18	1	0	1	0
            80	2024-10-22 12:36:04	1	0	1	0
           602	2024-10-22 12:36:59	1	0	1	0
           332	2024-10-22 13:04:26	1	0	1	0
           145	2024-10-22 13:20:27	1	0	1	0
           401	2024-10-22 13:20:33	1	0	1	0
           145	2024-10-22 13:44:45	1	0	1	0
           401	2024-10-22 13:44:53	1	0	1	0
           332	2024-10-22 13:45:34	1	0	1	0
           144	2024-10-22 13:54:49	1	0	1	0
           379	2024-10-22 16:02:57	1	0	1	0
           181	2024-10-22 16:05:37	1	0	1	0
           536	2024-10-22 16:06:39	1	0	1	0
           185	2024-10-22 16:26:30	1	0	1	0
           180	2024-10-22 16:58:26	1	0	1	0
            58	2024-10-22 17:00:12	1	0	1	0
            48	2024-10-22 17:00:19	1	0	1	0
           471	2024-10-22 17:00:52	1	0	1	0
           472	2024-10-22 17:01:02	1	0	1	0
           641	2024-10-22 17:01:57	1	0	1	0
           605	2024-10-22 17:02:22	1	0	1	0
           473	2024-10-22 17:02:25	1	0	1	0
           661	2024-10-22 17:02:35	1	0	1	0
           602	2024-10-22 17:02:40	1	0	1	0
           142	2024-10-22 17:04:40	1	0	1	0
           385	2024-10-22 17:05:19	1	0	1	0
           241	2024-10-22 17:06:22	1	0	1	0
            80	2024-10-22 17:08:10	1	0	1	0
           369	2024-10-22 17:10:18	1	0	1	0
           385	2024-10-25 07:08:53	1	0	1	0
           144	2024-10-25 09:07:49	1	0	1	0
           473	2024-10-25 09:36:42	1	0	1	0
           602	2024-10-25 09:36:46	1	0	1	0
           385	2024-10-25 11:30:33	1	0	1	0
           385	2024-10-25 12:00:04	1	0	1	0
           602	2024-10-25 12:05:17	1	0	1	0
           605	2024-10-25 12:05:19	1	0	1	0
           473	2024-10-25 12:06:46	1	0	1	0
           605	2024-10-25 12:37:43	1	0	1	0
           602	2024-10-25 12:39:14	1	0	1	0
           385	2024-10-25 12:49:27	1	0	1	0
