           107	2023-06-01 05:47:08	1	0	1	0
           395	2023-06-01 05:47:28	1	0	1	0
           337	2023-06-01 06:02:52	1	0	15	0
            73	2023-06-01 06:10:54	1	0	1	0
            38	2023-06-01 06:11:02	1	0	1	0
           385	2023-06-01 06:30:50	1	0	1	0
           196	2023-06-01 06:31:55	1	0	15	0
           224	2023-06-01 06:33:41	1	0	15	0
           387	2023-06-01 06:37:24	1	0	15	0
           314	2023-06-01 06:37:34	1	0	1	0
            58	2023-06-01 06:39:41	1	0	1	0
           573	2023-06-01 06:42:57	1	0	1	0
           422	2023-06-01 06:44:28	1	0	15	0
           425	2023-06-01 06:45:01	1	0	15	0
            70	2023-06-01 06:47:49	1	0	1	0
           546	2023-06-01 06:49:08	1	0	1	0
           146	2023-06-01 06:51:17	1	0	15	0
           119	2023-06-01 06:52:34	1	0	15	0
           511	2023-06-01 06:55:36	1	0	1	0
           582	2023-06-01 06:56:40	1	0	1	0
           381	2023-06-01 06:56:59	1	0	1	0
           493	2023-06-01 06:59:49	1	0	1	0
            74	2023-06-01 07:00:29	1	0	15	0
           566	2023-06-01 07:03:16	1	0	15	0
           581	2023-06-01 07:03:19	1	0	15	0
            91	2023-06-01 07:03:44	1	0	1	0
           185	2023-06-01 07:03:57	1	0	15	0
           559	2023-06-01 07:05:05	1	0	15	0
           533	2023-06-01 07:05:14	1	0	1	0
            66	2023-06-01 07:06:26	1	0	15	0
           554	2023-06-01 07:06:41	1	0	1	0
           574	2023-06-01 07:06:50	1	0	1	0
           553	2023-06-01 07:07:16	1	0	1	0
           114	2023-06-01 07:08:51	1	0	1	0
           366	2023-06-01 07:10:15	1	0	1	0
           576	2023-06-01 07:10:20	1	0	1	0
            37	2023-06-01 07:10:38	1	0	1	0
            77	2023-06-01 07:12:44	1	0	1	0
           434	2023-06-01 07:15:33	1	0	1	0
           556	2023-06-01 07:19:57	1	0	1	0
           579	2023-06-01 07:20:08	1	0	1	0
           223	2023-06-01 07:22:34	1	0	15	0
           374	2023-06-01 07:23:00	1	0	1	0
            39	2023-06-01 07:23:55	1	0	1	0
           241	2023-06-01 07:24:07	1	0	1	0
           355	2023-06-01 07:26:11	1	0	15	0
           120	2023-06-01 07:26:25	1	0	1	0
           123	2023-06-01 07:26:33	1	0	1	0
           475	2023-06-01 07:27:21	1	0	1	0
           413	2023-06-01 07:27:27	1	0	4	0
           101	2023-06-01 07:27:38	1	0	1	0
           504	2023-06-01 07:27:45	1	0	1	0
           236	2023-06-01 07:27:59	1	0	1	0
           569	2023-06-01 07:28:05	1	0	1	0
           149	2023-06-01 07:30:05	1	0	15	0
           541	2023-06-01 07:31:21	1	0	15	0
           444	2023-06-01 07:32:43	1	0	1	0
           252	2023-06-01 07:33:55	1	0	1	0
           492	2023-06-01 07:35:06	1	0	1	0
           275	2023-06-01 07:35:21	1	0	1	0
           206	2023-06-01 07:35:29	1	0	15	0
           265	2023-06-01 07:36:07	1	0	15	0
           105	2023-06-01 07:38:01	1	0	1	0
           404	2023-06-01 07:38:04	1	0	1	0
           397	2023-06-01 07:38:27	1	0	1	0
           530	2023-06-01 07:39:28	1	0	1	0
           467	2023-06-01 07:39:45	1	0	1	0
            57	2023-06-01 07:40:36	1	0	15	0
            87	2023-06-01 07:41:04	1	0	15	0
           379	2023-06-01 07:41:20	1	0	1	0
            83	2023-06-01 07:41:32	1	0	1	0
           575	2023-06-01 07:42:38	1	0	1	0
           115	2023-06-01 07:42:59	1	0	15	0
           118	2023-06-01 07:43:23	1	0	1	0
           350	2023-06-01 07:43:42	1	0	1	0
           527	2023-06-01 07:43:58	1	0	1	0
           557	2023-06-01 07:44:16	1	0	1	0
           473	2023-06-01 07:44:19	1	0	1	0
            93	2023-06-01 07:44:27	1	0	15	0
           547	2023-06-01 07:46:09	1	0	1	0
           465	2023-06-01 07:46:19	1	0	15	0
           502	2023-06-01 07:46:25	1	0	1	0
           142	2023-06-01 07:46:32	1	0	1	0
           408	2023-06-01 07:46:40	1	0	1	0
           398	2023-06-01 07:47:33	1	0	1	0
           182	2023-06-01 07:47:41	1	0	15	0
           571	2023-06-01 07:48:11	1	0	1	0
           568	2023-06-01 07:48:15	1	0	1	0
           121	2023-06-01 07:48:20	1	0	1	0
           114	2023-06-01 07:48:35	1	0	1	0
           194	2023-06-01 07:48:45	1	0	1	0
           228	2023-06-01 07:48:52	1	0	15	0
           259	2023-06-01 07:49:17	1	0	1	0
           536	2023-06-01 07:49:35	1	0	1	0
           516	2023-06-01 07:49:42	1	0	1	0
           403	2023-06-01 07:49:51	1	0	1	0
            88	2023-06-01 07:50:06	1	0	15	0
           370	2023-06-01 07:50:44	1	0	1	0
           472	2023-06-01 07:51:34	1	0	15	0
           471	2023-06-01 07:51:40	1	0	1	0
           338	2023-06-01 07:52:16	1	0	1	0
           478	2023-06-01 07:52:36	1	0	1	0
            27	2023-06-01 07:52:43	1	0	1	0
           453	2023-06-01 07:53:24	1	0	1	0
            45	2023-06-01 07:53:31	1	0	1	0
           348	2023-06-01 07:53:38	1	0	1	0
           562	2023-06-01 07:53:42	1	0	1	0
            43	2023-06-01 07:53:50	1	0	1	0
           331	2023-06-01 07:53:55	1	0	1	0
           363	2023-06-01 07:54:59	1	0	1	0
           401	2023-06-01 07:55:24	1	0	1	0
           572	2023-06-01 07:56:20	1	0	1	0
            40	2023-06-01 07:56:40	1	0	1	0
            75	2023-06-01 07:56:53	1	0	1	0
           125	2023-06-01 07:57:25	1	0	1	0
           399	2023-06-01 07:57:53	1	0	1	0
           181	2023-06-01 07:58:23	1	0	1	0
            80	2023-06-01 07:58:30	1	0	15	0
           580	2023-06-01 07:58:53	1	0	1	0
           417	2023-06-01 07:59:36	1	0	15	0
           200	2023-06-01 08:00:06	1	0	1	0
           525	2023-06-01 08:00:37	1	0	1	0
           312	2023-06-01 08:02:17	1	0	1	0
           335	2023-06-01 08:02:22	1	0	1	0
           361	2023-06-01 08:03:40	1	0	1	0
           529	2023-06-01 08:06:30	1	0	15	0
           249	2023-06-01 08:11:07	1	0	15	0
           513	2023-06-01 08:31:39	1	0	1	0
           369	2023-06-01 08:36:43	1	0	1	0
           485	2023-06-01 08:57:40	1	0	1	0
           332	2023-06-01 09:28:31	1	0	1	0
           577	2023-06-01 09:54:34	1	0	1	0
           425	2023-06-01 11:02:21	1	0	15	0
           511	2023-06-01 11:21:30	1	0	1	0
           425	2023-06-01 11:25:36	1	0	15	0
           559	2023-06-01 11:30:11	1	0	15	0
           576	2023-06-01 11:30:19	1	0	1	0
           582	2023-06-01 11:30:32	1	0	15	0
           123	2023-06-01 11:30:51	1	0	1	0
           223	2023-06-01 11:31:08	1	0	1	0
           581	2023-06-01 11:31:12	1	0	1	0
           533	2023-06-01 11:31:26	1	0	1	0
           224	2023-06-01 11:31:37	1	0	1	0
           422	2023-06-01 11:31:51	1	0	15	0
           475	2023-06-01 11:32:01	1	0	15	0
           366	2023-06-01 11:32:09	1	0	1	0
           196	2023-06-01 11:32:16	1	0	15	0
           385	2023-06-01 11:32:41	1	0	1	0
           387	2023-06-01 11:32:48	1	0	15	0
           119	2023-06-01 11:36:27	1	0	15	0
           236	2023-06-01 11:37:10	1	0	1	0
           511	2023-06-01 11:44:48	1	0	1	0
           241	2023-06-01 12:00:05	1	0	1	0
            91	2023-06-01 12:00:07	1	0	1	0
           366	2023-06-01 12:00:15	1	0	1	0
           475	2023-06-01 12:00:20	1	0	1	0
           576	2023-06-01 12:00:24	1	0	1	0
           123	2023-06-01 12:00:40	1	0	1	0
           387	2023-06-01 12:00:50	1	0	15	0
           422	2023-06-01 12:00:57	1	0	15	0
           562	2023-06-01 12:01:01	1	0	1	0
           350	2023-06-01 12:01:06	1	0	1	0
           581	2023-06-01 12:01:10	1	0	1	0
           196	2023-06-01 12:01:17	1	0	1	0
           478	2023-06-01 12:01:22	1	0	1	0
           385	2023-06-01 12:01:27	1	0	1	0
           224	2023-06-01 12:01:32	1	0	1	0
           582	2023-06-01 12:01:48	1	0	1	0
           115	2023-06-01 12:02:13	1	0	1	0
           142	2023-06-01 12:02:19	1	0	1	0
           559	2023-06-01 12:02:25	1	0	1	0
           397	2023-06-01 12:02:29	1	0	1	0
           572	2023-06-01 12:02:34	1	0	1	0
            87	2023-06-01 12:02:40	1	0	15	0
           249	2023-06-01 12:02:54	1	0	1	0
           379	2023-06-01 12:03:00	1	0	1	0
           149	2023-06-01 12:03:10	1	0	1	0
           568	2023-06-01 12:03:15	1	0	1	0
           369	2023-06-01 12:03:20	1	0	1	0
           121	2023-06-01 12:03:24	1	0	1	0
           577	2023-06-01 12:03:30	1	0	1	0
           370	2023-06-01 12:03:37	1	0	1	0
           259	2023-06-01 12:03:42	1	0	1	0
            66	2023-06-01 12:04:02	1	0	15	0
           101	2023-06-01 12:04:13	1	0	1	0
            77	2023-06-01 12:04:19	1	0	1	0
           265	2023-06-01 12:04:25	1	0	1	0
           527	2023-06-01 12:04:30	1	0	1	0
            45	2023-06-01 12:04:37	1	0	15	0
           381	2023-06-01 12:04:45	1	0	1	0
           492	2023-06-01 12:04:58	1	0	1	0
           516	2023-06-01 12:05:04	1	0	1	0
            83	2023-06-01 12:05:10	1	0	1	0
           413	2023-06-01 12:05:12	1	0	4	0
           434	2023-06-01 12:05:24	1	0	1	0
            43	2023-06-01 12:05:33	1	0	1	0
           580	2023-06-01 12:05:43	1	0	1	0
           185	2023-06-01 12:05:50	1	0	1	0
           536	2023-06-01 12:05:55	1	0	1	0
           556	2023-06-01 12:06:01	1	0	1	0
           403	2023-06-01 12:06:16	1	0	1	0
           105	2023-06-01 12:06:19	1	0	1	0
           408	2023-06-01 12:06:23	1	0	1	0
           275	2023-06-01 12:06:31	1	0	15	0
           206	2023-06-01 12:06:41	1	0	15	0
           125	2023-06-01 12:07:22	1	0	1	0
           181	2023-06-01 12:07:44	1	0	1	0
           525	2023-06-01 12:07:50	1	0	1	0
           574	2023-06-01 12:07:58	1	0	1	0
            57	2023-06-01 12:08:18	1	0	15	0
           252	2023-06-01 12:08:31	1	0	1	0
           200	2023-06-01 12:08:38	1	0	1	0
           194	2023-06-01 12:08:48	1	0	1	0
           228	2023-06-01 12:08:54	1	0	15	0
           444	2023-06-01 12:09:00	1	0	1	0
            80	2023-06-01 12:09:14	1	0	15	0
           119	2023-06-01 12:09:25	1	0	15	0
           404	2023-06-01 12:09:32	1	0	1	0
           557	2023-06-01 12:09:38	1	0	1	0
           473	2023-06-01 12:09:46	1	0	1	0
           118	2023-06-01 12:09:55	1	0	15	0
           471	2023-06-01 12:10:03	1	0	15	0
           472	2023-06-01 12:10:10	1	0	15	0
           182	2023-06-01 12:10:17	1	0	15	0
            93	2023-06-01 12:10:28	1	0	15	0
            38	2023-06-01 12:13:50	1	0	1	0
           146	2023-06-01 12:13:58	1	0	15	0
            75	2023-06-01 12:14:59	1	0	1	0
            91	2023-06-01 12:15:50	1	0	1	0
           120	2023-06-01 12:17:39	1	0	1	0
           115	2023-06-01 12:17:48	1	0	1	0
           579	2023-06-01 12:18:00	1	0	1	0
           546	2023-06-01 12:18:05	1	0	1	0
           337	2023-06-01 12:18:17	1	0	1	0
           504	2023-06-01 12:18:24	1	0	15	0
           573	2023-06-01 12:18:26	1	0	1	0
           529	2023-06-01 12:18:40	1	0	1	0
           465	2023-06-01 12:18:50	1	0	15	0
           114	2023-06-01 12:19:04	1	0	1	0
           205	2023-06-01 12:19:09	1	0	1	0
           332	2023-06-01 12:19:19	1	0	1	0
           554	2023-06-01 12:19:29	1	0	1	0
           553	2023-06-01 12:19:37	1	0	1	0
           374	2023-06-01 12:19:46	1	0	15	0
           541	2023-06-01 12:19:51	1	0	15	0
            88	2023-06-01 12:20:05	1	0	15	0
           265	2023-06-01 12:20:18	1	0	1	0
           121	2023-06-01 12:20:23	1	0	1	0
            83	2023-06-01 12:20:32	1	0	1	0
           492	2023-06-01 12:20:51	1	0	1	0
           536	2023-06-01 12:21:00	1	0	1	0
           185	2023-06-01 12:21:11	1	0	1	0
            66	2023-06-01 12:21:21	1	0	15	0
            77	2023-06-01 12:21:30	1	0	1	0
           348	2023-06-01 12:21:38	1	0	1	0
            27	2023-06-01 12:21:47	1	0	1	0
           571	2023-06-01 12:21:54	1	0	1	0
           453	2023-06-01 12:22:03	1	0	1	0
            37	2023-06-01 12:22:11	1	0	1	0
           467	2023-06-01 12:22:20	1	0	1	0
           314	2023-06-01 12:22:25	1	0	1	0
           572	2023-06-01 12:22:29	1	0	1	0
           478	2023-06-01 12:22:34	1	0	1	0
           516	2023-06-01 12:22:40	1	0	1	0
           556	2023-06-01 12:23:01	1	0	1	0
           249	2023-06-01 12:23:18	1	0	1	0
            39	2023-06-01 12:23:28	1	0	1	0
           493	2023-06-01 12:23:40	1	0	15	0
           547	2023-06-01 12:23:46	1	0	1	0
           569	2023-06-01 12:23:53	1	0	1	0
           513	2023-06-01 12:23:56	1	0	1	0
           399	2023-06-01 12:24:04	1	0	1	0
           530	2023-06-01 12:24:15	1	0	1	0
           413	2023-06-01 12:24:19	1	0	4	0
           471	2023-06-01 12:25:19	1	0	1	0
           118	2023-06-01 12:25:22	1	0	1	0
           472	2023-06-01 12:25:25	1	0	1	0
            57	2023-06-01 12:26:02	1	0	15	0
           101	2023-06-01 12:26:21	1	0	1	0
            43	2023-06-01 12:26:32	1	0	1	0
           335	2023-06-01 12:26:39	1	0	1	0
           381	2023-06-01 12:27:26	1	0	15	0
           355	2023-06-01 12:27:33	1	0	1	0
           566	2023-06-01 12:28:33	1	0	15	0
           568	2023-06-01 12:30:32	1	0	1	0
           403	2023-06-01 12:31:10	1	0	1	0
           331	2023-06-01 12:32:18	1	0	1	0
           259	2023-06-01 12:32:25	1	0	1	0
           562	2023-06-01 12:33:34	1	0	1	0
           546	2023-06-01 12:33:54	1	0	1	0
           114	2023-06-01 12:34:17	1	0	15	0
           504	2023-06-01 12:34:27	1	0	15	0
           573	2023-06-01 12:34:42	1	0	1	0
           553	2023-06-01 12:34:55	1	0	1	0
           338	2023-06-01 12:35:02	1	0	1	0
           579	2023-06-01 12:35:08	1	0	1	0
           337	2023-06-01 12:35:16	1	0	1	0
           417	2023-06-01 12:35:24	1	0	1	0
           363	2023-06-01 12:35:31	1	0	1	0
           361	2023-06-01 12:35:37	1	0	15	0
            75	2023-06-01 12:35:51	1	0	1	0
           554	2023-06-01 12:35:56	1	0	1	0
           465	2023-06-01 12:36:16	1	0	15	0
           369	2023-06-01 12:36:48	1	0	1	0
           332	2023-06-01 12:36:55	1	0	1	0
           194	2023-06-01 12:37:00	1	0	1	0
           404	2023-06-01 12:37:03	1	0	1	0
           574	2023-06-01 12:37:08	1	0	1	0
           252	2023-06-01 12:37:14	1	0	1	0
           228	2023-06-01 12:37:17	1	0	15	0
           398	2023-06-01 12:37:23	1	0	15	0
            45	2023-06-01 12:37:58	1	0	15	0
           502	2023-06-01 12:38:14	1	0	1	0
           575	2023-06-01 12:38:21	1	0	1	0
           200	2023-06-01 12:38:26	1	0	1	0
            37	2023-06-01 12:38:37	1	0	1	0
            40	2023-06-01 12:38:51	1	0	1	0
           530	2023-06-01 12:39:20	1	0	1	0
           348	2023-06-01 12:40:58	1	0	1	0
            27	2023-06-01 12:41:35	1	0	1	0
           453	2023-06-01 12:41:46	1	0	1	0
           493	2023-06-01 12:42:09	1	0	15	0
           571	2023-06-01 12:42:26	1	0	15	0
            69	2023-06-01 12:45:10	1	0	1	0
           397	2023-06-01 12:45:36	1	0	1	0
           146	2023-06-01 12:46:07	1	0	15	0
           434	2023-06-01 12:46:43	1	0	15	0
           182	2023-06-01 12:47:00	1	0	15	0
            93	2023-06-01 12:47:19	1	0	15	0
           370	2023-06-01 12:47:25	1	0	1	0
           569	2023-06-01 12:47:31	1	0	1	0
           527	2023-06-01 12:47:36	1	0	1	0
           331	2023-06-01 12:47:45	1	0	1	0
           206	2023-06-01 12:47:54	1	0	15	0
           275	2023-06-01 12:48:00	1	0	1	0
            88	2023-06-01 12:48:16	1	0	15	0
            87	2023-06-01 12:48:58	1	0	15	0
           557	2023-06-01 12:49:15	1	0	1	0
           580	2023-06-01 12:49:47	1	0	1	0
            38	2023-06-01 12:51:04	1	0	1	0
           120	2023-06-01 12:51:46	1	0	1	0
           417	2023-06-01 12:52:57	1	0	1	0
           363	2023-06-01 12:53:06	1	0	1	0
           361	2023-06-01 12:53:27	1	0	15	0
           502	2023-06-01 12:53:35	1	0	1	0
           575	2023-06-01 12:53:42	1	0	1	0
           355	2023-06-01 12:53:48	1	0	1	0
           338	2023-06-01 12:54:45	1	0	1	0
           125	2023-06-01 12:54:50	1	0	1	0
           223	2023-06-01 12:55:16	1	0	1	0
           533	2023-06-01 12:55:52	1	0	1	0
            40	2023-06-01 12:56:16	1	0	1	0
           379	2023-06-01 12:56:23	1	0	1	0
           181	2023-06-01 12:56:35	1	0	1	0
           399	2023-06-01 12:56:52	1	0	1	0
           350	2023-06-01 12:58:24	1	0	1	0
           335	2023-06-01 13:01:38	1	0	1	0
           236	2023-06-01 13:02:12	1	0	1	0
           142	2023-06-01 13:03:41	1	0	1	0
           485	2023-06-01 13:12:48	1	0	1	0
           567	2023-06-01 13:48:29	1	0	15	0
           107	2023-06-01 13:59:44	1	0	1	0
           418	2023-06-01 14:12:09	1	0	15	0
            70	2023-06-01 14:58:20	1	0	15	0
           511	2023-06-01 16:05:24	1	0	1	0
           425	2023-06-01 16:20:13	1	0	15	0
            58	2023-06-01 17:00:05	1	0	1	0
            74	2023-06-01 17:00:13	1	0	1	0
           115	2023-06-01 17:00:22	1	0	1	0
           387	2023-06-01 17:00:35	1	0	15	0
           422	2023-06-01 17:00:45	1	0	15	0
            66	2023-06-01 17:00:52	1	0	15	0
           572	2023-06-01 17:00:59	1	0	1	0
           120	2023-06-01 17:01:36	1	0	1	0
           369	2023-06-01 17:01:45	1	0	1	0
           397	2023-06-01 17:01:52	1	0	1	0
           562	2023-06-01 17:01:58	1	0	1	0
           513	2023-06-01 17:02:03	1	0	1	0
           194	2023-06-01 17:02:09	1	0	1	0
           571	2023-06-01 17:02:14	1	0	1	0
           223	2023-06-01 17:02:21	1	0	1	0
           566	2023-06-01 17:02:26	1	0	1	0
           581	2023-06-01 17:02:32	1	0	1	0
           101	2023-06-01 17:02:37	1	0	1	0
           559	2023-06-01 17:02:46	1	0	1	0
           348	2023-06-01 17:02:51	1	0	1	0
           576	2023-06-01 17:02:59	1	0	1	0
           568	2023-06-01 17:03:07	1	0	1	0
            37	2023-06-01 17:03:20	1	0	1	0
            39	2023-06-01 17:03:27	1	0	1	0
           582	2023-06-01 17:03:34	1	0	1	0
           196	2023-06-01 17:03:43	1	0	1	0
           385	2023-06-01 17:03:47	1	0	1	0
           265	2023-06-01 17:03:53	1	0	1	0
           249	2023-06-01 17:03:58	1	0	1	0
           569	2023-06-01 17:04:11	1	0	1	0
            77	2023-06-01 17:04:31	1	0	1	0
           478	2023-06-01 17:04:39	1	0	1	0
           236	2023-06-01 17:04:47	1	0	1	0
           580	2023-06-01 17:04:53	1	0	1	0
           472	2023-06-01 17:04:58	1	0	1	0
           471	2023-06-01 17:05:03	1	0	1	0
            93	2023-06-01 17:05:10	1	0	15	0
           413	2023-06-01 17:05:13	1	0	4	0
           350	2023-06-01 17:05:22	1	0	1	0
           224	2023-06-01 17:05:32	1	0	1	0
           366	2023-06-01 17:05:40	1	0	1	0
           573	2023-06-01 17:05:46	1	0	1	0
           181	2023-06-01 17:06:00	1	0	1	0
           185	2023-06-01 17:06:07	1	0	1	0
           475	2023-06-01 17:06:26	1	0	1	0
            91	2023-06-01 17:06:32	1	0	1	0
           533	2023-06-01 17:06:48	1	0	1	0
           119	2023-06-01 17:06:54	1	0	15	0
           182	2023-06-01 17:07:03	1	0	15	0
           361	2023-06-01 17:07:17	1	0	15	0
           403	2023-06-01 17:07:23	1	0	1	0
           395	2023-06-01 17:07:33	1	0	1	0
           123	2023-06-01 17:07:39	1	0	1	0
           536	2023-06-01 17:07:44	1	0	1	0
           206	2023-06-01 17:07:53	1	0	15	0
           275	2023-06-01 17:08:01	1	0	1	0
           399	2023-06-01 17:08:20	1	0	1	0
           121	2023-06-01 17:08:31	1	0	1	0
           444	2023-06-01 17:08:40	1	0	1	0
           574	2023-06-01 17:08:45	1	0	1	0
           252	2023-06-01 17:08:51	1	0	15	0
           228	2023-06-01 17:09:12	1	0	15	0
            87	2023-06-01 17:09:18	1	0	15	0
            38	2023-06-01 17:09:30	1	0	1	0
           379	2023-06-01 17:09:57	1	0	15	0
           434	2023-06-01 17:10:07	1	0	1	0
            57	2023-06-01 17:10:25	1	0	15	0
           556	2023-06-01 17:10:31	1	0	1	0
            83	2023-06-01 17:10:40	1	0	1	0
           370	2023-06-01 17:10:49	1	0	15	0
           557	2023-06-01 17:11:04	1	0	1	0
           473	2023-06-01 17:11:07	1	0	1	0
           404	2023-06-01 17:12:03	1	0	1	0
           530	2023-06-01 17:12:27	1	0	1	0
           527	2023-06-01 17:12:43	1	0	1	0
           417	2023-06-01 17:13:52	1	0	1	0
           312	2023-06-01 17:14:03	1	0	1	0
           529	2023-06-01 17:16:04	1	0	1	0
           114	2023-06-01 17:16:11	1	0	1	0
           332	2023-06-01 17:17:34	1	0	1	0
           547	2023-06-01 17:17:54	1	0	1	0
            73	2023-06-01 17:18:09	1	0	1	0
           125	2023-06-01 17:18:20	1	0	1	0
           142	2023-06-01 17:19:35	1	0	15	0
           493	2023-06-01 17:20:45	1	0	1	0
           335	2023-06-01 17:21:37	1	0	1	0
           241	2023-06-01 17:23:00	1	0	1	0
           118	2023-06-01 17:23:21	1	0	15	0
            43	2023-06-01 17:28:50	1	0	15	0
            80	2023-06-01 17:30:08	1	0	15	0
            88	2023-06-01 17:30:25	1	0	15	0
           381	2023-06-01 17:31:14	1	0	1	0
            69	2023-06-01 17:31:28	1	0	1	0
           401	2023-06-01 17:36:18	1	0	15	0
           145	2023-06-01 17:36:30	1	0	1	0
           398	2023-06-01 17:39:50	1	0	1	0
           331	2023-06-01 17:43:52	1	0	1	0
           314	2023-06-01 17:45:20	1	0	1	0
           546	2023-06-01 17:45:25	1	0	1	0
           146	2023-06-01 17:54:03	1	0	15	0
            27	2023-06-01 17:56:31	1	0	1	0
            40	2023-06-01 17:57:43	1	0	1	0
           453	2023-06-01 17:59:36	1	0	1	0
           338	2023-06-01 17:59:42	1	0	1	0
           525	2023-06-01 17:59:51	1	0	1	0
           541	2023-06-01 18:00:23	1	0	15	0
           467	2023-06-01 18:00:32	1	0	15	0
           337	2023-06-01 18:01:08	1	0	1	0
           579	2023-06-01 18:01:14	1	0	1	0
           553	2023-06-01 18:01:33	1	0	1	0
           554	2023-06-01 18:01:39	1	0	1	0
           374	2023-06-01 18:03:41	1	0	15	0
           504	2023-06-01 18:04:01	1	0	15	0
           485	2023-06-01 18:04:06	1	0	1	0
           355	2023-06-01 18:04:16	1	0	15	0
           502	2023-06-01 18:09:40	1	0	1	0
           575	2023-06-01 18:10:07	1	0	15	0
           205	2023-06-01 18:16:33	1	0	1	0
           363	2023-06-01 19:27:30	1	0	1	0
           114	2023-06-01 19:28:03	1	0	1	0
           200	2023-06-01 19:45:51	1	0	1	0
            45	2023-06-01 20:39:04	1	0	15	0
           305	2023-06-01 21:43:19	1	0	1	0
           492	2023-06-01 21:45:01	1	0	1	0
           567	2023-06-01 22:00:10	1	0	15	0
           418	2023-06-01 22:09:55	1	0	15	0
           465	2023-06-01 22:15:42	1	0	15	0
            75	2023-06-01 22:17:04	1	0	1	0
           516	2023-06-01 22:17:29	1	0	1	0
            70	2023-06-02 06:03:50	1	0	15	0
           381	2023-06-02 06:04:35	1	0	1	0
           181	2023-06-02 06:07:05	1	0	1	0
           337	2023-06-02 06:07:33	1	0	15	0
           395	2023-06-02 06:07:54	1	0	1	0
            40	2023-06-02 06:13:16	1	0	1	0
           387	2023-06-02 06:27:05	1	0	15	0
           569	2023-06-02 06:39:38	1	0	1	0
            58	2023-06-02 06:42:22	1	0	1	0
           422	2023-06-02 06:44:58	1	0	15	0
           196	2023-06-02 06:46:43	1	0	15	0
           314	2023-06-02 06:46:54	1	0	1	0
           224	2023-06-02 06:47:00	1	0	15	0
           398	2023-06-02 06:51:23	1	0	1	0
           582	2023-06-02 06:52:28	1	0	1	0
           581	2023-06-02 06:52:39	1	0	15	0
           511	2023-06-02 06:54:15	1	0	1	0
           546	2023-06-02 06:56:36	1	0	1	0
           184	2023-06-02 06:57:55	1	0	15	0
           146	2023-06-02 06:58:02	1	0	15	0
           305	2023-06-02 07:00:14	1	0	1	0
           114	2023-06-02 07:00:57	1	0	1	0
           493	2023-06-02 07:04:02	1	0	1	0
            77	2023-06-02 07:05:56	1	0	1	0
           119	2023-06-02 07:06:21	1	0	15	0
           366	2023-06-02 07:06:50	1	0	1	0
           576	2023-06-02 07:06:58	1	0	1	0
           467	2023-06-02 07:08:10	1	0	15	0
           533	2023-06-02 07:08:54	1	0	1	0
            37	2023-06-02 07:09:28	1	0	1	0
           374	2023-06-02 07:12:54	1	0	1	0
           573	2023-06-02 07:16:29	1	0	1	0
           579	2023-06-02 07:17:56	1	0	1	0
           123	2023-06-02 07:18:12	1	0	1	0
           120	2023-06-02 07:18:25	1	0	1	0
           566	2023-06-02 07:19:45	1	0	15	0
           574	2023-06-02 07:20:02	1	0	1	0
            43	2023-06-02 07:20:47	1	0	15	0
            38	2023-06-02 07:23:42	1	0	1	0
            73	2023-06-02 07:24:10	1	0	1	0
            66	2023-06-02 07:24:21	1	0	15	0
            91	2023-06-02 07:24:31	1	0	1	0
           185	2023-06-02 07:24:37	1	0	1	0
           275	2023-06-02 07:24:48	1	0	1	0
           206	2023-06-02 07:24:55	1	0	15	0
           554	2023-06-02 07:25:01	1	0	1	0
           223	2023-06-02 07:25:45	1	0	1	0
           348	2023-06-02 07:28:47	1	0	1	0
            27	2023-06-02 07:28:55	1	0	1	0
           453	2023-06-02 07:29:50	1	0	1	0
           504	2023-06-02 07:29:57	1	0	1	0
           465	2023-06-02 07:30:17	1	0	15	0
           502	2023-06-02 07:30:23	1	0	1	0
            75	2023-06-02 07:30:34	1	0	1	0
           132	2023-06-02 07:30:38	1	0	1	0
           553	2023-06-02 07:31:52	1	0	1	0
            74	2023-06-02 07:32:21	1	0	15	0
           492	2023-06-02 07:33:19	1	0	1	0
           118	2023-06-02 07:34:09	1	0	15	0
           236	2023-06-02 07:34:25	1	0	1	0
           541	2023-06-02 07:34:30	1	0	15	0
           434	2023-06-02 07:36:42	1	0	15	0
           252	2023-06-02 07:37:22	1	0	15	0
           413	2023-06-02 07:38:19	1	0	4	0
           350	2023-06-02 07:38:33	1	0	1	0
           444	2023-06-02 07:41:25	1	0	1	0
           228	2023-06-02 07:41:55	1	0	15	0
           194	2023-06-02 07:42:09	1	0	15	0
           101	2023-06-02 07:42:44	1	0	1	0
           265	2023-06-02 07:43:31	1	0	1	0
           556	2023-06-02 07:43:44	1	0	1	0
            69	2023-06-02 07:43:52	1	0	1	0
           338	2023-06-02 07:44:00	1	0	1	0
           379	2023-06-02 07:44:31	1	0	15	0
            48	2023-06-02 07:45:52	1	0	1	0
           559	2023-06-02 07:46:00	1	0	1	0
           577	2023-06-02 07:47:17	1	0	1	0
           399	2023-06-02 07:48:01	1	0	1	0
           571	2023-06-02 07:48:20	1	0	1	0
           568	2023-06-02 07:48:26	1	0	1	0
           397	2023-06-02 07:49:18	1	0	1	0
            88	2023-06-02 07:49:27	1	0	15	0
           478	2023-06-02 07:50:04	1	0	1	0
           529	2023-06-02 07:50:08	1	0	1	0
           404	2023-06-02 07:50:28	1	0	1	0
           575	2023-06-02 07:50:35	1	0	1	0
           530	2023-06-02 07:50:52	1	0	1	0
           114	2023-06-02 07:50:58	1	0	1	0
           557	2023-06-02 07:51:07	1	0	1	0
           473	2023-06-02 07:51:11	1	0	1	0
           182	2023-06-02 07:51:24	1	0	15	0
           536	2023-06-02 07:51:54	1	0	1	0
           551	2023-06-02 07:52:07	1	0	1	0
            57	2023-06-02 07:52:13	1	0	15	0
           331	2023-06-02 07:52:31	1	0	1	0
           403	2023-06-02 07:54:14	1	0	1	0
            87	2023-06-02 07:54:21	1	0	15	0
           562	2023-06-02 07:54:55	1	0	1	0
           241	2023-06-02 07:55:24	1	0	1	0
           205	2023-06-02 07:57:17	1	0	1	0
           572	2023-06-02 07:58:05	1	0	1	0
           200	2023-06-02 07:58:26	1	0	1	0
           121	2023-06-02 07:58:35	1	0	1	0
           401	2023-06-02 07:58:46	1	0	15	0
           417	2023-06-02 07:59:18	1	0	15	0
           527	2023-06-02 07:59:25	1	0	1	0
           249	2023-06-02 08:00:00	1	0	1	0
           115	2023-06-02 08:00:11	1	0	15	0
           525	2023-06-02 08:00:57	1	0	1	0
            80	2023-06-02 08:01:57	1	0	15	0
           370	2023-06-02 08:02:09	1	0	1	0
           580	2023-06-02 08:02:53	1	0	1	0
           516	2023-06-02 08:04:08	1	0	1	0
           312	2023-06-02 08:05:02	1	0	1	0
           471	2023-06-02 08:05:28	1	0	1	0
           472	2023-06-02 08:05:31	1	0	1	0
            45	2023-06-02 08:15:04	1	0	15	0
           332	2023-06-02 08:17:11	1	0	1	0
           485	2023-06-02 08:57:23	1	0	1	0
           511	2023-06-02 11:25:05	1	0	1	0
           559	2023-06-02 11:30:09	1	0	1	0
           366	2023-06-02 11:30:23	1	0	1	0
           576	2023-06-02 11:30:27	1	0	1	0
           387	2023-06-02 11:30:40	1	0	15	0
           422	2023-06-02 11:30:46	1	0	15	0
           123	2023-06-02 11:30:54	1	0	1	0
           224	2023-06-02 11:31:04	1	0	1	0
           223	2023-06-02 11:31:13	1	0	1	0
           581	2023-06-02 11:31:20	1	0	1	0
           566	2023-06-02 11:31:31	1	0	15	0
           582	2023-06-02 11:31:40	1	0	1	0
           533	2023-06-02 11:31:47	1	0	1	0
           196	2023-06-02 11:31:55	1	0	1	0
           395	2023-06-02 11:33:09	1	0	1	0
           236	2023-06-02 11:34:30	1	0	1	0
           119	2023-06-02 11:36:14	1	0	15	0
           511	2023-06-02 11:44:51	1	0	1	0
           181	2023-06-02 12:00:03	1	0	1	0
           185	2023-06-02 12:00:09	1	0	1	0
           379	2023-06-02 12:00:13	1	0	1	0
           473	2023-06-02 12:00:21	1	0	1	0
            91	2023-06-02 12:00:29	1	0	1	0
           471	2023-06-02 12:00:35	1	0	1	0
           472	2023-06-02 12:00:39	1	0	1	0
           557	2023-06-02 12:00:48	1	0	1	0
           118	2023-06-02 12:00:54	1	0	1	0
           252	2023-06-02 12:01:03	1	0	15	0
           422	2023-06-02 12:01:09	1	0	15	0
           387	2023-06-02 12:01:14	1	0	15	0
           399	2023-06-02 12:01:20	1	0	1	0
           120	2023-06-02 12:01:29	1	0	1	0
           417	2023-06-02 12:01:44	1	0	1	0
           119	2023-06-02 12:01:53	1	0	15	0
           576	2023-06-02 12:01:58	1	0	1	0
           366	2023-06-02 12:02:04	1	0	1	0
            66	2023-06-02 12:02:19	1	0	15	0
            37	2023-06-02 12:02:25	1	0	1	0
           582	2023-06-02 12:02:32	1	0	1	0
           123	2023-06-02 12:02:37	1	0	1	0
           562	2023-06-02 12:02:41	1	0	1	0
           196	2023-06-02 12:02:49	1	0	1	0
           413	2023-06-02 12:02:50	1	0	4	0
           478	2023-06-02 12:02:57	1	0	1	0
           397	2023-06-02 12:03:03	1	0	1	0
           572	2023-06-02 12:03:08	1	0	1	0
           241	2023-06-02 12:03:14	1	0	1	0
           224	2023-06-02 12:03:24	1	0	1	0
           350	2023-06-02 12:03:32	1	0	1	0
           337	2023-06-02 12:03:44	1	0	1	0
           579	2023-06-02 12:03:52	1	0	1	0
           573	2023-06-02 12:03:58	1	0	1	0
           568	2023-06-02 12:04:04	1	0	1	0
           580	2023-06-02 12:04:16	1	0	1	0
           553	2023-06-02 12:04:23	1	0	1	0
           554	2023-06-02 12:04:29	1	0	1	0
           504	2023-06-02 12:04:35	1	0	1	0
            69	2023-06-02 12:04:39	1	0	1	0
            80	2023-06-02 12:04:45	1	0	15	0
           551	2023-06-02 12:04:54	1	0	1	0
           571	2023-06-02 12:05:01	1	0	1	0
           114	2023-06-02 12:05:06	1	0	1	0
           332	2023-06-02 12:05:12	1	0	1	0
            87	2023-06-02 12:05:19	1	0	15	0
           467	2023-06-02 12:05:30	1	0	1	0
           546	2023-06-02 12:05:37	1	0	1	0
           314	2023-06-02 12:05:44	1	0	1	0
           556	2023-06-02 12:05:47	1	0	1	0
           249	2023-06-02 12:05:52	1	0	1	0
           121	2023-06-02 12:05:56	1	0	1	0
           404	2023-06-02 12:06:02	1	0	1	0
           146	2023-06-02 12:06:09	1	0	15	0
           184	2023-06-02 12:06:11	1	0	1	0
            40	2023-06-02 12:06:20	1	0	1	0
           577	2023-06-02 12:06:28	1	0	1	0
           536	2023-06-02 12:06:33	1	0	1	0
           527	2023-06-02 12:06:39	1	0	1	0
           374	2023-06-02 12:06:48	1	0	1	0
           541	2023-06-02 12:06:52	1	0	1	0
            74	2023-06-02 12:06:59	1	0	15	0
           348	2023-06-02 12:07:06	1	0	1	0
           492	2023-06-02 12:07:12	1	0	1	0
           516	2023-06-02 12:07:18	1	0	1	0
           395	2023-06-02 12:07:30	1	0	1	0
           525	2023-06-02 12:07:36	1	0	1	0
           493	2023-06-02 12:07:42	1	0	1	0
            75	2023-06-02 12:07:51	1	0	1	0
           265	2023-06-02 12:07:56	1	0	1	0
            77	2023-06-02 12:08:03	1	0	1	0
            88	2023-06-02 12:08:19	1	0	15	0
           275	2023-06-02 12:08:26	1	0	1	0
           101	2023-06-02 12:08:40	1	0	1	0
           370	2023-06-02 12:08:50	1	0	1	0
           206	2023-06-02 12:08:58	1	0	1	0
           194	2023-06-02 12:09:15	1	0	15	0
            45	2023-06-02 12:09:27	1	0	15	0
           381	2023-06-02 12:09:38	1	0	1	0
           115	2023-06-02 12:10:08	1	0	15	0
           331	2023-06-02 12:10:16	1	0	1	0
            48	2023-06-02 12:10:23	1	0	1	0
           475	2023-06-02 12:10:30	1	0	1	0
            27	2023-06-02 12:10:37	1	0	1	0
           453	2023-06-02 12:11:04	1	0	15	0
           205	2023-06-02 12:11:40	1	0	1	0
            38	2023-06-02 12:12:06	1	0	1	0
           403	2023-06-02 12:13:14	1	0	1	0
            73	2023-06-02 12:14:28	1	0	1	0
           132	2023-06-02 12:14:33	1	0	1	0
           145	2023-06-02 12:14:42	1	0	1	0
           401	2023-06-02 12:14:52	1	0	1	0
           181	2023-06-02 12:15:06	1	0	1	0
           465	2023-06-02 12:15:13	1	0	15	0
           185	2023-06-02 12:16:02	1	0	1	0
            91	2023-06-02 12:16:08	1	0	1	0
           472	2023-06-02 12:16:13	1	0	1	0
           471	2023-06-02 12:16:26	1	0	1	0
           338	2023-06-02 12:16:47	1	0	1	0
           252	2023-06-02 12:16:53	1	0	15	0
           434	2023-06-02 12:16:59	1	0	15	0
           118	2023-06-02 12:17:11	1	0	1	0
           312	2023-06-02 12:17:58	1	0	1	0
            37	2023-06-02 12:18:18	1	0	1	0
           569	2023-06-02 12:18:31	1	0	1	0
           572	2023-06-02 12:18:54	1	0	1	0
           241	2023-06-02 12:19:04	1	0	1	0
           530	2023-06-02 12:19:17	1	0	1	0
           553	2023-06-02 12:19:28	1	0	1	0
           554	2023-06-02 12:19:32	1	0	1	0
           580	2023-06-02 12:19:45	1	0	1	0
           467	2023-06-02 12:20:33	1	0	1	0
           546	2023-06-02 12:20:38	1	0	1	0
           337	2023-06-02 12:20:44	1	0	1	0
           573	2023-06-02 12:20:52	1	0	1	0
           504	2023-06-02 12:20:56	1	0	15	0
           314	2023-06-02 12:21:07	1	0	1	0
           404	2023-06-02 12:21:10	1	0	1	0
           121	2023-06-02 12:21:16	1	0	1	0
           332	2023-06-02 12:21:24	1	0	1	0
           114	2023-06-02 12:21:46	1	0	15	0
           527	2023-06-02 12:22:38	1	0	1	0
           536	2023-06-02 12:22:43	1	0	1	0
            69	2023-06-02 12:22:48	1	0	1	0
           492	2023-06-02 12:22:55	1	0	1	0
           516	2023-06-02 12:23:01	1	0	1	0
           413	2023-06-02 12:23:08	1	0	4	0
           556	2023-06-02 12:23:29	1	0	1	0
            40	2023-06-02 12:23:49	1	0	1	0
           568	2023-06-02 12:25:11	1	0	1	0
           571	2023-06-02 12:25:18	1	0	1	0
           444	2023-06-02 12:25:39	1	0	1	0
           574	2023-06-02 12:25:42	1	0	1	0
           478	2023-06-02 12:25:58	1	0	1	0
            75	2023-06-02 12:26:15	1	0	1	0
           115	2023-06-02 12:26:26	1	0	1	0
           557	2023-06-02 12:26:33	1	0	1	0
           120	2023-06-02 12:26:55	1	0	1	0
            48	2023-06-02 12:27:02	1	0	1	0
            74	2023-06-02 12:27:08	1	0	15	0
           473	2023-06-02 12:27:17	1	0	1	0
           453	2023-06-02 12:28:28	1	0	15	0
            66	2023-06-02 12:28:49	1	0	15	0
           101	2023-06-02 12:30:53	1	0	1	0
            73	2023-06-02 12:31:03	1	0	1	0
            77	2023-06-02 12:31:23	1	0	1	0
           265	2023-06-02 12:31:36	1	0	1	0
           331	2023-06-02 12:31:51	1	0	1	0
           465	2023-06-02 12:32:01	1	0	15	0
            57	2023-06-02 12:32:09	1	0	15	0
            80	2023-06-02 12:32:17	1	0	15	0
           551	2023-06-02 12:32:23	1	0	1	0
           493	2023-06-02 12:32:31	1	0	1	0
           434	2023-06-02 12:32:45	1	0	15	0
            27	2023-06-02 12:32:51	1	0	1	0
            87	2023-06-02 12:33:28	1	0	15	0
           200	2023-06-02 12:33:53	1	0	1	0
           132	2023-06-02 12:34:23	1	0	1	0
           401	2023-06-02 12:34:29	1	0	15	0
           194	2023-06-02 12:34:36	1	0	15	0
           145	2023-06-02 12:34:49	1	0	1	0
           562	2023-06-02 12:34:55	1	0	1	0
           379	2023-06-02 12:35:09	1	0	15	0
           577	2023-06-02 12:36:01	1	0	1	0
           403	2023-06-02 12:36:37	1	0	1	0
           338	2023-06-02 12:36:41	1	0	1	0
            38	2023-06-02 12:36:48	1	0	1	0
           569	2023-06-02 12:38:04	1	0	1	0
           529	2023-06-02 12:39:24	1	0	1	0
           575	2023-06-02 12:39:59	1	0	1	0
           502	2023-06-02 12:40:06	1	0	1	0
           228	2023-06-02 12:41:02	1	0	15	0
            88	2023-06-02 12:41:15	1	0	15	0
           275	2023-06-02 12:41:21	1	0	15	0
           530	2023-06-02 12:41:29	1	0	1	0
           182	2023-06-02 12:41:36	1	0	15	0
           399	2023-06-02 12:41:59	1	0	1	0
           370	2023-06-02 12:42:29	1	0	1	0
           581	2023-06-02 12:42:36	1	0	1	0
           566	2023-06-02 12:42:43	1	0	1	0
           381	2023-06-02 12:46:27	1	0	1	0
           249	2023-06-02 12:46:54	1	0	1	0
            45	2023-06-02 12:47:14	1	0	15	0
           223	2023-06-02 12:51:08	1	0	1	0
           200	2023-06-02 12:53:28	1	0	1	0
           350	2023-06-02 12:53:37	1	0	1	0
           397	2023-06-02 12:54:18	1	0	1	0
           574	2023-06-02 12:54:44	1	0	1	0
           575	2023-06-02 12:55:46	1	0	1	0
           502	2023-06-02 12:55:53	1	0	1	0
           444	2023-06-02 12:56:02	1	0	1	0
           529	2023-06-02 12:56:14	1	0	1	0
           298	2023-06-02 12:56:38	1	0	1	0
           533	2023-06-02 12:56:57	1	0	1	0
           525	2023-06-02 12:58:17	1	0	1	0
           206	2023-06-02 12:59:34	1	0	1	0
           228	2023-06-02 12:59:45	1	0	15	0
           236	2023-06-02 13:02:13	1	0	1	0
           418	2023-06-02 13:12:32	1	0	15	0
           485	2023-06-02 13:18:39	1	0	15	0
           184	2023-06-02 13:19:24	1	0	1	0
           146	2023-06-02 13:19:34	1	0	1	0
           485	2023-06-02 13:38:19	1	0	1	0
            70	2023-06-02 14:00:17	1	0	1	0
           567	2023-06-02 14:36:47	1	0	15	0
           144	2023-06-02 15:17:16	1	0	1	0
           511	2023-06-02 16:08:06	1	0	1	0
            58	2023-06-02 17:00:18	1	0	1	0
            48	2023-06-02 17:00:28	1	0	1	0
           115	2023-06-02 17:00:38	1	0	1	0
           241	2023-06-02 17:00:45	1	0	1	0
           379	2023-06-02 17:00:48	1	0	1	0
            37	2023-06-02 17:00:57	1	0	1	0
           387	2023-06-02 17:01:10	1	0	15	0
           101	2023-06-02 17:01:17	1	0	1	0
           422	2023-06-02 17:01:26	1	0	1	0
           397	2023-06-02 17:01:31	1	0	1	0
           572	2023-06-02 17:01:37	1	0	1	0
           185	2023-06-02 17:01:45	1	0	1	0
            66	2023-06-02 17:02:00	1	0	15	0
           536	2023-06-02 17:02:09	1	0	1	0
           527	2023-06-02 17:02:15	1	0	1	0
           551	2023-06-02 17:02:23	1	0	1	0
           472	2023-06-02 17:02:28	1	0	1	0
           556	2023-06-02 17:02:32	1	0	1	0
           471	2023-06-02 17:02:38	1	0	1	0
            74	2023-06-02 17:02:44	1	0	1	0
           568	2023-06-02 17:02:51	1	0	1	0
            80	2023-06-02 17:03:03	1	0	15	0
           265	2023-06-02 17:03:09	1	0	1	0
           571	2023-06-02 17:03:15	1	0	1	0
            91	2023-06-02 17:03:20	1	0	1	0
           181	2023-06-02 17:03:29	1	0	1	0
           557	2023-06-02 17:03:35	1	0	1	0
           473	2023-06-02 17:03:41	1	0	1	0
           120	2023-06-02 17:04:05	1	0	1	0
           566	2023-06-02 17:04:12	1	0	1	0
           581	2023-06-02 17:04:17	1	0	1	0
           236	2023-06-02 17:04:27	1	0	1	0
           577	2023-06-02 17:04:33	1	0	1	0
           576	2023-06-02 17:04:39	1	0	1	0
           559	2023-06-02 17:04:45	1	0	1	0
           582	2023-06-02 17:04:51	1	0	1	0
           223	2023-06-02 17:05:04	1	0	1	0
           350	2023-06-02 17:05:10	1	0	1	0
            77	2023-06-02 17:05:15	1	0	1	0
           580	2023-06-02 17:05:22	1	0	1	0
           475	2023-06-02 17:05:27	1	0	1	0
           196	2023-06-02 17:05:46	1	0	1	0
           413	2023-06-02 17:05:52	1	0	4	0
           399	2023-06-02 17:06:00	1	0	1	0
           478	2023-06-02 17:06:10	1	0	1	0
           366	2023-06-02 17:06:17	1	0	1	0
           533	2023-06-02 17:06:23	1	0	1	0
           123	2023-06-02 17:06:29	1	0	1	0
           395	2023-06-02 17:06:37	1	0	1	0
           119	2023-06-02 17:06:47	1	0	15	0
           224	2023-06-02 17:06:54	1	0	1	0
           434	2023-06-02 17:07:01	1	0	1	0
           146	2023-06-02 17:07:08	1	0	1	0
           182	2023-06-02 17:07:16	1	0	1	0
           569	2023-06-02 17:07:22	1	0	1	0
           228	2023-06-02 17:07:29	1	0	15	0
           194	2023-06-02 17:07:38	1	0	15	0
           530	2023-06-02 17:07:44	1	0	1	0
           252	2023-06-02 17:07:51	1	0	15	0
           529	2023-06-02 17:08:00	1	0	15	0
            38	2023-06-02 17:08:08	1	0	1	0
           403	2023-06-02 17:08:12	1	0	1	0
           332	2023-06-02 17:08:25	1	0	1	0
           417	2023-06-02 17:08:38	1	0	1	0
            73	2023-06-02 17:09:13	1	0	1	0
           132	2023-06-02 17:09:42	1	0	15	0
           547	2023-06-02 17:12:52	1	0	1	0
           398	2023-06-02 17:12:58	1	0	1	0
           348	2023-06-02 17:14:11	1	0	1	0
           562	2023-06-02 17:15:28	1	0	1	0
           275	2023-06-02 17:17:45	1	0	1	0
           444	2023-06-02 17:19:35	1	0	1	0
           574	2023-06-02 17:19:40	1	0	1	0
           453	2023-06-02 17:19:47	1	0	15	0
            27	2023-06-02 17:21:47	1	0	1	0
           493	2023-06-02 17:22:32	1	0	1	0
           114	2023-06-02 17:22:42	1	0	1	0
            40	2023-06-02 17:23:15	1	0	1	0
           381	2023-06-02 17:27:10	1	0	1	0
           184	2023-06-02 17:30:36	1	0	15	0
            87	2023-06-02 17:30:56	1	0	15	0
           525	2023-06-02 17:31:03	1	0	1	0
           312	2023-06-02 17:31:13	1	0	1	0
           374	2023-06-02 17:31:19	1	0	1	0
           516	2023-06-02 17:31:28	1	0	1	0
           338	2023-06-02 17:31:35	1	0	1	0
           118	2023-06-02 17:32:33	1	0	1	0
           492	2023-06-02 17:33:41	1	0	1	0
           370	2023-06-02 17:34:25	1	0	1	0
           401	2023-06-02 17:35:04	1	0	1	0
            88	2023-06-02 17:35:12	1	0	15	0
           206	2023-06-02 17:37:04	1	0	1	0
            69	2023-06-02 17:39:59	1	0	1	0
           314	2023-06-02 17:40:34	1	0	1	0
           467	2023-06-02 17:40:46	1	0	1	0
           337	2023-06-02 17:41:00	1	0	1	0
           546	2023-06-02 17:41:07	1	0	1	0
           579	2023-06-02 17:41:22	1	0	1	0
           541	2023-06-02 17:41:32	1	0	15	0
           553	2023-06-02 17:41:38	1	0	1	0
           554	2023-06-02 17:41:43	1	0	1	0
           573	2023-06-02 17:41:57	1	0	1	0
           504	2023-06-02 17:43:30	1	0	1	0
           249	2023-06-02 17:48:18	1	0	1	0
           121	2023-06-02 17:48:37	1	0	1	0
           485	2023-06-02 18:06:39	1	0	1	0
           502	2023-06-02 18:11:55	1	0	1	0
           575	2023-06-02 18:12:03	1	0	1	0
           331	2023-06-02 18:24:25	1	0	1	0
           114	2023-06-02 18:28:53	1	0	1	0
           145	2023-06-02 18:40:54	1	0	1	0
           200	2023-06-02 19:11:17	1	0	1	0
           205	2023-06-02 19:43:40	1	0	1	0
            45	2023-06-02 19:52:56	1	0	15	0
           465	2023-06-02 20:14:55	1	0	15	0
            75	2023-06-02 20:16:51	1	0	1	0
           418	2023-06-02 22:02:33	1	0	15	0
           305	2023-06-02 22:14:22	1	0	1	0
           567	2023-06-02 23:00:09	1	0	15	0
           124	2023-06-03 06:28:25	1	0	1	0
           387	2023-06-03 06:44:32	1	0	15	0
           422	2023-06-03 06:44:42	1	0	15	0
           305	2023-06-03 06:57:17	1	0	1	0
           533	2023-06-03 07:02:09	1	0	1	0
           582	2023-06-03 07:03:15	1	0	1	0
           581	2023-06-03 07:03:21	1	0	1	0
           566	2023-06-03 07:12:17	1	0	1	0
           223	2023-06-03 07:27:51	1	0	1	0
           485	2023-06-03 07:57:55	1	0	1	0
           223	2023-06-03 11:31:33	1	0	1	0
           533	2023-06-03 11:32:32	1	0	1	0
           582	2023-06-03 11:32:45	1	0	1	0
           566	2023-06-03 11:33:21	1	0	1	0
           581	2023-06-03 11:33:26	1	0	1	0
           422	2023-06-03 11:36:22	1	0	15	0
           387	2023-06-03 11:36:28	1	0	15	0
           422	2023-06-03 12:02:00	1	0	15	0
           387	2023-06-03 12:02:10	1	0	15	0
           582	2023-06-03 12:02:30	1	0	1	0
           556	2023-06-03 12:02:39	1	0	1	0
           485	2023-06-03 12:07:21	1	0	1	0
           556	2023-06-03 12:19:01	1	0	1	0
           485	2023-06-03 12:29:00	1	0	1	0
           566	2023-06-03 12:34:50	1	0	1	0
           581	2023-06-03 12:34:54	1	0	1	0
           533	2023-06-03 12:37:38	1	0	1	0
           223	2023-06-03 12:53:35	1	0	1	0
           567	2023-06-03 13:49:21	1	0	15	0
           124	2023-06-03 15:00:23	1	0	1	0
            70	2023-06-03 15:01:35	1	0	1	0
           223	2023-06-03 17:00:41	1	0	15	0
           566	2023-06-03 17:00:50	1	0	1	0
           581	2023-06-03 17:00:55	1	0	1	0
           582	2023-06-03 17:01:04	1	0	1	0
           533	2023-06-03 17:01:59	1	0	1	0
           556	2023-06-03 17:03:12	1	0	1	0
           422	2023-06-03 17:04:14	1	0	15	0
           387	2023-06-03 17:04:36	1	0	15	0
           485	2023-06-03 17:12:18	1	0	1	0
            27	2023-06-03 20:40:41	1	0	1	0
           418	2023-06-03 21:39:02	1	0	15	0
           107	2023-06-03 21:44:08	1	0	1	0
           567	2023-06-03 22:00:09	1	0	15	0
            70	2023-06-03 22:02:44	1	0	15	0
           305	2023-06-04 05:48:32	1	0	1	0
           107	2023-06-04 06:01:08	1	0	1	0
           124	2023-06-04 06:03:16	1	0	1	0
           418	2023-06-04 06:08:04	1	0	15	0
           398	2023-06-04 09:29:15	1	0	1	0
            70	2023-06-04 13:42:36	1	0	1	0
           124	2023-06-04 14:00:13	1	0	15	0
           305	2023-06-04 15:00:10	1	0	1	0
           398	2023-06-04 15:36:03	1	0	1	0
           418	2023-06-04 21:04:23	1	0	15	0
            70	2023-06-04 22:02:29	1	0	1	0
           305	2023-06-05 05:38:54	1	0	1	0
           574	2023-06-05 05:52:10	1	0	1	0
           395	2023-06-05 05:53:37	1	0	1	0
           418	2023-06-05 06:04:58	1	0	15	0
           337	2023-06-05 06:09:19	1	0	15	0
            58	2023-06-05 06:28:57	1	0	1	0
           196	2023-06-05 06:30:49	1	0	1	0
           119	2023-06-05 06:31:05	1	0	15	0
           224	2023-06-05 06:31:21	1	0	1	0
           387	2023-06-05 06:31:32	1	0	15	0
           582	2023-06-05 06:39:52	1	0	1	0
           422	2023-06-05 06:40:46	1	0	1	0
           385	2023-06-05 06:47:25	1	0	1	0
           275	2023-06-05 06:47:32	1	0	1	0
           206	2023-06-05 06:47:43	1	0	1	0
           425	2023-06-05 06:47:59	1	0	1	0
           381	2023-06-05 06:54:45	1	0	1	0
            74	2023-06-05 06:56:04	1	0	15	0
           366	2023-06-05 06:56:25	1	0	1	0
           573	2023-06-05 06:57:06	1	0	1	0
           184	2023-06-05 06:57:44	1	0	1	0
           146	2023-06-05 06:57:55	1	0	15	0
           567	2023-06-05 06:58:13	1	0	15	0
           114	2023-06-05 07:00:23	1	0	1	0
            77	2023-06-05 07:03:40	1	0	1	0
            37	2023-06-05 07:04:43	1	0	1	0
           460	2023-06-05 07:05:02	1	0	1	0
            88	2023-06-05 07:06:31	1	0	15	0
           546	2023-06-05 07:06:41	1	0	1	0
           566	2023-06-05 07:07:21	1	0	1	0
           581	2023-06-05 07:07:24	1	0	1	0
           314	2023-06-05 07:09:48	1	0	1	0
           575	2023-06-05 07:10:11	1	0	1	0
            38	2023-06-05 07:10:24	1	0	1	0
            73	2023-06-05 07:10:34	1	0	1	0
           559	2023-06-05 07:10:55	1	0	1	0
           360	2023-06-05 07:11:03	1	0	1	0
           115	2023-06-05 07:11:44	1	0	15	0
           533	2023-06-05 07:12:34	1	0	1	0
           252	2023-06-05 07:15:15	1	0	15	0
           569	2023-06-05 07:16:09	1	0	1	0
           223	2023-06-05 07:17:10	1	0	1	0
            43	2023-06-05 07:19:28	1	0	1	0
           434	2023-06-05 07:19:35	1	0	1	0
           554	2023-06-05 07:19:43	1	0	1	0
           553	2023-06-05 07:19:50	1	0	1	0
            27	2023-06-05 07:20:38	1	0	1	0
           348	2023-06-05 07:21:31	1	0	1	0
           149	2023-06-05 07:22:19	1	0	15	0
           579	2023-06-05 07:22:36	1	0	1	0
           374	2023-06-05 07:24:26	1	0	1	0
           504	2023-06-05 07:25:38	1	0	1	0
            91	2023-06-05 07:25:48	1	0	1	0
           185	2023-06-05 07:26:20	1	0	15	0
           114	2023-06-05 07:27:56	1	0	1	0
           379	2023-06-05 07:28:38	1	0	1	0
            39	2023-06-05 07:29:28	1	0	1	0
           200	2023-06-05 07:30:10	1	0	1	0
           465	2023-06-05 07:30:23	1	0	15	0
            93	2023-06-05 07:30:37	1	0	15	0
           493	2023-06-05 07:31:31	1	0	1	0
           105	2023-06-05 07:31:46	1	0	1	0
           123	2023-06-05 07:32:03	1	0	1	0
           120	2023-06-05 07:32:20	1	0	1	0
            45	2023-06-05 07:32:50	1	0	1	0
           236	2023-06-05 07:33:33	1	0	1	0
           541	2023-06-05 07:33:41	1	0	15	0
           547	2023-06-05 07:35:36	1	0	1	0
           502	2023-06-05 07:35:44	1	0	1	0
           492	2023-06-05 07:35:56	1	0	1	0
           183	2023-06-05 07:36:06	1	0	15	0
           527	2023-06-05 07:38:06	1	0	1	0
           338	2023-06-05 07:38:48	1	0	1	0
           398	2023-06-05 07:39:00	1	0	1	0
           241	2023-06-05 07:40:13	1	0	1	0
           331	2023-06-05 07:40:25	1	0	1	0
           205	2023-06-05 07:41:51	1	0	1	0
           265	2023-06-05 07:41:58	1	0	1	0
           556	2023-06-05 07:42:07	1	0	1	0
           571	2023-06-05 07:42:21	1	0	1	0
           568	2023-06-05 07:42:31	1	0	1	0
           551	2023-06-05 07:42:38	1	0	1	0
           259	2023-06-05 07:43:38	1	0	1	0
           145	2023-06-05 07:43:46	1	0	1	0
           182	2023-06-05 07:43:56	1	0	15	0
           101	2023-06-05 07:44:07	1	0	1	0
           335	2023-06-05 07:44:23	1	0	1	0
            83	2023-06-05 07:44:31	1	0	1	0
           410	2023-06-05 07:44:49	1	0	15	0
           405	2023-06-05 07:44:58	1	0	15	0
           530	2023-06-05 07:45:07	1	0	1	0
           511	2023-06-05 07:45:10	1	0	1	0
           403	2023-06-05 07:45:42	1	0	1	0
           444	2023-06-05 07:45:49	1	0	1	0
           562	2023-06-05 07:46:23	1	0	1	0
           352	2023-06-05 07:47:02	1	0	1	0
           478	2023-06-05 07:47:07	1	0	1	0
           118	2023-06-05 07:47:15	1	0	1	0
           404	2023-06-05 07:47:23	1	0	1	0
           472	2023-06-05 07:47:27	1	0	1	0
           471	2023-06-05 07:47:32	1	0	1	0
           121	2023-06-05 07:47:45	1	0	1	0
           187	2023-06-05 07:48:30	1	0	1	0
           537	2023-06-05 07:48:51	1	0	1	0
           580	2023-06-05 07:49:02	1	0	1	0
           363	2023-06-05 07:49:10	1	0	1	0
           350	2023-06-05 07:49:34	1	0	1	0
           413	2023-06-05 07:49:40	1	0	4	0
            87	2023-06-05 07:50:29	1	0	15	0
            48	2023-06-05 07:51:01	1	0	1	0
           467	2023-06-05 07:51:16	1	0	1	0
           370	2023-06-05 07:51:22	1	0	1	0
           375	2023-06-05 07:52:14	1	0	1	0
            66	2023-06-05 07:52:47	1	0	15	0
            80	2023-06-05 07:52:55	1	0	15	0
            69	2023-06-05 07:53:05	1	0	1	0
           536	2023-06-05 07:53:33	1	0	1	0
           142	2023-06-05 07:53:40	1	0	1	0
           132	2023-06-05 07:53:45	1	0	15	0
           361	2023-06-05 07:55:49	1	0	15	0
           399	2023-06-05 07:55:57	1	0	1	0
           557	2023-06-05 07:56:27	1	0	1	0
           473	2023-06-05 07:56:31	1	0	1	0
           332	2023-06-05 07:57:00	1	0	1	0
           194	2023-06-05 07:57:13	1	0	1	0
           228	2023-06-05 07:57:23	1	0	15	0
           249	2023-06-05 07:58:51	1	0	1	0
           572	2023-06-05 07:58:59	1	0	1	0
           525	2023-06-05 08:00:10	1	0	1	0
           529	2023-06-05 08:00:29	1	0	1	0
           125	2023-06-05 08:00:52	1	0	1	0
           401	2023-06-05 08:15:48	1	0	1	0
           369	2023-06-05 08:21:37	1	0	1	0
           408	2023-06-05 08:39:58	1	0	1	0
            40	2023-06-05 10:34:01	1	0	1	0
           425	2023-06-05 11:01:32	1	0	1	0
           460	2023-06-05 11:01:42	1	0	1	0
           425	2023-06-05 11:26:55	1	0	1	0
           460	2023-06-05 11:29:11	1	0	1	0
           559	2023-06-05 11:30:04	1	0	1	0
           422	2023-06-05 11:30:41	1	0	1	0
           366	2023-06-05 11:30:51	1	0	1	0
           360	2023-06-05 11:30:59	1	0	1	0
           395	2023-06-05 11:31:12	1	0	1	0
           387	2023-06-05 11:31:21	1	0	15	0
           582	2023-06-05 11:31:54	1	0	1	0
           223	2023-06-05 11:32:01	1	0	1	0
           581	2023-06-05 11:32:05	1	0	1	0
           566	2023-06-05 11:32:14	1	0	1	0
           533	2023-06-05 11:32:22	1	0	1	0
           385	2023-06-05 11:32:32	1	0	1	0
           123	2023-06-05 11:32:42	1	0	1	0
           196	2023-06-05 11:32:50	1	0	1	0
           236	2023-06-05 11:34:07	1	0	1	0
           224	2023-06-05 11:36:44	1	0	1	0
           119	2023-06-05 11:42:26	1	0	15	0
           366	2023-06-05 12:00:10	1	0	1	0
           123	2023-06-05 12:00:14	1	0	1	0
           422	2023-06-05 12:00:21	1	0	1	0
           556	2023-06-05 12:00:25	1	0	1	0
           434	2023-06-05 12:00:32	1	0	15	0
           387	2023-06-05 12:01:03	1	0	15	0
           196	2023-06-05 12:01:10	1	0	1	0
           525	2023-06-05 12:01:13	1	0	1	0
           385	2023-06-05 12:01:18	1	0	1	0
           350	2023-06-05 12:01:22	1	0	1	0
           562	2023-06-05 12:01:27	1	0	1	0
           559	2023-06-05 12:01:32	1	0	1	0
           224	2023-06-05 12:01:42	1	0	1	0
           582	2023-06-05 12:01:52	1	0	1	0
            37	2023-06-05 12:02:01	1	0	1	0
           115	2023-06-05 12:02:15	1	0	1	0
           337	2023-06-05 12:02:23	1	0	1	0
           404	2023-06-05 12:02:29	1	0	1	0
           444	2023-06-05 12:02:35	1	0	1	0
           574	2023-06-05 12:02:39	1	0	1	0
           184	2023-06-05 12:02:44	1	0	1	0
           182	2023-06-05 12:02:51	1	0	1	0
           145	2023-06-05 12:03:03	1	0	1	0
            66	2023-06-05 12:03:09	1	0	15	0
           395	2023-06-05 12:03:19	1	0	1	0
            38	2023-06-05 12:03:26	1	0	1	0
           119	2023-06-05 12:03:42	1	0	15	0
            88	2023-06-05 12:03:49	1	0	15	0
           580	2023-06-05 12:03:55	1	0	1	0
           249	2023-06-05 12:04:01	1	0	1	0
           572	2023-06-05 12:04:07	1	0	1	0
           121	2023-06-05 12:04:17	1	0	1	0
            69	2023-06-05 12:04:22	1	0	1	0
           187	2023-06-05 12:04:28	1	0	1	0
            48	2023-06-05 12:04:40	1	0	1	0
           568	2023-06-05 12:04:47	1	0	1	0
           118	2023-06-05 12:04:53	1	0	1	0
           472	2023-06-05 12:04:58	1	0	1	0
           473	2023-06-05 12:05:03	1	0	1	0
           557	2023-06-05 12:05:07	1	0	1	0
           471	2023-06-05 12:05:13	1	0	1	0
            80	2023-06-05 12:05:18	1	0	15	0
           551	2023-06-05 12:05:23	1	0	1	0
           120	2023-06-05 12:05:41	1	0	1	0
            43	2023-06-05 12:05:52	1	0	1	0
           511	2023-06-05 12:05:58	1	0	1	0
           547	2023-06-05 12:06:07	1	0	1	0
            27	2023-06-05 12:06:13	1	0	1	0
           142	2023-06-05 12:06:30	1	0	1	0
           348	2023-06-05 12:06:34	1	0	1	0
           132	2023-06-05 12:06:39	1	0	15	0
           379	2023-06-05 12:06:47	1	0	15	0
           149	2023-06-05 12:06:57	1	0	15	0
           146	2023-06-05 12:07:11	1	0	15	0
           529	2023-06-05 12:07:19	1	0	1	0
           252	2023-06-05 12:07:25	1	0	15	0
           360	2023-06-05 12:07:31	1	0	1	0
           331	2023-06-05 12:07:36	1	0	1	0
           370	2023-06-05 12:07:51	1	0	1	0
           275	2023-06-05 12:07:59	1	0	15	0
           206	2023-06-05 12:08:07	1	0	15	0
           569	2023-06-05 12:08:15	1	0	1	0
           259	2023-06-05 12:08:23	1	0	15	0
           403	2023-06-05 12:08:36	1	0	1	0
           537	2023-06-05 12:09:20	1	0	1	0
           125	2023-06-05 12:09:26	1	0	1	0
           571	2023-06-05 12:09:41	1	0	1	0
            73	2023-06-05 12:10:11	1	0	1	0
           493	2023-06-05 12:10:17	1	0	1	0
            39	2023-06-05 12:10:30	1	0	1	0
           413	2023-06-05 12:10:35	1	0	4	0
           478	2023-06-05 12:10:43	1	0	1	0
           352	2023-06-05 12:10:57	1	0	1	0
           410	2023-06-05 12:11:15	1	0	15	0
            74	2023-06-05 12:12:36	1	0	1	0
           530	2023-06-05 12:12:47	1	0	1	0
           314	2023-06-05 12:13:19	1	0	1	0
           467	2023-06-05 12:13:24	1	0	1	0
           546	2023-06-05 12:13:29	1	0	1	0
           579	2023-06-05 12:13:35	1	0	1	0
           573	2023-06-05 12:13:41	1	0	1	0
           374	2023-06-05 12:13:48	1	0	1	0
           114	2023-06-05 12:13:56	1	0	1	0
           504	2023-06-05 12:14:04	1	0	1	0
           381	2023-06-05 12:14:23	1	0	1	0
           183	2023-06-05 12:14:35	1	0	15	0
            93	2023-06-05 12:14:44	1	0	15	0
            91	2023-06-05 12:14:55	1	0	1	0
           399	2023-06-05 12:15:04	1	0	1	0
           101	2023-06-05 12:15:14	1	0	1	0
           536	2023-06-05 12:15:27	1	0	1	0
           527	2023-06-05 12:15:34	1	0	1	0
           228	2023-06-05 12:16:24	1	0	15	0
           525	2023-06-05 12:16:30	1	0	1	0
            37	2023-06-05 12:17:19	1	0	1	0
           265	2023-06-05 12:18:29	1	0	1	0
            77	2023-06-05 12:18:36	1	0	1	0
           404	2023-06-05 12:18:55	1	0	1	0
           115	2023-06-05 12:19:05	1	0	1	0
            40	2023-06-05 12:19:14	1	0	1	0
           121	2023-06-05 12:19:18	1	0	1	0
           187	2023-06-05 12:19:29	1	0	15	0
           492	2023-06-05 12:19:48	1	0	1	0
            48	2023-06-05 12:19:57	1	0	1	0
            87	2023-06-05 12:20:33	1	0	15	0
           337	2023-06-05 12:21:01	1	0	1	0
           332	2023-06-05 12:22:33	1	0	1	0
           547	2023-06-05 12:22:38	1	0	1	0
           541	2023-06-05 12:22:44	1	0	15	0
           408	2023-06-05 12:23:11	1	0	1	0
           471	2023-06-05 12:24:25	1	0	1	0
           557	2023-06-05 12:24:29	1	0	1	0
           473	2023-06-05 12:24:32	1	0	1	0
           472	2023-06-05 12:24:39	1	0	1	0
           118	2023-06-05 12:24:45	1	0	1	0
           568	2023-06-05 12:25:28	1	0	1	0
            45	2023-06-05 12:25:34	1	0	15	0
           413	2023-06-05 12:25:50	1	0	4	0
           478	2023-06-05 12:26:07	1	0	1	0
            43	2023-06-05 12:27:05	1	0	1	0
           562	2023-06-05 12:27:49	1	0	1	0
           252	2023-06-05 12:28:04	1	0	15	0
           205	2023-06-05 12:28:16	1	0	1	0
           465	2023-06-05 12:28:26	1	0	15	0
           546	2023-06-05 12:28:32	1	0	1	0
           314	2023-06-05 12:28:38	1	0	1	0
           467	2023-06-05 12:28:44	1	0	1	0
           573	2023-06-05 12:28:51	1	0	1	0
           579	2023-06-05 12:28:58	1	0	1	0
           120	2023-06-05 12:29:10	1	0	1	0
           352	2023-06-05 12:29:21	1	0	1	0
           410	2023-06-05 12:29:30	1	0	15	0
           504	2023-06-05 12:29:36	1	0	1	0
            74	2023-06-05 12:29:39	1	0	1	0
           374	2023-06-05 12:29:47	1	0	15	0
           529	2023-06-05 12:29:57	1	0	1	0
           114	2023-06-05 12:30:17	1	0	15	0
           403	2023-06-05 12:30:20	1	0	1	0
           527	2023-06-05 12:30:35	1	0	1	0
           536	2023-06-05 12:30:42	1	0	1	0
           575	2023-06-05 12:31:11	1	0	15	0
           405	2023-06-05 12:31:19	1	0	15	0
           375	2023-06-05 12:31:36	1	0	1	0
           363	2023-06-05 12:31:50	1	0	1	0
           361	2023-06-05 12:32:04	1	0	15	0
            73	2023-06-05 12:32:19	1	0	15	0
           502	2023-06-05 12:32:27	1	0	1	0
           259	2023-06-05 12:32:42	1	0	15	0
           574	2023-06-05 12:32:48	1	0	1	0
           530	2023-06-05 12:34:03	1	0	1	0
           569	2023-06-05 12:34:15	1	0	1	0
           265	2023-06-05 12:34:36	1	0	1	0
            77	2023-06-05 12:34:51	1	0	1	0
            38	2023-06-05 12:34:59	1	0	1	0
           142	2023-06-05 12:35:08	1	0	1	0
           492	2023-06-05 12:35:15	1	0	1	0
           335	2023-06-05 12:35:32	1	0	1	0
            83	2023-06-05 12:35:41	1	0	1	0
           132	2023-06-05 12:35:47	1	0	15	0
            66	2023-06-05 12:37:04	1	0	15	0
           206	2023-06-05 12:37:14	1	0	1	0
           275	2023-06-05 12:37:21	1	0	1	0
           370	2023-06-05 12:37:27	1	0	1	0
           348	2023-06-05 12:37:38	1	0	1	0
            27	2023-06-05 12:37:42	1	0	1	0
           493	2023-06-05 12:37:46	1	0	1	0
           571	2023-06-05 12:37:52	1	0	1	0
            80	2023-06-05 12:37:58	1	0	15	0
           511	2023-06-05 12:38:05	1	0	15	0
           551	2023-06-05 12:38:11	1	0	15	0
           105	2023-06-05 12:39:39	1	0	1	0
           369	2023-06-05 12:39:51	1	0	1	0
           541	2023-06-05 12:40:02	1	0	15	0
           444	2023-06-05 12:40:11	1	0	1	0
           101	2023-06-05 12:41:15	1	0	1	0
            88	2023-06-05 12:41:59	1	0	15	0
           476	2023-06-05 12:43:00	1	0	1	0
           145	2023-06-05 12:45:20	1	0	1	0
           401	2023-06-05 12:45:25	1	0	1	0
           332	2023-06-05 12:45:48	1	0	1	0
            40	2023-06-05 12:46:04	1	0	1	0
           228	2023-06-05 12:46:36	1	0	15	0
           381	2023-06-05 12:46:55	1	0	1	0
           566	2023-06-05 12:47:03	1	0	1	0
           581	2023-06-05 12:47:07	1	0	1	0
            45	2023-06-05 12:47:17	1	0	15	0
           434	2023-06-05 12:47:36	1	0	1	0
           537	2023-06-05 12:48:05	1	0	1	0
           125	2023-06-05 12:48:09	1	0	1	0
           399	2023-06-05 12:48:17	1	0	1	0
           249	2023-06-05 12:48:28	1	0	1	0
            39	2023-06-05 12:48:50	1	0	1	0
           146	2023-06-05 12:49:05	1	0	1	0
           184	2023-06-05 12:49:10	1	0	1	0
           361	2023-06-05 12:49:40	1	0	15	0
           405	2023-06-05 12:49:49	1	0	15	0
           375	2023-06-05 12:49:57	1	0	1	0
           363	2023-06-05 12:50:04	1	0	1	0
           149	2023-06-05 12:50:33	1	0	15	0
           114	2023-06-05 12:50:42	1	0	1	0
           465	2023-06-05 12:50:50	1	0	15	0
           379	2023-06-05 12:50:58	1	0	1	0
            83	2023-06-05 12:51:04	1	0	1	0
            69	2023-06-05 12:51:08	1	0	1	0
           350	2023-06-05 12:51:13	1	0	1	0
           183	2023-06-05 12:51:22	1	0	15	0
           182	2023-06-05 12:51:38	1	0	15	0
           572	2023-06-05 12:51:49	1	0	1	0
           335	2023-06-05 12:51:53	1	0	1	0
            93	2023-06-05 12:52:06	1	0	15	0
           236	2023-06-05 12:52:44	1	0	1	0
           580	2023-06-05 12:53:08	1	0	1	0
           223	2023-06-05 12:53:22	1	0	1	0
           575	2023-06-05 12:55:13	1	0	1	0
           502	2023-06-05 12:55:29	1	0	1	0
           533	2023-06-05 12:56:40	1	0	1	0
            87	2023-06-05 12:57:21	1	0	15	0
           369	2023-06-05 12:57:30	1	0	1	0
           331	2023-06-05 12:57:46	1	0	1	0
           401	2023-06-05 13:00:44	1	0	1	0
           124	2023-06-05 14:56:26	1	0	15	0
           305	2023-06-05 15:03:38	1	0	1	0
           567	2023-06-05 15:03:44	1	0	15	0
           425	2023-06-05 16:20:38	1	0	1	0
           460	2023-06-05 16:21:58	1	0	1	0
            58	2023-06-05 17:00:15	1	0	1	0
           184	2023-06-05 17:00:22	1	0	1	0
           146	2023-06-05 17:00:27	1	0	1	0
           399	2023-06-05 17:00:34	1	0	1	0
           422	2023-06-05 17:00:46	1	0	1	0
           387	2023-06-05 17:00:56	1	0	15	0
           511	2023-06-05 17:01:05	1	0	1	0
           149	2023-06-05 17:01:09	1	0	1	0
            66	2023-06-05 17:01:17	1	0	15	0
           101	2023-06-05 17:01:24	1	0	1	0
           115	2023-06-05 17:01:36	1	0	1	0
           551	2023-06-05 17:01:45	1	0	1	0
           568	2023-06-05 17:01:53	1	0	1	0
           187	2023-06-05 17:01:59	1	0	1	0
           556	2023-06-05 17:02:03	1	0	1	0
            40	2023-06-05 17:02:12	1	0	1	0
            74	2023-06-05 17:02:19	1	0	1	0
            37	2023-06-05 17:02:28	1	0	1	0
           332	2023-06-05 17:02:33	1	0	1	0
            39	2023-06-05 17:02:40	1	0	1	0
           562	2023-06-05 17:02:45	1	0	1	0
           236	2023-06-05 17:02:54	1	0	1	0
           493	2023-06-05 17:02:58	1	0	1	0
           571	2023-06-05 17:03:04	1	0	1	0
           379	2023-06-05 17:03:10	1	0	1	0
           444	2023-06-05 17:03:26	1	0	1	0
           194	2023-06-05 17:03:30	1	0	15	0
           404	2023-06-05 17:03:37	1	0	1	0
           529	2023-06-05 17:03:42	1	0	1	0
           533	2023-06-05 17:03:48	1	0	1	0
           120	2023-06-05 17:04:08	1	0	1	0
           123	2023-06-05 17:04:15	1	0	1	0
           581	2023-06-05 17:04:19	1	0	1	0
           566	2023-06-05 17:04:26	1	0	1	0
           559	2023-06-05 17:04:33	1	0	1	0
           582	2023-06-05 17:04:43	1	0	1	0
           350	2023-06-05 17:04:50	1	0	1	0
           398	2023-06-05 17:04:55	1	0	1	0
           331	2023-06-05 17:05:00	1	0	1	0
           360	2023-06-05 17:05:06	1	0	1	0
           119	2023-06-05 17:05:13	1	0	15	0
           572	2023-06-05 17:05:20	1	0	1	0
           223	2023-06-05 17:05:26	1	0	1	0
           265	2023-06-05 17:05:34	1	0	1	0
            77	2023-06-05 17:05:39	1	0	1	0
           224	2023-06-05 17:05:54	1	0	1	0
           366	2023-06-05 17:06:01	1	0	1	0
           369	2023-06-05 17:06:05	1	0	1	0
           471	2023-06-05 17:06:13	1	0	1	0
           472	2023-06-05 17:06:18	1	0	1	0
           413	2023-06-05 17:06:21	1	0	4	0
           410	2023-06-05 17:06:27	1	0	15	0
           478	2023-06-05 17:06:35	1	0	1	0
           569	2023-06-05 17:06:39	1	0	1	0
           228	2023-06-05 17:06:48	1	0	1	0
           259	2023-06-05 17:06:54	1	0	1	0
            43	2023-06-05 17:07:01	1	0	1	0
           196	2023-06-05 17:07:08	1	0	1	0
           385	2023-06-05 17:07:14	1	0	1	0
           182	2023-06-05 17:07:28	1	0	15	0
            93	2023-06-05 17:07:36	1	0	15	0
           183	2023-06-05 17:07:45	1	0	15	0
           249	2023-06-05 17:07:53	1	0	1	0
           395	2023-06-05 17:08:00	1	0	1	0
           405	2023-06-05 17:08:08	1	0	1	0
           352	2023-06-05 17:08:15	1	0	1	0
           580	2023-06-05 17:08:20	1	0	1	0
           375	2023-06-05 17:08:28	1	0	1	0
           363	2023-06-05 17:08:41	1	0	1	0
           476	2023-06-05 17:08:46	1	0	1	0
           241	2023-06-05 17:08:49	1	0	1	0
           530	2023-06-05 17:08:56	1	0	1	0
           252	2023-06-05 17:09:00	1	0	1	0
           125	2023-06-05 17:09:07	1	0	1	0
           537	2023-06-05 17:09:16	1	0	1	0
           403	2023-06-05 17:10:02	1	0	1	0
            73	2023-06-05 17:12:14	1	0	1	0
           142	2023-06-05 17:12:55	1	0	1	0
           121	2023-06-05 17:13:09	1	0	1	0
           574	2023-06-05 17:13:26	1	0	1	0
           132	2023-06-05 17:13:55	1	0	15	0
           546	2023-06-05 17:14:45	1	0	1	0
            69	2023-06-05 17:14:50	1	0	1	0
           579	2023-06-05 17:14:56	1	0	1	0
           504	2023-06-05 17:15:06	1	0	1	0
           541	2023-06-05 17:15:10	1	0	15	0
           573	2023-06-05 17:15:17	1	0	1	0
           374	2023-06-05 17:15:21	1	0	15	0
           114	2023-06-05 17:15:26	1	0	1	0
           467	2023-06-05 17:15:33	1	0	1	0
           348	2023-06-05 17:15:40	1	0	1	0
           314	2023-06-05 17:15:48	1	0	1	0
           337	2023-06-05 17:16:00	1	0	1	0
            38	2023-06-05 17:16:08	1	0	1	0
           527	2023-06-05 17:16:15	1	0	1	0
           536	2023-06-05 17:16:43	1	0	1	0
           185	2023-06-05 17:16:49	1	0	1	0
           361	2023-06-05 17:18:38	1	0	1	0
           557	2023-06-05 17:18:48	1	0	1	0
           275	2023-06-05 17:18:54	1	0	1	0
            91	2023-06-05 17:19:30	1	0	1	0
            87	2023-06-05 17:20:12	1	0	15	0
            80	2023-06-05 17:21:55	1	0	15	0
           105	2023-06-05 17:22:03	1	0	1	0
           206	2023-06-05 17:22:37	1	0	1	0
            88	2023-06-05 17:22:58	1	0	15	0
           381	2023-06-05 17:23:15	1	0	1	0
           370	2023-06-05 17:23:47	1	0	1	0
           118	2023-06-05 17:28:34	1	0	1	0
           408	2023-06-05 17:31:09	1	0	15	0
           547	2023-06-05 17:33:06	1	0	1	0
           473	2023-06-05 17:35:17	1	0	1	0
           401	2023-06-05 17:35:39	1	0	1	0
           525	2023-06-05 17:36:03	1	0	15	0
           338	2023-06-05 17:39:56	1	0	1	0
           492	2023-06-05 17:44:26	1	0	1	0
            83	2023-06-05 18:00:05	1	0	1	0
           145	2023-06-05 18:12:28	1	0	1	0
            27	2023-06-05 18:31:37	1	0	1	0
           502	2023-06-05 18:56:49	1	0	1	0
           575	2023-06-05 19:00:31	1	0	1	0
            45	2023-06-05 19:05:45	1	0	15	0
           335	2023-06-05 19:05:52	1	0	1	0
           205	2023-06-05 19:49:54	1	0	1	0
           465	2023-06-05 19:50:24	1	0	1	0
            70	2023-06-05 22:47:37	1	0	1	0
           124	2023-06-05 23:00:05	1	0	15	0
           381	2023-06-06 05:43:08	1	0	1	0
           567	2023-06-06 05:54:38	1	0	1	0
           395	2023-06-06 06:05:35	1	0	1	0
           337	2023-06-06 06:10:59	1	0	15	0
           574	2023-06-06 06:12:37	1	0	1	0
           119	2023-06-06 06:31:35	1	0	15	0
           196	2023-06-06 06:31:52	1	0	15	0
           224	2023-06-06 06:32:04	1	0	15	0
           418	2023-06-06 06:33:17	1	0	15	0
           387	2023-06-06 06:33:37	1	0	15	0
           422	2023-06-06 06:35:03	1	0	1	0
           385	2023-06-06 06:36:02	1	0	1	0
            58	2023-06-06 06:39:39	1	0	1	0
           314	2023-06-06 06:45:02	1	0	1	0
           425	2023-06-06 06:46:05	1	0	1	0
           511	2023-06-06 06:54:53	1	0	1	0
           546	2023-06-06 06:59:43	1	0	1	0
            70	2023-06-06 07:00:25	1	0	1	0
           533	2023-06-06 07:01:45	1	0	1	0
           184	2023-06-06 07:02:06	1	0	1	0
           146	2023-06-06 07:02:11	1	0	15	0
            77	2023-06-06 07:03:07	1	0	1	0
           582	2023-06-06 07:04:45	1	0	1	0
           576	2023-06-06 07:04:57	1	0	1	0
           366	2023-06-06 07:05:05	1	0	1	0
           575	2023-06-06 07:08:31	1	0	1	0
            91	2023-06-06 07:08:39	1	0	1	0
           185	2023-06-06 07:08:49	1	0	1	0
           460	2023-06-06 07:08:58	1	0	1	0
           566	2023-06-06 07:09:48	1	0	1	0
           559	2023-06-06 07:11:12	1	0	1	0
           223	2023-06-06 07:13:59	1	0	1	0
           434	2023-06-06 07:14:18	1	0	1	0
           360	2023-06-06 07:15:05	1	0	1	0
            43	2023-06-06 07:15:17	1	0	15	0
           492	2023-06-06 07:17:04	1	0	1	0
           149	2023-06-06 07:17:21	1	0	15	0
           553	2023-06-06 07:21:27	1	0	1	0
           114	2023-06-06 07:22:58	1	0	1	0
           573	2023-06-06 07:23:04	1	0	1	0
           183	2023-06-06 07:23:24	1	0	15	0
           554	2023-06-06 07:23:43	1	0	1	0
           569	2023-06-06 07:24:32	1	0	1	0
           123	2023-06-06 07:25:09	1	0	1	0
           120	2023-06-06 07:25:17	1	0	1	0
           504	2023-06-06 07:27:19	1	0	1	0
           200	2023-06-06 07:28:33	1	0	1	0
            74	2023-06-06 07:29:37	1	0	1	0
            37	2023-06-06 07:30:29	1	0	1	0
           115	2023-06-06 07:30:47	1	0	15	0
            38	2023-06-06 07:30:59	1	0	1	0
            39	2023-06-06 07:31:10	1	0	1	0
            73	2023-06-06 07:31:29	1	0	1	0
            88	2023-06-06 07:32:19	1	0	15	0
           379	2023-06-06 07:33:29	1	0	1	0
           413	2023-06-06 07:33:31	1	0	4	0
           236	2023-06-06 07:33:49	1	0	1	0
           259	2023-06-06 07:35:54	1	0	15	0
           206	2023-06-06 07:36:05	1	0	15	0
           275	2023-06-06 07:36:13	1	0	15	0
           397	2023-06-06 07:36:39	1	0	1	0
           370	2023-06-06 07:36:45	1	0	1	0
           105	2023-06-06 07:36:53	1	0	1	0
           101	2023-06-06 07:37:12	1	0	1	0
            69	2023-06-06 07:37:23	1	0	1	0
           541	2023-06-06 07:37:28	1	0	15	0
           398	2023-06-06 07:37:37	1	0	1	0
           404	2023-06-06 07:38:51	1	0	1	0
           125	2023-06-06 07:39:54	1	0	1	0
           527	2023-06-06 07:40:32	1	0	1	0
           444	2023-06-06 07:41:13	1	0	1	0
           530	2023-06-06 07:42:10	1	0	15	0
           355	2023-06-06 07:42:44	1	0	1	0
           187	2023-06-06 07:43:48	1	0	15	0
           547	2023-06-06 07:44:08	1	0	1	0
           465	2023-06-06 07:44:18	1	0	15	0
           502	2023-06-06 07:44:24	1	0	1	0
           338	2023-06-06 07:44:29	1	0	1	0
            87	2023-06-06 07:44:33	1	0	15	0
           571	2023-06-06 07:45:01	1	0	1	0
           568	2023-06-06 07:45:09	1	0	1	0
            48	2023-06-06 07:45:30	1	0	1	0
           352	2023-06-06 07:45:35	1	0	1	0
           145	2023-06-06 07:45:39	1	0	1	0
            66	2023-06-06 07:46:39	1	0	15	0
            83	2023-06-06 07:47:21	1	0	1	0
           228	2023-06-06 07:47:52	1	0	15	0
           194	2023-06-06 07:48:01	1	0	15	0
           536	2023-06-06 07:48:07	1	0	1	0
           562	2023-06-06 07:48:51	1	0	1	0
            93	2023-06-06 07:49:34	1	0	15	0
           363	2023-06-06 07:49:59	1	0	1	0
           537	2023-06-06 07:50:12	1	0	1	0
           252	2023-06-06 07:50:52	1	0	15	0
           403	2023-06-06 07:50:59	1	0	1	0
           493	2023-06-06 07:51:10	1	0	1	0
           551	2023-06-06 07:51:43	1	0	1	0
           478	2023-06-06 07:51:51	1	0	15	0
           142	2023-06-06 07:51:56	1	0	1	0
           132	2023-06-06 07:52:04	1	0	15	0
           182	2023-06-06 07:52:13	1	0	15	0
           557	2023-06-06 07:52:31	1	0	1	0
           473	2023-06-06 07:52:37	1	0	1	0
           265	2023-06-06 07:52:53	1	0	15	0
           331	2023-06-06 07:54:07	1	0	1	0
           529	2023-06-06 07:54:13	1	0	1	0
            45	2023-06-06 07:54:21	1	0	1	0
           399	2023-06-06 07:54:40	1	0	1	0
           118	2023-06-06 07:54:48	1	0	1	0
           205	2023-06-06 07:55:58	1	0	1	0
            40	2023-06-06 07:56:06	1	0	1	0
           417	2023-06-06 07:56:27	1	0	1	0
           453	2023-06-06 07:56:38	1	0	15	0
           348	2023-06-06 07:56:49	1	0	1	0
           335	2023-06-06 07:56:53	1	0	1	0
            27	2023-06-06 07:56:58	1	0	1	0
           467	2023-06-06 07:57:04	1	0	1	0
           410	2023-06-06 07:57:42	1	0	15	0
           350	2023-06-06 07:58:02	1	0	1	0
            80	2023-06-06 07:58:50	1	0	15	0
           525	2023-06-06 08:00:05	1	0	1	0
           361	2023-06-06 08:00:16	1	0	15	0
           476	2023-06-06 08:00:22	1	0	1	0
           472	2023-06-06 08:02:01	1	0	1	0
           471	2023-06-06 08:02:10	1	0	1	0
           241	2023-06-06 08:02:34	1	0	1	0
           312	2023-06-06 08:04:53	1	0	1	0
           332	2023-06-06 08:05:18	1	0	1	0
           114	2023-06-06 08:05:22	1	0	1	0
           580	2023-06-06 08:06:15	1	0	1	0
           408	2023-06-06 08:06:52	1	0	1	0
           249	2023-06-06 08:07:12	1	0	1	0
            57	2023-06-06 08:07:27	1	0	15	0
           401	2023-06-06 08:07:37	1	0	1	0
           369	2023-06-06 08:08:38	1	0	1	0
           121	2023-06-06 08:38:45	1	0	1	0
           485	2023-06-06 08:42:16	1	0	1	0
           572	2023-06-06 08:44:03	1	0	1	0
           425	2023-06-06 11:02:54	1	0	1	0
           511	2023-06-06 11:04:55	1	0	1	0
           460	2023-06-06 11:07:41	1	0	1	0
           511	2023-06-06 11:20:25	1	0	1	0
           425	2023-06-06 11:28:53	1	0	1	0
           360	2023-06-06 11:29:00	1	0	15	0
           559	2023-06-06 11:30:04	1	0	1	0
           581	2023-06-06 11:30:13	1	0	1	0
           422	2023-06-06 11:30:28	1	0	1	0
           387	2023-06-06 11:30:33	1	0	15	0
           224	2023-06-06 11:30:41	1	0	1	0
           385	2023-06-06 11:30:48	1	0	1	0
           366	2023-06-06 11:30:56	1	0	1	0
           196	2023-06-06 11:31:06	1	0	15	0
           566	2023-06-06 11:31:26	1	0	1	0
           576	2023-06-06 11:31:31	1	0	1	0
           236	2023-06-06 11:31:49	1	0	1	0
           223	2023-06-06 11:31:56	1	0	1	0
           123	2023-06-06 11:32:03	1	0	1	0
           533	2023-06-06 11:32:10	1	0	1	0
           460	2023-06-06 11:32:19	1	0	1	0
           582	2023-06-06 11:32:44	1	0	1	0
           119	2023-06-06 11:39:16	1	0	15	0
           360	2023-06-06 11:50:39	1	0	15	0
           379	2023-06-06 12:00:04	1	0	1	0
           387	2023-06-06 12:00:17	1	0	15	0
           397	2023-06-06 12:00:22	1	0	1	0
           422	2023-06-06 12:00:33	1	0	1	0
           196	2023-06-06 12:00:39	1	0	1	0
           132	2023-06-06 12:00:44	1	0	1	0
           369	2023-06-06 12:00:51	1	0	1	0
           572	2023-06-06 12:00:55	1	0	1	0
           562	2023-06-06 12:01:00	1	0	1	0
           350	2023-06-06 12:01:05	1	0	1	0
           385	2023-06-06 12:01:11	1	0	1	0
           582	2023-06-06 12:01:20	1	0	1	0
           224	2023-06-06 12:01:27	1	0	1	0
           123	2023-06-06 12:01:37	1	0	1	0
           559	2023-06-06 12:01:43	1	0	1	0
           366	2023-06-06 12:01:54	1	0	1	0
           576	2023-06-06 12:02:04	1	0	1	0
           574	2023-06-06 12:02:09	1	0	1	0
           444	2023-06-06 12:02:14	1	0	1	0
           404	2023-06-06 12:02:18	1	0	1	0
           194	2023-06-06 12:02:23	1	0	1	0
            38	2023-06-06 12:02:33	1	0	1	0
            66	2023-06-06 12:02:40	1	0	15	0
            37	2023-06-06 12:02:49	1	0	1	0
           259	2023-06-06 12:02:56	1	0	1	0
           493	2023-06-06 12:02:59	1	0	1	0
            27	2023-06-06 12:03:06	1	0	1	0
           453	2023-06-06 12:03:17	1	0	1	0
           145	2023-06-06 12:03:25	1	0	1	0
           401	2023-06-06 12:03:31	1	0	1	0
           119	2023-06-06 12:03:40	1	0	15	0
            45	2023-06-06 12:03:49	1	0	15	0
           568	2023-06-06 12:03:58	1	0	1	0
           184	2023-06-06 12:04:05	1	0	1	0
           551	2023-06-06 12:04:09	1	0	1	0
           265	2023-06-06 12:04:17	1	0	1	0
           547	2023-06-06 12:04:25	1	0	1	0
            77	2023-06-06 12:04:33	1	0	1	0
           530	2023-06-06 12:04:41	1	0	1	0
           275	2023-06-06 12:04:53	1	0	1	0
           206	2023-06-06 12:04:58	1	0	15	0
           149	2023-06-06 12:05:07	1	0	1	0
           332	2023-06-06 12:05:16	1	0	1	0
           252	2023-06-06 12:05:25	1	0	15	0
           557	2023-06-06 12:05:34	1	0	1	0
           473	2023-06-06 12:05:39	1	0	1	0
           471	2023-06-06 12:05:46	1	0	1	0
           472	2023-06-06 12:05:49	1	0	1	0
           118	2023-06-06 12:06:10	1	0	15	0
            83	2023-06-06 12:06:26	1	0	1	0
           580	2023-06-06 12:06:34	1	0	1	0
           537	2023-06-06 12:06:42	1	0	1	0
           125	2023-06-06 12:06:49	1	0	1	0
           352	2023-06-06 12:06:53	1	0	1	0
           476	2023-06-06 12:06:55	1	0	1	0
           410	2023-06-06 12:07:00	1	0	15	0
           121	2023-06-06 12:07:07	1	0	1	0
           413	2023-06-06 12:07:10	1	0	4	0
           478	2023-06-06 12:07:19	1	0	1	0
           249	2023-06-06 12:07:27	1	0	1	0
           241	2023-06-06 12:07:58	1	0	1	0
           146	2023-06-06 12:08:15	1	0	15	0
           331	2023-06-06 12:08:31	1	0	1	0
           492	2023-06-06 12:08:38	1	0	1	0
            73	2023-06-06 12:09:00	1	0	1	0
           348	2023-06-06 12:09:07	1	0	1	0
           529	2023-06-06 12:09:31	1	0	1	0
           434	2023-06-06 12:12:03	1	0	1	0
            80	2023-06-06 12:13:45	1	0	15	0
            91	2023-06-06 12:14:32	1	0	1	0
           370	2023-06-06 12:15:42	1	0	1	0
           525	2023-06-06 12:16:20	1	0	1	0
           527	2023-06-06 12:16:29	1	0	1	0
           185	2023-06-06 12:16:46	1	0	1	0
           536	2023-06-06 12:16:51	1	0	1	0
           562	2023-06-06 12:17:12	1	0	1	0
            87	2023-06-06 12:17:15	1	0	15	0
           571	2023-06-06 12:17:22	1	0	1	0
            48	2023-06-06 12:18:26	1	0	1	0
           115	2023-06-06 12:18:35	1	0	1	0
           187	2023-06-06 12:18:40	1	0	1	0
            88	2023-06-06 12:18:48	1	0	15	0
            37	2023-06-06 12:18:59	1	0	15	0
            93	2023-06-06 12:19:07	1	0	15	0
           183	2023-06-06 12:19:15	1	0	15	0
           182	2023-06-06 12:19:35	1	0	1	0
           569	2023-06-06 12:19:40	1	0	1	0
           265	2023-06-06 12:19:58	1	0	1	0
            77	2023-06-06 12:20:07	1	0	1	0
           114	2023-06-06 12:20:36	1	0	1	0
           205	2023-06-06 12:20:46	1	0	1	0
           335	2023-06-06 12:20:52	1	0	1	0
           381	2023-06-06 12:21:06	1	0	1	0
           465	2023-06-06 12:21:26	1	0	1	0
           547	2023-06-06 12:21:33	1	0	1	0
           546	2023-06-06 12:22:29	1	0	1	0
           314	2023-06-06 12:22:33	1	0	1	0
           573	2023-06-06 12:22:36	1	0	1	0
           504	2023-06-06 12:22:45	1	0	15	0
           467	2023-06-06 12:22:51	1	0	1	0
            69	2023-06-06 12:22:56	1	0	1	0
           408	2023-06-06 12:23:03	1	0	15	0
           105	2023-06-06 12:23:10	1	0	15	0
           337	2023-06-06 12:23:35	1	0	1	0
           413	2023-06-06 12:23:39	1	0	4	0
            83	2023-06-06 12:23:44	1	0	1	0
           492	2023-06-06 12:24:01	1	0	1	0
           476	2023-06-06 12:24:06	1	0	1	0
           410	2023-06-06 12:24:11	1	0	15	0
           478	2023-06-06 12:24:18	1	0	1	0
           101	2023-06-06 12:24:23	1	0	1	0
           352	2023-06-06 12:24:27	1	0	1	0
           121	2023-06-06 12:24:40	1	0	1	0
           355	2023-06-06 12:24:47	1	0	1	0
           369	2023-06-06 12:24:51	1	0	1	0
           241	2023-06-06 12:24:57	1	0	1	0
           120	2023-06-06 12:25:21	1	0	1	0
           403	2023-06-06 12:25:27	1	0	1	0
           146	2023-06-06 12:25:40	1	0	15	0
           332	2023-06-06 12:25:49	1	0	1	0
           554	2023-06-06 12:26:11	1	0	1	0
           553	2023-06-06 12:26:18	1	0	1	0
           228	2023-06-06 12:26:56	1	0	15	0
           331	2023-06-06 12:27:18	1	0	1	0
           580	2023-06-06 12:27:44	1	0	1	0
            66	2023-06-06 12:27:51	1	0	15	0
           541	2023-06-06 12:28:34	1	0	15	0
           348	2023-06-06 12:28:50	1	0	1	0
            40	2023-06-06 12:29:22	1	0	1	0
           572	2023-06-06 12:30:01	1	0	1	0
            91	2023-06-06 12:30:19	1	0	1	0
           568	2023-06-06 12:30:25	1	0	1	0
           434	2023-06-06 12:31:19	1	0	15	0
            45	2023-06-06 12:31:38	1	0	15	0
           185	2023-06-06 12:32:24	1	0	1	0
           527	2023-06-06 12:32:29	1	0	1	0
           536	2023-06-06 12:32:34	1	0	1	0
            80	2023-06-06 12:32:44	1	0	15	0
           551	2023-06-06 12:32:49	1	0	1	0
            73	2023-06-06 12:33:06	1	0	1	0
           530	2023-06-06 12:33:15	1	0	1	0
           115	2023-06-06 12:34:05	1	0	15	0
            48	2023-06-06 12:34:11	1	0	15	0
            38	2023-06-06 12:34:30	1	0	1	0
           571	2023-06-06 12:35:31	1	0	1	0
           259	2023-06-06 12:35:54	1	0	1	0
           361	2023-06-06 12:36:46	1	0	1	0
           363	2023-06-06 12:36:54	1	0	1	0
           417	2023-06-06 12:37:21	1	0	15	0
           569	2023-06-06 12:37:27	1	0	1	0
           537	2023-06-06 12:37:43	1	0	1	0
           125	2023-06-06 12:37:49	1	0	1	0
           467	2023-06-06 12:38:11	1	0	1	0
           546	2023-06-06 12:38:19	1	0	1	0
           573	2023-06-06 12:38:28	1	0	1	0
           504	2023-06-06 12:38:41	1	0	1	0
           314	2023-06-06 12:38:51	1	0	1	0
           471	2023-06-06 12:38:56	1	0	1	0
           472	2023-06-06 12:38:59	1	0	1	0
           118	2023-06-06 12:39:05	1	0	1	0
           557	2023-06-06 12:39:09	1	0	1	0
           473	2023-06-06 12:39:12	1	0	1	0
           350	2023-06-06 12:39:27	1	0	1	0
           249	2023-06-06 12:39:47	1	0	1	0
           194	2023-06-06 12:40:04	1	0	15	0
           275	2023-06-06 12:41:09	1	0	1	0
           206	2023-06-06 12:41:13	1	0	15	0
           252	2023-06-06 12:41:37	1	0	15	0
           529	2023-06-06 12:42:30	1	0	1	0
           142	2023-06-06 12:42:40	1	0	1	0
           132	2023-06-06 12:42:45	1	0	15	0
           120	2023-06-06 12:43:00	1	0	1	0
           575	2023-06-06 12:43:18	1	0	1	0
           228	2023-06-06 12:43:36	1	0	15	0
           149	2023-06-06 12:43:53	1	0	1	0
            74	2023-06-06 12:44:09	1	0	1	0
           335	2023-06-06 12:44:14	1	0	1	0
           403	2023-06-06 12:44:23	1	0	1	0
           114	2023-06-06 12:44:48	1	0	1	0
           541	2023-06-06 12:45:03	1	0	15	0
           581	2023-06-06 12:45:18	1	0	1	0
           566	2023-06-06 12:45:23	1	0	1	0
            39	2023-06-06 12:46:32	1	0	1	0
           502	2023-06-06 12:47:03	1	0	1	0
           184	2023-06-06 12:47:08	1	0	1	0
           397	2023-06-06 12:47:40	1	0	1	0
           236	2023-06-06 12:48:42	1	0	1	0
           355	2023-06-06 12:49:45	1	0	1	0
            57	2023-06-06 12:50:06	1	0	15	0
           370	2023-06-06 12:50:14	1	0	1	0
           182	2023-06-06 12:50:26	1	0	1	0
           183	2023-06-06 12:50:34	1	0	15	0
            88	2023-06-06 12:50:48	1	0	15	0
            93	2023-06-06 12:50:54	1	0	15	0
           105	2023-06-06 12:51:00	1	0	15	0
           408	2023-06-06 12:51:13	1	0	15	0
           363	2023-06-06 12:53:01	1	0	1	0
           223	2023-06-06 12:53:06	1	0	1	0
           525	2023-06-06 12:53:12	1	0	1	0
           417	2023-06-06 12:53:30	1	0	1	0
           361	2023-06-06 12:53:43	1	0	1	0
           379	2023-06-06 12:54:40	1	0	15	0
           101	2023-06-06 12:54:52	1	0	1	0
           444	2023-06-06 12:56:50	1	0	1	0
           574	2023-06-06 12:56:54	1	0	1	0
           404	2023-06-06 12:56:58	1	0	1	0
           533	2023-06-06 12:57:07	1	0	1	0
           145	2023-06-06 12:57:16	1	0	1	0
           401	2023-06-06 12:57:21	1	0	1	0
            40	2023-06-06 12:59:10	1	0	1	0
           142	2023-06-06 12:59:18	1	0	1	0
           575	2023-06-06 12:59:31	1	0	1	0
           502	2023-06-06 13:02:08	1	0	1	0
           485	2023-06-06 13:03:16	1	0	1	0
           485	2023-06-06 13:20:29	1	0	1	0
           124	2023-06-06 13:31:23	1	0	15	0
           305	2023-06-06 13:52:28	1	0	1	0
           567	2023-06-06 14:00:10	1	0	15	0
           571	2023-06-06 14:13:07	1	0	1	0
           418	2023-06-06 15:07:11	1	0	15	0
           511	2023-06-06 16:02:37	1	0	1	0
           425	2023-06-06 16:03:22	1	0	1	0
           460	2023-06-06 16:25:51	1	0	1	0
            58	2023-06-06 17:00:11	1	0	1	0
           120	2023-06-06 17:00:27	1	0	1	0
            74	2023-06-06 17:00:34	1	0	1	0
           146	2023-06-06 17:00:40	1	0	1	0
           529	2023-06-06 17:00:46	1	0	1	0
           115	2023-06-06 17:00:56	1	0	1	0
           574	2023-06-06 17:01:02	1	0	1	0
            66	2023-06-06 17:01:08	1	0	15	0
            48	2023-06-06 17:01:15	1	0	1	0
           187	2023-06-06 17:01:19	1	0	1	0
           149	2023-06-06 17:01:27	1	0	1	0
           194	2023-06-06 17:01:34	1	0	15	0
           252	2023-06-06 17:01:39	1	0	15	0
           395	2023-06-06 17:01:46	1	0	1	0
           404	2023-06-06 17:01:54	1	0	1	0
           562	2023-06-06 17:01:59	1	0	1	0
           572	2023-06-06 17:02:03	1	0	1	0
           379	2023-06-06 17:02:08	1	0	1	0
           397	2023-06-06 17:02:13	1	0	1	0
           559	2023-06-06 17:02:19	1	0	1	0
            37	2023-06-06 17:02:26	1	0	1	0
           366	2023-06-06 17:02:44	1	0	1	0
           223	2023-06-06 17:02:50	1	0	1	0
           387	2023-06-06 17:02:57	1	0	15	0
           422	2023-06-06 17:03:02	1	0	1	0
           101	2023-06-06 17:03:10	1	0	1	0
           581	2023-06-06 17:03:20	1	0	1	0
           472	2023-06-06 17:03:25	1	0	1	0
           582	2023-06-06 17:03:32	1	0	1	0
           350	2023-06-06 17:03:36	1	0	1	0
           566	2023-06-06 17:03:42	1	0	1	0
           184	2023-06-06 17:03:46	1	0	1	0
           182	2023-06-06 17:03:59	1	0	15	0
           471	2023-06-06 17:04:03	1	0	1	0
           348	2023-06-06 17:04:08	1	0	1	0
           493	2023-06-06 17:04:13	1	0	1	0
           580	2023-06-06 17:04:20	1	0	1	0
           533	2023-06-06 17:04:26	1	0	1	0
           453	2023-06-06 17:04:36	1	0	1	0
           123	2023-06-06 17:04:45	1	0	1	0
           398	2023-06-06 17:04:50	1	0	1	0
           444	2023-06-06 17:04:55	1	0	1	0
           547	2023-06-06 17:04:59	1	0	1	0
           576	2023-06-06 17:05:04	1	0	1	0
           224	2023-06-06 17:05:15	1	0	1	0
           360	2023-06-06 17:05:23	1	0	1	0
           413	2023-06-06 17:06:00	1	0	4	0
           363	2023-06-06 17:06:11	1	0	1	0
            77	2023-06-06 17:06:17	1	0	1	0
           530	2023-06-06 17:06:23	1	0	1	0
           361	2023-06-06 17:06:27	1	0	1	0
           403	2023-06-06 17:06:47	1	0	1	0
           236	2023-06-06 17:06:57	1	0	1	0
           473	2023-06-06 17:07:07	1	0	1	0
           557	2023-06-06 17:07:10	1	0	1	0
            43	2023-06-06 17:07:22	1	0	1	0
           569	2023-06-06 17:07:29	1	0	1	0
           121	2023-06-06 17:07:34	1	0	1	0
            40	2023-06-06 17:07:48	1	0	1	0
            93	2023-06-06 17:07:55	1	0	15	0
           249	2023-06-06 17:08:04	1	0	1	0
           536	2023-06-06 17:08:14	1	0	1	0
           527	2023-06-06 17:08:23	1	0	15	0
            38	2023-06-06 17:09:14	1	0	1	0
            27	2023-06-06 17:09:20	1	0	1	0
           370	2023-06-06 17:09:24	1	0	1	0
           434	2023-06-06 17:09:34	1	0	1	0
           114	2023-06-06 17:09:40	1	0	1	0
           119	2023-06-06 17:09:58	1	0	15	0
           568	2023-06-06 17:10:14	1	0	1	0
           551	2023-06-06 17:10:21	1	0	1	0
            73	2023-06-06 17:11:34	1	0	1	0
           476	2023-06-06 17:11:41	1	0	1	0
            80	2023-06-06 17:11:48	1	0	15	0
            39	2023-06-06 17:11:56	1	0	1	0
           352	2023-06-06 17:12:11	1	0	1	0
           410	2023-06-06 17:12:19	1	0	15	0
           478	2023-06-06 17:12:33	1	0	15	0
           105	2023-06-06 17:12:39	1	0	1	0
           196	2023-06-06 17:12:49	1	0	1	0
           385	2023-06-06 17:12:52	1	0	1	0
           185	2023-06-06 17:12:59	1	0	1	0
            91	2023-06-06 17:13:05	1	0	1	0
           228	2023-06-06 17:13:26	1	0	1	0
           142	2023-06-06 17:13:33	1	0	1	0
           132	2023-06-06 17:14:59	1	0	15	0
           275	2023-06-06 17:15:27	1	0	1	0
           381	2023-06-06 17:16:03	1	0	1	0
           338	2023-06-06 17:16:28	1	0	1	0
           525	2023-06-06 17:16:51	1	0	1	0
           312	2023-06-06 17:16:57	1	0	1	0
           331	2023-06-06 17:17:57	1	0	1	0
           125	2023-06-06 17:18:11	1	0	1	0
           537	2023-06-06 17:18:15	1	0	1	0
           118	2023-06-06 17:18:48	1	0	1	0
            88	2023-06-06 17:19:36	1	0	15	0
           369	2023-06-06 17:19:54	1	0	1	0
            83	2023-06-06 17:20:44	1	0	1	0
           206	2023-06-06 17:21:18	1	0	15	0
           265	2023-06-06 17:32:30	1	0	1	0
           541	2023-06-06 17:39:58	1	0	15	0
            69	2023-06-06 17:41:14	1	0	1	0
           314	2023-06-06 17:41:20	1	0	1	0
           546	2023-06-06 17:41:33	1	0	1	0
           573	2023-06-06 17:41:58	1	0	1	0
           467	2023-06-06 17:42:05	1	0	1	0
           553	2023-06-06 17:42:11	1	0	1	0
           337	2023-06-06 17:42:18	1	0	1	0
           259	2023-06-06 17:42:37	1	0	15	0
           241	2023-06-06 17:45:00	1	0	1	0
           401	2023-06-06 17:45:49	1	0	1	0
           145	2023-06-06 17:50:17	1	0	1	0
           332	2023-06-06 17:50:28	1	0	1	0
           355	2023-06-06 18:02:30	1	0	1	0
           485	2023-06-06 18:02:53	1	0	1	0
           114	2023-06-06 18:02:58	1	0	1	0
           502	2023-06-06 18:03:02	1	0	1	0
           575	2023-06-06 18:03:14	1	0	1	0
            45	2023-06-06 18:30:11	1	0	15	0
           335	2023-06-06 18:30:20	1	0	1	0
           205	2023-06-06 19:00:11	1	0	1	0
           465	2023-06-06 19:00:34	1	0	1	0
           492	2023-06-06 19:21:32	1	0	1	0
           183	2023-06-06 19:33:49	1	0	15	0
            40	2023-06-06 20:08:07	1	0	1	0
           124	2023-06-06 22:04:10	1	0	15	0
            70	2023-06-06 22:14:49	1	0	1	0
           305	2023-06-06 22:59:38	1	0	1	0
           574	2023-06-07 05:58:51	1	0	1	0
           418	2023-06-07 05:59:30	1	0	15	0
            70	2023-06-07 06:00:12	1	0	15	0
           337	2023-06-07 06:04:06	1	0	1	0
           395	2023-06-07 06:05:25	1	0	1	0
           196	2023-06-07 06:10:36	1	0	1	0
           385	2023-06-07 06:21:15	1	0	1	0
           119	2023-06-07 06:26:31	1	0	15	0
           224	2023-06-07 06:27:03	1	0	15	0
           387	2023-06-07 06:30:11	1	0	15	0
            58	2023-06-07 06:30:33	1	0	1	0
           422	2023-06-07 06:40:09	1	0	15	0
           567	2023-06-07 06:42:14	1	0	15	0
           573	2023-06-07 06:47:51	1	0	1	0
           425	2023-06-07 06:51:28	1	0	1	0
           314	2023-06-07 06:52:57	1	0	1	0
           381	2023-06-07 06:53:57	1	0	1	0
           363	2023-06-07 06:54:22	1	0	1	0
            74	2023-06-07 06:57:00	1	0	1	0
           361	2023-06-07 06:57:30	1	0	1	0
           582	2023-06-07 06:57:50	1	0	1	0
           546	2023-06-07 06:59:00	1	0	1	0
            91	2023-06-07 07:00:28	1	0	1	0
           185	2023-06-07 07:00:42	1	0	15	0
            77	2023-06-07 07:02:56	1	0	1	0
           575	2023-06-07 07:04:01	1	0	1	0
           566	2023-06-07 07:06:59	1	0	1	0
           581	2023-06-07 07:07:05	1	0	1	0
           478	2023-06-07 07:08:07	1	0	15	0
           360	2023-06-07 07:08:26	1	0	1	0
           366	2023-06-07 07:09:12	1	0	1	0
           576	2023-06-07 07:09:21	1	0	1	0
           184	2023-06-07 07:13:44	1	0	1	0
           146	2023-06-07 07:13:55	1	0	15	0
           223	2023-06-07 07:15:08	1	0	1	0
            43	2023-06-07 07:18:54	1	0	15	0
            37	2023-06-07 07:19:30	1	0	1	0
           123	2023-06-07 07:19:48	1	0	1	0
           120	2023-06-07 07:20:13	1	0	1	0
           554	2023-06-07 07:20:19	1	0	1	0
           379	2023-06-07 07:20:40	1	0	1	0
           476	2023-06-07 07:21:25	1	0	1	0
            88	2023-06-07 07:21:30	1	0	15	0
           259	2023-06-07 07:22:04	1	0	15	0
            39	2023-06-07 07:22:15	1	0	1	0
           556	2023-06-07 07:22:39	1	0	1	0
           533	2023-06-07 07:22:50	1	0	1	0
           579	2023-06-07 07:23:09	1	0	1	0
            38	2023-06-07 07:23:16	1	0	1	0
           236	2023-06-07 07:23:33	1	0	1	0
           149	2023-06-07 07:23:45	1	0	15	0
            73	2023-06-07 07:24:29	1	0	1	0
           569	2023-06-07 07:24:49	1	0	1	0
           183	2023-06-07 07:25:55	1	0	15	0
           553	2023-06-07 07:27:07	1	0	1	0
           504	2023-06-07 07:28:49	1	0	1	0
           115	2023-06-07 07:31:18	1	0	15	0
           182	2023-06-07 07:32:56	1	0	15	0
           434	2023-06-07 07:33:48	1	0	1	0
           275	2023-06-07 07:34:13	1	0	1	0
           516	2023-06-07 07:34:19	1	0	1	0
           401	2023-06-07 07:34:28	1	0	15	0
           187	2023-06-07 07:34:38	1	0	1	0
           206	2023-06-07 07:34:57	1	0	1	0
           413	2023-06-07 07:36:18	1	0	4	0
           355	2023-06-07 07:36:37	1	0	1	0
           547	2023-06-07 07:37:23	1	0	1	0
           502	2023-06-07 07:37:33	1	0	1	0
           465	2023-06-07 07:37:40	1	0	15	0
           142	2023-06-07 07:37:59	1	0	1	0
           132	2023-06-07 07:38:05	1	0	15	0
           467	2023-06-07 07:38:18	1	0	1	0
           369	2023-06-07 07:39:15	1	0	1	0
            45	2023-06-07 07:39:34	1	0	15	0
           101	2023-06-07 07:39:53	1	0	1	0
           492	2023-06-07 07:39:58	1	0	1	0
           145	2023-06-07 07:40:09	1	0	1	0
           530	2023-06-07 07:40:42	1	0	1	0
           444	2023-06-07 07:40:48	1	0	1	0
            66	2023-06-07 07:40:59	1	0	15	0
           352	2023-06-07 07:42:34	1	0	1	0
           114	2023-06-07 07:42:39	1	0	1	0
           513	2023-06-07 07:43:09	1	0	1	0
            69	2023-06-07 07:43:14	1	0	1	0
           252	2023-06-07 07:44:43	1	0	15	0
           417	2023-06-07 07:45:01	1	0	1	0
           338	2023-06-07 07:45:07	1	0	1	0
           541	2023-06-07 07:45:12	1	0	15	0
            83	2023-06-07 07:45:19	1	0	1	0
           200	2023-06-07 07:45:27	1	0	1	0
           408	2023-06-07 07:45:35	1	0	1	0
           568	2023-06-07 07:45:42	1	0	1	0
           571	2023-06-07 07:45:46	1	0	1	0
           410	2023-06-07 07:45:58	1	0	15	0
           557	2023-06-07 07:47:54	1	0	1	0
           473	2023-06-07 07:47:59	1	0	1	0
           493	2023-06-07 07:48:06	1	0	1	0
           551	2023-06-07 07:48:12	1	0	1	0
           331	2023-06-07 07:48:18	1	0	1	0
           265	2023-06-07 07:48:39	1	0	1	0
           403	2023-06-07 07:48:57	1	0	1	0
           529	2023-06-07 07:49:05	1	0	15	0
           397	2023-06-07 07:49:11	1	0	1	0
           527	2023-06-07 07:49:18	1	0	1	0
           118	2023-06-07 07:49:29	1	0	1	0
           241	2023-06-07 07:49:39	1	0	1	0
           350	2023-06-07 07:50:01	1	0	1	0
           374	2023-06-07 07:50:07	1	0	1	0
            87	2023-06-07 07:51:05	1	0	15	0
           105	2023-06-07 07:51:21	1	0	1	0
           404	2023-06-07 07:51:31	1	0	1	0
           536	2023-06-07 07:52:23	1	0	1	0
           125	2023-06-07 07:53:52	1	0	1	0
           375	2023-06-07 07:54:18	1	0	1	0
           399	2023-06-07 07:54:29	1	0	1	0
           405	2023-06-07 07:54:42	1	0	1	0
           580	2023-06-07 07:54:55	1	0	1	0
           572	2023-06-07 07:55:01	1	0	1	0
           228	2023-06-07 07:55:24	1	0	15	0
           194	2023-06-07 07:55:30	1	0	15	0
            48	2023-06-07 07:55:37	1	0	1	0
            57	2023-06-07 07:56:47	1	0	1	0
           562	2023-06-07 07:56:53	1	0	1	0
           312	2023-06-07 07:57:00	1	0	1	0
            80	2023-06-07 07:57:07	1	0	15	0
           453	2023-06-07 07:57:22	1	0	15	0
            27	2023-06-07 07:57:30	1	0	1	0
           348	2023-06-07 07:57:35	1	0	1	0
           472	2023-06-07 07:57:40	1	0	1	0
           471	2023-06-07 07:57:46	1	0	1	0
           121	2023-06-07 07:58:21	1	0	1	0
           460	2023-06-07 08:00:03	1	0	1	0
           370	2023-06-07 08:01:07	1	0	1	0
           332	2023-06-07 08:02:08	1	0	1	0
            40	2023-06-07 08:08:19	1	0	1	0
           249	2023-06-07 08:10:51	1	0	1	0
           205	2023-06-07 08:25:18	1	0	1	0
           525	2023-06-07 08:25:44	1	0	1	0
           398	2023-06-07 08:52:57	1	0	1	0
           577	2023-06-07 09:35:56	1	0	1	0
           425	2023-06-07 11:04:10	1	0	1	0
           566	2023-06-07 11:30:38	1	0	1	0
           236	2023-06-07 11:31:07	1	0	1	0
           360	2023-06-07 11:31:15	1	0	1	0
           387	2023-06-07 11:31:22	1	0	15	0
           224	2023-06-07 11:31:32	1	0	15	0
           576	2023-06-07 11:31:36	1	0	1	0
           422	2023-06-07 11:31:47	1	0	1	0
           223	2023-06-07 11:31:57	1	0	1	0
           533	2023-06-07 11:32:02	1	0	1	0
           366	2023-06-07 11:32:11	1	0	1	0
           196	2023-06-07 11:32:20	1	0	1	0
           123	2023-06-07 11:32:25	1	0	1	0
           385	2023-06-07 11:32:34	1	0	1	0
           395	2023-06-07 11:33:16	1	0	1	0
           582	2023-06-07 11:34:07	1	0	1	0
           581	2023-06-07 11:35:45	1	0	1	0
           425	2023-06-07 11:38:46	1	0	1	0
           119	2023-06-07 11:39:03	1	0	15	0
            27	2023-06-07 11:59:25	1	0	1	0
           453	2023-06-07 12:00:13	1	0	1	0
           366	2023-06-07 12:00:19	1	0	1	0
            38	2023-06-07 12:00:25	1	0	1	0
           576	2023-06-07 12:00:35	1	0	1	0
            40	2023-06-07 12:00:40	1	0	1	0
           369	2023-06-07 12:00:48	1	0	1	0
           397	2023-06-07 12:00:57	1	0	1	0
           493	2023-06-07 12:01:05	1	0	1	0
           572	2023-06-07 12:01:09	1	0	1	0
           571	2023-06-07 12:01:15	1	0	1	0
           568	2023-06-07 12:01:21	1	0	1	0
           562	2023-06-07 12:01:25	1	0	1	0
            43	2023-06-07 12:01:31	1	0	1	0
            66	2023-06-07 12:01:38	1	0	15	0
           387	2023-06-07 12:01:51	1	0	15	0
           422	2023-06-07 12:01:57	1	0	1	0
           395	2023-06-07 12:02:04	1	0	1	0
           196	2023-06-07 12:02:11	1	0	1	0
            37	2023-06-07 12:02:18	1	0	1	0
           385	2023-06-07 12:02:24	1	0	1	0
           123	2023-06-07 12:02:27	1	0	1	0
           224	2023-06-07 12:02:35	1	0	1	0
           582	2023-06-07 12:02:41	1	0	1	0
           249	2023-06-07 12:02:46	1	0	1	0
           121	2023-06-07 12:02:53	1	0	1	0
            45	2023-06-07 12:03:19	1	0	15	0
           381	2023-06-07 12:03:31	1	0	1	0
           312	2023-06-07 12:03:36	1	0	1	0
           119	2023-06-07 12:03:44	1	0	15	0
           360	2023-06-07 12:03:50	1	0	1	0
           118	2023-06-07 12:03:56	1	0	1	0
           471	2023-06-07 12:04:01	1	0	1	0
           472	2023-06-07 12:04:04	1	0	1	0
           557	2023-06-07 12:04:11	1	0	1	0
           473	2023-06-07 12:04:16	1	0	1	0
           132	2023-06-07 12:04:21	1	0	15	0
           511	2023-06-07 12:04:27	1	0	1	0
           115	2023-06-07 12:04:43	1	0	15	0
           413	2023-06-07 12:04:48	1	0	4	0
            48	2023-06-07 12:04:55	1	0	1	0
           184	2023-06-07 12:04:59	1	0	1	0
           350	2023-06-07 12:05:05	1	0	1	0
           206	2023-06-07 12:05:20	1	0	1	0
           275	2023-06-07 12:05:27	1	0	1	0
           580	2023-06-07 12:06:04	1	0	1	0
           492	2023-06-07 12:06:10	1	0	1	0
           516	2023-06-07 12:06:16	1	0	1	0
           529	2023-06-07 12:06:23	1	0	1	0
           556	2023-06-07 12:06:29	1	0	1	0
           265	2023-06-07 12:06:34	1	0	1	0
           348	2023-06-07 12:06:39	1	0	1	0
            77	2023-06-07 12:06:45	1	0	1	0
           146	2023-06-07 12:06:50	1	0	1	0
           579	2023-06-07 12:06:57	1	0	1	0
            69	2023-06-07 12:07:01	1	0	1	0
           546	2023-06-07 12:07:05	1	0	1	0
           573	2023-06-07 12:07:15	1	0	1	0
           504	2023-06-07 12:07:17	1	0	15	0
           553	2023-06-07 12:07:24	1	0	1	0
           374	2023-06-07 12:07:27	1	0	15	0
           337	2023-06-07 12:07:37	1	0	1	0
           187	2023-06-07 12:07:43	1	0	1	0
           194	2023-06-07 12:07:53	1	0	15	0
           541	2023-06-07 12:07:58	1	0	15	0
           577	2023-06-07 12:08:06	1	0	1	0
           547	2023-06-07 12:08:13	1	0	1	0
           331	2023-06-07 12:08:19	1	0	1	0
            87	2023-06-07 12:08:27	1	0	15	0
           530	2023-06-07 12:08:45	1	0	1	0
           314	2023-06-07 12:08:49	1	0	1	0
           467	2023-06-07 12:08:56	1	0	1	0
           554	2023-06-07 12:09:01	1	0	1	0
           125	2023-06-07 12:09:07	1	0	1	0
           434	2023-06-07 12:09:16	1	0	1	0
           101	2023-06-07 12:09:23	1	0	1	0
           149	2023-06-07 12:09:37	1	0	1	0
            57	2023-06-07 12:09:52	1	0	1	0
           252	2023-06-07 12:10:56	1	0	15	0
           379	2023-06-07 12:11:02	1	0	1	0
            73	2023-06-07 12:13:09	1	0	1	0
           513	2023-06-07 12:13:47	1	0	1	0
           332	2023-06-07 12:14:01	1	0	1	0
            83	2023-06-07 12:14:28	1	0	1	0
            91	2023-06-07 12:14:34	1	0	1	0
           403	2023-06-07 12:14:42	1	0	1	0
            27	2023-06-07 12:14:48	1	0	1	0
           453	2023-06-07 12:15:13	1	0	1	0
           228	2023-06-07 12:15:31	1	0	15	0
            88	2023-06-07 12:15:36	1	0	15	0
           370	2023-06-07 12:15:41	1	0	1	0
           182	2023-06-07 12:15:57	1	0	15	0
           183	2023-06-07 12:16:07	1	0	15	0
           335	2023-06-07 12:16:12	1	0	1	0
           241	2023-06-07 12:16:15	1	0	1	0
            66	2023-06-07 12:16:50	1	0	15	0
           259	2023-06-07 12:17:02	1	0	15	0
           478	2023-06-07 12:17:11	1	0	15	0
           476	2023-06-07 12:17:44	1	0	1	0
           352	2023-06-07 12:17:47	1	0	1	0
           410	2023-06-07 12:17:53	1	0	15	0
           121	2023-06-07 12:18:00	1	0	1	0
            37	2023-06-07 12:18:12	1	0	1	0
           536	2023-06-07 12:19:16	1	0	1	0
           185	2023-06-07 12:19:23	1	0	1	0
           527	2023-06-07 12:19:31	1	0	1	0
           369	2023-06-07 12:19:37	1	0	1	0
           381	2023-06-07 12:19:46	1	0	1	0
           571	2023-06-07 12:20:06	1	0	1	0
            40	2023-06-07 12:20:34	1	0	1	0
           569	2023-06-07 12:21:34	1	0	1	0
           105	2023-06-07 12:22:02	1	0	1	0
           579	2023-06-07 12:22:11	1	0	1	0
           546	2023-06-07 12:22:28	1	0	1	0
           574	2023-06-07 12:22:57	1	0	1	0
           492	2023-06-07 12:23:02	1	0	1	0
           516	2023-06-07 12:23:10	1	0	1	0
            77	2023-06-07 12:23:16	1	0	1	0
           265	2023-06-07 12:23:25	1	0	1	0
           541	2023-06-07 12:23:30	1	0	15	0
           374	2023-06-07 12:23:36	1	0	15	0
           504	2023-06-07 12:24:00	1	0	15	0
           467	2023-06-07 12:24:09	1	0	1	0
           314	2023-06-07 12:24:15	1	0	1	0
           434	2023-06-07 12:24:21	1	0	1	0
           530	2023-06-07 12:24:28	1	0	1	0
           337	2023-06-07 12:24:39	1	0	1	0
           573	2023-06-07 12:24:45	1	0	1	0
            45	2023-06-07 12:24:54	1	0	1	0
           118	2023-06-07 12:25:14	1	0	15	0
           471	2023-06-07 12:25:20	1	0	1	0
           472	2023-06-07 12:25:24	1	0	1	0
           338	2023-06-07 12:25:46	1	0	1	0
           568	2023-06-07 12:25:54	1	0	1	0
           556	2023-06-07 12:26:20	1	0	1	0
           275	2023-06-07 12:26:37	1	0	1	0
           444	2023-06-07 12:27:15	1	0	1	0
           525	2023-06-07 12:27:40	1	0	1	0
           355	2023-06-07 12:27:48	1	0	1	0
           120	2023-06-07 12:28:46	1	0	1	0
           101	2023-06-07 12:28:57	1	0	1	0
           557	2023-06-07 12:29:10	1	0	15	0
           473	2023-06-07 12:29:18	1	0	1	0
           205	2023-06-07 12:29:27	1	0	1	0
           114	2023-06-07 12:29:34	1	0	1	0
           465	2023-06-07 12:29:44	1	0	1	0
           547	2023-06-07 12:29:58	1	0	1	0
           312	2023-06-07 12:30:04	1	0	1	0
           200	2023-06-07 12:30:33	1	0	1	0
           206	2023-06-07 12:30:50	1	0	1	0
           348	2023-06-07 12:31:01	1	0	1	0
           405	2023-06-07 12:31:09	1	0	1	0
            38	2023-06-07 12:31:36	1	0	1	0
            83	2023-06-07 12:31:42	1	0	1	0
           375	2023-06-07 12:32:08	1	0	1	0
           361	2023-06-07 12:32:57	1	0	1	0
           363	2023-06-07 12:33:02	1	0	1	0
           417	2023-06-07 12:33:16	1	0	1	0
           476	2023-06-07 12:33:22	1	0	1	0
           241	2023-06-07 12:33:27	1	0	1	0
           478	2023-06-07 12:33:34	1	0	1	0
           403	2023-06-07 12:33:39	1	0	1	0
           572	2023-06-07 12:33:44	1	0	1	0
            74	2023-06-07 12:34:09	1	0	1	0
           149	2023-06-07 12:34:46	1	0	1	0
           352	2023-06-07 12:34:55	1	0	1	0
           410	2023-06-07 12:35:08	1	0	15	0
           527	2023-06-07 12:35:15	1	0	1	0
           536	2023-06-07 12:35:21	1	0	1	0
           228	2023-06-07 12:35:51	1	0	1	0
           194	2023-06-07 12:35:56	1	0	15	0
           335	2023-06-07 12:36:14	1	0	1	0
           513	2023-06-07 12:36:21	1	0	1	0
           332	2023-06-07 12:36:32	1	0	1	0
            73	2023-06-07 12:37:15	1	0	1	0
           575	2023-06-07 12:38:50	1	0	1	0
           145	2023-06-07 12:39:05	1	0	1	0
           401	2023-06-07 12:39:13	1	0	1	0
           105	2023-06-07 12:39:18	1	0	1	0
           502	2023-06-07 12:39:28	1	0	1	0
           569	2023-06-07 12:40:31	1	0	1	0
            48	2023-06-07 12:41:01	1	0	1	0
           115	2023-06-07 12:41:08	1	0	1	0
           187	2023-06-07 12:41:14	1	0	1	0
           404	2023-06-07 12:41:20	1	0	1	0
           566	2023-06-07 12:42:20	1	0	1	0
           581	2023-06-07 12:42:25	1	0	1	0
           249	2023-06-07 12:42:32	1	0	1	0
           562	2023-06-07 12:43:25	1	0	1	0
           370	2023-06-07 12:43:52	1	0	1	0
            88	2023-06-07 12:44:01	1	0	15	0
           183	2023-06-07 12:44:09	1	0	15	0
           182	2023-06-07 12:44:21	1	0	15	0
           142	2023-06-07 12:44:27	1	0	1	0
           132	2023-06-07 12:44:36	1	0	15	0
           574	2023-06-07 12:44:41	1	0	1	0
           397	2023-06-07 12:44:53	1	0	1	0
           185	2023-06-07 12:45:25	1	0	1	0
           444	2023-06-07 12:45:31	1	0	1	0
           580	2023-06-07 12:45:38	1	0	1	0
            87	2023-06-07 12:46:46	1	0	15	0
           331	2023-06-07 12:46:54	1	0	1	0
           259	2023-06-07 12:47:15	1	0	15	0
           350	2023-06-07 12:47:23	1	0	1	0
           405	2023-06-07 12:47:44	1	0	1	0
           375	2023-06-07 12:48:02	1	0	1	0
           533	2023-06-07 12:48:10	1	0	1	0
           223	2023-06-07 12:48:17	1	0	1	0
           363	2023-06-07 12:48:25	1	0	1	0
           413	2023-06-07 12:48:27	1	0	4	0
           379	2023-06-07 12:48:52	1	0	1	0
           355	2023-06-07 12:49:39	1	0	1	0
           120	2023-06-07 12:49:55	1	0	1	0
            74	2023-06-07 12:50:07	1	0	1	0
           417	2023-06-07 12:51:18	1	0	15	0
           184	2023-06-07 12:51:45	1	0	1	0
           146	2023-06-07 12:51:50	1	0	15	0
           236	2023-06-07 12:52:27	1	0	1	0
           338	2023-06-07 12:53:58	1	0	1	0
            91	2023-06-07 12:54:25	1	0	1	0
           502	2023-06-07 12:54:45	1	0	1	0
           145	2023-06-07 12:54:59	1	0	1	0
           401	2023-06-07 12:55:05	1	0	15	0
           577	2023-06-07 12:55:15	1	0	1	0
           575	2023-06-07 12:55:22	1	0	1	0
           404	2023-06-07 12:56:24	1	0	15	0
           200	2023-06-07 12:56:43	1	0	1	0
           142	2023-06-07 12:59:44	1	0	15	0
           460	2023-06-07 13:01:30	1	0	1	0
           305	2023-06-07 13:05:41	1	0	1	0
           460	2023-06-07 13:25:03	1	0	1	0
           418	2023-06-07 14:00:41	1	0	15	0
           124	2023-06-07 14:33:59	1	0	15	0
           567	2023-06-07 15:00:14	1	0	15	0
           511	2023-06-07 15:59:02	1	0	1	0
           425	2023-06-07 16:08:39	1	0	1	0
            58	2023-06-07 17:00:21	1	0	1	0
           387	2023-06-07 17:00:46	1	0	15	0
            74	2023-06-07 17:00:52	1	0	1	0
           115	2023-06-07 17:00:59	1	0	1	0
           571	2023-06-07 17:01:08	1	0	1	0
           422	2023-06-07 17:01:13	1	0	1	0
           568	2023-06-07 17:01:18	1	0	1	0
           379	2023-06-07 17:01:23	1	0	1	0
           259	2023-06-07 17:01:24	1	0	15	0
            66	2023-06-07 17:01:33	1	0	15	0
           187	2023-06-07 17:01:42	1	0	1	0
           513	2023-06-07 17:01:51	1	0	1	0
            37	2023-06-07 17:01:58	1	0	1	0
           562	2023-06-07 17:02:02	1	0	1	0
           577	2023-06-07 17:02:09	1	0	1	0
           332	2023-06-07 17:02:15	1	0	1	0
           120	2023-06-07 17:03:04	1	0	1	0
           361	2023-06-07 17:03:28	1	0	1	0
           101	2023-06-07 17:03:35	1	0	1	0
           223	2023-06-07 17:03:43	1	0	1	0
           581	2023-06-07 17:03:49	1	0	1	0
           566	2023-06-07 17:03:55	1	0	1	0
           547	2023-06-07 17:04:04	1	0	1	0
           582	2023-06-07 17:04:09	1	0	1	0
           194	2023-06-07 17:04:18	1	0	15	0
           576	2023-06-07 17:04:23	1	0	1	0
           149	2023-06-07 17:04:33	1	0	1	0
           493	2023-06-07 17:05:02	1	0	15	0
           366	2023-06-07 17:05:10	1	0	1	0
           533	2023-06-07 17:05:17	1	0	1	0
           123	2023-06-07 17:05:27	1	0	1	0
           417	2023-06-07 17:05:36	1	0	1	0
           471	2023-06-07 17:05:43	1	0	1	0
           331	2023-06-07 17:05:47	1	0	1	0
           397	2023-06-07 17:05:53	1	0	1	0
           572	2023-06-07 17:06:00	1	0	1	0
           395	2023-06-07 17:06:10	1	0	1	0
           363	2023-06-07 17:06:17	1	0	1	0
           375	2023-06-07 17:06:24	1	0	1	0
           580	2023-06-07 17:06:32	1	0	1	0
           472	2023-06-07 17:06:40	1	0	1	0
           118	2023-06-07 17:06:44	1	0	1	0
           350	2023-06-07 17:06:51	1	0	1	0
           434	2023-06-07 17:07:01	1	0	1	0
           529	2023-06-07 17:07:09	1	0	1	0
           575	2023-06-07 17:07:15	1	0	1	0
           182	2023-06-07 17:07:21	1	0	1	0
           404	2023-06-07 17:07:28	1	0	1	0
           249	2023-06-07 17:07:40	1	0	15	0
           121	2023-06-07 17:07:52	1	0	15	0
           224	2023-06-07 17:08:12	1	0	1	0
           360	2023-06-07 17:08:25	1	0	1	0
           228	2023-06-07 17:08:33	1	0	15	0
           530	2023-06-07 17:08:39	1	0	1	0
           413	2023-06-07 17:08:43	1	0	4	0
           314	2023-06-07 17:09:13	1	0	1	0
           119	2023-06-07 17:09:23	1	0	15	0
           557	2023-06-07 17:09:30	1	0	1	0
           473	2023-06-07 17:09:36	1	0	1	0
           348	2023-06-07 17:09:43	1	0	15	0
            38	2023-06-07 17:09:49	1	0	1	0
           252	2023-06-07 17:09:53	1	0	15	0
           502	2023-06-07 17:10:02	1	0	15	0
           399	2023-06-07 17:10:11	1	0	1	0
            27	2023-06-07 17:10:20	1	0	1	0
           403	2023-06-07 17:10:49	1	0	1	0
           410	2023-06-07 17:11:47	1	0	15	0
           196	2023-06-07 17:11:59	1	0	15	0
           385	2023-06-07 17:12:10	1	0	15	0
            57	2023-06-07 17:12:25	1	0	1	0
           125	2023-06-07 17:12:40	1	0	1	0
           536	2023-06-07 17:13:12	1	0	1	0
           185	2023-06-07 17:13:29	1	0	1	0
           478	2023-06-07 17:13:35	1	0	15	0
            73	2023-06-07 17:13:51	1	0	1	0
           527	2023-06-07 17:13:58	1	0	1	0
           476	2023-06-07 17:14:03	1	0	1	0
           352	2023-06-07 17:14:09	1	0	1	0
           241	2023-06-07 17:14:13	1	0	1	0
           184	2023-06-07 17:14:23	1	0	1	0
            77	2023-06-07 17:14:32	1	0	1	0
           146	2023-06-07 17:14:39	1	0	1	0
           556	2023-06-07 17:14:44	1	0	1	0
           569	2023-06-07 17:14:53	1	0	1	0
            91	2023-06-07 17:15:04	1	0	1	0
           236	2023-06-07 17:15:09	1	0	1	0
           370	2023-06-07 17:15:36	1	0	1	0
           265	2023-06-07 17:16:14	1	0	15	0
            87	2023-06-07 17:16:37	1	0	15	0
            88	2023-06-07 17:16:48	1	0	15	0
           142	2023-06-07 17:18:03	1	0	15	0
           398	2023-06-07 17:18:13	1	0	1	0
            69	2023-06-07 17:18:23	1	0	1	0
           132	2023-06-07 17:18:54	1	0	15	0
           374	2023-06-07 17:21:05	1	0	1	0
           114	2023-06-07 17:21:31	1	0	1	0
            40	2023-06-07 17:21:52	1	0	1	0
           381	2023-06-07 17:22:01	1	0	1	0
           573	2023-06-07 17:22:54	1	0	1	0
           546	2023-06-07 17:23:07	1	0	1	0
           525	2023-06-07 17:23:33	1	0	1	0
           338	2023-06-07 17:23:38	1	0	1	0
            43	2023-06-07 17:33:28	1	0	15	0
           183	2023-06-07 17:34:28	1	0	15	0
           444	2023-06-07 17:34:45	1	0	1	0
           574	2023-06-07 17:34:48	1	0	1	0
           408	2023-06-07 17:38:44	1	0	1	0
           145	2023-06-07 17:41:18	1	0	1	0
            83	2023-06-07 17:45:05	1	0	1	0
           369	2023-06-07 17:51:01	1	0	1	0
           105	2023-06-07 17:53:46	1	0	15	0
           401	2023-06-07 17:54:39	1	0	15	0
           460	2023-06-07 18:09:20	1	0	1	0
           504	2023-06-07 18:09:50	1	0	1	0
           467	2023-06-07 18:10:02	1	0	1	0
           553	2023-06-07 18:10:09	1	0	1	0
           541	2023-06-07 18:10:18	1	0	15	0
           337	2023-06-07 18:10:28	1	0	1	0
           579	2023-06-07 18:10:34	1	0	1	0
           554	2023-06-07 18:10:42	1	0	1	0
           355	2023-06-07 18:11:13	1	0	1	0
           335	2023-06-07 18:38:15	1	0	1	0
           200	2023-06-07 18:51:42	1	0	1	0
           312	2023-06-07 19:06:11	1	0	1	0
           453	2023-06-07 19:09:58	1	0	1	0
           275	2023-06-07 19:21:26	1	0	1	0
           205	2023-06-07 19:21:40	1	0	1	0
           114	2023-06-07 19:22:08	1	0	1	0
           465	2023-06-07 19:22:43	1	0	1	0
           206	2023-06-07 19:24:57	1	0	15	0
           516	2023-06-07 19:26:22	1	0	1	0
           492	2023-06-07 19:26:30	1	0	1	0
            45	2023-06-07 20:44:59	1	0	15	0
           305	2023-06-07 22:00:09	1	0	1	0
           124	2023-06-07 23:03:55	1	0	15	0
           567	2023-06-08 05:20:44	1	0	15	0
           381	2023-06-08 05:41:40	1	0	1	0
           395	2023-06-08 05:57:50	1	0	1	0
           574	2023-06-08 05:58:21	1	0	1	0
           337	2023-06-08 05:59:44	1	0	1	0
           387	2023-06-08 06:28:23	1	0	15	0
           224	2023-06-08 06:29:06	1	0	15	0
           119	2023-06-08 06:29:16	1	0	15	0
           422	2023-06-08 06:30:40	1	0	1	0
            58	2023-06-08 06:31:40	1	0	1	0
           385	2023-06-08 06:36:40	1	0	1	0
           582	2023-06-08 06:39:13	1	0	1	0
           114	2023-06-08 06:44:54	1	0	1	0
           314	2023-06-08 06:48:39	1	0	1	0
           425	2023-06-08 06:54:53	1	0	1	0
            70	2023-06-08 06:55:35	1	0	1	0
           511	2023-06-08 06:57:16	1	0	1	0
           581	2023-06-08 06:57:41	1	0	1	0
           366	2023-06-08 06:59:08	1	0	1	0
           576	2023-06-08 06:59:21	1	0	1	0
           360	2023-06-08 07:03:05	1	0	1	0
           559	2023-06-08 07:03:22	1	0	1	0
            37	2023-06-08 07:03:33	1	0	1	0
           546	2023-06-08 07:05:08	1	0	1	0
            77	2023-06-08 07:06:40	1	0	1	0
           398	2023-06-08 07:07:39	1	0	1	0
           184	2023-06-08 07:12:41	1	0	1	0
           146	2023-06-08 07:12:47	1	0	15	0
           568	2023-06-08 07:12:52	1	0	1	0
           123	2023-06-08 07:13:15	1	0	1	0
           120	2023-06-08 07:13:30	1	0	1	0
           573	2023-06-08 07:15:42	1	0	1	0
            91	2023-06-08 07:16:06	1	0	1	0
           185	2023-06-08 07:16:46	1	0	15	0
           275	2023-06-08 07:17:56	1	0	1	0
           533	2023-06-08 07:18:02	1	0	1	0
           206	2023-06-08 07:18:13	1	0	15	0
           579	2023-06-08 07:18:45	1	0	1	0
           223	2023-06-08 07:19:10	1	0	1	0
           187	2023-06-08 07:20:14	1	0	1	0
           569	2023-06-08 07:21:14	1	0	1	0
           434	2023-06-08 07:23:09	1	0	1	0
           554	2023-06-08 07:23:19	1	0	1	0
           575	2023-06-08 07:23:46	1	0	1	0
           115	2023-06-08 07:26:36	1	0	15	0
           478	2023-06-08 07:26:43	1	0	15	0
           553	2023-06-08 07:26:57	1	0	1	0
           504	2023-06-08 07:27:09	1	0	1	0
           413	2023-06-08 07:27:40	1	0	4	0
            73	2023-06-08 07:28:03	1	0	1	0
           118	2023-06-08 07:28:10	1	0	1	0
            38	2023-06-08 07:28:16	1	0	1	0
           476	2023-06-08 07:29:14	1	0	15	0
           183	2023-06-08 07:31:03	1	0	15	0
           338	2023-06-08 07:31:18	1	0	1	0
           408	2023-06-08 07:32:33	1	0	15	0
           525	2023-06-08 07:33:14	1	0	1	0
           410	2023-06-08 07:33:20	1	0	15	0
           556	2023-06-08 07:33:27	1	0	1	0
           397	2023-06-08 07:33:34	1	0	1	0
           541	2023-06-08 07:34:57	1	0	15	0
           530	2023-06-08 07:35:32	1	0	1	0
            93	2023-06-08 07:36:01	1	0	15	0
           369	2023-06-08 07:36:09	1	0	1	0
           205	2023-06-08 07:36:18	1	0	1	0
           492	2023-06-08 07:36:26	1	0	1	0
           379	2023-06-08 07:38:05	1	0	1	0
            88	2023-06-08 07:38:18	1	0	15	0
           374	2023-06-08 07:38:24	1	0	1	0
            69	2023-06-08 07:38:29	1	0	1	0
           516	2023-06-08 07:38:34	1	0	1	0
            27	2023-06-08 07:38:53	1	0	1	0
           453	2023-06-08 07:39:00	1	0	1	0
           348	2023-06-08 07:39:11	1	0	1	0
           149	2023-06-08 07:39:32	1	0	15	0
           557	2023-06-08 07:39:45	1	0	1	0
           473	2023-06-08 07:39:51	1	0	1	0
           355	2023-06-08 07:40:33	1	0	1	0
           114	2023-06-08 07:40:53	1	0	1	0
           571	2023-06-08 07:41:26	1	0	1	0
           101	2023-06-08 07:42:08	1	0	1	0
           444	2023-06-08 07:42:15	1	0	1	0
           404	2023-06-08 07:43:22	1	0	1	0
           105	2023-06-08 07:43:28	1	0	1	0
           259	2023-06-08 07:43:39	1	0	15	0
           236	2023-06-08 07:44:43	1	0	1	0
           465	2023-06-08 07:45:19	1	0	15	0
           502	2023-06-08 07:45:38	1	0	1	0
           350	2023-06-08 07:45:50	1	0	1	0
            45	2023-06-08 07:46:32	1	0	15	0
            48	2023-06-08 07:47:34	1	0	1	0
            83	2023-06-08 07:47:40	1	0	1	0
           493	2023-06-08 07:47:47	1	0	1	0
           401	2023-06-08 07:47:57	1	0	15	0
           527	2023-06-08 07:48:26	1	0	1	0
           551	2023-06-08 07:48:32	1	0	1	0
           181	2023-06-08 07:50:22	1	0	1	0
            87	2023-06-08 07:50:26	1	0	15	0
           536	2023-06-08 07:50:37	1	0	1	0
           572	2023-06-08 07:51:22	1	0	1	0
           145	2023-06-08 07:52:14	1	0	1	0
           513	2023-06-08 07:52:22	1	0	1	0
           132	2023-06-08 07:52:47	1	0	15	0
           142	2023-06-08 07:52:56	1	0	15	0
           182	2023-06-08 07:53:04	1	0	15	0
           363	2023-06-08 07:53:12	1	0	1	0
           265	2023-06-08 07:53:19	1	0	1	0
           200	2023-06-08 07:54:13	1	0	1	0
           529	2023-06-08 07:54:31	1	0	1	0
           252	2023-06-08 07:54:44	1	0	15	0
           370	2023-06-08 07:55:08	1	0	1	0
           472	2023-06-08 07:55:16	1	0	1	0
           471	2023-06-08 07:55:23	1	0	1	0
           361	2023-06-08 07:55:32	1	0	1	0
           537	2023-06-08 07:56:35	1	0	1	0
           403	2023-06-08 07:56:43	1	0	1	0
           249	2023-06-08 07:56:59	1	0	1	0
           332	2023-06-08 07:57:11	1	0	1	0
           241	2023-06-08 07:58:12	1	0	1	0
            40	2023-06-08 07:59:02	1	0	1	0
           399	2023-06-08 07:59:09	1	0	1	0
           352	2023-06-08 07:59:51	1	0	1	0
           460	2023-06-08 08:00:04	1	0	1	0
           417	2023-06-08 08:00:27	1	0	1	0
            80	2023-06-08 08:01:03	1	0	15	0
           125	2023-06-08 08:01:13	1	0	1	0
           580	2023-06-08 08:01:47	1	0	1	0
           562	2023-06-08 08:02:02	1	0	1	0
           228	2023-06-08 08:04:37	1	0	15	0
           194	2023-06-08 08:04:43	1	0	15	0
           335	2023-06-08 08:05:40	1	0	1	0
           121	2023-06-08 08:05:47	1	0	1	0
           312	2023-06-08 08:14:37	1	0	1	0
           467	2023-06-08 08:19:56	1	0	1	0
           577	2023-06-08 08:22:46	1	0	1	0
           547	2023-06-08 09:00:49	1	0	1	0
           450	2023-06-08 09:20:20	1	0	15	0
           425	2023-06-08 11:01:05	1	0	1	0
           511	2023-06-08 11:01:27	1	0	1	0
           518	2023-06-08 11:02:34	1	0	15	0
           511	2023-06-08 11:21:15	1	0	1	0
           425	2023-06-08 11:24:09	1	0	1	0
           224	2023-06-08 11:30:09	1	0	15	0
           366	2023-06-08 11:30:15	1	0	1	0
           576	2023-06-08 11:30:20	1	0	1	0
           559	2023-06-08 11:30:25	1	0	1	0
           123	2023-06-08 11:30:30	1	0	1	0
           223	2023-06-08 11:32:58	1	0	1	0
           582	2023-06-08 11:33:46	1	0	1	0
           395	2023-06-08 11:34:08	1	0	1	0
           119	2023-06-08 11:34:26	1	0	15	0
           385	2023-06-08 11:35:09	1	0	1	0
           581	2023-06-08 11:35:45	1	0	15	0
           236	2023-06-08 11:36:04	1	0	1	0
           422	2023-06-08 11:36:15	1	0	1	0
           360	2023-06-08 11:37:08	1	0	1	0
           387	2023-06-08 11:38:07	1	0	15	0
           533	2023-06-08 11:48:22	1	0	1	0
           473	2023-06-08 12:00:06	1	0	1	0
           369	2023-06-08 12:00:10	1	0	1	0
            48	2023-06-08 12:00:16	1	0	1	0
           115	2023-06-08 12:00:26	1	0	1	0
           187	2023-06-08 12:00:32	1	0	1	0
            27	2023-06-08 12:00:37	1	0	1	0
            83	2023-06-08 12:00:41	1	0	1	0
           577	2023-06-08 12:00:48	1	0	1	0
           551	2023-06-08 12:00:59	1	0	1	0
            80	2023-06-08 12:01:04	1	0	15	0
           119	2023-06-08 12:01:12	1	0	15	0
           366	2023-06-08 12:01:21	1	0	1	0
           385	2023-06-08 12:01:26	1	0	1	0
           387	2023-06-08 12:01:31	1	0	15	0
           582	2023-06-08 12:01:37	1	0	1	0
           559	2023-06-08 12:01:42	1	0	1	0
           123	2023-06-08 12:01:47	1	0	1	0
           422	2023-06-08 12:01:58	1	0	1	0
           224	2023-06-08 12:02:03	1	0	1	0
           350	2023-06-08 12:02:09	1	0	1	0
           379	2023-06-08 12:02:12	1	0	1	0
           562	2023-06-08 12:02:15	1	0	1	0
            37	2023-06-08 12:02:22	1	0	1	0
           478	2023-06-08 12:02:30	1	0	1	0
            93	2023-06-08 12:02:36	1	0	15	0
           183	2023-06-08 12:02:44	1	0	15	0
           142	2023-06-08 12:02:58	1	0	15	0
           132	2023-06-08 12:03:05	1	0	15	0
           395	2023-06-08 12:03:12	1	0	1	0
            69	2023-06-08 12:03:20	1	0	1	0
           397	2023-06-08 12:03:25	1	0	1	0
           572	2023-06-08 12:03:30	1	0	1	0
           556	2023-06-08 12:03:36	1	0	1	0
           576	2023-06-08 12:03:45	1	0	1	0
           467	2023-06-08 12:03:51	1	0	1	0
           546	2023-06-08 12:03:56	1	0	1	0
           314	2023-06-08 12:03:59	1	0	1	0
           493	2023-06-08 12:04:12	1	0	15	0
           453	2023-06-08 12:04:21	1	0	1	0
           196	2023-06-08 12:04:33	1	0	1	0
           241	2023-06-08 12:04:41	1	0	1	0
            91	2023-06-08 12:04:48	1	0	1	0
           348	2023-06-08 12:04:54	1	0	1	0
           275	2023-06-08 12:04:59	1	0	15	0
           527	2023-06-08 12:05:06	1	0	1	0
            45	2023-06-08 12:05:12	1	0	1	0
           536	2023-06-08 12:05:17	1	0	1	0
           185	2023-06-08 12:05:24	1	0	1	0
           181	2023-06-08 12:05:31	1	0	1	0
           374	2023-06-08 12:05:37	1	0	1	0
           541	2023-06-08 12:05:42	1	0	15	0
           114	2023-06-08 12:05:48	1	0	1	0
           360	2023-06-08 12:05:57	1	0	1	0
           579	2023-06-08 12:06:03	1	0	1	0
           553	2023-06-08 12:06:09	1	0	1	0
           554	2023-06-08 12:06:15	1	0	1	0
            38	2023-06-08 12:06:20	1	0	1	0
           259	2023-06-08 12:06:31	1	0	1	0
           265	2023-06-08 12:06:37	1	0	1	0
            77	2023-06-08 12:06:45	1	0	1	0
           580	2023-06-08 12:06:53	1	0	1	0
           381	2023-06-08 12:07:05	1	0	1	0
           337	2023-06-08 12:07:15	1	0	1	0
           338	2023-06-08 12:07:21	1	0	1	0
           413	2023-06-08 12:07:41	1	0	4	0
           312	2023-06-08 12:07:56	1	0	1	0
           513	2023-06-08 12:08:05	1	0	1	0
           335	2023-06-08 12:08:12	1	0	1	0
           537	2023-06-08 12:08:20	1	0	1	0
           125	2023-06-08 12:08:26	1	0	1	0
            87	2023-06-08 12:08:32	1	0	15	0
           403	2023-06-08 12:08:49	1	0	1	0
           450	2023-06-08 12:08:58	1	0	15	0
           530	2023-06-08 12:09:12	1	0	1	0
           471	2023-06-08 12:09:20	1	0	1	0
           472	2023-06-08 12:09:27	1	0	15	0
           557	2023-06-08 12:09:32	1	0	15	0
            73	2023-06-08 12:09:44	1	0	1	0
           492	2023-06-08 12:09:54	1	0	1	0
           568	2023-06-08 12:10:00	1	0	1	0
           465	2023-06-08 12:10:06	1	0	1	0
           516	2023-06-08 12:10:17	1	0	1	0
           184	2023-06-08 12:11:28	1	0	1	0
           120	2023-06-08 12:12:08	1	0	1	0
           547	2023-06-08 12:12:27	1	0	1	0
           502	2023-06-08 12:12:37	1	0	1	0
           575	2023-06-08 12:12:47	1	0	1	0
            40	2023-06-08 12:13:08	1	0	1	0
           332	2023-06-08 12:13:38	1	0	1	0
           574	2023-06-08 12:14:42	1	0	1	0
           444	2023-06-08 12:14:49	1	0	1	0
           404	2023-06-08 12:14:55	1	0	1	0
            48	2023-06-08 12:15:37	1	0	1	0
           187	2023-06-08 12:15:40	1	0	1	0
           228	2023-06-08 12:15:55	1	0	1	0
           194	2023-06-08 12:16:00	1	0	15	0
           363	2023-06-08 12:16:57	1	0	1	0
           417	2023-06-08 12:17:22	1	0	1	0
           569	2023-06-08 12:17:36	1	0	1	0
           370	2023-06-08 12:17:57	1	0	1	0
           149	2023-06-08 12:18:05	1	0	1	0
            37	2023-06-08 12:18:12	1	0	1	0
            27	2023-06-08 12:18:33	1	0	1	0
            74	2023-06-08 12:18:40	1	0	1	0
            69	2023-06-08 12:18:48	1	0	1	0
            83	2023-06-08 12:19:04	1	0	1	0
           478	2023-06-08 12:19:13	1	0	1	0
           146	2023-06-08 12:19:18	1	0	15	0
           434	2023-06-08 12:19:26	1	0	1	0
           453	2023-06-08 12:19:49	1	0	1	0
            91	2023-06-08 12:20:00	1	0	1	0
           241	2023-06-08 12:20:17	1	0	1	0
           205	2023-06-08 12:20:26	1	0	1	0
           374	2023-06-08 12:20:49	1	0	15	0
           541	2023-06-08 12:21:00	1	0	15	0
           571	2023-06-08 12:21:11	1	0	1	0
            45	2023-06-08 12:21:21	1	0	15	0
           114	2023-06-08 12:21:28	1	0	1	0
           181	2023-06-08 12:21:42	1	0	1	0
           527	2023-06-08 12:21:48	1	0	1	0
           536	2023-06-08 12:21:55	1	0	1	0
           185	2023-06-08 12:22:02	1	0	1	0
           265	2023-06-08 12:22:19	1	0	1	0
            77	2023-06-08 12:22:27	1	0	1	0
           573	2023-06-08 12:22:39	1	0	1	0
           314	2023-06-08 12:23:38	1	0	1	0
           504	2023-06-08 12:23:47	1	0	1	0
           546	2023-06-08 12:23:50	1	0	1	0
           467	2023-06-08 12:23:56	1	0	1	0
           381	2023-06-08 12:24:09	1	0	1	0
           355	2023-06-08 12:24:31	1	0	1	0
           529	2023-06-08 12:25:18	1	0	1	0
           337	2023-06-08 12:25:35	1	0	1	0
           553	2023-06-08 12:25:41	1	0	1	0
           579	2023-06-08 12:25:47	1	0	1	0
           554	2023-06-08 12:25:59	1	0	1	0
           530	2023-06-08 12:26:21	1	0	1	0
           450	2023-06-08 12:26:29	1	0	15	0
           101	2023-06-08 12:26:35	1	0	1	0
           492	2023-06-08 12:27:04	1	0	1	0
           516	2023-06-08 12:27:08	1	0	1	0
           580	2023-06-08 12:27:24	1	0	1	0
           568	2023-06-08 12:27:46	1	0	1	0
           547	2023-06-08 12:28:13	1	0	1	0
           502	2023-06-08 12:28:21	1	0	1	0
           575	2023-06-08 12:28:30	1	0	1	0
           361	2023-06-08 12:28:35	1	0	1	0
           473	2023-06-08 12:29:07	1	0	1	0
           465	2023-06-08 12:29:17	1	0	1	0
           403	2023-06-08 12:29:22	1	0	1	0
           335	2023-06-08 12:29:55	1	0	1	0
           397	2023-06-08 12:32:45	1	0	1	0
           572	2023-06-08 12:32:50	1	0	1	0
           252	2023-06-08 12:33:12	1	0	15	0
           182	2023-06-08 12:33:58	1	0	1	0
           525	2023-06-08 12:34:04	1	0	1	0
           562	2023-06-08 12:34:18	1	0	1	0
           275	2023-06-08 12:35:06	1	0	1	0
            74	2023-06-08 12:35:32	1	0	1	0
           471	2023-06-08 12:36:00	1	0	1	0
            88	2023-06-08 12:36:05	1	0	15	0
           557	2023-06-08 12:36:14	1	0	15	0
           118	2023-06-08 12:36:22	1	0	15	0
           472	2023-06-08 12:36:28	1	0	15	0
            93	2023-06-08 12:36:34	1	0	15	0
           206	2023-06-08 12:36:49	1	0	15	0
            73	2023-06-08 12:37:04	1	0	1	0
            40	2023-06-08 12:37:55	1	0	1	0
           228	2023-06-08 12:38:24	1	0	15	0
           194	2023-06-08 12:38:31	1	0	15	0
           537	2023-06-08 12:38:48	1	0	1	0
           125	2023-06-08 12:38:55	1	0	1	0
           513	2023-06-08 12:39:02	1	0	1	0
           121	2023-06-08 12:39:06	1	0	1	0
           249	2023-06-08 12:39:16	1	0	1	0
           312	2023-06-08 12:39:29	1	0	1	0
            38	2023-06-08 12:39:55	1	0	1	0
           574	2023-06-08 12:40:29	1	0	1	0
           551	2023-06-08 12:40:57	1	0	1	0
            80	2023-06-08 12:41:10	1	0	15	0
           149	2023-06-08 12:41:23	1	0	1	0
           145	2023-06-08 12:41:28	1	0	1	0
           401	2023-06-08 12:41:39	1	0	15	0
           504	2023-06-08 12:41:44	1	0	1	0
           573	2023-06-08 12:41:50	1	0	1	0
           348	2023-06-08 12:42:02	1	0	15	0
           399	2023-06-08 12:42:15	1	0	1	0
           105	2023-06-08 12:43:37	1	0	1	0
           361	2023-06-08 12:43:57	1	0	1	0
           101	2023-06-08 12:44:05	1	0	1	0
           413	2023-06-08 12:44:12	1	0	4	0
           569	2023-06-08 12:44:26	1	0	1	0
           120	2023-06-08 12:46:38	1	0	1	0
           529	2023-06-08 12:47:55	1	0	1	0
           444	2023-06-08 12:48:08	1	0	1	0
           355	2023-06-08 12:48:14	1	0	1	0
           252	2023-06-08 12:49:46	1	0	15	0
           332	2023-06-08 12:50:16	1	0	1	0
           146	2023-06-08 12:50:30	1	0	15	0
           184	2023-06-08 12:50:36	1	0	1	0
            88	2023-06-08 12:51:30	1	0	15	0
           350	2023-06-08 12:51:51	1	0	1	0
           142	2023-06-08 12:52:37	1	0	1	0
           132	2023-06-08 12:52:42	1	0	15	0
           223	2023-06-08 12:52:47	1	0	1	0
           182	2023-06-08 12:53:21	1	0	15	0
            87	2023-06-08 12:53:28	1	0	15	0
           379	2023-06-08 12:53:35	1	0	1	0
           434	2023-06-08 12:54:03	1	0	1	0
           533	2023-06-08 12:54:10	1	0	1	0
           121	2023-06-08 12:56:04	1	0	1	0
           206	2023-06-08 12:56:22	1	0	1	0
           118	2023-06-08 12:56:26	1	0	1	0
           401	2023-06-08 12:56:43	1	0	15	0
           145	2023-06-08 12:57:09	1	0	1	0
           249	2023-06-08 12:57:17	1	0	1	0
           525	2023-06-08 12:57:22	1	0	1	0
           460	2023-06-08 13:00:17	1	0	1	0
           236	2023-06-08 13:02:30	1	0	1	0
           369	2023-06-08 13:09:11	1	0	1	0
           305	2023-06-08 13:36:29	1	0	1	0
           460	2023-06-08 13:40:18	1	0	1	0
           567	2023-06-08 14:05:44	1	0	15	0
           418	2023-06-08 14:31:16	1	0	15	0
            70	2023-06-08 15:00:53	1	0	1	0
           511	2023-06-08 16:02:02	1	0	1	0
           425	2023-06-08 16:06:27	1	0	1	0
           399	2023-06-08 17:00:06	1	0	1	0
            58	2023-06-08 17:00:59	1	0	1	0
           387	2023-06-08 17:01:09	1	0	15	0
           422	2023-06-08 17:01:15	1	0	1	0
            48	2023-06-08 17:01:22	1	0	1	0
           115	2023-06-08 17:01:31	1	0	1	0
           120	2023-06-08 17:01:43	1	0	1	0
           471	2023-06-08 17:01:49	1	0	1	0
           472	2023-06-08 17:01:59	1	0	1	0
            74	2023-06-08 17:02:05	1	0	1	0
           101	2023-06-08 17:02:11	1	0	1	0
           369	2023-06-08 17:02:15	1	0	1	0
           149	2023-06-08 17:02:32	1	0	1	0
           241	2023-06-08 17:02:37	1	0	1	0
            37	2023-06-08 17:02:44	1	0	1	0
           379	2023-06-08 17:02:47	1	0	1	0
           562	2023-06-08 17:02:51	1	0	1	0
           536	2023-06-08 17:02:56	1	0	1	0
           185	2023-06-08 17:03:03	1	0	1	0
           527	2023-06-08 17:03:09	1	0	1	0
           572	2023-06-08 17:03:15	1	0	1	0
           265	2023-06-08 17:03:18	1	0	1	0
           397	2023-06-08 17:03:21	1	0	1	0
           410	2023-06-08 17:03:30	1	0	15	0
           196	2023-06-08 17:03:47	1	0	1	0
           478	2023-06-08 17:03:53	1	0	1	0
           533	2023-06-08 17:03:59	1	0	1	0
            91	2023-06-08 17:04:05	1	0	1	0
           559	2023-06-08 17:04:09	1	0	1	0
           571	2023-06-08 17:04:16	1	0	1	0
           366	2023-06-08 17:04:23	1	0	1	0
           223	2023-06-08 17:04:32	1	0	1	0
           576	2023-06-08 17:04:39	1	0	1	0
            77	2023-06-08 17:04:44	1	0	1	0
           123	2023-06-08 17:04:52	1	0	1	0
           582	2023-06-08 17:04:58	1	0	1	0
           352	2023-06-08 17:05:04	1	0	1	0
            38	2023-06-08 17:05:10	1	0	1	0
           385	2023-06-08 17:05:21	1	0	1	0
           476	2023-06-08 17:05:25	1	0	1	0
           224	2023-06-08 17:05:37	1	0	1	0
           350	2023-06-08 17:05:42	1	0	1	0
           580	2023-06-08 17:05:47	1	0	1	0
           413	2023-06-08 17:05:51	1	0	4	0
           187	2023-06-08 17:06:01	1	0	1	0
           529	2023-06-08 17:06:07	1	0	1	0
           573	2023-06-08 17:06:19	1	0	1	0
           361	2023-06-08 17:06:59	1	0	1	0
           363	2023-06-08 17:07:06	1	0	1	0
           417	2023-06-08 17:07:23	1	0	1	0
           551	2023-06-08 17:07:30	1	0	1	0
           530	2023-06-08 17:07:37	1	0	1	0
           450	2023-06-08 17:07:43	1	0	15	0
           337	2023-06-08 17:07:53	1	0	1	0
           547	2023-06-08 17:08:17	1	0	1	0
           513	2023-06-08 17:08:23	1	0	1	0
            93	2023-06-08 17:10:11	1	0	15	0
           569	2023-06-08 17:10:18	1	0	1	0
           121	2023-06-08 17:10:47	1	0	1	0
           249	2023-06-08 17:10:59	1	0	1	0
           568	2023-06-08 17:11:06	1	0	1	0
           546	2023-06-08 17:11:13	1	0	1	0
           119	2023-06-08 17:11:31	1	0	15	0
           194	2023-06-08 17:12:24	1	0	15	0
           259	2023-06-08 17:12:47	1	0	15	0
           228	2023-06-08 17:12:59	1	0	15	0
           370	2023-06-08 17:13:20	1	0	1	0
           579	2023-06-08 17:13:26	1	0	1	0
           374	2023-06-08 17:13:35	1	0	1	0
           434	2023-06-08 17:13:41	1	0	1	0
           181	2023-06-08 17:13:47	1	0	1	0
           360	2023-06-08 17:13:56	1	0	1	0
           125	2023-06-08 17:14:01	1	0	1	0
           236	2023-06-08 17:14:10	1	0	1	0
           502	2023-06-08 17:14:28	1	0	1	0
           114	2023-06-08 17:14:35	1	0	1	0
           252	2023-06-08 17:16:09	1	0	15	0
           467	2023-06-08 17:16:37	1	0	1	0
           314	2023-06-08 17:16:43	1	0	1	0
           541	2023-06-08 17:16:51	1	0	15	0
           335	2023-06-08 17:17:31	1	0	1	0
           554	2023-06-08 17:17:48	1	0	1	0
           553	2023-06-08 17:17:52	1	0	1	0
           142	2023-06-08 17:18:25	1	0	15	0
            73	2023-06-08 17:19:06	1	0	1	0
           132	2023-06-08 17:19:48	1	0	15	0
           401	2023-06-08 17:20:04	1	0	15	0
            69	2023-06-08 17:20:24	1	0	1	0
           105	2023-06-08 17:20:49	1	0	1	0
           574	2023-06-08 17:21:17	1	0	1	0
           332	2023-06-08 17:21:24	1	0	1	0
           381	2023-06-08 17:22:14	1	0	1	0
           408	2023-06-08 17:24:57	1	0	1	0
           200	2023-06-08 17:26:42	1	0	1	0
           444	2023-06-08 17:26:48	1	0	1	0
           516	2023-06-08 17:27:32	1	0	1	0
            80	2023-06-08 17:29:26	1	0	15	0
           145	2023-06-08 17:32:06	1	0	1	0
           348	2023-06-08 17:32:18	1	0	1	0
           275	2023-06-08 17:32:25	1	0	1	0
            27	2023-06-08 17:33:11	1	0	1	0
            88	2023-06-08 17:34:21	1	0	15	0
           453	2023-06-08 17:35:34	1	0	1	0
           338	2023-06-08 17:38:46	1	0	1	0
            87	2023-06-08 17:42:43	1	0	15	0
           398	2023-06-08 17:46:35	1	0	1	0
           312	2023-06-08 17:47:50	1	0	1	0
           183	2023-06-08 17:48:59	1	0	15	0
            83	2023-06-08 17:51:38	1	0	1	0
           460	2023-06-08 18:01:35	1	0	1	0
           355	2023-06-08 18:01:49	1	0	15	0
           403	2023-06-08 18:08:18	1	0	1	0
           395	2023-06-08 18:13:08	1	0	1	0
           575	2023-06-08 18:21:23	1	0	1	0
           557	2023-06-08 18:26:05	1	0	15	0
           473	2023-06-08 18:27:22	1	0	1	0
            40	2023-06-08 18:30:32	1	0	1	0
           492	2023-06-08 19:17:19	1	0	1	0
           146	2023-06-08 19:54:04	1	0	15	0
           184	2023-06-08 19:54:10	1	0	1	0
           504	2023-06-08 19:57:18	1	0	1	0
           465	2023-06-08 20:28:32	1	0	1	0
           205	2023-06-08 20:28:43	1	0	15	0
           124	2023-06-08 21:53:08	1	0	15	0
            45	2023-06-08 21:58:28	1	0	15	0
           305	2023-06-08 22:00:06	1	0	1	0
           182	2023-06-08 22:04:12	1	0	15	0
           206	2023-06-08 22:10:46	1	0	1	0
           118	2023-06-08 22:10:51	1	0	1	0
           418	2023-06-08 23:00:27	1	0	15	0
           395	2023-06-09 05:59:34	1	0	1	0
            70	2023-06-09 06:02:51	1	0	1	0
           124	2023-06-09 06:03:57	1	0	15	0
           337	2023-06-09 06:09:44	1	0	1	0
           196	2023-06-09 06:11:41	1	0	1	0
           119	2023-06-09 06:11:50	1	0	15	0
           385	2023-06-09 06:13:53	1	0	1	0
           387	2023-06-09 06:21:16	1	0	15	0
           224	2023-06-09 06:22:06	1	0	15	0
            58	2023-06-09 06:30:35	1	0	1	0
           422	2023-06-09 06:37:48	1	0	1	0
           511	2023-06-09 06:51:01	1	0	1	0
           582	2023-06-09 06:53:00	1	0	1	0
           381	2023-06-09 06:54:19	1	0	1	0
           314	2023-06-09 06:56:03	1	0	1	0
           574	2023-06-09 06:56:28	1	0	1	0
            77	2023-06-09 06:56:46	1	0	1	0
           425	2023-06-09 06:57:33	1	0	1	0
           569	2023-06-09 06:57:43	1	0	1	0
           566	2023-06-09 07:01:25	1	0	1	0
           581	2023-06-09 07:01:31	1	0	1	0
           546	2023-06-09 07:03:25	1	0	1	0
            91	2023-06-09 07:05:24	1	0	1	0
           185	2023-06-09 07:05:43	1	0	1	0
           223	2023-06-09 07:13:03	1	0	1	0
           259	2023-06-09 07:13:15	1	0	15	0
           114	2023-06-09 07:13:30	1	0	1	0
           554	2023-06-09 07:13:48	1	0	1	0
           366	2023-06-09 07:14:08	1	0	1	0
           184	2023-06-09 07:14:38	1	0	1	0
           146	2023-06-09 07:14:45	1	0	15	0
           533	2023-06-09 07:16:05	1	0	1	0
           579	2023-06-09 07:17:02	1	0	1	0
           123	2023-06-09 07:17:36	1	0	1	0
           120	2023-06-09 07:17:54	1	0	1	0
           460	2023-06-09 07:18:12	1	0	1	0
           360	2023-06-09 07:18:46	1	0	1	0
           413	2023-06-09 07:19:58	1	0	4	0
           205	2023-06-09 07:22:21	1	0	1	0
           206	2023-06-09 07:22:30	1	0	1	0
           275	2023-06-09 07:22:35	1	0	1	0
           553	2023-06-09 07:23:19	1	0	1	0
           493	2023-06-09 07:23:32	1	0	1	0
            88	2023-06-09 07:27:32	1	0	15	0
           149	2023-06-09 07:27:41	1	0	15	0
            37	2023-06-09 07:28:53	1	0	1	0
           504	2023-06-09 07:29:28	1	0	1	0
           492	2023-06-09 07:29:51	1	0	1	0
            27	2023-06-09 07:30:54	1	0	1	0
           348	2023-06-09 07:31:01	1	0	1	0
           453	2023-06-09 07:31:15	1	0	1	0
            38	2023-06-09 07:31:34	1	0	1	0
            73	2023-06-09 07:31:51	1	0	1	0
           559	2023-06-09 07:32:18	1	0	1	0
           573	2023-06-09 07:32:54	1	0	1	0
           434	2023-06-09 07:33:02	1	0	1	0
           397	2023-06-09 07:33:25	1	0	1	0
           541	2023-06-09 07:35:01	1	0	1	0
           355	2023-06-09 07:35:26	1	0	1	0
           476	2023-06-09 07:35:59	1	0	1	0
           516	2023-06-09 07:38:44	1	0	1	0
           556	2023-06-09 07:38:51	1	0	1	0
           568	2023-06-09 07:39:21	1	0	1	0
           115	2023-06-09 07:39:35	1	0	15	0
           236	2023-06-09 07:40:33	1	0	1	0
            69	2023-06-09 07:40:58	1	0	1	0
            48	2023-06-09 07:41:51	1	0	1	0
           417	2023-06-09 07:42:01	1	0	1	0
            66	2023-06-09 07:42:23	1	0	15	0
           187	2023-06-09 07:42:36	1	0	1	0
           374	2023-06-09 07:42:43	1	0	1	0
           513	2023-06-09 07:42:54	1	0	1	0
           145	2023-06-09 07:44:16	1	0	1	0
           444	2023-06-09 07:44:23	1	0	1	0
           530	2023-06-09 07:44:55	1	0	1	0
           265	2023-06-09 07:45:28	1	0	15	0
           551	2023-06-09 07:45:58	1	0	1	0
           101	2023-06-09 07:46:03	1	0	1	0
           350	2023-06-09 07:46:30	1	0	1	0
           450	2023-06-09 07:46:50	1	0	15	0
            87	2023-06-09 07:46:56	1	0	15	0
           118	2023-06-09 07:47:24	1	0	1	0
           580	2023-06-09 07:47:30	1	0	1	0
            45	2023-06-09 07:47:44	1	0	15	0
           370	2023-06-09 07:48:43	1	0	1	0
           408	2023-06-09 07:48:49	1	0	1	0
           536	2023-06-09 07:49:49	1	0	15	0
           547	2023-06-09 07:50:08	1	0	1	0
           465	2023-06-09 07:50:17	1	0	1	0
           537	2023-06-09 07:50:28	1	0	1	0
           331	2023-06-09 07:50:34	1	0	1	0
           557	2023-06-09 07:50:41	1	0	1	0
           142	2023-06-09 07:50:48	1	0	1	0
           132	2023-06-09 07:50:55	1	0	15	0
           473	2023-06-09 07:51:01	1	0	1	0
           527	2023-06-09 07:51:06	1	0	1	0
           478	2023-06-09 07:51:22	1	0	15	0
           562	2023-06-09 07:51:26	1	0	1	0
           404	2023-06-09 07:51:30	1	0	1	0
           105	2023-06-09 07:51:40	1	0	1	0
           182	2023-06-09 07:51:47	1	0	15	0
           399	2023-06-09 07:51:57	1	0	1	0
           379	2023-06-09 07:52:10	1	0	1	0
           352	2023-06-09 07:52:15	1	0	1	0
           338	2023-06-09 07:52:21	1	0	1	0
           575	2023-06-09 07:52:28	1	0	1	0
           200	2023-06-09 07:53:54	1	0	1	0
           125	2023-06-09 07:55:10	1	0	1	0
           194	2023-06-09 07:55:18	1	0	15	0
           228	2023-06-09 07:55:31	1	0	1	0
           401	2023-06-09 07:55:38	1	0	15	0
           363	2023-06-09 07:55:47	1	0	1	0
           332	2023-06-09 07:56:00	1	0	1	0
           472	2023-06-09 07:56:06	1	0	1	0
           471	2023-06-09 07:56:14	1	0	1	0
            80	2023-06-09 07:57:02	1	0	15	0
           361	2023-06-09 07:57:08	1	0	15	0
           252	2023-06-09 07:57:32	1	0	15	0
           181	2023-06-09 07:58:59	1	0	1	0
           241	2023-06-09 07:59:04	1	0	1	0
           467	2023-06-09 07:59:53	1	0	1	0
           410	2023-06-09 08:00:33	1	0	15	0
           572	2023-06-09 08:01:19	1	0	1	0
           375	2023-06-09 08:03:08	1	0	1	0
            40	2023-06-09 08:03:45	1	0	1	0
           398	2023-06-09 08:05:23	1	0	1	0
           249	2023-06-09 08:05:30	1	0	1	0
           312	2023-06-09 08:07:18	1	0	1	0
           529	2023-06-09 08:07:27	1	0	1	0
           369	2023-06-09 08:16:27	1	0	1	0
           121	2023-06-09 08:17:49	1	0	1	0
           525	2023-06-09 08:39:24	1	0	1	0
           571	2023-06-09 08:42:19	1	0	1	0
           577	2023-06-09 09:56:51	1	0	1	0
           425	2023-06-09 11:12:59	1	0	1	0
           387	2023-06-09 11:30:07	1	0	15	0
           224	2023-06-09 11:30:12	1	0	15	0
           360	2023-06-09 11:30:28	1	0	1	0
           559	2023-06-09 11:30:31	1	0	1	0
           223	2023-06-09 11:30:42	1	0	15	0
           422	2023-06-09 11:31:00	1	0	1	0
           582	2023-06-09 11:31:06	1	0	1	0
           236	2023-06-09 11:31:17	1	0	1	0
           123	2023-06-09 11:31:23	1	0	1	0
           533	2023-06-09 11:31:34	1	0	1	0
           581	2023-06-09 11:31:41	1	0	1	0
           566	2023-06-09 11:31:54	1	0	1	0
           366	2023-06-09 11:32:02	1	0	1	0
           385	2023-06-09 11:33:38	1	0	1	0
           196	2023-06-09 11:36:18	1	0	1	0
           425	2023-06-09 11:37:04	1	0	1	0
           562	2023-06-09 12:00:04	1	0	1	0
           366	2023-06-09 12:00:12	1	0	1	0
           556	2023-06-09 12:00:17	1	0	1	0
           398	2023-06-09 12:00:23	1	0	1	0
           422	2023-06-09 12:00:29	1	0	1	0
           387	2023-06-09 12:00:37	1	0	15	0
           450	2023-06-09 12:00:43	1	0	15	0
           569	2023-06-09 12:00:48	1	0	1	0
           478	2023-06-09 12:00:56	1	0	1	0
           513	2023-06-09 12:01:02	1	0	1	0
           224	2023-06-09 12:01:16	1	0	1	0
           149	2023-06-09 12:01:20	1	0	1	0
           379	2023-06-09 12:01:29	1	0	1	0
           123	2023-06-09 12:01:35	1	0	1	0
           348	2023-06-09 12:01:43	1	0	1	0
           350	2023-06-09 12:01:47	1	0	1	0
           397	2023-06-09 12:01:54	1	0	1	0
            37	2023-06-09 12:02:00	1	0	1	0
           572	2023-06-09 12:02:06	1	0	1	0
           568	2023-06-09 12:02:12	1	0	1	0
           241	2023-06-09 12:02:17	1	0	1	0
           571	2023-06-09 12:02:22	1	0	1	0
            80	2023-06-09 12:02:28	1	0	15	0
           551	2023-06-09 12:02:42	1	0	1	0
           360	2023-06-09 12:02:50	1	0	1	0
            77	2023-06-09 12:03:00	1	0	1	0
            27	2023-06-09 12:03:08	1	0	1	0
           493	2023-06-09 12:03:14	1	0	1	0
           453	2023-06-09 12:03:30	1	0	1	0
           252	2023-06-09 12:03:36	1	0	15	0
           249	2023-06-09 12:03:43	1	0	1	0
           121	2023-06-09 12:03:50	1	0	1	0
           434	2023-06-09 12:04:00	1	0	15	0
           557	2023-06-09 12:04:06	1	0	1	0
           471	2023-06-09 12:04:13	1	0	1	0
           355	2023-06-09 12:04:18	1	0	1	0
           472	2023-06-09 12:04:22	1	0	1	0
           473	2023-06-09 12:04:28	1	0	1	0
           132	2023-06-09 12:04:36	1	0	15	0
           142	2023-06-09 12:04:42	1	0	1	0
           259	2023-06-09 12:04:49	1	0	15	0
           381	2023-06-09 12:04:59	1	0	1	0
           504	2023-06-09 12:05:15	1	0	1	0
           573	2023-06-09 12:05:19	1	0	1	0
           146	2023-06-09 12:05:27	1	0	15	0
           547	2023-06-09 12:05:31	1	0	1	0
            91	2023-06-09 12:05:38	1	0	1	0
           537	2023-06-09 12:05:46	1	0	1	0
           125	2023-06-09 12:05:52	1	0	1	0
           577	2023-06-09 12:06:01	1	0	1	0
           511	2023-06-09 12:06:06	1	0	1	0
           580	2023-06-09 12:06:12	1	0	1	0
           369	2023-06-09 12:06:17	1	0	1	0
            38	2023-06-09 12:06:29	1	0	1	0
           115	2023-06-09 12:06:59	1	0	1	0
           185	2023-06-09 12:07:17	1	0	1	0
           181	2023-06-09 12:07:21	1	0	1	0
           527	2023-06-09 12:07:27	1	0	1	0
           536	2023-06-09 12:07:33	1	0	1	0
           105	2023-06-09 12:07:44	1	0	1	0
           196	2023-06-09 12:07:52	1	0	1	0
           385	2023-06-09 12:07:57	1	0	1	0
           516	2023-06-09 12:08:20	1	0	1	0
           492	2023-06-09 12:08:24	1	0	1	0
            87	2023-06-09 12:08:28	1	0	15	0
            48	2023-06-09 12:09:14	1	0	1	0
           187	2023-06-09 12:09:21	1	0	1	0
           525	2023-06-09 12:09:25	1	0	1	0
           332	2023-06-09 12:09:57	1	0	1	0
            66	2023-06-09 12:10:05	1	0	15	0
           101	2023-06-09 12:10:22	1	0	1	0
           194	2023-06-09 12:11:51	1	0	15	0
            45	2023-06-09 12:12:04	1	0	15	0
           184	2023-06-09 12:12:17	1	0	1	0
           530	2023-06-09 12:12:29	1	0	1	0
            73	2023-06-09 12:13:15	1	0	1	0
           582	2023-06-09 12:13:24	1	0	1	0
            69	2023-06-09 12:13:36	1	0	1	0
           228	2023-06-09 12:14:09	1	0	15	0
           265	2023-06-09 12:14:37	1	0	1	0
           575	2023-06-09 12:14:41	1	0	1	0
           114	2023-06-09 12:14:47	1	0	1	0
           465	2023-06-09 12:14:56	1	0	1	0
           579	2023-06-09 12:15:13	1	0	1	0
           546	2023-06-09 12:15:21	1	0	1	0
           467	2023-06-09 12:15:28	1	0	1	0
           314	2023-06-09 12:15:35	1	0	1	0
           337	2023-06-09 12:15:46	1	0	1	0
           374	2023-06-09 12:15:53	1	0	15	0
           541	2023-06-09 12:16:00	1	0	15	0
           553	2023-06-09 12:16:14	1	0	1	0
           554	2023-06-09 12:16:19	1	0	1	0
           205	2023-06-09 12:16:24	1	0	1	0
           529	2023-06-09 12:16:36	1	0	1	0
           149	2023-06-09 12:16:46	1	0	1	0
           513	2023-06-09 12:17:06	1	0	1	0
           556	2023-06-09 12:17:11	1	0	1	0
           478	2023-06-09 12:17:23	1	0	15	0
           338	2023-06-09 12:17:25	1	0	1	0
            37	2023-06-09 12:17:52	1	0	1	0
           241	2023-06-09 12:19:05	1	0	1	0
           331	2023-06-09 12:19:09	1	0	1	0
           571	2023-06-09 12:19:15	1	0	1	0
           562	2023-06-09 12:19:26	1	0	1	0
            27	2023-06-09 12:19:33	1	0	1	0
           493	2023-06-09 12:19:37	1	0	1	0
           453	2023-06-09 12:19:47	1	0	1	0
           450	2023-06-09 12:20:03	1	0	15	0
           200	2023-06-09 12:20:10	1	0	1	0
           568	2023-06-09 12:20:23	1	0	1	0
            77	2023-06-09 12:20:59	1	0	1	0
            91	2023-06-09 12:21:05	1	0	1	0
           573	2023-06-09 12:21:21	1	0	1	0
           504	2023-06-09 12:21:26	1	0	15	0
           471	2023-06-09 12:21:31	1	0	1	0
           557	2023-06-09 12:21:36	1	0	1	0
           472	2023-06-09 12:21:41	1	0	1	0
           473	2023-06-09 12:21:50	1	0	1	0
            38	2023-06-09 12:22:21	1	0	1	0
           120	2023-06-09 12:22:46	1	0	1	0
           527	2023-06-09 12:23:06	1	0	1	0
           536	2023-06-09 12:23:11	1	0	1	0
           185	2023-06-09 12:23:16	1	0	1	0
           181	2023-06-09 12:23:22	1	0	1	0
           399	2023-06-09 12:24:33	1	0	1	0
            87	2023-06-09 12:24:49	1	0	15	0
           332	2023-06-09 12:26:35	1	0	1	0
           118	2023-06-09 12:26:42	1	0	1	0
           206	2023-06-09 12:26:49	1	0	1	0
           361	2023-06-09 12:27:33	1	0	1	0
           182	2023-06-09 12:27:46	1	0	15	0
           252	2023-06-09 12:27:54	1	0	15	0
           580	2023-06-09 12:28:22	1	0	1	0
           569	2023-06-09 12:29:29	1	0	1	0
           530	2023-06-09 12:29:35	1	0	1	0
           275	2023-06-09 12:29:44	1	0	1	0
            88	2023-06-09 12:29:53	1	0	15	0
           370	2023-06-09 12:29:58	1	0	1	0
           379	2023-06-09 12:30:05	1	0	1	0
           492	2023-06-09 12:31:12	1	0	1	0
           516	2023-06-09 12:31:16	1	0	1	0
           337	2023-06-09 12:31:39	1	0	1	0
            45	2023-06-09 12:31:46	1	0	15	0
            69	2023-06-09 12:32:18	1	0	1	0
           579	2023-06-09 12:32:36	1	0	1	0
           553	2023-06-09 12:32:40	1	0	1	0
           467	2023-06-09 12:32:45	1	0	1	0
           546	2023-06-09 12:32:48	1	0	1	0
           374	2023-06-09 12:32:55	1	0	15	0
           314	2023-06-09 12:33:03	1	0	1	0
           114	2023-06-09 12:33:09	1	0	1	0
           554	2023-06-09 12:33:16	1	0	1	0
           265	2023-06-09 12:33:28	1	0	1	0
           381	2023-06-09 12:33:43	1	0	1	0
           375	2023-06-09 12:34:59	1	0	1	0
           363	2023-06-09 12:35:04	1	0	1	0
           417	2023-06-09 12:35:12	1	0	1	0
           121	2023-06-09 12:36:06	1	0	1	0
           541	2023-06-09 12:36:11	1	0	1	0
           145	2023-06-09 12:36:21	1	0	1	0
           249	2023-06-09 12:36:27	1	0	1	0
           401	2023-06-09 12:36:41	1	0	15	0
           228	2023-06-09 12:36:47	1	0	15	0
           575	2023-06-09 12:37:07	1	0	1	0
           259	2023-06-09 12:37:15	1	0	15	0
           369	2023-06-09 12:37:48	1	0	1	0
           547	2023-06-09 12:37:53	1	0	1	0
           404	2023-06-09 12:38:19	1	0	1	0
           574	2023-06-09 12:38:22	1	0	1	0
           413	2023-06-09 12:38:25	1	0	4	0
           529	2023-06-09 12:38:29	1	0	15	0
           444	2023-06-09 12:38:37	1	0	1	0
           194	2023-06-09 12:38:41	1	0	15	0
            40	2023-06-09 12:41:07	1	0	1	0
           355	2023-06-09 12:41:33	1	0	1	0
           566	2023-06-09 12:41:45	1	0	1	0
           581	2023-06-09 12:41:48	1	0	1	0
           361	2023-06-09 12:43:44	1	0	1	0
            74	2023-06-09 12:44:26	1	0	1	0
           434	2023-06-09 12:44:42	1	0	15	0
           399	2023-06-09 12:45:30	1	0	1	0
           184	2023-06-09 12:46:21	1	0	1	0
           146	2023-06-09 12:46:25	1	0	15	0
           397	2023-06-09 12:47:10	1	0	1	0
           572	2023-06-09 12:47:14	1	0	1	0
           182	2023-06-09 12:47:37	1	0	15	0
           206	2023-06-09 12:48:25	1	0	1	0
           118	2023-06-09 12:48:32	1	0	1	0
           537	2023-06-09 12:48:38	1	0	1	0
           125	2023-06-09 12:48:47	1	0	1	0
           375	2023-06-09 12:50:05	1	0	1	0
           363	2023-06-09 12:50:12	1	0	1	0
           417	2023-06-09 12:50:23	1	0	1	0
            88	2023-06-09 12:50:33	1	0	15	0
           275	2023-06-09 12:50:38	1	0	15	0
           370	2023-06-09 12:50:44	1	0	1	0
           132	2023-06-09 12:50:52	1	0	15	0
           142	2023-06-09 12:50:59	1	0	15	0
           145	2023-06-09 12:51:22	1	0	1	0
           577	2023-06-09 12:52:09	1	0	1	0
           350	2023-06-09 12:52:45	1	0	1	0
           413	2023-06-09 12:54:08	1	0	4	0
           236	2023-06-09 12:54:50	1	0	1	0
           574	2023-06-09 12:55:18	1	0	1	0
           444	2023-06-09 12:55:38	1	0	1	0
           404	2023-06-09 12:55:41	1	0	1	0
           331	2023-06-09 12:56:25	1	0	1	0
           533	2023-06-09 12:56:41	1	0	1	0
           223	2023-06-09 12:57:14	1	0	1	0
            40	2023-06-09 13:00:50	1	0	1	0
           460	2023-06-09 13:01:15	1	0	1	0
           418	2023-06-09 13:22:59	1	0	15	0
           460	2023-06-09 13:23:11	1	0	1	0
            70	2023-06-09 14:00:52	1	0	1	0
           305	2023-06-09 14:19:26	1	0	1	0
           425	2023-06-09 16:12:44	1	0	1	0
            58	2023-06-09 17:00:14	1	0	1	0
            48	2023-06-09 17:00:20	1	0	1	0
           115	2023-06-09 17:00:31	1	0	1	0
           187	2023-06-09 17:00:37	1	0	1	0
           387	2023-06-09 17:00:45	1	0	15	0
           422	2023-06-09 17:00:51	1	0	1	0
           471	2023-06-09 17:00:57	1	0	1	0
           472	2023-06-09 17:01:06	1	0	1	0
           571	2023-06-09 17:01:12	1	0	1	0
           473	2023-06-09 17:01:18	1	0	1	0
           557	2023-06-09 17:01:24	1	0	1	0
            66	2023-06-09 17:01:35	1	0	15	0
           259	2023-06-09 17:01:42	1	0	1	0
           568	2023-06-09 17:01:48	1	0	1	0
           397	2023-06-09 17:01:53	1	0	1	0
           562	2023-06-09 17:01:58	1	0	1	0
           120	2023-06-09 17:02:06	1	0	1	0
           572	2023-06-09 17:02:13	1	0	1	0
           223	2023-06-09 17:02:21	1	0	1	0
           493	2023-06-09 17:02:26	1	0	1	0
           566	2023-06-09 17:02:31	1	0	1	0
           581	2023-06-09 17:02:35	1	0	1	0
           582	2023-06-09 17:02:39	1	0	1	0
           249	2023-06-09 17:02:48	1	0	1	0
           121	2023-06-09 17:02:55	1	0	1	0
           366	2023-06-09 17:03:02	1	0	1	0
           395	2023-06-09 17:03:09	1	0	1	0
           559	2023-06-09 17:03:15	1	0	1	0
           123	2023-06-09 17:03:20	1	0	1	0
           533	2023-06-09 17:03:30	1	0	1	0
           551	2023-06-09 17:03:35	1	0	1	0
           410	2023-06-09 17:03:42	1	0	15	0
            80	2023-06-09 17:03:49	1	0	15	0
           413	2023-06-09 17:03:53	1	0	4	0
           146	2023-06-09 17:04:01	1	0	15	0
           350	2023-06-09 17:04:10	1	0	1	0
           360	2023-06-09 17:04:16	1	0	1	0
            40	2023-06-09 17:04:24	1	0	1	0
           114	2023-06-09 17:04:30	1	0	1	0
           182	2023-06-09 17:04:38	1	0	15	0
           352	2023-06-09 17:04:44	1	0	1	0
           530	2023-06-09 17:04:51	1	0	1	0
           369	2023-06-09 17:04:55	1	0	1	0
           546	2023-06-09 17:05:02	1	0	1	0
           476	2023-06-09 17:05:07	1	0	1	0
           348	2023-06-09 17:05:15	1	0	15	0
           478	2023-06-09 17:05:22	1	0	15	0
           529	2023-06-09 17:05:28	1	0	15	0
           224	2023-06-09 17:05:36	1	0	15	0
           577	2023-06-09 17:05:46	1	0	1	0
           196	2023-06-09 17:05:53	1	0	1	0
           385	2023-06-09 17:06:01	1	0	1	0
           361	2023-06-09 17:06:09	1	0	1	0
           556	2023-06-09 17:06:20	1	0	1	0
            38	2023-06-09 17:06:49	1	0	1	0
           513	2023-06-09 17:06:56	1	0	1	0
           194	2023-06-09 17:07:13	1	0	15	0
           228	2023-06-09 17:07:21	1	0	15	0
           450	2023-06-09 17:07:31	1	0	15	0
           236	2023-06-09 17:07:54	1	0	1	0
           101	2023-06-09 17:08:03	1	0	1	0
           185	2023-06-09 17:08:08	1	0	1	0
           379	2023-06-09 17:08:18	1	0	1	0
           181	2023-06-09 17:09:22	1	0	1	0
           536	2023-06-09 17:09:28	1	0	1	0
            91	2023-06-09 17:09:39	1	0	1	0
           527	2023-06-09 17:10:07	1	0	15	0
           417	2023-06-09 17:10:41	1	0	15	0
           399	2023-06-09 17:11:44	1	0	1	0
           375	2023-06-09 17:12:01	1	0	1	0
           363	2023-06-09 17:12:05	1	0	1	0
           241	2023-06-09 17:12:31	1	0	1	0
           370	2023-06-09 17:15:32	1	0	1	0
           569	2023-06-09 17:15:39	1	0	1	0
           580	2023-06-09 17:15:44	1	0	1	0
           404	2023-06-09 17:15:52	1	0	1	0
           105	2023-06-09 17:16:02	1	0	15	0
            87	2023-06-09 17:16:49	1	0	15	0
           381	2023-06-09 17:17:37	1	0	1	0
           125	2023-06-09 17:17:44	1	0	1	0
            73	2023-06-09 17:19:53	1	0	1	0
           184	2023-06-09 17:21:04	1	0	1	0
           574	2023-06-09 17:23:33	1	0	1	0
           275	2023-06-09 17:23:48	1	0	1	0
           408	2023-06-09 17:27:50	1	0	1	0
           573	2023-06-09 17:29:34	1	0	1	0
           525	2023-06-09 17:29:50	1	0	1	0
           314	2023-06-09 17:31:28	1	0	1	0
           467	2023-06-09 17:31:31	1	0	1	0
           206	2023-06-09 17:32:41	1	0	15	0
           252	2023-06-09 17:32:56	1	0	15	0
           312	2023-06-09 17:33:35	1	0	1	0
           338	2023-06-09 17:35:01	1	0	1	0
           142	2023-06-09 17:43:25	1	0	15	0
           132	2023-06-09 17:44:14	1	0	15	0
           332	2023-06-09 17:53:23	1	0	1	0
           401	2023-06-09 17:57:23	1	0	15	0
           355	2023-06-09 18:00:04	1	0	1	0
           460	2023-06-09 18:00:10	1	0	1	0
           575	2023-06-09 18:06:35	1	0	1	0
           374	2023-06-09 18:06:57	1	0	1	0
           504	2023-06-09 18:07:03	1	0	1	0
           579	2023-06-09 18:07:22	1	0	1	0
           541	2023-06-09 18:07:31	1	0	15	0
           554	2023-06-09 18:07:37	1	0	1	0
           337	2023-06-09 18:07:47	1	0	1	0
           553	2023-06-09 18:07:52	1	0	1	0
           331	2023-06-09 18:14:34	1	0	1	0
           145	2023-06-09 18:19:23	1	0	1	0
           547	2023-06-09 18:25:25	1	0	1	0
           118	2023-06-09 18:29:18	1	0	1	0
           200	2023-06-09 18:58:56	1	0	1	0
           444	2023-06-09 18:59:05	1	0	1	0
           453	2023-06-09 19:49:50	1	0	1	0
            69	2023-06-09 19:54:43	1	0	1	0
           492	2023-06-09 19:55:56	1	0	1	0
           516	2023-06-09 19:56:02	1	0	1	0
           265	2023-06-09 19:56:16	1	0	1	0
            77	2023-06-09 19:56:26	1	0	1	0
            45	2023-06-09 20:01:00	1	0	15	0
           114	2023-06-09 20:07:02	1	0	1	0
           465	2023-06-09 20:07:09	1	0	1	0
            27	2023-06-09 20:19:54	1	0	1	0
            88	2023-06-09 20:22:30	1	0	15	0
           434	2023-06-09 21:05:49	1	0	1	0
           418	2023-06-09 22:00:25	1	0	15	0
            74	2023-06-09 22:26:23	1	0	1	0
           567	2023-06-09 22:36:46	1	0	15	0
           305	2023-06-09 23:03:44	1	0	1	0
           196	2023-06-10 06:27:16	1	0	1	0
           119	2023-06-10 06:27:32	1	0	15	0
           124	2023-06-10 06:29:31	1	0	15	0
           224	2023-06-10 06:33:00	1	0	15	0
           422	2023-06-10 06:33:27	1	0	1	0
           387	2023-06-10 06:37:35	1	0	15	0
           567	2023-06-10 07:00:22	1	0	15	0
           366	2023-06-10 07:04:31	1	0	1	0
           223	2023-06-10 07:10:25	1	0	1	0
           582	2023-06-10 07:16:57	1	0	1	0
           533	2023-06-10 07:22:25	1	0	1	0
           566	2023-06-10 07:24:15	1	0	1	0
           556	2023-06-10 07:24:31	1	0	1	0
           398	2023-06-10 07:26:30	1	0	1	0
           425	2023-06-10 07:27:51	1	0	1	0
           381	2023-06-10 07:33:53	1	0	1	0
           476	2023-06-10 07:42:37	1	0	15	0
           410	2023-06-10 07:51:42	1	0	15	0
           478	2023-06-10 07:52:24	1	0	15	0
           352	2023-06-10 08:05:36	1	0	1	0
           387	2023-06-10 11:30:13	1	0	15	0
           223	2023-06-10 11:30:18	1	0	1	0
           422	2023-06-10 11:30:23	1	0	1	0
           224	2023-06-10 11:30:31	1	0	15	0
           196	2023-06-10 11:30:40	1	0	1	0
           366	2023-06-10 11:30:52	1	0	1	0
           566	2023-06-10 11:30:58	1	0	1	0
           582	2023-06-10 11:31:16	1	0	1	0
           533	2023-06-10 11:31:23	1	0	1	0
           556	2023-06-10 12:00:11	1	0	1	0
           422	2023-06-10 12:00:19	1	0	1	0
           224	2023-06-10 12:00:27	1	0	15	0
           387	2023-06-10 12:00:36	1	0	15	0
           366	2023-06-10 12:00:44	1	0	1	0
           582	2023-06-10 12:00:58	1	0	1	0
           425	2023-06-10 12:01:59	1	0	1	0
           478	2023-06-10 12:02:30	1	0	1	0
           196	2023-06-10 12:02:39	1	0	1	0
           381	2023-06-10 12:07:42	1	0	1	0
           556	2023-06-10 12:15:22	1	0	15	0
           478	2023-06-10 12:20:32	1	0	1	0
           425	2023-06-10 12:30:20	1	0	1	0
           566	2023-06-10 12:46:27	1	0	1	0
           223	2023-06-10 12:54:10	1	0	1	0
           533	2023-06-10 13:01:01	1	0	1	0
           418	2023-06-10 13:46:13	1	0	15	0
            70	2023-06-10 14:43:22	1	0	1	0
           124	2023-06-10 15:00:10	1	0	15	0
            27	2023-06-10 16:38:29	1	0	1	0
           223	2023-06-10 17:00:09	1	0	1	0
           425	2023-06-10 17:00:14	1	0	1	0
           387	2023-06-10 17:00:24	1	0	15	0
           422	2023-06-10 17:00:29	1	0	1	0
           366	2023-06-10 17:00:35	1	0	1	0
           566	2023-06-10 17:00:41	1	0	1	0
           398	2023-06-10 17:00:46	1	0	1	0
           582	2023-06-10 17:00:52	1	0	1	0
           224	2023-06-10 17:02:00	1	0	1	0
           533	2023-06-10 17:02:07	1	0	1	0
           556	2023-06-10 17:05:29	1	0	1	0
           381	2023-06-10 17:13:36	1	0	1	0
           196	2023-06-10 17:15:05	1	0	1	0
           478	2023-06-10 17:15:42	1	0	1	0
           352	2023-06-10 17:40:14	1	0	1	0
           410	2023-06-10 17:40:21	1	0	15	0
           361	2023-06-10 17:40:39	1	0	1	0
           476	2023-06-10 19:25:55	1	0	1	0
            27	2023-06-10 20:24:58	1	0	1	0
           567	2023-06-10 21:51:27	1	0	15	0
           418	2023-06-10 22:00:38	1	0	15	0
            70	2023-06-10 22:08:16	1	0	1	0
           124	2023-06-11 06:00:41	1	0	15	0
           567	2023-06-11 06:04:38	1	0	15	0
           305	2023-06-11 06:49:33	1	0	1	0
           348	2023-06-11 07:50:10	1	0	1	0
           249	2023-06-11 09:06:10	1	0	1	0
           348	2023-06-11 12:03:28	1	0	1	0
           249	2023-06-11 12:03:33	1	0	1	0
           249	2023-06-11 12:25:41	1	0	1	0
           348	2023-06-11 12:25:46	1	0	1	0
            70	2023-06-11 13:38:13	1	0	15	0
           124	2023-06-11 14:00:28	1	0	15	0
           305	2023-06-11 15:07:14	1	0	1	0
           249	2023-06-11 17:11:20	1	0	1	0
           348	2023-06-11 17:11:32	1	0	1	0
           418	2023-06-11 21:44:00	1	0	15	0
            70	2023-06-11 22:00:47	1	0	1	0
           305	2023-06-12 05:53:11	1	0	1	0
           418	2023-06-12 06:01:49	1	0	15	0
           348	2023-06-12 06:34:13	1	0	15	0
           567	2023-06-12 06:43:06	1	0	15	0
           366	2023-06-12 07:03:55	1	0	1	0
           576	2023-06-12 07:04:17	1	0	15	0
           582	2023-06-12 07:11:10	1	0	1	0
           566	2023-06-12 07:17:49	1	0	1	0
           475	2023-06-12 07:28:19	1	0	15	0
           249	2023-06-12 08:08:50	1	0	1	0
           566	2023-06-12 11:30:53	1	0	1	0
           582	2023-06-12 11:31:02	1	0	1	0
           366	2023-06-12 11:31:09	1	0	1	0
           576	2023-06-12 11:40:34	1	0	1	0
           366	2023-06-12 12:00:13	1	0	1	0
           576	2023-06-12 12:00:33	1	0	15	0
           582	2023-06-12 12:00:39	1	0	1	0
           348	2023-06-12 12:22:43	1	0	1	0
           249	2023-06-12 12:22:59	1	0	1	0
           566	2023-06-12 12:23:12	1	0	1	0
           475	2023-06-12 12:23:16	1	0	15	0
           249	2023-06-12 12:46:47	1	0	1	0
           348	2023-06-12 12:47:19	1	0	1	0
           475	2023-06-12 12:54:00	1	0	15	0
           305	2023-06-12 14:07:03	1	0	1	0
           124	2023-06-12 14:20:55	1	0	15	0
           567	2023-06-12 15:00:58	1	0	15	0
           576	2023-06-12 17:11:00	1	0	15	0
           475	2023-06-12 17:11:10	1	0	15	0
           366	2023-06-12 17:11:24	1	0	1	0
           582	2023-06-12 17:11:29	1	0	1	0
           566	2023-06-12 17:11:35	1	0	1	0
           107	2023-06-12 21:45:52	1	0	1	0
            70	2023-06-12 22:17:04	1	0	15	0
           124	2023-06-12 23:00:21	1	0	15	0
           381	2023-06-13 05:43:38	1	0	1	0
           107	2023-06-13 05:56:38	1	0	1	0
           337	2023-06-13 06:05:00	1	0	1	0
           574	2023-06-13 06:05:30	1	0	1	0
           395	2023-06-13 06:11:50	1	0	1	0
           387	2023-06-13 06:17:47	1	0	15	0
           196	2023-06-13 06:22:32	1	0	1	0
           119	2023-06-13 06:22:48	1	0	15	0
           224	2023-06-13 06:22:59	1	0	15	0
           422	2023-06-13 06:32:57	1	0	1	0
            58	2023-06-13 06:33:34	1	0	1	0
           223	2023-06-13 06:39:11	1	0	1	0
           314	2023-06-13 06:42:41	1	0	1	0
           418	2023-06-13 06:43:47	1	0	15	0
           385	2023-06-13 06:45:15	1	0	1	0
           425	2023-06-13 06:46:04	1	0	1	0
            74	2023-06-13 06:59:40	1	0	1	0
            70	2023-06-13 07:00:09	1	0	15	0
            77	2023-06-13 07:01:41	1	0	1	0
           146	2023-06-13 07:03:25	1	0	15	0
           184	2023-06-13 07:03:32	1	0	1	0
           569	2023-06-13 07:04:25	1	0	1	0
            75	2023-06-13 07:07:15	1	0	1	0
            91	2023-06-13 07:07:42	1	0	1	0
           185	2023-06-13 07:07:49	1	0	1	0
           366	2023-06-13 07:08:32	1	0	1	0
           576	2023-06-13 07:08:39	1	0	1	0
           398	2023-06-13 07:09:13	1	0	15	0
           275	2023-06-13 07:10:53	1	0	1	0
           206	2023-06-13 07:10:56	1	0	1	0
           566	2023-06-13 07:12:26	1	0	1	0
           581	2023-06-13 07:12:29	1	0	1	0
           546	2023-06-13 07:12:39	1	0	1	0
           533	2023-06-13 07:12:44	1	0	1	0
           511	2023-06-13 07:13:35	1	0	1	0
           554	2023-06-13 07:13:43	1	0	1	0
           408	2023-06-13 07:14:03	1	0	1	0
           559	2023-06-13 07:15:13	1	0	1	0
           123	2023-06-13 07:15:31	1	0	1	0
           120	2023-06-13 07:15:54	1	0	1	0
           541	2023-06-13 07:17:06	1	0	1	0
           236	2023-06-13 07:19:03	1	0	1	0
           252	2023-06-13 07:20:19	1	0	15	0
            39	2023-06-13 07:20:56	1	0	1	0
            66	2023-06-13 07:21:04	1	0	15	0
           492	2023-06-13 07:21:50	1	0	1	0
           183	2023-06-13 07:24:57	1	0	15	0
           118	2023-06-13 07:25:50	1	0	1	0
           582	2023-06-13 07:26:22	1	0	1	0
           114	2023-06-13 07:27:06	1	0	1	0
            88	2023-06-13 07:28:10	1	0	15	0
            38	2023-06-13 07:28:46	1	0	1	0
            73	2023-06-13 07:29:05	1	0	1	0
           105	2023-06-13 07:29:10	1	0	1	0
           504	2023-06-13 07:29:17	1	0	1	0
           465	2023-06-13 07:29:55	1	0	1	0
           360	2023-06-13 07:31:14	1	0	1	0
           450	2023-06-13 07:32:03	1	0	1	0
           101	2023-06-13 07:32:30	1	0	1	0
           516	2023-06-13 07:32:57	1	0	1	0
           335	2023-06-13 07:33:07	1	0	1	0
           379	2023-06-13 07:33:14	1	0	1	0
           410	2023-06-13 07:34:22	1	0	15	0
           434	2023-06-13 07:34:34	1	0	1	0
           556	2023-06-13 07:34:58	1	0	1	0
           200	2023-06-13 07:35:44	1	0	1	0
           460	2023-06-13 07:36:49	1	0	1	0
           573	2023-06-13 07:37:09	1	0	1	0
           350	2023-06-13 07:37:16	1	0	1	0
           355	2023-06-13 07:37:23	1	0	1	0
           149	2023-06-13 07:37:34	1	0	1	0
           413	2023-06-13 07:37:41	1	0	4	0
           417	2023-06-13 07:38:33	1	0	15	0
           397	2023-06-13 07:38:44	1	0	1	0
           553	2023-06-13 07:39:36	1	0	1	0
           338	2023-06-13 07:40:37	1	0	1	0
           547	2023-06-13 07:40:56	1	0	1	0
           502	2023-06-13 07:41:17	1	0	1	0
           575	2023-06-13 07:41:31	1	0	1	0
           352	2023-06-13 07:41:36	1	0	1	0
           453	2023-06-13 07:41:53	1	0	1	0
            27	2023-06-13 07:42:01	1	0	1	0
           205	2023-06-13 07:42:07	1	0	1	0
           348	2023-06-13 07:42:14	1	0	1	0
           525	2023-06-13 07:42:20	1	0	1	0
           145	2023-06-13 07:42:27	1	0	1	0
           475	2023-06-13 07:42:36	1	0	15	0
           404	2023-06-13 07:42:46	1	0	1	0
           444	2023-06-13 07:42:51	1	0	1	0
           530	2023-06-13 07:45:17	1	0	1	0
           374	2023-06-13 07:45:22	1	0	15	0
            83	2023-06-13 07:45:52	1	0	1	0
           265	2023-06-13 07:46:00	1	0	1	0
           472	2023-06-13 07:46:32	1	0	1	0
           471	2023-06-13 07:46:44	1	0	1	0
           467	2023-06-13 07:46:50	1	0	1	0
           580	2023-06-13 07:46:55	1	0	1	0
           401	2023-06-13 07:47:03	1	0	1	0
            69	2023-06-13 07:47:10	1	0	1	0
            93	2023-06-13 07:47:19	1	0	15	0
           562	2023-06-13 07:47:23	1	0	1	0
           551	2023-06-13 07:47:29	1	0	1	0
           527	2023-06-13 07:47:58	1	0	1	0
            45	2023-06-13 07:48:04	1	0	15	0
           114	2023-06-13 07:48:24	1	0	1	0
           259	2023-06-13 07:48:54	1	0	15	0
            48	2023-06-13 07:49:09	1	0	1	0
           557	2023-06-13 07:50:25	1	0	1	0
           473	2023-06-13 07:50:33	1	0	1	0
           331	2023-06-13 07:50:45	1	0	1	0
           478	2023-06-13 07:51:20	1	0	1	0
           567	2023-06-13 07:51:30	1	0	15	0
           568	2023-06-13 07:51:51	1	0	1	0
           571	2023-06-13 07:52:02	1	0	1	0
           121	2023-06-13 07:52:09	1	0	1	0
           399	2023-06-13 07:52:38	1	0	1	0
           181	2023-06-13 07:53:06	1	0	1	0
           375	2023-06-13 07:53:30	1	0	1	0
            40	2023-06-13 07:54:59	1	0	1	0
           361	2023-06-13 07:55:09	1	0	1	0
           370	2023-06-13 07:56:03	1	0	1	0
            87	2023-06-13 07:56:21	1	0	15	0
           536	2023-06-13 07:56:27	1	0	1	0
           125	2023-06-13 07:56:56	1	0	1	0
           363	2023-06-13 07:57:16	1	0	1	0
           187	2023-06-13 07:57:27	1	0	1	0
           312	2023-06-13 07:59:44	1	0	1	0
           493	2023-06-13 08:01:08	1	0	1	0
           249	2023-06-13 08:01:26	1	0	1	0
           332	2023-06-13 08:01:32	1	0	1	0
           572	2023-06-13 08:01:41	1	0	1	0
           241	2023-06-13 08:01:51	1	0	1	0
            57	2023-06-13 08:02:39	1	0	1	0
           228	2023-06-13 08:04:21	1	0	1	0
           194	2023-06-13 08:04:26	1	0	15	0
           529	2023-06-13 08:04:56	1	0	15	0
           476	2023-06-13 08:07:14	1	0	1	0
           142	2023-06-13 08:11:37	1	0	1	0
           513	2023-06-13 08:20:53	1	0	1	0
           511	2023-06-13 11:01:39	1	0	1	0
           425	2023-06-13 11:08:20	1	0	1	0
           559	2023-06-13 11:30:06	1	0	1	0
           475	2023-06-13 11:30:19	1	0	15	0
           576	2023-06-13 11:30:32	1	0	1	0
           366	2023-06-13 11:30:41	1	0	1	0
           224	2023-06-13 11:30:46	1	0	15	0
           223	2023-06-13 11:30:56	1	0	15	0
           360	2023-06-13 11:31:05	1	0	1	0
           387	2023-06-13 11:31:12	1	0	15	0
           123	2023-06-13 11:32:30	1	0	1	0
           582	2023-06-13 11:32:36	1	0	1	0
           533	2023-06-13 11:32:43	1	0	1	0
           422	2023-06-13 11:32:48	1	0	1	0
           196	2023-06-13 11:33:00	1	0	1	0
           385	2023-06-13 11:33:08	1	0	1	0
           581	2023-06-13 11:35:43	1	0	1	0
           566	2023-06-13 11:35:48	1	0	1	0
           425	2023-06-13 11:36:00	1	0	1	0
           236	2023-06-13 11:36:16	1	0	1	0
           119	2023-06-13 11:37:18	1	0	15	0
           511	2023-06-13 11:43:20	1	0	1	0
           335	2023-06-13 11:58:54	1	0	1	0
           399	2023-06-13 12:00:04	1	0	1	0
           241	2023-06-13 12:00:10	1	0	1	0
           146	2023-06-13 12:00:17	1	0	1	0
           434	2023-06-13 12:00:21	1	0	1	0
           184	2023-06-13 12:00:26	1	0	1	0
            83	2023-06-13 12:00:31	1	0	1	0
           249	2023-06-13 12:00:45	1	0	15	0
           572	2023-06-13 12:00:53	1	0	1	0
           562	2023-06-13 12:01:08	1	0	1	0
           559	2023-06-13 12:01:14	1	0	1	0
           366	2023-06-13 12:01:26	1	0	1	0
           123	2023-06-13 12:01:32	1	0	1	0
           422	2023-06-13 12:01:39	1	0	1	0
           387	2023-06-13 12:01:45	1	0	15	0
           475	2023-06-13 12:01:51	1	0	1	0
           119	2023-06-13 12:02:01	1	0	15	0
           582	2023-06-13 12:02:12	1	0	1	0
           576	2023-06-13 12:02:18	1	0	1	0
           224	2023-06-13 12:02:25	1	0	1	0
           379	2023-06-13 12:02:29	1	0	1	0
           259	2023-06-13 12:02:34	1	0	1	0
            74	2023-06-13 12:02:41	1	0	1	0
           568	2023-06-13 12:02:47	1	0	1	0
           551	2023-06-13 12:03:09	1	0	1	0
           571	2023-06-13 12:03:14	1	0	1	0
           205	2023-06-13 12:03:20	1	0	1	0
           465	2023-06-13 12:03:29	1	0	1	0
           350	2023-06-13 12:03:35	1	0	1	0
           493	2023-06-13 12:03:45	1	0	1	0
           453	2023-06-13 12:03:53	1	0	1	0
           413	2023-06-13 12:03:56	1	0	4	0
           196	2023-06-13 12:04:04	1	0	1	0
           385	2023-06-13 12:04:10	1	0	1	0
           547	2023-06-13 12:04:19	1	0	1	0
           381	2023-06-13 12:04:30	1	0	1	0
           121	2023-06-13 12:04:40	1	0	1	0
           348	2023-06-13 12:04:47	1	0	1	0
           194	2023-06-13 12:04:56	1	0	15	0
           125	2023-06-13 12:05:02	1	0	1	0
           569	2023-06-13 12:05:15	1	0	1	0
           525	2023-06-13 12:05:29	1	0	1	0
           530	2023-06-13 12:05:37	1	0	1	0
           114	2023-06-13 12:05:41	1	0	1	0
           471	2023-06-13 12:05:48	1	0	1	0
           118	2023-06-13 12:05:57	1	0	1	0
           252	2023-06-13 12:06:05	1	0	15	0
           398	2023-06-13 12:06:18	1	0	15	0
           265	2023-06-13 12:06:25	1	0	1	0
            77	2023-06-13 12:06:34	1	0	1	0
           478	2023-06-13 12:06:45	1	0	15	0
            45	2023-06-13 12:07:14	1	0	15	0
            40	2023-06-13 12:07:28	1	0	1	0
           375	2023-06-13 12:07:35	1	0	1	0
           363	2023-06-13 12:07:47	1	0	1	0
           361	2023-06-13 12:07:52	1	0	1	0
            38	2023-06-13 12:08:01	1	0	1	0
            75	2023-06-13 12:08:15	1	0	1	0
            39	2023-06-13 12:08:27	1	0	1	0
           417	2023-06-13 12:08:33	1	0	1	0
           149	2023-06-13 12:08:42	1	0	1	0
            66	2023-06-13 12:08:59	1	0	15	0
           580	2023-06-13 12:09:07	1	0	1	0
           105	2023-06-13 12:09:13	1	0	1	0
           574	2023-06-13 12:09:18	1	0	1	0
           404	2023-06-13 12:09:23	1	0	1	0
           444	2023-06-13 12:09:37	1	0	1	0
            87	2023-06-13 12:09:43	1	0	15	0
            69	2023-06-13 12:09:53	1	0	1	0
           492	2023-06-13 12:09:59	1	0	1	0
           556	2023-06-13 12:10:12	1	0	1	0
           516	2023-06-13 12:10:18	1	0	1	0
           332	2023-06-13 12:10:34	1	0	1	0
           145	2023-06-13 12:10:51	1	0	1	0
            93	2023-06-13 12:11:12	1	0	15	0
           397	2023-06-13 12:11:19	1	0	1	0
           101	2023-06-13 12:11:26	1	0	1	0
           312	2023-06-13 12:11:37	1	0	1	0
            73	2023-06-13 12:12:13	1	0	1	0
            91	2023-06-13 12:12:42	1	0	1	0
           181	2023-06-13 12:12:51	1	0	1	0
           527	2023-06-13 12:13:00	1	0	1	0
           185	2023-06-13 12:13:04	1	0	1	0
           536	2023-06-13 12:13:08	1	0	1	0
           541	2023-06-13 12:13:23	1	0	15	0
           467	2023-06-13 12:13:38	1	0	1	0
           546	2023-06-13 12:13:43	1	0	1	0
           473	2023-06-13 12:13:45	1	0	15	0
           337	2023-06-13 12:14:04	1	0	1	0
           275	2023-06-13 12:14:33	1	0	1	0
           206	2023-06-13 12:14:39	1	0	1	0
           553	2023-06-13 12:14:46	1	0	1	0
           374	2023-06-13 12:14:52	1	0	1	0
           228	2023-06-13 12:14:58	1	0	1	0
           314	2023-06-13 12:15:13	1	0	1	0
           573	2023-06-13 12:15:26	1	0	1	0
           434	2023-06-13 12:15:32	1	0	1	0
           504	2023-06-13 12:16:00	1	0	15	0
           241	2023-06-13 12:16:12	1	0	1	0
           183	2023-06-13 12:16:18	1	0	15	0
           370	2023-06-13 12:16:25	1	0	1	0
            88	2023-06-13 12:16:34	1	0	15	0
           410	2023-06-13 12:16:48	1	0	15	0
           408	2023-06-13 12:16:55	1	0	1	0
            83	2023-06-13 12:17:09	1	0	1	0
           355	2023-06-13 12:17:42	1	0	1	0
           352	2023-06-13 12:17:57	1	0	1	0
           476	2023-06-13 12:18:05	1	0	1	0
            74	2023-06-13 12:18:08	1	0	1	0
           513	2023-06-13 12:18:17	1	0	15	0
           331	2023-06-13 12:18:39	1	0	1	0
           568	2023-06-13 12:19:28	1	0	1	0
           450	2023-06-13 12:19:50	1	0	1	0
           525	2023-06-13 12:20:47	1	0	1	0
           413	2023-06-13 12:21:31	1	0	4	0
           465	2023-06-13 12:22:00	1	0	15	0
           265	2023-06-13 12:22:08	1	0	1	0
           360	2023-06-13 12:22:17	1	0	1	0
           120	2023-06-13 12:23:11	1	0	1	0
           118	2023-06-13 12:23:19	1	0	1	0
           471	2023-06-13 12:23:24	1	0	1	0
            77	2023-06-13 12:23:30	1	0	1	0
            75	2023-06-13 12:23:46	1	0	1	0
           562	2023-06-13 12:24:20	1	0	1	0
           375	2023-06-13 12:24:33	1	0	1	0
           361	2023-06-13 12:24:39	1	0	1	0
           105	2023-06-13 12:24:44	1	0	1	0
            87	2023-06-13 12:24:48	1	0	15	0
            39	2023-06-13 12:25:11	1	0	1	0
           417	2023-06-13 12:25:22	1	0	1	0
           453	2023-06-13 12:25:52	1	0	1	0
           493	2023-06-13 12:26:23	1	0	1	0
           478	2023-06-13 12:26:33	1	0	15	0
            69	2023-06-13 12:26:39	1	0	1	0
           114	2023-06-13 12:26:58	1	0	1	0
           348	2023-06-13 12:27:40	1	0	1	0
            91	2023-06-13 12:27:46	1	0	1	0
           530	2023-06-13 12:27:53	1	0	1	0
           492	2023-06-13 12:27:57	1	0	1	0
           516	2023-06-13 12:28:01	1	0	1	0
           185	2023-06-13 12:28:09	1	0	1	0
           527	2023-06-13 12:28:15	1	0	1	0
           529	2023-06-13 12:28:22	1	0	1	0
           181	2023-06-13 12:28:38	1	0	15	0
           536	2023-06-13 12:28:44	1	0	1	0
           580	2023-06-13 12:28:57	1	0	1	0
           363	2023-06-13 12:29:10	1	0	1	0
           546	2023-06-13 12:29:36	1	0	1	0
           467	2023-06-13 12:29:42	1	0	1	0
           337	2023-06-13 12:29:59	1	0	1	0
           312	2023-06-13 12:30:07	1	0	1	0
           541	2023-06-13 12:30:12	1	0	1	0
           553	2023-06-13 12:30:22	1	0	1	0
           573	2023-06-13 12:30:30	1	0	1	0
           374	2023-06-13 12:30:36	1	0	15	0
           314	2023-06-13 12:30:41	1	0	1	0
            48	2023-06-13 12:30:57	1	0	1	0
           187	2023-06-13 12:31:02	1	0	1	0
           115	2023-06-13 12:31:11	1	0	15	0
           571	2023-06-13 12:32:18	1	0	1	0
           473	2023-06-13 12:32:32	1	0	1	0
            40	2023-06-13 12:33:07	1	0	1	0
           569	2023-06-13 12:34:15	1	0	1	0
            66	2023-06-13 12:34:24	1	0	15	0
           249	2023-06-13 12:35:54	1	0	1	0
           228	2023-06-13 12:36:36	1	0	1	0
           194	2023-06-13 12:36:44	1	0	15	0
           398	2023-06-13 12:36:49	1	0	15	0
           450	2023-06-13 12:37:02	1	0	15	0
           142	2023-06-13 12:37:09	1	0	1	0
           252	2023-06-13 12:37:37	1	0	15	0
            73	2023-06-13 12:37:48	1	0	1	0
            27	2023-06-13 12:37:58	1	0	1	0
            38	2023-06-13 12:38:03	1	0	1	0
           332	2023-06-13 12:38:26	1	0	1	0
           575	2023-06-13 12:38:40	1	0	1	0
           502	2023-06-13 12:38:44	1	0	1	0
           513	2023-06-13 12:39:26	1	0	1	0
           355	2023-06-13 12:41:06	1	0	1	0
           574	2023-06-13 12:41:15	1	0	1	0
           120	2023-06-13 12:42:18	1	0	1	0
            57	2023-06-13 12:42:33	1	0	1	0
           381	2023-06-13 12:43:03	1	0	1	0
           275	2023-06-13 12:44:10	1	0	1	0
           206	2023-06-13 12:44:18	1	0	1	0
           149	2023-06-13 12:44:35	1	0	1	0
           145	2023-06-13 12:44:56	1	0	1	0
           401	2023-06-13 12:45:01	1	0	1	0
           335	2023-06-13 12:45:29	1	0	1	0
           566	2023-06-13 12:45:36	1	0	1	0
           581	2023-06-13 12:45:41	1	0	1	0
            45	2023-06-13 12:46:12	1	0	15	0
           125	2023-06-13 12:46:21	1	0	1	0
           529	2023-06-13 12:46:49	1	0	1	0
           146	2023-06-13 12:47:29	1	0	15	0
           184	2023-06-13 12:47:42	1	0	1	0
            48	2023-06-13 12:49:24	1	0	1	0
           187	2023-06-13 12:49:28	1	0	1	0
           397	2023-06-13 12:49:33	1	0	1	0
           114	2023-06-13 12:49:49	1	0	1	0
           370	2023-06-13 12:50:37	1	0	1	0
            88	2023-06-13 12:50:43	1	0	15	0
           183	2023-06-13 12:50:49	1	0	15	0
           476	2023-06-13 12:50:56	1	0	1	0
           352	2023-06-13 12:51:01	1	0	1	0
           410	2023-06-13 12:51:08	1	0	15	0
            93	2023-06-13 12:51:16	1	0	15	0
           404	2023-06-13 12:51:35	1	0	1	0
           444	2023-06-13 12:51:42	1	0	1	0
           350	2023-06-13 12:51:48	1	0	1	0
           236	2023-06-13 12:52:17	1	0	1	0
           142	2023-06-13 12:52:32	1	0	1	0
           379	2023-06-13 12:52:49	1	0	1	0
           547	2023-06-13 12:53:37	1	0	1	0
           121	2023-06-13 12:54:06	1	0	1	0
           575	2023-06-13 12:54:31	1	0	1	0
           502	2023-06-13 12:54:35	1	0	1	0
           533	2023-06-13 12:55:09	1	0	1	0
           408	2023-06-13 12:55:26	1	0	1	0
           259	2023-06-13 12:56:30	1	0	15	0
           223	2023-06-13 12:56:36	1	0	1	0
           331	2023-06-13 12:57:06	1	0	1	0
           401	2023-06-13 13:00:21	1	0	1	0
           144	2023-06-13 13:01:26	1	0	1	0
           572	2023-06-13 13:04:06	1	0	1	0
           460	2023-06-13 13:09:52	1	0	1	0
           460	2023-06-13 13:27:17	1	0	1	0
           107	2023-06-13 14:11:04	1	0	1	0
           124	2023-06-13 14:28:37	1	0	15	0
           305	2023-06-13 14:47:04	1	0	1	0
           418	2023-06-13 15:00:17	1	0	15	0
           511	2023-06-13 16:01:26	1	0	1	0
           425	2023-06-13 16:11:23	1	0	1	0
            58	2023-06-13 17:00:08	1	0	1	0
           115	2023-06-13 17:00:18	1	0	1	0
            48	2023-06-13 17:00:27	1	0	1	0
           187	2023-06-13 17:00:31	1	0	1	0
           387	2023-06-13 17:00:39	1	0	15	0
           422	2023-06-13 17:00:49	1	0	1	0
           472	2023-06-13 17:00:55	1	0	1	0
           562	2023-06-13 17:01:00	1	0	1	0
           397	2023-06-13 17:01:06	1	0	1	0
           395	2023-06-13 17:01:12	1	0	1	0
           572	2023-06-13 17:01:16	1	0	1	0
            66	2023-06-13 17:01:21	1	0	15	0
           471	2023-06-13 17:01:30	1	0	1	0
            74	2023-06-13 17:01:39	1	0	1	0
           513	2023-06-13 17:01:44	1	0	1	0
           331	2023-06-13 17:01:49	1	0	1	0
           567	2023-06-13 17:01:55	1	0	1	0
           559	2023-06-13 17:02:01	1	0	1	0
           566	2023-06-13 17:02:07	1	0	1	0
           350	2023-06-13 17:02:12	1	0	1	0
           581	2023-06-13 17:02:17	1	0	1	0
           184	2023-06-13 17:02:21	1	0	1	0
           493	2023-06-13 17:02:26	1	0	1	0
           571	2023-06-13 17:02:37	1	0	1	0
           379	2023-06-13 17:02:43	1	0	1	0
           223	2023-06-13 17:02:50	1	0	1	0
           582	2023-06-13 17:02:56	1	0	1	0
           568	2023-06-13 17:03:21	1	0	1	0
           366	2023-06-13 17:03:29	1	0	1	0
           475	2023-06-13 17:03:34	1	0	1	0
           576	2023-06-13 17:03:39	1	0	1	0
           149	2023-06-13 17:03:45	1	0	1	0
           236	2023-06-13 17:03:59	1	0	1	0
           114	2023-06-13 17:04:05	1	0	1	0
           101	2023-06-13 17:04:11	1	0	1	0
           530	2023-06-13 17:04:23	1	0	1	0
           450	2023-06-13 17:04:51	1	0	15	0
           241	2023-06-13 17:05:00	1	0	1	0
           476	2023-06-13 17:05:17	1	0	1	0
            38	2023-06-13 17:05:26	1	0	1	0
           413	2023-06-13 17:05:29	1	0	4	0
           352	2023-06-13 17:05:35	1	0	1	0
           120	2023-06-13 17:05:42	1	0	1	0
            40	2023-06-13 17:05:55	1	0	1	0
           196	2023-06-13 17:06:02	1	0	1	0
           410	2023-06-13 17:06:11	1	0	15	0
           385	2023-06-13 17:06:17	1	0	1	0
           478	2023-06-13 17:06:34	1	0	1	0
           533	2023-06-13 17:06:40	1	0	1	0
           575	2023-06-13 17:07:01	1	0	1	0
           123	2023-06-13 17:07:36	1	0	1	0
            77	2023-06-13 17:07:51	1	0	1	0
            93	2023-06-13 17:07:59	1	0	15	0
           417	2023-06-13 17:08:09	1	0	1	0
           375	2023-06-13 17:08:24	1	0	1	0
           363	2023-06-13 17:08:35	1	0	15	0
           399	2023-06-13 17:08:43	1	0	1	0
           224	2023-06-13 17:08:51	1	0	1	0
           125	2023-06-13 17:08:59	1	0	1	0
            87	2023-06-13 17:09:08	1	0	15	0
           360	2023-06-13 17:09:15	1	0	1	0
           546	2023-06-13 17:09:21	1	0	1	0
           434	2023-06-13 17:09:28	1	0	1	0
           146	2023-06-13 17:09:33	1	0	1	0
           259	2023-06-13 17:09:49	1	0	15	0
           119	2023-06-13 17:10:45	1	0	15	0
           580	2023-06-13 17:11:15	1	0	1	0
           361	2023-06-13 17:11:43	1	0	1	0
           547	2023-06-13 17:12:32	1	0	1	0
            57	2023-06-13 17:14:24	1	0	1	0
           408	2023-06-13 17:14:45	1	0	15	0
           228	2023-06-13 17:15:21	1	0	15	0
           194	2023-06-13 17:16:04	1	0	15	0
           502	2023-06-13 17:17:34	1	0	1	0
           252	2023-06-13 17:17:41	1	0	15	0
            91	2023-06-13 17:17:50	1	0	15	0
           121	2023-06-13 17:18:16	1	0	1	0
            73	2023-06-13 17:19:07	1	0	1	0
           556	2023-06-13 17:19:22	1	0	1	0
           527	2023-06-13 17:19:46	1	0	15	0
           185	2023-06-13 17:19:56	1	0	15	0
           536	2023-06-13 17:20:02	1	0	1	0
           142	2023-06-13 17:20:23	1	0	1	0
            39	2023-06-13 17:21:35	1	0	1	0
           467	2023-06-13 17:23:30	1	0	1	0
           314	2023-06-13 17:23:37	1	0	1	0
           573	2023-06-13 17:23:42	1	0	1	0
           348	2023-06-13 17:23:55	1	0	1	0
           529	2023-06-13 17:24:49	1	0	15	0
           206	2023-06-13 17:24:56	1	0	1	0
           181	2023-06-13 17:25:03	1	0	1	0
           275	2023-06-13 17:25:08	1	0	1	0
           569	2023-06-13 17:26:05	1	0	1	0
           381	2023-06-13 17:27:39	1	0	1	0
            69	2023-06-13 17:27:52	1	0	1	0
           114	2023-06-13 17:29:03	1	0	1	0
           105	2023-06-13 17:30:09	1	0	1	0
           525	2023-06-13 17:31:12	1	0	1	0
           338	2023-06-13 17:31:25	1	0	1	0
           398	2023-06-13 17:35:06	1	0	15	0
           118	2023-06-13 17:36:07	1	0	1	0
           557	2023-06-13 17:38:13	1	0	15	0
           337	2023-06-13 17:38:36	1	0	1	0
           541	2023-06-13 17:38:42	1	0	1	0
           553	2023-06-13 17:38:49	1	0	1	0
           554	2023-06-13 17:38:54	1	0	1	0
           473	2023-06-13 17:39:03	1	0	1	0
           504	2023-06-13 17:39:28	1	0	1	0
           312	2023-06-13 17:39:50	1	0	1	0
           144	2023-06-13 17:40:29	1	0	1	0
           205	2023-06-13 17:42:45	1	0	1	0
           332	2023-06-13 17:44:18	1	0	1	0
           574	2023-06-13 17:44:24	1	0	1	0
           265	2023-06-13 17:44:31	1	0	1	0
           183	2023-06-13 17:51:42	1	0	15	0
           355	2023-06-13 18:01:16	1	0	1	0
           460	2023-06-13 18:01:25	1	0	1	0
           370	2023-06-13 18:04:01	1	0	1	0
           401	2023-06-13 18:04:25	1	0	15	0
           249	2023-06-13 18:08:06	1	0	1	0
            83	2023-06-13 18:10:04	1	0	1	0
           492	2023-06-13 18:30:37	1	0	1	0
           404	2023-06-13 18:46:27	1	0	1	0
            88	2023-06-13 18:49:42	1	0	15	0
           145	2023-06-13 18:57:55	1	0	1	0
           335	2023-06-13 19:14:30	1	0	1	0
           444	2023-06-13 19:19:56	1	0	1	0
           200	2023-06-13 19:20:11	1	0	1	0
           205	2023-06-13 19:27:11	1	0	1	0
           465	2023-06-13 19:27:29	1	0	15	0
            75	2023-06-13 19:27:55	1	0	1	0
            45	2023-06-13 19:57:21	1	0	15	0
            27	2023-06-13 19:59:01	1	0	1	0
           453	2023-06-13 19:59:08	1	0	1	0
           516	2023-06-13 20:10:22	1	0	1	0
           124	2023-06-13 22:03:16	1	0	15	0
            70	2023-06-13 22:48:40	1	0	1	0
           305	2023-06-13 23:00:08	1	0	1	0
           418	2023-06-14 05:47:22	1	0	15	0
            70	2023-06-14 06:02:12	1	0	15	0
           337	2023-06-14 06:11:28	1	0	1	0
           395	2023-06-14 06:13:47	1	0	1	0
           387	2023-06-14 06:31:53	1	0	15	0
            58	2023-06-14 06:34:14	1	0	1	0
           422	2023-06-14 06:40:33	1	0	1	0
           196	2023-06-14 06:42:36	1	0	1	0
           119	2023-06-14 06:42:47	1	0	15	0
           224	2023-06-14 06:42:58	1	0	15	0
           314	2023-06-14 06:44:53	1	0	1	0
           385	2023-06-14 06:49:18	1	0	1	0
           425	2023-06-14 06:50:36	1	0	1	0
           574	2023-06-14 06:53:43	1	0	1	0
           567	2023-06-14 06:54:42	1	0	1	0
           511	2023-06-14 06:59:56	1	0	1	0
           366	2023-06-14 07:01:30	1	0	1	0
           576	2023-06-14 07:01:42	1	0	1	0
           381	2023-06-14 07:03:13	1	0	1	0
           582	2023-06-14 07:08:33	1	0	1	0
            77	2023-06-14 07:08:51	1	0	1	0
           575	2023-06-14 07:10:25	1	0	1	0
           566	2023-06-14 07:10:38	1	0	1	0
           581	2023-06-14 07:10:40	1	0	1	0
           369	2023-06-14 07:11:28	1	0	1	0
           569	2023-06-14 07:13:14	1	0	1	0
           533	2023-06-14 07:13:26	1	0	1	0
           184	2023-06-14 07:13:43	1	0	1	0
           146	2023-06-14 07:13:49	1	0	15	0
           559	2023-06-14 07:16:14	1	0	1	0
           360	2023-06-14 07:16:20	1	0	1	0
           546	2023-06-14 07:16:59	1	0	1	0
           223	2023-06-14 07:17:12	1	0	1	0
           123	2023-06-14 07:18:08	1	0	1	0
           120	2023-06-14 07:18:19	1	0	1	0
           259	2023-06-14 07:18:41	1	0	1	0
            39	2023-06-14 07:19:43	1	0	1	0
           114	2023-06-14 07:20:03	1	0	1	0
            66	2023-06-14 07:20:11	1	0	15	0
            91	2023-06-14 07:20:23	1	0	1	0
           185	2023-06-14 07:20:43	1	0	1	0
            37	2023-06-14 07:21:29	1	0	1	0
           579	2023-06-14 07:21:49	1	0	1	0
           573	2023-06-14 07:22:41	1	0	1	0
           554	2023-06-14 07:22:49	1	0	1	0
           504	2023-06-14 07:24:35	1	0	1	0
            74	2023-06-14 07:24:59	1	0	1	0
           252	2023-06-14 07:25:32	1	0	15	0
           348	2023-06-14 07:25:39	1	0	15	0
           275	2023-06-14 07:25:45	1	0	1	0
           206	2023-06-14 07:25:52	1	0	1	0
           453	2023-06-14 07:26:02	1	0	1	0
           331	2023-06-14 07:26:08	1	0	1	0
            27	2023-06-14 07:26:16	1	0	1	0
           374	2023-06-14 07:26:49	1	0	1	0
           205	2023-06-14 07:27:00	1	0	1	0
           183	2023-06-14 07:29:38	1	0	1	0
            38	2023-06-14 07:29:47	1	0	1	0
            73	2023-06-14 07:29:57	1	0	1	0
           236	2023-06-14 07:30:11	1	0	1	0
           467	2023-06-14 07:30:18	1	0	1	0
           434	2023-06-14 07:30:48	1	0	1	0
           553	2023-06-14 07:32:10	1	0	1	0
           413	2023-06-14 07:33:31	1	0	4	0
           355	2023-06-14 07:33:56	1	0	1	0
           541	2023-06-14 07:34:03	1	0	1	0
           444	2023-06-14 07:34:23	1	0	1	0
           397	2023-06-14 07:35:00	1	0	1	0
           379	2023-06-14 07:35:18	1	0	1	0
           529	2023-06-14 07:35:23	1	0	1	0
           492	2023-06-14 07:35:40	1	0	1	0
           475	2023-06-14 07:35:48	1	0	1	0
           114	2023-06-14 07:38:46	1	0	1	0
            69	2023-06-14 07:38:50	1	0	1	0
           350	2023-06-14 07:38:56	1	0	1	0
           149	2023-06-14 07:39:23	1	0	15	0
            45	2023-06-14 07:40:12	1	0	1	0
           101	2023-06-14 07:40:20	1	0	1	0
           516	2023-06-14 07:40:33	1	0	1	0
           460	2023-06-14 07:40:52	1	0	1	0
           105	2023-06-14 07:44:03	1	0	1	0
            93	2023-06-14 07:44:27	1	0	15	0
           115	2023-06-14 07:44:46	1	0	1	0
           513	2023-06-14 07:44:54	1	0	1	0
           562	2023-06-14 07:45:47	1	0	1	0
           338	2023-06-14 07:46:30	1	0	1	0
           568	2023-06-14 07:46:37	1	0	1	0
           571	2023-06-14 07:46:43	1	0	1	0
           493	2023-06-14 07:46:52	1	0	1	0
           537	2023-06-14 07:47:11	1	0	1	0
           465	2023-06-14 07:47:18	1	0	1	0
            75	2023-06-14 07:47:28	1	0	1	0
           530	2023-06-14 07:48:00	1	0	1	0
           547	2023-06-14 07:48:04	1	0	1	0
           502	2023-06-14 07:48:11	1	0	1	0
            88	2023-06-14 07:48:17	1	0	15	0
           476	2023-06-14 07:48:25	1	0	1	0
           556	2023-06-14 07:48:34	1	0	1	0
           472	2023-06-14 07:50:11	1	0	1	0
           471	2023-06-14 07:50:18	1	0	1	0
            83	2023-06-14 07:50:25	1	0	1	0
           417	2023-06-14 07:51:02	1	0	1	0
           403	2023-06-14 07:51:12	1	0	1	0
           118	2023-06-14 07:51:22	1	0	1	0
           405	2023-06-14 07:51:28	1	0	1	0
           401	2023-06-14 07:51:35	1	0	15	0
           361	2023-06-14 07:52:01	1	0	1	0
            48	2023-06-14 07:52:10	1	0	1	0
           478	2023-06-14 07:52:22	1	0	15	0
           398	2023-06-14 07:52:31	1	0	1	0
           527	2023-06-14 07:52:36	1	0	1	0
           536	2023-06-14 07:52:51	1	0	1	0
           265	2023-06-14 07:53:59	1	0	1	0
           473	2023-06-14 07:54:03	1	0	1	0
           557	2023-06-14 07:54:07	1	0	1	0
           404	2023-06-14 07:54:25	1	0	1	0
           121	2023-06-14 07:54:31	1	0	1	0
           551	2023-06-14 07:55:07	1	0	1	0
            87	2023-06-14 07:55:23	1	0	15	0
           145	2023-06-14 07:56:34	1	0	1	0
           363	2023-06-14 07:56:39	1	0	1	0
           187	2023-06-14 07:56:51	1	0	1	0
           249	2023-06-14 07:57:00	1	0	15	0
           450	2023-06-14 07:57:17	1	0	1	0
           370	2023-06-14 07:57:23	1	0	1	0
           142	2023-06-14 07:57:55	1	0	1	0
           132	2023-06-14 07:58:01	1	0	15	0
           332	2023-06-14 07:58:19	1	0	1	0
           572	2023-06-14 07:59:33	1	0	1	0
           200	2023-06-14 08:00:03	1	0	1	0
           125	2023-06-14 08:00:38	1	0	1	0
           410	2023-06-14 08:00:46	1	0	1	0
           181	2023-06-14 08:01:13	1	0	1	0
           182	2023-06-14 08:01:57	1	0	15	0
           399	2023-06-14 08:02:20	1	0	1	0
            80	2023-06-14 08:03:10	1	0	15	0
           194	2023-06-14 08:04:21	1	0	15	0
           228	2023-06-14 08:04:28	1	0	1	0
           241	2023-06-14 08:04:33	1	0	1	0
           408	2023-06-14 08:05:06	1	0	1	0
           352	2023-06-14 08:05:30	1	0	1	0
            40	2023-06-14 08:06:01	1	0	1	0
            57	2023-06-14 08:06:49	1	0	1	0
           312	2023-06-14 08:08:28	1	0	1	0
           580	2023-06-14 08:09:31	1	0	1	0
           335	2023-06-14 08:13:47	1	0	1	0
           525	2023-06-14 08:18:42	1	0	1	0
           577	2023-06-14 09:42:23	1	0	15	0
           511	2023-06-14 11:00:26	1	0	15	0
           425	2023-06-14 11:08:15	1	0	1	0
           559	2023-06-14 11:30:23	1	0	1	0
           387	2023-06-14 11:30:32	1	0	15	0
           395	2023-06-14 11:30:44	1	0	1	0
           566	2023-06-14 11:30:51	1	0	1	0
           582	2023-06-14 11:31:08	1	0	1	0
           576	2023-06-14 11:31:13	1	0	1	0
           223	2023-06-14 11:31:19	1	0	1	0
           236	2023-06-14 11:31:33	1	0	1	0
           475	2023-06-14 11:31:41	1	0	1	0
           119	2023-06-14 11:32:00	1	0	15	0
           366	2023-06-14 11:32:09	1	0	1	0
           224	2023-06-14 11:32:14	1	0	1	0
           533	2023-06-14 11:32:21	1	0	1	0
           385	2023-06-14 11:32:30	1	0	1	0
           196	2023-06-14 11:32:43	1	0	1	0
           123	2023-06-14 11:32:58	1	0	1	0
           581	2023-06-14 11:33:43	1	0	1	0
           422	2023-06-14 11:34:24	1	0	1	0
           360	2023-06-14 11:37:34	1	0	15	0
           443	2023-06-14 11:42:13	1	0	15	0
           379	2023-06-14 12:00:07	1	0	1	0
           399	2023-06-14 12:00:11	1	0	1	0
           241	2023-06-14 12:00:15	1	0	1	0
           369	2023-06-14 12:00:18	1	0	1	0
           562	2023-06-14 12:00:21	1	0	1	0
           123	2023-06-14 12:00:25	1	0	1	0
            83	2023-06-14 12:00:30	1	0	1	0
           422	2023-06-14 12:00:38	1	0	1	0
           387	2023-06-14 12:00:52	1	0	15	0
           395	2023-06-14 12:00:58	1	0	1	0
           559	2023-06-14 12:01:04	1	0	1	0
            91	2023-06-14 12:01:14	1	0	1	0
            66	2023-06-14 12:01:21	1	0	15	0
            74	2023-06-14 12:01:27	1	0	1	0
           443	2023-06-14 12:01:35	1	0	1	0
           366	2023-06-14 12:01:46	1	0	1	0
           475	2023-06-14 12:01:53	1	0	1	0
           576	2023-06-14 12:01:58	1	0	1	0
           582	2023-06-14 12:02:06	1	0	1	0
            37	2023-06-14 12:02:13	1	0	1	0
           119	2023-06-14 12:02:22	1	0	15	0
           224	2023-06-14 12:02:31	1	0	1	0
           350	2023-06-14 12:02:36	1	0	1	0
           404	2023-06-14 12:02:41	1	0	1	0
           444	2023-06-14 12:02:48	1	0	1	0
           574	2023-06-14 12:02:52	1	0	1	0
           471	2023-06-14 12:02:58	1	0	1	0
           397	2023-06-14 12:03:03	1	0	1	0
           265	2023-06-14 12:03:08	1	0	1	0
           568	2023-06-14 12:03:14	1	0	1	0
            27	2023-06-14 12:03:20	1	0	1	0
           453	2023-06-14 12:03:28	1	0	1	0
            77	2023-06-14 12:03:34	1	0	1	0
           249	2023-06-14 12:03:40	1	0	1	0
           121	2023-06-14 12:03:46	1	0	1	0
           472	2023-06-14 12:03:52	1	0	1	0
           118	2023-06-14 12:03:57	1	0	1	0
           473	2023-06-14 12:04:00	1	0	1	0
           557	2023-06-14 12:04:04	1	0	1	0
           547	2023-06-14 12:04:13	1	0	1	0
           493	2023-06-14 12:04:28	1	0	15	0
           571	2023-06-14 12:04:34	1	0	1	0
           196	2023-06-14 12:04:41	1	0	1	0
           385	2023-06-14 12:04:46	1	0	1	0
            38	2023-06-14 12:04:51	1	0	1	0
            69	2023-06-14 12:04:57	1	0	1	0
            87	2023-06-14 12:05:03	1	0	15	0
           259	2023-06-14 12:05:20	1	0	1	0
           331	2023-06-14 12:05:24	1	0	1	0
           194	2023-06-14 12:05:29	1	0	15	0
           536	2023-06-14 12:05:34	1	0	1	0
           181	2023-06-14 12:05:41	1	0	1	0
           527	2023-06-14 12:05:47	1	0	1	0
           580	2023-06-14 12:05:53	1	0	1	0
           312	2023-06-14 12:05:59	1	0	1	0
            40	2023-06-14 12:06:05	1	0	1	0
           572	2023-06-14 12:06:30	1	0	1	0
            75	2023-06-14 12:07:00	1	0	1	0
           205	2023-06-14 12:07:14	1	0	1	0
           252	2023-06-14 12:07:21	1	0	15	0
           101	2023-06-14 12:07:39	1	0	1	0
           465	2023-06-14 12:08:04	1	0	15	0
           476	2023-06-14 12:08:08	1	0	1	0
           149	2023-06-14 12:08:15	1	0	1	0
           348	2023-06-14 12:08:23	1	0	1	0
           556	2023-06-14 12:08:31	1	0	1	0
           478	2023-06-14 12:08:38	1	0	1	0
           530	2023-06-14 12:08:43	1	0	1	0
           546	2023-06-14 12:08:48	1	0	1	0
           467	2023-06-14 12:08:54	1	0	1	0
           579	2023-06-14 12:09:01	1	0	1	0
           554	2023-06-14 12:09:08	1	0	1	0
           504	2023-06-14 12:09:13	1	0	1	0
           573	2023-06-14 12:09:19	1	0	1	0
           114	2023-06-14 12:09:26	1	0	1	0
           450	2023-06-14 12:09:32	1	0	1	0
           553	2023-06-14 12:09:38	1	0	1	0
           569	2023-06-14 12:09:44	1	0	1	0
           403	2023-06-14 12:09:50	1	0	1	0
           360	2023-06-14 12:10:14	1	0	1	0
           551	2023-06-14 12:10:44	1	0	1	0
           335	2023-06-14 12:10:50	1	0	1	0
           370	2023-06-14 12:10:57	1	0	1	0
            88	2023-06-14 12:11:06	1	0	15	0
           275	2023-06-14 12:11:13	1	0	15	0
           184	2023-06-14 12:11:22	1	0	1	0
           206	2023-06-14 12:11:30	1	0	1	0
           513	2023-06-14 12:11:36	1	0	1	0
           541	2023-06-14 12:11:41	1	0	1	0
           337	2023-06-14 12:11:46	1	0	1	0
           355	2023-06-14 12:12:46	1	0	1	0
            45	2023-06-14 12:13:28	1	0	15	0
           381	2023-06-14 12:13:40	1	0	1	0
           577	2023-06-14 12:13:59	1	0	1	0
           537	2023-06-14 12:15:53	1	0	1	0
           125	2023-06-14 12:15:58	1	0	1	0
           434	2023-06-14 12:16:25	1	0	1	0
           241	2023-06-14 12:17:02	1	0	1	0
            91	2023-06-14 12:17:07	1	0	1	0
           146	2023-06-14 12:17:21	1	0	15	0
           404	2023-06-14 12:18:03	1	0	1	0
           574	2023-06-14 12:18:09	1	0	1	0
            37	2023-06-14 12:18:19	1	0	1	0
           568	2023-06-14 12:19:11	1	0	1	0
            74	2023-06-14 12:19:23	1	0	1	0
           314	2023-06-14 12:19:38	1	0	1	0
           265	2023-06-14 12:19:42	1	0	1	0
            77	2023-06-14 12:19:54	1	0	1	0
           405	2023-06-14 12:20:03	1	0	1	0
           473	2023-06-14 12:20:08	1	0	1	0
           557	2023-06-14 12:20:13	1	0	1	0
           410	2023-06-14 12:20:20	1	0	15	0
           361	2023-06-14 12:21:22	1	0	1	0
           417	2023-06-14 12:21:29	1	0	1	0
           185	2023-06-14 12:21:44	1	0	15	0
           363	2023-06-14 12:22:00	1	0	15	0
           562	2023-06-14 12:22:09	1	0	1	0
           413	2023-06-14 12:22:13	1	0	4	0
           529	2023-06-14 12:22:21	1	0	15	0
           118	2023-06-14 12:22:35	1	0	1	0
           472	2023-06-14 12:22:40	1	0	1	0
            87	2023-06-14 12:22:53	1	0	15	0
           471	2023-06-14 12:23:03	1	0	1	0
           120	2023-06-14 12:23:32	1	0	1	0
            93	2023-06-14 12:23:57	1	0	15	0
           183	2023-06-14 12:24:04	1	0	15	0
           252	2023-06-14 12:24:13	1	0	15	0
           546	2023-06-14 12:24:20	1	0	1	0
           467	2023-06-14 12:24:25	1	0	1	0
           476	2023-06-14 12:24:47	1	0	1	0
            27	2023-06-14 12:24:56	1	0	1	0
           493	2023-06-14 12:25:02	1	0	15	0
           453	2023-06-14 12:25:21	1	0	1	0
           450	2023-06-14 12:26:18	1	0	1	0
            80	2023-06-14 12:26:31	1	0	15	0
           527	2023-06-14 12:26:39	1	0	1	0
           181	2023-06-14 12:26:49	1	0	1	0
           536	2023-06-14 12:26:54	1	0	1	0
           492	2023-06-14 12:27:38	1	0	1	0
           516	2023-06-14 12:27:55	1	0	1	0
           101	2023-06-14 12:28:04	1	0	1	0
            40	2023-06-14 12:28:34	1	0	1	0
           228	2023-06-14 12:28:41	1	0	1	0
           149	2023-06-14 12:28:59	1	0	1	0
           398	2023-06-14 12:29:19	1	0	1	0
           580	2023-06-14 12:29:28	1	0	1	0
           182	2023-06-14 12:30:10	1	0	15	0
            39	2023-06-14 12:30:20	1	0	1	0
            45	2023-06-14 12:30:39	1	0	15	0
           478	2023-06-14 12:30:47	1	0	1	0
           530	2023-06-14 12:30:55	1	0	1	0
           551	2023-06-14 12:31:02	1	0	1	0
           337	2023-06-14 12:31:11	1	0	1	0
           115	2023-06-14 12:31:22	1	0	1	0
            48	2023-06-14 12:31:29	1	0	1	0
           187	2023-06-14 12:31:33	1	0	1	0
           132	2023-06-14 12:31:42	1	0	15	0
           142	2023-06-14 12:31:48	1	0	15	0
            73	2023-06-14 12:32:08	1	0	1	0
           369	2023-06-14 12:32:15	1	0	1	0
           332	2023-06-14 12:32:21	1	0	1	0
           374	2023-06-14 12:32:27	1	0	15	0
           194	2023-06-14 12:32:43	1	0	15	0
           105	2023-06-14 12:32:53	1	0	15	0
           200	2023-06-14 12:32:58	1	0	1	0
           408	2023-06-14 12:33:10	1	0	1	0
           525	2023-06-14 12:33:14	1	0	1	0
           184	2023-06-14 12:33:19	1	0	1	0
           335	2023-06-14 12:33:25	1	0	1	0
           146	2023-06-14 12:33:30	1	0	15	0
            88	2023-06-14 12:33:37	1	0	15	0
           370	2023-06-14 12:33:43	1	0	1	0
           275	2023-06-14 12:33:50	1	0	1	0
           355	2023-06-14 12:33:56	1	0	1	0
            38	2023-06-14 12:34:07	1	0	1	0
           259	2023-06-14 12:34:27	1	0	15	0
            66	2023-06-14 12:34:56	1	0	15	0
           348	2023-06-14 12:35:11	1	0	1	0
           575	2023-06-14 12:35:17	1	0	1	0
           502	2023-06-14 12:35:26	1	0	1	0
           405	2023-06-14 12:35:36	1	0	1	0
           541	2023-06-14 12:35:55	1	0	1	0
           381	2023-06-14 12:36:13	1	0	1	0
           114	2023-06-14 12:36:18	1	0	1	0
           513	2023-06-14 12:36:25	1	0	15	0
           403	2023-06-14 12:37:15	1	0	1	0
           410	2023-06-14 12:38:12	1	0	15	0
           185	2023-06-14 12:38:46	1	0	1	0
           413	2023-06-14 12:38:50	1	0	4	0
           361	2023-06-14 12:38:59	1	0	1	0
           363	2023-06-14 12:39:08	1	0	1	0
           417	2023-06-14 12:39:20	1	0	15	0
            69	2023-06-14 12:40:20	1	0	1	0
           547	2023-06-14 12:40:39	1	0	1	0
            57	2023-06-14 12:40:56	1	0	1	0
           121	2023-06-14 12:41:17	1	0	1	0
           249	2023-06-14 12:41:22	1	0	1	0
           569	2023-06-14 12:42:20	1	0	1	0
           312	2023-06-14 12:42:24	1	0	1	0
           120	2023-06-14 12:42:40	1	0	1	0
            80	2023-06-14 12:42:57	1	0	15	0
           228	2023-06-14 12:44:25	1	0	15	0
           492	2023-06-14 12:44:42	1	0	1	0
           516	2023-06-14 12:44:54	1	0	1	0
           145	2023-06-14 12:45:00	1	0	1	0
           401	2023-06-14 12:45:04	1	0	1	0
            39	2023-06-14 12:45:25	1	0	1	0
           572	2023-06-14 12:45:35	1	0	1	0
           115	2023-06-14 12:46:22	1	0	15	0
            48	2023-06-14 12:46:30	1	0	15	0
           187	2023-06-14 12:46:36	1	0	15	0
           142	2023-06-14 12:46:53	1	0	15	0
           132	2023-06-14 12:47:02	1	0	1	0
           314	2023-06-14 12:47:14	1	0	1	0
           183	2023-06-14 12:47:42	1	0	15	0
            93	2023-06-14 12:47:51	1	0	15	0
           374	2023-06-14 12:48:26	1	0	15	0
           566	2023-06-14 12:48:42	1	0	1	0
           581	2023-06-14 12:48:47	1	0	1	0
           206	2023-06-14 12:49:04	1	0	1	0
           397	2023-06-14 12:49:09	1	0	1	0
           573	2023-06-14 12:49:19	1	0	1	0
           579	2023-06-14 12:49:25	1	0	1	0
           537	2023-06-14 12:49:50	1	0	1	0
           125	2023-06-14 12:49:59	1	0	1	0
           408	2023-06-14 12:50:06	1	0	1	0
           105	2023-06-14 12:50:13	1	0	1	0
           182	2023-06-14 12:50:23	1	0	15	0
           398	2023-06-14 12:50:32	1	0	1	0
           332	2023-06-14 12:50:50	1	0	15	0
            83	2023-06-14 12:51:12	1	0	1	0
           350	2023-06-14 12:51:16	1	0	1	0
           379	2023-06-14 12:51:22	1	0	1	0
           434	2023-06-14 12:51:29	1	0	1	0
           577	2023-06-14 12:51:41	1	0	1	0
           575	2023-06-14 12:52:27	1	0	1	0
           502	2023-06-14 12:52:33	1	0	1	0
            73	2023-06-14 12:53:04	1	0	1	0
           525	2023-06-14 12:53:49	1	0	1	0
           465	2023-06-14 12:54:25	1	0	1	0
            75	2023-06-14 12:54:38	1	0	1	0
           223	2023-06-14 12:54:46	1	0	1	0
           444	2023-06-14 12:55:16	1	0	1	0
            57	2023-06-14 12:56:03	1	0	1	0
           331	2023-06-14 12:56:08	1	0	1	0
           529	2023-06-14 12:56:50	1	0	1	0
           533	2023-06-14 12:58:35	1	0	1	0
           145	2023-06-14 13:00:02	1	0	1	0
           401	2023-06-14 13:00:05	1	0	1	0
           200	2023-06-14 13:00:11	1	0	1	0
           399	2023-06-14 13:00:23	1	0	1	0
           460	2023-06-14 13:02:17	1	0	1	0
           236	2023-06-14 13:07:11	1	0	1	0
           460	2023-06-14 13:20:06	1	0	1	0
           305	2023-06-14 13:40:01	1	0	1	0
           418	2023-06-14 14:00:19	1	0	15	0
           107	2023-06-14 14:50:58	1	0	1	0
           567	2023-06-14 15:00:21	1	0	1	0
           511	2023-06-14 16:01:06	1	0	1	0
           425	2023-06-14 16:12:56	1	0	1	0
            52	2023-06-14 17:00:08	1	0	1	0
           443	2023-06-14 17:00:15	1	0	1	0
           562	2023-06-14 17:00:19	1	0	1	0
           115	2023-06-14 17:00:29	1	0	1	0
           387	2023-06-14 17:00:36	1	0	15	0
            48	2023-06-14 17:00:42	1	0	15	0
           450	2023-06-14 17:00:47	1	0	1	0
            74	2023-06-14 17:00:52	1	0	1	0
           422	2023-06-14 17:00:58	1	0	1	0
           395	2023-06-14 17:01:04	1	0	1	0
           513	2023-06-14 17:01:08	1	0	1	0
           472	2023-06-14 17:01:12	1	0	1	0
           471	2023-06-14 17:01:17	1	0	1	0
           575	2023-06-14 17:01:23	1	0	1	0
           149	2023-06-14 17:01:28	1	0	1	0
           559	2023-06-14 17:01:33	1	0	1	0
           223	2023-06-14 17:01:39	1	0	1	0
           366	2023-06-14 17:01:44	1	0	1	0
           397	2023-06-14 17:01:48	1	0	1	0
           123	2023-06-14 17:01:58	1	0	1	0
           572	2023-06-14 17:02:03	1	0	1	0
           184	2023-06-14 17:02:08	1	0	1	0
           475	2023-06-14 17:02:13	1	0	1	0
           361	2023-06-14 17:02:20	1	0	1	0
           576	2023-06-14 17:02:27	1	0	1	0
           120	2023-06-14 17:02:35	1	0	1	0
           571	2023-06-14 17:02:48	1	0	1	0
           566	2023-06-14 17:02:57	1	0	1	0
           581	2023-06-14 17:03:00	1	0	1	0
           101	2023-06-14 17:03:18	1	0	1	0
           224	2023-06-14 17:03:32	1	0	15	0
           530	2023-06-14 17:03:43	1	0	1	0
           405	2023-06-14 17:03:49	1	0	1	0
           493	2023-06-14 17:03:57	1	0	1	0
           417	2023-06-14 17:04:08	1	0	1	0
           568	2023-06-14 17:04:19	1	0	1	0
           551	2023-06-14 17:04:25	1	0	1	0
           582	2023-06-14 17:04:31	1	0	1	0
            39	2023-06-14 17:04:41	1	0	1	0
           252	2023-06-14 17:04:48	1	0	15	0
            66	2023-06-14 17:05:04	1	0	15	0
           533	2023-06-14 17:05:12	1	0	1	0
           379	2023-06-14 17:05:18	1	0	1	0
           236	2023-06-14 17:05:25	1	0	1	0
           182	2023-06-14 17:05:30	1	0	1	0
           196	2023-06-14 17:05:38	1	0	1	0
           410	2023-06-14 17:05:45	1	0	15	0
           413	2023-06-14 17:05:50	1	0	4	0
           119	2023-06-14 17:06:00	1	0	15	0
           363	2023-06-14 17:06:10	1	0	1	0
           385	2023-06-14 17:06:16	1	0	1	0
           125	2023-06-14 17:06:20	1	0	1	0
           537	2023-06-14 17:06:30	1	0	1	0
           580	2023-06-14 17:06:37	1	0	1	0
           403	2023-06-14 17:06:45	1	0	1	0
           360	2023-06-14 17:06:53	1	0	1	0
           350	2023-06-14 17:06:59	1	0	1	0
            38	2023-06-14 17:07:15	1	0	1	0
           187	2023-06-14 17:07:24	1	0	1	0
            73	2023-06-14 17:08:21	1	0	1	0
           331	2023-06-14 17:08:25	1	0	1	0
           476	2023-06-14 17:08:37	1	0	1	0
           399	2023-06-14 17:08:44	1	0	1	0
           352	2023-06-14 17:08:59	1	0	1	0
           434	2023-06-14 17:09:03	1	0	1	0
            37	2023-06-14 17:09:11	1	0	1	0
           536	2023-06-14 17:09:42	1	0	1	0
           577	2023-06-14 17:10:15	1	0	1	0
            93	2023-06-14 17:10:22	1	0	15	0
           241	2023-06-14 17:11:43	1	0	1	0
           374	2023-06-14 17:12:16	1	0	15	0
            27	2023-06-14 17:12:23	1	0	1	0
           348	2023-06-14 17:12:37	1	0	1	0
            57	2023-06-14 17:12:44	1	0	1	0
           556	2023-06-14 17:12:51	1	0	1	0
           453	2023-06-14 17:12:59	1	0	1	0
           185	2023-06-14 17:13:05	1	0	1	0
           547	2023-06-14 17:13:09	1	0	1	0
           546	2023-06-14 17:13:17	1	0	1	0
           194	2023-06-14 17:13:26	1	0	15	0
           573	2023-06-14 17:13:31	1	0	1	0
           554	2023-06-14 17:13:38	1	0	1	0
           275	2023-06-14 17:13:44	1	0	1	0
           206	2023-06-14 17:13:49	1	0	1	0
           529	2023-06-14 17:13:57	1	0	1	0
           478	2023-06-14 17:14:10	1	0	1	0
           527	2023-06-14 17:14:25	1	0	15	0
           228	2023-06-14 17:14:49	1	0	15	0
           557	2023-06-14 17:15:06	1	0	1	0
           473	2023-06-14 17:15:11	1	0	1	0
           181	2023-06-14 17:15:56	1	0	1	0
            91	2023-06-14 17:16:02	1	0	1	0
           142	2023-06-14 17:16:46	1	0	15	0
           132	2023-06-14 17:17:52	1	0	15	0
            77	2023-06-14 17:19:36	1	0	1	0
            69	2023-06-14 17:22:13	1	0	1	0
           569	2023-06-14 17:24:31	1	0	1	0
           121	2023-06-14 17:27:17	1	0	1	0
           249	2023-06-14 17:27:27	1	0	15	0
           118	2023-06-14 17:28:12	1	0	1	0
           105	2023-06-14 17:28:29	1	0	1	0
           502	2023-06-14 17:35:04	1	0	1	0
           265	2023-06-14 17:35:23	1	0	1	0
           337	2023-06-14 17:39:23	1	0	1	0
           314	2023-06-14 17:39:31	1	0	1	0
           467	2023-06-14 17:39:35	1	0	1	0
           525	2023-06-14 17:40:33	1	0	1	0
           579	2023-06-14 17:41:10	1	0	1	0
           504	2023-06-14 17:41:15	1	0	1	0
           408	2023-06-14 17:41:52	1	0	1	0
           146	2023-06-14 17:41:59	1	0	15	0
           401	2023-06-14 17:42:46	1	0	1	0
           114	2023-06-14 17:43:27	1	0	1	0
            87	2023-06-14 17:43:36	1	0	15	0
           259	2023-06-14 17:46:27	1	0	15	0
           404	2023-06-14 17:47:12	1	0	1	0
           312	2023-06-14 17:49:01	1	0	1	0
           381	2023-06-14 17:51:45	1	0	1	0
           370	2023-06-14 17:53:31	1	0	1	0
           332	2023-06-14 17:56:23	1	0	15	0
            40	2023-06-14 17:57:38	1	0	1	0
           114	2023-06-14 18:02:16	1	0	1	0
           460	2023-06-14 18:02:41	1	0	1	0
           355	2023-06-14 18:04:32	1	0	1	0
           335	2023-06-14 18:06:45	1	0	1	0
            83	2023-06-14 18:07:54	1	0	1	0
           465	2023-06-14 18:38:12	1	0	1	0
            75	2023-06-14 18:38:19	1	0	1	0
           369	2023-06-14 18:43:06	1	0	1	0
           145	2023-06-14 18:50:20	1	0	1	0
           200	2023-06-14 19:32:24	1	0	1	0
           574	2023-06-14 19:33:12	1	0	1	0
           444	2023-06-14 19:33:27	1	0	1	0
           183	2023-06-14 19:47:00	1	0	1	0
            88	2023-06-14 20:18:11	1	0	15	0
           205	2023-06-14 20:18:50	1	0	1	0
            45	2023-06-14 21:58:14	1	0	1	0
           492	2023-06-14 22:00:31	1	0	1	0
           516	2023-06-14 22:00:45	1	0	1	0
           305	2023-06-14 22:02:12	1	0	1	0
           398	2023-06-14 22:03:31	1	0	1	0
           124	2023-06-14 22:23:54	1	0	15	0
           107	2023-06-14 23:01:25	1	0	1	0
           492	2023-06-15 05:42:09	1	0	1	0
           567	2023-06-15 05:52:44	1	0	1	0
           337	2023-06-15 06:07:23	1	0	1	0
            58	2023-06-15 06:11:23	1	0	1	0
           395	2023-06-15 06:14:36	1	0	1	0
           574	2023-06-15 06:17:07	1	0	1	0
           119	2023-06-15 06:19:50	1	0	15	0
           224	2023-06-15 06:20:15	1	0	1	0
           196	2023-06-15 06:20:24	1	0	1	0
           387	2023-06-15 06:31:37	1	0	15	0
           443	2023-06-15 06:38:42	1	0	15	0
           123	2023-06-15 06:43:13	1	0	1	0
           314	2023-06-15 06:43:22	1	0	1	0
           120	2023-06-15 06:43:31	1	0	1	0
           408	2023-06-15 06:44:26	1	0	15	0
           422	2023-06-15 06:45:09	1	0	1	0
           385	2023-06-15 06:48:48	1	0	1	0
           381	2023-06-15 06:52:02	1	0	1	0
           425	2023-06-15 06:54:36	1	0	1	0
           511	2023-06-15 06:55:06	1	0	1	0
           366	2023-06-15 06:58:43	1	0	1	0
           576	2023-06-15 06:58:51	1	0	1	0
            70	2023-06-15 06:59:07	1	0	1	0
           546	2023-06-15 07:03:09	1	0	1	0
           124	2023-06-15 07:04:01	1	0	15	0
           398	2023-06-15 07:04:08	1	0	1	0
           559	2023-06-15 07:04:14	1	0	1	0
            77	2023-06-15 07:05:58	1	0	1	0
           252	2023-06-15 07:06:07	1	0	15	0
            91	2023-06-15 07:09:46	1	0	1	0
           223	2023-06-15 07:09:53	1	0	1	0
           185	2023-06-15 07:10:07	1	0	1	0
           575	2023-06-15 07:10:13	1	0	1	0
           529	2023-06-15 07:10:29	1	0	1	0
           582	2023-06-15 07:10:37	1	0	1	0
           569	2023-06-15 07:11:17	1	0	1	0
           557	2023-06-15 07:11:28	1	0	1	0
           473	2023-06-15 07:11:46	1	0	1	0
           566	2023-06-15 07:11:52	1	0	1	0
           581	2023-06-15 07:11:55	1	0	1	0
           259	2023-06-15 07:12:57	1	0	15	0
           182	2023-06-15 07:13:47	1	0	15	0
           533	2023-06-15 07:13:55	1	0	1	0
            88	2023-06-15 07:15:14	1	0	15	0
           275	2023-06-15 07:16:56	1	0	1	0
           206	2023-06-15 07:17:00	1	0	1	0
           114	2023-06-15 07:17:17	1	0	1	0
            48	2023-06-15 07:17:34	1	0	1	0
           352	2023-06-15 07:17:54	1	0	1	0
           579	2023-06-15 07:18:33	1	0	1	0
            37	2023-06-15 07:19:19	1	0	1	0
           553	2023-06-15 07:19:40	1	0	1	0
           554	2023-06-15 07:19:51	1	0	1	0
           467	2023-06-15 07:21:52	1	0	1	0
           101	2023-06-15 07:23:31	1	0	1	0
           146	2023-06-15 07:25:26	1	0	15	0
           184	2023-06-15 07:25:31	1	0	1	0
           374	2023-06-15 07:25:39	1	0	1	0
            39	2023-06-15 07:25:51	1	0	1	0
           236	2023-06-15 07:26:15	1	0	1	0
           504	2023-06-15 07:27:28	1	0	1	0
           541	2023-06-15 07:28:01	1	0	1	0
           413	2023-06-15 07:29:01	1	0	4	0
           573	2023-06-15 07:29:10	1	0	1	0
           444	2023-06-15 07:29:17	1	0	1	0
           434	2023-06-15 07:29:50	1	0	1	0
           404	2023-06-15 07:31:16	1	0	1	0
           105	2023-06-15 07:31:19	1	0	1	0
            27	2023-06-15 07:32:37	1	0	1	0
           348	2023-06-15 07:32:52	1	0	15	0
           453	2023-06-15 07:33:46	1	0	15	0
           114	2023-06-15 07:33:52	1	0	1	0
           568	2023-06-15 07:34:00	1	0	1	0
            66	2023-06-15 07:34:19	1	0	15	0
           149	2023-06-15 07:34:35	1	0	1	0
           338	2023-06-15 07:34:45	1	0	1	0
           379	2023-06-15 07:35:12	1	0	1	0
           115	2023-06-15 07:36:10	1	0	1	0
           556	2023-06-15 07:36:47	1	0	1	0
           547	2023-06-15 07:37:00	1	0	1	0
           502	2023-06-15 07:37:05	1	0	1	0
           493	2023-06-15 07:37:29	1	0	1	0
           355	2023-06-15 07:39:26	1	0	1	0
           331	2023-06-15 07:40:15	1	0	1	0
           360	2023-06-15 07:41:26	1	0	1	0
            38	2023-06-15 07:41:34	1	0	1	0
            73	2023-06-15 07:41:51	1	0	1	0
           465	2023-06-15 07:42:14	1	0	1	0
            75	2023-06-15 07:42:20	1	0	1	0
           475	2023-06-15 07:43:59	1	0	1	0
           335	2023-06-15 07:44:07	1	0	1	0
            83	2023-06-15 07:44:19	1	0	1	0
            43	2023-06-15 07:44:26	1	0	1	0
           536	2023-06-15 07:44:33	1	0	1	0
            93	2023-06-15 07:44:42	1	0	15	0
           478	2023-06-15 07:45:07	1	0	15	0
           513	2023-06-15 07:45:14	1	0	15	0
           205	2023-06-15 07:45:30	1	0	1	0
            69	2023-06-15 07:46:14	1	0	1	0
           142	2023-06-15 07:46:29	1	0	1	0
           132	2023-06-15 07:46:34	1	0	15	0
           265	2023-06-15 07:46:58	1	0	1	0
           118	2023-06-15 07:47:06	1	0	1	0
           350	2023-06-15 07:47:41	1	0	1	0
           476	2023-06-15 07:47:54	1	0	1	0
           410	2023-06-15 07:48:19	1	0	15	0
           551	2023-06-15 07:49:29	1	0	1	0
           580	2023-06-15 07:49:59	1	0	1	0
            40	2023-06-15 07:50:10	1	0	1	0
           571	2023-06-15 07:50:17	1	0	1	0
           472	2023-06-15 07:50:33	1	0	1	0
           471	2023-06-15 07:50:40	1	0	1	0
           530	2023-06-15 07:51:01	1	0	1	0
           401	2023-06-15 07:51:18	1	0	1	0
            87	2023-06-15 07:51:48	1	0	15	0
           399	2023-06-15 07:52:15	1	0	1	0
           403	2023-06-15 07:52:31	1	0	1	0
           370	2023-06-15 07:52:47	1	0	1	0
           145	2023-06-15 07:52:58	1	0	1	0
           187	2023-06-15 07:53:16	1	0	1	0
           525	2023-06-15 07:53:22	1	0	1	0
           361	2023-06-15 07:53:36	1	0	1	0
           527	2023-06-15 07:53:46	1	0	1	0
           241	2023-06-15 07:53:59	1	0	1	0
           363	2023-06-15 07:54:27	1	0	1	0
           450	2023-06-15 07:54:58	1	0	15	0
           181	2023-06-15 07:56:07	1	0	1	0
            57	2023-06-15 07:56:56	1	0	1	0
           194	2023-06-15 07:57:02	1	0	1	0
           228	2023-06-15 07:57:09	1	0	15	0
           312	2023-06-15 07:58:28	1	0	1	0
           537	2023-06-15 07:59:34	1	0	1	0
            80	2023-06-15 07:59:43	1	0	15	0
           572	2023-06-15 08:00:06	1	0	1	0
           460	2023-06-15 08:00:31	1	0	1	0
           121	2023-06-15 08:00:41	1	0	1	0
           516	2023-06-15 08:01:29	1	0	1	0
           417	2023-06-15 08:02:43	1	0	1	0
            45	2023-06-15 08:04:09	1	0	15	0
           562	2023-06-15 08:04:16	1	0	1	0
           249	2023-06-15 08:05:18	1	0	15	0
           125	2023-06-15 08:06:44	1	0	1	0
           369	2023-06-15 08:11:58	1	0	1	0
           200	2023-06-15 08:16:52	1	0	1	0
           144	2023-06-15 08:55:03	1	0	1	0
           332	2023-06-15 09:31:36	1	0	1	0
           577	2023-06-15 09:49:31	1	0	1	0
           511	2023-06-15 11:00:38	1	0	1	0
           425	2023-06-15 11:05:19	1	0	1	0
           511	2023-06-15 11:16:06	1	0	1	0
           425	2023-06-15 11:28:32	1	0	1	0
           443	2023-06-15 11:30:26	1	0	1	0
           566	2023-06-15 11:30:54	1	0	1	0
           224	2023-06-15 11:31:20	1	0	1	0
           385	2023-06-15 11:31:34	1	0	1	0
           196	2023-06-15 11:31:41	1	0	1	0
           582	2023-06-15 11:31:46	1	0	1	0
           559	2023-06-15 11:32:01	1	0	1	0
           576	2023-06-15 11:32:21	1	0	15	0
           119	2023-06-15 11:33:13	1	0	15	0
           422	2023-06-15 11:33:22	1	0	1	0
           223	2023-06-15 11:33:28	1	0	1	0
           533	2023-06-15 11:33:36	1	0	1	0
           475	2023-06-15 11:33:42	1	0	1	0
           581	2023-06-15 11:33:46	1	0	15	0
           366	2023-06-15 11:33:59	1	0	1	0
           123	2023-06-15 11:36:48	1	0	1	0
           236	2023-06-15 11:37:15	1	0	1	0
           360	2023-06-15 11:37:47	1	0	1	0
           387	2023-06-15 11:41:26	1	0	15	0
           115	2023-06-15 12:00:04	1	0	1	0
           379	2023-06-15 12:00:08	1	0	1	0
           571	2023-06-15 12:00:14	1	0	1	0
           149	2023-06-15 12:00:22	1	0	1	0
           537	2023-06-15 12:00:33	1	0	1	0
           125	2023-06-15 12:00:40	1	0	1	0
            48	2023-06-15 12:00:45	1	0	1	0
            27	2023-06-15 12:00:55	1	0	1	0
            73	2023-06-15 12:01:23	1	0	1	0
           184	2023-06-15 12:01:30	1	0	1	0
           146	2023-06-15 12:01:35	1	0	15	0
            43	2023-06-15 12:01:41	1	0	1	0
           387	2023-06-15 12:01:50	1	0	15	0
           422	2023-06-15 12:01:56	1	0	1	0
           493	2023-06-15 12:02:08	1	0	1	0
           196	2023-06-15 12:02:15	1	0	1	0
           385	2023-06-15 12:02:19	1	0	1	0
           559	2023-06-15 12:02:22	1	0	1	0
           335	2023-06-15 12:02:27	1	0	1	0
           443	2023-06-15 12:02:31	1	0	1	0
           582	2023-06-15 12:02:38	1	0	1	0
           119	2023-06-15 12:02:48	1	0	15	0
           475	2023-06-15 12:02:55	1	0	1	0
           576	2023-06-15 12:03:03	1	0	1	0
           366	2023-06-15 12:03:10	1	0	1	0
           360	2023-06-15 12:03:23	1	0	1	0
           224	2023-06-15 12:03:32	1	0	1	0
           572	2023-06-15 12:03:37	1	0	1	0
           562	2023-06-15 12:03:41	1	0	1	0
           355	2023-06-15 12:03:45	1	0	1	0
           556	2023-06-15 12:03:50	1	0	1	0
           404	2023-06-15 12:03:55	1	0	1	0
           444	2023-06-15 12:04:01	1	0	1	0
           574	2023-06-15 12:04:05	1	0	1	0
           200	2023-06-15 12:04:10	1	0	1	0
           132	2023-06-15 12:04:15	1	0	1	0
            66	2023-06-15 12:04:27	1	0	15	0
           350	2023-06-15 12:04:34	1	0	1	0
           568	2023-06-15 12:04:40	1	0	1	0
           577	2023-06-15 12:04:48	1	0	1	0
           369	2023-06-15 12:04:54	1	0	1	0
           547	2023-06-15 12:04:59	1	0	1	0
            83	2023-06-15 12:05:06	1	0	1	0
            80	2023-06-15 12:05:12	1	0	15	0
           551	2023-06-15 12:05:17	1	0	1	0
           569	2023-06-15 12:05:21	1	0	1	0
           252	2023-06-15 12:05:27	1	0	15	0
           331	2023-06-15 12:05:32	1	0	1	0
            39	2023-06-15 12:05:38	1	0	1	0
           471	2023-06-15 12:05:47	1	0	1	0
           472	2023-06-15 12:05:51	1	0	1	0
           557	2023-06-15 12:05:55	1	0	1	0
           118	2023-06-15 12:06:04	1	0	1	0
           573	2023-06-15 12:06:08	1	0	1	0
           504	2023-06-15 12:06:14	1	0	15	0
           194	2023-06-15 12:06:20	1	0	15	0
           228	2023-06-15 12:06:27	1	0	15	0
           332	2023-06-15 12:06:40	1	0	15	0
           413	2023-06-15 12:06:49	1	0	4	0
           580	2023-06-15 12:07:03	1	0	1	0
           536	2023-06-15 12:08:01	1	0	1	0
           527	2023-06-15 12:08:07	1	0	1	0
           185	2023-06-15 12:08:20	1	0	1	0
           181	2023-06-15 12:09:07	1	0	1	0
           450	2023-06-15 12:09:15	1	0	15	0
           530	2023-06-15 12:09:24	1	0	1	0
           403	2023-06-15 12:09:31	1	0	1	0
           241	2023-06-15 12:09:33	1	0	1	0
            75	2023-06-15 12:10:06	1	0	1	0
           434	2023-06-15 12:10:33	1	0	1	0
           381	2023-06-15 12:10:42	1	0	1	0
            77	2023-06-15 12:10:57	1	0	1	0
           513	2023-06-15 12:11:05	1	0	1	0
           492	2023-06-15 12:11:10	1	0	1	0
           516	2023-06-15 12:11:16	1	0	1	0
            87	2023-06-15 12:11:22	1	0	15	0
           121	2023-06-15 12:11:40	1	0	1	0
           249	2023-06-15 12:11:47	1	0	1	0
            38	2023-06-15 12:12:01	1	0	1	0
           114	2023-06-15 12:13:14	1	0	1	0
           465	2023-06-15 12:13:19	1	0	1	0
           205	2023-06-15 12:13:34	1	0	1	0
            40	2023-06-15 12:14:05	1	0	1	0
            88	2023-06-15 12:14:21	1	0	15	0
           370	2023-06-15 12:14:28	1	0	15	0
            93	2023-06-15 12:14:36	1	0	15	0
           529	2023-06-15 12:15:18	1	0	15	0
           115	2023-06-15 12:16:03	1	0	1	0
           259	2023-06-15 12:16:34	1	0	1	0
           146	2023-06-15 12:16:40	1	0	1	0
            43	2023-06-15 12:17:45	1	0	1	0
            37	2023-06-15 12:17:53	1	0	1	0
           184	2023-06-15 12:18:02	1	0	1	0
           265	2023-06-15 12:18:44	1	0	1	0
           562	2023-06-15 12:19:06	1	0	1	0
           404	2023-06-15 12:19:10	1	0	1	0
           335	2023-06-15 12:19:20	1	0	1	0
           123	2023-06-15 12:19:43	1	0	1	0
            27	2023-06-15 12:19:50	1	0	1	0
           348	2023-06-15 12:19:53	1	0	1	0
           493	2023-06-15 12:20:09	1	0	15	0
            83	2023-06-15 12:20:47	1	0	1	0
           182	2023-06-15 12:21:01	1	0	15	0
           573	2023-06-15 12:21:14	1	0	1	0
           275	2023-06-15 12:21:24	1	0	15	0
           504	2023-06-15 12:21:29	1	0	1	0
           413	2023-06-15 12:22:20	1	0	4	0
           556	2023-06-15 12:23:20	1	0	1	0
           352	2023-06-15 12:23:26	1	0	1	0
           410	2023-06-15 12:23:33	1	0	15	0
           206	2023-06-15 12:23:41	1	0	1	0
           568	2023-06-15 12:23:47	1	0	1	0
            91	2023-06-15 12:24:09	1	0	1	0
           185	2023-06-15 12:24:47	1	0	1	0
           527	2023-06-15 12:24:52	1	0	1	0
           536	2023-06-15 12:24:58	1	0	1	0
           241	2023-06-15 12:25:32	1	0	1	0
           312	2023-06-15 12:26:02	1	0	1	0
           478	2023-06-15 12:26:22	1	0	1	0
           120	2023-06-15 12:26:58	1	0	1	0
           530	2023-06-15 12:27:14	1	0	1	0
            77	2023-06-15 12:27:25	1	0	1	0
           194	2023-06-15 12:28:12	1	0	1	0
           228	2023-06-15 12:28:20	1	0	15	0
           332	2023-06-15 12:28:41	1	0	1	0
           492	2023-06-15 12:28:49	1	0	1	0
           337	2023-06-15 12:28:59	1	0	1	0
            69	2023-06-15 12:29:04	1	0	1	0
           314	2023-06-15 12:29:10	1	0	1	0
           546	2023-06-15 12:29:15	1	0	1	0
           467	2023-06-15 12:29:20	1	0	1	0
           579	2023-06-15 12:29:27	1	0	1	0
           516	2023-06-15 12:29:33	1	0	1	0
           471	2023-06-15 12:29:50	1	0	1	0
           472	2023-06-15 12:29:56	1	0	1	0
           557	2023-06-15 12:30:00	1	0	1	0
           118	2023-06-15 12:30:05	1	0	1	0
           145	2023-06-15 12:30:11	1	0	1	0
           369	2023-06-15 12:30:15	1	0	1	0
           403	2023-06-15 12:30:22	1	0	1	0
           513	2023-06-15 12:30:27	1	0	1	0
           399	2023-06-15 12:30:33	1	0	1	0
           541	2023-06-15 12:30:40	1	0	15	0
           374	2023-06-15 12:30:48	1	0	15	0
           114	2023-06-15 12:30:55	1	0	1	0
           580	2023-06-15 12:31:03	1	0	1	0
            73	2023-06-15 12:32:55	1	0	1	0
           363	2023-06-15 12:33:05	1	0	1	0
           361	2023-06-15 12:33:10	1	0	1	0
           417	2023-06-15 12:33:18	1	0	1	0
            45	2023-06-15 12:33:51	1	0	15	0
            39	2023-06-15 12:34:01	1	0	1	0
            74	2023-06-15 12:34:14	1	0	1	0
           149	2023-06-15 12:35:22	1	0	1	0
           574	2023-06-15 12:35:31	1	0	1	0
           183	2023-06-15 12:35:51	1	0	1	0
           572	2023-06-15 12:36:51	1	0	1	0
            38	2023-06-15 12:37:41	1	0	1	0
           551	2023-06-15 12:38:21	1	0	1	0
            80	2023-06-15 12:38:27	1	0	15	0
           259	2023-06-15 12:39:14	1	0	15	0
           450	2023-06-15 12:39:25	1	0	1	0
           206	2023-06-15 12:40:19	1	0	1	0
           348	2023-06-15 12:40:27	1	0	1	0
           529	2023-06-15 12:40:36	1	0	15	0
           410	2023-06-15 12:40:54	1	0	15	0
           352	2023-06-15 12:41:03	1	0	1	0
           575	2023-06-15 12:41:14	1	0	1	0
           142	2023-06-15 12:41:18	1	0	1	0
           132	2023-06-15 12:41:46	1	0	1	0
           249	2023-06-15 12:41:53	1	0	15	0
           121	2023-06-15 12:42:08	1	0	1	0
           144	2023-06-15 12:42:14	1	0	1	0
           502	2023-06-15 12:42:17	1	0	1	0
           569	2023-06-15 12:42:22	1	0	1	0
           547	2023-06-15 12:42:31	1	0	1	0
            87	2023-06-15 12:42:44	1	0	15	0
           355	2023-06-15 12:43:36	1	0	1	0
           546	2023-06-15 12:44:15	1	0	1	0
           467	2023-06-15 12:44:30	1	0	1	0
           579	2023-06-15 12:44:37	1	0	1	0
           314	2023-06-15 12:44:42	1	0	1	0
            57	2023-06-15 12:45:08	1	0	1	0
            75	2023-06-15 12:45:46	1	0	1	0
            69	2023-06-15 12:46:07	1	0	1	0
           337	2023-06-15 12:46:14	1	0	1	0
            40	2023-06-15 12:46:21	1	0	1	0
           537	2023-06-15 12:46:33	1	0	1	0
           125	2023-06-15 12:46:42	1	0	1	0
           350	2023-06-15 12:46:50	1	0	1	0
           401	2023-06-15 12:46:58	1	0	1	0
           374	2023-06-15 12:47:13	1	0	15	0
           541	2023-06-15 12:47:18	1	0	15	0
           114	2023-06-15 12:47:24	1	0	1	0
           566	2023-06-15 12:47:47	1	0	1	0
           581	2023-06-15 12:47:57	1	0	1	0
           331	2023-06-15 12:48:14	1	0	1	0
            74	2023-06-15 12:50:18	1	0	15	0
           434	2023-06-15 12:51:05	1	0	1	0
            88	2023-06-15 12:52:00	1	0	15	0
           183	2023-06-15 12:52:07	1	0	1	0
            93	2023-06-15 12:52:14	1	0	15	0
           370	2023-06-15 12:52:23	1	0	15	0
           379	2023-06-15 12:52:32	1	0	15	0
           312	2023-06-15 12:53:49	1	0	1	0
           381	2023-06-15 12:54:43	1	0	1	0
           363	2023-06-15 12:54:59	1	0	1	0
           361	2023-06-15 12:55:08	1	0	1	0
           417	2023-06-15 12:55:14	1	0	1	0
           145	2023-06-15 12:55:27	1	0	1	0
           478	2023-06-15 12:55:42	1	0	1	0
            45	2023-06-15 12:55:53	1	0	15	0
           399	2023-06-15 12:56:00	1	0	1	0
           575	2023-06-15 12:56:38	1	0	1	0
           223	2023-06-15 12:56:44	1	0	1	0
           444	2023-06-15 12:56:50	1	0	1	0
           533	2023-06-15 12:57:51	1	0	1	0
           502	2023-06-15 12:58:12	1	0	1	0
           142	2023-06-15 12:58:33	1	0	1	0
           401	2023-06-15 13:02:00	1	0	15	0
           236	2023-06-15 13:03:57	1	0	1	0
           460	2023-06-15 13:10:00	1	0	1	0
           571	2023-06-15 13:27:04	1	0	1	0
           460	2023-06-15 13:37:45	1	0	1	0
           107	2023-06-15 13:49:25	1	0	1	0
           418	2023-06-15 13:57:16	1	0	15	0
           567	2023-06-15 14:00:34	1	0	1	0
            70	2023-06-15 15:00:07	1	0	1	0
           511	2023-06-15 16:03:28	1	0	1	0
           425	2023-06-15 16:04:37	1	0	1	0
            58	2023-06-15 17:00:16	1	0	1	0
           115	2023-06-15 17:00:24	1	0	1	0
            48	2023-06-15 17:00:30	1	0	15	0
            74	2023-06-15 17:00:35	1	0	1	0
           387	2023-06-15 17:00:41	1	0	15	0
           422	2023-06-15 17:00:52	1	0	1	0
           571	2023-06-15 17:00:57	1	0	1	0
           562	2023-06-15 17:01:01	1	0	1	0
           453	2023-06-15 17:01:09	1	0	1	0
            73	2023-06-15 17:01:19	1	0	1	0
            66	2023-06-15 17:01:27	1	0	15	0
            39	2023-06-15 17:01:35	1	0	1	0
            37	2023-06-15 17:01:43	1	0	1	0
           259	2023-06-15 17:01:50	1	0	15	0
           568	2023-06-15 17:02:01	1	0	1	0
           471	2023-06-15 17:02:07	1	0	1	0
           369	2023-06-15 17:02:11	1	0	1	0
           443	2023-06-15 17:02:16	1	0	15	0
            93	2023-06-15 17:02:24	1	0	15	0
           417	2023-06-15 17:02:34	1	0	15	0
           513	2023-06-15 17:02:41	1	0	1	0
           472	2023-06-15 17:02:46	1	0	1	0
           572	2023-06-15 17:02:51	1	0	1	0
           434	2023-06-15 17:02:58	1	0	1	0
           580	2023-06-15 17:03:04	1	0	1	0
           403	2023-06-15 17:03:09	1	0	1	0
           223	2023-06-15 17:03:15	1	0	1	0
           559	2023-06-15 17:03:20	1	0	1	0
           350	2023-06-15 17:03:27	1	0	1	0
           363	2023-06-15 17:03:35	1	0	1	0
           475	2023-06-15 17:03:41	1	0	1	0
           228	2023-06-15 17:03:47	1	0	15	0
           120	2023-06-15 17:04:08	1	0	1	0
           566	2023-06-15 17:04:14	1	0	1	0
           149	2023-06-15 17:04:27	1	0	1	0
           576	2023-06-15 17:04:32	1	0	1	0
           366	2023-06-15 17:04:39	1	0	1	0
           533	2023-06-15 17:04:44	1	0	1	0
           581	2023-06-15 17:04:54	1	0	1	0
            38	2023-06-15 17:04:59	1	0	1	0
           101	2023-06-15 17:05:03	1	0	1	0
           119	2023-06-15 17:05:17	1	0	15	0
           379	2023-06-15 17:05:47	1	0	1	0
           582	2023-06-15 17:06:01	1	0	1	0
           413	2023-06-15 17:06:04	1	0	4	0
           478	2023-06-15 17:06:11	1	0	1	0
           385	2023-06-15 17:06:16	1	0	1	0
           395	2023-06-15 17:06:25	1	0	1	0
           123	2023-06-15 17:06:32	1	0	1	0
           224	2023-06-15 17:06:40	1	0	1	0
           196	2023-06-15 17:06:46	1	0	1	0
           410	2023-06-15 17:06:52	1	0	15	0
           360	2023-06-15 17:07:07	1	0	1	0
           398	2023-06-15 17:07:10	1	0	1	0
           575	2023-06-15 17:07:15	1	0	1	0
           527	2023-06-15 17:07:21	1	0	1	0
           502	2023-06-15 17:07:27	1	0	1	0
           332	2023-06-15 17:07:34	1	0	1	0
           194	2023-06-15 17:07:39	1	0	1	0
           551	2023-06-15 17:07:44	1	0	1	0
           348	2023-06-15 17:07:51	1	0	1	0
           185	2023-06-15 17:07:58	1	0	1	0
           476	2023-06-15 17:08:04	1	0	1	0
           352	2023-06-15 17:08:08	1	0	1	0
           241	2023-06-15 17:08:14	1	0	1	0
           547	2023-06-15 17:08:22	1	0	1	0
           252	2023-06-15 17:08:27	1	0	15	0
           205	2023-06-15 17:08:36	1	0	1	0
            57	2023-06-15 17:08:43	1	0	1	0
           265	2023-06-15 17:08:49	1	0	1	0
            77	2023-06-15 17:08:54	1	0	1	0
            91	2023-06-15 17:08:58	1	0	1	0
            40	2023-06-15 17:09:04	1	0	1	0
            27	2023-06-15 17:09:09	1	0	1	0
           493	2023-06-15 17:09:18	1	0	1	0
           236	2023-06-15 17:09:24	1	0	1	0
           125	2023-06-15 17:09:29	1	0	1	0
           537	2023-06-15 17:09:33	1	0	1	0
           450	2023-06-15 17:09:44	1	0	1	0
           530	2023-06-15 17:09:50	1	0	1	0
           121	2023-06-15 17:09:57	1	0	1	0
           184	2023-06-15 17:10:47	1	0	1	0
           144	2023-06-15 17:11:58	1	0	1	0
           529	2023-06-15 17:12:27	1	0	15	0
           146	2023-06-15 17:13:16	1	0	15	0
           569	2023-06-15 17:13:32	1	0	1	0
           444	2023-06-15 17:14:02	1	0	1	0
           331	2023-06-15 17:15:00	1	0	1	0
           182	2023-06-15 17:16:09	1	0	15	0
            69	2023-06-15 17:17:06	1	0	1	0
            43	2023-06-15 17:17:18	1	0	1	0
           574	2023-06-15 17:18:26	1	0	1	0
           467	2023-06-15 17:18:55	1	0	1	0
            80	2023-06-15 17:20:58	1	0	1	0
           546	2023-06-15 17:21:24	1	0	1	0
           536	2023-06-15 17:21:30	1	0	1	0
           401	2023-06-15 17:21:34	1	0	1	0
           114	2023-06-15 17:22:11	1	0	1	0
           142	2023-06-15 17:22:45	1	0	1	0
           132	2023-06-15 17:22:53	1	0	15	0
            87	2023-06-15 17:23:11	1	0	15	0
            88	2023-06-15 17:23:30	1	0	15	0
            83	2023-06-15 17:25:38	1	0	1	0
           573	2023-06-15 17:28:02	1	0	1	0
           554	2023-06-15 17:28:08	1	0	1	0
           275	2023-06-15 17:28:59	1	0	1	0
           381	2023-06-15 17:31:18	1	0	1	0
           579	2023-06-15 17:32:35	1	0	1	0
           541	2023-06-15 17:32:43	1	0	1	0
           337	2023-06-15 17:32:52	1	0	1	0
           314	2023-06-15 17:33:02	1	0	1	0
           504	2023-06-15 17:33:28	1	0	1	0
           374	2023-06-15 17:33:32	1	0	1	0
           183	2023-06-15 17:33:44	1	0	15	0
           206	2023-06-15 17:34:16	1	0	1	0
           249	2023-06-15 17:34:24	1	0	1	0
           556	2023-06-15 17:34:39	1	0	1	0
           118	2023-06-15 17:35:00	1	0	1	0
           370	2023-06-15 17:35:55	1	0	1	0
           399	2023-06-15 17:46:49	1	0	1	0
           404	2023-06-15 17:47:13	1	0	1	0
           181	2023-06-15 17:49:29	1	0	1	0
           145	2023-06-15 17:51:55	1	0	1	0
           355	2023-06-15 18:01:09	1	0	1	0
           460	2023-06-15 18:01:17	1	0	1	0
           473	2023-06-15 18:45:15	1	0	1	0
           312	2023-06-15 18:49:48	1	0	1	0
           105	2023-06-15 18:52:20	1	0	15	0
           408	2023-06-15 18:53:24	1	0	15	0
           525	2023-06-15 18:53:35	1	0	1	0
           557	2023-06-15 18:59:43	1	0	1	0
           335	2023-06-15 19:02:36	1	0	1	0
            75	2023-06-15 19:37:08	1	0	1	0
           465	2023-06-15 19:37:24	1	0	1	0
            45	2023-06-15 19:53:06	1	0	15	0
           516	2023-06-15 21:19:05	1	0	1	0
           124	2023-06-15 21:32:13	1	0	15	0
           107	2023-06-15 21:59:24	1	0	1	0
           338	2023-06-15 22:03:49	1	0	1	0
           418	2023-06-15 22:06:28	1	0	15	0
           305	2023-06-15 22:41:47	1	0	1	0
           492	2023-06-15 22:48:45	1	0	1	0
           381	2023-06-16 05:39:11	1	0	1	0
           252	2023-06-16 05:51:04	1	0	15	0
            70	2023-06-16 05:57:20	1	0	1	0
           124	2023-06-16 06:00:12	1	0	15	0
           337	2023-06-16 06:11:09	1	0	1	0
           395	2023-06-16 06:13:07	1	0	1	0
           492	2023-06-16 06:16:27	1	0	1	0
            58	2023-06-16 06:22:26	1	0	1	0
           387	2023-06-16 06:29:25	1	0	15	0
           196	2023-06-16 06:30:20	1	0	1	0
           265	2023-06-16 06:39:04	1	0	15	0
           422	2023-06-16 06:42:54	1	0	1	0
           314	2023-06-16 06:43:18	1	0	1	0
           567	2023-06-16 06:49:57	1	0	15	0
           575	2023-06-16 06:50:46	1	0	1	0
           385	2023-06-16 06:50:52	1	0	1	0
           224	2023-06-16 06:52:27	1	0	15	0
           366	2023-06-16 06:55:15	1	0	1	0
           576	2023-06-16 06:55:21	1	0	1	0
           511	2023-06-16 06:57:04	1	0	1	0
           425	2023-06-16 06:57:10	1	0	1	0
            91	2023-06-16 06:57:17	1	0	1	0
           185	2023-06-16 06:57:44	1	0	1	0
           119	2023-06-16 06:58:34	1	0	15	0
           582	2023-06-16 06:58:59	1	0	1	0
           360	2023-06-16 06:59:49	1	0	1	0
           305	2023-06-16 07:00:35	1	0	1	0
           556	2023-06-16 07:01:28	1	0	1	0
            77	2023-06-16 07:05:39	1	0	1	0
           559	2023-06-16 07:08:10	1	0	1	0
           581	2023-06-16 07:08:48	1	0	1	0
           566	2023-06-16 07:08:52	1	0	1	0
           123	2023-06-16 07:08:59	1	0	1	0
           120	2023-06-16 07:09:20	1	0	1	0
           533	2023-06-16 07:11:48	1	0	1	0
           546	2023-06-16 07:11:53	1	0	1	0
           574	2023-06-16 07:12:23	1	0	1	0
            37	2023-06-16 07:12:46	1	0	15	0
            48	2023-06-16 07:13:45	1	0	15	0
            74	2023-06-16 07:14:48	1	0	1	0
           554	2023-06-16 07:16:23	1	0	1	0
           223	2023-06-16 07:18:11	1	0	1	0
            66	2023-06-16 07:18:20	1	0	15	0
           259	2023-06-16 07:18:54	1	0	15	0
           579	2023-06-16 07:19:57	1	0	1	0
            39	2023-06-16 07:21:29	1	0	1	0
           114	2023-06-16 07:22:21	1	0	1	0
           184	2023-06-16 07:24:10	1	0	1	0
           569	2023-06-16 07:24:15	1	0	1	0
           541	2023-06-16 07:26:01	1	0	1	0
           149	2023-06-16 07:26:12	1	0	1	0
           236	2023-06-16 07:27:05	1	0	1	0
           374	2023-06-16 07:28:44	1	0	1	0
           504	2023-06-16 07:28:54	1	0	1	0
           573	2023-06-16 07:31:30	1	0	1	0
           434	2023-06-16 07:31:45	1	0	1	0
           101	2023-06-16 07:37:31	1	0	1	0
           205	2023-06-16 07:38:13	1	0	1	0
            38	2023-06-16 07:38:26	1	0	1	0
            73	2023-06-16 07:38:41	1	0	1	0
           206	2023-06-16 07:38:53	1	0	1	0
           275	2023-06-16 07:38:57	1	0	1	0
           125	2023-06-16 07:39:33	1	0	1	0
            43	2023-06-16 07:39:46	1	0	1	0
           493	2023-06-16 07:40:27	1	0	1	0
           475	2023-06-16 07:40:35	1	0	15	0
           553	2023-06-16 07:41:13	1	0	1	0
           397	2023-06-16 07:41:53	1	0	1	0
           408	2023-06-16 07:42:23	1	0	1	0
           355	2023-06-16 07:42:41	1	0	1	0
           444	2023-06-16 07:44:41	1	0	1	0
           379	2023-06-16 07:45:01	1	0	1	0
           527	2023-06-16 07:45:09	1	0	1	0
           571	2023-06-16 07:45:19	1	0	1	0
           529	2023-06-16 07:46:05	1	0	1	0
           547	2023-06-16 07:46:40	1	0	1	0
           502	2023-06-16 07:46:45	1	0	1	0
           142	2023-06-16 07:47:15	1	0	15	0
           132	2023-06-16 07:47:23	1	0	15	0
            40	2023-06-16 07:48:22	1	0	1	0
           513	2023-06-16 07:48:27	1	0	1	0
           551	2023-06-16 07:48:43	1	0	1	0
            87	2023-06-16 07:48:59	1	0	15	0
           348	2023-06-16 07:49:07	1	0	1	0
            27	2023-06-16 07:49:16	1	0	1	0
           453	2023-06-16 07:49:34	1	0	1	0
           404	2023-06-16 07:49:41	1	0	1	0
           105	2023-06-16 07:49:54	1	0	1	0
           465	2023-06-16 07:50:01	1	0	1	0
           352	2023-06-16 07:50:06	1	0	1	0
           145	2023-06-16 07:50:11	1	0	1	0
            75	2023-06-16 07:50:25	1	0	1	0
           471	2023-06-16 07:50:32	1	0	1	0
           118	2023-06-16 07:51:23	1	0	1	0
           181	2023-06-16 07:51:33	1	0	1	0
           417	2023-06-16 07:52:07	1	0	1	0
           331	2023-06-16 07:52:20	1	0	1	0
           369	2023-06-16 07:52:29	1	0	1	0
           350	2023-06-16 07:52:34	1	0	1	0
           476	2023-06-16 07:53:29	1	0	1	0
           530	2023-06-16 07:53:37	1	0	1	0
           537	2023-06-16 07:54:21	1	0	1	0
           405	2023-06-16 07:54:31	1	0	1	0
           450	2023-06-16 07:55:06	1	0	15	0
           403	2023-06-16 07:55:14	1	0	1	0
           568	2023-06-16 07:55:22	1	0	1	0
           572	2023-06-16 07:55:30	1	0	1	0
           115	2023-06-16 07:55:58	1	0	1	0
           478	2023-06-16 07:56:45	1	0	1	0
           114	2023-06-16 07:57:18	1	0	1	0
            69	2023-06-16 07:57:22	1	0	1	0
           410	2023-06-16 07:57:39	1	0	15	0
           361	2023-06-16 07:57:45	1	0	1	0
           363	2023-06-16 07:57:59	1	0	1	0
            88	2023-06-16 07:58:35	1	0	15	0
           562	2023-06-16 07:58:38	1	0	1	0
            80	2023-06-16 07:58:41	1	0	15	0
           536	2023-06-16 07:59:01	1	0	1	0
           399	2023-06-16 07:59:51	1	0	1	0
           182	2023-06-16 08:00:56	1	0	15	0
           516	2023-06-16 08:01:23	1	0	1	0
           473	2023-06-16 08:01:26	1	0	1	0
           557	2023-06-16 08:01:29	1	0	1	0
           370	2023-06-16 08:02:51	1	0	1	0
            57	2023-06-16 08:02:58	1	0	1	0
           241	2023-06-16 08:03:05	1	0	1	0
           200	2023-06-16 08:03:52	1	0	1	0
           121	2023-06-16 08:04:47	1	0	1	0
           194	2023-06-16 08:07:51	1	0	1	0
           228	2023-06-16 08:07:55	1	0	1	0
           580	2023-06-16 08:12:18	1	0	1	0
           401	2023-06-16 08:15:47	1	0	1	0
           525	2023-06-16 08:17:10	1	0	1	0
           249	2023-06-16 08:18:01	1	0	1	0
           398	2023-06-16 08:29:41	1	0	1	0
           312	2023-06-16 08:30:46	1	0	1	0
           467	2023-06-16 08:32:33	1	0	1	0
            45	2023-06-16 08:41:39	1	0	15	0
           144	2023-06-16 08:41:56	1	0	1	0
           460	2023-06-16 08:55:22	1	0	1	0
           332	2023-06-16 09:42:29	1	0	1	0
           577	2023-06-16 09:53:56	1	0	1	0
           511	2023-06-16 11:02:53	1	0	1	0
           425	2023-06-16 11:10:33	1	0	1	0
           511	2023-06-16 11:24:22	1	0	1	0
           387	2023-06-16 11:30:16	1	0	15	0
           224	2023-06-16 11:30:25	1	0	15	0
           559	2023-06-16 11:30:32	1	0	1	0
           366	2023-06-16 11:30:48	1	0	1	0
           223	2023-06-16 11:30:53	1	0	1	0
           566	2023-06-16 11:31:03	1	0	1	0
           581	2023-06-16 11:31:09	1	0	1	0
           582	2023-06-16 11:31:17	1	0	1	0
           236	2023-06-16 11:31:26	1	0	1	0
           576	2023-06-16 11:31:31	1	0	1	0
           422	2023-06-16 11:31:49	1	0	1	0
           385	2023-06-16 11:32:08	1	0	1	0
           475	2023-06-16 11:32:18	1	0	15	0
           196	2023-06-16 11:32:28	1	0	1	0
           119	2023-06-16 11:32:49	1	0	15	0
           533	2023-06-16 11:33:30	1	0	1	0
           360	2023-06-16 11:34:07	1	0	1	0
           395	2023-06-16 11:37:22	1	0	1	0
           541	2023-06-16 11:57:43	1	0	1	0
           554	2023-06-16 11:58:05	1	0	1	0
           553	2023-06-16 11:58:16	1	0	1	0
            74	2023-06-16 12:00:04	1	0	1	0
           395	2023-06-16 12:00:10	1	0	1	0
           366	2023-06-16 12:00:16	1	0	1	0
           562	2023-06-16 12:00:20	1	0	1	0
           387	2023-06-16 12:00:29	1	0	15	0
           196	2023-06-16 12:00:35	1	0	1	0
           422	2023-06-16 12:00:42	1	0	1	0
           385	2023-06-16 12:00:47	1	0	1	0
           582	2023-06-16 12:00:50	1	0	1	0
           374	2023-06-16 12:00:58	1	0	15	0
           314	2023-06-16 12:01:09	1	0	1	0
           475	2023-06-16 12:01:16	1	0	1	0
            37	2023-06-16 12:01:23	1	0	1	0
           224	2023-06-16 12:01:33	1	0	1	0
           576	2023-06-16 12:01:36	1	0	1	0
           572	2023-06-16 12:01:42	1	0	1	0
           185	2023-06-16 12:01:52	1	0	1	0
           536	2023-06-16 12:01:58	1	0	1	0
           527	2023-06-16 12:02:02	1	0	1	0
           241	2023-06-16 12:02:09	1	0	1	0
           569	2023-06-16 12:02:15	1	0	1	0
           568	2023-06-16 12:02:20	1	0	1	0
           404	2023-06-16 12:02:25	1	0	1	0
           559	2023-06-16 12:02:31	1	0	1	0
           223	2023-06-16 12:02:37	1	0	1	0
           547	2023-06-16 12:02:42	1	0	1	0
           571	2023-06-16 12:02:51	1	0	1	0
           119	2023-06-16 12:02:58	1	0	15	0
           121	2023-06-16 12:03:10	1	0	1	0
            27	2023-06-16 12:03:16	1	0	1	0
           493	2023-06-16 12:03:22	1	0	1	0
           355	2023-06-16 12:03:27	1	0	1	0
           476	2023-06-16 12:03:32	1	0	15	0
           352	2023-06-16 12:03:38	1	0	1	0
           410	2023-06-16 12:03:44	1	0	15	0
           453	2023-06-16 12:03:54	1	0	1	0
           350	2023-06-16 12:04:00	1	0	1	0
           252	2023-06-16 12:04:05	1	0	15	0
           405	2023-06-16 12:04:14	1	0	1	0
           556	2023-06-16 12:04:19	1	0	1	0
            38	2023-06-16 12:04:27	1	0	1	0
           115	2023-06-16 12:04:46	1	0	1	0
           577	2023-06-16 12:04:55	1	0	1	0
            80	2023-06-16 12:05:03	1	0	15	0
           551	2023-06-16 12:05:09	1	0	1	0
            48	2023-06-16 12:05:18	1	0	15	0
            73	2023-06-16 12:05:27	1	0	1	0
           142	2023-06-16 12:05:37	1	0	15	0
           471	2023-06-16 12:05:46	1	0	1	0
           465	2023-06-16 12:05:57	1	0	1	0
           114	2023-06-16 12:06:02	1	0	1	0
           181	2023-06-16 12:06:08	1	0	1	0
           265	2023-06-16 12:06:14	1	0	1	0
           434	2023-06-16 12:06:22	1	0	1	0
           205	2023-06-16 12:06:28	1	0	1	0
            77	2023-06-16 12:06:35	1	0	1	0
           249	2023-06-16 12:06:46	1	0	15	0
           573	2023-06-16 12:06:53	1	0	1	0
           504	2023-06-16 12:06:56	1	0	15	0
           397	2023-06-16 12:07:01	1	0	1	0
           537	2023-06-16 12:07:09	1	0	1	0
           125	2023-06-16 12:07:14	1	0	1	0
           259	2023-06-16 12:07:39	1	0	15	0
           149	2023-06-16 12:07:53	1	0	1	0
           478	2023-06-16 12:08:00	1	0	1	0
            75	2023-06-16 12:08:21	1	0	1	0
           580	2023-06-16 12:08:27	1	0	1	0
           403	2023-06-16 12:08:32	1	0	1	0
            91	2023-06-16 12:08:37	1	0	1	0
           574	2023-06-16 12:08:44	1	0	1	0
           101	2023-06-16 12:10:14	1	0	1	0
           530	2023-06-16 12:10:32	1	0	1	0
           379	2023-06-16 12:10:51	1	0	1	0
           513	2023-06-16 12:10:59	1	0	1	0
            87	2023-06-16 12:11:13	1	0	15	0
           417	2023-06-16 12:11:55	1	0	15	0
           363	2023-06-16 12:12:05	1	0	1	0
           361	2023-06-16 12:12:13	1	0	1	0
           120	2023-06-16 12:12:30	1	0	1	0
           331	2023-06-16 12:12:47	1	0	1	0
           492	2023-06-16 12:14:18	1	0	1	0
           275	2023-06-16 12:14:43	1	0	1	0
           206	2023-06-16 12:14:59	1	0	1	0
           118	2023-06-16 12:15:08	1	0	1	0
           473	2023-06-16 12:15:26	1	0	15	0
           557	2023-06-16 12:15:31	1	0	1	0
            88	2023-06-16 12:15:39	1	0	15	0
           450	2023-06-16 12:15:52	1	0	15	0
            40	2023-06-16 12:15:59	1	0	1	0
           132	2023-06-16 12:16:36	1	0	15	0
           332	2023-06-16 12:16:52	1	0	1	0
            37	2023-06-16 12:17:07	1	0	1	0
           360	2023-06-16 12:17:29	1	0	1	0
           536	2023-06-16 12:17:35	1	0	1	0
           527	2023-06-16 12:17:49	1	0	1	0
           105	2023-06-16 12:18:13	1	0	1	0
           571	2023-06-16 12:18:49	1	0	1	0
           568	2023-06-16 12:18:54	1	0	1	0
           405	2023-06-16 12:19:37	1	0	1	0
           370	2023-06-16 12:19:43	1	0	1	0
           115	2023-06-16 12:20:10	1	0	1	0
            48	2023-06-16 12:20:19	1	0	15	0
            69	2023-06-16 12:20:27	1	0	1	0
           312	2023-06-16 12:22:00	1	0	1	0
           146	2023-06-16 12:22:07	1	0	1	0
           465	2023-06-16 12:22:13	1	0	1	0
           265	2023-06-16 12:22:20	1	0	1	0
            77	2023-06-16 12:22:33	1	0	1	0
           573	2023-06-16 12:22:37	1	0	1	0
           504	2023-06-16 12:22:41	1	0	1	0
           516	2023-06-16 12:22:56	1	0	1	0
           184	2023-06-16 12:24:20	1	0	1	0
           228	2023-06-16 12:24:25	1	0	1	0
           337	2023-06-16 12:24:33	1	0	1	0
           579	2023-06-16 12:24:40	1	0	1	0
           467	2023-06-16 12:24:48	1	0	1	0
           546	2023-06-16 12:24:52	1	0	1	0
           541	2023-06-16 12:24:55	1	0	15	0
           114	2023-06-16 12:25:01	1	0	1	0
           185	2023-06-16 12:25:08	1	0	1	0
           252	2023-06-16 12:25:16	1	0	15	0
            39	2023-06-16 12:25:26	1	0	1	0
           241	2023-06-16 12:25:32	1	0	1	0
            91	2023-06-16 12:25:39	1	0	15	0
           453	2023-06-16 12:25:49	1	0	1	0
            27	2023-06-16 12:25:55	1	0	1	0
           348	2023-06-16 12:26:04	1	0	1	0
           181	2023-06-16 12:26:15	1	0	1	0
            75	2023-06-16 12:26:21	1	0	1	0
           493	2023-06-16 12:26:27	1	0	1	0
           194	2023-06-16 12:26:48	1	0	15	0
           529	2023-06-16 12:26:57	1	0	1	0
           478	2023-06-16 12:28:19	1	0	1	0
           363	2023-06-16 12:28:31	1	0	1	0
           533	2023-06-16 12:28:36	1	0	1	0
           379	2023-06-16 12:28:40	1	0	1	0
           513	2023-06-16 12:29:02	1	0	1	0
            73	2023-06-16 12:29:15	1	0	1	0
           417	2023-06-16 12:29:22	1	0	1	0
           580	2023-06-16 12:30:09	1	0	1	0
           361	2023-06-16 12:30:45	1	0	1	0
            38	2023-06-16 12:31:00	1	0	1	0
           556	2023-06-16 12:31:21	1	0	1	0
            66	2023-06-16 12:31:28	1	0	15	0
           562	2023-06-16 12:31:33	1	0	1	0
           569	2023-06-16 12:31:39	1	0	1	0
           249	2023-06-16 12:31:49	1	0	15	0
           120	2023-06-16 12:32:06	1	0	1	0
           121	2023-06-16 12:32:14	1	0	1	0
           492	2023-06-16 12:32:22	1	0	1	0
           355	2023-06-16 12:32:28	1	0	1	0
           472	2023-06-16 12:33:39	1	0	15	0
           471	2023-06-16 12:33:45	1	0	1	0
           530	2023-06-16 12:33:52	1	0	1	0
           476	2023-06-16 12:34:07	1	0	1	0
           144	2023-06-16 12:35:11	1	0	1	0
           332	2023-06-16 12:35:28	1	0	1	0
            69	2023-06-16 12:35:48	1	0	1	0
           403	2023-06-16 12:36:20	1	0	1	0
           516	2023-06-16 12:39:12	1	0	1	0
           473	2023-06-16 12:39:19	1	0	1	0
           557	2023-06-16 12:39:23	1	0	1	0
           149	2023-06-16 12:39:33	1	0	1	0
           369	2023-06-16 12:39:41	1	0	1	0
           444	2023-06-16 12:39:50	1	0	1	0
           200	2023-06-16 12:39:56	1	0	1	0
           184	2023-06-16 12:40:02	1	0	1	0
           228	2023-06-16 12:40:08	1	0	15	0
            39	2023-06-16 12:41:24	1	0	1	0
           337	2023-06-16 12:41:36	1	0	1	0
           579	2023-06-16 12:41:43	1	0	1	0
           467	2023-06-16 12:41:49	1	0	1	0
           546	2023-06-16 12:41:55	1	0	1	0
           194	2023-06-16 12:42:02	1	0	15	0
            57	2023-06-16 12:42:24	1	0	1	0
           434	2023-06-16 12:42:30	1	0	1	0
           145	2023-06-16 12:42:34	1	0	1	0
           401	2023-06-16 12:42:40	1	0	1	0
           114	2023-06-16 12:42:47	1	0	1	0
           537	2023-06-16 12:42:58	1	0	1	0
           125	2023-06-16 12:43:06	1	0	1	0
           142	2023-06-16 12:43:58	1	0	1	0
           259	2023-06-16 12:44:11	1	0	1	0
           575	2023-06-16 12:45:19	1	0	1	0
           350	2023-06-16 12:45:45	1	0	1	0
           450	2023-06-16 12:45:50	1	0	15	0
           182	2023-06-16 12:46:26	1	0	15	0
           146	2023-06-16 12:47:56	1	0	1	0
           348	2023-06-16 12:48:41	1	0	1	0
           502	2023-06-16 12:48:57	1	0	1	0
           547	2023-06-16 12:49:09	1	0	1	0
            74	2023-06-16 12:49:53	1	0	1	0
           352	2023-06-16 12:50:12	1	0	1	0
           410	2023-06-16 12:50:18	1	0	15	0
           275	2023-06-16 12:52:26	1	0	1	0
           574	2023-06-16 12:52:35	1	0	1	0
           404	2023-06-16 12:52:40	1	0	1	0
           529	2023-06-16 12:52:47	1	0	1	0
            66	2023-06-16 12:52:53	1	0	15	0
           123	2023-06-16 12:53:34	1	0	1	0
           370	2023-06-16 12:53:42	1	0	1	0
            88	2023-06-16 12:54:10	1	0	15	0
            87	2023-06-16 12:54:32	1	0	15	0
           577	2023-06-16 12:54:40	1	0	1	0
           369	2023-06-16 12:54:48	1	0	1	0
           551	2023-06-16 12:54:54	1	0	1	0
            80	2023-06-16 12:55:00	1	0	15	0
           105	2023-06-16 12:55:11	1	0	15	0
           331	2023-06-16 12:55:16	1	0	1	0
           145	2023-06-16 12:57:36	1	0	1	0
           401	2023-06-16 12:57:42	1	0	1	0
            57	2023-06-16 12:57:50	1	0	1	0
           444	2023-06-16 12:57:56	1	0	1	0
           200	2023-06-16 12:58:02	1	0	1	0
           236	2023-06-16 12:59:42	1	0	1	0
           575	2023-06-16 13:00:19	1	0	1	0
           581	2023-06-16 13:04:03	1	0	1	0
           566	2023-06-16 13:04:07	1	0	1	0
           460	2023-06-16 13:05:37	1	0	1	0
           418	2023-06-16 13:24:43	1	0	15	0
           460	2023-06-16 13:41:14	1	0	1	0
           305	2023-06-16 13:46:39	1	0	1	0
            70	2023-06-16 14:04:03	1	0	15	0
           567	2023-06-16 15:01:51	1	0	1	0
           413	2023-06-16 16:34:18	1	0	15	0
            58	2023-06-16 17:00:13	1	0	1	0
           120	2023-06-16 17:00:25	1	0	1	0
           387	2023-06-16 17:00:35	1	0	15	0
           422	2023-06-16 17:00:40	1	0	1	0
           115	2023-06-16 17:00:49	1	0	1	0
            48	2023-06-16 17:00:57	1	0	15	0
           405	2023-06-16 17:01:03	1	0	1	0
           397	2023-06-16 17:01:10	1	0	1	0
           562	2023-06-16 17:01:18	1	0	1	0
            66	2023-06-16 17:01:23	1	0	15	0
           513	2023-06-16 17:01:29	1	0	1	0
           568	2023-06-16 17:01:34	1	0	1	0
           556	2023-06-16 17:01:38	1	0	1	0
           581	2023-06-16 17:01:42	1	0	1	0
           566	2023-06-16 17:01:46	1	0	1	0
           559	2023-06-16 17:01:49	1	0	1	0
           223	2023-06-16 17:01:55	1	0	1	0
           582	2023-06-16 17:02:05	1	0	1	0
           366	2023-06-16 17:02:11	1	0	1	0
           577	2023-06-16 17:02:17	1	0	1	0
           123	2023-06-16 17:02:23	1	0	1	0
           224	2023-06-16 17:02:31	1	0	15	0
           576	2023-06-16 17:02:36	1	0	1	0
           530	2023-06-16 17:02:44	1	0	1	0
           450	2023-06-16 17:02:56	1	0	15	0
           571	2023-06-16 17:03:05	1	0	1	0
           551	2023-06-16 17:03:45	1	0	1	0
            38	2023-06-16 17:03:52	1	0	1	0
           533	2023-06-16 17:03:56	1	0	1	0
           331	2023-06-16 17:04:00	1	0	1	0
            74	2023-06-16 17:04:07	1	0	1	0
           236	2023-06-16 17:04:17	1	0	1	0
           434	2023-06-16 17:04:22	1	0	1	0
           149	2023-06-16 17:04:49	1	0	15	0
           395	2023-06-16 17:05:01	1	0	1	0
           580	2023-06-16 17:05:11	1	0	1	0
           403	2023-06-16 17:05:17	1	0	1	0
           350	2023-06-16 17:05:25	1	0	1	0
           101	2023-06-16 17:05:32	1	0	1	0
           360	2023-06-16 17:05:43	1	0	1	0
           332	2023-06-16 17:06:29	1	0	1	0
           527	2023-06-16 17:06:50	1	0	1	0
           241	2023-06-16 17:07:04	1	0	1	0
           196	2023-06-16 17:07:19	1	0	1	0
           410	2023-06-16 17:07:25	1	0	15	0
           385	2023-06-16 17:07:30	1	0	1	0
           119	2023-06-16 17:07:38	1	0	15	0
           379	2023-06-16 17:07:52	1	0	1	0
            39	2023-06-16 17:08:26	1	0	1	0
           369	2023-06-16 17:08:33	1	0	1	0
           471	2023-06-16 17:08:40	1	0	1	0
           265	2023-06-16 17:10:01	1	0	1	0
            77	2023-06-16 17:10:07	1	0	1	0
           478	2023-06-16 17:10:52	1	0	1	0
           114	2023-06-16 17:11:11	1	0	1	0
           536	2023-06-16 17:11:19	1	0	1	0
           399	2023-06-16 17:11:30	1	0	1	0
           546	2023-06-16 17:12:33	1	0	1	0
           554	2023-06-16 17:12:36	1	0	1	0
           579	2023-06-16 17:12:46	1	0	1	0
            80	2023-06-16 17:13:02	1	0	15	0
           553	2023-06-16 17:13:09	1	0	1	0
           374	2023-06-16 17:13:12	1	0	15	0
           181	2023-06-16 17:13:24	1	0	15	0
           472	2023-06-16 17:13:41	1	0	1	0
           511	2023-06-16 17:13:53	1	0	1	0
           573	2023-06-16 17:14:09	1	0	1	0
           417	2023-06-16 17:14:19	1	0	15	0
           363	2023-06-16 17:14:30	1	0	1	0
           252	2023-06-16 17:14:36	1	0	15	0
           228	2023-06-16 17:14:59	1	0	15	0
           361	2023-06-16 17:15:23	1	0	1	0
           132	2023-06-16 17:15:48	1	0	15	0
           142	2023-06-16 17:15:58	1	0	15	0
            73	2023-06-16 17:16:13	1	0	1	0
           537	2023-06-16 17:16:55	1	0	1	0
           125	2023-06-16 17:17:04	1	0	1	0
           473	2023-06-16 17:17:48	1	0	1	0
           557	2023-06-16 17:17:55	1	0	1	0
            57	2023-06-16 17:18:11	1	0	1	0
           194	2023-06-16 17:19:02	1	0	1	0
           547	2023-06-16 17:19:42	1	0	1	0
           381	2023-06-16 17:20:23	1	0	1	0
           404	2023-06-16 17:23:48	1	0	1	0
           259	2023-06-16 17:23:57	1	0	1	0
           121	2023-06-16 17:24:07	1	0	15	0
           493	2023-06-16 17:24:58	1	0	15	0
            27	2023-06-16 17:27:14	1	0	1	0
           348	2023-06-16 17:27:20	1	0	1	0
           249	2023-06-16 17:27:28	1	0	1	0
           453	2023-06-16 17:29:24	1	0	1	0
            87	2023-06-16 17:32:39	1	0	15	0
           569	2023-06-16 17:34:15	1	0	1	0
           144	2023-06-16 17:34:33	1	0	1	0
           105	2023-06-16 17:34:42	1	0	1	0
           541	2023-06-16 17:37:18	1	0	15	0
            91	2023-06-16 17:38:00	1	0	15	0
           146	2023-06-16 17:40:42	1	0	1	0
           525	2023-06-16 17:42:08	1	0	1	0
           408	2023-06-16 17:43:47	1	0	15	0
           184	2023-06-16 17:45:37	1	0	1	0
           398	2023-06-16 17:46:25	1	0	15	0
           502	2023-06-16 17:49:54	1	0	1	0
           575	2023-06-16 17:50:02	1	0	1	0
           314	2023-06-16 17:58:27	1	0	1	0
           467	2023-06-16 17:58:31	1	0	1	0
           337	2023-06-16 17:58:41	1	0	1	0
           355	2023-06-16 18:01:05	1	0	1	0
           460	2023-06-16 18:01:12	1	0	1	0
           529	2023-06-16 18:01:43	1	0	1	0
            69	2023-06-16 18:02:37	1	0	1	0
           504	2023-06-16 18:02:42	1	0	1	0
           312	2023-06-16 18:05:14	1	0	15	0
           444	2023-06-16 18:06:59	1	0	1	0
           370	2023-06-16 18:13:02	1	0	1	0
           332	2023-06-16 18:15:51	1	0	1	0
           401	2023-06-16 18:16:25	1	0	1	0
           275	2023-06-16 18:18:29	1	0	15	0
           206	2023-06-16 18:18:40	1	0	1	0
           574	2023-06-16 18:29:24	1	0	15	0
           492	2023-06-16 18:30:17	1	0	1	0
           182	2023-06-16 18:33:53	1	0	15	0
           118	2023-06-16 18:34:02	1	0	1	0
           185	2023-06-16 18:45:10	1	0	1	0
           145	2023-06-16 18:49:55	1	0	1	0
           465	2023-06-16 19:08:37	1	0	15	0
            75	2023-06-16 19:08:47	1	0	1	0
           516	2023-06-16 19:13:42	1	0	1	0
           476	2023-06-16 19:26:13	1	0	1	0
           352	2023-06-16 19:26:26	1	0	1	0
            45	2023-06-16 19:28:49	1	0	15	0
            40	2023-06-16 19:33:20	1	0	1	0
            88	2023-06-16 20:43:53	1	0	15	0
           114	2023-06-16 20:46:17	1	0	1	0
           107	2023-06-16 21:36:21	1	0	1	0
           418	2023-06-16 22:00:25	1	0	15	0
           305	2023-06-16 23:06:12	1	0	1	0
           107	2023-06-17 06:01:26	1	0	1	0
           124	2023-06-17 06:27:37	1	0	15	0
           398	2023-06-17 06:29:54	1	0	1	0
           381	2023-06-17 07:26:43	1	0	1	0
           355	2023-06-17 07:47:25	1	0	1	0
           529	2023-06-17 07:56:31	1	0	1	0
           444	2023-06-17 07:56:39	1	0	1	0
           574	2023-06-17 07:57:09	1	0	1	0
           200	2023-06-17 07:58:12	1	0	1	0
           194	2023-06-17 08:40:12	1	0	1	0
           381	2023-06-17 12:00:52	1	0	1	0
           355	2023-06-17 12:07:25	1	0	1	0
           381	2023-06-17 12:22:56	1	0	1	0
           529	2023-06-17 12:23:34	1	0	15	0
           404	2023-06-17 12:23:41	1	0	15	0
           444	2023-06-17 12:23:45	1	0	1	0
           574	2023-06-17 12:23:49	1	0	1	0
           200	2023-06-17 12:23:55	1	0	15	0
           194	2023-06-17 12:24:04	1	0	15	0
           529	2023-06-17 12:52:39	1	0	15	0
           574	2023-06-17 12:52:47	1	0	1	0
           200	2023-06-17 12:52:56	1	0	15	0
           404	2023-06-17 12:53:25	1	0	1	0
           444	2023-06-17 12:53:35	1	0	1	0
           194	2023-06-17 12:53:59	1	0	15	0
           567	2023-06-17 13:45:29	1	0	1	0
           124	2023-06-17 15:00:05	1	0	15	0
           355	2023-06-17 17:01:09	1	0	1	0
            27	2023-06-17 17:02:02	1	0	1	0
           529	2023-06-17 17:07:26	1	0	15	0
           404	2023-06-17 17:14:53	1	0	1	0
           398	2023-06-17 17:46:19	1	0	15	0
           200	2023-06-17 18:38:09	1	0	15	0
           444	2023-06-17 18:45:53	1	0	1	0
           194	2023-06-17 18:48:29	1	0	1	0
           574	2023-06-17 18:49:49	1	0	15	0
            27	2023-06-17 20:33:06	1	0	1	0
           418	2023-06-17 22:41:24	1	0	15	0
           567	2023-06-17 22:48:21	1	0	1	0
           124	2023-06-18 06:07:44	1	0	15	0
           422	2023-06-18 06:37:10	1	0	1	0
           305	2023-06-18 06:37:34	1	0	1	0
           387	2023-06-18 06:49:18	1	0	15	0
           418	2023-06-18 07:02:41	1	0	15	0
           223	2023-06-18 07:12:47	1	0	1	0
           566	2023-06-18 07:12:54	1	0	1	0
           581	2023-06-18 07:12:57	1	0	1	0
           366	2023-06-18 07:13:15	1	0	1	0
           398	2023-06-18 07:20:07	1	0	1	0
           533	2023-06-18 07:22:20	1	0	1	0
           123	2023-06-18 07:25:40	1	0	1	0
           475	2023-06-18 07:37:00	1	0	15	0
           556	2023-06-18 07:49:57	1	0	1	0
           566	2023-06-18 11:30:14	1	0	15	0
           581	2023-06-18 11:30:23	1	0	1	0
           533	2023-06-18 11:31:38	1	0	1	0
           223	2023-06-18 11:31:46	1	0	1	0
           366	2023-06-18 11:31:55	1	0	1	0
           387	2023-06-18 11:32:10	1	0	15	0
           422	2023-06-18 11:32:17	1	0	1	0
           475	2023-06-18 11:36:54	1	0	15	0
           123	2023-06-18 11:36:57	1	0	1	0
           366	2023-06-18 12:00:47	1	0	1	0
           556	2023-06-18 12:01:23	1	0	1	0
           475	2023-06-18 12:01:30	1	0	15	0
           422	2023-06-18 12:01:36	1	0	1	0
           387	2023-06-18 12:01:44	1	0	15	0
           123	2023-06-18 12:03:46	1	0	15	0
           223	2023-06-18 12:15:33	1	0	1	0
           556	2023-06-18 12:17:54	1	0	1	0
           121	2023-06-18 12:44:11	1	0	1	0
           533	2023-06-18 12:54:46	1	0	1	0
           581	2023-06-18 12:55:38	1	0	1	0
           566	2023-06-18 12:55:45	1	0	1	0
            70	2023-06-18 13:44:38	1	0	15	0
           124	2023-06-18 14:04:21	1	0	15	0
           305	2023-06-18 15:00:34	1	0	1	0
           475	2023-06-18 17:00:35	1	0	15	0
           566	2023-06-18 17:00:48	1	0	1	0
           223	2023-06-18 17:00:52	1	0	1	0
           533	2023-06-18 17:01:02	1	0	1	0
           581	2023-06-18 17:01:23	1	0	1	0
           387	2023-06-18 17:01:39	1	0	15	0
           366	2023-06-18 17:01:52	1	0	1	0
           422	2023-06-18 17:03:11	1	0	1	0
           123	2023-06-18 17:03:52	1	0	1	0
           556	2023-06-18 17:03:57	1	0	1	0
           398	2023-06-18 17:06:50	1	0	15	0
           121	2023-06-18 17:08:27	1	0	1	0
           418	2023-06-18 21:52:57	1	0	15	0
            70	2023-06-18 22:14:10	1	0	15	0
           305	2023-06-19 05:39:06	1	0	1	0
           337	2023-06-19 05:50:37	1	0	1	0
           418	2023-06-19 06:00:23	1	0	15	0
           574	2023-06-19 06:07:51	1	0	15	0
           395	2023-06-19 06:09:00	1	0	1	0
           422	2023-06-19 06:10:24	1	0	1	0
            58	2023-06-19 06:15:35	1	0	1	0
            27	2023-06-19 06:18:48	1	0	1	0
           348	2023-06-19 06:18:58	1	0	1	0
           196	2023-06-19 06:20:16	1	0	1	0
           224	2023-06-19 06:20:29	1	0	15	0
           119	2023-06-19 06:20:37	1	0	15	0
           398	2023-06-19 06:20:50	1	0	1	0
           453	2023-06-19 06:21:21	1	0	1	0
           387	2023-06-19 06:36:18	1	0	15	0
           369	2023-06-19 06:38:02	1	0	1	0
           252	2023-06-19 06:38:50	1	0	15	0
           573	2023-06-19 06:39:52	1	0	1	0
           443	2023-06-19 06:41:29	1	0	1	0
           504	2023-06-19 06:42:08	1	0	1	0
           579	2023-06-19 06:43:59	1	0	1	0
           338	2023-06-19 06:44:18	1	0	1	0
           554	2023-06-19 06:49:51	1	0	1	0
           107	2023-06-19 06:50:29	1	0	1	0
           194	2023-06-19 06:51:03	1	0	1	0
           314	2023-06-19 06:51:07	1	0	1	0
            80	2023-06-19 06:52:05	1	0	15	0
           123	2023-06-19 06:52:29	1	0	1	0
           120	2023-06-19 06:52:41	1	0	1	0
           363	2023-06-19 06:53:30	1	0	1	0
           546	2023-06-19 06:53:41	1	0	1	0
           425	2023-06-19 06:53:49	1	0	1	0
           568	2023-06-19 06:54:43	1	0	1	0
           361	2023-06-19 06:54:50	1	0	1	0
           581	2023-06-19 06:56:02	1	0	1	0
           582	2023-06-19 06:56:08	1	0	1	0
           360	2023-06-19 06:56:58	1	0	15	0
           366	2023-06-19 06:57:10	1	0	1	0
           576	2023-06-19 06:57:15	1	0	1	0
           403	2023-06-19 06:57:22	1	0	1	0
            87	2023-06-19 06:58:08	1	0	15	0
           575	2023-06-19 06:59:05	1	0	1	0
           385	2023-06-19 06:59:31	1	0	1	0
           467	2023-06-19 07:00:56	1	0	1	0
           553	2023-06-19 07:01:02	1	0	1	0
            88	2023-06-19 07:01:15	1	0	15	0
           375	2023-06-19 07:01:23	1	0	1	0
           331	2023-06-19 07:01:30	1	0	1	0
           559	2023-06-19 07:01:46	1	0	1	0
           149	2023-06-19 07:02:09	1	0	1	0
           397	2023-06-19 07:02:14	1	0	1	0
           511	2023-06-19 07:04:21	1	0	1	0
            74	2023-06-19 07:06:32	1	0	1	0
           249	2023-06-19 07:06:39	1	0	1	0
           541	2023-06-19 07:07:35	1	0	1	0
           557	2023-06-19 07:07:40	1	0	1	0
           473	2023-06-19 07:07:46	1	0	1	0
           404	2023-06-19 07:09:00	1	0	1	0
           434	2023-06-19 07:09:22	1	0	1	0
           185	2023-06-19 07:11:18	1	0	1	0
           562	2023-06-19 07:11:57	1	0	1	0
            91	2023-06-19 07:12:10	1	0	1	0
           465	2023-06-19 07:13:04	1	0	1	0
           105	2023-06-19 07:13:11	1	0	1	0
            75	2023-06-19 07:13:22	1	0	1	0
           476	2023-06-19 07:13:27	1	0	1	0
           401	2023-06-19 07:15:06	1	0	1	0
           527	2023-06-19 07:15:29	1	0	1	0
           370	2023-06-19 07:18:16	1	0	1	0
            77	2023-06-19 07:18:23	1	0	1	0
           547	2023-06-19 07:18:28	1	0	1	0
           502	2023-06-19 07:18:37	1	0	1	0
           223	2023-06-19 07:18:45	1	0	1	0
           352	2023-06-19 07:20:59	1	0	1	0
           566	2023-06-19 07:21:25	1	0	1	0
           493	2023-06-19 07:21:50	1	0	1	0
            66	2023-06-19 07:22:19	1	0	15	0
           115	2023-06-19 07:23:23	1	0	1	0
           571	2023-06-19 07:24:59	1	0	1	0
           556	2023-06-19 07:25:34	1	0	1	0
           533	2023-06-19 07:25:50	1	0	1	0
           259	2023-06-19 07:26:47	1	0	15	0
           187	2023-06-19 07:27:13	1	0	1	0
           492	2023-06-19 07:29:49	1	0	1	0
           200	2023-06-19 07:29:55	1	0	1	0
            39	2023-06-19 07:31:44	1	0	1	0
           236	2023-06-19 07:32:38	1	0	1	0
           413	2023-06-19 07:32:39	1	0	4	0
           569	2023-06-19 07:33:39	1	0	1	0
           101	2023-06-19 07:35:21	1	0	1	0
           125	2023-06-19 07:35:26	1	0	1	0
           475	2023-06-19 07:35:44	1	0	15	0
           205	2023-06-19 07:35:49	1	0	1	0
           444	2023-06-19 07:36:23	1	0	1	0
           355	2023-06-19 07:36:30	1	0	1	0
           405	2023-06-19 07:36:36	1	0	1	0
           536	2023-06-19 07:37:28	1	0	1	0
           350	2023-06-19 07:37:58	1	0	1	0
           118	2023-06-19 07:38:33	1	0	1	0
           551	2023-06-19 07:38:38	1	0	1	0
           530	2023-06-19 07:38:45	1	0	1	0
           516	2023-06-19 07:39:16	1	0	1	0
           181	2023-06-19 07:39:47	1	0	1	0
           275	2023-06-19 07:40:52	1	0	1	0
           206	2023-06-19 07:40:56	1	0	1	0
           132	2023-06-19 07:41:14	1	0	15	0
           142	2023-06-19 07:41:20	1	0	1	0
           183	2023-06-19 07:42:50	1	0	1	0
            40	2023-06-19 07:44:12	1	0	1	0
            93	2023-06-19 07:44:26	1	0	15	0
            69	2023-06-19 07:44:39	1	0	1	0
           450	2023-06-19 07:45:29	1	0	15	0
           184	2023-06-19 07:47:13	1	0	1	0
           146	2023-06-19 07:48:16	1	0	15	0
           241	2023-06-19 07:49:25	1	0	1	0
           145	2023-06-19 07:50:52	1	0	1	0
           114	2023-06-19 07:50:57	1	0	1	0
           374	2023-06-19 07:51:03	1	0	1	0
           478	2023-06-19 07:51:53	1	0	15	0
           265	2023-06-19 07:52:05	1	0	1	0
           399	2023-06-19 07:52:50	1	0	1	0
            83	2023-06-19 07:53:55	1	0	1	0
           472	2023-06-19 07:54:04	1	0	1	0
           471	2023-06-19 07:54:12	1	0	1	0
           332	2023-06-19 07:55:42	1	0	1	0
            48	2023-06-19 07:56:26	1	0	1	0
           121	2023-06-19 07:58:23	1	0	1	0
           529	2023-06-19 07:58:43	1	0	1	0
           417	2023-06-19 08:02:26	1	0	1	0
           379	2023-06-19 08:02:32	1	0	1	0
           228	2023-06-19 08:05:05	1	0	1	0
            57	2023-06-19 08:06:25	1	0	1	0
           408	2023-06-19 08:11:25	1	0	1	0
           513	2023-06-19 08:12:27	1	0	1	0
           580	2023-06-19 08:14:35	1	0	1	0
           312	2023-06-19 08:26:34	1	0	1	0
           572	2023-06-19 08:37:25	1	0	1	0
           425	2023-06-19 11:22:16	1	0	1	0
           395	2023-06-19 11:30:39	1	0	1	0
           422	2023-06-19 11:30:58	1	0	1	0
           581	2023-06-19 11:31:01	1	0	1	0
           387	2023-06-19 11:31:08	1	0	15	0
           360	2023-06-19 11:32:44	1	0	1	0
           385	2023-06-19 11:34:14	1	0	1	0
           196	2023-06-19 11:34:21	1	0	1	0
           123	2023-06-19 11:34:27	1	0	1	0
           443	2023-06-19 11:35:55	1	0	1	0
           566	2023-06-19 11:38:59	1	0	1	0
           582	2023-06-19 11:40:44	1	0	1	0
           119	2023-06-19 11:41:08	1	0	15	0
           425	2023-06-19 11:44:36	1	0	1	0
           236	2023-06-19 11:47:14	1	0	1	0
           224	2023-06-19 11:48:25	1	0	15	0
            43	2023-06-19 12:00:00	1	0	15	0
           473	2023-06-19 12:00:21	1	0	1	0
           348	2023-06-19 12:00:27	1	0	1	0
           149	2023-06-19 12:00:34	1	0	1	0
            66	2023-06-19 12:00:44	1	0	15	0
           434	2023-06-19 12:00:51	1	0	1	0
            83	2023-06-19 12:00:58	1	0	1	0
           101	2023-06-19 12:01:09	1	0	1	0
           471	2023-06-19 12:01:20	1	0	1	0
           118	2023-06-19 12:01:24	1	0	1	0
           472	2023-06-19 12:01:33	1	0	1	0
           379	2023-06-19 12:01:39	1	0	1	0
           335	2023-06-19 12:01:44	1	0	1	0
           511	2023-06-19 12:01:50	1	0	1	0
           369	2023-06-19 12:01:55	1	0	1	0
           557	2023-06-19 12:02:03	1	0	1	0
            37	2023-06-19 12:02:09	1	0	1	0
           312	2023-06-19 12:02:14	1	0	1	0
           338	2023-06-19 12:02:18	1	0	1	0
           249	2023-06-19 12:02:41	1	0	1	0
           450	2023-06-19 12:02:55	1	0	1	0
           530	2023-06-19 12:03:02	1	0	1	0
           529	2023-06-19 12:03:06	1	0	1	0
           404	2023-06-19 12:03:11	1	0	1	0
           194	2023-06-19 12:03:17	1	0	1	0
           574	2023-06-19 12:03:19	1	0	1	0
           467	2023-06-19 12:03:26	1	0	1	0
           546	2023-06-19 12:03:29	1	0	1	0
           579	2023-06-19 12:03:35	1	0	1	0
           374	2023-06-19 12:03:41	1	0	15	0
           337	2023-06-19 12:03:53	1	0	1	0
           314	2023-06-19 12:04:00	1	0	1	0
           228	2023-06-19 12:04:23	1	0	15	0
           114	2023-06-19 12:04:28	1	0	1	0
           397	2023-06-19 12:04:35	1	0	1	0
           513	2023-06-19 12:04:39	1	0	1	0
           395	2023-06-19 12:04:45	1	0	1	0
           187	2023-06-19 12:04:50	1	0	1	0
            48	2023-06-19 12:04:57	1	0	15	0
           115	2023-06-19 12:05:03	1	0	15	0
           259	2023-06-19 12:05:11	1	0	15	0
           145	2023-06-19 12:05:23	1	0	15	0
           401	2023-06-19 12:05:31	1	0	15	0
           403	2023-06-19 12:05:37	1	0	1	0
           476	2023-06-19 12:05:43	1	0	1	0
           132	2023-06-19 12:05:49	1	0	15	0
           105	2023-06-19 12:05:56	1	0	1	0
           142	2023-06-19 12:06:00	1	0	1	0
           360	2023-06-19 12:06:14	1	0	1	0
           224	2023-06-19 12:06:20	1	0	15	0
            69	2023-06-19 12:06:46	1	0	1	0
           516	2023-06-19 12:06:53	1	0	1	0
           492	2023-06-19 12:06:58	1	0	1	0
           265	2023-06-19 12:07:03	1	0	1	0
            77	2023-06-19 12:07:13	1	0	1	0
           146	2023-06-19 12:07:24	1	0	15	0
           569	2023-06-19 12:07:38	1	0	1	0
           184	2023-06-19 12:07:50	1	0	1	0
            87	2023-06-19 12:08:20	1	0	15	0
           352	2023-06-19 12:08:30	1	0	1	0
           478	2023-06-19 12:08:37	1	0	15	0
           196	2023-06-19 12:08:50	1	0	1	0
           385	2023-06-19 12:08:54	1	0	1	0
           206	2023-06-19 12:09:00	1	0	1	0
           275	2023-06-19 12:09:03	1	0	1	0
           541	2023-06-19 12:09:12	1	0	1	0
            80	2023-06-19 12:09:25	1	0	15	0
           417	2023-06-19 12:09:35	1	0	1	0
           399	2023-06-19 12:11:43	1	0	1	0
           443	2023-06-19 12:12:37	1	0	1	0
           125	2023-06-19 12:12:54	1	0	1	0
           551	2023-06-19 12:13:38	1	0	1	0
           350	2023-06-19 12:14:47	1	0	1	0
           536	2023-06-19 12:15:56	1	0	1	0
           527	2023-06-19 12:16:03	1	0	1	0
           571	2023-06-19 12:16:19	1	0	1	0
            93	2023-06-19 12:16:25	1	0	15	0
           183	2023-06-19 12:16:33	1	0	1	0
           493	2023-06-19 12:16:45	1	0	1	0
           363	2023-06-19 12:16:53	1	0	1	0
           355	2023-06-19 12:17:00	1	0	1	0
           185	2023-06-19 12:17:05	1	0	1	0
           181	2023-06-19 12:17:10	1	0	1	0
           511	2023-06-19 12:17:14	1	0	1	0
           348	2023-06-19 12:17:19	1	0	1	0
           118	2023-06-19 12:17:30	1	0	1	0
           471	2023-06-19 12:17:36	1	0	1	0
           472	2023-06-19 12:17:42	1	0	1	0
            91	2023-06-19 12:17:53	1	0	1	0
           379	2023-06-19 12:17:59	1	0	1	0
           473	2023-06-19 12:18:05	1	0	1	0
           557	2023-06-19 12:18:11	1	0	1	0
           580	2023-06-19 12:18:19	1	0	1	0
           205	2023-06-19 12:18:57	1	0	1	0
           241	2023-06-19 12:19:04	1	0	1	0
           467	2023-06-19 12:19:09	1	0	1	0
           546	2023-06-19 12:19:13	1	0	1	0
           579	2023-06-19 12:19:21	1	0	1	0
           374	2023-06-19 12:19:26	1	0	15	0
           314	2023-06-19 12:19:33	1	0	1	0
            37	2023-06-19 12:19:46	1	0	1	0
           337	2023-06-19 12:19:53	1	0	1	0
           413	2023-06-19 12:21:07	1	0	4	0
           265	2023-06-19 12:22:26	1	0	1	0
            77	2023-06-19 12:22:35	1	0	1	0
           146	2023-06-19 12:22:51	1	0	15	0
           184	2023-06-19 12:23:17	1	0	1	0
           547	2023-06-19 12:23:28	1	0	1	0
           252	2023-06-19 12:23:34	1	0	15	0
           541	2023-06-19 12:24:29	1	0	1	0
           417	2023-06-19 12:24:36	1	0	15	0
           114	2023-06-19 12:24:47	1	0	1	0
           370	2023-06-19 12:25:08	1	0	1	0
           200	2023-06-19 12:26:01	1	0	1	0
           236	2023-06-19 12:26:14	1	0	1	0
           529	2023-06-19 12:26:19	1	0	1	0
           434	2023-06-19 12:26:55	1	0	1	0
            74	2023-06-19 12:27:01	1	0	1	0
           332	2023-06-19 12:27:31	1	0	1	0
            88	2023-06-19 12:29:17	1	0	15	0
            66	2023-06-19 12:29:24	1	0	15	0
           405	2023-06-19 12:29:40	1	0	1	0
           403	2023-06-19 12:29:47	1	0	1	0
           569	2023-06-19 12:29:54	1	0	1	0
           105	2023-06-19 12:30:13	1	0	1	0
           338	2023-06-19 12:30:18	1	0	1	0
           312	2023-06-19 12:30:22	1	0	1	0
           582	2023-06-19 12:30:28	1	0	1	0
           119	2023-06-19 12:30:41	1	0	15	0
           206	2023-06-19 12:30:47	1	0	1	0
           568	2023-06-19 12:30:51	1	0	1	0
           536	2023-06-19 12:30:57	1	0	1	0
           121	2023-06-19 12:31:03	1	0	1	0
           527	2023-06-19 12:31:13	1	0	1	0
           404	2023-06-19 12:31:22	1	0	1	0
           194	2023-06-19 12:31:28	1	0	1	0
           574	2023-06-19 12:31:31	1	0	1	0
            87	2023-06-19 12:32:04	1	0	15	0
           185	2023-06-19 12:32:11	1	0	1	0
           363	2023-06-19 12:32:17	1	0	1	0
           331	2023-06-19 12:32:23	1	0	1	0
           181	2023-06-19 12:32:29	1	0	1	0
            91	2023-06-19 12:32:58	1	0	1	0
           573	2023-06-19 12:33:14	1	0	1	0
           125	2023-06-19 12:33:21	1	0	1	0
           478	2023-06-19 12:33:29	1	0	15	0
           275	2023-06-19 12:33:42	1	0	15	0
           444	2023-06-19 12:33:55	1	0	1	0
           241	2023-06-19 12:34:04	1	0	1	0
           149	2023-06-19 12:34:23	1	0	1	0
           581	2023-06-19 12:35:23	1	0	1	0
           504	2023-06-19 12:35:48	1	0	1	0
           387	2023-06-19 12:36:03	1	0	15	0
           120	2023-06-19 12:36:12	1	0	15	0
           422	2023-06-19 12:36:22	1	0	1	0
           101	2023-06-19 12:36:26	1	0	1	0
           355	2023-06-19 12:36:32	1	0	1	0
           580	2023-06-19 12:36:44	1	0	1	0
           413	2023-06-19 12:36:48	1	0	4	0
           476	2023-06-19 12:37:34	1	0	1	0
            27	2023-06-19 12:38:10	1	0	1	0
           453	2023-06-19 12:38:19	1	0	1	0
            43	2023-06-19 12:39:44	1	0	1	0
            39	2023-06-19 12:39:53	1	0	1	0
           566	2023-06-19 12:39:59	1	0	1	0
            80	2023-06-19 12:40:10	1	0	15	0
            40	2023-06-19 12:40:23	1	0	1	0
           575	2023-06-19 12:41:28	1	0	1	0
           493	2023-06-19 12:42:00	1	0	1	0
           571	2023-06-19 12:42:09	1	0	1	0
           551	2023-06-19 12:43:10	1	0	1	0
           513	2023-06-19 12:44:11	1	0	1	0
           502	2023-06-19 12:45:04	1	0	1	0
           397	2023-06-19 12:45:22	1	0	1	0
           572	2023-06-19 12:45:36	1	0	1	0
           252	2023-06-19 12:46:05	1	0	15	0
           259	2023-06-19 12:46:29	1	0	1	0
           352	2023-06-19 12:47:23	1	0	1	0
           121	2023-06-19 12:47:37	1	0	1	0
            83	2023-06-19 12:48:16	1	0	1	0
           573	2023-06-19 12:48:24	1	0	1	0
            57	2023-06-19 12:48:46	1	0	1	0
           115	2023-06-19 12:49:30	1	0	1	0
           187	2023-06-19 12:49:39	1	0	1	0
           369	2023-06-19 12:49:45	1	0	1	0
           556	2023-06-19 12:49:51	1	0	1	0
           142	2023-06-19 12:50:00	1	0	1	0
           132	2023-06-19 12:50:08	1	0	15	0
            48	2023-06-19 12:50:25	1	0	15	0
           228	2023-06-19 12:50:35	1	0	1	0
           332	2023-06-19 12:50:53	1	0	1	0
           145	2023-06-19 12:51:14	1	0	1	0
           401	2023-06-19 12:51:20	1	0	1	0
           450	2023-06-19 12:51:50	1	0	1	0
           530	2023-06-19 12:51:56	1	0	1	0
           492	2023-06-19 12:52:00	1	0	1	0
           516	2023-06-19 12:52:06	1	0	1	0
           120	2023-06-19 12:52:29	1	0	1	0
            74	2023-06-19 12:53:23	1	0	1	0
           562	2023-06-19 12:54:00	1	0	1	0
           453	2023-06-19 12:54:19	1	0	1	0
           405	2023-06-19 12:54:50	1	0	1	0
            39	2023-06-19 12:55:17	1	0	1	0
           444	2023-06-19 12:55:24	1	0	1	0
            73	2023-06-19 12:55:47	1	0	1	0
           335	2023-06-19 12:55:55	1	0	1	0
           547	2023-06-19 12:56:01	1	0	1	0
           399	2023-06-19 12:56:25	1	0	1	0
            88	2023-06-19 12:57:17	1	0	15	0
           575	2023-06-19 12:57:23	1	0	1	0
            40	2023-06-19 12:57:41	1	0	1	0
            27	2023-06-19 12:59:19	1	0	1	0
           567	2023-06-19 12:59:36	1	0	15	0
           502	2023-06-19 13:00:04	1	0	1	0
           144	2023-06-19 13:00:47	1	0	1	0
           554	2023-06-19 13:25:28	1	0	1	0
           305	2023-06-19 14:01:42	1	0	1	0
           124	2023-06-19 14:34:02	1	0	15	0
           107	2023-06-19 15:00:06	1	0	1	0
            58	2023-06-19 17:00:16	1	0	1	0
            48	2023-06-19 17:00:24	1	0	15	0
           115	2023-06-19 17:00:33	1	0	15	0
           223	2023-06-19 17:00:37	1	0	1	0
           576	2023-06-19 17:00:43	1	0	1	0
           366	2023-06-19 17:00:49	1	0	1	0
           566	2023-06-19 17:00:54	1	0	1	0
           559	2023-06-19 17:00:57	1	0	1	0
           582	2023-06-19 17:01:02	1	0	1	0
           422	2023-06-19 17:01:12	1	0	1	0
           120	2023-06-19 17:01:20	1	0	1	0
           123	2023-06-19 17:01:27	1	0	1	0
           387	2023-06-19 17:01:38	1	0	15	0
           581	2023-06-19 17:01:41	1	0	1	0
           187	2023-06-19 17:01:45	1	0	1	0
           360	2023-06-19 17:01:56	1	0	1	0
           397	2023-06-19 17:02:02	1	0	1	0
           350	2023-06-19 17:02:07	1	0	1	0
           395	2023-06-19 17:02:13	1	0	1	0
            93	2023-06-19 17:02:19	1	0	15	0
           236	2023-06-19 17:02:28	1	0	1	0
           580	2023-06-19 17:02:35	1	0	1	0
           562	2023-06-19 17:03:03	1	0	1	0
           572	2023-06-19 17:03:23	1	0	1	0
           224	2023-06-19 17:03:30	1	0	15	0
           385	2023-06-19 17:04:00	1	0	1	0
           119	2023-06-19 17:04:21	1	0	15	0
           331	2023-06-19 17:04:36	1	0	1	0
           196	2023-06-19 17:04:44	1	0	1	0
           399	2023-06-19 17:05:34	1	0	1	0
           443	2023-06-19 17:06:44	1	0	1	0
            37	2023-06-19 17:07:47	1	0	1	0
           413	2023-06-19 17:11:59	1	0	4	0
           228	2023-06-19 17:12:11	1	0	1	0
           194	2023-06-19 17:12:30	1	0	1	0
           379	2023-06-19 17:12:50	1	0	1	0
           252	2023-06-19 17:13:18	1	0	15	0
           574	2023-06-19 17:13:25	1	0	1	0
           146	2023-06-19 17:14:04	1	0	15	0
           533	2023-06-19 17:14:31	1	0	1	0
           101	2023-06-19 17:15:16	1	0	1	0
            74	2023-06-19 17:15:51	1	0	1	0
           575	2023-06-19 17:16:00	1	0	1	0
            57	2023-06-19 17:17:45	1	0	1	0
            83	2023-06-19 17:20:03	1	0	1	0
            69	2023-06-19 17:21:08	1	0	1	0
           249	2023-06-19 17:22:29	1	0	1	0
            66	2023-06-19 17:22:52	1	0	15	0
            77	2023-06-19 17:24:00	1	0	1	0
           569	2023-06-19 17:24:10	1	0	1	0
           259	2023-06-19 17:24:20	1	0	15	0
           546	2023-06-19 17:24:28	1	0	1	0
           551	2023-06-19 17:24:38	1	0	1	0
           314	2023-06-19 17:24:54	1	0	1	0
           467	2023-06-19 17:25:00	1	0	1	0
           125	2023-06-19 17:25:47	1	0	1	0
           476	2023-06-19 17:26:31	1	0	1	0
           352	2023-06-19 17:27:08	1	0	1	0
           114	2023-06-19 17:27:28	1	0	1	0
           471	2023-06-19 17:27:34	1	0	1	0
           472	2023-06-19 17:27:38	1	0	1	0
           425	2023-06-19 17:27:46	1	0	1	0
           434	2023-06-19 17:27:56	1	0	1	0
           355	2023-06-19 17:28:05	1	0	1	0
           530	2023-06-19 17:28:41	1	0	1	0
           511	2023-06-19 17:29:14	1	0	1	0
           403	2023-06-19 17:29:47	1	0	1	0
           571	2023-06-19 17:30:49	1	0	1	0
           568	2023-06-19 17:30:53	1	0	1	0
           492	2023-06-19 17:30:57	1	0	1	0
           493	2023-06-19 17:31:23	1	0	15	0
           502	2023-06-19 17:31:33	1	0	1	0
           183	2023-06-19 17:31:54	1	0	1	0
           375	2023-06-19 17:32:05	1	0	1	0
           363	2023-06-19 17:32:10	1	0	1	0
           405	2023-06-19 17:32:17	1	0	1	0
           417	2023-06-19 17:32:26	1	0	1	0
           361	2023-06-19 17:32:37	1	0	1	0
           556	2023-06-19 17:32:54	1	0	1	0
           513	2023-06-19 17:33:03	1	0	1	0
           348	2023-06-19 17:34:05	1	0	1	0
            39	2023-06-19 17:35:51	1	0	1	0
           536	2023-06-19 17:36:36	1	0	1	0
           547	2023-06-19 17:36:50	1	0	1	0
           453	2023-06-19 17:38:12	1	0	1	0
           149	2023-06-19 17:38:41	1	0	1	0
           473	2023-06-19 17:38:54	1	0	1	0
           557	2023-06-19 17:38:58	1	0	1	0
           181	2023-06-19 17:39:14	1	0	1	0
           121	2023-06-19 17:39:25	1	0	1	0
           450	2023-06-19 17:40:02	1	0	15	0
           369	2023-06-19 17:40:22	1	0	1	0
           444	2023-06-19 17:42:27	1	0	1	0
           478	2023-06-19 17:42:36	1	0	15	0
            40	2023-06-19 17:45:26	1	0	1	0
            27	2023-06-19 17:45:33	1	0	1	0
           184	2023-06-19 17:46:00	1	0	1	0
           404	2023-06-19 17:46:36	1	0	1	0
           529	2023-06-19 17:46:54	1	0	1	0
            80	2023-06-19 17:47:04	1	0	15	0
            87	2023-06-19 17:50:19	1	0	15	0
           370	2023-06-19 17:50:47	1	0	1	0
           527	2023-06-19 17:52:18	1	0	1	0
           132	2023-06-19 17:52:36	1	0	15	0
           398	2023-06-19 17:52:45	1	0	1	0
            73	2023-06-19 17:53:11	1	0	1	0
           185	2023-06-19 17:53:19	1	0	1	0
           144	2023-06-19 17:53:26	1	0	1	0
           475	2023-06-19 17:53:39	1	0	1	0
            91	2023-06-19 17:53:58	1	0	15	0
           142	2023-06-19 17:54:05	1	0	1	0
           241	2023-06-19 17:54:10	1	0	1	0
           332	2023-06-19 17:55:05	1	0	1	0
           408	2023-06-19 17:57:19	1	0	1	0
           401	2023-06-19 18:00:43	1	0	15	0
           312	2023-06-19 18:02:14	1	0	1	0
           525	2023-06-19 18:02:21	1	0	1	0
           374	2023-06-19 18:09:00	1	0	1	0
           265	2023-06-19 18:09:29	1	0	1	0
           337	2023-06-19 18:10:40	1	0	1	0
           541	2023-06-19 18:10:48	1	0	1	0
           579	2023-06-19 18:10:56	1	0	1	0
           554	2023-06-19 18:11:03	1	0	1	0
           573	2023-06-19 18:11:42	1	0	1	0
           504	2023-06-19 18:12:08	1	0	1	0
           118	2023-06-19 18:17:53	1	0	1	0
           206	2023-06-19 18:18:35	1	0	1	0
           275	2023-06-19 18:18:47	1	0	1	0
           335	2023-06-19 18:51:50	1	0	1	0
            88	2023-06-19 18:57:12	1	0	15	0
           200	2023-06-19 19:04:49	1	0	1	0
           145	2023-06-19 19:08:30	1	0	1	0
           105	2023-06-19 19:13:22	1	0	1	0
           465	2023-06-19 19:36:56	1	0	1	0
            75	2023-06-19 19:37:03	1	0	1	0
           114	2023-06-19 19:53:15	1	0	1	0
            43	2023-06-19 20:21:54	1	0	1	0
           516	2023-06-19 20:42:16	1	0	1	0
           205	2023-06-19 21:31:47	1	0	1	0
           567	2023-06-19 22:00:06	1	0	1	0
           124	2023-06-19 23:06:41	1	0	15	0
            70	2023-06-20 00:04:59	1	0	15	0
           567	2023-06-20 05:54:45	1	0	1	0
           395	2023-06-20 05:58:42	1	0	1	0
           574	2023-06-20 06:06:38	1	0	15	0
           337	2023-06-20 06:09:22	1	0	1	0
            58	2023-06-20 06:23:38	1	0	1	0
           224	2023-06-20 06:24:37	1	0	15	0
           196	2023-06-20 06:24:49	1	0	1	0
           119	2023-06-20 06:25:03	1	0	15	0
           387	2023-06-20 06:30:34	1	0	15	0
           422	2023-06-20 06:30:54	1	0	1	0
           443	2023-06-20 06:34:16	1	0	15	0
           553	2023-06-20 06:37:13	1	0	1	0
           385	2023-06-20 06:45:31	1	0	1	0
           418	2023-06-20 06:47:20	1	0	15	0
           425	2023-06-20 06:54:23	1	0	1	0
            91	2023-06-20 06:54:42	1	0	1	0
           314	2023-06-20 06:54:50	1	0	1	0
           185	2023-06-20 06:55:05	1	0	1	0
           241	2023-06-20 06:57:31	1	0	1	0
            70	2023-06-20 07:03:37	1	0	15	0
           559	2023-06-20 07:04:51	1	0	1	0
           575	2023-06-20 07:05:01	1	0	1	0
           546	2023-06-20 07:06:00	1	0	1	0
           581	2023-06-20 07:07:21	1	0	1	0
           566	2023-06-20 07:07:34	1	0	1	0
           511	2023-06-20 07:09:55	1	0	1	0
            77	2023-06-20 07:10:27	1	0	1	0
           123	2023-06-20 07:11:07	1	0	1	0
           366	2023-06-20 07:11:15	1	0	1	0
           576	2023-06-20 07:11:20	1	0	1	0
           120	2023-06-20 07:11:29	1	0	1	0
            88	2023-06-20 07:13:40	1	0	15	0
           569	2023-06-20 07:15:04	1	0	1	0
           184	2023-06-20 07:16:51	1	0	1	0
           398	2023-06-20 07:17:38	1	0	1	0
           493	2023-06-20 07:17:47	1	0	1	0
           114	2023-06-20 07:17:53	1	0	1	0
           146	2023-06-20 07:18:22	1	0	15	0
           434	2023-06-20 07:19:40	1	0	1	0
           533	2023-06-20 07:19:49	1	0	1	0
           465	2023-06-20 07:20:18	1	0	1	0
            75	2023-06-20 07:20:30	1	0	1	0
           252	2023-06-20 07:20:36	1	0	15	0
           579	2023-06-20 07:20:47	1	0	1	0
           527	2023-06-20 07:22:00	1	0	1	0
           236	2023-06-20 07:22:37	1	0	1	0
           573	2023-06-20 07:23:26	1	0	1	0
           149	2023-06-20 07:23:34	1	0	1	0
            37	2023-06-20 07:25:32	1	0	1	0
           223	2023-06-20 07:25:43	1	0	1	0
           275	2023-06-20 07:26:34	1	0	1	0
           206	2023-06-20 07:26:39	1	0	1	0
           541	2023-06-20 07:26:53	1	0	1	0
           183	2023-06-20 07:27:24	1	0	1	0
            93	2023-06-20 07:27:42	1	0	15	0
           504	2023-06-20 07:28:43	1	0	1	0
           379	2023-06-20 07:29:30	1	0	1	0
           397	2023-06-20 07:30:37	1	0	1	0
           556	2023-06-20 07:30:42	1	0	1	0
           492	2023-06-20 07:30:49	1	0	1	0
           369	2023-06-20 07:31:46	1	0	1	0
           145	2023-06-20 07:33:15	1	0	1	0
           352	2023-06-20 07:33:57	1	0	1	0
           181	2023-06-20 07:34:02	1	0	1	0
           374	2023-06-20 07:34:17	1	0	1	0
            39	2023-06-20 07:35:09	1	0	1	0
           348	2023-06-20 07:35:57	1	0	1	0
            27	2023-06-20 07:36:02	1	0	1	0
           453	2023-06-20 07:36:09	1	0	1	0
            43	2023-06-20 07:36:16	1	0	1	0
           259	2023-06-20 07:36:36	1	0	1	0
           355	2023-06-20 07:36:56	1	0	1	0
           444	2023-06-20 07:37:35	1	0	1	0
           401	2023-06-20 07:40:19	1	0	15	0
           413	2023-06-20 07:40:28	1	0	4	0
            40	2023-06-20 07:42:56	1	0	1	0
           557	2023-06-20 07:44:14	1	0	1	0
           473	2023-06-20 07:44:22	1	0	1	0
           547	2023-06-20 07:44:30	1	0	1	0
           502	2023-06-20 07:44:37	1	0	1	0
           182	2023-06-20 07:44:48	1	0	1	0
           403	2023-06-20 07:45:23	1	0	1	0
            66	2023-06-20 07:45:55	1	0	15	0
           350	2023-06-20 07:46:14	1	0	1	0
           142	2023-06-20 07:46:40	1	0	1	0
           200	2023-06-20 07:46:46	1	0	1	0
           132	2023-06-20 07:46:59	1	0	15	0
           101	2023-06-20 07:47:22	1	0	1	0
            87	2023-06-20 07:48:22	1	0	15	0
           536	2023-06-20 07:48:28	1	0	1	0
           568	2023-06-20 07:49:15	1	0	1	0
           571	2023-06-20 07:49:33	1	0	1	0
           478	2023-06-20 07:50:22	1	0	15	0
           118	2023-06-20 07:50:28	1	0	1	0
           105	2023-06-20 07:50:46	1	0	1	0
           529	2023-06-20 07:50:53	1	0	1	0
           551	2023-06-20 07:51:03	1	0	1	0
           404	2023-06-20 07:51:11	1	0	1	0
           228	2023-06-20 07:51:41	1	0	1	0
           476	2023-06-20 07:51:45	1	0	1	0
           194	2023-06-20 07:51:50	1	0	1	0
           530	2023-06-20 07:52:00	1	0	1	0
           450	2023-06-20 07:52:04	1	0	1	0
            38	2023-06-20 07:52:12	1	0	1	0
            69	2023-06-20 07:52:17	1	0	1	0
            73	2023-06-20 07:52:26	1	0	1	0
           472	2023-06-20 07:52:39	1	0	1	0
           114	2023-06-20 07:52:48	1	0	1	0
           471	2023-06-20 07:52:54	1	0	1	0
            48	2023-06-20 07:53:01	1	0	15	0
           562	2023-06-20 07:53:51	1	0	1	0
           332	2023-06-20 07:54:25	1	0	1	0
           205	2023-06-20 07:54:36	1	0	1	0
           363	2023-06-20 07:55:20	1	0	1	0
            80	2023-06-20 07:56:05	1	0	15	0
           516	2023-06-20 07:56:49	1	0	1	0
           115	2023-06-20 07:57:04	1	0	1	0
           361	2023-06-20 07:57:10	1	0	1	0
           399	2023-06-20 07:57:19	1	0	1	0
           417	2023-06-20 07:57:32	1	0	1	0
           338	2023-06-20 07:57:42	1	0	1	0
           265	2023-06-20 07:58:29	1	0	1	0
           467	2023-06-20 07:58:35	1	0	1	0
           312	2023-06-20 08:00:00	1	0	1	0
           580	2023-06-20 08:00:27	1	0	1	0
            57	2023-06-20 08:01:07	1	0	1	0
            83	2023-06-20 08:02:09	1	0	1	0
           187	2023-06-20 08:02:46	1	0	1	0
           370	2023-06-20 08:07:19	1	0	1	0
           121	2023-06-20 08:07:24	1	0	1	0
           360	2023-06-20 08:07:56	1	0	1	0
           460	2023-06-20 08:11:44	1	0	1	0
           410	2023-06-20 08:12:45	1	0	1	0
           125	2023-06-20 08:14:17	1	0	1	0
           408	2023-06-20 08:17:19	1	0	1	0
           249	2023-06-20 08:18:05	1	0	1	0
           513	2023-06-20 08:18:56	1	0	15	0
            74	2023-06-20 08:36:49	1	0	1	0
           335	2023-06-20 09:01:43	1	0	1	0
           425	2023-06-20 11:04:23	1	0	1	0
           511	2023-06-20 11:08:14	1	0	1	0
           511	2023-06-20 11:23:20	1	0	1	0
           425	2023-06-20 11:29:20	1	0	1	0
           224	2023-06-20 11:30:36	1	0	15	0
           443	2023-06-20 11:30:56	1	0	15	0
           559	2023-06-20 11:31:02	1	0	1	0
           533	2023-06-20 11:31:14	1	0	1	0
           223	2023-06-20 11:31:19	1	0	1	0
           366	2023-06-20 11:31:32	1	0	1	0
           387	2023-06-20 11:31:45	1	0	15	0
           360	2023-06-20 11:31:53	1	0	1	0
           119	2023-06-20 11:32:17	1	0	15	0
           385	2023-06-20 11:34:17	1	0	1	0
           196	2023-06-20 11:34:45	1	0	1	0
           422	2023-06-20 11:34:49	1	0	1	0
           581	2023-06-20 11:34:56	1	0	1	0
           236	2023-06-20 11:35:03	1	0	1	0
           123	2023-06-20 11:36:56	1	0	1	0
           576	2023-06-20 11:37:00	1	0	1	0
           566	2023-06-20 11:39:23	1	0	1	0
           395	2023-06-20 11:43:02	1	0	1	0
           360	2023-06-20 12:00:13	1	0	1	0
           387	2023-06-20 12:00:19	1	0	15	0
           115	2023-06-20 12:00:34	1	0	1	0
            48	2023-06-20 12:00:40	1	0	15	0
           422	2023-06-20 12:00:45	1	0	1	0
            27	2023-06-20 12:00:48	1	0	1	0
           132	2023-06-20 12:00:53	1	0	1	0
           196	2023-06-20 12:00:59	1	0	1	0
           385	2023-06-20 12:01:05	1	0	1	0
            83	2023-06-20 12:01:21	1	0	1	0
           369	2023-06-20 12:01:25	1	0	1	0
           142	2023-06-20 12:01:29	1	0	1	0
           397	2023-06-20 12:01:35	1	0	1	0
           562	2023-06-20 12:01:38	1	0	1	0
            66	2023-06-20 12:01:50	1	0	15	0
           366	2023-06-20 12:01:58	1	0	1	0
           398	2023-06-20 12:02:02	1	0	1	0
           576	2023-06-20 12:02:05	1	0	1	0
           224	2023-06-20 12:02:13	1	0	1	0
           101	2023-06-20 12:02:18	1	0	1	0
           559	2023-06-20 12:02:26	1	0	1	0
           379	2023-06-20 12:02:29	1	0	1	0
            80	2023-06-20 12:02:34	1	0	15	0
           551	2023-06-20 12:02:40	1	0	1	0
           473	2023-06-20 12:02:46	1	0	1	0
           472	2023-06-20 12:02:52	1	0	1	0
           443	2023-06-20 12:02:58	1	0	1	0
            37	2023-06-20 12:03:06	1	0	1	0
            77	2023-06-20 12:03:10	1	0	1	0
           275	2023-06-20 12:03:24	1	0	1	0
           206	2023-06-20 12:03:28	1	0	1	0
           370	2023-06-20 12:03:35	1	0	1	0
           184	2023-06-20 12:03:43	1	0	1	0
           453	2023-06-20 12:03:51	1	0	1	0
           557	2023-06-20 12:03:59	1	0	1	0
           471	2023-06-20 12:04:05	1	0	1	0
           571	2023-06-20 12:04:11	1	0	1	0
           556	2023-06-20 12:04:21	1	0	1	0
            38	2023-06-20 12:04:29	1	0	1	0
           493	2023-06-20 12:04:35	1	0	1	0
           476	2023-06-20 12:04:40	1	0	1	0
           434	2023-06-20 12:04:49	1	0	1	0
           568	2023-06-20 12:04:57	1	0	1	0
           350	2023-06-20 12:05:01	1	0	1	0
           123	2023-06-20 12:05:06	1	0	1	0
           119	2023-06-20 12:05:16	1	0	15	0
           574	2023-06-20 12:05:23	1	0	1	0
            43	2023-06-20 12:05:29	1	0	1	0
           444	2023-06-20 12:05:34	1	0	1	0
           404	2023-06-20 12:05:40	1	0	1	0
           529	2023-06-20 12:05:44	1	0	15	0
           580	2023-06-20 12:05:59	1	0	1	0
           183	2023-06-20 12:06:06	1	0	1	0
           182	2023-06-20 12:06:12	1	0	1	0
           118	2023-06-20 12:06:21	1	0	1	0
            73	2023-06-20 12:06:40	1	0	1	0
           125	2023-06-20 12:06:47	1	0	1	0
           200	2023-06-20 12:06:53	1	0	1	0
           478	2023-06-20 12:07:01	1	0	15	0
           252	2023-06-20 12:07:06	1	0	15	0
           228	2023-06-20 12:07:47	1	0	15	0
           332	2023-06-20 12:07:56	1	0	1	0
           149	2023-06-20 12:08:03	1	0	1	0
           516	2023-06-20 12:08:55	1	0	1	0
           492	2023-06-20 12:08:59	1	0	1	0
           241	2023-06-20 12:09:38	1	0	1	0
            91	2023-06-20 12:09:48	1	0	1	0
           569	2023-06-20 12:09:54	1	0	1	0
           185	2023-06-20 12:10:00	1	0	1	0
           536	2023-06-20 12:10:05	1	0	1	0
           527	2023-06-20 12:10:11	1	0	1	0
           105	2023-06-20 12:10:17	1	0	1	0
           541	2023-06-20 12:10:32	1	0	1	0
            75	2023-06-20 12:10:51	1	0	1	0
            40	2023-06-20 12:10:59	1	0	1	0
           513	2023-06-20 12:11:05	1	0	1	0
           413	2023-06-20 12:11:10	1	0	1	0
            69	2023-06-20 12:11:20	1	0	1	0
           546	2023-06-20 12:11:28	1	0	1	0
           194	2023-06-20 12:11:33	1	0	1	0
           467	2023-06-20 12:11:39	1	0	1	0
           314	2023-06-20 12:11:49	1	0	1	0
           374	2023-06-20 12:11:52	1	0	15	0
           573	2023-06-20 12:12:03	1	0	1	0
           579	2023-06-20 12:12:21	1	0	1	0
           504	2023-06-20 12:12:27	1	0	1	0
           337	2023-06-20 12:12:50	1	0	15	0
           114	2023-06-20 12:12:56	1	0	1	0
           553	2023-06-20 12:13:02	1	0	1	0
           554	2023-06-20 12:13:10	1	0	1	0
           181	2023-06-20 12:13:15	1	0	1	0
           403	2023-06-20 12:13:23	1	0	1	0
            74	2023-06-20 12:13:58	1	0	1	0
            87	2023-06-20 12:14:08	1	0	15	0
           259	2023-06-20 12:15:04	1	0	1	0
            93	2023-06-20 12:16:09	1	0	15	0
           115	2023-06-20 12:16:20	1	0	1	0
           369	2023-06-20 12:16:26	1	0	1	0
           355	2023-06-20 12:17:16	1	0	1	0
           101	2023-06-20 12:17:24	1	0	1	0
            48	2023-06-20 12:17:51	1	0	15	0
           120	2023-06-20 12:18:07	1	0	1	0
            37	2023-06-20 12:18:19	1	0	1	0
            88	2023-06-20 12:19:09	1	0	15	0
            77	2023-06-20 12:19:19	1	0	1	0
           352	2023-06-20 12:19:25	1	0	1	0
           410	2023-06-20 12:19:32	1	0	15	0
            83	2023-06-20 12:19:49	1	0	1	0
           121	2023-06-20 12:20:29	1	0	1	0
            43	2023-06-20 12:21:04	1	0	1	0
           361	2023-06-20 12:22:34	1	0	1	0
           417	2023-06-20 12:22:41	1	0	1	0
            39	2023-06-20 12:23:24	1	0	1	0
           118	2023-06-20 12:23:32	1	0	1	0
           478	2023-06-20 12:23:48	1	0	1	0
           530	2023-06-20 12:25:04	1	0	1	0
           450	2023-06-20 12:25:08	1	0	15	0
           205	2023-06-20 12:25:41	1	0	1	0
           541	2023-06-20 12:26:04	1	0	1	0
            91	2023-06-20 12:26:18	1	0	1	0
           241	2023-06-20 12:26:25	1	0	1	0
           546	2023-06-20 12:26:33	1	0	1	0
           467	2023-06-20 12:26:46	1	0	1	0
           185	2023-06-20 12:27:01	1	0	1	0
           536	2023-06-20 12:27:08	1	0	1	0
           314	2023-06-20 12:27:14	1	0	1	0
           573	2023-06-20 12:27:34	1	0	1	0
           374	2023-06-20 12:27:40	1	0	15	0
           574	2023-06-20 12:27:56	1	0	1	0
           504	2023-06-20 12:28:06	1	0	15	0
           181	2023-06-20 12:28:18	1	0	1	0
           579	2023-06-20 12:28:30	1	0	1	0
           554	2023-06-20 12:28:36	1	0	1	0
           516	2023-06-20 12:28:42	1	0	1	0
            69	2023-06-20 12:28:48	1	0	1	0
           527	2023-06-20 12:28:52	1	0	1	0
            66	2023-06-20 12:28:57	1	0	15	0
           183	2023-06-20 12:29:03	1	0	1	0
           182	2023-06-20 12:29:10	1	0	1	0
           337	2023-06-20 12:29:24	1	0	15	0
           275	2023-06-20 12:29:31	1	0	15	0
           370	2023-06-20 12:29:38	1	0	1	0
           187	2023-06-20 12:29:49	1	0	1	0
           492	2023-06-20 12:29:56	1	0	1	0
           206	2023-06-20 12:30:02	1	0	1	0
           335	2023-06-20 12:30:10	1	0	1	0
            75	2023-06-20 12:30:19	1	0	1	0
           114	2023-06-20 12:30:24	1	0	1	0
           529	2023-06-20 12:30:29	1	0	1	0
           557	2023-06-20 12:30:35	1	0	1	0
           471	2023-06-20 12:30:43	1	0	1	0
           562	2023-06-20 12:30:49	1	0	1	0
           395	2023-06-20 12:30:59	1	0	1	0
           228	2023-06-20 12:31:15	1	0	1	0
           580	2023-06-20 12:31:24	1	0	1	0
           575	2023-06-20 12:31:30	1	0	1	0
           332	2023-06-20 12:31:45	1	0	1	0
           398	2023-06-20 12:31:53	1	0	1	0
           473	2023-06-20 12:31:58	1	0	1	0
           472	2023-06-20 12:32:10	1	0	1	0
           363	2023-06-20 12:32:19	1	0	1	0
            38	2023-06-20 12:32:52	1	0	1	0
           125	2023-06-20 12:33:19	1	0	1	0
           105	2023-06-20 12:34:18	1	0	1	0
            80	2023-06-20 12:34:27	1	0	15	0
           502	2023-06-20 12:34:41	1	0	1	0
           571	2023-06-20 12:34:54	1	0	1	0
           149	2023-06-20 12:34:59	1	0	1	0
           146	2023-06-20 12:35:14	1	0	15	0
            73	2023-06-20 12:35:49	1	0	1	0
            27	2023-06-20 12:35:53	1	0	1	0
           453	2023-06-20 12:36:01	1	0	1	0
           551	2023-06-20 12:36:08	1	0	1	0
           493	2023-06-20 12:36:19	1	0	15	0
           434	2023-06-20 12:36:27	1	0	15	0
           413	2023-06-20 12:36:42	1	0	4	0
           252	2023-06-20 12:36:50	1	0	15	0
           403	2023-06-20 12:37:03	1	0	1	0
           513	2023-06-20 12:37:28	1	0	1	0
           348	2023-06-20 12:39:33	1	0	1	0
           355	2023-06-20 12:39:38	1	0	1	0
           120	2023-06-20 12:39:49	1	0	1	0
           556	2023-06-20 12:40:07	1	0	1	0
           569	2023-06-20 12:40:12	1	0	1	0
           476	2023-06-20 12:40:53	1	0	1	0
           338	2023-06-20 12:40:58	1	0	1	0
           145	2023-06-20 12:41:33	1	0	1	0
           401	2023-06-20 12:41:43	1	0	15	0
           312	2023-06-20 12:42:44	1	0	1	0
            39	2023-06-20 12:43:16	1	0	1	0
            40	2023-06-20 12:43:24	1	0	1	0
           121	2023-06-20 12:44:30	1	0	1	0
            57	2023-06-20 12:45:35	1	0	1	0
           335	2023-06-20 12:46:56	1	0	1	0
           581	2023-06-20 12:47:41	1	0	1	0
           566	2023-06-20 12:47:49	1	0	1	0
           144	2023-06-20 12:48:31	1	0	1	0
           530	2023-06-20 12:48:43	1	0	1	0
           450	2023-06-20 12:48:58	1	0	15	0
            93	2023-06-20 12:49:09	1	0	15	0
           361	2023-06-20 12:49:55	1	0	1	0
           363	2023-06-20 12:50:07	1	0	1	0
           417	2023-06-20 12:50:24	1	0	15	0
           146	2023-06-20 12:50:30	1	0	15	0
           397	2023-06-20 12:50:36	1	0	1	0
           142	2023-06-20 12:50:52	1	0	1	0
           132	2023-06-20 12:50:56	1	0	15	0
           194	2023-06-20 12:51:18	1	0	1	0
           575	2023-06-20 12:52:01	1	0	1	0
           502	2023-06-20 12:52:07	1	0	1	0
           259	2023-06-20 12:52:24	1	0	1	0
           379	2023-06-20 12:53:11	1	0	1	0
           352	2023-06-20 12:53:26	1	0	1	0
           410	2023-06-20 12:53:29	1	0	15	0
           200	2023-06-20 12:53:43	1	0	1	0
           404	2023-06-20 12:53:49	1	0	1	0
           408	2023-06-20 12:53:52	1	0	1	0
           236	2023-06-20 12:54:25	1	0	1	0
           184	2023-06-20 12:54:31	1	0	1	0
            87	2023-06-20 12:55:29	1	0	15	0
           533	2023-06-20 12:55:39	1	0	1	0
           145	2023-06-20 12:56:33	1	0	1	0
           444	2023-06-20 12:56:45	1	0	1	0
           350	2023-06-20 12:57:23	1	0	1	0
           401	2023-06-20 12:59:02	1	0	1	0
           460	2023-06-20 13:04:27	1	0	1	0
           223	2023-06-20 13:06:26	1	0	1	0
           460	2023-06-20 13:31:47	1	0	1	0
           567	2023-06-20 14:01:10	1	0	1	0
           124	2023-06-20 14:09:06	1	0	15	0
           305	2023-06-20 14:42:32	1	0	1	0
           418	2023-06-20 15:00:06	1	0	15	0
           511	2023-06-20 16:01:31	1	0	1	0
           425	2023-06-20 16:03:13	1	0	1	0
            58	2023-06-20 17:00:24	1	0	1	0
           120	2023-06-20 17:00:31	1	0	1	0
           241	2023-06-20 17:00:37	1	0	1	0
           379	2023-06-20 17:00:44	1	0	1	0
           149	2023-06-20 17:00:52	1	0	1	0
           473	2023-06-20 17:00:57	1	0	1	0
           387	2023-06-20 17:01:05	1	0	15	0
           115	2023-06-20 17:01:15	1	0	1	0
           422	2023-06-20 17:01:25	1	0	1	0
            48	2023-06-20 17:01:32	1	0	15	0
           187	2023-06-20 17:01:37	1	0	1	0
            91	2023-06-20 17:01:46	1	0	1	0
            66	2023-06-20 17:01:58	1	0	15	0
           369	2023-06-20 17:02:04	1	0	1	0
           571	2023-06-20 17:02:09	1	0	1	0
           397	2023-06-20 17:02:15	1	0	1	0
            37	2023-06-20 17:02:21	1	0	1	0
           562	2023-06-20 17:02:26	1	0	1	0
           559	2023-06-20 17:02:28	1	0	1	0
           513	2023-06-20 17:02:32	1	0	1	0
           259	2023-06-20 17:02:37	1	0	1	0
           236	2023-06-20 17:02:46	1	0	1	0
           413	2023-06-20 17:02:50	1	0	4	0
           478	2023-06-20 17:02:56	1	0	1	0
           568	2023-06-20 17:03:03	1	0	1	0
            39	2023-06-20 17:03:08	1	0	1	0
           366	2023-06-20 17:03:16	1	0	1	0
           196	2023-06-20 17:03:22	1	0	1	0
           385	2023-06-20 17:03:29	1	0	1	0
           576	2023-06-20 17:03:37	1	0	1	0
           566	2023-06-20 17:03:41	1	0	1	0
           581	2023-06-20 17:03:44	1	0	1	0
           223	2023-06-20 17:03:49	1	0	1	0
            93	2023-06-20 17:03:57	1	0	15	0
           181	2023-06-20 17:04:06	1	0	15	0
           252	2023-06-20 17:04:12	1	0	15	0
           533	2023-06-20 17:04:17	1	0	1	0
           348	2023-06-20 17:04:22	1	0	1	0
            40	2023-06-20 17:04:33	1	0	1	0
           443	2023-06-20 17:04:43	1	0	1	0
            38	2023-06-20 17:04:51	1	0	1	0
           224	2023-06-20 17:04:59	1	0	15	0
           265	2023-06-20 17:05:04	1	0	1	0
           493	2023-06-20 17:05:11	1	0	15	0
           123	2023-06-20 17:05:16	1	0	1	0
           228	2023-06-20 17:05:26	1	0	1	0
           125	2023-06-20 17:05:32	1	0	1	0
           453	2023-06-20 17:05:42	1	0	1	0
           101	2023-06-20 17:05:49	1	0	1	0
           194	2023-06-20 17:05:55	1	0	1	0
           121	2023-06-20 17:06:14	1	0	1	0
           249	2023-06-20 17:06:18	1	0	1	0
           185	2023-06-20 17:06:25	1	0	1	0
           536	2023-06-20 17:06:31	1	0	1	0
           569	2023-06-20 17:06:37	1	0	1	0
           350	2023-06-20 17:06:42	1	0	1	0
           403	2023-06-20 17:06:46	1	0	1	0
           472	2023-06-20 17:06:57	1	0	1	0
           471	2023-06-20 17:07:03	1	0	1	0
           579	2023-06-20 17:07:08	1	0	1	0
           467	2023-06-20 17:07:17	1	0	1	0
           337	2023-06-20 17:07:24	1	0	1	0
           527	2023-06-20 17:07:31	1	0	1	0
           119	2023-06-20 17:07:39	1	0	15	0
           580	2023-06-20 17:07:48	1	0	1	0
           434	2023-06-20 17:07:54	1	0	1	0
           541	2023-06-20 17:08:00	1	0	15	0
           530	2023-06-20 17:08:10	1	0	1	0
           573	2023-06-20 17:08:14	1	0	1	0
           575	2023-06-20 17:08:21	1	0	1	0
            77	2023-06-20 17:08:26	1	0	1	0
            80	2023-06-20 17:08:38	1	0	15	0
           551	2023-06-20 17:08:47	1	0	1	0
           450	2023-06-20 17:08:53	1	0	1	0
            27	2023-06-20 17:08:59	1	0	1	0
           360	2023-06-20 17:09:05	1	0	1	0
           556	2023-06-20 17:09:10	1	0	1	0
           546	2023-06-20 17:09:23	1	0	1	0
           114	2023-06-20 17:09:31	1	0	1	0
           363	2023-06-20 17:09:43	1	0	1	0
           553	2023-06-20 17:09:57	1	0	1	0
           554	2023-06-20 17:10:01	1	0	1	0
           374	2023-06-20 17:10:07	1	0	1	0
           504	2023-06-20 17:10:27	1	0	15	0
           314	2023-06-20 17:10:35	1	0	1	0
           132	2023-06-20 17:11:04	1	0	15	0
           142	2023-06-20 17:11:10	1	0	1	0
           417	2023-06-20 17:11:22	1	0	15	0
           476	2023-06-20 17:11:28	1	0	1	0
           184	2023-06-20 17:11:57	1	0	1	0
            57	2023-06-20 17:12:04	1	0	1	0
           352	2023-06-20 17:12:12	1	0	1	0
            73	2023-06-20 17:12:21	1	0	1	0
            87	2023-06-20 17:12:54	1	0	15	0
           410	2023-06-20 17:13:06	1	0	15	0
           398	2023-06-20 17:13:14	1	0	1	0
           399	2023-06-20 17:13:34	1	0	1	0
           361	2023-06-20 17:16:53	1	0	1	0
           146	2023-06-20 17:20:19	1	0	1	0
           557	2023-06-20 17:21:32	1	0	1	0
           183	2023-06-20 17:22:44	1	0	1	0
           395	2023-06-20 17:23:02	1	0	1	0
           529	2023-06-20 17:24:57	1	0	1	0
           574	2023-06-20 17:25:20	1	0	1	0
           404	2023-06-20 17:25:46	1	0	1	0
           444	2023-06-20 17:26:20	1	0	1	0
           275	2023-06-20 17:27:27	1	0	1	0
           408	2023-06-20 17:29:44	1	0	1	0
           105	2023-06-20 17:29:55	1	0	1	0
           312	2023-06-20 17:30:03	1	0	1	0
           547	2023-06-20 17:33:17	1	0	1	0
           144	2023-06-20 17:33:25	1	0	1	0
            69	2023-06-20 17:34:26	1	0	1	0
            43	2023-06-20 17:34:57	1	0	1	0
           370	2023-06-20 17:41:52	1	0	1	0
           332	2023-06-20 17:42:47	1	0	1	0
           145	2023-06-20 17:44:15	1	0	1	0
           401	2023-06-20 17:50:51	1	0	1	0
           355	2023-06-20 18:01:07	1	0	15	0
           460	2023-06-20 18:01:17	1	0	1	0
           335	2023-06-20 18:04:41	1	0	1	0
           502	2023-06-20 18:08:35	1	0	1	0
           206	2023-06-20 18:17:13	1	0	15	0
           492	2023-06-20 18:23:24	1	0	1	0
            83	2023-06-20 18:26:22	1	0	1	0
           182	2023-06-20 18:31:39	1	0	1	0
           118	2023-06-20 18:34:14	1	0	1	0
            88	2023-06-20 18:42:52	1	0	15	0
           338	2023-06-20 19:11:18	1	0	1	0
           114	2023-06-20 19:54:39	1	0	1	0
           205	2023-06-20 20:16:49	1	0	1	0
           516	2023-06-20 20:41:18	1	0	1	0
           465	2023-06-20 21:04:29	1	0	1	0
            75	2023-06-20 21:04:44	1	0	1	0
           200	2023-06-20 21:07:09	1	0	1	0
            70	2023-06-20 21:54:07	1	0	1	0
           124	2023-06-20 22:08:31	1	0	15	0
           305	2023-06-20 23:00:04	1	0	1	0
           418	2023-06-21 05:50:52	1	0	15	0
            75	2023-06-21 05:52:00	1	0	1	0
            70	2023-06-21 06:00:31	1	0	1	0
           196	2023-06-21 06:09:04	1	0	1	0
           224	2023-06-21 06:09:33	1	0	15	0
           119	2023-06-21 06:09:48	1	0	15	0
           337	2023-06-21 06:10:54	1	0	1	0
           395	2023-06-21 06:13:52	1	0	1	0
            58	2023-06-21 06:18:37	1	0	1	0
           385	2023-06-21 06:34:38	1	0	1	0
           387	2023-06-21 06:38:32	1	0	15	0
           573	2023-06-21 06:40:21	1	0	1	0
           422	2023-06-21 06:41:17	1	0	1	0
           556	2023-06-21 06:43:08	1	0	1	0
           184	2023-06-21 06:49:03	1	0	1	0
           146	2023-06-21 06:49:10	1	0	15	0
           425	2023-06-21 06:49:25	1	0	1	0
           314	2023-06-21 06:49:32	1	0	1	0
           567	2023-06-21 06:54:20	1	0	1	0
           511	2023-06-21 06:55:10	1	0	1	0
           476	2023-06-21 06:56:27	1	0	15	0
           443	2023-06-21 06:56:46	1	0	1	0
           553	2023-06-21 06:58:44	1	0	1	0
            77	2023-06-21 07:04:55	1	0	1	0
           366	2023-06-21 07:05:15	1	0	1	0
           576	2023-06-21 07:05:19	1	0	1	0
           529	2023-06-21 07:05:32	1	0	1	0
           123	2023-06-21 07:07:47	1	0	1	0
           120	2023-06-21 07:07:59	1	0	1	0
           566	2023-06-21 07:09:45	1	0	1	0
           581	2023-06-21 07:09:47	1	0	1	0
           559	2023-06-21 07:10:38	1	0	1	0
           546	2023-06-21 07:10:44	1	0	1	0
           360	2023-06-21 07:11:43	1	0	1	0
           575	2023-06-21 07:12:46	1	0	1	0
           352	2023-06-21 07:13:07	1	0	1	0
           574	2023-06-21 07:13:13	1	0	1	0
           467	2023-06-21 07:14:59	1	0	1	0
           114	2023-06-21 07:15:34	1	0	1	0
            38	2023-06-21 07:16:07	1	0	1	0
            73	2023-06-21 07:16:40	1	0	1	0
            37	2023-06-21 07:17:34	1	0	1	0
           554	2023-06-21 07:17:58	1	0	1	0
            91	2023-06-21 07:18:14	1	0	1	0
           185	2023-06-21 07:18:28	1	0	1	0
           465	2023-06-21 07:18:36	1	0	1	0
           533	2023-06-21 07:19:53	1	0	1	0
           579	2023-06-21 07:20:02	1	0	1	0
           541	2023-06-21 07:22:37	1	0	1	0
           413	2023-06-21 07:24:02	1	0	4	0
            88	2023-06-21 07:24:11	1	0	15	0
           149	2023-06-21 07:24:57	1	0	15	0
           569	2023-06-21 07:25:46	1	0	1	0
            66	2023-06-21 07:26:05	1	0	15	0
           493	2023-06-21 07:26:13	1	0	1	0
            39	2023-06-21 07:27:13	1	0	1	0
           115	2023-06-21 07:27:23	1	0	1	0
            27	2023-06-21 07:27:39	1	0	1	0
           453	2023-06-21 07:28:03	1	0	15	0
           348	2023-06-21 07:28:11	1	0	1	0
           275	2023-06-21 07:28:31	1	0	1	0
           206	2023-06-21 07:28:37	1	0	1	0
           434	2023-06-21 07:30:17	1	0	1	0
           504	2023-06-21 07:30:25	1	0	1	0
           355	2023-06-21 07:30:29	1	0	1	0
           114	2023-06-21 07:30:36	1	0	1	0
            93	2023-06-21 07:32:55	1	0	15	0
           547	2023-06-21 07:33:02	1	0	1	0
           492	2023-06-21 07:33:09	1	0	1	0
           502	2023-06-21 07:33:18	1	0	1	0
           525	2023-06-21 07:33:48	1	0	1	0
           444	2023-06-21 07:34:46	1	0	1	0
           181	2023-06-21 07:37:07	1	0	15	0
           398	2023-06-21 07:37:24	1	0	1	0
           374	2023-06-21 07:37:30	1	0	1	0
           397	2023-06-21 07:38:22	1	0	1	0
            83	2023-06-21 07:38:37	1	0	1	0
           557	2023-06-21 07:38:44	1	0	1	0
           473	2023-06-21 07:38:51	1	0	1	0
           369	2023-06-21 07:40:01	1	0	1	0
           118	2023-06-21 07:40:26	1	0	1	0
           572	2023-06-21 07:40:31	1	0	1	0
            69	2023-06-21 07:40:38	1	0	1	0
           101	2023-06-21 07:40:49	1	0	1	0
            74	2023-06-21 07:41:28	1	0	1	0
           408	2023-06-21 07:41:53	1	0	1	0
           142	2023-06-21 07:42:21	1	0	1	0
           132	2023-06-21 07:42:30	1	0	15	0
            40	2023-06-21 07:43:36	1	0	1	0
           475	2023-06-21 07:43:42	1	0	1	0
            87	2023-06-21 07:43:57	1	0	15	0
           401	2023-06-21 07:44:03	1	0	15	0
           105	2023-06-21 07:44:10	1	0	15	0
           404	2023-06-21 07:44:16	1	0	1	0
           363	2023-06-21 07:44:27	1	0	1	0
           410	2023-06-21 07:44:46	1	0	1	0
           338	2023-06-21 07:44:54	1	0	1	0
           259	2023-06-21 07:45:41	1	0	1	0
           530	2023-06-21 07:46:09	1	0	1	0
           125	2023-06-21 07:47:39	1	0	1	0
           335	2023-06-21 07:47:53	1	0	1	0
           121	2023-06-21 07:48:15	1	0	1	0
           187	2023-06-21 07:48:30	1	0	1	0
           332	2023-06-21 07:48:43	1	0	1	0
           375	2023-06-21 07:49:04	1	0	1	0
           450	2023-06-21 07:49:18	1	0	1	0
           568	2023-06-21 07:49:27	1	0	1	0
           571	2023-06-21 07:49:31	1	0	1	0
           527	2023-06-21 07:50:20	1	0	1	0
           194	2023-06-21 07:51:02	1	0	1	0
           228	2023-06-21 07:51:05	1	0	1	0
           513	2023-06-21 07:51:59	1	0	1	0
           370	2023-06-21 07:52:10	1	0	1	0
           537	2023-06-21 07:52:18	1	0	1	0
           379	2023-06-21 07:52:48	1	0	15	0
           241	2023-06-21 07:53:26	1	0	1	0
           265	2023-06-21 07:54:06	1	0	1	0
           551	2023-06-21 07:54:16	1	0	1	0
           516	2023-06-21 07:54:36	1	0	1	0
           403	2023-06-21 07:54:54	1	0	1	0
           205	2023-06-21 07:55:22	1	0	1	0
           145	2023-06-21 07:55:29	1	0	1	0
            48	2023-06-21 07:55:46	1	0	15	0
           405	2023-06-21 07:56:12	1	0	1	0
           478	2023-06-21 07:56:27	1	0	1	0
           350	2023-06-21 07:56:51	1	0	1	0
           361	2023-06-21 07:57:42	1	0	1	0
           536	2023-06-21 07:57:47	1	0	1	0
           472	2023-06-21 07:57:54	1	0	1	0
           471	2023-06-21 07:58:03	1	0	1	0
            80	2023-06-21 07:58:07	1	0	15	0
            57	2023-06-21 07:58:32	1	0	1	0
           417	2023-06-21 07:58:49	1	0	1	0
           252	2023-06-21 07:58:56	1	0	15	0
           200	2023-06-21 07:59:47	1	0	1	0
           562	2023-06-21 08:06:05	1	0	1	0
           236	2023-06-21 08:07:38	1	0	1	0
           249	2023-06-21 08:08:18	1	0	1	0
           580	2023-06-21 08:12:49	1	0	1	0
           460	2023-06-21 08:42:35	1	0	1	0
           577	2023-06-21 09:35:52	1	0	1	0
           425	2023-06-21 11:06:20	1	0	1	0
           511	2023-06-21 11:18:41	1	0	1	0
           559	2023-06-21 11:30:03	1	0	1	0
           360	2023-06-21 11:30:10	1	0	1	0
           123	2023-06-21 11:30:16	1	0	1	0
           224	2023-06-21 11:30:22	1	0	15	0
           576	2023-06-21 11:30:30	1	0	1	0
           387	2023-06-21 11:30:41	1	0	15	0
           366	2023-06-21 11:31:00	1	0	1	0
           196	2023-06-21 11:32:17	1	0	1	0
           422	2023-06-21 11:32:23	1	0	1	0
           443	2023-06-21 11:32:30	1	0	1	0
           385	2023-06-21 11:32:42	1	0	1	0
           236	2023-06-21 11:33:20	1	0	1	0
           475	2023-06-21 11:33:59	1	0	15	0
           533	2023-06-21 11:34:12	1	0	1	0
           119	2023-06-21 11:34:30	1	0	15	0
           425	2023-06-21 11:35:36	1	0	1	0
           566	2023-06-21 11:37:18	1	0	1	0
           581	2023-06-21 11:37:20	1	0	1	0
           573	2023-06-21 11:56:10	1	0	1	0
            57	2023-06-21 12:00:03	1	0	1	0
            74	2023-06-21 12:00:08	1	0	1	0
           185	2023-06-21 12:00:14	1	0	1	0
           527	2023-06-21 12:00:18	1	0	1	0
           536	2023-06-21 12:00:23	1	0	1	0
            91	2023-06-21 12:00:29	1	0	1	0
           181	2023-06-21 12:00:36	1	0	1	0
           434	2023-06-21 12:00:41	1	0	1	0
           387	2023-06-21 12:00:52	1	0	15	0
           422	2023-06-21 12:01:10	1	0	1	0
           562	2023-06-21 12:01:14	1	0	1	0
           224	2023-06-21 12:01:22	1	0	1	0
           475	2023-06-21 12:01:27	1	0	1	0
           366	2023-06-21 12:01:32	1	0	1	0
           576	2023-06-21 12:01:36	1	0	1	0
           559	2023-06-21 12:01:41	1	0	1	0
           580	2023-06-21 12:01:46	1	0	1	0
           123	2023-06-21 12:01:52	1	0	1	0
           115	2023-06-21 12:02:00	1	0	1	0
           187	2023-06-21 12:02:05	1	0	1	0
            48	2023-06-21 12:02:13	1	0	15	0
           379	2023-06-21 12:02:19	1	0	1	0
           397	2023-06-21 12:02:25	1	0	1	0
           572	2023-06-21 12:02:32	1	0	1	0
            37	2023-06-21 12:02:42	1	0	1	0
           350	2023-06-21 12:02:47	1	0	1	0
           568	2023-06-21 12:02:52	1	0	1	0
           537	2023-06-21 12:02:57	1	0	1	0
           125	2023-06-21 12:03:02	1	0	1	0
           504	2023-06-21 12:03:07	1	0	1	0
           119	2023-06-21 12:03:16	1	0	15	0
           556	2023-06-21 12:03:22	1	0	1	0
           241	2023-06-21 12:03:26	1	0	1	0
           369	2023-06-21 12:03:32	1	0	1	0
           337	2023-06-21 12:03:39	1	0	1	0
           114	2023-06-21 12:03:43	1	0	1	0
           205	2023-06-21 12:03:48	1	0	1	0
           265	2023-06-21 12:03:53	1	0	1	0
            77	2023-06-21 12:03:59	1	0	1	0
           443	2023-06-21 12:04:06	1	0	1	0
           335	2023-06-21 12:04:10	1	0	1	0
           465	2023-06-21 12:04:22	1	0	1	0
            73	2023-06-21 12:04:38	1	0	1	0
           121	2023-06-21 12:04:44	1	0	1	0
           184	2023-06-21 12:04:50	1	0	1	0
            80	2023-06-21 12:04:57	1	0	15	0
           577	2023-06-21 12:05:05	1	0	1	0
           551	2023-06-21 12:05:12	1	0	1	0
            75	2023-06-21 12:05:18	1	0	1	0
           132	2023-06-21 12:05:28	1	0	15	0
           142	2023-06-21 12:05:36	1	0	15	0
           529	2023-06-21 12:05:42	1	0	1	0
           348	2023-06-21 12:05:49	1	0	1	0
            69	2023-06-21 12:05:54	1	0	1	0
           453	2023-06-21 12:05:59	1	0	1	0
           252	2023-06-21 12:06:07	1	0	15	0
           571	2023-06-21 12:06:12	1	0	1	0
           450	2023-06-21 12:06:19	1	0	15	0
            38	2023-06-21 12:07:00	1	0	1	0
            27	2023-06-21 12:07:58	1	0	1	0
           149	2023-06-21 12:08:04	1	0	1	0
           493	2023-06-21 12:08:07	1	0	15	0
           403	2023-06-21 12:08:21	1	0	1	0
           492	2023-06-21 12:08:46	1	0	1	0
           516	2023-06-21 12:08:50	1	0	1	0
           259	2023-06-21 12:09:03	1	0	1	0
           101	2023-06-21 12:09:17	1	0	1	0
           502	2023-06-21 12:09:33	1	0	1	0
           370	2023-06-21 12:09:39	1	0	1	0
           228	2023-06-21 12:09:46	1	0	1	0
           118	2023-06-21 12:09:50	1	0	1	0
           206	2023-06-21 12:09:56	1	0	1	0
           275	2023-06-21 12:10:05	1	0	1	0
            88	2023-06-21 12:10:11	1	0	15	0
            93	2023-06-21 12:10:22	1	0	15	0
           249	2023-06-21 12:10:29	1	0	1	0
            66	2023-06-21 12:10:58	1	0	15	0
           472	2023-06-21 12:11:17	1	0	1	0
           471	2023-06-21 12:11:23	1	0	1	0
           513	2023-06-21 12:11:29	1	0	1	0
           405	2023-06-21 12:11:36	1	0	1	0
           569	2023-06-21 12:11:41	1	0	1	0
           541	2023-06-21 12:11:48	1	0	1	0
           398	2023-06-21 12:11:55	1	0	1	0
           374	2023-06-21 12:12:04	1	0	15	0
           557	2023-06-21 12:12:15	1	0	1	0
           375	2023-06-21 12:12:21	1	0	1	0
           473	2023-06-21 12:12:26	1	0	1	0
           363	2023-06-21 12:12:38	1	0	1	0
           417	2023-06-21 12:12:49	1	0	1	0
           579	2023-06-21 12:12:56	1	0	1	0
           467	2023-06-21 12:13:02	1	0	1	0
           546	2023-06-21 12:13:07	1	0	1	0
           355	2023-06-21 12:13:11	1	0	1	0
           120	2023-06-21 12:13:26	1	0	1	0
           361	2023-06-21 12:13:34	1	0	1	0
           478	2023-06-21 12:14:04	1	0	1	0
           530	2023-06-21 12:14:10	1	0	1	0
           547	2023-06-21 12:14:58	1	0	1	0
           314	2023-06-21 12:15:40	1	0	1	0
           105	2023-06-21 12:16:00	1	0	1	0
           181	2023-06-21 12:16:43	1	0	1	0
           185	2023-06-21 12:16:50	1	0	1	0
            91	2023-06-21 12:16:59	1	0	1	0
           527	2023-06-21 12:17:05	1	0	1	0
           187	2023-06-21 12:17:10	1	0	1	0
           115	2023-06-21 12:17:16	1	0	1	0
            48	2023-06-21 12:17:21	1	0	15	0
           536	2023-06-21 12:17:27	1	0	1	0
           146	2023-06-21 12:17:35	1	0	15	0
           580	2023-06-21 12:17:43	1	0	1	0
            83	2023-06-21 12:18:29	1	0	1	0
           241	2023-06-21 12:18:35	1	0	1	0
            37	2023-06-21 12:18:57	1	0	1	0
           574	2023-06-21 12:19:01	1	0	1	0
           404	2023-06-21 12:19:07	1	0	1	0
           413	2023-06-21 12:19:32	1	0	4	0
           568	2023-06-21 12:19:40	1	0	1	0
           332	2023-06-21 12:19:51	1	0	1	0
            77	2023-06-21 12:20:10	1	0	1	0
           265	2023-06-21 12:20:15	1	0	1	0
            74	2023-06-21 12:20:22	1	0	1	0
           504	2023-06-21 12:20:32	1	0	1	0
           573	2023-06-21 12:20:40	1	0	1	0
           575	2023-06-21 12:20:59	1	0	1	0
           434	2023-06-21 12:21:03	1	0	1	0
            43	2023-06-21 12:21:47	1	0	1	0
           335	2023-06-21 12:21:55	1	0	1	0
           476	2023-06-21 12:23:04	1	0	1	0
           352	2023-06-21 12:23:08	1	0	1	0
           410	2023-06-21 12:23:14	1	0	15	0
           252	2023-06-21 12:23:51	1	0	15	0
           397	2023-06-21 12:24:50	1	0	1	0
           572	2023-06-21 12:24:56	1	0	1	0
           118	2023-06-21 12:25:08	1	0	1	0
           370	2023-06-21 12:25:17	1	0	1	0
            57	2023-06-21 12:25:36	1	0	1	0
           571	2023-06-21 12:25:48	1	0	1	0
           101	2023-06-21 12:25:55	1	0	1	0
            75	2023-06-21 12:26:16	1	0	1	0
           405	2023-06-21 12:27:28	1	0	1	0
           375	2023-06-21 12:27:32	1	0	1	0
           529	2023-06-21 12:27:45	1	0	1	0
           579	2023-06-21 12:28:02	1	0	1	0
           374	2023-06-21 12:28:12	1	0	15	0
           417	2023-06-21 12:28:20	1	0	15	0
           363	2023-06-21 12:28:32	1	0	1	0
           546	2023-06-21 12:28:38	1	0	1	0
           467	2023-06-21 12:28:42	1	0	1	0
           194	2023-06-21 12:28:48	1	0	1	0
           114	2023-06-21 12:28:54	1	0	1	0
           361	2023-06-21 12:29:04	1	0	1	0
           541	2023-06-21 12:29:11	1	0	1	0
           337	2023-06-21 12:29:19	1	0	1	0
            87	2023-06-21 12:29:24	1	0	15	0
           275	2023-06-21 12:29:34	1	0	1	0
            73	2023-06-21 12:29:42	1	0	1	0
           206	2023-06-21 12:29:50	1	0	1	0
           369	2023-06-21 12:30:00	1	0	1	0
           355	2023-06-21 12:30:05	1	0	1	0
           120	2023-06-21 12:30:14	1	0	1	0
           569	2023-06-21 12:30:21	1	0	1	0
           478	2023-06-21 12:30:36	1	0	15	0
           471	2023-06-21 12:31:50	1	0	1	0
           472	2023-06-21 12:31:54	1	0	1	0
           557	2023-06-21 12:32:00	1	0	1	0
           473	2023-06-21 12:32:04	1	0	1	0
           453	2023-06-21 12:34:03	1	0	1	0
            80	2023-06-21 12:34:09	1	0	15	0
           551	2023-06-21 12:34:13	1	0	1	0
           360	2023-06-21 12:34:46	1	0	1	0
           196	2023-06-21 12:37:22	1	0	1	0
           121	2023-06-21 12:37:40	1	0	1	0
           249	2023-06-21 12:37:47	1	0	1	0
           403	2023-06-21 12:37:57	1	0	1	0
            66	2023-06-21 12:38:08	1	0	15	0
            27	2023-06-21 12:39:21	1	0	1	0
           314	2023-06-21 12:39:36	1	0	1	0
           493	2023-06-21 12:39:44	1	0	15	0
            83	2023-06-21 12:39:51	1	0	1	0
           146	2023-06-21 12:39:59	1	0	15	0
           145	2023-06-21 12:40:41	1	0	1	0
           401	2023-06-21 12:40:46	1	0	1	0
           413	2023-06-21 12:42:00	1	0	4	0
           105	2023-06-21 12:42:18	1	0	1	0
           525	2023-06-21 12:42:23	1	0	1	0
           408	2023-06-21 12:42:30	1	0	15	0
           450	2023-06-21 12:42:52	1	0	1	0
           530	2023-06-21 12:43:09	1	0	1	0
           574	2023-06-21 12:43:18	1	0	1	0
           444	2023-06-21 12:43:23	1	0	1	0
           348	2023-06-21 12:44:17	1	0	15	0
           350	2023-06-21 12:45:40	1	0	1	0
           516	2023-06-21 12:46:09	1	0	1	0
           492	2023-06-21 12:46:14	1	0	1	0
           142	2023-06-21 12:46:19	1	0	1	0
           132	2023-06-21 12:46:25	1	0	1	0
           385	2023-06-21 12:47:49	1	0	1	0
           566	2023-06-21 12:48:40	1	0	1	0
           581	2023-06-21 12:48:46	1	0	1	0
            88	2023-06-21 12:48:51	1	0	15	0
           228	2023-06-21 12:48:56	1	0	15	0
           149	2023-06-21 12:49:23	1	0	1	0
           236	2023-06-21 12:49:31	1	0	1	0
           537	2023-06-21 12:49:43	1	0	1	0
           125	2023-06-21 12:49:47	1	0	1	0
           547	2023-06-21 12:49:54	1	0	1	0
           184	2023-06-21 12:50:11	1	0	1	0
           398	2023-06-21 12:50:16	1	0	1	0
           379	2023-06-21 12:50:26	1	0	1	0
           332	2023-06-21 12:51:08	1	0	1	0
           556	2023-06-21 12:51:16	1	0	1	0
            93	2023-06-21 12:51:24	1	0	15	0
           575	2023-06-21 12:51:59	1	0	1	0
           200	2023-06-21 12:52:09	1	0	1	0
            43	2023-06-21 12:52:17	1	0	1	0
           404	2023-06-21 12:54:29	1	0	1	0
           513	2023-06-21 12:56:39	1	0	1	0
           144	2023-06-21 12:56:57	1	0	1	0
            87	2023-06-21 12:57:19	1	0	15	0
           525	2023-06-21 12:57:27	1	0	1	0
           145	2023-06-21 12:58:31	1	0	1	0
           533	2023-06-21 12:58:36	1	0	1	0
           401	2023-06-21 12:58:40	1	0	1	0
           444	2023-06-21 12:58:56	1	0	1	0
           259	2023-06-21 13:01:17	1	0	1	0
            40	2023-06-21 13:02:05	1	0	1	0
           460	2023-06-21 13:06:35	1	0	1	0
           577	2023-06-21 13:18:32	1	0	1	0
           305	2023-06-21 13:20:19	1	0	1	0
           460	2023-06-21 13:41:38	1	0	1	0
           418	2023-06-21 14:01:32	1	0	15	0
           107	2023-06-21 15:05:28	1	0	1	0
           567	2023-06-21 15:31:15	1	0	1	0
           511	2023-06-21 16:03:26	1	0	1	0
           425	2023-06-21 16:11:25	1	0	1	0
