           124	2024-11-01 05:47:50	1	0	15	0
           620	2024-11-01 06:02:57	1	0	1	0
           418	2024-11-01 07:00:20	1	0	1	0
            70	2024-11-01 07:32:22	1	0	1	0
           567	2024-11-01 13:36:44	1	0	1	0
           124	2024-11-01 14:05:52	1	0	15	0
           620	2024-11-01 14:16:43	1	0	1	0
            70	2024-11-01 16:02:37	1	0	1	0
           418	2024-11-01 20:53:35	1	0	15	0
           567	2024-11-01 22:00:31	1	0	1	0
           620	2024-11-01 23:03:05	1	0	1	0
           418	2024-11-02 06:02:10	1	0	1	0
           567	2024-11-02 06:52:58	1	0	1	0
            70	2024-11-02 06:59:15	1	0	1	0
           620	2024-11-02 12:41:13	1	0	1	0
           418	2024-11-02 13:45:25	1	0	1	0
           567	2024-11-02 15:01:12	1	0	1	0
            70	2024-11-02 15:01:30	1	0	1	0
           305	2024-11-02 21:56:26	1	0	1	0
           620	2024-11-02 22:01:55	1	0	1	0
           418	2024-11-02 22:28:53	1	0	1	0
           567	2024-11-03 05:54:11	1	0	1	0
           620	2024-11-03 05:55:54	1	0	1	0
           305	2024-11-03 07:00:09	1	0	1	0
           418	2024-11-03 13:42:26	1	0	1	0
           567	2024-11-03 14:02:26	1	0	1	0
           620	2024-11-03 15:01:10	1	0	1	0
           305	2024-11-03 21:03:36	1	0	1	0
           418	2024-11-03 22:18:14	1	0	1	0
           124	2024-11-03 22:30:49	1	0	15	0
           620	2024-11-04 05:26:59	1	0	1	0
           305	2024-11-04 06:01:02	1	0	1	0
           337	2024-11-04 06:06:29	1	0	1	0
           119	2024-11-04 06:25:31	1	0	15	0
           196	2024-11-04 06:25:38	1	0	1	0
           632	2024-11-04 06:25:51	1	0	1	0
           123	2024-11-04 06:26:03	1	0	1	0
           387	2024-11-04 06:34:00	1	0	15	0
            37	2024-11-04 06:37:11	1	0	1	0
           398	2024-11-04 06:43:39	1	0	1	0
           422	2024-11-04 06:46:25	1	0	1	0
           146	2024-11-04 06:46:48	1	0	15	0
           184	2024-11-04 06:46:54	1	0	1	0
            88	2024-11-04 06:47:16	1	0	1	0
           366	2024-11-04 06:49:03	1	0	1	0
           645	2024-11-04 06:49:40	1	0	1	0
           460	2024-11-04 06:52:01	1	0	1	0
           646	2024-11-04 06:52:36	1	0	1	0
            69	2024-11-04 06:53:03	1	0	1	0
            93	2024-11-04 06:57:08	1	0	15	0
           600	2024-11-04 06:58:52	1	0	1	0
           413	2024-11-04 06:59:01	1	0	4	0
           492	2024-11-04 06:59:46	1	0	1	0
           443	2024-11-04 07:00:00	1	0	1	0
           114	2024-11-04 07:00:49	1	0	1	0
           182	2024-11-04 07:02:14	1	0	1	0
           418	2024-11-04 07:03:48	1	0	1	0
           149	2024-11-04 07:08:55	1	0	1	0
           101	2024-11-04 07:10:15	1	0	1	0
           566	2024-11-04 07:10:41	1	0	1	0
           465	2024-11-04 07:11:00	1	0	1	0
            75	2024-11-04 07:11:14	1	0	1	0
           115	2024-11-04 07:12:10	1	0	1	0
           642	2024-11-04 07:12:34	1	0	1	0
           643	2024-11-04 07:12:47	1	0	1	0
           124	2024-11-04 07:12:58	1	0	15	0
           631	2024-11-04 07:13:45	1	0	1	0
           335	2024-11-04 07:14:41	1	0	1	0
           546	2024-11-04 07:14:46	1	0	1	0
           556	2024-11-04 07:15:34	1	0	1	0
           581	2024-11-04 07:15:54	1	0	1	0
           227	2024-11-04 07:16:07	1	0	15	0
           573	2024-11-04 07:16:58	1	0	1	0
           579	2024-11-04 07:17:10	1	0	1	0
            40	2024-11-04 07:18:35	1	0	1	0
           314	2024-11-04 07:18:48	1	0	1	0
           375	2024-11-04 07:19:25	1	0	1	0
            77	2024-11-04 07:20:02	1	0	1	0
            27	2024-11-04 07:21:53	1	0	15	0
           453	2024-11-04 07:22:06	1	0	1	0
           606	2024-11-04 07:23:59	1	0	1	0
           493	2024-11-04 07:24:54	1	0	1	0
           662	2024-11-04 07:26:48	1	0	1	0
           374	2024-11-04 07:26:52	1	0	1	0
           523	2024-11-04 07:27:39	1	0	1	0
           338	2024-11-04 07:28:31	1	0	1	0
           485	2024-11-04 07:29:44	1	0	1	0
           397	2024-11-04 07:29:52	1	0	1	0
            39	2024-11-04 07:31:05	1	0	1	0
            74	2024-11-04 07:33:36	1	0	1	0
            95	2024-11-04 07:33:54	1	0	1	0
           476	2024-11-04 07:34:21	1	0	1	0
           265	2024-11-04 07:34:28	1	0	1	0
           660	2024-11-04 07:35:33	1	0	1	0
           205	2024-11-04 07:35:57	1	0	1	0
           635	2024-11-04 07:36:03	1	0	1	0
           541	2024-11-04 07:36:26	1	0	1	0
           355	2024-11-04 07:37:21	1	0	1	0
           434	2024-11-04 07:38:01	1	0	1	0
            38	2024-11-04 07:38:12	1	0	1	0
            73	2024-11-04 07:38:37	1	0	1	0
           370	2024-11-04 07:38:47	1	0	1	0
            83	2024-11-04 07:38:59	1	0	1	0
           601	2024-11-04 07:40:13	1	0	1	0
            86	2024-11-04 07:40:25	1	0	1	0
           105	2024-11-04 07:40:40	1	0	1	0
           404	2024-11-04 07:41:29	1	0	1	0
           659	2024-11-04 07:42:04	1	0	1	0
            70	2024-11-04 07:42:18	1	0	1	0
           236	2024-11-04 07:42:53	1	0	1	0
           516	2024-11-04 07:43:00	1	0	1	0
           604	2024-11-04 07:43:54	1	0	1	0
           252	2024-11-04 07:44:31	1	0	15	0
           183	2024-11-04 07:44:42	1	0	1	0
           640	2024-11-04 07:44:47	1	0	1	0
           259	2024-11-04 07:45:02	1	0	15	0
           593	2024-11-04 07:45:13	1	0	1	0
           331	2024-11-04 07:45:23	1	0	1	0
           637	2024-11-04 07:45:51	1	0	1	0
            53	2024-11-04 07:46:10	1	0	1	0
           132	2024-11-04 07:47:12	1	0	1	0
           405	2024-11-04 07:47:57	1	0	1	0
           655	2024-11-04 07:48:03	1	0	1	0
           363	2024-11-04 07:48:40	1	0	1	0
           467	2024-11-04 07:50:08	1	0	1	0
           529	2024-11-04 07:50:17	1	0	1	0
           562	2024-11-04 07:50:30	1	0	1	0
           125	2024-11-04 07:51:37	1	0	1	0
           399	2024-11-04 07:52:32	1	0	1	0
           414	2024-11-04 07:52:47	1	0	1	0
           586	2024-11-04 07:52:59	1	0	1	0
           502	2024-11-04 07:53:55	1	0	1	0
           360	2024-11-04 07:54:04	1	0	1	0
           648	2024-11-04 07:54:09	1	0	1	0
            87	2024-11-04 07:54:22	1	0	1	0
           513	2024-11-04 07:54:34	1	0	1	0
           444	2024-11-04 07:55:16	1	0	1	0
           583	2024-11-04 07:55:54	1	0	1	0
           580	2024-11-04 07:56:44	1	0	1	0
           275	2024-11-04 07:56:58	1	0	1	0
           206	2024-11-04 07:57:03	1	0	1	0
           520	2024-11-04 07:59:03	1	0	1	0
           200	2024-11-04 08:00:51	1	0	1	0
            55	2024-11-04 08:01:33	1	0	1	0
           403	2024-11-04 08:05:39	1	0	1	0
           312	2024-11-04 08:06:01	1	0	1	0
           623	2024-11-04 09:25:16	1	0	1	0
           663	2024-11-04 09:38:31	1	0	1	0
           460	2024-11-04 11:06:13	1	0	1	0
           366	2024-11-04 11:31:14	1	0	1	0
           119	2024-11-04 11:31:29	1	0	15	0
           642	2024-11-04 11:31:36	1	0	1	0
           360	2024-11-04 11:31:49	1	0	1	0
           387	2024-11-04 11:32:04	1	0	15	0
           422	2024-11-04 11:32:24	1	0	1	0
           566	2024-11-04 11:34:04	1	0	1	0
           600	2024-11-04 11:34:07	1	0	1	0
           443	2024-11-04 11:34:55	1	0	1	0
           643	2024-11-04 11:35:03	1	0	1	0
           123	2024-11-04 11:35:17	1	0	1	0
           646	2024-11-04 11:35:28	1	0	1	0
           581	2024-11-04 11:37:22	1	0	1	0
           632	2024-11-04 11:37:41	1	0	1	0
           196	2024-11-04 11:37:56	1	0	1	0
           460	2024-11-04 11:48:08	1	0	1	0
           115	2024-11-04 11:49:37	1	0	1	0
           337	2024-11-04 11:49:52	1	0	15	0
           546	2024-11-04 11:53:06	1	0	1	0
           123	2024-11-04 11:59:02	1	0	1	0
           366	2024-11-04 11:59:10	1	0	1	0
           443	2024-11-04 11:59:50	1	0	1	0
           646	2024-11-04 12:00:00	1	0	1	0
           413	2024-11-04 12:00:05	1	0	4	0
           196	2024-11-04 12:00:10	1	0	1	0
           387	2024-11-04 12:00:14	1	0	15	0
           404	2024-11-04 12:00:18	1	0	1	0
           606	2024-11-04 12:00:21	1	0	1	0
           422	2024-11-04 12:00:25	1	0	1	0
           582	2024-11-04 12:00:30	1	0	1	0
           314	2024-11-04 12:00:44	1	0	1	0
           579	2024-11-04 12:00:48	1	0	1	0
           541	2024-11-04 12:00:57	1	0	1	0
           573	2024-11-04 12:01:02	1	0	1	0
           206	2024-11-04 12:01:06	1	0	1	0
           467	2024-11-04 12:01:10	1	0	1	0
           662	2024-11-04 12:01:14	1	0	1	0
            27	2024-11-04 12:01:19	1	0	15	0
           132	2024-11-04 12:01:29	1	0	15	0
            53	2024-11-04 12:01:35	1	0	1	0
           453	2024-11-04 12:01:44	1	0	1	0
            37	2024-11-04 12:01:51	1	0	1	0
           399	2024-11-04 12:01:59	1	0	1	0
           632	2024-11-04 12:02:10	1	0	1	0
           581	2024-11-04 12:02:13	1	0	1	0
           643	2024-11-04 12:02:26	1	0	1	0
           600	2024-11-04 12:02:31	1	0	1	0
            69	2024-11-04 12:02:35	1	0	1	0
           623	2024-11-04 12:02:52	1	0	1	0
           476	2024-11-04 12:03:16	1	0	1	0
            40	2024-11-04 12:03:23	1	0	1	0
           119	2024-11-04 12:03:34	1	0	15	0
           520	2024-11-04 12:03:40	1	0	1	0
           604	2024-11-04 12:03:44	1	0	1	0
           184	2024-11-04 12:03:49	1	0	1	0
           146	2024-11-04 12:03:52	1	0	15	0
           529	2024-11-04 12:03:57	1	0	1	0
           125	2024-11-04 12:04:07	1	0	1	0
           101	2024-11-04 12:04:18	1	0	1	0
           355	2024-11-04 12:04:30	1	0	1	0
           149	2024-11-04 12:04:35	1	0	1	0
           523	2024-11-04 12:04:43	1	0	1	0
           360	2024-11-04 12:04:57	1	0	1	0
           275	2024-11-04 12:05:04	1	0	1	0
           259	2024-11-04 12:05:23	1	0	15	0
           465	2024-11-04 12:05:31	1	0	1	0
           513	2024-11-04 12:05:40	1	0	1	0
            75	2024-11-04 12:05:44	1	0	1	0
           236	2024-11-04 12:05:52	1	0	1	0
           493	2024-11-04 12:05:59	1	0	1	0
           586	2024-11-04 12:06:03	1	0	1	0
           648	2024-11-04 12:06:08	1	0	1	0
           115	2024-11-04 12:06:15	1	0	1	0
           337	2024-11-04 12:06:24	1	0	15	0
            93	2024-11-04 12:06:31	1	0	1	0
           631	2024-11-04 12:06:42	1	0	1	0
            38	2024-11-04 12:06:48	1	0	1	0
            83	2024-11-04 12:07:06	1	0	1	0
           205	2024-11-04 12:07:14	1	0	1	0
           502	2024-11-04 12:07:24	1	0	1	0
           434	2024-11-04 12:07:30	1	0	1	0
           183	2024-11-04 12:07:38	1	0	1	0
           583	2024-11-04 12:07:48	1	0	1	0
           635	2024-11-04 12:07:56	1	0	1	0
           114	2024-11-04 12:08:05	1	0	1	0
           397	2024-11-04 12:08:09	1	0	1	0
           660	2024-11-04 12:08:18	1	0	1	0
           663	2024-11-04 12:08:23	1	0	1	0
           546	2024-11-04 12:08:38	1	0	1	0
           655	2024-11-04 12:08:53	1	0	1	0
           637	2024-11-04 12:09:17	1	0	1	0
           252	2024-11-04 12:09:59	1	0	15	0
           265	2024-11-04 12:10:21	1	0	1	0
            77	2024-11-04 12:10:28	1	0	1	0
           182	2024-11-04 12:11:08	1	0	1	0
           492	2024-11-04 12:11:17	1	0	1	0
           516	2024-11-04 12:11:24	1	0	1	0
           312	2024-11-04 12:11:39	1	0	1	0
           121	2024-11-04 12:11:46	1	0	1	0
           601	2024-11-04 12:11:49	1	0	1	0
            73	2024-11-04 12:13:08	1	0	1	0
           659	2024-11-04 12:14:13	1	0	1	0
            87	2024-11-04 12:14:39	1	0	1	0
           338	2024-11-04 12:14:46	1	0	1	0
            88	2024-11-04 12:14:54	1	0	1	0
           370	2024-11-04 12:14:59	1	0	1	0
           414	2024-11-04 12:15:06	1	0	1	0
            74	2024-11-04 12:16:06	1	0	1	0
           404	2024-11-04 12:16:28	1	0	1	0
           403	2024-11-04 12:16:38	1	0	1	0
           579	2024-11-04 12:16:44	1	0	1	0
           314	2024-11-04 12:16:50	1	0	1	0
           467	2024-11-04 12:16:53	1	0	1	0
           662	2024-11-04 12:16:58	1	0	1	0
           573	2024-11-04 12:17:03	1	0	1	0
           132	2024-11-04 12:17:15	1	0	1	0
           405	2024-11-04 12:17:21	1	0	1	0
           375	2024-11-04 12:17:27	1	0	1	0
           363	2024-11-04 12:17:35	1	0	1	0
           331	2024-11-04 12:17:41	1	0	1	0
            37	2024-11-04 12:17:54	1	0	1	0
           465	2024-11-04 12:21:07	1	0	1	0
            75	2024-11-04 12:21:47	1	0	1	0
           146	2024-11-04 12:22:03	1	0	15	0
           335	2024-11-04 12:22:24	1	0	1	0
           434	2024-11-04 12:22:47	1	0	1	0
           580	2024-11-04 12:23:33	1	0	1	0
           149	2024-11-04 12:25:20	1	0	1	0
           101	2024-11-04 12:25:28	1	0	1	0
           642	2024-11-04 12:26:07	1	0	1	0
           265	2024-11-04 12:26:31	1	0	1	0
            77	2024-11-04 12:26:35	1	0	1	0
           413	2024-11-04 12:26:41	1	0	4	0
           583	2024-11-04 12:26:47	1	0	1	0
           631	2024-11-04 12:26:55	1	0	1	0
           200	2024-11-04 12:27:47	1	0	1	0
           513	2024-11-04 12:28:12	1	0	1	0
            39	2024-11-04 12:29:45	1	0	1	0
           453	2024-11-04 12:30:02	1	0	1	0
           493	2024-11-04 12:31:12	1	0	1	0
           121	2024-11-04 12:31:19	1	0	1	0
            69	2024-11-04 12:31:56	1	0	1	0
           408	2024-11-04 12:32:03	1	0	1	0
           259	2024-11-04 12:32:15	1	0	15	0
            55	2024-11-04 12:33:38	1	0	1	0
           405	2024-11-04 12:34:26	1	0	1	0
           375	2024-11-04 12:34:31	1	0	1	0
           363	2024-11-04 12:34:37	1	0	1	0
            73	2024-11-04 12:34:55	1	0	1	0
           183	2024-11-04 12:35:02	1	0	1	0
            93	2024-11-04 12:35:08	1	0	1	0
           623	2024-11-04 12:35:45	1	0	1	0
            40	2024-11-04 12:35:52	1	0	1	0
           182	2024-11-04 12:37:55	1	0	1	0
           252	2024-11-04 12:38:29	1	0	15	0
            74	2024-11-04 12:39:37	1	0	1	0
           403	2024-11-04 12:40:10	1	0	1	0
           444	2024-11-04 12:40:39	1	0	1	0
           640	2024-11-04 12:40:50	1	0	1	0
            27	2024-11-04 12:42:05	1	0	15	0
           593	2024-11-04 12:42:19	1	0	1	0
           637	2024-11-04 12:42:40	1	0	1	0
           370	2024-11-04 12:42:56	1	0	1	0
            88	2024-11-04 12:43:10	1	0	1	0
           114	2024-11-04 12:43:20	1	0	1	0
           335	2024-11-04 12:43:36	1	0	1	0
            86	2024-11-04 12:43:40	1	0	1	0
           516	2024-11-04 12:43:45	1	0	1	0
           492	2024-11-04 12:43:50	1	0	1	0
           635	2024-11-04 12:43:56	1	0	1	0
           606	2024-11-04 12:44:03	1	0	1	0
           206	2024-11-04 12:44:20	1	0	1	0
           275	2024-11-04 12:44:25	1	0	1	0
           648	2024-11-04 12:44:30	1	0	1	0
           586	2024-11-04 12:44:36	1	0	1	0
           601	2024-11-04 12:45:42	1	0	1	0
           566	2024-11-04 12:45:46	1	0	1	0
            38	2024-11-04 12:46:01	1	0	1	0
            83	2024-11-04 12:46:21	1	0	1	0
           312	2024-11-04 12:46:26	1	0	1	0
           399	2024-11-04 12:46:45	1	0	1	0
           476	2024-11-04 12:46:59	1	0	1	0
           604	2024-11-04 12:47:49	1	0	1	0
           520	2024-11-04 12:48:02	1	0	1	0
           200	2024-11-04 12:48:14	1	0	1	0
           125	2024-11-04 12:48:20	1	0	1	0
           655	2024-11-04 12:48:26	1	0	1	0
           541	2024-11-04 12:50:09	1	0	1	0
           397	2024-11-04 12:50:21	1	0	1	0
           660	2024-11-04 12:50:26	1	0	1	0
           663	2024-11-04 12:50:32	1	0	1	0
           184	2024-11-04 12:50:58	1	0	1	0
            55	2024-11-04 12:51:38	1	0	1	0
           338	2024-11-04 12:54:27	1	0	1	0
           355	2024-11-04 12:54:45	1	0	1	0
           523	2024-11-04 12:54:53	1	0	15	0
           580	2024-11-04 12:55:44	1	0	1	0
           529	2024-11-04 12:55:49	1	0	1	0
           659	2024-11-04 12:56:01	1	0	1	0
           502	2024-11-04 12:56:11	1	0	1	0
           640	2024-11-04 12:56:40	1	0	1	0
           444	2024-11-04 12:56:46	1	0	1	0
           331	2024-11-04 12:57:11	1	0	1	0
           593	2024-11-04 12:59:33	1	0	1	0
           236	2024-11-04 12:59:58	1	0	1	0
           485	2024-11-04 13:03:24	1	0	1	0
           485	2024-11-04 13:32:30	1	0	1	0
           620	2024-11-04 14:14:28	1	0	1	0
           305	2024-11-04 14:26:23	1	0	1	0
           418	2024-11-04 15:07:49	1	0	1	0
            70	2024-11-04 16:02:13	1	0	1	0
           182	2024-11-04 16:02:22	1	0	1	0
            93	2024-11-04 16:02:38	1	0	1	0
           413	2024-11-04 16:03:18	1	0	4	0
            88	2024-11-04 16:12:49	1	0	1	0
           637	2024-11-04 17:00:04	1	0	1	0
           184	2024-11-04 17:00:07	1	0	1	0
           422	2024-11-04 17:00:12	1	0	1	0
           387	2024-11-04 17:00:20	1	0	15	0
           581	2024-11-04 17:00:25	1	0	1	0
           460	2024-11-04 17:00:31	1	0	1	0
           397	2024-11-04 17:00:58	1	0	1	0
           236	2024-11-04 17:01:06	1	0	1	0
            37	2024-11-04 17:01:19	1	0	1	0
            27	2024-11-04 17:01:25	1	0	15	0
           375	2024-11-04 17:01:37	1	0	1	0
           604	2024-11-04 17:01:44	1	0	1	0
           493	2024-11-04 17:01:51	1	0	1	0
           601	2024-11-04 17:01:58	1	0	1	0
           453	2024-11-04 17:02:10	1	0	1	0
           660	2024-11-04 17:02:15	1	0	1	0
           663	2024-11-04 17:02:18	1	0	1	0
           405	2024-11-04 17:02:22	1	0	1	0
            53	2024-11-04 17:02:28	1	0	1	0
           631	2024-11-04 17:02:34	1	0	1	0
           363	2024-11-04 17:02:39	1	0	1	0
           643	2024-11-04 17:02:49	1	0	1	0
           523	2024-11-04 17:02:59	1	0	1	0
           600	2024-11-04 17:03:07	1	0	1	0
            74	2024-11-04 17:03:23	1	0	1	0
           646	2024-11-04 17:03:28	1	0	1	0
           662	2024-11-04 17:03:35	1	0	1	0
           562	2024-11-04 17:03:41	1	0	1	0
           566	2024-11-04 17:04:07	1	0	1	0
           583	2024-11-04 17:04:12	1	0	1	0
           659	2024-11-04 17:04:28	1	0	1	0
           623	2024-11-04 17:04:36	1	0	1	0
           252	2024-11-04 17:04:45	1	0	15	0
            77	2024-11-04 17:04:51	1	0	1	0
           123	2024-11-04 17:05:01	1	0	15	0
           366	2024-11-04 17:05:25	1	0	1	0
           632	2024-11-04 17:05:33	1	0	1	0
           556	2024-11-04 17:05:41	1	0	1	0
           520	2024-11-04 17:05:54	1	0	1	0
           114	2024-11-04 17:05:58	1	0	1	0
            86	2024-11-04 17:06:07	1	0	1	0
           443	2024-11-04 17:06:14	1	0	1	0
           513	2024-11-04 17:06:21	1	0	1	0
           546	2024-11-04 17:06:24	1	0	1	0
           408	2024-11-04 17:06:31	1	0	1	0
           115	2024-11-04 17:06:49	1	0	1	0
           582	2024-11-04 17:07:12	1	0	1	0
           516	2024-11-04 17:07:20	1	0	1	0
           404	2024-11-04 17:07:23	1	0	1	0
            38	2024-11-04 17:08:07	1	0	1	0
           642	2024-11-04 17:08:20	1	0	1	0
           640	2024-11-04 17:08:33	1	0	1	0
           444	2024-11-04 17:08:38	1	0	1	0
           337	2024-11-04 17:08:49	1	0	15	0
           399	2024-11-04 17:09:01	1	0	1	0
           398	2024-11-04 17:09:08	1	0	15	0
           403	2024-11-04 17:09:32	1	0	1	0
           579	2024-11-04 17:09:47	1	0	1	0
           476	2024-11-04 17:09:56	1	0	1	0
           146	2024-11-04 17:10:04	1	0	15	0
           196	2024-11-04 17:10:10	1	0	1	0
           119	2024-11-04 17:10:35	1	0	15	0
           434	2024-11-04 17:10:57	1	0	1	0
           355	2024-11-04 17:11:03	1	0	1	0
           606	2024-11-04 17:12:23	1	0	1	0
            83	2024-11-04 17:12:44	1	0	1	0
            73	2024-11-04 17:13:32	1	0	1	0
           645	2024-11-04 17:13:41	1	0	1	0
           370	2024-11-04 17:14:16	1	0	1	0
           149	2024-11-04 17:14:30	1	0	1	0
           121	2024-11-04 17:14:41	1	0	1	0
           573	2024-11-04 17:15:14	1	0	1	0
           314	2024-11-04 17:15:19	1	0	1	0
           265	2024-11-04 17:15:23	1	0	1	0
           331	2024-11-04 17:15:35	1	0	1	0
           635	2024-11-04 17:16:06	1	0	1	0
           648	2024-11-04 17:16:13	1	0	1	0
            55	2024-11-04 17:17:19	1	0	1	0
           580	2024-11-04 17:18:56	1	0	1	0
           360	2024-11-04 17:20:19	1	0	1	0
            69	2024-11-04 17:20:58	1	0	1	0
           132	2024-11-04 17:21:31	1	0	1	0
           205	2024-11-04 17:25:53	1	0	1	0
           467	2024-11-04 17:26:15	1	0	1	0
           516	2024-11-04 17:26:23	1	0	1	0
            40	2024-11-04 17:27:01	1	0	1	0
           492	2024-11-04 17:28:46	1	0	1	0
           101	2024-11-04 17:31:16	1	0	1	0
           566	2024-11-04 17:32:14	1	0	1	0
           642	2024-11-04 17:32:19	1	0	1	0
           586	2024-11-04 17:34:46	1	0	1	0
           529	2024-11-04 17:42:26	1	0	1	0
           125	2024-11-04 17:42:33	1	0	1	0
           492	2024-11-04 17:43:51	1	0	1	0
           338	2024-11-04 17:45:35	1	0	1	0
           646	2024-11-04 17:50:43	1	0	1	0
           123	2024-11-04 17:50:52	1	0	15	0
           643	2024-11-04 17:51:08	1	0	15	0
           582	2024-11-04 17:51:51	1	0	1	0
           312	2024-11-04 17:56:37	1	0	1	0
           556	2024-11-04 17:57:14	1	0	1	0
           183	2024-11-04 18:02:28	1	0	1	0
           593	2024-11-04 18:03:56	1	0	1	0
           206	2024-11-04 18:04:45	1	0	1	0
            87	2024-11-04 18:06:03	1	0	1	0
           275	2024-11-04 18:12:09	1	0	1	0
           259	2024-11-04 18:16:25	1	0	15	0
           227	2024-11-04 18:18:45	1	0	15	0
            95	2024-11-04 18:18:56	1	0	1	0
           485	2024-11-04 18:20:03	1	0	1	0
           105	2024-11-04 18:31:13	1	0	1	0
           541	2024-11-04 18:36:17	1	0	1	0
           655	2024-11-04 18:48:23	1	0	1	0
           200	2024-11-04 20:05:26	1	0	1	0
           414	2024-11-04 21:12:04	1	0	1	0
           502	2024-11-04 21:12:09	1	0	1	0
           465	2024-11-04 21:12:13	1	0	1	0
            75	2024-11-04 21:13:38	1	0	1	0
           124	2024-11-04 21:27:13	1	0	15	0
           582	2024-11-04 22:02:47	1	0	1	0
           566	2024-11-04 22:04:06	1	0	1	0
           642	2024-11-04 22:04:14	1	0	1	0
           643	2024-11-04 22:04:35	1	0	15	0
           335	2024-11-04 22:04:42	1	0	1	0
           646	2024-11-04 22:17:56	1	0	1	0
           123	2024-11-04 22:18:06	1	0	15	0
           556	2024-11-04 22:43:44	1	0	1	0
           516	2024-11-04 22:43:52	1	0	1	0
           492	2024-11-04 22:44:05	1	0	1	0
           305	2024-11-04 23:01:16	1	0	1	0
           196	2024-11-05 05:44:42	1	0	1	0
           119	2024-11-05 05:44:57	1	0	15	0
           124	2024-11-05 06:03:24	1	0	15	0
           337	2024-11-05 06:04:07	1	0	1	0
           632	2024-11-05 06:09:54	1	0	1	0
           123	2024-11-05 06:14:39	1	0	15	0
           182	2024-11-05 06:20:05	1	0	1	0
           418	2024-11-05 06:25:16	1	0	1	0
           600	2024-11-05 06:27:04	1	0	1	0
           443	2024-11-05 06:33:10	1	0	1	0
           387	2024-11-05 06:40:26	1	0	15	0
           645	2024-11-05 06:43:08	1	0	1	0
           422	2024-11-05 06:47:01	1	0	1	0
            70	2024-11-05 06:51:21	1	0	1	0
           646	2024-11-05 06:55:12	1	0	1	0
           566	2024-11-05 06:57:14	1	0	1	0
            88	2024-11-05 06:59:39	1	0	1	0
           413	2024-11-05 06:59:49	1	0	4	0
           460	2024-11-05 07:01:33	1	0	1	0
           375	2024-11-05 07:04:13	1	0	1	0
            93	2024-11-05 07:05:04	1	0	1	0
           187	2024-11-05 07:05:21	1	0	1	0
           146	2024-11-05 07:06:40	1	0	15	0
           184	2024-11-05 07:06:47	1	0	1	0
           631	2024-11-05 07:09:30	1	0	1	0
           366	2024-11-05 07:11:25	1	0	1	0
            37	2024-11-05 07:12:08	1	0	1	0
           573	2024-11-05 07:12:13	1	0	1	0
           149	2024-11-05 07:13:52	1	0	1	0
           493	2024-11-05 07:17:29	1	0	1	0
           606	2024-11-05 07:18:05	1	0	1	0
           101	2024-11-05 07:18:36	1	0	1	0
           546	2024-11-05 07:19:03	1	0	1	0
           601	2024-11-05 07:19:35	1	0	1	0
           642	2024-11-05 07:19:49	1	0	1	0
           643	2024-11-05 07:20:14	1	0	15	0
            75	2024-11-05 07:23:01	1	0	1	0
           465	2024-11-05 07:23:08	1	0	1	0
           398	2024-11-05 07:23:13	1	0	1	0
           114	2024-11-05 07:23:35	1	0	1	0
           227	2024-11-05 07:23:59	1	0	15	0
            77	2024-11-05 07:24:20	1	0	1	0
           582	2024-11-05 07:25:34	1	0	1	0
           581	2024-11-05 07:27:37	1	0	1	0
           579	2024-11-05 07:28:00	1	0	1	0
           125	2024-11-05 07:30:13	1	0	1	0
           360	2024-11-05 07:30:21	1	0	1	0
           492	2024-11-05 07:30:51	1	0	1	0
            39	2024-11-05 07:31:03	1	0	1	0
           115	2024-11-05 07:31:51	1	0	1	0
           205	2024-11-05 07:31:56	1	0	1	0
           397	2024-11-05 07:32:04	1	0	1	0
           434	2024-11-05 07:32:15	1	0	1	0
            55	2024-11-05 07:32:46	1	0	1	0
           314	2024-11-05 07:33:00	1	0	1	0
           350	2024-11-05 07:33:34	1	0	1	0
           516	2024-11-05 07:34:03	1	0	1	0
           408	2024-11-05 07:34:40	1	0	1	0
           355	2024-11-05 07:35:30	1	0	1	0
           660	2024-11-05 07:36:01	1	0	1	0
            27	2024-11-05 07:37:55	1	0	15	0
           523	2024-11-05 07:38:04	1	0	1	0
           453	2024-11-05 07:38:19	1	0	1	0
           663	2024-11-05 07:39:41	1	0	1	0
           659	2024-11-05 07:41:47	1	0	1	0
            74	2024-11-05 07:42:44	1	0	15	0
           444	2024-11-05 07:42:50	1	0	1	0
           556	2024-11-05 07:43:47	1	0	1	0
           338	2024-11-05 07:43:51	1	0	1	0
           541	2024-11-05 07:44:22	1	0	1	0
           640	2024-11-05 07:44:41	1	0	1	0
           265	2024-11-05 07:45:34	1	0	1	0
            95	2024-11-05 07:45:49	1	0	1	0
           252	2024-11-05 07:46:15	1	0	15	0
            69	2024-11-05 07:46:38	1	0	1	0
           513	2024-11-05 07:46:56	1	0	1	0
           604	2024-11-05 07:47:09	1	0	1	0
           583	2024-11-05 07:47:17	1	0	1	0
           259	2024-11-05 07:47:29	1	0	15	0
           236	2024-11-05 07:48:53	1	0	1	0
           370	2024-11-05 07:49:09	1	0	1	0
           529	2024-11-05 07:49:15	1	0	1	0
            38	2024-11-05 07:49:50	1	0	1	0
            73	2024-11-05 07:50:19	1	0	1	0
           404	2024-11-05 07:54:07	1	0	1	0
           105	2024-11-05 07:54:20	1	0	15	0
           399	2024-11-05 07:55:05	1	0	1	0
           637	2024-11-05 07:55:11	1	0	1	0
           374	2024-11-05 07:55:42	1	0	1	0
           635	2024-11-05 07:55:51	1	0	1	0
           502	2024-11-05 07:56:00	1	0	1	0
           331	2024-11-05 07:56:09	1	0	1	0
           467	2024-11-05 07:56:44	1	0	1	0
            53	2024-11-05 07:57:26	1	0	1	0
           363	2024-11-05 07:57:59	1	0	1	0
           623	2024-11-05 07:59:00	1	0	1	0
           655	2024-11-05 08:00:20	1	0	1	0
           648	2024-11-05 08:00:47	1	0	1	0
           580	2024-11-05 08:01:50	1	0	1	0
           200	2024-11-05 08:02:37	1	0	1	0
           132	2024-11-05 08:02:42	1	0	1	0
           194	2024-11-05 08:03:43	1	0	1	0
           288	2024-11-05 08:04:03	1	0	1	0
           414	2024-11-05 08:04:50	1	0	1	0
           476	2024-11-05 08:05:59	1	0	1	0
           586	2024-11-05 08:06:08	1	0	1	0
           562	2024-11-05 08:06:17	1	0	1	0
           361	2024-11-05 08:08:12	1	0	1	0
           121	2024-11-05 08:08:28	1	0	1	0
           403	2024-11-05 08:09:39	1	0	1	0
           312	2024-11-05 08:11:26	1	0	1	0
           593	2024-11-05 08:13:47	1	0	1	0
            87	2024-11-05 08:15:46	1	0	1	0
           520	2024-11-05 08:17:12	1	0	1	0
           275	2024-11-05 08:33:23	1	0	1	0
           485	2024-11-05 09:01:42	1	0	1	0
           460	2024-11-05 11:04:45	1	0	1	0
           460	2024-11-05 11:30:41	1	0	1	0
           366	2024-11-05 11:31:07	1	0	15	0
           387	2024-11-05 11:31:47	1	0	15	0
           360	2024-11-05 11:32:38	1	0	1	0
           422	2024-11-05 11:33:48	1	0	1	0
           581	2024-11-05 11:33:55	1	0	1	0
           632	2024-11-05 11:34:20	1	0	1	0
           119	2024-11-05 11:34:30	1	0	15	0
           643	2024-11-05 11:35:38	1	0	15	0
           600	2024-11-05 11:35:47	1	0	1	0
           582	2024-11-05 11:38:34	1	0	1	0
           443	2024-11-05 11:38:43	1	0	1	0
           646	2024-11-05 11:38:50	1	0	1	0
           417	2024-11-05 11:39:27	1	0	15	0
           123	2024-11-05 11:39:47	1	0	1	0
           196	2024-11-05 11:40:00	1	0	1	0
           566	2024-11-05 11:42:18	1	0	1	0
           642	2024-11-05 11:44:33	1	0	1	0
           337	2024-11-05 11:52:56	1	0	1	0
           115	2024-11-05 11:53:01	1	0	1	0
           546	2024-11-05 11:53:09	1	0	1	0
           573	2024-11-05 11:53:11	1	0	1	0
           579	2024-11-05 11:53:18	1	0	1	0
           314	2024-11-05 11:53:31	1	0	1	0
           632	2024-11-05 11:57:21	1	0	1	0
           360	2024-11-05 11:57:55	1	0	1	0
           581	2024-11-05 11:58:05	1	0	1	0
           366	2024-11-05 11:59:34	1	0	1	0
           600	2024-11-05 11:59:41	1	0	1	0
           606	2024-11-05 12:00:07	1	0	1	0
           123	2024-11-05 12:00:36	1	0	1	0
           119	2024-11-05 12:00:50	1	0	15	0
           556	2024-11-05 12:00:57	1	0	1	0
           404	2024-11-05 12:01:00	1	0	1	0
           132	2024-11-05 12:01:18	1	0	1	0
            37	2024-11-05 12:01:36	1	0	1	0
            53	2024-11-05 12:01:46	1	0	1	0
           387	2024-11-05 12:01:55	1	0	15	0
           422	2024-11-05 12:02:02	1	0	1	0
           582	2024-11-05 12:02:06	1	0	1	0
           443	2024-11-05 12:02:12	1	0	1	0
           196	2024-11-05 12:02:17	1	0	1	0
           184	2024-11-05 12:02:22	1	0	1	0
            69	2024-11-05 12:02:26	1	0	1	0
            55	2024-11-05 12:02:33	1	0	1	0
            74	2024-11-05 12:02:46	1	0	1	0
           631	2024-11-05 12:02:49	1	0	1	0
           350	2024-11-05 12:02:54	1	0	1	0
           529	2024-11-05 12:02:59	1	0	1	0
           593	2024-11-05 12:03:02	1	0	1	0
           623	2024-11-05 12:03:06	1	0	1	0
           467	2024-11-05 12:03:15	1	0	1	0
           476	2024-11-05 12:03:30	1	0	1	0
           403	2024-11-05 12:03:34	1	0	1	0
           601	2024-11-05 12:03:40	1	0	1	0
           502	2024-11-05 12:03:46	1	0	1	0
           513	2024-11-05 12:04:02	1	0	1	0
           660	2024-11-05 12:04:07	1	0	1	0
           663	2024-11-05 12:04:10	1	0	1	0
           397	2024-11-05 12:04:14	1	0	1	0
           205	2024-11-05 12:04:26	1	0	1	0
           465	2024-11-05 12:04:33	1	0	1	0
           655	2024-11-05 12:04:38	1	0	1	0
           331	2024-11-05 12:04:50	1	0	1	0
           399	2024-11-05 12:04:56	1	0	1	0
           265	2024-11-05 12:05:05	1	0	1	0
           492	2024-11-05 12:05:35	1	0	1	0
           493	2024-11-05 12:05:48	1	0	1	0
           434	2024-11-05 12:05:52	1	0	1	0
           444	2024-11-05 12:06:08	1	0	1	0
           640	2024-11-05 12:06:16	1	0	1	0
           408	2024-11-05 12:06:22	1	0	1	0
           453	2024-11-05 12:06:29	1	0	1	0
           194	2024-11-05 12:06:34	1	0	1	0
            95	2024-11-05 12:06:51	1	0	1	0
           236	2024-11-05 12:06:58	1	0	1	0
           635	2024-11-05 12:07:05	1	0	1	0
            87	2024-11-05 12:07:12	1	0	1	0
            75	2024-11-05 12:07:48	1	0	1	0
           643	2024-11-05 12:08:00	1	0	1	0
           121	2024-11-05 12:08:10	1	0	1	0
           149	2024-11-05 12:08:15	1	0	1	0
           413	2024-11-05 12:08:18	1	0	4	0
            27	2024-11-05 12:08:30	1	0	15	0
           105	2024-11-05 12:08:37	1	0	1	0
           335	2024-11-05 12:08:44	1	0	1	0
           115	2024-11-05 12:09:16	1	0	1	0
           648	2024-11-05 12:09:22	1	0	1	0
           586	2024-11-05 12:09:33	1	0	1	0
           637	2024-11-05 12:09:38	1	0	1	0
           355	2024-11-05 12:09:47	1	0	1	0
           523	2024-11-05 12:09:54	1	0	1	0
           337	2024-11-05 12:10:02	1	0	1	0
           314	2024-11-05 12:10:08	1	0	1	0
           579	2024-11-05 12:10:12	1	0	1	0
           583	2024-11-05 12:10:19	1	0	1	0
           546	2024-11-05 12:10:29	1	0	1	0
           414	2024-11-05 12:10:51	1	0	1	0
           573	2024-11-05 12:10:56	1	0	1	0
           259	2024-11-05 12:11:28	1	0	15	0
           288	2024-11-05 12:11:34	1	0	1	0
            93	2024-11-05 12:11:40	1	0	1	0
            39	2024-11-05 12:12:38	1	0	1	0
           252	2024-11-05 12:13:08	1	0	15	0
           398	2024-11-05 12:13:23	1	0	1	0
           275	2024-11-05 12:13:30	1	0	1	0
            38	2024-11-05 12:14:28	1	0	1	0
           101	2024-11-05 12:15:01	1	0	1	0
           114	2024-11-05 12:16:13	1	0	1	0
           404	2024-11-05 12:16:41	1	0	1	0
            53	2024-11-05 12:16:59	1	0	1	0
           146	2024-11-05 12:17:08	1	0	15	0
           529	2024-11-05 12:18:23	1	0	1	0
            73	2024-11-05 12:19:03	1	0	1	0
            37	2024-11-05 12:19:12	1	0	1	0
           593	2024-11-05 12:19:18	1	0	1	0
           520	2024-11-05 12:19:27	1	0	1	0
           604	2024-11-05 12:19:32	1	0	1	0
           125	2024-11-05 12:19:40	1	0	1	0
           465	2024-11-05 12:19:55	1	0	1	0
           205	2024-11-05 12:20:03	1	0	1	0
           655	2024-11-05 12:20:10	1	0	1	0
            74	2024-11-05 12:20:24	1	0	1	0
           541	2024-11-05 12:20:42	1	0	1	0
           492	2024-11-05 12:20:47	1	0	1	0
           434	2024-11-05 12:20:52	1	0	1	0
            55	2024-11-05 12:21:17	1	0	1	0
            88	2024-11-05 12:22:04	1	0	1	0
           182	2024-11-05 12:22:11	1	0	1	0
           370	2024-11-05 12:22:16	1	0	1	0
           631	2024-11-05 12:25:07	1	0	1	0
           200	2024-11-05 12:25:27	1	0	1	0
            75	2024-11-05 12:26:20	1	0	1	0
           502	2024-11-05 12:26:54	1	0	1	0
            87	2024-11-05 12:27:48	1	0	1	0
           659	2024-11-05 12:28:14	1	0	1	0
            27	2024-11-05 12:29:50	1	0	15	0
           350	2024-11-05 12:30:01	1	0	1	0
           105	2024-11-05 12:30:12	1	0	1	0
           606	2024-11-05 12:30:59	1	0	1	0
           642	2024-11-05 12:31:17	1	0	1	0
           646	2024-11-05 12:31:23	1	0	1	0
            69	2024-11-05 12:31:29	1	0	1	0
           580	2024-11-05 12:32:01	1	0	1	0
           259	2024-11-05 12:32:20	1	0	15	0
            93	2024-11-05 12:32:26	1	0	1	0
           635	2024-11-05 12:32:52	1	0	1	0
           623	2024-11-05 12:33:17	1	0	1	0
           403	2024-11-05 12:33:49	1	0	1	0
           146	2024-11-05 12:34:33	1	0	15	0
           312	2024-11-05 12:34:59	1	0	1	0
           408	2024-11-05 12:35:27	1	0	1	0
           583	2024-11-05 12:37:06	1	0	1	0
           275	2024-11-05 12:37:44	1	0	1	0
           121	2024-11-05 12:38:11	1	0	1	0
           374	2024-11-05 12:38:16	1	0	1	0
           149	2024-11-05 12:38:23	1	0	1	0
           265	2024-11-05 12:40:48	1	0	1	0
            73	2024-11-05 12:41:40	1	0	1	0
           556	2024-11-05 12:41:46	1	0	1	0
            38	2024-11-05 12:42:00	1	0	1	0
            95	2024-11-05 12:42:16	1	0	1	0
           566	2024-11-05 12:43:28	1	0	1	0
           114	2024-11-05 12:44:09	1	0	1	0
           493	2024-11-05 12:44:42	1	0	1	0
           601	2024-11-05 12:45:20	1	0	1	0
           399	2024-11-05 12:45:37	1	0	1	0
           184	2024-11-05 12:45:46	1	0	1	0
           476	2024-11-05 12:46:54	1	0	1	0
           660	2024-11-05 12:47:02	1	0	1	0
           200	2024-11-05 12:47:10	1	0	1	0
           375	2024-11-05 12:47:17	1	0	1	0
           467	2024-11-05 12:47:25	1	0	1	0
           397	2024-11-05 12:47:34	1	0	1	0
           663	2024-11-05 12:47:38	1	0	1	0
           363	2024-11-05 12:47:45	1	0	1	0
           361	2024-11-05 12:47:48	1	0	1	0
           331	2024-11-05 12:47:55	1	0	1	0
           355	2024-11-05 12:49:23	1	0	1	0
           182	2024-11-05 12:49:42	1	0	1	0
           523	2024-11-05 12:49:56	1	0	1	0
           453	2024-11-05 12:50:42	1	0	1	0
           194	2024-11-05 12:51:08	1	0	1	0
           288	2024-11-05 12:51:12	1	0	1	0
           132	2024-11-05 12:51:17	1	0	1	0
           335	2024-11-05 12:51:35	1	0	1	0
           252	2024-11-05 12:51:48	1	0	15	0
           648	2024-11-05 12:51:59	1	0	1	0
           586	2024-11-05 12:52:02	1	0	1	0
           659	2024-11-05 12:52:25	1	0	1	0
           580	2024-11-05 12:52:29	1	0	1	0
           640	2024-11-05 12:52:35	1	0	1	0
           444	2024-11-05 12:52:42	1	0	1	0
           604	2024-11-05 12:53:01	1	0	1	0
           520	2024-11-05 12:53:11	1	0	1	0
           125	2024-11-05 12:53:14	1	0	1	0
           370	2024-11-05 12:53:23	1	0	15	0
           637	2024-11-05 12:53:49	1	0	1	0
           374	2024-11-05 12:55:16	1	0	1	0
           541	2024-11-05 12:56:14	1	0	1	0
           312	2024-11-05 12:56:36	1	0	1	0
            88	2024-11-05 12:59:49	1	0	1	0
           485	2024-11-05 13:00:18	1	0	1	0
           236	2024-11-05 13:09:27	1	0	1	0
           338	2024-11-05 13:10:06	1	0	1	0
           485	2024-11-05 13:29:28	1	0	1	0
           305	2024-11-05 13:41:24	1	0	1	0
           124	2024-11-05 15:05:34	1	0	15	0
           418	2024-11-05 15:06:11	1	0	1	0
            70	2024-11-05 15:15:55	1	0	1	0
           601	2024-11-05 16:01:08	1	0	1	0
           413	2024-11-05 16:04:48	1	0	4	0
            93	2024-11-05 16:06:56	1	0	15	0
           182	2024-11-05 16:20:38	1	0	1	0
           460	2024-11-05 16:40:24	1	0	1	0
           566	2024-11-05 17:00:03	1	0	1	0
           398	2024-11-05 17:00:06	1	0	1	0
           637	2024-11-05 17:00:10	1	0	1	0
           643	2024-11-05 17:00:17	1	0	1	0
           581	2024-11-05 17:00:23	1	0	1	0
           123	2024-11-05 17:00:31	1	0	15	0
           443	2024-11-05 17:00:36	1	0	1	0
            53	2024-11-05 17:00:46	1	0	1	0
           453	2024-11-05 17:00:56	1	0	1	0
            27	2024-11-05 17:01:08	1	0	15	0
           600	2024-11-05 17:01:14	1	0	1	0
           387	2024-11-05 17:01:19	1	0	15	0
           404	2024-11-05 17:01:25	1	0	1	0
           422	2024-11-05 17:01:34	1	0	1	0
            88	2024-11-05 17:01:51	1	0	1	0
            39	2024-11-05 17:02:00	1	0	1	0
           252	2024-11-05 17:02:11	1	0	15	0
            74	2024-11-05 17:02:18	1	0	1	0
           604	2024-11-05 17:02:23	1	0	1	0
           493	2024-11-05 17:02:32	1	0	1	0
            37	2024-11-05 17:02:39	1	0	15	0
           520	2024-11-05 17:02:45	1	0	1	0
           125	2024-11-05 17:02:50	1	0	1	0
           374	2024-11-05 17:02:55	1	0	1	0
           663	2024-11-05 17:02:59	1	0	1	0
           660	2024-11-05 17:03:05	1	0	1	0
           331	2024-11-05 17:03:12	1	0	1	0
           397	2024-11-05 17:03:19	1	0	1	0
           194	2024-11-05 17:03:24	1	0	1	0
           350	2024-11-05 17:03:34	1	0	1	0
           635	2024-11-05 17:03:41	1	0	1	0
           631	2024-11-05 17:03:51	1	0	1	0
           366	2024-11-05 17:04:06	1	0	1	0
           645	2024-11-05 17:04:13	1	0	1	0
           523	2024-11-05 17:04:27	1	0	1	0
           149	2024-11-05 17:05:30	1	0	1	0
           640	2024-11-05 17:05:39	1	0	1	0
           444	2024-11-05 17:05:47	1	0	1	0
           632	2024-11-05 17:06:31	1	0	1	0
           623	2024-11-05 17:06:34	1	0	1	0
           184	2024-11-05 17:06:39	1	0	1	0
           582	2024-11-05 17:07:16	1	0	1	0
           646	2024-11-05 17:07:21	1	0	1	0
           659	2024-11-05 17:09:16	1	0	1	0
           562	2024-11-05 17:09:27	1	0	1	0
           355	2024-11-05 17:09:34	1	0	1	0
           119	2024-11-05 17:10:27	1	0	15	0
           513	2024-11-05 17:10:35	1	0	1	0
           236	2024-11-05 17:10:45	1	0	1	0
           541	2024-11-05 17:11:58	1	0	1	0
            38	2024-11-05 17:13:07	1	0	1	0
           648	2024-11-05 17:13:17	1	0	1	0
           115	2024-11-05 17:13:28	1	0	1	0
           593	2024-11-05 17:14:22	1	0	1	0
           370	2024-11-05 17:14:36	1	0	15	0
           187	2024-11-05 17:14:53	1	0	1	0
           361	2024-11-05 17:15:30	1	0	1	0
           101	2024-11-05 17:15:48	1	0	1	0
           546	2024-11-05 17:15:55	1	0	1	0
            73	2024-11-05 17:16:01	1	0	1	0
           337	2024-11-05 17:16:10	1	0	1	0
           579	2024-11-05 17:16:16	1	0	1	0
           529	2024-11-05 17:16:26	1	0	1	0
           516	2024-11-05 17:16:31	1	0	15	0
           556	2024-11-05 17:17:25	1	0	1	0
           114	2024-11-05 17:17:43	1	0	1	0
           399	2024-11-05 17:17:58	1	0	1	0
           434	2024-11-05 17:18:07	1	0	1	0
           121	2024-11-05 17:18:14	1	0	1	0
           146	2024-11-05 17:18:22	1	0	15	0
            69	2024-11-05 17:19:19	1	0	1	0
           642	2024-11-05 17:19:37	1	0	1	0
           476	2024-11-05 17:21:04	1	0	1	0
           288	2024-11-05 17:21:16	1	0	1	0
           132	2024-11-05 17:21:40	1	0	1	0
           586	2024-11-05 17:22:05	1	0	1	0
           360	2024-11-05 17:31:54	1	0	1	0
           403	2024-11-05 17:32:06	1	0	1	0
           606	2024-11-05 17:33:59	1	0	1	0
           529	2024-11-05 17:34:31	1	0	1	0
           640	2024-11-05 17:34:37	1	0	1	0
           194	2024-11-05 17:34:42	1	0	1	0
           444	2024-11-05 17:34:47	1	0	1	0
            55	2024-11-05 17:35:56	1	0	1	0
           363	2024-11-05 17:36:37	1	0	1	0
           338	2024-11-05 17:36:53	1	0	1	0
           196	2024-11-05 17:38:58	1	0	1	0
           312	2024-11-05 17:39:16	1	0	1	0
           408	2024-11-05 17:39:27	1	0	1	0
           582	2024-11-05 17:39:43	1	0	1	0
           123	2024-11-05 17:39:57	1	0	15	0
           646	2024-11-05 17:40:08	1	0	1	0
           492	2024-11-05 17:40:44	1	0	1	0
           227	2024-11-05 17:40:53	1	0	15	0
           566	2024-11-05 17:41:06	1	0	1	0
           573	2024-11-05 17:42:56	1	0	1	0
           516	2024-11-05 17:43:07	1	0	1	0
           642	2024-11-05 17:45:18	1	0	1	0
           583	2024-11-05 17:46:22	1	0	1	0
           643	2024-11-05 17:52:29	1	0	1	0
           492	2024-11-05 17:59:03	1	0	1	0
           404	2024-11-05 18:00:55	1	0	1	0
           583	2024-11-05 18:01:29	1	0	1	0
           259	2024-11-05 18:02:23	1	0	15	0
           580	2024-11-05 18:06:15	1	0	1	0
            87	2024-11-05 18:07:42	1	0	1	0
           205	2024-11-05 18:16:33	1	0	1	0
           485	2024-11-05 18:20:15	1	0	1	0
           275	2024-11-05 18:24:55	1	0	1	0
           265	2024-11-05 18:40:08	1	0	1	0
           467	2024-11-05 18:49:14	1	0	1	0
           502	2024-11-05 18:55:17	1	0	1	0
           314	2024-11-05 19:15:22	1	0	1	0
           414	2024-11-05 19:30:58	1	0	1	0
           655	2024-11-05 19:54:31	1	0	1	0
           417	2024-11-05 20:14:38	1	0	15	0
           465	2024-11-05 20:42:32	1	0	1	0
            75	2024-11-05 21:27:53	1	0	1	0
           305	2024-11-05 22:00:20	1	0	1	0
           492	2024-11-05 22:02:02	1	0	1	0
           516	2024-11-05 22:02:07	1	0	1	0
           643	2024-11-05 22:02:11	1	0	15	0
           566	2024-11-05 22:02:13	1	0	1	0
           123	2024-11-05 22:03:57	1	0	1	0
           582	2024-11-05 22:04:13	1	0	1	0
           646	2024-11-05 22:04:24	1	0	1	0
           583	2024-11-05 22:05:35	1	0	1	0
           642	2024-11-05 22:05:48	1	0	1	0
           567	2024-11-05 22:05:57	1	0	1	0
           529	2024-11-05 22:18:28	1	0	1	0
           200	2024-11-05 22:18:36	1	0	1	0
           640	2024-11-05 22:19:02	1	0	1	0
           194	2024-11-05 22:19:19	1	0	1	0
           444	2024-11-05 22:19:25	1	0	1	0
           404	2024-11-05 22:19:31	1	0	1	0
           124	2024-11-05 23:00:48	1	0	15	0
           335	2024-11-05 23:18:31	1	0	1	0
           337	2024-11-06 06:05:06	1	0	15	0
           123	2024-11-06 06:16:31	1	0	1	0
           196	2024-11-06 06:22:33	1	0	1	0
           119	2024-11-06 06:22:40	1	0	15	0
           632	2024-11-06 06:22:58	1	0	1	0
           646	2024-11-06 06:29:12	1	0	1	0
           387	2024-11-06 06:32:54	1	0	15	0
           422	2024-11-06 06:39:48	1	0	1	0
           305	2024-11-06 06:50:15	1	0	1	0
           460	2024-11-06 06:55:32	1	0	1	0
            88	2024-11-06 06:56:38	1	0	1	0
            93	2024-11-06 06:56:46	1	0	1	0
           645	2024-11-06 06:57:40	1	0	1	0
           413	2024-11-06 06:58:05	1	0	4	0
           566	2024-11-06 06:58:51	1	0	1	0
           567	2024-11-06 07:00:16	1	0	1	0
           375	2024-11-06 07:01:27	1	0	1	0
            70	2024-11-06 07:04:12	1	0	15	0
            37	2024-11-06 07:04:44	1	0	1	0
           182	2024-11-06 07:04:58	1	0	15	0
           366	2024-11-06 07:05:15	1	0	1	0
           443	2024-11-06 07:06:58	1	0	1	0
           184	2024-11-06 07:09:55	1	0	1	0
           146	2024-11-06 07:10:08	1	0	15	0
           573	2024-11-06 07:11:10	1	0	1	0
           125	2024-11-06 07:15:03	1	0	1	0
           581	2024-11-06 07:15:53	1	0	1	0
           642	2024-11-06 07:16:53	1	0	1	0
           643	2024-11-06 07:16:59	1	0	1	0
           227	2024-11-06 07:17:32	1	0	15	0
           115	2024-11-06 07:18:40	1	0	1	0
           360	2024-11-06 07:19:38	1	0	1	0
           492	2024-11-06 07:19:56	1	0	1	0
           631	2024-11-06 07:21:46	1	0	1	0
           546	2024-11-06 07:21:57	1	0	1	0
            39	2024-11-06 07:22:57	1	0	1	0
           149	2024-11-06 07:24:17	1	0	1	0
           434	2024-11-06 07:24:45	1	0	1	0
           252	2024-11-06 07:25:36	1	0	15	0
            77	2024-11-06 07:26:32	1	0	1	0
           601	2024-11-06 07:27:52	1	0	1	0
            95	2024-11-06 07:29:23	1	0	1	0
           101	2024-11-06 07:29:46	1	0	1	0
           397	2024-11-06 07:29:53	1	0	1	0
            55	2024-11-06 07:30:11	1	0	1	0
           314	2024-11-06 07:30:20	1	0	1	0
           493	2024-11-06 07:31:44	1	0	1	0
           579	2024-11-06 07:32:13	1	0	1	0
           265	2024-11-06 07:32:36	1	0	1	0
           660	2024-11-06 07:34:21	1	0	1	0
           523	2024-11-06 07:35:25	1	0	1	0
           105	2024-11-06 07:37:31	1	0	1	0
           404	2024-11-06 07:38:17	1	0	1	0
           541	2024-11-06 07:39:11	1	0	1	0
           355	2024-11-06 07:40:42	1	0	1	0
            83	2024-11-06 07:41:07	1	0	1	0
           648	2024-11-06 07:41:19	1	0	1	0
           205	2024-11-06 07:41:32	1	0	1	0
           370	2024-11-06 07:42:02	1	0	15	0
           132	2024-11-06 07:42:10	1	0	1	0
           556	2024-11-06 07:42:47	1	0	1	0
           663	2024-11-06 07:43:07	1	0	1	0
           398	2024-11-06 07:45:06	1	0	1	0
           444	2024-11-06 07:45:32	1	0	1	0
           635	2024-11-06 07:45:47	1	0	1	0
           513	2024-11-06 07:45:54	1	0	1	0
            27	2024-11-06 07:46:10	1	0	15	0
           453	2024-11-06 07:46:18	1	0	1	0
            53	2024-11-06 07:46:26	1	0	1	0
           338	2024-11-06 07:47:03	1	0	1	0
           580	2024-11-06 07:47:40	1	0	1	0
            69	2024-11-06 07:48:01	1	0	1	0
           259	2024-11-06 07:49:06	1	0	15	0
           640	2024-11-06 07:50:34	1	0	1	0
           502	2024-11-06 07:51:51	1	0	1	0
           465	2024-11-06 07:51:59	1	0	1	0
           529	2024-11-06 07:52:26	1	0	1	0
            87	2024-11-06 07:52:42	1	0	1	0
           399	2024-11-06 07:52:49	1	0	1	0
           659	2024-11-06 07:53:02	1	0	1	0
           637	2024-11-06 07:53:15	1	0	1	0
           655	2024-11-06 07:54:09	1	0	1	0
           604	2024-11-06 07:54:43	1	0	1	0
            38	2024-11-06 07:54:52	1	0	1	0
            73	2024-11-06 07:55:02	1	0	1	0
           374	2024-11-06 07:55:11	1	0	1	0
           350	2024-11-06 07:55:35	1	0	1	0
           520	2024-11-06 07:55:45	1	0	1	0
           114	2024-11-06 07:55:49	1	0	1	0
           414	2024-11-06 07:56:40	1	0	1	0
           312	2024-11-06 07:56:59	1	0	1	0
           417	2024-11-06 07:57:09	1	0	15	0
           562	2024-11-06 07:57:16	1	0	1	0
           403	2024-11-06 07:58:15	1	0	1	0
           405	2024-11-06 07:58:21	1	0	1	0
           511	2024-11-06 07:59:04	1	0	1	0
           335	2024-11-06 07:59:34	1	0	1	0
           583	2024-11-06 07:59:39	1	0	1	0
           467	2024-11-06 08:00:20	1	0	1	0
           288	2024-11-06 08:01:32	1	0	1	0
           194	2024-11-06 08:01:35	1	0	1	0
           593	2024-11-06 08:01:41	1	0	1	0
           516	2024-11-06 08:01:46	1	0	1	0
            40	2024-11-06 08:01:51	1	0	1	0
           623	2024-11-06 08:02:05	1	0	1	0
           331	2024-11-06 08:05:00	1	0	1	0
           408	2024-11-06 08:05:50	1	0	1	0
           200	2024-11-06 08:08:08	1	0	1	0
           586	2024-11-06 08:09:36	1	0	1	0
           121	2024-11-06 08:11:55	1	0	1	0
           183	2024-11-06 08:23:14	1	0	1	0
           485	2024-11-06 08:28:12	1	0	1	0
           275	2024-11-06 08:31:18	1	0	1	0
           206	2024-11-06 08:31:23	1	0	1	0
           236	2024-11-06 08:49:04	1	0	1	0
           414	2024-11-06 10:50:20	1	0	1	0
           460	2024-11-06 11:05:03	1	0	1	0
           460	2024-11-06 11:23:43	1	0	1	0
           387	2024-11-06 11:31:09	1	0	15	0
           443	2024-11-06 11:31:17	1	0	1	0
           422	2024-11-06 11:31:24	1	0	1	0
           642	2024-11-06 11:32:08	1	0	1	0
           360	2024-11-06 11:33:13	1	0	1	0
           581	2024-11-06 11:33:20	1	0	1	0
           643	2024-11-06 11:33:29	1	0	15	0
           119	2024-11-06 11:33:44	1	0	15	0
           632	2024-11-06 11:33:52	1	0	1	0
           366	2024-11-06 11:34:11	1	0	15	0
           566	2024-11-06 11:34:25	1	0	15	0
           123	2024-11-06 11:34:35	1	0	1	0
           646	2024-11-06 11:34:52	1	0	1	0
           363	2024-11-06 11:36:56	1	0	1	0
           196	2024-11-06 11:42:12	1	0	1	0
           115	2024-11-06 11:54:18	1	0	1	0
           337	2024-11-06 11:54:26	1	0	1	0
           573	2024-11-06 11:54:41	1	0	1	0
           579	2024-11-06 11:54:49	1	0	1	0
           554	2024-11-06 11:54:53	1	0	1	0
           546	2024-11-06 11:54:57	1	0	1	0
           360	2024-11-06 11:57:09	1	0	1	0
           632	2024-11-06 11:57:19	1	0	1	0
           184	2024-11-06 12:00:05	1	0	1	0
            83	2024-11-06 12:00:14	1	0	1	0
           399	2024-11-06 12:00:29	1	0	1	0
           366	2024-11-06 12:00:38	1	0	1	0
           397	2024-11-06 12:00:53	1	0	1	0
           123	2024-11-06 12:00:58	1	0	1	0
           335	2024-11-06 12:01:03	1	0	1	0
           663	2024-11-06 12:01:06	1	0	1	0
           660	2024-11-06 12:01:14	1	0	1	0
           259	2024-11-06 12:01:20	1	0	15	0
           236	2024-11-06 12:01:26	1	0	1	0
            39	2024-11-06 12:01:39	1	0	1	0
            69	2024-11-06 12:01:46	1	0	1	0
           331	2024-11-06 12:01:52	1	0	1	0
            93	2024-11-06 12:02:00	1	0	1	0
           119	2024-11-06 12:02:13	1	0	15	0
           443	2024-11-06 12:02:21	1	0	1	0
           196	2024-11-06 12:02:27	1	0	1	0
           387	2024-11-06 12:02:33	1	0	15	0
           422	2024-11-06 12:02:38	1	0	1	0
           635	2024-11-06 12:02:43	1	0	1	0
           414	2024-11-06 12:02:49	1	0	1	0
           265	2024-11-06 12:02:52	1	0	1	0
           637	2024-11-06 12:02:57	1	0	1	0
           205	2024-11-06 12:03:04	1	0	1	0
           465	2024-11-06 12:03:14	1	0	1	0
            53	2024-11-06 12:03:21	1	0	1	0
           350	2024-11-06 12:03:29	1	0	1	0
           623	2024-11-06 12:03:33	1	0	1	0
           511	2024-11-06 12:03:38	1	0	1	0
           593	2024-11-06 12:03:42	1	0	1	0
           562	2024-11-06 12:03:50	1	0	1	0
           404	2024-11-06 12:03:55	1	0	1	0
           581	2024-11-06 12:04:00	1	0	1	0
           252	2024-11-06 12:04:05	1	0	15	0
            77	2024-11-06 12:04:11	1	0	1	0
           275	2024-11-06 12:04:22	1	0	1	0
            27	2024-11-06 12:04:28	1	0	15	0
           149	2024-11-06 12:04:36	1	0	15	0
           194	2024-11-06 12:04:48	1	0	1	0
           493	2024-11-06 12:04:59	1	0	1	0
           529	2024-11-06 12:05:01	1	0	15	0
           640	2024-11-06 12:05:04	1	0	1	0
           444	2024-11-06 12:05:13	1	0	1	0
           453	2024-11-06 12:05:29	1	0	1	0
            38	2024-11-06 12:05:36	1	0	1	0
           132	2024-11-06 12:05:42	1	0	1	0
           183	2024-11-06 12:05:49	1	0	1	0
           182	2024-11-06 12:05:56	1	0	1	0
           403	2024-11-06 12:06:03	1	0	1	0
           643	2024-11-06 12:07:33	1	0	1	0
           642	2024-11-06 12:08:00	1	0	1	0
           121	2024-11-06 12:08:18	1	0	1	0
           556	2024-11-06 12:08:39	1	0	1	0
           655	2024-11-06 12:08:52	1	0	1	0
           631	2024-11-06 12:09:45	1	0	1	0
           115	2024-11-06 12:10:22	1	0	1	0
           206	2024-11-06 12:10:31	1	0	1	0
           337	2024-11-06 12:10:39	1	0	1	0
           146	2024-11-06 12:10:50	1	0	15	0
           434	2024-11-06 12:10:58	1	0	1	0
           646	2024-11-06 12:11:14	1	0	1	0
           601	2024-11-06 12:11:38	1	0	1	0
           288	2024-11-06 12:12:20	1	0	1	0
           492	2024-11-06 12:12:46	1	0	1	0
           516	2024-11-06 12:12:54	1	0	1	0
           513	2024-11-06 12:13:02	1	0	1	0
           314	2024-11-06 12:13:06	1	0	1	0
           541	2024-11-06 12:13:09	1	0	1	0
           467	2024-11-06 12:13:15	1	0	1	0
           338	2024-11-06 12:13:22	1	0	1	0
            88	2024-11-06 12:14:53	1	0	1	0
           114	2024-11-06 12:16:52	1	0	1	0
           604	2024-11-06 12:17:38	1	0	1	0
           520	2024-11-06 12:17:44	1	0	1	0
           125	2024-11-06 12:17:50	1	0	1	0
            87	2024-11-06 12:17:55	1	0	1	0
            73	2024-11-06 12:18:00	1	0	1	0
           413	2024-11-06 12:18:06	1	0	1	0
            69	2024-11-06 12:18:43	1	0	1	0
           370	2024-11-06 12:19:03	1	0	15	0
           355	2024-11-06 12:19:17	1	0	1	0
           252	2024-11-06 12:19:23	1	0	15	0
           259	2024-11-06 12:19:33	1	0	15	0
           523	2024-11-06 12:19:42	1	0	1	0
           335	2024-11-06 12:19:52	1	0	1	0
           637	2024-11-06 12:21:45	1	0	1	0
            77	2024-11-06 12:22:44	1	0	1	0
           101	2024-11-06 12:23:28	1	0	1	0
           205	2024-11-06 12:23:42	1	0	1	0
           583	2024-11-06 12:24:04	1	0	1	0
            55	2024-11-06 12:24:20	1	0	1	0
           655	2024-11-06 12:24:50	1	0	1	0
           556	2024-11-06 12:25:35	1	0	1	0
           465	2024-11-06 12:25:48	1	0	1	0
           546	2024-11-06 12:25:57	1	0	1	0
           579	2024-11-06 12:26:00	1	0	1	0
           573	2024-11-06 12:26:13	1	0	1	0
           631	2024-11-06 12:26:30	1	0	1	0
           408	2024-11-06 12:28:26	1	0	1	0
           338	2024-11-06 12:28:30	1	0	1	0
           434	2024-11-06 12:28:44	1	0	1	0
           502	2024-11-06 12:30:20	1	0	1	0
           492	2024-11-06 12:30:31	1	0	1	0
           146	2024-11-06 12:30:52	1	0	15	0
           516	2024-11-06 12:31:03	1	0	1	0
           314	2024-11-06 12:31:52	1	0	1	0
           541	2024-11-06 12:31:57	1	0	1	0
           467	2024-11-06 12:31:59	1	0	1	0
           105	2024-11-06 12:32:34	1	0	1	0
           184	2024-11-06 12:33:51	1	0	1	0
           648	2024-11-06 12:34:48	1	0	1	0
           586	2024-11-06 12:34:53	1	0	1	0
           405	2024-11-06 12:35:02	1	0	1	0
           375	2024-11-06 12:35:14	1	0	1	0
           417	2024-11-06 12:35:23	1	0	1	0
           194	2024-11-06 12:35:58	1	0	1	0
           414	2024-11-06 12:36:11	1	0	1	0
           265	2024-11-06 12:36:15	1	0	1	0
           200	2024-11-06 12:36:31	1	0	1	0
            39	2024-11-06 12:37:25	1	0	1	0
           374	2024-11-06 12:38:13	1	0	1	0
            38	2024-11-06 12:38:19	1	0	1	0
           635	2024-11-06 12:38:27	1	0	1	0
            55	2024-11-06 12:41:25	1	0	1	0
            40	2024-11-06 12:41:34	1	0	1	0
           121	2024-11-06 12:41:40	1	0	15	0
           580	2024-11-06 12:42:12	1	0	1	0
           182	2024-11-06 12:42:32	1	0	1	0
           183	2024-11-06 12:42:42	1	0	1	0
            93	2024-11-06 12:42:48	1	0	15	0
           413	2024-11-06 12:42:56	1	0	1	0
            87	2024-11-06 12:43:13	1	0	1	0
           623	2024-11-06 12:43:20	1	0	1	0
           511	2024-11-06 12:43:24	1	0	1	0
           593	2024-11-06 12:43:26	1	0	1	0
           288	2024-11-06 12:44:16	1	0	1	0
           370	2024-11-06 12:44:41	1	0	15	0
           275	2024-11-06 12:44:50	1	0	1	0
           206	2024-11-06 12:45:09	1	0	1	0
            83	2024-11-06 12:45:20	1	0	1	0
           397	2024-11-06 12:45:33	1	0	1	0
           660	2024-11-06 12:45:38	1	0	1	0
           663	2024-11-06 12:45:42	1	0	1	0
           601	2024-11-06 12:45:58	1	0	1	0
           562	2024-11-06 12:46:36	1	0	1	0
           566	2024-11-06 12:46:39	1	0	1	0
           529	2024-11-06 12:46:42	1	0	1	0
           640	2024-11-06 12:46:47	1	0	1	0
           444	2024-11-06 12:46:58	1	0	1	0
           403	2024-11-06 12:47:21	1	0	1	0
            73	2024-11-06 12:48:01	1	0	1	0
            27	2024-11-06 12:48:13	1	0	15	0
           453	2024-11-06 12:48:21	1	0	1	0
           350	2024-11-06 12:48:56	1	0	1	0
           375	2024-11-06 12:50:30	1	0	1	0
           417	2024-11-06 12:50:45	1	0	15	0
           604	2024-11-06 12:52:48	1	0	1	0
           520	2024-11-06 12:53:11	1	0	1	0
           125	2024-11-06 12:53:16	1	0	1	0
           408	2024-11-06 12:53:22	1	0	1	0
           132	2024-11-06 12:53:27	1	0	1	0
           648	2024-11-06 12:53:35	1	0	1	0
           493	2024-11-06 12:53:42	1	0	1	0
           586	2024-11-06 12:53:47	1	0	1	0
           355	2024-11-06 12:54:02	1	0	1	0
           523	2024-11-06 12:54:09	1	0	15	0
           331	2024-11-06 12:54:14	1	0	1	0
           583	2024-11-06 12:54:23	1	0	1	0
           374	2024-11-06 12:55:36	1	0	1	0
           105	2024-11-06 12:57:06	1	0	1	0
            88	2024-11-06 12:57:13	1	0	1	0
            40	2024-11-06 12:57:23	1	0	1	0
           580	2024-11-06 12:58:18	1	0	1	0
           399	2024-11-06 12:58:30	1	0	1	0
           236	2024-11-06 12:59:33	1	0	1	0
           485	2024-11-06 13:05:33	1	0	1	0
           485	2024-11-06 13:36:00	1	0	1	0
           124	2024-11-06 13:57:02	1	0	15	0
            70	2024-11-06 14:19:07	1	0	1	0
           305	2024-11-06 15:08:22	1	0	1	0
           413	2024-11-06 16:07:53	1	0	1	0
            93	2024-11-06 16:09:51	1	0	1	0
            88	2024-11-06 16:35:40	1	0	1	0
           460	2024-11-06 16:48:31	1	0	1	0
           146	2024-11-06 17:00:06	1	0	15	0
           184	2024-11-06 17:00:10	1	0	1	0
           581	2024-11-06 17:00:15	1	0	1	0
           366	2024-11-06 17:00:24	1	0	1	0
            55	2024-11-06 17:00:33	1	0	1	0
           556	2024-11-06 17:00:37	1	0	1	0
           443	2024-11-06 17:00:42	1	0	1	0
           387	2024-11-06 17:00:50	1	0	15	0
           288	2024-11-06 17:00:54	1	0	1	0
           194	2024-11-06 17:00:58	1	0	1	0
           422	2024-11-06 17:01:06	1	0	1	0
            77	2024-11-06 17:01:33	1	0	1	0
           566	2024-11-06 17:01:51	1	0	15	0
           643	2024-11-06 17:01:56	1	0	1	0
           513	2024-11-06 17:02:02	1	0	1	0
           646	2024-11-06 17:02:07	1	0	1	0
           601	2024-11-06 17:02:11	1	0	1	0
           637	2024-11-06 17:02:17	1	0	1	0
           123	2024-11-06 17:02:24	1	0	1	0
           132	2024-11-06 17:02:43	1	0	1	0
           562	2024-11-06 17:03:00	1	0	1	0
           663	2024-11-06 17:03:07	1	0	1	0
           660	2024-11-06 17:03:12	1	0	1	0
           265	2024-11-06 17:03:33	1	0	1	0
           573	2024-11-06 17:03:37	1	0	1	0
           546	2024-11-06 17:03:44	1	0	1	0
           579	2024-11-06 17:03:46	1	0	1	0
           397	2024-11-06 17:03:51	1	0	1	0
           541	2024-11-06 17:03:56	1	0	1	0
           642	2024-11-06 17:04:02	1	0	1	0
           640	2024-11-06 17:04:09	1	0	1	0
           632	2024-11-06 17:04:20	1	0	1	0
           631	2024-11-06 17:04:26	1	0	1	0
           149	2024-11-06 17:04:42	1	0	15	0
           523	2024-11-06 17:05:00	1	0	1	0
           529	2024-11-06 17:05:20	1	0	1	0
           399	2024-11-06 17:05:43	1	0	1	0
           623	2024-11-06 17:05:48	1	0	1	0
           337	2024-11-06 17:05:57	1	0	1	0
           403	2024-11-06 17:06:12	1	0	1	0
           252	2024-11-06 17:06:37	1	0	15	0
           404	2024-11-06 17:06:52	1	0	1	0
           196	2024-11-06 17:06:58	1	0	1	0
           101	2024-11-06 17:07:21	1	0	1	0
            39	2024-11-06 17:08:15	1	0	1	0
           374	2024-11-06 17:08:40	1	0	1	0
           119	2024-11-06 17:08:48	1	0	15	0
           511	2024-11-06 17:09:01	1	0	1	0
           593	2024-11-06 17:09:06	1	0	1	0
           360	2024-11-06 17:09:13	1	0	1	0
           398	2024-11-06 17:09:22	1	0	1	0
           453	2024-11-06 17:09:32	1	0	1	0
           331	2024-11-06 17:10:05	1	0	1	0
           350	2024-11-06 17:10:10	1	0	1	0
            95	2024-11-06 17:10:15	1	0	1	0
           182	2024-11-06 17:10:47	1	0	1	0
           648	2024-11-06 17:12:00	1	0	1	0
           121	2024-11-06 17:12:06	1	0	1	0
           355	2024-11-06 17:12:51	1	0	1	0
           375	2024-11-06 17:13:06	1	0	1	0
           604	2024-11-06 17:13:22	1	0	1	0
           520	2024-11-06 17:13:29	1	0	1	0
           125	2024-11-06 17:13:35	1	0	1	0
            73	2024-11-06 17:13:49	1	0	1	0
            40	2024-11-06 17:13:55	1	0	1	0
            27	2024-11-06 17:14:38	1	0	15	0
           338	2024-11-06 17:15:19	1	0	1	0
            38	2024-11-06 17:15:27	1	0	1	0
           408	2024-11-06 17:15:35	1	0	1	0
           493	2024-11-06 17:16:15	1	0	1	0
           370	2024-11-06 17:18:44	1	0	1	0
           236	2024-11-06 17:18:53	1	0	1	0
           580	2024-11-06 17:19:04	1	0	1	0
           115	2024-11-06 17:19:51	1	0	1	0
           444	2024-11-06 17:23:28	1	0	1	0
           417	2024-11-06 17:24:48	1	0	1	0
           434	2024-11-06 17:25:23	1	0	1	0
           105	2024-11-06 17:25:47	1	0	1	0
           586	2024-11-06 17:26:47	1	0	1	0
            83	2024-11-06 17:26:54	1	0	1	0
           635	2024-11-06 17:27:33	1	0	1	0
           114	2024-11-06 17:28:02	1	0	1	0
            69	2024-11-06 17:29:50	1	0	1	0
           516	2024-11-06 17:33:53	1	0	1	0
           492	2024-11-06 17:33:58	1	0	1	0
           227	2024-11-06 17:35:49	1	0	15	0
           467	2024-11-06 17:36:41	1	0	1	0
           643	2024-11-06 17:44:31	1	0	1	0
           123	2024-11-06 17:44:41	1	0	1	0
           646	2024-11-06 17:45:14	1	0	1	0
           566	2024-11-06 17:47:09	1	0	1	0
           642	2024-11-06 17:47:23	1	0	1	0
           502	2024-11-06 17:48:54	1	0	1	0
           492	2024-11-06 17:49:21	1	0	1	0
           516	2024-11-06 17:49:25	1	0	1	0
           314	2024-11-06 17:56:33	1	0	1	0
           659	2024-11-06 18:00:43	1	0	1	0
           206	2024-11-06 18:01:09	1	0	1	0
           259	2024-11-06 18:01:24	1	0	15	0
           275	2024-11-06 18:01:30	1	0	1	0
           183	2024-11-06 18:01:41	1	0	1	0
           645	2024-11-06 18:07:07	1	0	1	0
           312	2024-11-06 18:08:35	1	0	1	0
           583	2024-11-06 18:11:48	1	0	1	0
            87	2024-11-06 18:12:26	1	0	1	0
           485	2024-11-06 18:32:33	1	0	1	0
            53	2024-11-06 19:02:48	1	0	1	0
           335	2024-11-06 19:49:15	1	0	1	0
           465	2024-11-06 19:58:51	1	0	1	0
           363	2024-11-06 20:04:17	1	0	1	0
           200	2024-11-06 20:10:57	1	0	1	0
           205	2024-11-06 20:26:26	1	0	1	0
           414	2024-11-06 20:53:07	1	0	1	0
           620	2024-11-06 21:21:25	1	0	1	0
           567	2024-11-06 21:35:05	1	0	1	0
           124	2024-11-06 22:00:46	1	0	15	0
           492	2024-11-06 22:02:12	1	0	1	0
           566	2024-11-06 22:04:49	1	0	1	0
           642	2024-11-06 22:05:07	1	0	1	0
           643	2024-11-06 22:05:22	1	0	1	0
           646	2024-11-06 22:08:40	1	0	1	0
           123	2024-11-06 22:09:02	1	0	1	0
           516	2024-11-06 22:39:48	1	0	1	0
           655	2024-11-06 23:08:48	1	0	1	0
           305	2024-11-07 05:46:14	1	0	1	0
           114	2024-11-07 05:48:02	1	0	1	0
           567	2024-11-07 05:59:59	1	0	1	0
           123	2024-11-07 06:13:32	1	0	1	0
           337	2024-11-07 06:16:05	1	0	1	0
           182	2024-11-07 06:20:18	1	0	1	0
           196	2024-11-07 06:20:30	1	0	1	0
           119	2024-11-07 06:20:43	1	0	15	0
           632	2024-11-07 06:21:10	1	0	1	0
           643	2024-11-07 06:28:03	1	0	1	0
            88	2024-11-07 06:40:07	1	0	1	0
           422	2024-11-07 06:40:36	1	0	1	0
           387	2024-11-07 06:45:21	1	0	15	0
           443	2024-11-07 06:45:37	1	0	1	0
           600	2024-11-07 06:45:52	1	0	1	0
           645	2024-11-07 06:50:40	1	0	1	0
           314	2024-11-07 06:53:39	1	0	1	0
           566	2024-11-07 06:54:37	1	0	1	0
           646	2024-11-07 06:54:59	1	0	1	0
           413	2024-11-07 06:57:50	1	0	4	0
           460	2024-11-07 06:59:44	1	0	1	0
            93	2024-11-07 07:00:13	1	0	1	0
           124	2024-11-07 07:01:05	1	0	15	0
           606	2024-11-07 07:03:36	1	0	1	0
           366	2024-11-07 07:04:08	1	0	1	0
           573	2024-11-07 07:07:26	1	0	1	0
            37	2024-11-07 07:08:11	1	0	1	0
           408	2024-11-07 07:09:29	1	0	1	0
           620	2024-11-07 07:10:09	1	0	1	0
           581	2024-11-07 07:11:46	1	0	1	0
           252	2024-11-07 07:11:57	1	0	15	0
           601	2024-11-07 07:13:20	1	0	1	0
           149	2024-11-07 07:13:39	1	0	1	0
           631	2024-11-07 07:14:18	1	0	1	0
            74	2024-11-07 07:19:25	1	0	1	0
           115	2024-11-07 07:20:22	1	0	1	0
           546	2024-11-07 07:20:32	1	0	1	0
           465	2024-11-07 07:21:30	1	0	1	0
            75	2024-11-07 07:21:34	1	0	1	0
           642	2024-11-07 07:22:21	1	0	1	0
           579	2024-11-07 07:23:31	1	0	1	0
            77	2024-11-07 07:24:27	1	0	1	0
           125	2024-11-07 07:25:33	1	0	1	0
           227	2024-11-07 07:25:45	1	0	15	0
           101	2024-11-07 07:26:29	1	0	1	0
           205	2024-11-07 07:27:13	1	0	1	0
           556	2024-11-07 07:27:41	1	0	1	0
           492	2024-11-07 07:28:53	1	0	1	0
            27	2024-11-07 07:29:51	1	0	15	0
           453	2024-11-07 07:30:16	1	0	1	0
           397	2024-11-07 07:32:06	1	0	1	0
           493	2024-11-07 07:32:57	1	0	1	0
           660	2024-11-07 07:33:35	1	0	1	0
           265	2024-11-07 07:33:45	1	0	1	0
           541	2024-11-07 07:33:52	1	0	1	0
            69	2024-11-07 07:34:00	1	0	1	0
            39	2024-11-07 07:34:12	1	0	1	0
           434	2024-11-07 07:35:23	1	0	1	0
           355	2024-11-07 07:35:55	1	0	1	0
            55	2024-11-07 07:37:15	1	0	1	0
           335	2024-11-07 07:39:59	1	0	1	0
            70	2024-11-07 07:41:05	1	0	1	0
           648	2024-11-07 07:42:34	1	0	1	0
           640	2024-11-07 07:42:47	1	0	1	0
            83	2024-11-07 07:44:40	1	0	1	0
           663	2024-11-07 07:46:58	1	0	1	0
           523	2024-11-07 07:47:11	1	0	1	0
           655	2024-11-07 07:47:27	1	0	1	0
           338	2024-11-07 07:48:01	1	0	1	0
           444	2024-11-07 07:48:23	1	0	1	0
           360	2024-11-07 07:48:45	1	0	1	0
           399	2024-11-07 07:48:53	1	0	1	0
            38	2024-11-07 07:49:07	1	0	1	0
            73	2024-11-07 07:49:32	1	0	1	0
           467	2024-11-07 07:49:46	1	0	1	0
           132	2024-11-07 07:51:21	1	0	1	0
           105	2024-11-07 07:51:34	1	0	1	0
           404	2024-11-07 07:52:36	1	0	1	0
           580	2024-11-07 07:53:09	1	0	1	0
           331	2024-11-07 07:53:38	1	0	1	0
           604	2024-11-07 07:54:26	1	0	1	0
           370	2024-11-07 07:54:37	1	0	1	0
           374	2024-11-07 07:54:51	1	0	1	0
           312	2024-11-07 07:54:59	1	0	1	0
           529	2024-11-07 07:55:08	1	0	1	0
           586	2024-11-07 07:55:37	1	0	1	0
           637	2024-11-07 07:55:49	1	0	1	0
           502	2024-11-07 07:56:07	1	0	1	0
           635	2024-11-07 07:56:31	1	0	1	0
           363	2024-11-07 07:57:16	1	0	1	0
           414	2024-11-07 07:57:32	1	0	1	0
           583	2024-11-07 07:57:50	1	0	1	0
           417	2024-11-07 07:58:08	1	0	1	0
           513	2024-11-07 07:58:23	1	0	1	0
           562	2024-11-07 07:58:49	1	0	1	0
            86	2024-11-07 07:58:58	1	0	1	0
           623	2024-11-07 07:59:27	1	0	1	0
           659	2024-11-07 07:59:34	1	0	1	0
           511	2024-11-07 08:00:20	1	0	1	0
           516	2024-11-07 08:00:35	1	0	1	0
            40	2024-11-07 08:00:42	1	0	1	0
           350	2024-11-07 08:00:53	1	0	1	0
           403	2024-11-07 08:01:21	1	0	1	0
           361	2024-11-07 08:01:47	1	0	1	0
           146	2024-11-07 08:02:58	1	0	15	0
           184	2024-11-07 08:03:04	1	0	1	0
            53	2024-11-07 08:03:20	1	0	1	0
           288	2024-11-07 08:03:40	1	0	1	0
           194	2024-11-07 08:03:43	1	0	1	0
           520	2024-11-07 08:04:24	1	0	1	0
           236	2024-11-07 08:07:56	1	0	1	0
           582	2024-11-07 08:08:01	1	0	1	0
           259	2024-11-07 08:14:30	1	0	15	0
           593	2024-11-07 08:16:03	1	0	1	0
           275	2024-11-07 08:24:55	1	0	1	0
           206	2024-11-07 08:24:59	1	0	1	0
           485	2024-11-07 08:28:45	1	0	1	0
            87	2024-11-07 08:31:09	1	0	1	0
           664	2024-11-07 09:51:12	1	0	1	0
           460	2024-11-07 11:03:35	1	0	1	0
           460	2024-11-07 11:20:21	1	0	1	0
           581	2024-11-07 11:31:22	1	0	1	0
           360	2024-11-07 11:31:28	1	0	1	0
           632	2024-11-07 11:31:49	1	0	1	0
           387	2024-11-07 11:32:15	1	0	15	0
           366	2024-11-07 11:32:42	1	0	15	0
           600	2024-11-07 11:33:08	1	0	1	0
           582	2024-11-07 11:33:12	1	0	1	0
           443	2024-11-07 11:33:44	1	0	1	0
           646	2024-11-07 11:33:53	1	0	1	0
           422	2024-11-07 11:34:07	1	0	1	0
           566	2024-11-07 11:34:19	1	0	15	0
           643	2024-11-07 11:34:26	1	0	15	0
           119	2024-11-07 11:34:35	1	0	15	0
           123	2024-11-07 11:37:10	1	0	1	0
           642	2024-11-07 11:37:49	1	0	1	0
           196	2024-11-07 11:38:19	1	0	1	0
           360	2024-11-07 11:47:28	1	0	1	0
           581	2024-11-07 11:47:42	1	0	1	0
           337	2024-11-07 11:52:06	1	0	1	0
           366	2024-11-07 11:54:03	1	0	1	0
           443	2024-11-07 11:54:16	1	0	1	0
           632	2024-11-07 11:54:44	1	0	1	0
           646	2024-11-07 11:54:48	1	0	1	0
           546	2024-11-07 11:58:40	1	0	1	0
           314	2024-11-07 11:58:44	1	0	1	0
           579	2024-11-07 11:58:48	1	0	1	0
           566	2024-11-07 11:59:07	1	0	1	0
           643	2024-11-07 12:00:30	1	0	1	0
           556	2024-11-07 12:00:34	1	0	1	0
           387	2024-11-07 12:00:40	1	0	15	0
           422	2024-11-07 12:00:47	1	0	1	0
           196	2024-11-07 12:00:52	1	0	1	0
           397	2024-11-07 12:00:55	1	0	1	0
           663	2024-11-07 12:01:00	1	0	1	0
           119	2024-11-07 12:01:08	1	0	15	0
           288	2024-11-07 12:01:13	1	0	1	0
           194	2024-11-07 12:01:18	1	0	1	0
           404	2024-11-07 12:01:24	1	0	1	0
           606	2024-11-07 12:01:37	1	0	1	0
           562	2024-11-07 12:01:43	1	0	1	0
           493	2024-11-07 12:01:58	1	0	1	0
           399	2024-11-07 12:02:06	1	0	1	0
           413	2024-11-07 12:02:41	1	0	4	0
           350	2024-11-07 12:02:48	1	0	1	0
           600	2024-11-07 12:02:54	1	0	1	0
           637	2024-11-07 12:03:09	1	0	1	0
            27	2024-11-07 12:03:30	1	0	15	0
           453	2024-11-07 12:03:41	1	0	1	0
           182	2024-11-07 12:04:06	1	0	1	0
           183	2024-11-07 12:04:14	1	0	1	0
           370	2024-11-07 12:04:19	1	0	1	0
            38	2024-11-07 12:04:26	1	0	1	0
           123	2024-11-07 12:04:53	1	0	1	0
           403	2024-11-07 12:05:05	1	0	1	0
           149	2024-11-07 12:05:29	1	0	15	0
           659	2024-11-07 12:05:36	1	0	1	0
            53	2024-11-07 12:05:46	1	0	1	0
           259	2024-11-07 12:05:57	1	0	15	0
            87	2024-11-07 12:06:11	1	0	1	0
           601	2024-11-07 12:06:16	1	0	1	0
           582	2024-11-07 12:07:19	1	0	1	0
           132	2024-11-07 12:07:27	1	0	1	0
           502	2024-11-07 12:07:33	1	0	1	0
           355	2024-11-07 12:08:15	1	0	1	0
           523	2024-11-07 12:08:21	1	0	1	0
           252	2024-11-07 12:09:07	1	0	15	0
           623	2024-11-07 12:09:13	1	0	1	0
           593	2024-11-07 12:09:16	1	0	1	0
           631	2024-11-07 12:09:25	1	0	1	0
           444	2024-11-07 12:09:31	1	0	1	0
           640	2024-11-07 12:09:36	1	0	1	0
           529	2024-11-07 12:09:41	1	0	15	0
            93	2024-11-07 12:10:05	1	0	1	0
           121	2024-11-07 12:10:15	1	0	1	0
            95	2024-11-07 12:11:18	1	0	1	0
           417	2024-11-07 12:11:31	1	0	15	0
           114	2024-11-07 12:12:43	1	0	1	0
           363	2024-11-07 12:12:52	1	0	1	0
           361	2024-11-07 12:12:58	1	0	1	0
            73	2024-11-07 12:13:35	1	0	1	0
           546	2024-11-07 12:13:55	1	0	1	0
           579	2024-11-07 12:14:04	1	0	1	0
           314	2024-11-07 12:14:10	1	0	1	0
           580	2024-11-07 12:14:31	1	0	1	0
           573	2024-11-07 12:15:26	1	0	1	0
           467	2024-11-07 12:15:30	1	0	1	0
           337	2024-11-07 12:15:39	1	0	15	0
            55	2024-11-07 12:15:49	1	0	1	0
           101	2024-11-07 12:16:36	1	0	1	0
           583	2024-11-07 12:19:00	1	0	1	0
           413	2024-11-07 12:19:12	1	0	4	0
           434	2024-11-07 12:19:18	1	0	1	0
           541	2024-11-07 12:19:44	1	0	1	0
           184	2024-11-07 12:20:23	1	0	1	0
           556	2024-11-07 12:21:00	1	0	1	0
           403	2024-11-07 12:21:15	1	0	1	0
           312	2024-11-07 12:21:23	1	0	1	0
           338	2024-11-07 12:21:28	1	0	1	0
           513	2024-11-07 12:22:23	1	0	1	0
           520	2024-11-07 12:23:32	1	0	1	0
           604	2024-11-07 12:23:39	1	0	1	0
           125	2024-11-07 12:23:46	1	0	1	0
           648	2024-11-07 12:23:50	1	0	1	0
           586	2024-11-07 12:23:56	1	0	1	0
           275	2024-11-07 12:24:04	1	0	1	0
           206	2024-11-07 12:24:10	1	0	1	0
           331	2024-11-07 12:24:39	1	0	1	0
           523	2024-11-07 12:24:53	1	0	1	0
           355	2024-11-07 12:24:57	1	0	1	0
           288	2024-11-07 12:27:05	1	0	1	0
           194	2024-11-07 12:27:07	1	0	1	0
           655	2024-11-07 12:27:16	1	0	1	0
            53	2024-11-07 12:27:39	1	0	1	0
           417	2024-11-07 12:27:52	1	0	1	0
           631	2024-11-07 12:28:05	1	0	1	0
           363	2024-11-07 12:28:14	1	0	1	0
           149	2024-11-07 12:28:22	1	0	1	0
            88	2024-11-07 12:28:28	1	0	1	0
           573	2024-11-07 12:31:32	1	0	1	0
           467	2024-11-07 12:31:39	1	0	1	0
           659	2024-11-07 12:32:09	1	0	1	0
           361	2024-11-07 12:32:15	1	0	1	0
           562	2024-11-07 12:32:19	1	0	1	0
            95	2024-11-07 12:33:03	1	0	1	0
            55	2024-11-07 12:33:16	1	0	1	0
           453	2024-11-07 12:33:46	1	0	1	0
           105	2024-11-07 12:33:59	1	0	1	0
           493	2024-11-07 12:34:04	1	0	1	0
            74	2024-11-07 12:34:09	1	0	1	0
           335	2024-11-07 12:34:15	1	0	1	0
           642	2024-11-07 12:34:32	1	0	1	0
           492	2024-11-07 12:34:36	1	0	1	0
           516	2024-11-07 12:34:42	1	0	1	0
           635	2024-11-07 12:34:49	1	0	1	0
            73	2024-11-07 12:34:56	1	0	1	0
            77	2024-11-07 12:35:03	1	0	1	0
            27	2024-11-07 12:35:15	1	0	15	0
            83	2024-11-07 12:35:39	1	0	1	0
            38	2024-11-07 12:35:49	1	0	1	0
            40	2024-11-07 12:37:12	1	0	1	0
           265	2024-11-07 12:37:32	1	0	1	0
           146	2024-11-07 12:37:43	1	0	15	0
           414	2024-11-07 12:37:49	1	0	1	0
           205	2024-11-07 12:38:00	1	0	1	0
           583	2024-11-07 12:38:09	1	0	1	0
            87	2024-11-07 12:38:16	1	0	1	0
           434	2024-11-07 12:38:22	1	0	1	0
           465	2024-11-07 12:38:27	1	0	1	0
            75	2024-11-07 12:38:32	1	0	1	0
           374	2024-11-07 12:38:41	1	0	1	0
           606	2024-11-07 12:39:22	1	0	1	0
           252	2024-11-07 12:39:34	1	0	15	0
           331	2024-11-07 12:40:55	1	0	1	0
           623	2024-11-07 12:42:10	1	0	1	0
           593	2024-11-07 12:42:13	1	0	1	0
           259	2024-11-07 12:44:07	1	0	15	0
           114	2024-11-07 12:44:20	1	0	1	0
           601	2024-11-07 12:45:33	1	0	1	0
           101	2024-11-07 12:45:38	1	0	1	0
           513	2024-11-07 12:46:05	1	0	1	0
           408	2024-11-07 12:46:29	1	0	1	0
           312	2024-11-07 12:46:51	1	0	1	0
            86	2024-11-07 12:46:55	1	0	1	0
           338	2024-11-07 12:47:15	1	0	1	0
            88	2024-11-07 12:47:30	1	0	1	0
           580	2024-11-07 12:48:36	1	0	1	0
           121	2024-11-07 12:49:28	1	0	1	0
           492	2024-11-07 12:50:05	1	0	1	0
           516	2024-11-07 12:50:13	1	0	1	0
            74	2024-11-07 12:50:44	1	0	1	0
           635	2024-11-07 12:50:50	1	0	1	0
           397	2024-11-07 12:50:56	1	0	1	0
           663	2024-11-07 12:51:02	1	0	1	0
            77	2024-11-07 12:51:25	1	0	1	0
            93	2024-11-07 12:51:44	1	0	1	0
           399	2024-11-07 12:52:06	1	0	1	0
           182	2024-11-07 12:52:14	1	0	1	0
           183	2024-11-07 12:52:19	1	0	1	0
           370	2024-11-07 12:52:24	1	0	1	0
           604	2024-11-07 12:52:36	1	0	1	0
           520	2024-11-07 12:52:46	1	0	1	0
           125	2024-11-07 12:52:53	1	0	1	0
           105	2024-11-07 12:53:24	1	0	1	0
           465	2024-11-07 12:53:35	1	0	1	0
           586	2024-11-07 12:53:40	1	0	1	0
           648	2024-11-07 12:53:44	1	0	1	0
           265	2024-11-07 12:53:50	1	0	1	0
           205	2024-11-07 12:53:55	1	0	1	0
           414	2024-11-07 12:54:01	1	0	1	0
           637	2024-11-07 12:54:06	1	0	1	0
           146	2024-11-07 12:54:17	1	0	15	0
            75	2024-11-07 12:54:25	1	0	1	0
           275	2024-11-07 12:54:48	1	0	1	0
           529	2024-11-07 12:54:54	1	0	1	0
           640	2024-11-07 12:54:56	1	0	1	0
            83	2024-11-07 12:55:03	1	0	1	0
           206	2024-11-07 12:55:15	1	0	1	0
           444	2024-11-07 12:55:24	1	0	1	0
           132	2024-11-07 12:55:31	1	0	1	0
           404	2024-11-07 12:55:44	1	0	1	0
           502	2024-11-07 12:56:17	1	0	1	0
           541	2024-11-07 12:56:23	1	0	1	0
            40	2024-11-07 12:56:30	1	0	1	0
           374	2024-11-07 12:56:34	1	0	1	0
           335	2024-11-07 12:57:32	1	0	1	0
           350	2024-11-07 12:57:46	1	0	1	0
           655	2024-11-07 12:58:31	1	0	1	0
           184	2024-11-07 12:58:52	1	0	1	0
           236	2024-11-07 13:01:30	1	0	1	0
           485	2024-11-07 13:04:36	1	0	1	0
           236	2024-11-07 13:25:32	1	0	1	0
           485	2024-11-07 13:29:11	1	0	1	0
           305	2024-11-07 14:07:51	1	0	1	0
           567	2024-11-07 14:39:57	1	0	1	0
           124	2024-11-07 15:04:47	1	0	15	0
            70	2024-11-07 16:04:53	1	0	15	0
            93	2024-11-07 16:06:50	1	0	1	0
           413	2024-11-07 16:22:51	1	0	4	0
           460	2024-11-07 16:57:37	1	0	1	0
           600	2024-11-07 17:00:04	1	0	1	0
           366	2024-11-07 17:00:33	1	0	15	0
           443	2024-11-07 17:00:40	1	0	1	0
           387	2024-11-07 17:00:46	1	0	15	0
           422	2024-11-07 17:00:52	1	0	1	0
           581	2024-11-07 17:00:57	1	0	1	0
           288	2024-11-07 17:01:01	1	0	1	0
           566	2024-11-07 17:01:04	1	0	1	0
           642	2024-11-07 17:01:08	1	0	1	0
           582	2024-11-07 17:01:13	1	0	1	0
           643	2024-11-07 17:01:22	1	0	1	0
            86	2024-11-07 17:01:30	1	0	1	0
            74	2024-11-07 17:01:38	1	0	1	0
           146	2024-11-07 17:01:46	1	0	15	0
           663	2024-11-07 17:01:53	1	0	1	0
           660	2024-11-07 17:01:57	1	0	1	0
           361	2024-11-07 17:02:02	1	0	1	0
           562	2024-11-07 17:02:09	1	0	1	0
            53	2024-11-07 17:02:16	1	0	1	0
           631	2024-11-07 17:02:21	1	0	1	0
           149	2024-11-07 17:02:32	1	0	1	0
           659	2024-11-07 17:02:39	1	0	1	0
           397	2024-11-07 17:02:58	1	0	1	0
           632	2024-11-07 17:03:17	1	0	1	0
           601	2024-11-07 17:03:37	1	0	1	0
            77	2024-11-07 17:03:42	1	0	1	0
           132	2024-11-07 17:04:00	1	0	15	0
           623	2024-11-07 17:04:19	1	0	1	0
           511	2024-11-07 17:04:22	1	0	1	0
           523	2024-11-07 17:05:30	1	0	1	0
           513	2024-11-07 17:05:39	1	0	1	0
           236	2024-11-07 17:05:48	1	0	1	0
           196	2024-11-07 17:05:54	1	0	1	0
           184	2024-11-07 17:05:56	1	0	1	0
           399	2024-11-07 17:06:16	1	0	1	0
           593	2024-11-07 17:06:25	1	0	1	0
           331	2024-11-07 17:06:34	1	0	1	0
           546	2024-11-07 17:06:42	1	0	1	0
           646	2024-11-07 17:07:01	1	0	1	0
           119	2024-11-07 17:07:12	1	0	15	0
           573	2024-11-07 17:07:17	1	0	1	0
           579	2024-11-07 17:07:30	1	0	1	0
           374	2024-11-07 17:07:34	1	0	1	0
           580	2024-11-07 17:07:39	1	0	1	0
           227	2024-11-07 17:07:49	1	0	15	0
           123	2024-11-07 17:07:57	1	0	1	0
           350	2024-11-07 17:08:04	1	0	1	0
           337	2024-11-07 17:08:25	1	0	1	0
           556	2024-11-07 17:08:33	1	0	1	0
           121	2024-11-07 17:08:47	1	0	1	0
           493	2024-11-07 17:08:54	1	0	1	0
           637	2024-11-07 17:09:00	1	0	1	0
            88	2024-11-07 17:09:07	1	0	1	0
            27	2024-11-07 17:10:23	1	0	15	0
            39	2024-11-07 17:10:37	1	0	1	0
           101	2024-11-07 17:10:57	1	0	1	0
           604	2024-11-07 17:11:19	1	0	1	0
           520	2024-11-07 17:11:32	1	0	1	0
           125	2024-11-07 17:11:40	1	0	1	0
           360	2024-11-07 17:13:21	1	0	1	0
           453	2024-11-07 17:13:29	1	0	15	0
            38	2024-11-07 17:14:46	1	0	1	0
            75	2024-11-07 17:15:21	1	0	1	0
           363	2024-11-07 17:16:20	1	0	1	0
           403	2024-11-07 17:17:40	1	0	1	0
           492	2024-11-07 17:19:05	1	0	1	0
           516	2024-11-07 17:19:13	1	0	1	0
           370	2024-11-07 17:19:56	1	0	1	0
           648	2024-11-07 17:20:05	1	0	1	0
           338	2024-11-07 17:21:01	1	0	1	0
           583	2024-11-07 17:21:23	1	0	1	0
           408	2024-11-07 17:21:31	1	0	1	0
            73	2024-11-07 17:22:06	1	0	1	0
           434	2024-11-07 17:22:14	1	0	1	0
           467	2024-11-07 17:23:17	1	0	1	0
            40	2024-11-07 17:23:24	1	0	1	0
           355	2024-11-07 17:24:07	1	0	1	0
            55	2024-11-07 17:24:15	1	0	1	0
           314	2024-11-07 17:24:26	1	0	1	0
           105	2024-11-07 17:24:30	1	0	1	0
           635	2024-11-07 17:24:45	1	0	1	0
           556	2024-11-07 17:26:59	1	0	1	0
           417	2024-11-07 17:28:31	1	0	15	0
           182	2024-11-07 17:29:56	1	0	1	0
           586	2024-11-07 17:30:44	1	0	1	0
           492	2024-11-07 17:34:56	1	0	1	0
           516	2024-11-07 17:35:08	1	0	1	0
           606	2024-11-07 17:35:17	1	0	1	0
           541	2024-11-07 17:40:23	1	0	1	0
           646	2024-11-07 17:46:18	1	0	1	0
           123	2024-11-07 17:46:28	1	0	1	0
           252	2024-11-07 17:48:04	1	0	15	0
            95	2024-11-07 17:55:09	1	0	1	0
           312	2024-11-07 17:57:28	1	0	1	0
           259	2024-11-07 18:00:14	1	0	15	0
            87	2024-11-07 18:01:14	1	0	1	0
           206	2024-11-07 18:01:21	1	0	1	0
           275	2024-11-07 18:01:43	1	0	1	0
           183	2024-11-07 18:03:45	1	0	1	0
           205	2024-11-07 18:09:17	1	0	1	0
           485	2024-11-07 18:17:56	1	0	1	0
            83	2024-11-07 18:21:08	1	0	1	0
           265	2024-11-07 18:23:30	1	0	1	0
           114	2024-11-07 19:06:34	1	0	1	0
           194	2024-11-07 19:11:14	1	0	1	0
           444	2024-11-07 19:13:51	1	0	1	0
           640	2024-11-07 19:16:03	1	0	1	0
           404	2024-11-07 19:16:25	1	0	1	0
           655	2024-11-07 19:53:56	1	0	1	0
           620	2024-11-07 20:20:35	1	0	1	0
           335	2024-11-07 20:55:51	1	0	1	0
           465	2024-11-07 21:35:57	1	0	1	0
           502	2024-11-07 21:36:04	1	0	1	0
           418	2024-11-07 21:57:24	1	0	1	0
           492	2024-11-07 22:10:50	1	0	1	0
           414	2024-11-07 22:11:19	1	0	1	0
           646	2024-11-07 22:14:21	1	0	1	0
           123	2024-11-07 22:14:28	1	0	1	0
           556	2024-11-07 22:42:43	1	0	1	0
           516	2024-11-07 22:48:07	1	0	1	0
           567	2024-11-07 23:00:10	1	0	1	0
           124	2024-11-08 05:53:06	1	0	15	0
           620	2024-11-08 06:03:59	1	0	1	0
           123	2024-11-08 06:09:22	1	0	1	0
           337	2024-11-08 06:11:39	1	0	15	0
           600	2024-11-08 06:25:58	1	0	1	0
           119	2024-11-08 06:34:27	1	0	15	0
           196	2024-11-08 06:34:40	1	0	1	0
           632	2024-11-08 06:34:53	1	0	1	0
           387	2024-11-08 06:36:07	1	0	15	0
            83	2024-11-08 06:42:38	1	0	1	0
           114	2024-11-08 06:43:02	1	0	1	0
           335	2024-11-08 06:43:07	1	0	1	0
           443	2024-11-08 06:43:47	1	0	1	0
           606	2024-11-08 06:45:48	1	0	1	0
           182	2024-11-08 06:48:01	1	0	1	0
           314	2024-11-08 06:48:11	1	0	1	0
           422	2024-11-08 06:48:22	1	0	1	0
            88	2024-11-08 06:49:57	1	0	1	0
           187	2024-11-08 06:55:11	1	0	1	0
           645	2024-11-08 06:55:36	1	0	1	0
           366	2024-11-08 07:02:32	1	0	15	0
           413	2024-11-08 07:02:36	1	0	4	0
            37	2024-11-08 07:10:06	1	0	1	0
           631	2024-11-08 07:11:07	1	0	1	0
           566	2024-11-08 07:15:08	1	0	1	0
           642	2024-11-08 07:16:12	1	0	1	0
           643	2024-11-08 07:16:18	1	0	15	0
           635	2024-11-08 07:19:25	1	0	1	0
           581	2024-11-08 07:19:59	1	0	1	0
           418	2024-11-08 07:20:12	1	0	1	0
           227	2024-11-08 07:21:15	1	0	15	0
           546	2024-11-08 07:21:29	1	0	1	0
           573	2024-11-08 07:21:35	1	0	1	0
           516	2024-11-08 07:22:44	1	0	1	0
           601	2024-11-08 07:22:48	1	0	1	0
           338	2024-11-08 07:23:00	1	0	1	0
           646	2024-11-08 07:24:22	1	0	1	0
           360	2024-11-08 07:24:29	1	0	1	0
           579	2024-11-08 07:25:25	1	0	1	0
           398	2024-11-08 07:25:29	1	0	1	0
            77	2024-11-08 07:25:37	1	0	1	0
           115	2024-11-08 07:26:26	1	0	1	0
           101	2024-11-08 07:27:47	1	0	1	0
            39	2024-11-08 07:28:20	1	0	1	0
            27	2024-11-08 07:28:49	1	0	15	0
           453	2024-11-08 07:28:56	1	0	15	0
           125	2024-11-08 07:30:36	1	0	1	0
           397	2024-11-08 07:30:59	1	0	1	0
           408	2024-11-08 07:32:57	1	0	1	0
           146	2024-11-08 07:33:38	1	0	15	0
            55	2024-11-08 07:35:14	1	0	1	0
           541	2024-11-08 07:35:53	1	0	1	0
           660	2024-11-08 07:36:46	1	0	1	0
            95	2024-11-08 07:37:11	1	0	1	0
           434	2024-11-08 07:38:07	1	0	1	0
           105	2024-11-08 07:38:44	1	0	1	0
            75	2024-11-08 07:39:20	1	0	1	0
           582	2024-11-08 07:39:28	1	0	1	0
           492	2024-11-08 07:39:33	1	0	1	0
           404	2024-11-08 07:39:43	1	0	1	0
            74	2024-11-08 07:40:06	1	0	1	0
           205	2024-11-08 07:40:31	1	0	1	0
           529	2024-11-08 07:41:10	1	0	1	0
           444	2024-11-08 07:41:27	1	0	1	0
           259	2024-11-08 07:42:53	1	0	15	0
           465	2024-11-08 07:43:33	1	0	1	0
           502	2024-11-08 07:43:39	1	0	1	0
           523	2024-11-08 07:43:58	1	0	1	0
           350	2024-11-08 07:44:27	1	0	1	0
           640	2024-11-08 07:45:48	1	0	1	0
           355	2024-11-08 07:45:57	1	0	1	0
           556	2024-11-08 07:46:51	1	0	1	0
           149	2024-11-08 07:47:00	1	0	15	0
            87	2024-11-08 07:47:08	1	0	1	0
           370	2024-11-08 07:47:16	1	0	1	0
            53	2024-11-08 07:47:36	1	0	1	0
           331	2024-11-08 07:48:32	1	0	1	0
           399	2024-11-08 07:48:44	1	0	1	0
            86	2024-11-08 07:49:13	1	0	1	0
           648	2024-11-08 07:50:41	1	0	1	0
            69	2024-11-08 07:50:56	1	0	1	0
           476	2024-11-08 07:50:59	1	0	1	0
            70	2024-11-08 07:51:12	1	0	15	0
           132	2024-11-08 07:51:28	1	0	1	0
           663	2024-11-08 07:51:33	1	0	1	0
           604	2024-11-08 07:51:47	1	0	1	0
            40	2024-11-08 07:52:00	1	0	1	0
           265	2024-11-08 07:52:52	1	0	1	0
           467	2024-11-08 07:54:57	1	0	1	0
            38	2024-11-08 07:55:10	1	0	1	0
            73	2024-11-08 07:55:34	1	0	1	0
           493	2024-11-08 07:55:55	1	0	1	0
           361	2024-11-08 07:56:11	1	0	1	0
           655	2024-11-08 07:56:17	1	0	1	0
           593	2024-11-08 07:56:43	1	0	1	0
           374	2024-11-08 07:56:49	1	0	1	0
           583	2024-11-08 07:57:26	1	0	1	0
           288	2024-11-08 07:58:25	1	0	1	0
           194	2024-11-08 07:58:28	1	0	1	0
           403	2024-11-08 07:59:17	1	0	1	0
           586	2024-11-08 08:00:23	1	0	1	0
           637	2024-11-08 08:00:42	1	0	1	0
           312	2024-11-08 08:00:51	1	0	1	0
           623	2024-11-08 08:01:09	1	0	1	0
           252	2024-11-08 08:01:50	1	0	15	0
           417	2024-11-08 08:02:55	1	0	1	0
           414	2024-11-08 08:03:43	1	0	1	0
           513	2024-11-08 08:06:07	1	0	1	0
           511	2024-11-08 08:06:09	1	0	1	0
           580	2024-11-08 08:06:35	1	0	1	0
           200	2024-11-08 08:07:27	1	0	1	0
           121	2024-11-08 08:10:46	1	0	1	0
           275	2024-11-08 08:16:31	1	0	1	0
           206	2024-11-08 08:16:35	1	0	1	0
           562	2024-11-08 08:16:39	1	0	1	0
           485	2024-11-08 08:47:32	1	0	1	0
           366	2024-11-08 11:30:32	1	0	1	0
           581	2024-11-08 11:30:46	1	0	1	0
           642	2024-11-08 11:31:16	1	0	1	0
           566	2024-11-08 11:31:27	1	0	1	0
           387	2024-11-08 11:31:37	1	0	15	0
           632	2024-11-08 11:32:15	1	0	1	0
           643	2024-11-08 11:32:49	1	0	1	0
           600	2024-11-08 11:33:50	1	0	1	0
           582	2024-11-08 11:33:55	1	0	1	0
           443	2024-11-08 11:34:16	1	0	1	0
           646	2024-11-08 11:34:20	1	0	1	0
           119	2024-11-08 11:34:32	1	0	15	0
           123	2024-11-08 11:34:39	1	0	1	0
           422	2024-11-08 11:34:48	1	0	1	0
           546	2024-11-08 11:46:15	1	0	1	0
           314	2024-11-08 11:46:30	1	0	1	0
           115	2024-11-08 11:46:42	1	0	1	0
           360	2024-11-08 11:46:55	1	0	1	0
           337	2024-11-08 11:49:43	1	0	15	0
           579	2024-11-08 11:53:21	1	0	1	0
           573	2024-11-08 11:53:27	1	0	1	0
           632	2024-11-08 11:54:33	1	0	1	0
           366	2024-11-08 11:59:37	1	0	1	0
           123	2024-11-08 11:59:42	1	0	1	0
           582	2024-11-08 11:59:49	1	0	1	0
           606	2024-11-08 12:00:08	1	0	1	0
            75	2024-11-08 12:00:14	1	0	1	0
           387	2024-11-08 12:00:22	1	0	15	0
           422	2024-11-08 12:00:27	1	0	1	0
           600	2024-11-08 12:00:33	1	0	1	0
           101	2024-11-08 12:00:41	1	0	1	0
           397	2024-11-08 12:00:48	1	0	1	0
           663	2024-11-08 12:00:54	1	0	1	0
           660	2024-11-08 12:01:02	1	0	1	0
            53	2024-11-08 12:01:17	1	0	1	0
           556	2024-11-08 12:01:25	1	0	1	0
           562	2024-11-08 12:01:36	1	0	1	0
           350	2024-11-08 12:01:43	1	0	1	0
           443	2024-11-08 12:01:47	1	0	1	0
           265	2024-11-08 12:01:52	1	0	1	0
            77	2024-11-08 12:01:59	1	0	1	0
           566	2024-11-08 12:02:05	1	0	1	0
            87	2024-11-08 12:02:15	1	0	1	0
           623	2024-11-08 12:02:20	1	0	1	0
           511	2024-11-08 12:02:25	1	0	1	0
           631	2024-11-08 12:02:31	1	0	1	0
           581	2024-11-08 12:02:37	1	0	1	0
           119	2024-11-08 12:02:45	1	0	15	0
           476	2024-11-08 12:02:50	1	0	1	0
           601	2024-11-08 12:03:03	1	0	1	0
           146	2024-11-08 12:03:11	1	0	15	0
           331	2024-11-08 12:03:17	1	0	1	0
           635	2024-11-08 12:03:27	1	0	1	0
           465	2024-11-08 12:03:33	1	0	1	0
           182	2024-11-08 12:03:46	1	0	1	0
           453	2024-11-08 12:03:56	1	0	1	0
            73	2024-11-08 12:04:06	1	0	1	0
           236	2024-11-08 12:04:38	1	0	1	0
           492	2024-11-08 12:05:02	1	0	1	0
           355	2024-11-08 12:05:29	1	0	1	0
           604	2024-11-08 12:05:47	1	0	1	0
           125	2024-11-08 12:05:54	1	0	1	0
           648	2024-11-08 12:06:00	1	0	1	0
           586	2024-11-08 12:06:03	1	0	1	0
            88	2024-11-08 12:06:10	1	0	1	0
           370	2024-11-08 12:06:16	1	0	1	0
           643	2024-11-08 12:06:23	1	0	1	0
           655	2024-11-08 12:06:29	1	0	1	0
           637	2024-11-08 12:06:36	1	0	1	0
           252	2024-11-08 12:06:43	1	0	15	0
           513	2024-11-08 12:06:49	1	0	1	0
           493	2024-11-08 12:07:05	1	0	1	0
           399	2024-11-08 12:07:11	1	0	1	0
           523	2024-11-08 12:07:16	1	0	1	0
            69	2024-11-08 12:07:48	1	0	1	0
            86	2024-11-08 12:09:21	1	0	1	0
           467	2024-11-08 12:09:33	1	0	1	0
           314	2024-11-08 12:09:39	1	0	1	0
           404	2024-11-08 12:09:42	1	0	1	0
            38	2024-11-08 12:09:50	1	0	1	0
           573	2024-11-08 12:09:56	1	0	1	0
           579	2024-11-08 12:10:09	1	0	1	0
           205	2024-11-08 12:10:27	1	0	1	0
            74	2024-11-08 12:10:32	1	0	1	0
           434	2024-11-08 12:10:36	1	0	1	0
           337	2024-11-08 12:11:05	1	0	1	0
           288	2024-11-08 12:11:20	1	0	1	0
           149	2024-11-08 12:11:33	1	0	1	0
           403	2024-11-08 12:11:40	1	0	1	0
           312	2024-11-08 12:11:49	1	0	1	0
           121	2024-11-08 12:11:57	1	0	1	0
           194	2024-11-08 12:12:05	1	0	1	0
           417	2024-11-08 12:14:20	1	0	1	0
           529	2024-11-08 12:15:24	1	0	1	0
            27	2024-11-08 12:15:48	1	0	15	0
            53	2024-11-08 12:16:37	1	0	1	0
           413	2024-11-08 12:16:43	1	0	4	0
           640	2024-11-08 12:17:08	1	0	1	0
           444	2024-11-08 12:17:14	1	0	1	0
            75	2024-11-08 12:17:50	1	0	1	0
           541	2024-11-08 12:17:54	1	0	1	0
            77	2024-11-08 12:18:19	1	0	1	0
           200	2024-11-08 12:18:34	1	0	1	0
           182	2024-11-08 12:19:02	1	0	1	0
           623	2024-11-08 12:19:58	1	0	1	0
           642	2024-11-08 12:20:19	1	0	1	0
           101	2024-11-08 12:20:50	1	0	1	0
           265	2024-11-08 12:21:55	1	0	1	0
           511	2024-11-08 12:22:21	1	0	1	0
           465	2024-11-08 12:23:28	1	0	1	0
           655	2024-11-08 12:23:34	1	0	1	0
           414	2024-11-08 12:24:17	1	0	1	0
            38	2024-11-08 12:25:57	1	0	1	0
            55	2024-11-08 12:26:07	1	0	1	0
            39	2024-11-08 12:26:25	1	0	1	0
           562	2024-11-08 12:27:13	1	0	1	0
           434	2024-11-08 12:27:22	1	0	1	0
           583	2024-11-08 12:27:33	1	0	1	0
           114	2024-11-08 12:27:45	1	0	1	0
           206	2024-11-08 12:27:50	1	0	1	0
            74	2024-11-08 12:28:00	1	0	1	0
           205	2024-11-08 12:28:07	1	0	1	0
           361	2024-11-08 12:28:14	1	0	1	0
           121	2024-11-08 12:31:04	1	0	1	0
            40	2024-11-08 12:31:35	1	0	1	0
           556	2024-11-08 12:31:44	1	0	1	0
           184	2024-11-08 12:31:49	1	0	1	0
           146	2024-11-08 12:31:58	1	0	15	0
           413	2024-11-08 12:32:03	1	0	4	0
           417	2024-11-08 12:32:30	1	0	1	0
           580	2024-11-08 12:32:39	1	0	1	0
            69	2024-11-08 12:32:48	1	0	1	0
           252	2024-11-08 12:34:21	1	0	15	0
           546	2024-11-08 12:34:42	1	0	1	0
           631	2024-11-08 12:34:50	1	0	1	0
           194	2024-11-08 12:36:07	1	0	1	0
           288	2024-11-08 12:36:12	1	0	1	0
           453	2024-11-08 12:36:19	1	0	1	0
           606	2024-11-08 12:36:25	1	0	1	0
           502	2024-11-08 12:37:31	1	0	1	0
           374	2024-11-08 12:38:13	1	0	1	0
           601	2024-11-08 12:38:22	1	0	1	0
           370	2024-11-08 12:40:22	1	0	1	0
            88	2024-11-08 12:40:25	1	0	1	0
           492	2024-11-08 12:40:31	1	0	1	0
           335	2024-11-08 12:40:38	1	0	1	0
            83	2024-11-08 12:40:43	1	0	1	0
           259	2024-11-08 12:40:49	1	0	15	0
           513	2024-11-08 12:41:21	1	0	1	0
           529	2024-11-08 12:41:23	1	0	1	0
           604	2024-11-08 12:41:43	1	0	1	0
           125	2024-11-08 12:41:55	1	0	1	0
           493	2024-11-08 12:42:56	1	0	1	0
           541	2024-11-08 12:43:21	1	0	1	0
            55	2024-11-08 12:43:44	1	0	1	0
           355	2024-11-08 12:43:54	1	0	1	0
           583	2024-11-08 12:44:13	1	0	1	0
            86	2024-11-08 12:44:30	1	0	1	0
            27	2024-11-08 12:45:06	1	0	15	0
           467	2024-11-08 12:45:30	1	0	1	0
           397	2024-11-08 12:45:37	1	0	1	0
           660	2024-11-08 12:45:43	1	0	1	0
           663	2024-11-08 12:45:47	1	0	1	0
            87	2024-11-08 12:45:59	1	0	1	0
           361	2024-11-08 12:47:29	1	0	1	0
           476	2024-11-08 12:47:47	1	0	1	0
           523	2024-11-08 12:48:03	1	0	1	0
            40	2024-11-08 12:48:23	1	0	1	0
           640	2024-11-08 12:49:07	1	0	1	0
           404	2024-11-08 12:49:19	1	0	1	0
           648	2024-11-08 12:49:31	1	0	1	0
           586	2024-11-08 12:49:36	1	0	1	0
           338	2024-11-08 12:50:18	1	0	1	0
           149	2024-11-08 12:51:02	1	0	1	0
           350	2024-11-08 12:51:11	1	0	1	0
           403	2024-11-08 12:51:18	1	0	1	0
            73	2024-11-08 12:53:47	1	0	1	0
           331	2024-11-08 12:55:07	1	0	1	0
           374	2024-11-08 12:55:18	1	0	1	0
           502	2024-11-08 12:55:35	1	0	1	0
           580	2024-11-08 12:55:44	1	0	1	0
           637	2024-11-08 12:56:00	1	0	1	0
            39	2024-11-08 12:56:40	1	0	1	0
            83	2024-11-08 12:57:20	1	0	1	0
           114	2024-11-08 12:57:29	1	0	1	0
           399	2024-11-08 12:57:42	1	0	1	0
           200	2024-11-08 12:57:49	1	0	1	0
           206	2024-11-08 12:58:11	1	0	1	0
           444	2024-11-08 12:58:18	1	0	1	0
           593	2024-11-08 12:58:24	1	0	1	0
           259	2024-11-08 12:58:31	1	0	15	0
           236	2024-11-08 12:59:10	1	0	1	0
           485	2024-11-08 13:16:14	1	0	1	0
           485	2024-11-08 13:47:27	1	0	1	0
           567	2024-11-08 13:50:51	1	0	1	0
           620	2024-11-08 14:17:03	1	0	1	0
           403	2024-11-08 14:38:44	1	0	1	0
           124	2024-11-08 15:54:15	1	0	15	0
           413	2024-11-08 16:05:04	1	0	4	0
            70	2024-11-08 16:06:40	1	0	1	0
            88	2024-11-08 16:29:57	1	0	1	0
            53	2024-11-08 17:00:07	1	0	1	0
            83	2024-11-08 17:00:12	1	0	1	0
           642	2024-11-08 17:00:17	1	0	1	0
           556	2024-11-08 17:00:26	1	0	1	0
           637	2024-11-08 17:00:30	1	0	1	0
           523	2024-11-08 17:00:35	1	0	1	0
           581	2024-11-08 17:00:39	1	0	1	0
           566	2024-11-08 17:00:42	1	0	1	0
           397	2024-11-08 17:00:53	1	0	1	0
           182	2024-11-08 17:01:02	1	0	1	0
           387	2024-11-08 17:01:09	1	0	15	0
           422	2024-11-08 17:01:16	1	0	1	0
           643	2024-11-08 17:01:23	1	0	1	0
           631	2024-11-08 17:01:30	1	0	1	0
           645	2024-11-08 17:01:35	1	0	1	0
           562	2024-11-08 17:01:40	1	0	1	0
           194	2024-11-08 17:01:42	1	0	1	0
           493	2024-11-08 17:01:45	1	0	1	0
           149	2024-11-08 17:01:50	1	0	1	0
           350	2024-11-08 17:01:57	1	0	1	0
           601	2024-11-08 17:02:08	1	0	1	0
           600	2024-11-08 17:02:13	1	0	1	0
           115	2024-11-08 17:02:57	1	0	1	0
           663	2024-11-08 17:03:03	1	0	1	0
           660	2024-11-08 17:03:06	1	0	1	0
           476	2024-11-08 17:03:16	1	0	1	0
            55	2024-11-08 17:03:25	1	0	1	0
           331	2024-11-08 17:03:33	1	0	1	0
           366	2024-11-08 17:03:40	1	0	1	0
           582	2024-11-08 17:03:46	1	0	1	0
           184	2024-11-08 17:03:57	1	0	1	0
           123	2024-11-08 17:04:08	1	0	1	0
            77	2024-11-08 17:04:21	1	0	1	0
           632	2024-11-08 17:04:28	1	0	1	0
           101	2024-11-08 17:04:33	1	0	1	0
            39	2024-11-08 17:04:40	1	0	1	0
           252	2024-11-08 17:04:49	1	0	15	0
           513	2024-11-08 17:05:11	1	0	1	0
           648	2024-11-08 17:05:18	1	0	1	0
           586	2024-11-08 17:05:23	1	0	1	0
           399	2024-11-08 17:05:29	1	0	1	0
           187	2024-11-08 17:05:33	1	0	1	0
           337	2024-11-08 17:06:01	1	0	1	0
            74	2024-11-08 17:06:22	1	0	1	0
           360	2024-11-08 17:06:43	1	0	1	0
           236	2024-11-08 17:07:36	1	0	1	0
           443	2024-11-08 17:07:49	1	0	1	0
           573	2024-11-08 17:07:57	1	0	1	0
           529	2024-11-08 17:08:33	1	0	1	0
           265	2024-11-08 17:08:39	1	0	1	0
           604	2024-11-08 17:09:08	1	0	1	0
           125	2024-11-08 17:09:15	1	0	1	0
           374	2024-11-08 17:09:27	1	0	1	0
            73	2024-11-08 17:10:02	1	0	1	0
            38	2024-11-08 17:10:16	1	0	1	0
           200	2024-11-08 17:10:39	1	0	1	0
           640	2024-11-08 17:10:53	1	0	1	0
           444	2024-11-08 17:11:02	1	0	1	0
           370	2024-11-08 17:11:36	1	0	1	0
           546	2024-11-08 17:11:41	1	0	1	0
           467	2024-11-08 17:11:45	1	0	1	0
           314	2024-11-08 17:11:50	1	0	1	0
           288	2024-11-08 17:12:08	1	0	1	0
           146	2024-11-08 17:13:34	1	0	15	0
           434	2024-11-08 17:15:23	1	0	1	0
           623	2024-11-08 17:15:40	1	0	1	0
            69	2024-11-08 17:17:09	1	0	1	0
           417	2024-11-08 17:17:29	1	0	1	0
           583	2024-11-08 17:17:48	1	0	1	0
           579	2024-11-08 17:19:44	1	0	1	0
           404	2024-11-08 17:19:58	1	0	1	0
           119	2024-11-08 17:25:21	1	0	15	0
           355	2024-11-08 17:27:08	1	0	1	0
           227	2024-11-08 17:31:42	1	0	15	0
           361	2024-11-08 17:34:46	1	0	1	0
           105	2024-11-08 17:36:22	1	0	1	0
           580	2024-11-08 17:36:32	1	0	1	0
            86	2024-11-08 17:40:57	1	0	1	0
           114	2024-11-08 17:41:02	1	0	1	0
           408	2024-11-08 17:41:37	1	0	1	0
           643	2024-11-08 17:43:10	1	0	1	0
           642	2024-11-08 17:43:18	1	0	1	0
           566	2024-11-08 17:43:22	1	0	1	0
           366	2024-11-08 17:43:30	1	0	1	0
           123	2024-11-08 17:43:36	1	0	1	0
           606	2024-11-08 17:43:41	1	0	1	0
           541	2024-11-08 17:45:46	1	0	1	0
           582	2024-11-08 17:46:20	1	0	1	0
           655	2024-11-08 17:51:08	1	0	15	0
           335	2024-11-08 17:51:30	1	0	1	0
           593	2024-11-08 17:54:52	1	0	1	0
           511	2024-11-08 17:55:10	1	0	1	0
           312	2024-11-08 17:55:28	1	0	1	0
           398	2024-11-08 17:58:58	1	0	1	0
           206	2024-11-08 18:01:43	1	0	1	0
           275	2024-11-08 18:02:27	1	0	1	0
            87	2024-11-08 18:03:05	1	0	1	0
            75	2024-11-08 18:03:50	1	0	1	0
           259	2024-11-08 18:07:42	1	0	15	0
            27	2024-11-08 18:16:45	1	0	15	0
           453	2024-11-08 18:18:58	1	0	1	0
           338	2024-11-08 18:24:58	1	0	1	0
           485	2024-11-08 18:26:12	1	0	1	0
           635	2024-11-08 18:29:05	1	0	1	0
           196	2024-11-08 19:36:45	1	0	1	0
           492	2024-11-08 19:43:50	1	0	1	0
           205	2024-11-08 19:46:06	1	0	1	0
            40	2024-11-08 20:05:02	1	0	1	0
           200	2024-11-08 20:06:43	1	0	1	0
           502	2024-11-08 20:37:02	1	0	1	0
           414	2024-11-08 20:41:19	1	0	1	0
           465	2024-11-08 20:44:29	1	0	1	0
           418	2024-11-08 21:00:05	1	0	1	0
            95	2024-11-08 21:40:19	1	0	1	0
           642	2024-11-08 22:00:13	1	0	1	0
           643	2024-11-08 22:00:32	1	0	15	0
           566	2024-11-08 22:00:39	1	0	1	0
           366	2024-11-08 22:00:46	1	0	1	0
           582	2024-11-08 22:00:53	1	0	1	0
           123	2024-11-08 22:01:05	1	0	1	0
           567	2024-11-08 22:01:12	1	0	1	0
           620	2024-11-08 23:01:20	1	0	1	0
           123	2024-11-09 06:06:33	1	0	1	0
           418	2024-11-09 06:07:38	1	0	1	0
           196	2024-11-09 06:34:23	1	0	1	0
           632	2024-11-09 06:34:34	1	0	1	0
           387	2024-11-09 06:45:50	1	0	15	0
           422	2024-11-09 06:45:58	1	0	1	0
           567	2024-11-09 06:54:02	1	0	1	0
           366	2024-11-09 06:57:36	1	0	1	0
           398	2024-11-09 07:11:55	1	0	1	0
           643	2024-11-09 07:12:20	1	0	1	0
           460	2024-11-09 07:13:43	1	0	1	0
           581	2024-11-09 07:17:44	1	0	1	0
           566	2024-11-09 07:17:47	1	0	1	0
           635	2024-11-09 07:22:59	1	0	1	0
           642	2024-11-09 07:24:55	1	0	1	0
           360	2024-11-09 07:26:53	1	0	1	0
           582	2024-11-09 07:39:24	1	0	1	0
            70	2024-11-09 07:55:56	1	0	1	0
           417	2024-11-09 07:58:24	1	0	15	0
           492	2024-11-09 08:58:48	1	0	1	0
           581	2024-11-09 11:32:24	1	0	15	0
           632	2024-11-09 11:32:52	1	0	1	0
           387	2024-11-09 11:33:40	1	0	15	0
           422	2024-11-09 11:33:48	1	0	1	0
           196	2024-11-09 11:34:54	1	0	1	0
           360	2024-11-09 11:35:33	1	0	1	0
           366	2024-11-09 11:35:39	1	0	1	0
           642	2024-11-09 11:37:16	1	0	1	0
           643	2024-11-09 11:37:22	1	0	15	0
           566	2024-11-09 11:38:08	1	0	1	0
           582	2024-11-09 11:39:09	1	0	1	0
           123	2024-11-09 11:39:25	1	0	1	0
           360	2024-11-09 11:54:52	1	0	1	0
           366	2024-11-09 11:55:07	1	0	1	0
           123	2024-11-09 11:55:21	1	0	1	0
           582	2024-11-09 11:55:34	1	0	1	0
           642	2024-11-09 11:55:43	1	0	1	0
           632	2024-11-09 11:56:03	1	0	1	0
           643	2024-11-09 11:56:29	1	0	15	0
           581	2024-11-09 12:02:05	1	0	1	0
           196	2024-11-09 12:02:11	1	0	1	0
           422	2024-11-09 12:02:18	1	0	1	0
           387	2024-11-09 12:02:30	1	0	15	0
           460	2024-11-09 12:02:52	1	0	1	0
           417	2024-11-09 12:16:30	1	0	15	0
           566	2024-11-09 12:21:40	1	0	1	0
           460	2024-11-09 12:30:59	1	0	1	0
           398	2024-11-09 12:34:39	1	0	1	0
           417	2024-11-09 12:45:36	1	0	1	0
           398	2024-11-09 12:49:53	1	0	15	0
           620	2024-11-09 13:08:10	1	0	1	0
           418	2024-11-09 13:57:39	1	0	1	0
           567	2024-11-09 15:02:14	1	0	1	0
            70	2024-11-09 16:00:09	1	0	1	0
           581	2024-11-09 17:00:39	1	0	1	0
           196	2024-11-09 17:00:47	1	0	1	0
           417	2024-11-09 17:01:25	1	0	15	0
           632	2024-11-09 17:01:34	1	0	1	0
           582	2024-11-09 17:01:39	1	0	1	0
           366	2024-11-09 17:01:48	1	0	1	0
           642	2024-11-09 17:01:56	1	0	1	0
           387	2024-11-09 17:02:18	1	0	15	0
           422	2024-11-09 17:02:24	1	0	1	0
           635	2024-11-09 17:02:31	1	0	1	0
           360	2024-11-09 17:03:40	1	0	1	0
           460	2024-11-09 17:03:59	1	0	1	0
           566	2024-11-09 17:04:36	1	0	1	0
           643	2024-11-09 17:07:00	1	0	15	0
           123	2024-11-09 17:07:10	1	0	1	0
           492	2024-11-09 17:18:33	1	0	1	0
           643	2024-11-09 17:46:30	1	0	1	0
           123	2024-11-09 17:46:38	1	0	1	0
           366	2024-11-09 17:46:46	1	0	1	0
           566	2024-11-09 17:46:51	1	0	1	0
           642	2024-11-09 17:51:53	1	0	1	0
           635	2024-11-09 18:00:30	1	0	1	0
           635	2024-11-09 19:32:03	1	0	1	0
           398	2024-11-09 20:11:29	1	0	1	0
           643	2024-11-09 22:00:24	1	0	15	0
           366	2024-11-09 22:00:32	1	0	1	0
           642	2024-11-09 22:00:47	1	0	1	0
           566	2024-11-09 22:00:52	1	0	1	0
           620	2024-11-09 22:01:19	1	0	1	0
           123	2024-11-09 22:01:29	1	0	1	0
           418	2024-11-09 22:06:17	1	0	1	0
           305	2024-11-09 22:37:23	1	0	1	0
           567	2024-11-10 05:58:11	1	0	1	0
           123	2024-11-10 06:07:29	1	0	1	0
           620	2024-11-10 06:19:46	1	0	1	0
           305	2024-11-10 07:00:55	1	0	1	0
           366	2024-11-10 07:15:14	1	0	1	0
           398	2024-11-10 07:20:25	1	0	1	0
           582	2024-11-10 07:41:20	1	0	1	0
           366	2024-11-10 11:31:33	1	0	1	0
           123	2024-11-10 11:31:47	1	0	1	0
           582	2024-11-10 11:31:59	1	0	1	0
           366	2024-11-10 11:54:17	1	0	15	0
           123	2024-11-10 11:54:42	1	0	1	0
           567	2024-11-10 14:02:37	1	0	1	0
           418	2024-11-10 14:05:21	1	0	1	0
           620	2024-11-10 15:01:18	1	0	1	0
           366	2024-11-10 17:01:06	1	0	15	0
           123	2024-11-10 17:03:49	1	0	1	0
           398	2024-11-10 17:07:23	1	0	1	0
           305	2024-11-10 21:31:34	1	0	1	0
           418	2024-11-10 22:01:51	1	0	1	0
           124	2024-11-10 22:21:10	1	0	15	0
           620	2024-11-11 05:26:46	1	0	1	0
           305	2024-11-11 06:00:06	1	0	1	0
           646	2024-11-11 06:03:55	1	0	1	0
           337	2024-11-11 06:08:05	1	0	1	0
           123	2024-11-11 06:10:25	1	0	1	0
           196	2024-11-11 06:20:48	1	0	1	0
           119	2024-11-11 06:20:58	1	0	15	0
           632	2024-11-11 06:21:12	1	0	1	0
           335	2024-11-11 06:21:31	1	0	1	0
            88	2024-11-11 06:26:08	1	0	1	0
           600	2024-11-11 06:27:33	1	0	1	0
           422	2024-11-11 06:38:24	1	0	1	0
           387	2024-11-11 06:39:10	1	0	15	0
           664	2024-11-11 06:45:02	1	0	1	0
           606	2024-11-11 06:49:39	1	0	1	0
           398	2024-11-11 06:51:20	1	0	1	0
           645	2024-11-11 06:51:30	1	0	1	0
           660	2024-11-11 06:56:14	1	0	1	0
           460	2024-11-11 06:58:07	1	0	1	0
           184	2024-11-11 06:59:33	1	0	1	0
           146	2024-11-11 06:59:38	1	0	15	0
            93	2024-11-11 07:01:23	1	0	1	0
           413	2024-11-11 07:02:08	1	0	4	0
           149	2024-11-11 07:02:45	1	0	1	0
           314	2024-11-11 07:03:56	1	0	1	0
           182	2024-11-11 07:05:59	1	0	1	0
            37	2024-11-11 07:06:10	1	0	1	0
           566	2024-11-11 07:06:42	1	0	1	0
           573	2024-11-11 07:07:56	1	0	1	0
           418	2024-11-11 07:09:19	1	0	1	0
           366	2024-11-11 07:10:08	1	0	1	0
           581	2024-11-11 07:11:41	1	0	1	0
           360	2024-11-11 07:11:47	1	0	1	0
           124	2024-11-11 07:13:44	1	0	15	0
           582	2024-11-11 07:15:25	1	0	1	0
           227	2024-11-11 07:16:45	1	0	15	0
           642	2024-11-11 07:17:36	1	0	1	0
           643	2024-11-11 07:17:50	1	0	1	0
           187	2024-11-11 07:19:54	1	0	1	0
           492	2024-11-11 07:20:20	1	0	1	0
           101	2024-11-11 07:21:47	1	0	1	0
           125	2024-11-11 07:22:10	1	0	1	0
           659	2024-11-11 07:23:15	1	0	1	0
           485	2024-11-11 07:23:27	1	0	1	0
           115	2024-11-11 07:24:33	1	0	1	0
           546	2024-11-11 07:24:37	1	0	1	0
           465	2024-11-11 07:24:43	1	0	1	0
            75	2024-11-11 07:24:50	1	0	1	0
           631	2024-11-11 07:24:58	1	0	1	0
           397	2024-11-11 07:25:04	1	0	1	0
           601	2024-11-11 07:25:10	1	0	1	0
            77	2024-11-11 07:26:06	1	0	1	0
            53	2024-11-11 07:26:55	1	0	1	0
           579	2024-11-11 07:29:29	1	0	1	0
           265	2024-11-11 07:29:57	1	0	1	0
            95	2024-11-11 07:31:15	1	0	1	0
            83	2024-11-11 07:32:09	1	0	1	0
           338	2024-11-11 07:34:08	1	0	1	0
           252	2024-11-11 07:34:35	1	0	15	0
           355	2024-11-11 07:35:30	1	0	1	0
           493	2024-11-11 07:35:38	1	0	1	0
           434	2024-11-11 07:36:57	1	0	1	0
           663	2024-11-11 07:38:22	1	0	1	0
           259	2024-11-11 07:38:41	1	0	15	0
           205	2024-11-11 07:38:47	1	0	1	0
           541	2024-11-11 07:39:00	1	0	1	0
            39	2024-11-11 07:40:24	1	0	1	0
            87	2024-11-11 07:40:36	1	0	1	0
            38	2024-11-11 07:40:59	1	0	1	0
            73	2024-11-11 07:41:20	1	0	1	0
           640	2024-11-11 07:41:31	1	0	1	0
           523	2024-11-11 07:41:44	1	0	1	0
           655	2024-11-11 07:43:14	1	0	1	0
            86	2024-11-11 07:43:21	1	0	15	0
           183	2024-11-11 07:43:43	1	0	1	0
           105	2024-11-11 07:43:49	1	0	1	0
           556	2024-11-11 07:44:03	1	0	1	0
            27	2024-11-11 07:44:31	1	0	15	0
           453	2024-11-11 07:44:39	1	0	15	0
           404	2024-11-11 07:44:49	1	0	1	0
           361	2024-11-11 07:44:55	1	0	1	0
           408	2024-11-11 07:45:06	1	0	1	0
            74	2024-11-11 07:45:17	1	0	1	0
           363	2024-11-11 07:46:20	1	0	1	0
           580	2024-11-11 07:46:36	1	0	1	0
           370	2024-11-11 07:46:45	1	0	1	0
           288	2024-11-11 07:47:14	1	0	1	0
           194	2024-11-11 07:47:18	1	0	1	0
           583	2024-11-11 07:48:27	1	0	1	0
           399	2024-11-11 07:49:22	1	0	1	0
           635	2024-11-11 07:50:10	1	0	1	0
           374	2024-11-11 07:50:28	1	0	1	0
           604	2024-11-11 07:50:55	1	0	1	0
           593	2024-11-11 07:51:02	1	0	1	0
           444	2024-11-11 07:51:07	1	0	1	0
           467	2024-11-11 07:52:13	1	0	1	0
           562	2024-11-11 07:52:28	1	0	1	0
           516	2024-11-11 07:53:20	1	0	1	0
           529	2024-11-11 07:53:39	1	0	1	0
            69	2024-11-11 07:53:44	1	0	1	0
           405	2024-11-11 07:53:59	1	0	1	0
            70	2024-11-11 07:54:44	1	0	1	0
           236	2024-11-11 07:55:33	1	0	1	0
           637	2024-11-11 07:55:48	1	0	1	0
           648	2024-11-11 07:56:21	1	0	1	0
            55	2024-11-11 07:56:45	1	0	1	0
           275	2024-11-11 07:56:53	1	0	1	0
           206	2024-11-11 07:57:00	1	0	1	0
           414	2024-11-11 07:57:04	1	0	1	0
           502	2024-11-11 07:57:08	1	0	1	0
           121	2024-11-11 07:57:48	1	0	1	0
           511	2024-11-11 07:58:22	1	0	1	0
           312	2024-11-11 07:59:35	1	0	1	0
           623	2024-11-11 08:00:07	1	0	1	0
           513	2024-11-11 08:01:15	1	0	1	0
           417	2024-11-11 08:04:00	1	0	1	0
           331	2024-11-11 08:04:28	1	0	1	0
           586	2024-11-11 08:11:08	1	0	1	0
           460	2024-11-11 11:05:52	1	0	1	0
           460	2024-11-11 11:27:27	1	0	1	0
           387	2024-11-11 11:32:32	1	0	15	0
           600	2024-11-11 11:34:37	1	0	1	0
           119	2024-11-11 11:34:43	1	0	15	0
           642	2024-11-11 11:35:50	1	0	1	0
           643	2024-11-11 11:35:55	1	0	15	0
           582	2024-11-11 11:36:56	1	0	1	0
           646	2024-11-11 11:37:01	1	0	1	0
           581	2024-11-11 11:37:15	1	0	1	0
           632	2024-11-11 11:37:24	1	0	1	0
           645	2024-11-11 11:37:46	1	0	1	0
           366	2024-11-11 11:37:54	1	0	1	0
           360	2024-11-11 11:38:02	1	0	1	0
           196	2024-11-11 11:38:09	1	0	1	0
           422	2024-11-11 11:38:18	1	0	1	0
           123	2024-11-11 11:38:37	1	0	1	0
           566	2024-11-11 11:40:14	1	0	1	0
           664	2024-11-11 11:40:24	1	0	1	0
           337	2024-11-11 11:52:29	1	0	1	0
           115	2024-11-11 11:52:35	1	0	1	0
           579	2024-11-11 11:52:45	1	0	1	0
           314	2024-11-11 11:52:52	1	0	1	0
           573	2024-11-11 11:52:57	1	0	1	0
           546	2024-11-11 11:53:42	1	0	1	0
            74	2024-11-11 12:00:05	1	0	1	0
           493	2024-11-11 12:00:09	1	0	1	0
           404	2024-11-11 12:00:16	1	0	1	0
            39	2024-11-11 12:00:24	1	0	1	0
           252	2024-11-11 12:00:30	1	0	15	0
           582	2024-11-11 12:00:37	1	0	1	0
           119	2024-11-11 12:00:44	1	0	15	0
           413	2024-11-11 12:00:52	1	0	4	0
           581	2024-11-11 12:00:57	1	0	1	0
           360	2024-11-11 12:01:01	1	0	1	0
            37	2024-11-11 12:01:19	1	0	1	0
           397	2024-11-11 12:01:29	1	0	1	0
           600	2024-11-11 12:01:33	1	0	1	0
           663	2024-11-11 12:01:38	1	0	1	0
           660	2024-11-11 12:01:42	1	0	1	0
           184	2024-11-11 12:01:45	1	0	1	0
           467	2024-11-11 12:01:52	1	0	1	0
           366	2024-11-11 12:02:01	1	0	1	0
            40	2024-11-11 12:02:07	1	0	1	0
           422	2024-11-11 12:02:12	1	0	1	0
           387	2024-11-11 12:02:19	1	0	15	0
           259	2024-11-11 12:02:26	1	0	15	0
           196	2024-11-11 12:02:30	1	0	1	0
           541	2024-11-11 12:02:35	1	0	1	0
            93	2024-11-11 12:02:45	1	0	1	0
           183	2024-11-11 12:02:52	1	0	1	0
           182	2024-11-11 12:02:59	1	0	1	0
           637	2024-11-11 12:03:06	1	0	1	0
           623	2024-11-11 12:03:13	1	0	1	0
           593	2024-11-11 12:03:17	1	0	1	0
           511	2024-11-11 12:03:22	1	0	1	0
            87	2024-11-11 12:03:29	1	0	1	0
            53	2024-11-11 12:03:43	1	0	1	0
           635	2024-11-11 12:04:02	1	0	1	0
            69	2024-11-11 12:04:08	1	0	1	0
           643	2024-11-11 12:04:14	1	0	1	0
           606	2024-11-11 12:04:25	1	0	1	0
           374	2024-11-11 12:04:34	1	0	1	0
           265	2024-11-11 12:04:38	1	0	1	0
           601	2024-11-11 12:04:41	1	0	1	0
            77	2024-11-11 12:04:48	1	0	1	0
           645	2024-11-11 12:04:54	1	0	1	0
            38	2024-11-11 12:05:04	1	0	1	0
           123	2024-11-11 12:05:13	1	0	1	0
           583	2024-11-11 12:05:21	1	0	1	0
           444	2024-11-11 12:05:27	1	0	1	0
           640	2024-11-11 12:05:32	1	0	1	0
            88	2024-11-11 12:05:41	1	0	15	0
           566	2024-11-11 12:05:48	1	0	1	0
           646	2024-11-11 12:05:55	1	0	1	0
           655	2024-11-11 12:06:00	1	0	1	0
           556	2024-11-11 12:06:08	1	0	1	0
           631	2024-11-11 12:06:13	1	0	1	0
           331	2024-11-11 12:06:19	1	0	1	0
           399	2024-11-11 12:06:25	1	0	1	0
           408	2024-11-11 12:06:46	1	0	1	0
           338	2024-11-11 12:06:48	1	0	1	0
            73	2024-11-11 12:07:18	1	0	1	0
           664	2024-11-11 12:07:28	1	0	1	0
            27	2024-11-11 12:07:47	1	0	15	0
           453	2024-11-11 12:07:55	1	0	1	0
           370	2024-11-11 12:08:02	1	0	1	0
           586	2024-11-11 12:08:08	1	0	1	0
           648	2024-11-11 12:08:14	1	0	1	0
           465	2024-11-11 12:08:20	1	0	1	0
            75	2024-11-11 12:08:31	1	0	1	0
           355	2024-11-11 12:08:40	1	0	1	0
           523	2024-11-11 12:08:47	1	0	1	0
           121	2024-11-11 12:08:50	1	0	1	0
           288	2024-11-11 12:08:55	1	0	1	0
           236	2024-11-11 12:09:05	1	0	1	0
           275	2024-11-11 12:09:24	1	0	1	0
           206	2024-11-11 12:09:52	1	0	1	0
           580	2024-11-11 12:10:44	1	0	1	0
           337	2024-11-11 12:11:08	1	0	15	0
           546	2024-11-11 12:11:14	1	0	1	0
           115	2024-11-11 12:11:20	1	0	1	0
           573	2024-11-11 12:11:24	1	0	1	0
           314	2024-11-11 12:11:38	1	0	1	0
           513	2024-11-11 12:11:43	1	0	1	0
            83	2024-11-11 12:12:13	1	0	1	0
           579	2024-11-11 12:12:21	1	0	1	0
           335	2024-11-11 12:13:23	1	0	1	0
            86	2024-11-11 12:13:47	1	0	1	0
           187	2024-11-11 12:14:01	1	0	1	0
           312	2024-11-11 12:14:36	1	0	1	0
           434	2024-11-11 12:14:40	1	0	1	0
           632	2024-11-11 12:16:00	1	0	1	0
           659	2024-11-11 12:16:41	1	0	1	0
            37	2024-11-11 12:17:45	1	0	1	0
           413	2024-11-11 12:18:24	1	0	4	0
           101	2024-11-11 12:18:35	1	0	1	0
           252	2024-11-11 12:18:43	1	0	15	0
            87	2024-11-11 12:19:18	1	0	1	0
           493	2024-11-11 12:19:32	1	0	1	0
            53	2024-11-11 12:20:04	1	0	1	0
           259	2024-11-11 12:20:12	1	0	15	0
            77	2024-11-11 12:21:02	1	0	1	0
           265	2024-11-11 12:21:15	1	0	15	0
           529	2024-11-11 12:22:09	1	0	15	0
           444	2024-11-11 12:22:15	1	0	1	0
           640	2024-11-11 12:22:20	1	0	1	0
           374	2024-11-11 12:22:30	1	0	1	0
           623	2024-11-11 12:23:04	1	0	1	0
           511	2024-11-11 12:23:07	1	0	1	0
           465	2024-11-11 12:23:21	1	0	1	0
            75	2024-11-11 12:23:34	1	0	1	0
           105	2024-11-11 12:23:44	1	0	1	0
           183	2024-11-11 12:24:08	1	0	1	0
            93	2024-11-11 12:24:14	1	0	1	0
           149	2024-11-11 12:24:40	1	0	15	0
           194	2024-11-11 12:26:33	1	0	1	0
           121	2024-11-11 12:27:15	1	0	1	0
            55	2024-11-11 12:27:37	1	0	1	0
           370	2024-11-11 12:27:45	1	0	1	0
           502	2024-11-11 12:30:35	1	0	1	0
           631	2024-11-11 12:30:52	1	0	1	0
           335	2024-11-11 12:31:36	1	0	1	0
           580	2024-11-11 12:31:58	1	0	1	0
            73	2024-11-11 12:32:05	1	0	1	0
            38	2024-11-11 12:32:23	1	0	1	0
            69	2024-11-11 12:33:08	1	0	1	0
            86	2024-11-11 12:33:14	1	0	1	0
           331	2024-11-11 12:34:06	1	0	1	0
           146	2024-11-11 12:34:13	1	0	15	0
           187	2024-11-11 12:34:24	1	0	1	0
            88	2024-11-11 12:34:49	1	0	1	0
           275	2024-11-11 12:34:56	1	0	1	0
           206	2024-11-11 12:35:12	1	0	1	0
           467	2024-11-11 12:35:46	1	0	1	0
           405	2024-11-11 12:36:14	1	0	1	0
           361	2024-11-11 12:36:19	1	0	1	0
           363	2024-11-11 12:36:24	1	0	1	0
           101	2024-11-11 12:36:55	1	0	1	0
           604	2024-11-11 12:37:07	1	0	1	0
           125	2024-11-11 12:37:17	1	0	1	0
           635	2024-11-11 12:37:47	1	0	1	0
           601	2024-11-11 12:39:30	1	0	1	0
           606	2024-11-11 12:40:46	1	0	1	0
           492	2024-11-11 12:40:50	1	0	1	0
            27	2024-11-11 12:41:18	1	0	15	0
           453	2024-11-11 12:41:27	1	0	1	0
           516	2024-11-11 12:41:33	1	0	1	0
           583	2024-11-11 12:41:41	1	0	1	0
           434	2024-11-11 12:41:54	1	0	1	0
            83	2024-11-11 12:42:44	1	0	1	0
           593	2024-11-11 12:44:01	1	0	1	0
            55	2024-11-11 12:45:09	1	0	1	0
           414	2024-11-11 12:45:31	1	0	1	0
           655	2024-11-11 12:45:37	1	0	1	0
           397	2024-11-11 12:45:47	1	0	1	0
           660	2024-11-11 12:45:50	1	0	1	0
           663	2024-11-11 12:45:55	1	0	1	0
            39	2024-11-11 12:46:46	1	0	1	0
           200	2024-11-11 12:47:32	1	0	1	0
           642	2024-11-11 12:47:36	1	0	1	0
           182	2024-11-11 12:49:51	1	0	1	0
           408	2024-11-11 12:49:59	1	0	1	0
           146	2024-11-11 12:50:07	1	0	15	0
           637	2024-11-11 12:50:18	1	0	1	0
           404	2024-11-11 12:50:24	1	0	1	0
           659	2024-11-11 12:53:06	1	0	1	0
           361	2024-11-11 12:53:54	1	0	1	0
           417	2024-11-11 12:54:08	1	0	15	0
           363	2024-11-11 12:54:14	1	0	1	0
            74	2024-11-11 12:54:25	1	0	1	0
           523	2024-11-11 12:54:38	1	0	1	0
           405	2024-11-11 12:54:50	1	0	1	0
           355	2024-11-11 12:54:57	1	0	1	0
            40	2024-11-11 12:55:26	1	0	1	0
           604	2024-11-11 12:56:11	1	0	1	0
           125	2024-11-11 12:56:19	1	0	1	0
           492	2024-11-11 12:56:22	1	0	1	0
           516	2024-11-11 12:56:36	1	0	1	0
           194	2024-11-11 12:57:44	1	0	1	0
           648	2024-11-11 12:57:50	1	0	1	0
           586	2024-11-11 12:57:56	1	0	1	0
           529	2024-11-11 12:59:28	1	0	1	0
           236	2024-11-11 13:00:21	1	0	1	0
           399	2024-11-11 13:04:36	1	0	1	0
           200	2024-11-11 13:05:22	1	0	1	0
           485	2024-11-11 13:14:17	1	0	1	0
           485	2024-11-11 13:37:19	1	0	1	0
           620	2024-11-11 14:10:12	1	0	1	0
           305	2024-11-11 14:41:10	1	0	1	0
           418	2024-11-11 15:02:57	1	0	1	0
            93	2024-11-11 16:04:27	1	0	1	0
            70	2024-11-11 16:07:01	1	0	1	0
           413	2024-11-11 16:10:13	1	0	4	0
           460	2024-11-11 16:42:10	1	0	1	0
            88	2024-11-11 16:43:33	1	0	1	0
           581	2024-11-11 17:00:05	1	0	1	0
           593	2024-11-11 17:00:08	1	0	1	0
           511	2024-11-11 17:00:11	1	0	1	0
           360	2024-11-11 17:00:18	1	0	1	0
           366	2024-11-11 17:00:23	1	0	1	0
           664	2024-11-11 17:00:28	1	0	1	0
           645	2024-11-11 17:00:41	1	0	1	0
           331	2024-11-11 17:00:59	1	0	1	0
           637	2024-11-11 17:01:07	1	0	1	0
            37	2024-11-11 17:01:29	1	0	1	0
           422	2024-11-11 17:01:34	1	0	1	0
           387	2024-11-11 17:01:41	1	0	15	0
           288	2024-11-11 17:01:47	1	0	1	0
           600	2024-11-11 17:01:53	1	0	1	0
           631	2024-11-11 17:02:03	1	0	1	0
            77	2024-11-11 17:02:11	1	0	1	0
           562	2024-11-11 17:02:20	1	0	1	0
           523	2024-11-11 17:02:27	1	0	1	0
           566	2024-11-11 17:02:32	1	0	1	0
            53	2024-11-11 17:03:21	1	0	1	0
           149	2024-11-11 17:03:28	1	0	1	0
           236	2024-11-11 17:04:00	1	0	1	0
           642	2024-11-11 17:04:06	1	0	1	0
           632	2024-11-11 17:04:20	1	0	1	0
           660	2024-11-11 17:04:25	1	0	1	0
           663	2024-11-11 17:04:28	1	0	1	0
           659	2024-11-11 17:04:35	1	0	1	0
           397	2024-11-11 17:04:46	1	0	1	0
           556	2024-11-11 17:04:49	1	0	1	0
           252	2024-11-11 17:04:58	1	0	15	0
           184	2024-11-11 17:05:06	1	0	1	0
           643	2024-11-11 17:05:16	1	0	1	0
           194	2024-11-11 17:05:23	1	0	1	0
           227	2024-11-11 17:05:59	1	0	15	0
           493	2024-11-11 17:06:11	1	0	1	0
            27	2024-11-11 17:07:42	1	0	15	0
           582	2024-11-11 17:07:53	1	0	1	0
           101	2024-11-11 17:07:58	1	0	1	0
           370	2024-11-11 17:08:06	1	0	1	0
           646	2024-11-11 17:08:25	1	0	1	0
           123	2024-11-11 17:08:30	1	0	1	0
            74	2024-11-11 17:08:39	1	0	1	0
           399	2024-11-11 17:08:47	1	0	1	0
           453	2024-11-11 17:08:54	1	0	1	0
           119	2024-11-11 17:09:10	1	0	15	0
           635	2024-11-11 17:09:16	1	0	1	0
            38	2024-11-11 17:09:24	1	0	1	0
           583	2024-11-11 17:09:34	1	0	1	0
           182	2024-11-11 17:10:08	1	0	1	0
            40	2024-11-11 17:10:14	1	0	1	0
           573	2024-11-11 17:10:34	1	0	1	0
           554	2024-11-11 17:10:40	1	0	1	0
           586	2024-11-11 17:10:48	1	0	1	0
           648	2024-11-11 17:10:53	1	0	1	0
           513	2024-11-11 17:10:59	1	0	1	0
           579	2024-11-11 17:11:23	1	0	1	0
           187	2024-11-11 17:11:38	1	0	1	0
            86	2024-11-11 17:11:43	1	0	1	0
           604	2024-11-11 17:11:50	1	0	1	0
           374	2024-11-11 17:11:58	1	0	1	0
           601	2024-11-11 17:12:01	1	0	1	0
           640	2024-11-11 17:12:15	1	0	1	0
           529	2024-11-11 17:12:22	1	0	1	0
           115	2024-11-11 17:12:28	1	0	1	0
           146	2024-11-11 17:12:35	1	0	15	0
           337	2024-11-11 17:12:43	1	0	1	0
           546	2024-11-11 17:12:47	1	0	1	0
           623	2024-11-11 17:12:53	1	0	1	0
            39	2024-11-11 17:13:49	1	0	1	0
           434	2024-11-11 17:15:09	1	0	1	0
            95	2024-11-11 17:16:36	1	0	1	0
           355	2024-11-11 17:17:01	1	0	1	0
           580	2024-11-11 17:17:23	1	0	1	0
           405	2024-11-11 17:17:47	1	0	1	0
           361	2024-11-11 17:18:14	1	0	1	0
           492	2024-11-11 17:19:32	1	0	1	0
           516	2024-11-11 17:19:37	1	0	1	0
           265	2024-11-11 17:19:55	1	0	1	0
           196	2024-11-11 17:20:50	1	0	1	0
            73	2024-11-11 17:21:18	1	0	1	0
           404	2024-11-11 17:21:54	1	0	1	0
           335	2024-11-11 17:22:53	1	0	1	0
            69	2024-11-11 17:23:13	1	0	1	0
           606	2024-11-11 17:28:21	1	0	1	0
            55	2024-11-11 17:34:50	1	0	1	0
           492	2024-11-11 17:35:20	1	0	1	0
           516	2024-11-11 17:35:30	1	0	1	0
           583	2024-11-11 17:35:36	1	0	1	0
           467	2024-11-11 17:35:50	1	0	1	0
            83	2024-11-11 17:36:49	1	0	1	0
           105	2024-11-11 17:37:07	1	0	1	0
           444	2024-11-11 17:41:33	1	0	1	0
           312	2024-11-11 17:45:37	1	0	1	0
           408	2024-11-11 17:45:41	1	0	1	0
           338	2024-11-11 17:45:45	1	0	1	0
           556	2024-11-11 17:46:18	1	0	1	0
           646	2024-11-11 17:47:39	1	0	1	0
           123	2024-11-11 17:47:46	1	0	1	0
           582	2024-11-11 17:48:02	1	0	1	0
           541	2024-11-11 17:58:09	1	0	1	0
           183	2024-11-11 18:02:24	1	0	1	0
           314	2024-11-11 18:02:42	1	0	1	0
           125	2024-11-11 18:03:19	1	0	1	0
            87	2024-11-11 18:03:32	1	0	1	0
           259	2024-11-11 18:03:48	1	0	15	0
           121	2024-11-11 18:05:44	1	0	1	0
           398	2024-11-11 18:07:01	1	0	1	0
           275	2024-11-11 18:13:03	1	0	1	0
           206	2024-11-11 18:13:24	1	0	1	0
           502	2024-11-11 18:21:16	1	0	1	0
           485	2024-11-11 18:23:21	1	0	1	0
           417	2024-11-11 18:24:38	1	0	15	0
           363	2024-11-11 18:24:47	1	0	1	0
           205	2024-11-11 18:26:40	1	0	1	0
           655	2024-11-11 19:24:47	1	0	1	0
           200	2024-11-11 21:12:26	1	0	1	0
           124	2024-11-11 21:30:02	1	0	15	0
           583	2024-11-11 22:00:16	1	0	1	0
           582	2024-11-11 22:05:22	1	0	1	0
           492	2024-11-11 22:05:38	1	0	1	0
           516	2024-11-11 22:05:47	1	0	1	0
           556	2024-11-11 22:05:54	1	0	1	0
           646	2024-11-11 22:06:16	1	0	1	0
           123	2024-11-11 22:07:12	1	0	1	0
           414	2024-11-11 22:20:19	1	0	1	0
           465	2024-11-11 22:25:19	1	0	1	0
            75	2024-11-11 22:25:26	1	0	1	0
           305	2024-11-11 23:00:10	1	0	1	0
           124	2024-11-12 06:00:10	1	0	15	0
           337	2024-11-12 06:00:56	1	0	1	0
           119	2024-11-12 06:02:10	1	0	15	0
           196	2024-11-12 06:02:19	1	0	1	0
           632	2024-11-12 06:03:12	1	0	1	0
           418	2024-11-12 06:12:08	1	0	1	0
           123	2024-11-12 06:15:43	1	0	1	0
           664	2024-11-12 06:30:28	1	0	1	0
           182	2024-11-12 06:35:55	1	0	1	0
           600	2024-11-12 06:36:06	1	0	1	0
           187	2024-11-12 06:37:22	1	0	1	0
            88	2024-11-12 06:38:18	1	0	1	0
           387	2024-11-12 06:40:02	1	0	15	0
           646	2024-11-12 06:47:20	1	0	1	0
           422	2024-11-12 06:47:53	1	0	1	0
           606	2024-11-12 06:49:25	1	0	1	0
           366	2024-11-12 06:51:56	1	0	1	0
           460	2024-11-12 06:55:53	1	0	1	0
           413	2024-11-12 06:57:06	1	0	4	0
            95	2024-11-12 07:04:44	1	0	1	0
            93	2024-11-12 07:04:52	1	0	1	0
           573	2024-11-12 07:05:47	1	0	1	0
           184	2024-11-12 07:07:14	1	0	1	0
           146	2024-11-12 07:07:18	1	0	15	0
           631	2024-11-12 07:09:09	1	0	1	0
           492	2024-11-12 07:12:15	1	0	1	0
           335	2024-11-12 07:12:29	1	0	1	0
           546	2024-11-12 07:13:17	1	0	1	0
            75	2024-11-12 07:14:02	1	0	1	0
            37	2024-11-12 07:16:23	1	0	1	0
           227	2024-11-12 07:16:32	1	0	15	0
           149	2024-11-12 07:17:12	1	0	1	0
           360	2024-11-12 07:17:42	1	0	1	0
           581	2024-11-12 07:18:45	1	0	1	0
           642	2024-11-12 07:19:45	1	0	1	0
           643	2024-11-12 07:19:52	1	0	1	0
           414	2024-11-12 07:20:32	1	0	1	0
           259	2024-11-12 07:23:22	1	0	15	0
           582	2024-11-12 07:23:29	1	0	1	0
           405	2024-11-12 07:25:12	1	0	1	0
           194	2024-11-12 07:25:26	1	0	1	0
           288	2024-11-12 07:25:34	1	0	15	0
            77	2024-11-12 07:25:48	1	0	1	0
           579	2024-11-12 07:26:50	1	0	1	0
           660	2024-11-12 07:27:11	1	0	1	0
            55	2024-11-12 07:27:29	1	0	1	0
           125	2024-11-12 07:29:16	1	0	1	0
           375	2024-11-12 07:31:55	1	0	1	0
           397	2024-11-12 07:32:00	1	0	1	0
           355	2024-11-12 07:32:29	1	0	1	0
           434	2024-11-12 07:32:45	1	0	1	0
           361	2024-11-12 07:34:06	1	0	1	0
           101	2024-11-12 07:35:35	1	0	1	0
           105	2024-11-12 07:37:22	1	0	1	0
           593	2024-11-12 07:37:31	1	0	1	0
           523	2024-11-12 07:38:04	1	0	1	0
           205	2024-11-12 07:39:47	1	0	1	0
           655	2024-11-12 07:40:04	1	0	1	0
            83	2024-11-12 07:40:18	1	0	1	0
           467	2024-11-12 07:40:29	1	0	1	0
           541	2024-11-12 07:40:38	1	0	1	0
           417	2024-11-12 07:41:02	1	0	15	0
           659	2024-11-12 07:41:28	1	0	1	0
            27	2024-11-12 07:42:09	1	0	15	0
           453	2024-11-12 07:42:23	1	0	1	0
           640	2024-11-12 07:43:23	1	0	1	0
           444	2024-11-12 07:43:51	1	0	1	0
           586	2024-11-12 07:43:57	1	0	1	0
           331	2024-11-12 07:44:04	1	0	1	0
           465	2024-11-12 07:45:54	1	0	1	0
           502	2024-11-12 07:45:59	1	0	1	0
           663	2024-11-12 07:46:43	1	0	1	0
           370	2024-11-12 07:47:00	1	0	1	0
            74	2024-11-12 07:47:27	1	0	1	0
           363	2024-11-12 07:49:25	1	0	1	0
            70	2024-11-12 07:50:04	1	0	15	0
           476	2024-11-12 07:50:10	1	0	1	0
           637	2024-11-12 07:50:16	1	0	1	0
           338	2024-11-12 07:50:24	1	0	1	0
            53	2024-11-12 07:50:31	1	0	1	0
           511	2024-11-12 07:51:02	1	0	1	0
            38	2024-11-12 07:51:09	1	0	1	0
            73	2024-11-12 07:51:30	1	0	1	0
            69	2024-11-12 07:53:22	1	0	1	0
           399	2024-11-12 07:53:29	1	0	1	0
            86	2024-11-12 07:53:35	1	0	1	0
           648	2024-11-12 07:53:50	1	0	1	0
           236	2024-11-12 07:54:50	1	0	1	0
           604	2024-11-12 07:56:54	1	0	1	0
            40	2024-11-12 07:57:22	1	0	1	0
           374	2024-11-12 07:57:56	1	0	1	0
           580	2024-11-12 07:59:33	1	0	1	0
           408	2024-11-12 08:00:15	1	0	1	0
           583	2024-11-12 08:02:42	1	0	1	0
           312	2024-11-12 08:02:45	1	0	1	0
           516	2024-11-12 08:05:21	1	0	1	0
           623	2024-11-12 08:15:15	1	0	1	0
           114	2024-11-12 08:20:06	1	0	1	0
            87	2024-11-12 08:32:08	1	0	1	0
           206	2024-11-12 08:44:28	1	0	1	0
           275	2024-11-12 08:44:33	1	0	1	0
           183	2024-11-12 08:47:54	1	0	1	0
           460	2024-11-12 11:01:38	1	0	1	0
           366	2024-11-12 11:31:12	1	0	1	0
           387	2024-11-12 11:31:50	1	0	15	0
           581	2024-11-12 11:32:11	1	0	1	0
           632	2024-11-12 11:32:15	1	0	1	0
           664	2024-11-12 11:32:34	1	0	1	0
           422	2024-11-12 11:33:37	1	0	1	0
           600	2024-11-12 11:35:26	1	0	1	0
           360	2024-11-12 11:35:41	1	0	1	0
           119	2024-11-12 11:37:39	1	0	15	0
           643	2024-11-12 11:37:49	1	0	15	0
           196	2024-11-12 11:38:03	1	0	1	0
           460	2024-11-12 11:40:57	1	0	1	0
           227	2024-11-12 11:45:10	1	0	15	0
           337	2024-11-12 11:49:37	1	0	1	0
           579	2024-11-12 11:49:43	1	0	1	0
           546	2024-11-12 11:49:47	1	0	1	0
           582	2024-11-12 11:50:46	1	0	1	0
           646	2024-11-12 11:50:53	1	0	1	0
           642	2024-11-12 11:51:13	1	0	1	0
           123	2024-11-12 11:52:23	1	0	1	0
           366	2024-11-12 11:55:08	1	0	1	0
           600	2024-11-12 11:55:28	1	0	1	0
           581	2024-11-12 11:55:35	1	0	1	0
           632	2024-11-12 11:55:39	1	0	1	0
           387	2024-11-12 12:00:08	1	0	15	0
           399	2024-11-12 12:00:18	1	0	1	0
           422	2024-11-12 12:00:25	1	0	1	0
           196	2024-11-12 12:00:30	1	0	1	0
           643	2024-11-12 12:00:49	1	0	15	0
           664	2024-11-12 12:00:59	1	0	1	0
           476	2024-11-12 12:01:04	1	0	1	0
           119	2024-11-12 12:01:18	1	0	15	0
           434	2024-11-12 12:01:25	1	0	1	0
           606	2024-11-12 12:01:36	1	0	1	0
            37	2024-11-12 12:01:43	1	0	1	0
           397	2024-11-12 12:01:47	1	0	1	0
            74	2024-11-12 12:01:52	1	0	1	0
           660	2024-11-12 12:01:58	1	0	1	0
           663	2024-11-12 12:02:02	1	0	1	0
            69	2024-11-12 12:02:07	1	0	1	0
            77	2024-11-12 12:02:12	1	0	1	0
           288	2024-11-12 12:02:19	1	0	1	0
           259	2024-11-12 12:02:22	1	0	15	0
           182	2024-11-12 12:02:29	1	0	1	0
           183	2024-11-12 12:02:37	1	0	1	0
            93	2024-11-12 12:02:47	1	0	1	0
           604	2024-11-12 12:02:53	1	0	1	0
           520	2024-11-12 12:03:01	1	0	1	0
           125	2024-11-12 12:03:08	1	0	1	0
           184	2024-11-12 12:03:12	1	0	1	0
           631	2024-11-12 12:03:17	1	0	1	0
           236	2024-11-12 12:03:25	1	0	1	0
            88	2024-11-12 12:03:38	1	0	1	0
           370	2024-11-12 12:03:44	1	0	1	0
           623	2024-11-12 12:03:52	1	0	15	0
           511	2024-11-12 12:03:57	1	0	1	0
           593	2024-11-12 12:04:00	1	0	1	0
           659	2024-11-12 12:04:40	1	0	1	0
           648	2024-11-12 12:04:43	1	0	1	0
           586	2024-11-12 12:04:48	1	0	1	0
            38	2024-11-12 12:04:54	1	0	1	0
            53	2024-11-12 12:05:01	1	0	1	0
           405	2024-11-12 12:05:30	1	0	1	0
           375	2024-11-12 12:05:38	1	0	1	0
           444	2024-11-12 12:05:43	1	0	1	0
           640	2024-11-12 12:05:52	1	0	1	0
           200	2024-11-12 12:06:02	1	0	1	0
           194	2024-11-12 12:06:06	1	0	1	0
           637	2024-11-12 12:06:13	1	0	1	0
           363	2024-11-12 12:06:18	1	0	1	0
           361	2024-11-12 12:06:24	1	0	1	0
           467	2024-11-12 12:06:31	1	0	1	0
           360	2024-11-12 12:06:37	1	0	1	0
           337	2024-11-12 12:06:44	1	0	1	0
            75	2024-11-12 12:06:58	1	0	1	0
           580	2024-11-12 12:08:04	1	0	1	0
           579	2024-11-12 12:08:13	1	0	1	0
           546	2024-11-12 12:08:17	1	0	1	0
           275	2024-11-12 12:09:38	1	0	1	0
           465	2024-11-12 12:10:13	1	0	1	0
           655	2024-11-12 12:10:19	1	0	1	0
           206	2024-11-12 12:10:33	1	0	1	0
            83	2024-11-12 12:11:24	1	0	1	0
           492	2024-11-12 12:11:35	1	0	1	0
           502	2024-11-12 12:11:41	1	0	1	0
            55	2024-11-12 12:11:54	1	0	1	0
           114	2024-11-12 12:12:03	1	0	1	0
           583	2024-11-12 12:12:54	1	0	1	0
           331	2024-11-12 12:13:11	1	0	1	0
           516	2024-11-12 12:13:33	1	0	1	0
           355	2024-11-12 12:13:48	1	0	1	0
           523	2024-11-12 12:14:23	1	0	1	0
           101	2024-11-12 12:15:08	1	0	1	0
           312	2024-11-12 12:15:25	1	0	1	0
           146	2024-11-12 12:16:16	1	0	15	0
           149	2024-11-12 12:16:58	1	0	1	0
           259	2024-11-12 12:17:45	1	0	15	0
            40	2024-11-12 12:18:29	1	0	1	0
            37	2024-11-12 12:18:50	1	0	1	0
            77	2024-11-12 12:18:56	1	0	1	0
           205	2024-11-12 12:19:04	1	0	1	0
           417	2024-11-12 12:19:31	1	0	15	0
           593	2024-11-12 12:20:01	1	0	1	0
           511	2024-11-12 12:20:06	1	0	1	0
           434	2024-11-12 12:20:11	1	0	1	0
           405	2024-11-12 12:20:33	1	0	1	0
           413	2024-11-12 12:20:35	1	0	4	0
           375	2024-11-12 12:20:40	1	0	1	0
            53	2024-11-12 12:21:22	1	0	1	0
           363	2024-11-12 12:21:32	1	0	1	0
           541	2024-11-12 12:21:37	1	0	1	0
            73	2024-11-12 12:21:51	1	0	1	0
           631	2024-11-12 12:21:59	1	0	1	0
           361	2024-11-12 12:22:33	1	0	1	0
            95	2024-11-12 12:23:53	1	0	1	0
           623	2024-11-12 12:24:40	1	0	1	0
           414	2024-11-12 12:24:49	1	0	1	0
           335	2024-11-12 12:25:46	1	0	1	0
           374	2024-11-12 12:26:57	1	0	1	0
            69	2024-11-12 12:27:07	1	0	1	0
           408	2024-11-12 12:28:54	1	0	1	0
           516	2024-11-12 12:29:36	1	0	1	0
           492	2024-11-12 12:29:41	1	0	1	0
           453	2024-11-12 12:30:45	1	0	1	0
            55	2024-11-12 12:31:00	1	0	1	0
           523	2024-11-12 12:31:06	1	0	1	0
            27	2024-11-12 12:31:28	1	0	15	0
            75	2024-11-12 12:31:49	1	0	1	0
           465	2024-11-12 12:31:54	1	0	1	0
           146	2024-11-12 12:32:46	1	0	15	0
           114	2024-11-12 12:34:37	1	0	1	0
           417	2024-11-12 12:34:47	1	0	1	0
            87	2024-11-12 12:35:52	1	0	1	0
           580	2024-11-12 12:35:58	1	0	1	0
           640	2024-11-12 12:36:42	1	0	1	0
           444	2024-11-12 12:36:47	1	0	1	0
           194	2024-11-12 12:36:53	1	0	1	0
           655	2024-11-12 12:37:07	1	0	1	0
           200	2024-11-12 12:37:28	1	0	1	0
            83	2024-11-12 12:37:31	1	0	1	0
           205	2024-11-12 12:37:38	1	0	1	0
           338	2024-11-12 12:37:48	1	0	1	0
           413	2024-11-12 12:38:38	1	0	4	0
           648	2024-11-12 12:38:55	1	0	1	0
           586	2024-11-12 12:39:01	1	0	1	0
           606	2024-11-12 12:39:09	1	0	1	0
           659	2024-11-12 12:40:05	1	0	1	0
           467	2024-11-12 12:40:09	1	0	1	0
           275	2024-11-12 12:40:21	1	0	1	0
           646	2024-11-12 12:41:18	1	0	1	0
           183	2024-11-12 12:41:25	1	0	1	0
           182	2024-11-12 12:41:36	1	0	1	0
            93	2024-11-12 12:41:42	1	0	1	0
           583	2024-11-12 12:41:48	1	0	1	0
           541	2024-11-12 12:42:17	1	0	1	0
           288	2024-11-12 12:42:29	1	0	1	0
           105	2024-11-12 12:42:53	1	0	1	0
            88	2024-11-12 12:43:42	1	0	1	0
           370	2024-11-12 12:43:50	1	0	1	0
           637	2024-11-12 12:43:57	1	0	1	0
           397	2024-11-12 12:45:29	1	0	1	0
           660	2024-11-12 12:45:34	1	0	1	0
           663	2024-11-12 12:45:39	1	0	1	0
           642	2024-11-12 12:45:49	1	0	1	0
           476	2024-11-12 12:46:22	1	0	1	0
           502	2024-11-12 12:47:09	1	0	1	0
           604	2024-11-12 12:47:56	1	0	1	0
           125	2024-11-12 12:48:08	1	0	1	0
           520	2024-11-12 12:48:26	1	0	1	0
           123	2024-11-12 12:48:36	1	0	1	0
            27	2024-11-12 12:49:46	1	0	15	0
           453	2024-11-12 12:49:59	1	0	1	0
            38	2024-11-12 12:50:36	1	0	1	0
           101	2024-11-12 12:51:07	1	0	1	0
            40	2024-11-12 12:51:26	1	0	1	0
           236	2024-11-12 12:51:52	1	0	1	0
           184	2024-11-12 12:52:11	1	0	1	0
           331	2024-11-12 12:53:01	1	0	1	0
            73	2024-11-12 12:53:16	1	0	1	0
           399	2024-11-12 12:54:34	1	0	1	0
           374	2024-11-12 12:55:10	1	0	1	0
           355	2024-11-12 12:55:53	1	0	1	0
            87	2024-11-12 12:58:20	1	0	1	0
           485	2024-11-12 13:00:40	1	0	1	0
           485	2024-11-12 13:22:34	1	0	1	0
           305	2024-11-12 13:47:37	1	0	1	0
           418	2024-11-12 14:06:55	1	0	1	0
           124	2024-11-12 15:00:25	1	0	15	0
            70	2024-11-12 16:06:19	1	0	1	0
           413	2024-11-12 16:09:24	1	0	4	0
            93	2024-11-12 16:09:36	1	0	1	0
           182	2024-11-12 16:33:10	1	0	1	0
           460	2024-11-12 16:51:38	1	0	1	0
            40	2024-11-12 17:00:07	1	0	1	0
           581	2024-11-12 17:00:17	1	0	1	0
           184	2024-11-12 17:00:21	1	0	1	0
            53	2024-11-12 17:00:35	1	0	1	0
            74	2024-11-12 17:00:47	1	0	1	0
           397	2024-11-12 17:00:50	1	0	1	0
           387	2024-11-12 17:01:01	1	0	15	0
           422	2024-11-12 17:01:09	1	0	1	0
           194	2024-11-12 17:01:18	1	0	1	0
            37	2024-11-12 17:01:23	1	0	1	0
           374	2024-11-12 17:01:29	1	0	1	0
           663	2024-11-12 17:01:33	1	0	1	0
           660	2024-11-12 17:01:39	1	0	1	0
           637	2024-11-12 17:01:44	1	0	1	0
           476	2024-11-12 17:01:49	1	0	1	0
           648	2024-11-12 17:01:54	1	0	1	0
           149	2024-11-12 17:02:07	1	0	1	0
           586	2024-11-12 17:02:12	1	0	1	0
           288	2024-11-12 17:02:18	1	0	1	0
           593	2024-11-12 17:02:22	1	0	1	0
           331	2024-11-12 17:02:26	1	0	1	0
           623	2024-11-12 17:02:32	1	0	1	0
           600	2024-11-12 17:02:40	1	0	1	0
           664	2024-11-12 17:02:47	1	0	1	0
           631	2024-11-12 17:02:55	1	0	1	0
            77	2024-11-12 17:03:00	1	0	15	0
           511	2024-11-12 17:03:14	1	0	1	0
           101	2024-11-12 17:03:26	1	0	1	0
           523	2024-11-12 17:04:21	1	0	1	0
            27	2024-11-12 17:04:46	1	0	15	0
           361	2024-11-12 17:04:52	1	0	1	0
           632	2024-11-12 17:05:01	1	0	1	0
           366	2024-11-12 17:05:27	1	0	1	0
           643	2024-11-12 17:05:39	1	0	1	0
           146	2024-11-12 17:05:45	1	0	15	0
           642	2024-11-12 17:06:01	1	0	1	0
           408	2024-11-12 17:06:06	1	0	1	0
           196	2024-11-12 17:06:13	1	0	1	0
           115	2024-11-12 17:06:21	1	0	1	0
           119	2024-11-12 17:06:31	1	0	15	0
           582	2024-11-12 17:06:36	1	0	1	0
           434	2024-11-12 17:06:47	1	0	1	0
           606	2024-11-12 17:08:21	1	0	1	0
           453	2024-11-12 17:08:27	1	0	1	0
           520	2024-11-12 17:08:34	1	0	1	0
           125	2024-11-12 17:08:41	1	0	1	0
           399	2024-11-12 17:08:53	1	0	1	0
           604	2024-11-12 17:09:00	1	0	1	0
           646	2024-11-12 17:09:13	1	0	1	0
           105	2024-11-12 17:09:20	1	0	1	0
           417	2024-11-12 17:09:37	1	0	15	0
           546	2024-11-12 17:09:49	1	0	1	0
           467	2024-11-12 17:09:53	1	0	1	0
           337	2024-11-12 17:10:05	1	0	1	0
           579	2024-11-12 17:10:10	1	0	1	0
           573	2024-11-12 17:10:16	1	0	1	0
           338	2024-11-12 17:10:27	1	0	1	0
           360	2024-11-12 17:10:39	1	0	1	0
            38	2024-11-12 17:11:17	1	0	1	0
           355	2024-11-12 17:11:23	1	0	1	0
           659	2024-11-12 17:11:54	1	0	1	0
           640	2024-11-12 17:12:19	1	0	1	0
           236	2024-11-12 17:12:54	1	0	1	0
           312	2024-11-12 17:13:36	1	0	1	0
           114	2024-11-12 17:14:01	1	0	1	0
           370	2024-11-12 17:15:46	1	0	15	0
           580	2024-11-12 17:16:04	1	0	1	0
            69	2024-11-12 17:16:28	1	0	1	0
            73	2024-11-12 17:17:58	1	0	1	0
            55	2024-11-12 17:23:07	1	0	1	0
           123	2024-11-12 17:28:02	1	0	1	0
           444	2024-11-12 17:32:20	1	0	1	0
            83	2024-11-12 17:39:48	1	0	1	0
           335	2024-11-12 17:41:41	1	0	1	0
           275	2024-11-12 18:01:14	1	0	1	0
           206	2024-11-12 18:01:24	1	0	1	0
           259	2024-11-12 18:02:22	1	0	15	0
            87	2024-11-12 18:02:34	1	0	1	0
           485	2024-11-12 18:05:50	1	0	1	0
           541	2024-11-12 18:06:17	1	0	1	0
           183	2024-11-12 18:06:42	1	0	1	0
           205	2024-11-12 18:09:27	1	0	1	0
           556	2024-11-12 18:11:36	1	0	1	0
           465	2024-11-12 18:19:30	1	0	1	0
            75	2024-11-12 18:19:43	1	0	1	0
           502	2024-11-12 18:35:52	1	0	1	0
           200	2024-11-12 18:36:38	1	0	1	0
            86	2024-11-12 19:05:49	1	0	1	0
           187	2024-11-12 19:06:01	1	0	1	0
            95	2024-11-12 19:07:43	1	0	1	0
           655	2024-11-12 19:50:38	1	0	1	0
           227	2024-11-12 19:53:41	1	0	15	0
           583	2024-11-12 20:53:13	1	0	1	0
            88	2024-11-12 20:54:35	1	0	1	0
           305	2024-11-12 22:00:15	1	0	1	0
           567	2024-11-12 22:07:04	1	0	1	0
           556	2024-11-12 22:14:33	1	0	1	0
           516	2024-11-12 22:14:41	1	0	1	0
           492	2024-11-12 22:14:46	1	0	1	0
           414	2024-11-12 22:54:49	1	0	1	0
           124	2024-11-12 23:00:06	1	0	15	0
           227	2024-11-13 04:57:01	1	0	15	0
           124	2024-11-13 05:46:50	1	0	15	0
           337	2024-11-13 06:03:31	1	0	15	0
            86	2024-11-13 06:11:08	1	0	1	0
           196	2024-11-13 06:15:26	1	0	1	0
           632	2024-11-13 06:15:42	1	0	1	0
           664	2024-11-13 06:19:45	1	0	1	0
           387	2024-11-13 06:33:25	1	0	15	0
           119	2024-11-13 06:34:19	1	0	15	0
           413	2024-11-13 06:42:25	1	0	1	0
           422	2024-11-13 06:44:20	1	0	1	0
           182	2024-11-13 06:46:10	1	0	1	0
           305	2024-11-13 06:46:17	1	0	1	0
           606	2024-11-13 06:49:11	1	0	1	0
           600	2024-11-13 06:50:11	1	0	1	0
            88	2024-11-13 06:51:17	1	0	15	0
           114	2024-11-13 06:54:55	1	0	1	0
           375	2024-11-13 06:56:02	1	0	1	0
            93	2024-11-13 06:57:10	1	0	1	0
           460	2024-11-13 06:59:11	1	0	1	0
           566	2024-11-13 07:01:22	1	0	1	0
           567	2024-11-13 07:01:42	1	0	1	0
           573	2024-11-13 07:05:19	1	0	1	0
           581	2024-11-13 07:07:59	1	0	1	0
            83	2024-11-13 07:08:39	1	0	1	0
           184	2024-11-13 07:09:33	1	0	1	0
           366	2024-11-13 07:11:03	1	0	1	0
           146	2024-11-13 07:11:18	1	0	15	0
           631	2024-11-13 07:14:30	1	0	1	0
           642	2024-11-13 07:15:17	1	0	1	0
           643	2024-11-13 07:15:27	1	0	1	0
           582	2024-11-13 07:16:23	1	0	1	0
           546	2024-11-13 07:18:27	1	0	1	0
           314	2024-11-13 07:19:26	1	0	1	0
           149	2024-11-13 07:20:23	1	0	1	0
           125	2024-11-13 07:20:41	1	0	1	0
           492	2024-11-13 07:20:59	1	0	1	0
           335	2024-11-13 07:21:06	1	0	1	0
            37	2024-11-13 07:21:59	1	0	1	0
            75	2024-11-13 07:23:29	1	0	1	0
            77	2024-11-13 07:23:51	1	0	1	0
           541	2024-11-13 07:24:51	1	0	1	0
           579	2024-11-13 07:25:19	1	0	1	0
           101	2024-11-13 07:26:16	1	0	1	0
           408	2024-11-13 07:28:38	1	0	1	0
           360	2024-11-13 07:29:41	1	0	1	0
            55	2024-11-13 07:30:57	1	0	1	0
           397	2024-11-13 07:31:09	1	0	1	0
           660	2024-11-13 07:31:30	1	0	1	0
            53	2024-11-13 07:32:26	1	0	1	0
           434	2024-11-13 07:32:43	1	0	1	0
           361	2024-11-13 07:32:50	1	0	1	0
           265	2024-11-13 07:37:02	1	0	1	0
           655	2024-11-13 07:37:40	1	0	1	0
           604	2024-11-13 07:38:51	1	0	1	0
            95	2024-11-13 07:39:54	1	0	1	0
           640	2024-11-13 07:41:47	1	0	1	0
           659	2024-11-13 07:43:51	1	0	1	0
           648	2024-11-13 07:43:56	1	0	1	0
           663	2024-11-13 07:45:38	1	0	1	0
           523	2024-11-13 07:46:19	1	0	1	0
            74	2024-11-13 07:46:51	1	0	1	0
           331	2024-11-13 07:47:24	1	0	1	0
           593	2024-11-13 07:48:38	1	0	1	0
           105	2024-11-13 07:48:46	1	0	1	0
           205	2024-11-13 07:48:52	1	0	1	0
            40	2024-11-13 07:49:01	1	0	1	0
            27	2024-11-13 07:49:10	1	0	15	0
           453	2024-11-13 07:49:28	1	0	15	0
            70	2024-11-13 07:49:44	1	0	1	0
           338	2024-11-13 07:49:49	1	0	1	0
           444	2024-11-13 07:49:54	1	0	1	0
           355	2024-11-13 07:50:30	1	0	1	0
           586	2024-11-13 07:51:07	1	0	1	0
            69	2024-11-13 07:51:45	1	0	1	0
           476	2024-11-13 07:51:59	1	0	1	0
           194	2024-11-13 07:52:09	1	0	1	0
           288	2024-11-13 07:52:16	1	0	1	0
           370	2024-11-13 07:52:21	1	0	1	0
           467	2024-11-13 07:52:27	1	0	1	0
           374	2024-11-13 07:53:31	1	0	1	0
           132	2024-11-13 07:54:15	1	0	1	0
           511	2024-11-13 07:54:18	1	0	1	0
           399	2024-11-13 07:55:05	1	0	1	0
           417	2024-11-13 07:56:25	1	0	15	0
           465	2024-11-13 07:56:51	1	0	1	0
           502	2024-11-13 07:56:57	1	0	1	0
           520	2024-11-13 07:57:33	1	0	1	0
           580	2024-11-13 08:00:21	1	0	1	0
           405	2024-11-13 08:00:37	1	0	1	0
           312	2024-11-13 08:00:50	1	0	1	0
           623	2024-11-13 08:00:52	1	0	1	0
           350	2024-11-13 08:01:55	1	0	1	0
           516	2024-11-13 08:08:29	1	0	1	0
           414	2024-11-13 08:10:21	1	0	1	0
           259	2024-11-13 08:10:49	1	0	15	0
           583	2024-11-13 08:16:17	1	0	1	0
           236	2024-11-13 08:17:20	1	0	1	0
           485	2024-11-13 08:25:49	1	0	1	0
           183	2024-11-13 08:37:42	1	0	1	0
           206	2024-11-13 08:38:08	1	0	1	0
           275	2024-11-13 08:38:31	1	0	1	0
            87	2024-11-13 08:46:27	1	0	1	0
           460	2024-11-13 11:09:45	1	0	1	0
           363	2024-11-13 11:31:11	1	0	1	0
           632	2024-11-13 11:31:23	1	0	1	0
           581	2024-11-13 11:31:32	1	0	1	0
           460	2024-11-13 11:31:44	1	0	1	0
           566	2024-11-13 11:32:23	1	0	1	0
           600	2024-11-13 11:32:31	1	0	1	0
           643	2024-11-13 11:32:42	1	0	1	0
           360	2024-11-13 11:33:17	1	0	1	0
           582	2024-11-13 11:33:26	1	0	1	0
           642	2024-11-13 11:33:33	1	0	1	0
           196	2024-11-13 11:33:39	1	0	1	0
           422	2024-11-13 11:33:46	1	0	1	0
           366	2024-11-13 11:34:02	1	0	1	0
           387	2024-11-13 11:34:12	1	0	15	0
           664	2024-11-13 11:34:19	1	0	1	0
           119	2024-11-13 11:46:43	1	0	15	0
           646	2024-11-13 11:50:10	1	0	1	0
           541	2024-11-13 11:51:55	1	0	1	0
           337	2024-11-13 11:52:01	1	0	1	0
           314	2024-11-13 11:52:07	1	0	1	0
           579	2024-11-13 11:52:19	1	0	1	0
           573	2024-11-13 11:52:40	1	0	1	0
           546	2024-11-13 11:52:45	1	0	1	0
           366	2024-11-13 11:57:35	1	0	1	0
           387	2024-11-13 12:00:08	1	0	15	0
           643	2024-11-13 12:00:18	1	0	15	0
           196	2024-11-13 12:00:24	1	0	1	0
           664	2024-11-13 12:00:30	1	0	1	0
           566	2024-11-13 12:00:36	1	0	1	0
           476	2024-11-13 12:00:41	1	0	1	0
           399	2024-11-13 12:00:45	1	0	1	0
           397	2024-11-13 12:00:48	1	0	1	0
           663	2024-11-13 12:00:53	1	0	1	0
           660	2024-11-13 12:00:59	1	0	1	0
           600	2024-11-13 12:01:05	1	0	1	0
           632	2024-11-13 12:01:11	1	0	1	0
           105	2024-11-13 12:01:16	1	0	1	0
            37	2024-11-13 12:01:29	1	0	1	0
           182	2024-11-13 12:01:36	1	0	1	0
            77	2024-11-13 12:01:41	1	0	1	0
            69	2024-11-13 12:01:48	1	0	1	0
            87	2024-11-13 12:01:55	1	0	1	0
           422	2024-11-13 12:02:01	1	0	1	0
           259	2024-11-13 12:02:07	1	0	15	0
           581	2024-11-13 12:02:22	1	0	1	0
           467	2024-11-13 12:02:28	1	0	1	0
           606	2024-11-13 12:02:49	1	0	1	0
           360	2024-11-13 12:02:55	1	0	1	0
           655	2024-11-13 12:03:04	1	0	1	0
           132	2024-11-13 12:03:37	1	0	1	0
           350	2024-11-13 12:03:41	1	0	1	0
           405	2024-11-13 12:03:49	1	0	1	0
           417	2024-11-13 12:03:55	1	0	15	0
           375	2024-11-13 12:04:03	1	0	1	0
           631	2024-11-13 12:04:10	1	0	1	0
           338	2024-11-13 12:04:14	1	0	1	0
           205	2024-11-13 12:04:24	1	0	1	0
           414	2024-11-13 12:04:38	1	0	1	0
            88	2024-11-13 12:04:45	1	0	1	0
            53	2024-11-13 12:04:53	1	0	1	0
           184	2024-11-13 12:05:29	1	0	1	0
           623	2024-11-13 12:05:54	1	0	1	0
           288	2024-11-13 12:06:49	1	0	1	0
           502	2024-11-13 12:07:08	1	0	1	0
           236	2024-11-13 12:07:36	1	0	1	0
           520	2024-11-13 12:07:41	1	0	1	0
           604	2024-11-13 12:07:47	1	0	1	0
           125	2024-11-13 12:07:56	1	0	1	0
           149	2024-11-13 12:08:07	1	0	1	0
           194	2024-11-13 12:08:58	1	0	1	0
           146	2024-11-13 12:09:03	1	0	15	0
           331	2024-11-13 12:11:05	1	0	1	0
           337	2024-11-13 12:11:12	1	0	1	0
           314	2024-11-13 12:11:22	1	0	1	0
           546	2024-11-13 12:11:31	1	0	1	0
           541	2024-11-13 12:11:43	1	0	1	0
           573	2024-11-13 12:11:48	1	0	1	0
           579	2024-11-13 12:11:52	1	0	1	0
           413	2024-11-13 12:11:55	1	0	4	0
           183	2024-11-13 12:12:08	1	0	1	0
           434	2024-11-13 12:12:14	1	0	1	0
            93	2024-11-13 12:12:22	1	0	1	0
           101	2024-11-13 12:12:28	1	0	1	0
           370	2024-11-13 12:12:35	1	0	1	0
           361	2024-11-13 12:12:42	1	0	1	0
           453	2024-11-13 12:13:36	1	0	1	0
            27	2024-11-13 12:14:06	1	0	15	0
           408	2024-11-13 12:14:34	1	0	1	0
           355	2024-11-13 12:15:08	1	0	1	0
           523	2024-11-13 12:15:23	1	0	1	0
            77	2024-11-13 12:16:42	1	0	1	0
            37	2024-11-13 12:16:53	1	0	1	0
            69	2024-11-13 12:17:05	1	0	1	0
           492	2024-11-13 12:17:16	1	0	1	0
           465	2024-11-13 12:17:24	1	0	1	0
           265	2024-11-13 12:17:28	1	0	1	0
           516	2024-11-13 12:17:33	1	0	1	0
            95	2024-11-13 12:18:02	1	0	1	0
           642	2024-11-13 12:18:14	1	0	1	0
           648	2024-11-13 12:18:21	1	0	1	0
           586	2024-11-13 12:18:25	1	0	1	0
           511	2024-11-13 12:18:32	1	0	1	0
           114	2024-11-13 12:19:04	1	0	1	0
            40	2024-11-13 12:19:19	1	0	1	0
            53	2024-11-13 12:20:41	1	0	1	0
           655	2024-11-13 12:20:48	1	0	1	0
           583	2024-11-13 12:22:30	1	0	1	0
           335	2024-11-13 12:22:43	1	0	1	0
           259	2024-11-13 12:23:02	1	0	15	0
            87	2024-11-13 12:23:08	1	0	1	0
            75	2024-11-13 12:23:46	1	0	1	0
           275	2024-11-13 12:23:53	1	0	1	0
           182	2024-11-13 12:24:00	1	0	1	0
           105	2024-11-13 12:24:39	1	0	1	0
           631	2024-11-13 12:25:08	1	0	1	0
           206	2024-11-13 12:26:05	1	0	1	0
            74	2024-11-13 12:26:20	1	0	1	0
           338	2024-11-13 12:26:26	1	0	1	0
           288	2024-11-13 12:26:29	1	0	1	0
            83	2024-11-13 12:26:48	1	0	1	0
           200	2024-11-13 12:27:46	1	0	1	0
           640	2024-11-13 12:27:55	1	0	1	0
           434	2024-11-13 12:29:55	1	0	1	0
           413	2024-11-13 12:30:40	1	0	4	0
           405	2024-11-13 12:31:34	1	0	1	0
           361	2024-11-13 12:31:40	1	0	1	0
           149	2024-11-13 12:31:58	1	0	1	0
           194	2024-11-13 12:34:06	1	0	1	0
           265	2024-11-13 12:34:31	1	0	1	0
           414	2024-11-13 12:34:41	1	0	1	0
           465	2024-11-13 12:34:48	1	0	1	0
           146	2024-11-13 12:34:54	1	0	15	0
            40	2024-11-13 12:35:03	1	0	1	0
            88	2024-11-13 12:36:00	1	0	1	0
           331	2024-11-13 12:36:40	1	0	1	0
           417	2024-11-13 12:37:46	1	0	15	0
           516	2024-11-13 12:37:54	1	0	1	0
           492	2024-11-13 12:38:01	1	0	1	0
           374	2024-11-13 12:38:13	1	0	1	0
           408	2024-11-13 12:39:09	1	0	1	0
           101	2024-11-13 12:39:23	1	0	1	0
           580	2024-11-13 12:40:23	1	0	1	0
           183	2024-11-13 12:40:40	1	0	1	0
            93	2024-11-13 12:40:51	1	0	1	0
           338	2024-11-13 12:41:30	1	0	1	0
           184	2024-11-13 12:42:01	1	0	1	0
           312	2024-11-13 12:42:15	1	0	1	0
           444	2024-11-13 12:42:28	1	0	1	0
           606	2024-11-13 12:42:54	1	0	1	0
            83	2024-11-13 12:43:00	1	0	1	0
           370	2024-11-13 12:43:25	1	0	1	0
            75	2024-11-13 12:43:30	1	0	1	0
           593	2024-11-13 12:44:37	1	0	1	0
           114	2024-11-13 12:44:50	1	0	1	0
           453	2024-11-13 12:45:02	1	0	1	0
            27	2024-11-13 12:45:08	1	0	15	0
           397	2024-11-13 12:45:43	1	0	1	0
           660	2024-11-13 12:45:48	1	0	1	0
           663	2024-11-13 12:45:53	1	0	1	0
           335	2024-11-13 12:46:04	1	0	1	0
           583	2024-11-13 12:46:10	1	0	1	0
           206	2024-11-13 12:46:24	1	0	1	0
           648	2024-11-13 12:47:49	1	0	1	0
           586	2024-11-13 12:47:57	1	0	1	0
           623	2024-11-13 12:48:51	1	0	1	0
           119	2024-11-13 12:49:50	1	0	15	0
           350	2024-11-13 12:50:38	1	0	1	0
           132	2024-11-13 12:51:19	1	0	1	0
           502	2024-11-13 12:53:51	1	0	1	0
           604	2024-11-13 12:54:39	1	0	1	0
           275	2024-11-13 12:54:46	1	0	1	0
           520	2024-11-13 12:54:54	1	0	1	0
           125	2024-11-13 12:55:01	1	0	1	0
           640	2024-11-13 12:55:08	1	0	1	0
           374	2024-11-13 12:55:23	1	0	1	0
            55	2024-11-13 12:55:58	1	0	1	0
           399	2024-11-13 12:56:06	1	0	1	0
           355	2024-11-13 12:56:15	1	0	1	0
           523	2024-11-13 12:56:28	1	0	1	0
           467	2024-11-13 12:57:48	1	0	1	0
           580	2024-11-13 12:57:56	1	0	1	0
           444	2024-11-13 12:58:13	1	0	1	0
           511	2024-11-13 12:58:35	1	0	1	0
           312	2024-11-13 12:58:55	1	0	1	0
           593	2024-11-13 12:59:52	1	0	1	0
           476	2024-11-13 13:00:42	1	0	1	0
           205	2024-11-13 13:00:45	1	0	1	0
           200	2024-11-13 13:01:15	1	0	1	0
           485	2024-11-13 13:06:35	1	0	1	0
           236	2024-11-13 13:10:38	1	0	1	0
           485	2024-11-13 13:31:39	1	0	1	0
           124	2024-11-13 14:02:54	1	0	15	0
           305	2024-11-13 15:00:06	1	0	1	0
            70	2024-11-13 16:01:43	1	0	15	0
            93	2024-11-13 16:07:11	1	0	1	0
           460	2024-11-13 16:25:20	1	0	1	0
           182	2024-11-13 16:56:29	1	0	1	0
           581	2024-11-13 17:00:03	1	0	1	0
           397	2024-11-13 17:00:07	1	0	1	0
           422	2024-11-13 17:00:11	1	0	1	0
           387	2024-11-13 17:00:19	1	0	15	0
           664	2024-11-13 17:00:26	1	0	1	0
           600	2024-11-13 17:00:33	1	0	1	0
           366	2024-11-13 17:00:44	1	0	1	0
           566	2024-11-13 17:00:54	1	0	1	0
           511	2024-11-13 17:01:00	1	0	1	0
            37	2024-11-13 17:01:07	1	0	1	0
           101	2024-11-13 17:01:15	1	0	1	0
            77	2024-11-13 17:01:20	1	0	1	0
           288	2024-11-13 17:01:28	1	0	1	0
           632	2024-11-13 17:02:20	1	0	1	0
           646	2024-11-13 17:02:25	1	0	1	0
           523	2024-11-13 17:02:33	1	0	1	0
           631	2024-11-13 17:02:38	1	0	1	0
           350	2024-11-13 17:02:45	1	0	1	0
           606	2024-11-13 17:02:51	1	0	1	0
           194	2024-11-13 17:03:07	1	0	1	0
           541	2024-11-13 17:03:11	1	0	1	0
           660	2024-11-13 17:03:15	1	0	1	0
           663	2024-11-13 17:03:19	1	0	1	0
            74	2024-11-13 17:03:24	1	0	1	0
           149	2024-11-13 17:03:30	1	0	1	0
           360	2024-11-13 17:03:48	1	0	1	0
           265	2024-11-13 17:04:09	1	0	1	0
           642	2024-11-13 17:04:12	1	0	1	0
           374	2024-11-13 17:04:19	1	0	1	0
           623	2024-11-13 17:04:48	1	0	1	0
           643	2024-11-13 17:05:21	1	0	1	0
           582	2024-11-13 17:05:27	1	0	1	0
           236	2024-11-13 17:05:37	1	0	1	0
           196	2024-11-13 17:05:44	1	0	1	0
           337	2024-11-13 17:06:20	1	0	1	0
           119	2024-11-13 17:06:28	1	0	15	0
            40	2024-11-13 17:06:58	1	0	1	0
           399	2024-11-13 17:07:12	1	0	1	0
           640	2024-11-13 17:08:01	1	0	1	0
           417	2024-11-13 17:08:48	1	0	1	0
           405	2024-11-13 17:08:59	1	0	1	0
           361	2024-11-13 17:09:27	1	0	1	0
           546	2024-11-13 17:10:59	1	0	1	0
           573	2024-11-13 17:11:03	1	0	1	0
           579	2024-11-13 17:11:08	1	0	1	0
           604	2024-11-13 17:12:14	1	0	1	0
           355	2024-11-13 17:12:25	1	0	1	0
           520	2024-11-13 17:12:41	1	0	1	0
           125	2024-11-13 17:12:44	1	0	1	0
           453	2024-11-13 17:12:54	1	0	1	0
           184	2024-11-13 17:13:45	1	0	1	0
           434	2024-11-13 17:15:37	1	0	1	0
           583	2024-11-13 17:15:50	1	0	1	0
            27	2024-11-13 17:15:59	1	0	15	0
           659	2024-11-13 17:17:13	1	0	1	0
           132	2024-11-13 17:18:38	1	0	1	0
           648	2024-11-13 17:19:06	1	0	1	0
           586	2024-11-13 17:19:16	1	0	1	0
            69	2024-11-13 17:19:31	1	0	1	0
           331	2024-11-13 17:20:41	1	0	1	0
           444	2024-11-13 17:20:55	1	0	1	0
           467	2024-11-13 17:21:31	1	0	1	0
           370	2024-11-13 17:21:40	1	0	1	0
           580	2024-11-13 17:22:27	1	0	1	0
           146	2024-11-13 17:23:07	1	0	15	0
           314	2024-11-13 17:24:29	1	0	1	0
           114	2024-11-13 17:25:19	1	0	1	0
            53	2024-11-13 17:25:35	1	0	1	0
            83	2024-11-13 17:27:59	1	0	1	0
           338	2024-11-13 17:28:04	1	0	1	0
           408	2024-11-13 17:32:14	1	0	1	0
           502	2024-11-13 17:36:21	1	0	1	0
           205	2024-11-13 17:44:34	1	0	1	0
           646	2024-11-13 17:51:37	1	0	1	0
           465	2024-11-13 17:51:48	1	0	1	0
            75	2024-11-13 17:52:01	1	0	1	0
           642	2024-11-13 17:52:27	1	0	1	0
           582	2024-11-13 17:52:50	1	0	1	0
           360	2024-11-13 17:53:16	1	0	1	0
            55	2024-11-13 17:53:48	1	0	1	0
           312	2024-11-13 17:56:20	1	0	1	0
            87	2024-11-13 18:02:56	1	0	1	0
           183	2024-11-13 18:03:13	1	0	1	0
           259	2024-11-13 18:04:23	1	0	15	0
            95	2024-11-13 18:06:07	1	0	1	0
           105	2024-11-13 18:06:48	1	0	1	0
           125	2024-11-13 18:07:21	1	0	1	0
           485	2024-11-13 18:09:48	1	0	1	0
           206	2024-11-13 18:10:34	1	0	1	0
           275	2024-11-13 18:10:56	1	0	1	0
           335	2024-11-13 18:24:21	1	0	1	0
           492	2024-11-13 18:31:38	1	0	1	0
           516	2024-11-13 19:01:57	1	0	1	0
           593	2024-11-13 19:06:56	1	0	1	0
           655	2024-11-13 19:58:14	1	0	1	0
           363	2024-11-13 20:01:47	1	0	1	0
           200	2024-11-13 20:02:51	1	0	1	0
            88	2024-11-13 20:07:26	1	0	1	0
           567	2024-11-13 21:25:56	1	0	1	0
           124	2024-11-13 22:00:13	1	0	15	0
           360	2024-11-13 22:00:54	1	0	1	0
           582	2024-11-13 22:02:37	1	0	1	0
           646	2024-11-13 22:02:45	1	0	1	0
           642	2024-11-13 22:03:01	1	0	1	0
           305	2024-11-14 05:44:51	1	0	1	0
           337	2024-11-14 06:11:24	1	0	15	0
           119	2024-11-14 06:16:46	1	0	15	0
           196	2024-11-14 06:16:56	1	0	1	0
           632	2024-11-14 06:17:14	1	0	1	0
            70	2024-11-14 06:25:34	1	0	1	0
           606	2024-11-14 06:36:48	1	0	1	0
           422	2024-11-14 06:36:56	1	0	1	0
           567	2024-11-14 06:39:55	1	0	1	0
           387	2024-11-14 06:43:01	1	0	15	0
           646	2024-11-14 06:50:38	1	0	1	0
           314	2024-11-14 06:52:07	1	0	1	0
           366	2024-11-14 06:52:19	1	0	1	0
            88	2024-11-14 06:57:51	1	0	1	0
           413	2024-11-14 07:01:51	1	0	4	0
           460	2024-11-14 07:02:11	1	0	1	0
           184	2024-11-14 07:02:18	1	0	1	0
           146	2024-11-14 07:02:23	1	0	15	0
           375	2024-11-14 07:02:50	1	0	1	0
           182	2024-11-14 07:03:44	1	0	1	0
            93	2024-11-14 07:11:29	1	0	1	0
           573	2024-11-14 07:11:41	1	0	1	0
           581	2024-11-14 07:12:02	1	0	1	0
           149	2024-11-14 07:12:33	1	0	1	0
           414	2024-11-14 07:14:18	1	0	1	0
           631	2024-11-14 07:15:26	1	0	1	0
           227	2024-11-14 07:18:12	1	0	15	0
           566	2024-11-14 07:18:30	1	0	1	0
           288	2024-11-14 07:20:40	1	0	1	0
           546	2024-11-14 07:20:57	1	0	1	0
           642	2024-11-14 07:22:14	1	0	1	0
           643	2024-11-14 07:22:26	1	0	1	0
           492	2024-11-14 07:22:48	1	0	1	0
            77	2024-11-14 07:23:57	1	0	1	0
           465	2024-11-14 07:24:47	1	0	1	0
            95	2024-11-14 07:24:57	1	0	1	0
            75	2024-11-14 07:25:04	1	0	1	0
           115	2024-11-14 07:27:36	1	0	1	0
            83	2024-11-14 07:27:41	1	0	1	0
           579	2024-11-14 07:28:57	1	0	1	0
           360	2024-11-14 07:29:27	1	0	1	0
           541	2024-11-14 07:31:32	1	0	1	0
           397	2024-11-14 07:32:07	1	0	1	0
           434	2024-11-14 07:34:50	1	0	1	0
            86	2024-11-14 07:36:12	1	0	1	0
           374	2024-11-14 07:37:56	1	0	1	0
           663	2024-11-14 07:38:18	1	0	1	0
           101	2024-11-14 07:38:59	1	0	1	0
            37	2024-11-14 07:40:10	1	0	1	0
           265	2024-11-14 07:41:36	1	0	1	0
           659	2024-11-14 07:42:05	1	0	1	0
            38	2024-11-14 07:43:23	1	0	1	0
           355	2024-11-14 07:43:28	1	0	1	0
           331	2024-11-14 07:44:15	1	0	1	0
            73	2024-11-14 07:44:21	1	0	1	0
            53	2024-11-14 07:44:30	1	0	1	0
           523	2024-11-14 07:44:37	1	0	1	0
           640	2024-11-14 07:44:49	1	0	1	0
           593	2024-11-14 07:46:28	1	0	1	0
           105	2024-11-14 07:46:38	1	0	1	0
           648	2024-11-14 07:46:49	1	0	1	0
           187	2024-11-14 07:47:20	1	0	1	0
           444	2024-11-14 07:47:43	1	0	1	0
           511	2024-11-14 07:48:21	1	0	1	0
            74	2024-11-14 07:48:34	1	0	1	0
           604	2024-11-14 07:49:08	1	0	1	0
           338	2024-11-14 07:49:31	1	0	1	0
           467	2024-11-14 07:49:46	1	0	1	0
           655	2024-11-14 07:52:26	1	0	1	0
           582	2024-11-14 07:52:36	1	0	1	0
           125	2024-11-14 07:54:06	1	0	1	0
            40	2024-11-14 07:54:23	1	0	1	0
            69	2024-11-14 07:55:11	1	0	1	0
           583	2024-11-14 07:55:15	1	0	1	0
           476	2024-11-14 07:55:37	1	0	1	0
           408	2024-11-14 07:55:53	1	0	1	0
           502	2024-11-14 07:56:35	1	0	1	0
           399	2024-11-14 07:57:07	1	0	1	0
           417	2024-11-14 07:57:36	1	0	15	0
           350	2024-11-14 07:57:50	1	0	1	0
           363	2024-11-14 07:57:57	1	0	1	0
           205	2024-11-14 07:58:31	1	0	1	0
           580	2024-11-14 07:58:37	1	0	1	0
           637	2024-11-14 07:58:52	1	0	1	0
           312	2024-11-14 07:59:10	1	0	1	0
            27	2024-11-14 07:59:34	1	0	15	0
           453	2024-11-14 07:59:45	1	0	1	0
           586	2024-11-14 08:00:34	1	0	1	0
           361	2024-11-14 08:01:35	1	0	1	0
           623	2024-11-14 08:02:46	1	0	1	0
           516	2024-11-14 08:04:04	1	0	1	0
           335	2024-11-14 08:05:40	1	0	1	0
           132	2024-11-14 08:07:43	1	0	1	0
           370	2024-11-14 08:07:57	1	0	1	0
           236	2024-11-14 08:08:13	1	0	1	0
           485	2024-11-14 08:14:04	1	0	1	0
           520	2024-11-14 08:18:52	1	0	1	0
           259	2024-11-14 08:30:05	1	0	15	0
           275	2024-11-14 08:42:03	1	0	1	0
           206	2024-11-14 08:42:07	1	0	1	0
            87	2024-11-14 08:43:40	1	0	1	0
           183	2024-11-14 08:45:03	1	0	1	0
           593	2024-11-14 10:02:45	1	0	1	0
            45	2024-11-14 10:04:01	1	0	15	0
           460	2024-11-14 11:03:47	1	0	1	0
           582	2024-11-14 11:31:08	1	0	1	0
           646	2024-11-14 11:31:12	1	0	1	0
           366	2024-11-14 11:34:05	1	0	1	0
           643	2024-11-14 11:34:40	1	0	15	0
           642	2024-11-14 11:34:57	1	0	1	0
           566	2024-11-14 11:35:02	1	0	1	0
           422	2024-11-14 11:35:06	1	0	1	0
           387	2024-11-14 11:35:14	1	0	15	0
           581	2024-11-14 11:35:24	1	0	15	0
           632	2024-11-14 11:35:36	1	0	1	0
           360	2024-11-14 11:35:45	1	0	1	0
           460	2024-11-14 11:35:54	1	0	1	0
           196	2024-11-14 11:36:40	1	0	1	0
           119	2024-11-14 11:38:42	1	0	15	0
           366	2024-11-14 11:51:43	1	0	1	0
           581	2024-11-14 11:53:39	1	0	15	0
           632	2024-11-14 11:53:54	1	0	1	0
           579	2024-11-14 11:54:12	1	0	1	0
           573	2024-11-14 11:54:16	1	0	1	0
           115	2024-11-14 11:54:23	1	0	1	0
           314	2024-11-14 11:54:29	1	0	1	0
           546	2024-11-14 11:54:32	1	0	1	0
           337	2024-11-14 11:54:39	1	0	1	0
           196	2024-11-14 12:00:10	1	0	1	0
           422	2024-11-14 12:00:14	1	0	1	0
           387	2024-11-14 12:00:20	1	0	15	0
            53	2024-11-14 12:00:26	1	0	1	0
           663	2024-11-14 12:00:30	1	0	1	0
           132	2024-11-14 12:00:39	1	0	1	0
           467	2024-11-14 12:01:11	1	0	1	0
            69	2024-11-14 12:01:26	1	0	1	0
           659	2024-11-14 12:01:33	1	0	1	0
           105	2024-11-14 12:01:54	1	0	1	0
           312	2024-11-14 12:02:00	1	0	1	0
           453	2024-11-14 12:02:23	1	0	1	0
            74	2024-11-14 12:02:31	1	0	1	0
           643	2024-11-14 12:02:37	1	0	1	0
           566	2024-11-14 12:02:42	1	0	1	0
           399	2024-11-14 12:02:48	1	0	1	0
           236	2024-11-14 12:03:01	1	0	1	0
            77	2024-11-14 12:03:22	1	0	1	0
            37	2024-11-14 12:03:31	1	0	1	0
            73	2024-11-14 12:03:41	1	0	1	0
           631	2024-11-14 12:04:12	1	0	1	0
           593	2024-11-14 12:04:18	1	0	1	0
           511	2024-11-14 12:04:21	1	0	1	0
           623	2024-11-14 12:04:24	1	0	1	0
           434	2024-11-14 12:04:30	1	0	1	0
           338	2024-11-14 12:04:36	1	0	1	0
           205	2024-11-14 12:04:45	1	0	1	0
           350	2024-11-14 12:04:51	1	0	1	0
           655	2024-11-14 12:04:56	1	0	1	0
            27	2024-11-14 12:05:06	1	0	15	0
           397	2024-11-14 12:05:13	1	0	1	0
           476	2024-11-14 12:05:21	1	0	1	0
            83	2024-11-14 12:05:30	1	0	1	0
           114	2024-11-14 12:05:46	1	0	1	0
           182	2024-11-14 12:06:07	1	0	1	0
           183	2024-11-14 12:06:14	1	0	1	0
           259	2024-11-14 12:06:24	1	0	15	0
            93	2024-11-14 12:06:31	1	0	1	0
           606	2024-11-14 12:06:36	1	0	1	0
            38	2024-11-14 12:06:44	1	0	1	0
           583	2024-11-14 12:06:53	1	0	1	0
           646	2024-11-14 12:08:11	1	0	1	0
           637	2024-11-14 12:08:26	1	0	1	0
            87	2024-11-14 12:08:33	1	0	1	0
           331	2024-11-14 12:08:43	1	0	1	0
           444	2024-11-14 12:08:55	1	0	1	0
           640	2024-11-14 12:09:01	1	0	1	0
           355	2024-11-14 12:09:13	1	0	1	0
           520	2024-11-14 12:09:27	1	0	1	0
           604	2024-11-14 12:09:34	1	0	1	0
           125	2024-11-14 12:09:42	1	0	1	0
            75	2024-11-14 12:10:21	1	0	1	0
           370	2024-11-14 12:10:27	1	0	1	0
           465	2024-11-14 12:11:15	1	0	1	0
           337	2024-11-14 12:12:53	1	0	15	0
           314	2024-11-14 12:12:59	1	0	1	0
           546	2024-11-14 12:13:09	1	0	1	0
           579	2024-11-14 12:13:13	1	0	1	0
           582	2024-11-14 12:13:25	1	0	1	0
           642	2024-11-14 12:13:30	1	0	1	0
           492	2024-11-14 12:13:35	1	0	1	0
           516	2024-11-14 12:13:41	1	0	1	0
           200	2024-11-14 12:14:37	1	0	1	0
           573	2024-11-14 12:14:42	1	0	1	0
           115	2024-11-14 12:14:57	1	0	1	0
           414	2024-11-14 12:15:21	1	0	1	0
            86	2024-11-14 12:15:57	1	0	1	0
           187	2024-11-14 12:16:03	1	0	1	0
           363	2024-11-14 12:16:20	1	0	1	0
           375	2024-11-14 12:16:26	1	0	1	0
           417	2024-11-14 12:16:30	1	0	1	0
           467	2024-11-14 12:16:39	1	0	1	0
           361	2024-11-14 12:16:56	1	0	1	0
           541	2024-11-14 12:17:00	1	0	1	0
            69	2024-11-14 12:17:13	1	0	1	0
           132	2024-11-14 12:17:26	1	0	1	0
            53	2024-11-14 12:18:06	1	0	1	0
            74	2024-11-14 12:18:24	1	0	1	0
           580	2024-11-14 12:18:33	1	0	1	0
           184	2024-11-14 12:18:37	1	0	1	0
           194	2024-11-14 12:18:48	1	0	1	0
            77	2024-11-14 12:18:55	1	0	1	0
           335	2024-11-14 12:19:10	1	0	1	0
            37	2024-11-14 12:19:29	1	0	1	0
           413	2024-11-14 12:19:31	1	0	4	0
           623	2024-11-14 12:20:01	1	0	1	0
            27	2024-11-14 12:20:30	1	0	15	0
           523	2024-11-14 12:20:56	1	0	1	0
           119	2024-11-14 12:21:18	1	0	15	0
           631	2024-11-14 12:21:42	1	0	1	0
            40	2024-11-14 12:23:54	1	0	1	0
           511	2024-11-14 12:24:22	1	0	1	0
           648	2024-11-14 12:24:35	1	0	1	0
            87	2024-11-14 12:24:41	1	0	1	0
           586	2024-11-14 12:24:47	1	0	1	0
           105	2024-11-14 12:25:56	1	0	1	0
           275	2024-11-14 12:26:12	1	0	1	0
           206	2024-11-14 12:26:16	1	0	1	0
            88	2024-11-14 12:26:22	1	0	15	0
           355	2024-11-14 12:26:34	1	0	1	0
           101	2024-11-14 12:27:07	1	0	1	0
           149	2024-11-14 12:27:24	1	0	1	0
           205	2024-11-14 12:27:52	1	0	1	0
           593	2024-11-14 12:27:59	1	0	1	0
            38	2024-11-14 12:28:32	1	0	1	0
            75	2024-11-14 12:28:38	1	0	1	0
           465	2024-11-14 12:29:17	1	0	1	0
           492	2024-11-14 12:29:29	1	0	1	0
           114	2024-11-14 12:29:42	1	0	1	0
           516	2024-11-14 12:29:58	1	0	1	0
           655	2024-11-14 12:30:39	1	0	1	0
           502	2024-11-14 12:31:25	1	0	1	0
           476	2024-11-14 12:32:14	1	0	1	0
            73	2024-11-14 12:32:41	1	0	1	0
           265	2024-11-14 12:32:59	1	0	1	0
           182	2024-11-14 12:33:12	1	0	1	0
           259	2024-11-14 12:33:20	1	0	15	0
           331	2024-11-14 12:33:41	1	0	1	0
           637	2024-11-14 12:34:01	1	0	1	0
           604	2024-11-14 12:34:49	1	0	1	0
           520	2024-11-14 12:34:57	1	0	1	0
           125	2024-11-14 12:35:06	1	0	1	0
           335	2024-11-14 12:35:58	1	0	1	0
           184	2024-11-14 12:36:37	1	0	1	0
           183	2024-11-14 12:36:52	1	0	15	0
            93	2024-11-14 12:37:00	1	0	1	0
           200	2024-11-14 12:37:38	1	0	1	0
           374	2024-11-14 12:37:42	1	0	1	0
           414	2024-11-14 12:37:48	1	0	1	0
           453	2024-11-14 12:38:16	1	0	1	0
           338	2024-11-14 12:39:20	1	0	1	0
           583	2024-11-14 12:40:38	1	0	1	0
           288	2024-11-14 12:41:29	1	0	1	0
           580	2024-11-14 12:42:16	1	0	1	0
           606	2024-11-14 12:42:21	1	0	1	0
           206	2024-11-14 12:42:28	1	0	1	0
           663	2024-11-14 12:42:54	1	0	1	0
           640	2024-11-14 12:43:06	1	0	1	0
           444	2024-11-14 12:43:39	1	0	1	0
            40	2024-11-14 12:43:54	1	0	1	0
           101	2024-11-14 12:44:29	1	0	1	0
           413	2024-11-14 12:44:43	1	0	4	0
           434	2024-11-14 12:44:49	1	0	1	0
           397	2024-11-14 12:45:07	1	0	1	0
           363	2024-11-14 12:45:22	1	0	1	0
           370	2024-11-14 12:48:18	1	0	1	0
           350	2024-11-14 12:49:28	1	0	1	0
           265	2024-11-14 12:50:24	1	0	1	0
           523	2024-11-14 12:52:10	1	0	1	0
           361	2024-11-14 12:52:29	1	0	1	0
           149	2024-11-14 12:52:45	1	0	1	0
           502	2024-11-14 12:53:32	1	0	1	0
           399	2024-11-14 12:53:55	1	0	1	0
           374	2024-11-14 12:55:13	1	0	1	0
            88	2024-11-14 12:55:29	1	0	1	0
           648	2024-11-14 12:56:45	1	0	1	0
           586	2024-11-14 12:56:53	1	0	1	0
           288	2024-11-14 12:57:04	1	0	1	0
           541	2024-11-14 12:57:29	1	0	1	0
           375	2024-11-14 12:57:46	1	0	1	0
           417	2024-11-14 12:58:18	1	0	15	0
           659	2024-11-14 12:58:39	1	0	1	0
           485	2024-11-14 13:10:06	1	0	1	0
           236	2024-11-14 13:16:31	1	0	1	0
           485	2024-11-14 13:32:57	1	0	1	0
           305	2024-11-14 14:20:27	1	0	1	0
           567	2024-11-14 14:44:36	1	0	1	0
            70	2024-11-14 15:16:07	1	0	15	0
           182	2024-11-14 16:00:53	1	0	1	0
            93	2024-11-14 16:01:11	1	0	1	0
           413	2024-11-14 16:10:54	1	0	4	0
           460	2024-11-14 16:28:57	1	0	1	0
           637	2024-11-14 17:00:03	1	0	1	0
           581	2024-11-14 17:00:07	1	0	1	0
           387	2024-11-14 17:00:16	1	0	15	0
           331	2024-11-14 17:00:21	1	0	1	0
           184	2024-11-14 17:00:26	1	0	1	0
           566	2024-11-14 17:00:29	1	0	1	0
           366	2024-11-14 17:00:32	1	0	1	0
           115	2024-11-14 17:00:38	1	0	1	0
           422	2024-11-14 17:00:44	1	0	1	0
            53	2024-11-14 17:00:53	1	0	1	0
            74	2024-11-14 17:01:02	1	0	1	0
            40	2024-11-14 17:01:10	1	0	1	0
           646	2024-11-14 17:01:15	1	0	1	0
           642	2024-11-14 17:01:25	1	0	1	0
            37	2024-11-14 17:01:32	1	0	1	0
            77	2024-11-14 17:01:38	1	0	1	0
           582	2024-11-14 17:01:44	1	0	1	0
           643	2024-11-14 17:01:50	1	0	1	0
           631	2024-11-14 17:01:57	1	0	1	0
           149	2024-11-14 17:02:05	1	0	1	0
           523	2024-11-14 17:02:11	1	0	1	0
           187	2024-11-14 17:02:17	1	0	1	0
           663	2024-11-14 17:02:22	1	0	1	0
            86	2024-11-14 17:02:25	1	0	1	0
           374	2024-11-14 17:02:35	1	0	1	0
           511	2024-11-14 17:02:41	1	0	1	0
           397	2024-11-14 17:03:05	1	0	1	0
           196	2024-11-14 17:03:24	1	0	1	0
           632	2024-11-14 17:04:27	1	0	1	0
           350	2024-11-14 17:04:46	1	0	1	0
           119	2024-11-14 17:04:59	1	0	15	0
           640	2024-11-14 17:05:25	1	0	1	0
           375	2024-11-14 17:05:41	1	0	1	0
           580	2024-11-14 17:06:06	1	0	1	0
           265	2024-11-14 17:06:11	1	0	1	0
           453	2024-11-14 17:06:19	1	0	1	0
           337	2024-11-14 17:07:50	1	0	1	0
           399	2024-11-14 17:08:27	1	0	1	0
           476	2024-11-14 17:09:16	1	0	1	0
           146	2024-11-14 17:09:20	1	0	15	0
           586	2024-11-14 17:09:28	1	0	1	0
           648	2024-11-14 17:09:36	1	0	1	0
           132	2024-11-14 17:09:43	1	0	1	0
           623	2024-11-14 17:10:01	1	0	1	0
            27	2024-11-14 17:10:15	1	0	15	0
           361	2024-11-14 17:10:21	1	0	1	0
           659	2024-11-14 17:10:26	1	0	1	0
           236	2024-11-14 17:10:40	1	0	1	0
           467	2024-11-14 17:10:48	1	0	1	0
           579	2024-11-14 17:10:53	1	0	1	0
           546	2024-11-14 17:11:00	1	0	1	0
           573	2024-11-14 17:11:04	1	0	1	0
           417	2024-11-14 17:11:37	1	0	15	0
           363	2024-11-14 17:11:46	1	0	1	0
           606	2024-11-14 17:12:12	1	0	1	0
           355	2024-11-14 17:12:55	1	0	1	0
           101	2024-11-14 17:13:09	1	0	1	0
           370	2024-11-14 17:15:15	1	0	1	0
           604	2024-11-14 17:15:25	1	0	1	0
           520	2024-11-14 17:15:35	1	0	1	0
           125	2024-11-14 17:15:40	1	0	1	0
           227	2024-11-14 17:16:55	1	0	15	0
            69	2024-11-14 17:17:31	1	0	1	0
           583	2024-11-14 17:17:37	1	0	1	0
           434	2024-11-14 17:17:44	1	0	1	0
            38	2024-11-14 17:19:35	1	0	1	0
           314	2024-11-14 17:20:04	1	0	1	0
            73	2024-11-14 17:22:39	1	0	1	0
           194	2024-11-14 17:28:10	1	0	1	0
           338	2024-11-14 17:28:22	1	0	1	0
           105	2024-11-14 17:28:30	1	0	1	0
           408	2024-11-14 17:28:55	1	0	1	0
           312	2024-11-14 17:29:34	1	0	1	0
           444	2024-11-14 17:32:37	1	0	1	0
           541	2024-11-14 17:35:27	1	0	1	0
           205	2024-11-14 17:46:48	1	0	1	0
            83	2024-11-14 17:52:18	1	0	1	0
           114	2024-11-14 17:58:04	1	0	1	0
           259	2024-11-14 18:01:05	1	0	15	0
           183	2024-11-14 18:01:28	1	0	1	0
            87	2024-11-14 18:10:33	1	0	1	0
           492	2024-11-14 18:11:16	1	0	1	0
           288	2024-11-14 18:15:02	1	0	1	0
           485	2024-11-14 18:15:15	1	0	1	0
           502	2024-11-14 18:16:51	1	0	1	0
           206	2024-11-14 18:26:12	1	0	1	0
           275	2024-11-14 18:26:35	1	0	1	0
           465	2024-11-14 18:31:03	1	0	1	0
            75	2024-11-14 18:31:12	1	0	1	0
           516	2024-11-14 18:34:38	1	0	1	0
           335	2024-11-14 19:05:48	1	0	1	0
           593	2024-11-14 19:34:19	1	0	1	0
           200	2024-11-14 20:01:25	1	0	1	0
            88	2024-11-14 20:12:10	1	0	1	0
           418	2024-11-14 21:35:11	1	0	1	0
           655	2024-11-14 22:59:22	1	0	1	0
           567	2024-11-14 23:00:16	1	0	1	0
           418	2024-11-15 06:02:22	1	0	1	0
           124	2024-11-15 06:24:37	1	0	15	0
           387	2024-11-15 06:39:28	1	0	15	0
           664	2024-11-15 06:40:12	1	0	1	0
           196	2024-11-15 06:40:29	1	0	1	0
           119	2024-11-15 06:40:46	1	0	15	0
           632	2024-11-15 06:40:54	1	0	1	0
           606	2024-11-15 06:47:22	1	0	1	0
           366	2024-11-15 06:47:39	1	0	1	0
           422	2024-11-15 06:48:56	1	0	1	0
           642	2024-11-15 07:17:17	1	0	1	0
           643	2024-11-15 07:17:32	1	0	1	0
           360	2024-11-15 07:28:55	1	0	1	0
           581	2024-11-15 07:45:32	1	0	1	0
           566	2024-11-15 07:48:35	1	0	1	0
           566	2024-11-15 11:07:02	1	0	1	0
           643	2024-11-15 11:31:18	1	0	1	0
           664	2024-11-15 11:31:26	1	0	1	0
           387	2024-11-15 11:32:33	1	0	15	0
           422	2024-11-15 11:32:38	1	0	1	0
           196	2024-11-15 11:32:44	1	0	1	0
           360	2024-11-15 11:33:15	1	0	1	0
           366	2024-11-15 11:33:31	1	0	1	0
           642	2024-11-15 11:36:03	1	0	1	0
           581	2024-11-15 11:41:49	1	0	1	0
           632	2024-11-15 11:43:40	1	0	1	0
           360	2024-11-15 11:53:21	1	0	1	0
           581	2024-11-15 12:00:03	1	0	1	0
           422	2024-11-15 12:00:13	1	0	1	0
           387	2024-11-15 12:00:19	1	0	15	0
           606	2024-11-15 12:00:24	1	0	1	0
           664	2024-11-15 12:00:30	1	0	1	0
           196	2024-11-15 12:00:37	1	0	1	0
           632	2024-11-15 12:01:35	1	0	1	0
           643	2024-11-15 12:02:04	1	0	1	0
           119	2024-11-15 12:02:55	1	0	15	0
           366	2024-11-15 12:03:48	1	0	1	0
           642	2024-11-15 12:03:52	1	0	1	0
           119	2024-11-15 12:18:42	1	0	15	0
           583	2024-11-15 12:33:36	1	0	1	0
           567	2024-11-15 13:41:55	1	0	1	0
           124	2024-11-15 14:08:04	1	0	15	0
            70	2024-11-15 14:48:26	1	0	15	0
           664	2024-11-15 17:01:31	1	0	1	0
           387	2024-11-15 17:01:46	1	0	15	0
           422	2024-11-15 17:01:53	1	0	1	0
           643	2024-11-15 17:05:14	1	0	1	0
           366	2024-11-15 17:06:05	1	0	1	0
           632	2024-11-15 17:06:12	1	0	1	0
           196	2024-11-15 17:06:28	1	0	1	0
           642	2024-11-15 17:06:48	1	0	1	0
           360	2024-11-15 17:07:02	1	0	1	0
           119	2024-11-15 17:09:33	1	0	15	0
           581	2024-11-15 17:23:07	1	0	1	0
           583	2024-11-15 17:40:10	1	0	1	0
           418	2024-11-15 21:31:56	1	0	1	0
           567	2024-11-15 22:00:06	1	0	1	0
            70	2024-11-15 22:59:02	1	0	1	0
           664	2024-11-16 06:15:27	1	0	1	0
           418	2024-11-16 06:22:39	1	0	1	0
           600	2024-11-16 06:32:27	1	0	1	0
           387	2024-11-16 06:43:06	1	0	15	0
           196	2024-11-16 06:45:27	1	0	1	0
           119	2024-11-16 06:45:36	1	0	15	0
           567	2024-11-16 06:54:38	1	0	1	0
           422	2024-11-16 06:59:53	1	0	1	0
           366	2024-11-16 07:06:04	1	0	1	0
           642	2024-11-16 07:11:15	1	0	1	0
           643	2024-11-16 07:11:27	1	0	1	0
           646	2024-11-16 07:21:19	1	0	1	0
           581	2024-11-16 07:24:49	1	0	1	0
           360	2024-11-16 07:31:12	1	0	1	0
           582	2024-11-16 07:37:54	1	0	1	0
           363	2024-11-16 07:52:40	1	0	1	0
           398	2024-11-16 08:42:11	1	0	1	0
           485	2024-11-16 08:43:13	1	0	1	0
           583	2024-11-16 10:01:36	1	0	1	0
           600	2024-11-16 11:30:07	1	0	1	0
           360	2024-11-16 11:30:14	1	0	1	0
           642	2024-11-16 11:30:26	1	0	1	0
           366	2024-11-16 11:30:37	1	0	15	0
           646	2024-11-16 11:30:46	1	0	1	0
           387	2024-11-16 11:31:02	1	0	15	0
           582	2024-11-16 11:31:34	1	0	1	0
           581	2024-11-16 11:32:41	1	0	1	0
           196	2024-11-16 11:33:57	1	0	1	0
           664	2024-11-16 11:35:08	1	0	1	0
           643	2024-11-16 11:37:32	1	0	15	0
           422	2024-11-16 11:38:07	1	0	1	0
           422	2024-11-16 12:00:07	1	0	1	0
           387	2024-11-16 12:00:17	1	0	15	0
           664	2024-11-16 12:00:32	1	0	1	0
           366	2024-11-16 12:00:37	1	0	15	0
           643	2024-11-16 12:00:54	1	0	1	0
           600	2024-11-16 12:01:24	1	0	1	0
           360	2024-11-16 12:01:33	1	0	1	0
           196	2024-11-16 12:01:45	1	0	1	0
           646	2024-11-16 12:01:51	1	0	1	0
           642	2024-11-16 12:03:06	1	0	1	0
           485	2024-11-16 12:03:55	1	0	1	0
           581	2024-11-16 12:05:00	1	0	1	0
           363	2024-11-16 12:10:15	1	0	1	0
           582	2024-11-16 12:12:09	1	0	1	0
           632	2024-11-16 12:13:27	1	0	1	0
           485	2024-11-16 12:30:23	1	0	1	0
           363	2024-11-16 12:32:15	1	0	1	0
           418	2024-11-16 13:37:57	1	0	1	0
           567	2024-11-16 15:02:21	1	0	1	0
           583	2024-11-16 16:23:29	1	0	1	0
           398	2024-11-16 16:28:27	1	0	1	0
           600	2024-11-16 17:00:04	1	0	1	0
           581	2024-11-16 17:00:05	1	0	1	0
           664	2024-11-16 17:00:11	1	0	1	0
           643	2024-11-16 17:00:19	1	0	1	0
           422	2024-11-16 17:00:28	1	0	1	0
           642	2024-11-16 17:00:34	1	0	1	0
           366	2024-11-16 17:00:40	1	0	1	0
           387	2024-11-16 17:00:50	1	0	15	0
           196	2024-11-16 17:00:56	1	0	1	0
           582	2024-11-16 17:01:02	1	0	1	0
           632	2024-11-16 17:01:07	1	0	1	0
           646	2024-11-16 17:01:13	1	0	1	0
           363	2024-11-16 17:01:22	1	0	1	0
           119	2024-11-16 17:02:04	1	0	15	0
           360	2024-11-16 17:02:30	1	0	1	0
           485	2024-11-16 17:10:21	1	0	1	0
           305	2024-11-16 21:31:50	1	0	1	0
           418	2024-11-16 22:01:42	1	0	1	0
           567	2024-11-17 05:54:31	1	0	1	0
           196	2024-11-17 06:44:56	1	0	1	0
           387	2024-11-17 06:45:07	1	0	15	0
           119	2024-11-17 06:45:22	1	0	15	0
           422	2024-11-17 06:46:38	1	0	1	0
           305	2024-11-17 07:04:26	1	0	1	0
           664	2024-11-17 07:13:13	1	0	1	0
           643	2024-11-17 07:16:48	1	0	1	0
           643	2024-11-17 11:31:55	1	0	15	0
           664	2024-11-17 11:32:14	1	0	1	0
           119	2024-11-17 11:32:40	1	0	15	0
           196	2024-11-17 11:33:31	1	0	1	0
           387	2024-11-17 11:33:41	1	0	15	0
           422	2024-11-17 11:33:49	1	0	1	0
           422	2024-11-17 12:00:46	1	0	1	0
           664	2024-11-17 12:00:52	1	0	1	0
           387	2024-11-17 12:01:00	1	0	15	0
           196	2024-11-17 12:01:06	1	0	1	0
           418	2024-11-17 13:33:25	1	0	1	0
           567	2024-11-17 14:03:01	1	0	1	0
           422	2024-11-17 17:00:16	1	0	1	0
           387	2024-11-17 17:00:34	1	0	15	0
           196	2024-11-17 17:00:51	1	0	1	0
           664	2024-11-17 17:00:58	1	0	1	0
           119	2024-11-17 17:01:15	1	0	15	0
           305	2024-11-17 21:50:25	1	0	1	0
           418	2024-11-17 22:04:03	1	0	1	0
           124	2024-11-17 22:29:13	1	0	15	0
           620	2024-11-18 05:42:08	1	0	1	0
           114	2024-11-18 05:44:11	1	0	1	0
           467	2024-11-18 05:51:12	1	0	1	0
           119	2024-11-18 05:59:09	1	0	15	0
           196	2024-11-18 06:00:08	1	0	1	0
           632	2024-11-18 06:00:28	1	0	1	0
           305	2024-11-18 06:01:07	1	0	1	0
           337	2024-11-18 06:07:11	1	0	15	0
           443	2024-11-18 06:23:28	1	0	1	0
           387	2024-11-18 06:23:45	1	0	15	0
           529	2024-11-18 06:27:18	1	0	1	0
            88	2024-11-18 06:40:03	1	0	1	0
           418	2024-11-18 06:43:07	1	0	1	0
            37	2024-11-18 06:43:19	1	0	1	0
           606	2024-11-18 06:45:07	1	0	1	0
           182	2024-11-18 06:53:36	1	0	1	0
           600	2024-11-18 06:54:16	1	0	1	0
           646	2024-11-18 06:54:48	1	0	1	0
           314	2024-11-18 06:55:01	1	0	1	0
           124	2024-11-18 06:55:26	1	0	15	0
           366	2024-11-18 06:56:05	1	0	1	0
           573	2024-11-18 07:01:00	1	0	1	0
           184	2024-11-18 07:02:29	1	0	1	0
           146	2024-11-18 07:02:35	1	0	15	0
           460	2024-11-18 07:02:47	1	0	1	0
           375	2024-11-18 07:04:48	1	0	1	0
           413	2024-11-18 07:06:08	1	0	4	0
           149	2024-11-18 07:06:35	1	0	1	0
           556	2024-11-18 07:08:04	1	0	1	0
            93	2024-11-18 07:09:01	1	0	1	0
           398	2024-11-18 07:09:31	1	0	1	0
           631	2024-11-18 07:09:57	1	0	1	0
            40	2024-11-18 07:12:43	1	0	1	0
           566	2024-11-18 07:16:09	1	0	1	0
           581	2024-11-18 07:16:12	1	0	1	0
           601	2024-11-18 07:18:01	1	0	1	0
           642	2024-11-18 07:18:15	1	0	1	0
           643	2024-11-18 07:18:31	1	0	1	0
           101	2024-11-18 07:19:49	1	0	1	0
           360	2024-11-18 07:21:26	1	0	1	0
            77	2024-11-18 07:24:50	1	0	1	0
           546	2024-11-18 07:25:50	1	0	1	0
           579	2024-11-18 07:26:22	1	0	1	0
           115	2024-11-18 07:27:18	1	0	1	0
           582	2024-11-18 07:27:25	1	0	1	0
            86	2024-11-18 07:28:21	1	0	1	0
           485	2024-11-18 07:28:30	1	0	1	0
           492	2024-11-18 07:28:35	1	0	1	0
           659	2024-11-18 07:28:53	1	0	1	0
           227	2024-11-18 07:30:06	1	0	15	0
           338	2024-11-18 07:30:57	1	0	1	0
           183	2024-11-18 07:32:42	1	0	1	0
           397	2024-11-18 07:33:27	1	0	1	0
            27	2024-11-18 07:35:17	1	0	15	0
           453	2024-11-18 07:35:36	1	0	1	0
           408	2024-11-18 07:36:00	1	0	1	0
           648	2024-11-18 07:37:25	1	0	1	0
           434	2024-11-18 07:38:29	1	0	1	0
           259	2024-11-18 07:39:14	1	0	15	0
           660	2024-11-18 07:40:41	1	0	1	0
           663	2024-11-18 07:40:45	1	0	1	0
           476	2024-11-18 07:42:12	1	0	1	0
           335	2024-11-18 07:43:33	1	0	1	0
           523	2024-11-18 07:43:40	1	0	1	0
            38	2024-11-18 07:43:54	1	0	1	0
            73	2024-11-18 07:44:00	1	0	1	0
           593	2024-11-18 07:44:05	1	0	1	0
           105	2024-11-18 07:44:13	1	0	1	0
            83	2024-11-18 07:44:19	1	0	1	0
           370	2024-11-18 07:44:26	1	0	1	0
           374	2024-11-18 07:44:53	1	0	1	0
           562	2024-11-18 07:45:40	1	0	1	0
           541	2024-11-18 07:46:02	1	0	1	0
           252	2024-11-18 07:46:19	1	0	15	0
           465	2024-11-18 07:46:27	1	0	1	0
            75	2024-11-18 07:46:38	1	0	1	0
           502	2024-11-18 07:46:48	1	0	1	0
            74	2024-11-18 07:47:00	1	0	1	0
           363	2024-11-18 07:47:27	1	0	1	0
           405	2024-11-18 07:49:03	1	0	1	0
           604	2024-11-18 07:50:30	1	0	1	0
           635	2024-11-18 07:50:52	1	0	1	0
            87	2024-11-18 07:50:59	1	0	1	0
           121	2024-11-18 07:52:19	1	0	1	0
           399	2024-11-18 07:52:28	1	0	1	0
            69	2024-11-18 07:53:14	1	0	1	0
           623	2024-11-18 07:53:24	1	0	1	0
           205	2024-11-18 07:53:30	1	0	1	0
           331	2024-11-18 07:54:28	1	0	1	0
           655	2024-11-18 07:54:37	1	0	1	0
           206	2024-11-18 07:56:34	1	0	1	0
           275	2024-11-18 07:56:37	1	0	1	0
           125	2024-11-18 07:57:12	1	0	1	0
           580	2024-11-18 07:57:18	1	0	1	0
            53	2024-11-18 07:57:26	1	0	1	0
            70	2024-11-18 07:58:10	1	0	1	0
            45	2024-11-18 07:58:26	1	0	15	0
           361	2024-11-18 07:59:04	1	0	1	0
           312	2024-11-18 07:59:30	1	0	1	0
           513	2024-11-18 07:59:53	1	0	1	0
           586	2024-11-18 08:00:46	1	0	1	0
           236	2024-11-18 08:02:40	1	0	1	0
           350	2024-11-18 08:05:26	1	0	1	0
           511	2024-11-18 08:06:00	1	0	1	0
           583	2024-11-18 08:07:01	1	0	1	0
           414	2024-11-18 08:07:17	1	0	1	0
           132	2024-11-18 08:13:14	1	0	1	0
           460	2024-11-18 11:06:41	1	0	1	0
           460	2024-11-18 11:31:09	1	0	1	0
           581	2024-11-18 11:31:21	1	0	1	0
           387	2024-11-18 11:31:27	1	0	15	0
           196	2024-11-18 11:32:05	1	0	1	0
           443	2024-11-18 11:32:09	1	0	1	0
           366	2024-11-18 11:32:26	1	0	15	0
           643	2024-11-18 11:32:52	1	0	15	0
           582	2024-11-18 11:33:01	1	0	1	0
           646	2024-11-18 11:33:06	1	0	1	0
           600	2024-11-18 11:33:38	1	0	1	0
           566	2024-11-18 11:33:42	1	0	1	0
           632	2024-11-18 11:34:05	1	0	1	0
           360	2024-11-18 11:34:11	1	0	1	0
           642	2024-11-18 11:36:29	1	0	1	0
           115	2024-11-18 11:48:59	1	0	1	0
           337	2024-11-18 11:51:15	1	0	1	0
           579	2024-11-18 11:51:20	1	0	1	0
           546	2024-11-18 11:51:27	1	0	1	0
           573	2024-11-18 11:51:30	1	0	1	0
           632	2024-11-18 11:56:15	1	0	1	0
           642	2024-11-18 11:58:42	1	0	1	0
           581	2024-11-18 12:00:13	1	0	15	0
           405	2024-11-18 12:00:17	1	0	1	0
           361	2024-11-18 12:00:26	1	0	1	0
           387	2024-11-18 12:00:33	1	0	15	0
           375	2024-11-18 12:00:38	1	0	1	0
            88	2024-11-18 12:00:43	1	0	15	0
           363	2024-11-18 12:00:52	1	0	1	0
           582	2024-11-18 12:00:58	1	0	1	0
           397	2024-11-18 12:01:02	1	0	1	0
           663	2024-11-18 12:01:07	1	0	1	0
           660	2024-11-18 12:01:13	1	0	1	0
           350	2024-11-18 12:01:19	1	0	1	0
           196	2024-11-18 12:01:25	1	0	1	0
           374	2024-11-18 12:01:28	1	0	1	0
           606	2024-11-18 12:01:32	1	0	1	0
            37	2024-11-18 12:01:44	1	0	1	0
           182	2024-11-18 12:01:50	1	0	1	0
           236	2024-11-18 12:02:10	1	0	1	0
           476	2024-11-18 12:02:21	1	0	1	0
            53	2024-11-18 12:02:35	1	0	1	0
           149	2024-11-18 12:02:44	1	0	1	0
           101	2024-11-18 12:02:54	1	0	1	0
           655	2024-11-18 12:03:00	1	0	1	0
           623	2024-11-18 12:03:06	1	0	1	0
           511	2024-11-18 12:03:10	1	0	1	0
           593	2024-11-18 12:03:14	1	0	1	0
           635	2024-11-18 12:03:23	1	0	1	0
            77	2024-11-18 12:03:29	1	0	1	0
           659	2024-11-18 12:03:35	1	0	1	0
           631	2024-11-18 12:03:41	1	0	1	0
           467	2024-11-18 12:03:46	1	0	1	0
            69	2024-11-18 12:03:51	1	0	1	0
           643	2024-11-18 12:04:00	1	0	1	0
           541	2024-11-18 12:04:07	1	0	1	0
           114	2024-11-18 12:04:31	1	0	1	0
           513	2024-11-18 12:04:37	1	0	1	0
           105	2024-11-18 12:04:59	1	0	1	0
           648	2024-11-18 12:05:06	1	0	1	0
           586	2024-11-18 12:05:14	1	0	1	0
           566	2024-11-18 12:05:19	1	0	1	0
           443	2024-11-18 12:05:25	1	0	1	0
           314	2024-11-18 12:05:58	1	0	1	0
           601	2024-11-18 12:06:11	1	0	1	0
           132	2024-11-18 12:06:24	1	0	1	0
           399	2024-11-18 12:06:32	1	0	1	0
            75	2024-11-18 12:06:45	1	0	1	0
           600	2024-11-18 12:07:28	1	0	1	0
           205	2024-11-18 12:07:58	1	0	1	0
            40	2024-11-18 12:08:05	1	0	1	0
           604	2024-11-18 12:08:15	1	0	1	0
           125	2024-11-18 12:08:22	1	0	1	0
            74	2024-11-18 12:08:28	1	0	1	0
           502	2024-11-18 12:08:33	1	0	1	0
           579	2024-11-18 12:08:46	1	0	1	0
           183	2024-11-18 12:08:54	1	0	1	0
            93	2024-11-18 12:09:05	1	0	1	0
           184	2024-11-18 12:09:09	1	0	1	0
           556	2024-11-18 12:09:13	1	0	1	0
           546	2024-11-18 12:09:17	1	0	1	0
            38	2024-11-18 12:09:25	1	0	1	0
            86	2024-11-18 12:09:31	1	0	1	0
           580	2024-11-18 12:09:37	1	0	1	0
           465	2024-11-18 12:09:42	1	0	1	0
            87	2024-11-18 12:09:56	1	0	1	0
           206	2024-11-18 12:10:01	1	0	1	0
           434	2024-11-18 12:10:22	1	0	1	0
           335	2024-11-18 12:10:43	1	0	1	0
           338	2024-11-18 12:11:04	1	0	1	0
           408	2024-11-18 12:11:10	1	0	1	0
           312	2024-11-18 12:11:15	1	0	1	0
           413	2024-11-18 12:11:18	1	0	4	0
           331	2024-11-18 12:11:31	1	0	1	0
           121	2024-11-18 12:12:41	1	0	1	0
           337	2024-11-18 12:12:48	1	0	1	0
            83	2024-11-18 12:12:55	1	0	1	0
           259	2024-11-18 12:13:01	1	0	15	0
           370	2024-11-18 12:13:14	1	0	1	0
           366	2024-11-18 12:13:27	1	0	1	0
           529	2024-11-18 12:13:35	1	0	1	0
           252	2024-11-18 12:15:00	1	0	15	0
            73	2024-11-18 12:15:58	1	0	1	0
           146	2024-11-18 12:16:25	1	0	15	0
            53	2024-11-18 12:17:38	1	0	1	0
            37	2024-11-18 12:18:12	1	0	1	0
           511	2024-11-18 12:18:26	1	0	1	0
           492	2024-11-18 12:19:12	1	0	1	0
            27	2024-11-18 12:19:36	1	0	15	0
           493	2024-11-18 12:19:41	1	0	1	0
           573	2024-11-18 12:20:38	1	0	1	0
           314	2024-11-18 12:21:00	1	0	1	0
           467	2024-11-18 12:21:03	1	0	1	0
           275	2024-11-18 12:21:12	1	0	1	0
           114	2024-11-18 12:21:25	1	0	1	0
            77	2024-11-18 12:21:40	1	0	1	0
           115	2024-11-18 12:22:25	1	0	1	0
           541	2024-11-18 12:23:27	1	0	1	0
           374	2024-11-18 12:23:31	1	0	1	0
            40	2024-11-18 12:24:11	1	0	1	0
           453	2024-11-18 12:24:24	1	0	1	0
           206	2024-11-18 12:25:09	1	0	1	0
           413	2024-11-18 12:26:29	1	0	4	0
           434	2024-11-18 12:26:44	1	0	1	0
           646	2024-11-18 12:26:50	1	0	1	0
           205	2024-11-18 12:27:04	1	0	1	0
           513	2024-11-18 12:27:23	1	0	1	0
            38	2024-11-18 12:28:05	1	0	1	0
            74	2024-11-18 12:28:17	1	0	1	0
           523	2024-11-18 12:29:00	1	0	1	0
            75	2024-11-18 12:29:31	1	0	1	0
           465	2024-11-18 12:29:35	1	0	1	0
           101	2024-11-18 12:30:57	1	0	1	0
            87	2024-11-18 12:31:31	1	0	1	0
           259	2024-11-18 12:31:44	1	0	15	0
            88	2024-11-18 12:31:51	1	0	15	0
            69	2024-11-18 12:31:59	1	0	1	0
           182	2024-11-18 12:32:11	1	0	1	0
           183	2024-11-18 12:32:18	1	0	1	0
            93	2024-11-18 12:32:25	1	0	1	0
           606	2024-11-18 12:32:30	1	0	1	0
           655	2024-11-18 12:33:34	1	0	1	0
            83	2024-11-18 12:34:22	1	0	1	0
           105	2024-11-18 12:34:30	1	0	1	0
           492	2024-11-18 12:34:37	1	0	1	0
           635	2024-11-18 12:35:30	1	0	1	0
           275	2024-11-18 12:36:29	1	0	1	0
           149	2024-11-18 12:37:31	1	0	1	0
           331	2024-11-18 12:38:54	1	0	1	0
           360	2024-11-18 12:39:00	1	0	1	0
           631	2024-11-18 12:39:09	1	0	1	0
           601	2024-11-18 12:41:53	1	0	1	0
            86	2024-11-18 12:42:08	1	0	1	0
           583	2024-11-18 12:42:24	1	0	1	0
           146	2024-11-18 12:43:17	1	0	15	0
            73	2024-11-18 12:43:26	1	0	1	0
           338	2024-11-18 12:43:35	1	0	1	0
           476	2024-11-18 12:43:37	1	0	1	0
           335	2024-11-18 12:43:44	1	0	1	0
           529	2024-11-18 12:45:22	1	0	1	0
           397	2024-11-18 12:45:26	1	0	1	0
           660	2024-11-18 12:45:30	1	0	1	0
           663	2024-11-18 12:45:36	1	0	1	0
           121	2024-11-18 12:45:42	1	0	1	0
           586	2024-11-18 12:45:47	1	0	1	0
           648	2024-11-18 12:45:51	1	0	1	0
           370	2024-11-18 12:46:07	1	0	1	0
           604	2024-11-18 12:46:17	1	0	1	0
           125	2024-11-18 12:46:26	1	0	1	0
           252	2024-11-18 12:46:58	1	0	15	0
           502	2024-11-18 12:47:44	1	0	1	0
           405	2024-11-18 12:50:21	1	0	1	0
           375	2024-11-18 12:50:29	1	0	1	0
           361	2024-11-18 12:50:39	1	0	1	0
           363	2024-11-18 12:50:47	1	0	1	0
           453	2024-11-18 12:50:54	1	0	1	0
           493	2024-11-18 12:51:08	1	0	1	0
           523	2024-11-18 12:51:44	1	0	1	0
           184	2024-11-18 12:51:47	1	0	1	0
           623	2024-11-18 12:51:57	1	0	1	0
           312	2024-11-18 12:52:05	1	0	1	0
           399	2024-11-18 12:53:40	1	0	1	0
           350	2024-11-18 12:55:47	1	0	1	0
            27	2024-11-18 12:55:54	1	0	15	0
           593	2024-11-18 12:56:00	1	0	1	0
           485	2024-11-18 13:00:04	1	0	1	0
           236	2024-11-18 13:00:56	1	0	1	0
           583	2024-11-18 13:01:05	1	0	1	0
            45	2024-11-18 13:09:49	1	0	1	0
            45	2024-11-18 13:35:16	1	0	1	0
           485	2024-11-18 13:55:27	1	0	1	0
           620	2024-11-18 14:06:26	1	0	1	0
           305	2024-11-18 14:42:57	1	0	1	0
           418	2024-11-18 15:00:37	1	0	1	0
            70	2024-11-18 16:01:12	1	0	1	0
            93	2024-11-18 16:15:43	1	0	1	0
           413	2024-11-18 16:25:11	1	0	4	0
           460	2024-11-18 16:41:44	1	0	1	0
           529	2024-11-18 17:00:03	1	0	1	0
           252	2024-11-18 17:00:08	1	0	15	0
           566	2024-11-18 17:00:14	1	0	1	0
           387	2024-11-18 17:00:23	1	0	15	0
           581	2024-11-18 17:00:27	1	0	1	0
           663	2024-11-18 17:00:42	1	0	1	0
           660	2024-11-18 17:00:46	1	0	1	0
           331	2024-11-18 17:00:52	1	0	1	0
           350	2024-11-18 17:00:56	1	0	1	0
           397	2024-11-18 17:01:06	1	0	1	0
            53	2024-11-18 17:01:15	1	0	1	0
            37	2024-11-18 17:01:23	1	0	1	0
            77	2024-11-18 17:01:30	1	0	1	0
            74	2024-11-18 17:02:09	1	0	1	0
           101	2024-11-18 17:02:28	1	0	1	0
           493	2024-11-18 17:02:48	1	0	1	0
            27	2024-11-18 17:02:55	1	0	15	0
           374	2024-11-18 17:03:03	1	0	1	0
           601	2024-11-18 17:03:09	1	0	1	0
           405	2024-11-18 17:03:18	1	0	1	0
           600	2024-11-18 17:03:21	1	0	1	0
           523	2024-11-18 17:03:51	1	0	1	0
            86	2024-11-18 17:04:19	1	0	1	0
           149	2024-11-18 17:04:29	1	0	1	0
           631	2024-11-18 17:04:38	1	0	1	0
           604	2024-11-18 17:04:50	1	0	1	0
           125	2024-11-18 17:04:58	1	0	1	0
           513	2024-11-18 17:05:02	1	0	1	0
           453	2024-11-18 17:05:10	1	0	1	0
           476	2024-11-18 17:05:17	1	0	1	0
           562	2024-11-18 17:05:20	1	0	1	0
           659	2024-11-18 17:06:00	1	0	1	0
           606	2024-11-18 17:06:05	1	0	1	0
           648	2024-11-18 17:06:14	1	0	1	0
           586	2024-11-18 17:06:21	1	0	1	0
           184	2024-11-18 17:06:40	1	0	1	0
           398	2024-11-18 17:06:47	1	0	1	0
           236	2024-11-18 17:07:31	1	0	1	0
           363	2024-11-18 17:09:27	1	0	1	0
           623	2024-11-18 17:09:49	1	0	1	0
           337	2024-11-18 17:10:34	1	0	1	0
           115	2024-11-18 17:11:01	1	0	1	0
            38	2024-11-18 17:11:27	1	0	1	0
           399	2024-11-18 17:11:34	1	0	1	0
           196	2024-11-18 17:11:40	1	0	1	0
           408	2024-11-18 17:12:14	1	0	1	0
           338	2024-11-18 17:12:17	1	0	1	0
           227	2024-11-18 17:13:04	1	0	15	0
           573	2024-11-18 17:13:13	1	0	1	0
           361	2024-11-18 17:13:30	1	0	1	0
           132	2024-11-18 17:13:36	1	0	1	0
           370	2024-11-18 17:13:49	1	0	1	0
           635	2024-11-18 17:15:43	1	0	1	0
           434	2024-11-18 17:16:09	1	0	1	0
            73	2024-11-18 17:16:23	1	0	1	0
           146	2024-11-18 17:18:14	1	0	15	0
            69	2024-11-18 17:20:57	1	0	1	0
           182	2024-11-18 17:21:02	1	0	1	0
           121	2024-11-18 17:29:10	1	0	1	0
           546	2024-11-18 17:31:53	1	0	1	0
           579	2024-11-18 17:31:57	1	0	1	0
           467	2024-11-18 17:33:47	1	0	1	0
           541	2024-11-18 17:35:39	1	0	1	0
           312	2024-11-18 17:38:26	1	0	1	0
            83	2024-11-18 17:43:05	1	0	1	0
           600	2024-11-18 17:44:05	1	0	1	0
           502	2024-11-18 17:44:33	1	0	1	0
            40	2024-11-18 17:48:24	1	0	1	0
           511	2024-11-18 17:51:35	1	0	1	0
           593	2024-11-18 17:52:09	1	0	1	0
           259	2024-11-18 18:01:06	1	0	15	0
           206	2024-11-18 18:04:42	1	0	1	0
           485	2024-11-18 18:05:28	1	0	1	0
           275	2024-11-18 18:05:34	1	0	1	0
            87	2024-11-18 18:05:54	1	0	1	0
           183	2024-11-18 18:06:53	1	0	1	0
           114	2024-11-18 18:15:19	1	0	1	0
            45	2024-11-18 18:18:20	1	0	15	0
           414	2024-11-18 18:39:40	1	0	1	0
            75	2024-11-18 18:43:29	1	0	1	0
           465	2024-11-18 18:43:38	1	0	15	0
           556	2024-11-18 18:43:45	1	0	1	0
           655	2024-11-18 18:56:23	1	0	1	0
           314	2024-11-18 19:31:49	1	0	1	0
           205	2024-11-18 19:40:05	1	0	1	0
            88	2024-11-18 19:52:18	1	0	1	0
           335	2024-11-18 21:08:07	1	0	1	0
           582	2024-11-18 21:09:06	1	0	1	0
           600	2024-11-18 21:18:41	1	0	1	0
           443	2024-11-18 21:18:52	1	0	1	0
           643	2024-11-18 21:19:50	1	0	15	0
           642	2024-11-18 21:20:01	1	0	1	0
           366	2024-11-18 21:20:27	1	0	15	0
           360	2024-11-18 21:23:41	1	0	1	0
           583	2024-11-18 21:25:14	1	0	1	0
           632	2024-11-18 21:25:45	1	0	1	0
           646	2024-11-18 21:25:57	1	0	1	0
           124	2024-11-18 21:38:42	1	0	15	0
           492	2024-11-18 22:00:10	1	0	1	0
           305	2024-11-18 23:01:41	1	0	1	0
           337	2024-11-19 05:50:29	1	0	1	0
           492	2024-11-19 05:50:41	1	0	1	0
           196	2024-11-19 06:06:52	1	0	1	0
           632	2024-11-19 06:07:04	1	0	1	0
           114	2024-11-19 06:11:15	1	0	1	0
           123	2024-11-19 06:22:47	1	0	1	0
           124	2024-11-19 06:26:18	1	0	15	0
           387	2024-11-19 06:32:05	1	0	15	0
           664	2024-11-19 06:32:15	1	0	1	0
           418	2024-11-19 06:34:20	1	0	1	0
            69	2024-11-19 06:37:39	1	0	1	0
           600	2024-11-19 06:39:57	1	0	1	0
           187	2024-11-19 06:41:37	1	0	1	0
           182	2024-11-19 06:42:44	1	0	1	0
            88	2024-11-19 06:50:58	1	0	1	0
           573	2024-11-19 06:53:11	1	0	1	0
           460	2024-11-19 06:56:22	1	0	1	0
           184	2024-11-19 06:56:53	1	0	1	0
           146	2024-11-19 06:56:57	1	0	15	0
            93	2024-11-19 06:57:28	1	0	1	0
           581	2024-11-19 07:05:07	1	0	1	0
           606	2024-11-19 07:06:22	1	0	1	0
           375	2024-11-19 07:06:57	1	0	1	0
           413	2024-11-19 07:07:15	1	0	4	0
           366	2024-11-19 07:09:53	1	0	1	0
            86	2024-11-19 07:12:20	1	0	1	0
           631	2024-11-19 07:13:03	1	0	1	0
           467	2024-11-19 07:13:11	1	0	1	0
           546	2024-11-19 07:13:17	1	0	1	0
           149	2024-11-19 07:15:56	1	0	15	0
           227	2024-11-19 07:20:01	1	0	15	0
           443	2024-11-19 07:20:08	1	0	1	0
           642	2024-11-19 07:21:55	1	0	1	0
           643	2024-11-19 07:22:12	1	0	15	0
            37	2024-11-19 07:22:20	1	0	1	0
           646	2024-11-19 07:25:47	1	0	1	0
            77	2024-11-19 07:26:30	1	0	1	0
           115	2024-11-19 07:27:57	1	0	1	0
           582	2024-11-19 07:28:17	1	0	1	0
           579	2024-11-19 07:29:33	1	0	1	0
            95	2024-11-19 07:30:11	1	0	1	0
            39	2024-11-19 07:30:55	1	0	1	0
           252	2024-11-19 07:31:29	1	0	15	0
           601	2024-11-19 07:32:53	1	0	1	0
           556	2024-11-19 07:32:56	1	0	1	0
           397	2024-11-19 07:33:01	1	0	1	0
           434	2024-11-19 07:34:24	1	0	1	0
           259	2024-11-19 07:34:33	1	0	15	0
           314	2024-11-19 07:35:38	1	0	1	0
           635	2024-11-19 07:39:25	1	0	1	0
            70	2024-11-19 07:39:59	1	0	1	0
           101	2024-11-19 07:42:27	1	0	1	0
           660	2024-11-19 07:42:36	1	0	1	0
           663	2024-11-19 07:42:41	1	0	1	0
           125	2024-11-19 07:43:46	1	0	1	0
           659	2024-11-19 07:44:22	1	0	1	0
           523	2024-11-19 07:44:31	1	0	1	0
            27	2024-11-19 07:47:41	1	0	15	0
           288	2024-11-19 07:48:00	1	0	1	0
           194	2024-11-19 07:48:05	1	0	1	0
           453	2024-11-19 07:48:13	1	0	1	0
            83	2024-11-19 07:48:21	1	0	1	0
           360	2024-11-19 07:48:28	1	0	1	0
           502	2024-11-19 07:48:34	1	0	1	0
            53	2024-11-19 07:48:45	1	0	1	0
           493	2024-11-19 07:48:59	1	0	1	0
           476	2024-11-19 07:50:07	1	0	1	0
           335	2024-11-19 07:50:22	1	0	1	0
           623	2024-11-19 07:50:40	1	0	1	0
           205	2024-11-19 07:51:18	1	0	1	0
           200	2024-11-19 07:51:23	1	0	1	0
           399	2024-11-19 07:52:20	1	0	1	0
           562	2024-11-19 07:52:25	1	0	1	0
           604	2024-11-19 07:53:01	1	0	1	0
           648	2024-11-19 07:53:10	1	0	1	0
            74	2024-11-19 07:53:28	1	0	1	0
           655	2024-11-19 07:53:33	1	0	1	0
           404	2024-11-19 07:53:39	1	0	1	0
           331	2024-11-19 07:53:45	1	0	1	0
           121	2024-11-19 07:53:51	1	0	1	0
           363	2024-11-19 07:56:04	1	0	1	0
           338	2024-11-19 07:56:44	1	0	1	0
           513	2024-11-19 07:56:49	1	0	1	0
           580	2024-11-19 07:57:12	1	0	1	0
           132	2024-11-19 07:58:12	1	0	1	0
           417	2024-11-19 07:58:37	1	0	1	0
           529	2024-11-19 07:58:59	1	0	1	0
           541	2024-11-19 07:59:38	1	0	1	0
           312	2024-11-19 08:00:01	1	0	1	0
            40	2024-11-19 08:00:41	1	0	1	0
           583	2024-11-19 08:00:56	1	0	1	0
            73	2024-11-19 08:01:52	1	0	1	0
            38	2024-11-19 08:02:02	1	0	1	0
           408	2024-11-19 08:02:21	1	0	1	0
           511	2024-11-19 08:03:12	1	0	1	0
           350	2024-11-19 08:03:27	1	0	1	0
           405	2024-11-19 08:05:25	1	0	1	0
           370	2024-11-19 08:05:31	1	0	1	0
           236	2024-11-19 08:12:18	1	0	1	0
           398	2024-11-19 08:13:54	1	0	1	0
           516	2024-11-19 08:14:51	1	0	1	0
           586	2024-11-19 08:14:53	1	0	1	0
           414	2024-11-19 08:16:10	1	0	1	0
            45	2024-11-19 08:18:47	1	0	1	0
           275	2024-11-19 08:28:08	1	0	1	0
           206	2024-11-19 08:28:13	1	0	1	0
            87	2024-11-19 08:37:15	1	0	1	0
           593	2024-11-19 08:37:37	1	0	1	0
           183	2024-11-19 08:41:10	1	0	1	0
           485	2024-11-19 08:46:02	1	0	1	0
           460	2024-11-19 11:01:35	1	0	1	0
           387	2024-11-19 11:31:29	1	0	15	0
           600	2024-11-19 11:33:52	1	0	1	0
           196	2024-11-19 11:33:59	1	0	1	0
           581	2024-11-19 11:34:05	1	0	1	0
           632	2024-11-19 11:34:38	1	0	1	0
           664	2024-11-19 11:35:56	1	0	1	0
           460	2024-11-19 11:41:37	1	0	1	0
           115	2024-11-19 11:47:46	1	0	1	0
           632	2024-11-19 11:53:36	1	0	1	0
           331	2024-11-19 11:58:24	1	0	1	0
           387	2024-11-19 12:00:06	1	0	15	0
           664	2024-11-19 12:00:14	1	0	1	0
           196	2024-11-19 12:00:19	1	0	1	0
           399	2024-11-19 12:00:26	1	0	1	0
           606	2024-11-19 12:00:32	1	0	1	0
            53	2024-11-19 12:00:39	1	0	1	0
           397	2024-11-19 12:00:46	1	0	1	0
           660	2024-11-19 12:00:51	1	0	1	0
           663	2024-11-19 12:00:56	1	0	1	0
            37	2024-11-19 12:01:07	1	0	1	0
           600	2024-11-19 12:01:11	1	0	1	0
           623	2024-11-19 12:01:16	1	0	1	0
           236	2024-11-19 12:01:25	1	0	1	0
            87	2024-11-19 12:01:29	1	0	1	0
           350	2024-11-19 12:01:34	1	0	1	0
           184	2024-11-19 12:01:40	1	0	1	0
           581	2024-11-19 12:01:45	1	0	1	0
           566	2024-11-19 12:01:48	1	0	1	0
           149	2024-11-19 12:02:03	1	0	1	0
           146	2024-11-19 12:02:12	1	0	15	0
           476	2024-11-19 12:02:49	1	0	1	0
           132	2024-11-19 12:03:38	1	0	1	0
           655	2024-11-19 12:04:13	1	0	1	0
           252	2024-11-19 12:04:22	1	0	15	0
           511	2024-11-19 12:04:38	1	0	1	0
           121	2024-11-19 12:04:53	1	0	1	0
           288	2024-11-19 12:04:58	1	0	1	0
            74	2024-11-19 12:05:14	1	0	1	0
           635	2024-11-19 12:05:37	1	0	1	0
           586	2024-11-19 12:05:41	1	0	1	0
           648	2024-11-19 12:05:47	1	0	1	0
            38	2024-11-19 12:06:04	1	0	1	0
            77	2024-11-19 12:06:11	1	0	1	0
           659	2024-11-19 12:06:17	1	0	1	0
           562	2024-11-19 12:06:22	1	0	1	0
           338	2024-11-19 12:06:24	1	0	1	0
           556	2024-11-19 12:06:29	1	0	1	0
           580	2024-11-19 12:06:34	1	0	1	0
           375	2024-11-19 12:06:45	1	0	1	0
           414	2024-11-19 12:07:04	1	0	1	0
           205	2024-11-19 12:07:09	1	0	1	0
           434	2024-11-19 12:07:15	1	0	1	0
           413	2024-11-19 12:07:17	1	0	4	0
           541	2024-11-19 12:07:31	1	0	1	0
           370	2024-11-19 12:07:35	1	0	1	0
           502	2024-11-19 12:07:48	1	0	1	0
           583	2024-11-19 12:07:55	1	0	1	0
           101	2024-11-19 12:08:23	1	0	1	0
           604	2024-11-19 12:08:50	1	0	1	0
           125	2024-11-19 12:09:00	1	0	1	0
            27	2024-11-19 12:09:13	1	0	15	0
           453	2024-11-19 12:09:20	1	0	1	0
           194	2024-11-19 12:09:29	1	0	1	0
           200	2024-11-19 12:09:34	1	0	1	0
           631	2024-11-19 12:10:01	1	0	1	0
           529	2024-11-19 12:10:35	1	0	1	0
            73	2024-11-19 12:11:02	1	0	1	0
           546	2024-11-19 12:11:59	1	0	1	0
           467	2024-11-19 12:12:05	1	0	1	0
           314	2024-11-19 12:12:11	1	0	1	0
           579	2024-11-19 12:12:24	1	0	1	0
           493	2024-11-19 12:13:42	1	0	1	0
           601	2024-11-19 12:13:48	1	0	1	0
           492	2024-11-19 12:13:53	1	0	1	0
           405	2024-11-19 12:14:03	1	0	1	0
           516	2024-11-19 12:14:16	1	0	1	0
           335	2024-11-19 12:14:44	1	0	1	0
           115	2024-11-19 12:14:51	1	0	1	0
            88	2024-11-19 12:14:59	1	0	15	0
           183	2024-11-19 12:15:07	1	0	1	0
           182	2024-11-19 12:15:15	1	0	1	0
           275	2024-11-19 12:15:21	1	0	1	0
           114	2024-11-19 12:15:26	1	0	1	0
            93	2024-11-19 12:15:29	1	0	1	0
           573	2024-11-19 12:15:43	1	0	1	0
            53	2024-11-19 12:16:05	1	0	1	0
            37	2024-11-19 12:17:18	1	0	1	0
           363	2024-11-19 12:17:35	1	0	1	0
           417	2024-11-19 12:17:53	1	0	1	0
           331	2024-11-19 12:22:15	1	0	1	0
            77	2024-11-19 12:22:49	1	0	1	0
           635	2024-11-19 12:23:01	1	0	1	0
           413	2024-11-19 12:23:09	1	0	4	0
           205	2024-11-19 12:23:27	1	0	1	0
           414	2024-11-19 12:23:34	1	0	1	0
            74	2024-11-19 12:23:49	1	0	1	0
            40	2024-11-19 12:24:18	1	0	1	0
           593	2024-11-19 12:24:22	1	0	1	0
           259	2024-11-19 12:25:31	1	0	15	0
            87	2024-11-19 12:26:36	1	0	1	0
           476	2024-11-19 12:27:14	1	0	1	0
           606	2024-11-19 12:28:45	1	0	1	0
            38	2024-11-19 12:28:52	1	0	1	0
           579	2024-11-19 12:30:30	1	0	1	0
           314	2024-11-19 12:30:34	1	0	1	0
            39	2024-11-19 12:30:39	1	0	1	0
           583	2024-11-19 12:30:56	1	0	1	0
           398	2024-11-19 12:31:01	1	0	1	0
           523	2024-11-19 12:31:18	1	0	1	0
           492	2024-11-19 12:31:55	1	0	1	0
           338	2024-11-19 12:32:09	1	0	1	0
           516	2024-11-19 12:32:17	1	0	1	0
           467	2024-11-19 12:32:47	1	0	1	0
           546	2024-11-19 12:32:50	1	0	1	0
           573	2024-11-19 12:32:53	1	0	1	0
           194	2024-11-19 12:33:02	1	0	1	0
           288	2024-11-19 12:33:09	1	0	1	0
           252	2024-11-19 12:33:14	1	0	15	0
           502	2024-11-19 12:33:42	1	0	1	0
           511	2024-11-19 12:34:12	1	0	1	0
           623	2024-11-19 12:34:15	1	0	1	0
           562	2024-11-19 12:35:11	1	0	1	0
           631	2024-11-19 12:35:40	1	0	1	0
            83	2024-11-19 12:36:34	1	0	1	0
           556	2024-11-19 12:37:17	1	0	1	0
           206	2024-11-19 12:37:24	1	0	1	0
           149	2024-11-19 12:37:34	1	0	1	0
           541	2024-11-19 12:37:39	1	0	1	0
            73	2024-11-19 12:37:46	1	0	1	0
           417	2024-11-19 12:38:05	1	0	1	0
           363	2024-11-19 12:38:16	1	0	1	0
           513	2024-11-19 12:38:30	1	0	1	0
           404	2024-11-19 12:39:06	1	0	1	0
           101	2024-11-19 12:39:20	1	0	1	0
           121	2024-11-19 12:41:38	1	0	1	0
           659	2024-11-19 12:41:44	1	0	1	0
           312	2024-11-19 12:41:55	1	0	1	0
           397	2024-11-19 12:45:45	1	0	1	0
           663	2024-11-19 12:45:49	1	0	1	0
           660	2024-11-19 12:45:55	1	0	1	0
           655	2024-11-19 12:46:07	1	0	1	0
           601	2024-11-19 12:46:24	1	0	1	0
            88	2024-11-19 12:46:41	1	0	15	0
           350	2024-11-19 12:47:18	1	0	1	0
           114	2024-11-19 12:47:24	1	0	1	0
           434	2024-11-19 12:47:29	1	0	1	0
            39	2024-11-19 12:48:10	1	0	1	0
           183	2024-11-19 12:48:22	1	0	15	0
            93	2024-11-19 12:48:29	1	0	1	0
           259	2024-11-19 12:48:37	1	0	15	0
           529	2024-11-19 12:48:47	1	0	1	0
           604	2024-11-19 12:48:54	1	0	1	0
           125	2024-11-19 12:49:02	1	0	1	0
           586	2024-11-19 12:49:07	1	0	1	0
           648	2024-11-19 12:49:13	1	0	1	0
           200	2024-11-19 12:49:39	1	0	1	0
           523	2024-11-19 12:49:45	1	0	1	0
           370	2024-11-19 12:52:13	1	0	1	0
            40	2024-11-19 12:52:41	1	0	1	0
           182	2024-11-19 12:53:38	1	0	1	0
           184	2024-11-19 12:54:02	1	0	1	0
           146	2024-11-19 12:54:07	1	0	15	0
           580	2024-11-19 12:54:21	1	0	1	0
            95	2024-11-19 12:55:14	1	0	1	0
           335	2024-11-19 12:55:23	1	0	1	0
           399	2024-11-19 12:55:32	1	0	1	0
           493	2024-11-19 12:55:43	1	0	1	0
           453	2024-11-19 12:55:58	1	0	1	0
           206	2024-11-19 12:56:55	1	0	1	0
           275	2024-11-19 12:57:01	1	0	1	0
            27	2024-11-19 12:57:12	1	0	15	0
           312	2024-11-19 12:57:52	1	0	1	0
           513	2024-11-19 12:58:08	1	0	1	0
            83	2024-11-19 12:59:09	1	0	1	0
           236	2024-11-19 13:04:59	1	0	1	0
           485	2024-11-19 13:10:02	1	0	1	0
            45	2024-11-19 13:10:32	1	0	1	0
            45	2024-11-19 13:30:51	1	0	1	0
           305	2024-11-19 13:45:16	1	0	1	0
           485	2024-11-19 13:54:26	1	0	1	0
           124	2024-11-19 14:26:59	1	0	15	0
           418	2024-11-19 15:08:11	1	0	1	0
            70	2024-11-19 16:02:03	1	0	1	0
           413	2024-11-19 16:14:52	1	0	4	0
            93	2024-11-19 16:15:12	1	0	1	0
           182	2024-11-19 16:40:11	1	0	1	0
           581	2024-11-19 17:00:11	1	0	1	0
           664	2024-11-19 17:00:16	1	0	1	0
           331	2024-11-19 17:00:23	1	0	1	0
           397	2024-11-19 17:00:27	1	0	1	0
           660	2024-11-19 17:00:31	1	0	1	0
           663	2024-11-19 17:00:35	1	0	1	0
           387	2024-11-19 17:00:43	1	0	15	0
           623	2024-11-19 17:00:48	1	0	15	0
           566	2024-11-19 17:00:53	1	0	1	0
           562	2024-11-19 17:00:59	1	0	1	0
            37	2024-11-19 17:01:07	1	0	1	0
            77	2024-11-19 17:01:14	1	0	1	0
           635	2024-11-19 17:01:20	1	0	1	0
           132	2024-11-19 17:01:33	1	0	1	0
           632	2024-11-19 17:02:35	1	0	1	0
           659	2024-11-19 17:02:51	1	0	1	0
           149	2024-11-19 17:03:02	1	0	1	0
            53	2024-11-19 17:03:11	1	0	1	0
           586	2024-11-19 17:03:17	1	0	1	0
           476	2024-11-19 17:03:22	1	0	1	0
           601	2024-11-19 17:03:35	1	0	1	0
           194	2024-11-19 17:03:51	1	0	1	0
           288	2024-11-19 17:03:56	1	0	1	0
           556	2024-11-19 17:04:03	1	0	1	0
           398	2024-11-19 17:04:52	1	0	1	0
           648	2024-11-19 17:05:05	1	0	1	0
           252	2024-11-19 17:05:19	1	0	15	0
           604	2024-11-19 17:05:33	1	0	1	0
            39	2024-11-19 17:05:49	1	0	1	0
           493	2024-11-19 17:05:57	1	0	1	0
           125	2024-11-19 17:06:03	1	0	1	0
           502	2024-11-19 17:07:52	1	0	1	0
           115	2024-11-19 17:08:07	1	0	1	0
           523	2024-11-19 17:08:44	1	0	1	0
           460	2024-11-19 17:08:52	1	0	1	0
           196	2024-11-19 17:09:03	1	0	1	0
           236	2024-11-19 17:09:10	1	0	1	0
           350	2024-11-19 17:09:16	1	0	1	0
           546	2024-11-19 17:10:01	1	0	1	0
           184	2024-11-19 17:10:22	1	0	1	0
           511	2024-11-19 17:10:50	1	0	1	0
           513	2024-11-19 17:11:13	1	0	1	0
            38	2024-11-19 17:11:29	1	0	1	0
           631	2024-11-19 17:11:35	1	0	1	0
           453	2024-11-19 17:11:45	1	0	1	0
           227	2024-11-19 17:11:54	1	0	15	0
           121	2024-11-19 17:12:03	1	0	1	0
           101	2024-11-19 17:12:09	1	0	1	0
           434	2024-11-19 17:12:17	1	0	1	0
           408	2024-11-19 17:12:23	1	0	1	0
           312	2024-11-19 17:12:31	1	0	1	0
           338	2024-11-19 17:12:42	1	0	1	0
           541	2024-11-19 17:12:51	1	0	1	0
            27	2024-11-19 17:12:57	1	0	15	0
           579	2024-11-19 17:13:06	1	0	1	0
           573	2024-11-19 17:13:11	1	0	1	0
           370	2024-11-19 17:13:27	1	0	1	0
           404	2024-11-19 17:13:36	1	0	1	0
           399	2024-11-19 17:14:12	1	0	1	0
            74	2024-11-19 17:14:50	1	0	1	0
           417	2024-11-19 17:15:39	1	0	15	0
           363	2024-11-19 17:16:13	1	0	1	0
           529	2024-11-19 17:19:42	1	0	15	0
           600	2024-11-19 17:20:16	1	0	1	0
           580	2024-11-19 17:20:24	1	0	1	0
            73	2024-11-19 17:21:36	1	0	1	0
           485	2024-11-19 17:21:44	1	0	1	0
            95	2024-11-19 17:21:47	1	0	1	0
           606	2024-11-19 17:22:24	1	0	1	0
            83	2024-11-19 17:23:04	1	0	1	0
           556	2024-11-19 17:23:20	1	0	1	0
           146	2024-11-19 17:26:11	1	0	15	0
           516	2024-11-19 17:29:15	1	0	1	0
           582	2024-11-19 17:33:18	1	0	1	0
           593	2024-11-19 17:39:04	1	0	1	0
           467	2024-11-19 17:39:28	1	0	1	0
            40	2024-11-19 17:41:43	1	0	1	0
           114	2024-11-19 17:43:49	1	0	1	0
           583	2024-11-19 17:44:37	1	0	1	0
           205	2024-11-19 17:48:21	1	0	1	0
           314	2024-11-19 17:51:41	1	0	1	0
           642	2024-11-19 17:55:04	1	0	1	0
           643	2024-11-19 17:55:25	1	0	15	0
           259	2024-11-19 18:01:52	1	0	15	0
           183	2024-11-19 18:04:01	1	0	1	0
            87	2024-11-19 18:05:37	1	0	1	0
           206	2024-11-19 18:06:12	1	0	1	0
           275	2024-11-19 18:06:31	1	0	1	0
            45	2024-11-19 18:08:04	1	0	1	0
            88	2024-11-19 18:25:12	1	0	1	0
           360	2024-11-19 18:27:52	1	0	1	0
           443	2024-11-19 18:35:09	1	0	1	0
           366	2024-11-19 18:35:48	1	0	1	0
           646	2024-11-19 18:39:10	1	0	1	0
           123	2024-11-19 18:39:34	1	0	1	0
           492	2024-11-19 18:59:19	1	0	1	0
           414	2024-11-19 18:59:56	1	0	1	0
           200	2024-11-19 19:24:49	1	0	1	0
           655	2024-11-19 19:59:52	1	0	1	0
           335	2024-11-19 21:22:13	1	0	1	0
           305	2024-11-19 22:00:05	1	0	1	0
           567	2024-11-19 22:05:28	1	0	1	0
           124	2024-11-19 23:00:28	1	0	15	0
           337	2024-11-20 06:11:50	1	0	15	0
           123	2024-11-20 06:20:33	1	0	1	0
           646	2024-11-20 06:21:20	1	0	1	0
           443	2024-11-20 06:33:44	1	0	1	0
           196	2024-11-20 06:34:09	1	0	1	0
           305	2024-11-20 06:34:15	1	0	1	0
           119	2024-11-20 06:34:29	1	0	15	0
           632	2024-11-20 06:34:46	1	0	1	0
           422	2024-11-20 06:34:54	1	0	1	0
           600	2024-11-20 06:40:13	1	0	1	0
           606	2024-11-20 06:41:17	1	0	1	0
           187	2024-11-20 06:41:34	1	0	1	0
           465	2024-11-20 06:42:57	1	0	1	0
           387	2024-11-20 06:43:36	1	0	15	0
           182	2024-11-20 06:44:12	1	0	1	0
           664	2024-11-20 06:45:55	1	0	1	0
           184	2024-11-20 06:47:16	1	0	1	0
           146	2024-11-20 06:48:05	1	0	15	0
            88	2024-11-20 06:49:40	1	0	15	0
           645	2024-11-20 06:52:10	1	0	1	0
           413	2024-11-20 06:56:33	1	0	4	0
           460	2024-11-20 06:57:55	1	0	1	0
            37	2024-11-20 06:58:23	1	0	1	0
           114	2024-11-20 06:58:48	1	0	1	0
            93	2024-11-20 06:59:21	1	0	1	0
           567	2024-11-20 07:00:05	1	0	1	0
           227	2024-11-20 07:01:00	1	0	15	0
           314	2024-11-20 07:01:22	1	0	1	0
           573	2024-11-20 07:06:44	1	0	1	0
           566	2024-11-20 07:09:53	1	0	1	0
           631	2024-11-20 07:11:47	1	0	1	0
           601	2024-11-20 07:11:55	1	0	1	0
           101	2024-11-20 07:12:06	1	0	1	0
           115	2024-11-20 07:12:59	1	0	1	0
           581	2024-11-20 07:13:17	1	0	1	0
           366	2024-11-20 07:18:54	1	0	1	0
           579	2024-11-20 07:20:47	1	0	1	0
           642	2024-11-20 07:21:32	1	0	1	0
           643	2024-11-20 07:21:47	1	0	15	0
           582	2024-11-20 07:21:53	1	0	1	0
            77	2024-11-20 07:23:38	1	0	1	0
           583	2024-11-20 07:25:07	1	0	1	0
           405	2024-11-20 07:25:43	1	0	1	0
           360	2024-11-20 07:29:07	1	0	1	0
           288	2024-11-20 07:29:14	1	0	1	0
           194	2024-11-20 07:29:22	1	0	1	0
            95	2024-11-20 07:30:34	1	0	1	0
           125	2024-11-20 07:30:58	1	0	1	0
           660	2024-11-20 07:34:38	1	0	1	0
           397	2024-11-20 07:34:41	1	0	1	0
           434	2024-11-20 07:37:48	1	0	1	0
           663	2024-11-20 07:38:00	1	0	1	0
           444	2024-11-20 07:40:09	1	0	1	0
           511	2024-11-20 07:41:41	1	0	1	0
           476	2024-11-20 07:41:52	1	0	1	0
           529	2024-11-20 07:42:06	1	0	1	0
            83	2024-11-20 07:42:58	1	0	1	0
           408	2024-11-20 07:43:03	1	0	1	0
            39	2024-11-20 07:43:10	1	0	1	0
           640	2024-11-20 07:43:33	1	0	1	0
           523	2024-11-20 07:44:21	1	0	1	0
           659	2024-11-20 07:46:07	1	0	1	0
           493	2024-11-20 07:46:52	1	0	1	0
           556	2024-11-20 07:47:47	1	0	1	0
           149	2024-11-20 07:48:01	1	0	1	0
           562	2024-11-20 07:48:12	1	0	1	0
           259	2024-11-20 07:48:31	1	0	15	0
            70	2024-11-20 07:48:43	1	0	1	0
            27	2024-11-20 07:49:12	1	0	15	0
           604	2024-11-20 07:49:24	1	0	1	0
           453	2024-11-20 07:49:34	1	0	1	0
           513	2024-11-20 07:49:49	1	0	1	0
           350	2024-11-20 07:50:45	1	0	1	0
           648	2024-11-20 07:51:20	1	0	1	0
           580	2024-11-20 07:52:07	1	0	1	0
           485	2024-11-20 07:52:17	1	0	1	0
           338	2024-11-20 07:52:24	1	0	1	0
           635	2024-11-20 07:52:48	1	0	1	0
           331	2024-11-20 07:53:05	1	0	1	0
           467	2024-11-20 07:53:15	1	0	1	0
           417	2024-11-20 07:53:53	1	0	15	0
           655	2024-11-20 07:54:02	1	0	1	0
           335	2024-11-20 07:54:09	1	0	1	0
           399	2024-11-20 07:54:17	1	0	1	0
           637	2024-11-20 07:54:23	1	0	1	0
           105	2024-11-20 07:54:29	1	0	1	0
           374	2024-11-20 07:55:35	1	0	1	0
           404	2024-11-20 07:55:41	1	0	1	0
           502	2024-11-20 07:56:55	1	0	1	0
           520	2024-11-20 07:57:12	1	0	1	0
            55	2024-11-20 07:57:19	1	0	1	0
           586	2024-11-20 07:57:55	1	0	1	0
           121	2024-11-20 07:59:02	1	0	1	0
           363	2024-11-20 07:59:19	1	0	1	0
           623	2024-11-20 08:00:26	1	0	1	0
           236	2024-11-20 08:00:36	1	0	1	0
           370	2024-11-20 08:02:10	1	0	1	0
            53	2024-11-20 08:04:12	1	0	1	0
           312	2024-11-20 08:05:38	1	0	1	0
            40	2024-11-20 08:08:54	1	0	1	0
           593	2024-11-20 08:18:27	1	0	1	0
           275	2024-11-20 08:35:20	1	0	1	0
            87	2024-11-20 08:35:27	1	0	1	0
           206	2024-11-20 08:35:33	1	0	1	0
            45	2024-11-20 08:53:34	1	0	1	0
           183	2024-11-20 08:58:18	1	0	1	0
           375	2024-11-20 10:09:52	1	0	1	0
           460	2024-11-20 11:12:50	1	0	1	0
           422	2024-11-20 11:30:49	1	0	1	0
           581	2024-11-20 11:31:07	1	0	1	0
           387	2024-11-20 11:31:33	1	0	15	0
           632	2024-11-20 11:31:55	1	0	1	0
           664	2024-11-20 11:32:29	1	0	1	0
           600	2024-11-20 11:32:35	1	0	1	0
           566	2024-11-20 11:32:38	1	0	1	0
           119	2024-11-20 11:33:08	1	0	15	0
           460	2024-11-20 11:35:50	1	0	1	0
           579	2024-11-20 11:45:05	1	0	1	0
           314	2024-11-20 11:45:11	1	0	1	0
           196	2024-11-20 11:49:02	1	0	1	0
           632	2024-11-20 11:51:10	1	0	1	0
           337	2024-11-20 11:58:42	1	0	1	0
           573	2024-11-20 11:58:45	1	0	1	0
           581	2024-11-20 11:59:15	1	0	1	0
           600	2024-11-20 11:59:22	1	0	1	0
           566	2024-11-20 11:59:25	1	0	1	0
           664	2024-11-20 12:00:11	1	0	1	0
           606	2024-11-20 12:00:19	1	0	1	0
           640	2024-11-20 12:00:23	1	0	1	0
           444	2024-11-20 12:00:31	1	0	1	0
           520	2024-11-20 12:00:38	1	0	1	0
           604	2024-11-20 12:00:46	1	0	1	0
           119	2024-11-20 12:01:04	1	0	15	0
           586	2024-11-20 12:01:09	1	0	1	0
           637	2024-11-20 12:01:17	1	0	1	0
           659	2024-11-20 12:01:21	1	0	1	0
           397	2024-11-20 12:01:28	1	0	1	0
           660	2024-11-20 12:01:33	1	0	1	0
           663	2024-11-20 12:01:37	1	0	1	0
           387	2024-11-20 12:01:46	1	0	15	0
           422	2024-11-20 12:01:51	1	0	1	0
            77	2024-11-20 12:01:57	1	0	1	0
           194	2024-11-20 12:02:03	1	0	1	0
           529	2024-11-20 12:02:06	1	0	1	0
           453	2024-11-20 12:02:12	1	0	1	0
           350	2024-11-20 12:02:19	1	0	1	0
           593	2024-11-20 12:02:29	1	0	1	0
           511	2024-11-20 12:02:34	1	0	1	0
           623	2024-11-20 12:02:37	1	0	1	0
           405	2024-11-20 12:02:42	1	0	1	0
           375	2024-11-20 12:02:49	1	0	1	0
           252	2024-11-20 12:02:57	1	0	15	0
           556	2024-11-20 12:03:03	1	0	1	0
           236	2024-11-20 12:03:55	1	0	1	0
            53	2024-11-20 12:04:03	1	0	1	0
           184	2024-11-20 12:04:14	1	0	1	0
           631	2024-11-20 12:04:22	1	0	1	0
           476	2024-11-20 12:04:31	1	0	1	0
           259	2024-11-20 12:04:44	1	0	15	0
           121	2024-11-20 12:05:24	1	0	1	0
           465	2024-11-20 12:05:30	1	0	1	0
           206	2024-11-20 12:05:38	1	0	1	0
           182	2024-11-20 12:06:08	1	0	1	0
           183	2024-11-20 12:06:15	1	0	1	0
            93	2024-11-20 12:06:21	1	0	1	0
           335	2024-11-20 12:06:34	1	0	1	0
           467	2024-11-20 12:06:53	1	0	1	0
           314	2024-11-20 12:06:57	1	0	1	0
           635	2024-11-20 12:08:13	1	0	1	0
            83	2024-11-20 12:08:43	1	0	1	0
           414	2024-11-20 12:08:49	1	0	1	0
           541	2024-11-20 12:08:51	1	0	1	0
           370	2024-11-20 12:08:57	1	0	1	0
           331	2024-11-20 12:09:48	1	0	1	0
           583	2024-11-20 12:09:57	1	0	1	0
           434	2024-11-20 12:10:21	1	0	1	0
           114	2024-11-20 12:11:56	1	0	1	0
            87	2024-11-20 12:12:10	1	0	1	0
           655	2024-11-20 12:12:34	1	0	1	0
           288	2024-11-20 12:13:08	1	0	1	0
           413	2024-11-20 12:13:36	1	0	4	0
           601	2024-11-20 12:16:11	1	0	1	0
           337	2024-11-20 12:16:27	1	0	1	0
           513	2024-11-20 12:16:35	1	0	1	0
           573	2024-11-20 12:16:40	1	0	1	0
           648	2024-11-20 12:16:49	1	0	1	0
           101	2024-11-20 12:17:06	1	0	1	0
           350	2024-11-20 12:18:10	1	0	1	0
           312	2024-11-20 12:19:06	1	0	1	0
           408	2024-11-20 12:19:10	1	0	1	0
            53	2024-11-20 12:19:50	1	0	1	0
           149	2024-11-20 12:20:03	1	0	1	0
            77	2024-11-20 12:20:28	1	0	1	0
            27	2024-11-20 12:22:34	1	0	15	0
           556	2024-11-20 12:22:54	1	0	1	0
           623	2024-11-20 12:23:31	1	0	1	0
           593	2024-11-20 12:23:35	1	0	1	0
           511	2024-11-20 12:23:37	1	0	1	0
           200	2024-11-20 12:24:17	1	0	1	0
           275	2024-11-20 12:24:57	1	0	1	0
           541	2024-11-20 12:25:18	1	0	1	0
           465	2024-11-20 12:26:16	1	0	1	0
           196	2024-11-20 12:26:22	1	0	1	0
           414	2024-11-20 12:26:40	1	0	1	0
           583	2024-11-20 12:26:51	1	0	1	0
           523	2024-11-20 12:27:13	1	0	1	0
           338	2024-11-20 12:27:17	1	0	1	0
           335	2024-11-20 12:27:25	1	0	1	0
           434	2024-11-20 12:27:36	1	0	1	0
           476	2024-11-20 12:27:56	1	0	1	0
           399	2024-11-20 12:28:06	1	0	1	0
           259	2024-11-20 12:28:37	1	0	15	0
           640	2024-11-20 12:29:10	1	0	1	0
           529	2024-11-20 12:29:16	1	0	1	0
           444	2024-11-20 12:29:24	1	0	1	0
           194	2024-11-20 12:29:30	1	0	1	0
           405	2024-11-20 12:30:56	1	0	1	0
           375	2024-11-20 12:31:06	1	0	1	0
           579	2024-11-20 12:31:23	1	0	1	0
           606	2024-11-20 12:31:53	1	0	1	0
           146	2024-11-20 12:32:06	1	0	15	0
           183	2024-11-20 12:32:20	1	0	1	0
           182	2024-11-20 12:32:30	1	0	1	0
            93	2024-11-20 12:32:39	1	0	1	0
           288	2024-11-20 12:33:16	1	0	1	0
           659	2024-11-20 12:33:47	1	0	1	0
           655	2024-11-20 12:34:08	1	0	1	0
           637	2024-11-20 12:35:36	1	0	1	0
           121	2024-11-20 12:35:52	1	0	1	0
           631	2024-11-20 12:35:57	1	0	1	0
           502	2024-11-20 12:36:56	1	0	1	0
           374	2024-11-20 12:38:58	1	0	1	0
           404	2024-11-20 12:39:10	1	0	1	0
           417	2024-11-20 12:39:16	1	0	15	0
           363	2024-11-20 12:39:25	1	0	1	0
            55	2024-11-20 12:39:31	1	0	1	0
            88	2024-11-20 12:39:44	1	0	1	0
           467	2024-11-20 12:39:50	1	0	1	0
            40	2024-11-20 12:40:05	1	0	1	0
           413	2024-11-20 12:40:25	1	0	4	0
           252	2024-11-20 12:40:49	1	0	15	0
           105	2024-11-20 12:42:06	1	0	1	0
            83	2024-11-20 12:43:06	1	0	1	0
            87	2024-11-20 12:45:31	1	0	1	0
           397	2024-11-20 12:45:35	1	0	1	0
           660	2024-11-20 12:45:42	1	0	1	0
           663	2024-11-20 12:45:46	1	0	1	0
            27	2024-11-20 12:46:07	1	0	15	0
           635	2024-11-20 12:46:17	1	0	1	0
           206	2024-11-20 12:46:24	1	0	1	0
           115	2024-11-20 12:47:06	1	0	1	0
           604	2024-11-20 12:48:34	1	0	1	0
           520	2024-11-20 12:48:42	1	0	1	0
           146	2024-11-20 12:48:51	1	0	15	0
           370	2024-11-20 12:49:05	1	0	1	0
           101	2024-11-20 12:49:10	1	0	1	0
           114	2024-11-20 12:51:38	1	0	1	0
           149	2024-11-20 12:51:51	1	0	1	0
           648	2024-11-20 12:52:13	1	0	1	0
           586	2024-11-20 12:52:21	1	0	1	0
           601	2024-11-20 12:53:32	1	0	1	0
           502	2024-11-20 12:53:39	1	0	1	0
           184	2024-11-20 12:55:08	1	0	1	0
           374	2024-11-20 12:55:22	1	0	1	0
           408	2024-11-20 12:55:31	1	0	1	0
           513	2024-11-20 12:55:38	1	0	1	0
            55	2024-11-20 12:56:16	1	0	1	0
           105	2024-11-20 12:57:28	1	0	1	0
           363	2024-11-20 12:57:46	1	0	1	0
           417	2024-11-20 12:57:54	1	0	15	0
            40	2024-11-20 12:58:08	1	0	1	0
           523	2024-11-20 12:58:13	1	0	1	0
           399	2024-11-20 12:58:24	1	0	1	0
           331	2024-11-20 12:59:08	1	0	1	0
           312	2024-11-20 12:59:11	1	0	1	0
           404	2024-11-20 12:59:43	1	0	1	0
           275	2024-11-20 13:00:02	1	0	1	0
            88	2024-11-20 13:00:10	1	0	1	0
           485	2024-11-20 13:04:45	1	0	1	0
            45	2024-11-20 13:06:41	1	0	1	0
           236	2024-11-20 13:12:52	1	0	1	0
           124	2024-11-20 13:29:48	1	0	15	0
           485	2024-11-20 13:34:51	1	0	1	0
           305	2024-11-20 15:00:09	1	0	1	0
            70	2024-11-20 16:00:12	1	0	1	0
           413	2024-11-20 16:14:24	1	0	4	0
            93	2024-11-20 16:15:52	1	0	1	0
           460	2024-11-20 16:45:21	1	0	1	0
            53	2024-11-20 17:00:05	1	0	1	0
           581	2024-11-20 17:00:14	1	0	1	0
           566	2024-11-20 17:00:20	1	0	1	0
           387	2024-11-20 17:00:27	1	0	15	0
           422	2024-11-20 17:00:33	1	0	1	0
           115	2024-11-20 17:00:52	1	0	1	0
           573	2024-11-20 17:00:56	1	0	1	0
           664	2024-11-20 17:01:02	1	0	1	0
           556	2024-11-20 17:01:07	1	0	1	0
           637	2024-11-20 17:01:19	1	0	1	0
            77	2024-11-20 17:01:23	1	0	1	0
           632	2024-11-20 17:02:18	1	0	1	0
           405	2024-11-20 17:02:23	1	0	1	0
           252	2024-11-20 17:02:30	1	0	15	0
           631	2024-11-20 17:02:36	1	0	1	0
           375	2024-11-20 17:02:46	1	0	1	0
           513	2024-11-20 17:02:53	1	0	1	0
           562	2024-11-20 17:03:05	1	0	1	0
           149	2024-11-20 17:03:18	1	0	1	0
           523	2024-11-20 17:03:26	1	0	1	0
           337	2024-11-20 17:03:50	1	0	15	0
           579	2024-11-20 17:03:57	1	0	1	0
           184	2024-11-20 17:04:03	1	0	1	0
           659	2024-11-20 17:04:09	1	0	1	0
           660	2024-11-20 17:05:38	1	0	1	0
           397	2024-11-20 17:05:41	1	0	1	0
           663	2024-11-20 17:05:46	1	0	1	0
           363	2024-11-20 17:06:14	1	0	1	0
           288	2024-11-20 17:07:02	1	0	1	0
           374	2024-11-20 17:08:17	1	0	1	0
           601	2024-11-20 17:08:22	1	0	1	0
            55	2024-11-20 17:08:42	1	0	1	0
           350	2024-11-20 17:09:24	1	0	1	0
           370	2024-11-20 17:09:31	1	0	1	0
           121	2024-11-20 17:10:04	1	0	1	0
           640	2024-11-20 17:10:09	1	0	1	0
           529	2024-11-20 17:10:15	1	0	1	0
           645	2024-11-20 17:10:37	1	0	1	0
           502	2024-11-20 17:10:44	1	0	1	0
           606	2024-11-20 17:11:00	1	0	1	0
           101	2024-11-20 17:11:10	1	0	1	0
           399	2024-11-20 17:11:30	1	0	1	0
           119	2024-11-20 17:12:16	1	0	15	0
           200	2024-11-20 17:12:41	1	0	1	0
           182	2024-11-20 17:12:54	1	0	1	0
           476	2024-11-20 17:13:01	1	0	1	0
           146	2024-11-20 17:13:11	1	0	15	0
           580	2024-11-20 17:13:21	1	0	1	0
           648	2024-11-20 17:13:28	1	0	1	0
           586	2024-11-20 17:13:35	1	0	1	0
           604	2024-11-20 17:14:47	1	0	1	0
           125	2024-11-20 17:14:56	1	0	1	0
           520	2024-11-20 17:15:00	1	0	1	0
            95	2024-11-20 17:15:06	1	0	1	0
           623	2024-11-20 17:15:10	1	0	1	0
           335	2024-11-20 17:15:16	1	0	1	0
           114	2024-11-20 17:15:24	1	0	1	0
            40	2024-11-20 17:17:39	1	0	1	0
           635	2024-11-20 17:17:46	1	0	1	0
           434	2024-11-20 17:22:06	1	0	1	0
           236	2024-11-20 17:22:18	1	0	1	0
           331	2024-11-20 17:22:54	1	0	1	0
           583	2024-11-20 17:24:11	1	0	1	0
           541	2024-11-20 17:27:53	1	0	1	0
           105	2024-11-20 17:28:21	1	0	1	0
           227	2024-11-20 17:28:41	1	0	15	0
           338	2024-11-20 17:31:29	1	0	1	0
           408	2024-11-20 17:32:14	1	0	1	0
           312	2024-11-20 17:32:28	1	0	1	0
            27	2024-11-20 17:33:56	1	0	15	0
           493	2024-11-20 17:34:01	1	0	1	0
           404	2024-11-20 17:37:03	1	0	1	0
           465	2024-11-20 17:40:25	1	0	1	0
           196	2024-11-20 17:41:39	1	0	1	0
            83	2024-11-20 17:44:57	1	0	1	0
           467	2024-11-20 17:50:13	1	0	1	0
           275	2024-11-20 18:00:09	1	0	1	0
           206	2024-11-20 18:01:04	1	0	1	0
           183	2024-11-20 18:02:11	1	0	1	0
           259	2024-11-20 18:08:16	1	0	15	0
           485	2024-11-20 18:09:21	1	0	1	0
            87	2024-11-20 18:10:07	1	0	1	0
           593	2024-11-20 18:12:32	1	0	1	0
           417	2024-11-20 18:13:13	1	0	15	0
            45	2024-11-20 18:13:58	1	0	1	0
           194	2024-11-20 18:31:09	1	0	1	0
           444	2024-11-20 18:31:15	1	0	1	0
            88	2024-11-20 18:36:43	1	0	15	0
           414	2024-11-20 19:00:41	1	0	1	0
           314	2024-11-20 19:23:01	1	0	1	0
           655	2024-11-20 19:47:59	1	0	1	0
           567	2024-11-20 21:24:58	1	0	1	0
           620	2024-11-20 21:34:53	1	0	1	0
           360	2024-11-20 21:37:18	1	0	1	0
           600	2024-11-20 22:00:07	1	0	1	0
           643	2024-11-20 22:00:13	1	0	1	0
           366	2024-11-20 22:00:20	1	0	1	0
           582	2024-11-20 22:00:25	1	0	1	0
           642	2024-11-20 22:00:39	1	0	1	0
           443	2024-11-20 22:00:46	1	0	1	0
           646	2024-11-20 22:00:51	1	0	1	0
           123	2024-11-20 22:01:05	1	0	1	0
           124	2024-11-20 22:06:18	1	0	15	0
           305	2024-11-21 05:48:40	1	0	1	0
           567	2024-11-21 06:00:21	1	0	1	0
           337	2024-11-21 06:10:57	1	0	1	0
            27	2024-11-21 06:15:55	1	0	15	0
           123	2024-11-21 06:21:20	1	0	1	0
           606	2024-11-21 06:27:46	1	0	1	0
           119	2024-11-21 06:29:55	1	0	15	0
           196	2024-11-21 06:30:17	1	0	1	0
           632	2024-11-21 06:30:31	1	0	1	0
           227	2024-11-21 06:38:47	1	0	15	0
           664	2024-11-21 06:39:39	1	0	1	0
           387	2024-11-21 06:40:18	1	0	15	0
           124	2024-11-21 06:40:40	1	0	15	0
           443	2024-11-21 06:44:32	1	0	1	0
           422	2024-11-21 06:48:23	1	0	1	0
            88	2024-11-21 06:48:46	1	0	15	0
           655	2024-11-21 06:48:55	1	0	1	0
           434	2024-11-21 06:49:07	1	0	1	0
           645	2024-11-21 06:51:22	1	0	1	0
           465	2024-11-21 06:51:40	1	0	1	0
            75	2024-11-21 06:52:09	1	0	1	0
           114	2024-11-21 06:54:44	1	0	1	0
            93	2024-11-21 06:56:50	1	0	1	0
           182	2024-11-21 06:57:45	1	0	1	0
           366	2024-11-21 06:59:15	1	0	1	0
           460	2024-11-21 07:01:46	1	0	1	0
           183	2024-11-21 07:02:13	1	0	1	0
           187	2024-11-21 07:04:11	1	0	1	0
           620	2024-11-21 07:04:21	1	0	1	0
           600	2024-11-21 07:06:07	1	0	1	0
           335	2024-11-21 07:08:32	1	0	1	0
           566	2024-11-21 07:08:50	1	0	1	0
            83	2024-11-21 07:08:57	1	0	1	0
           314	2024-11-21 07:11:20	1	0	1	0
           413	2024-11-21 07:12:52	1	0	4	0
           184	2024-11-21 07:13:08	1	0	1	0
           146	2024-11-21 07:13:15	1	0	15	0
           370	2024-11-21 07:14:45	1	0	1	0
           581	2024-11-21 07:17:08	1	0	15	0
           631	2024-11-21 07:17:26	1	0	1	0
           288	2024-11-21 07:21:55	1	0	1	0
           601	2024-11-21 07:23:22	1	0	1	0
           643	2024-11-21 07:23:38	1	0	1	0
            86	2024-11-21 07:24:01	1	0	1	0
           523	2024-11-21 07:25:39	1	0	1	0
           556	2024-11-21 07:26:35	1	0	1	0
            37	2024-11-21 07:28:08	1	0	1	0
           648	2024-11-21 07:28:40	1	0	1	0
           660	2024-11-21 07:29:46	1	0	1	0
           663	2024-11-21 07:30:09	1	0	1	0
            77	2024-11-21 07:30:57	1	0	1	0
           360	2024-11-21 07:31:22	1	0	1	0
           125	2024-11-21 07:32:38	1	0	1	0
            95	2024-11-21 07:32:48	1	0	1	0
           492	2024-11-21 07:35:22	1	0	1	0
           582	2024-11-21 07:35:50	1	0	1	0
           444	2024-11-21 07:38:39	1	0	1	0
           101	2024-11-21 07:38:55	1	0	1	0
           604	2024-11-21 07:40:11	1	0	1	0
           149	2024-11-21 07:42:03	1	0	15	0
            38	2024-11-21 07:42:35	1	0	1	0
           579	2024-11-21 07:43:15	1	0	1	0
            39	2024-11-21 07:44:52	1	0	1	0
            70	2024-11-21 07:45:17	1	0	1	0
           640	2024-11-21 07:45:49	1	0	1	0
            74	2024-11-21 07:47:13	1	0	1	0
           399	2024-11-21 07:47:19	1	0	1	0
           659	2024-11-21 07:47:26	1	0	1	0
           476	2024-11-21 07:49:49	1	0	1	0
           493	2024-11-21 07:49:53	1	0	1	0
           529	2024-11-21 07:50:24	1	0	1	0
           467	2024-11-21 07:50:31	1	0	1	0
           408	2024-11-21 07:50:53	1	0	1	0
           361	2024-11-21 07:51:33	1	0	1	0
           635	2024-11-21 07:52:02	1	0	1	0
           252	2024-11-21 07:52:39	1	0	15	0
           338	2024-11-21 07:53:07	1	0	1	0
           363	2024-11-21 07:53:30	1	0	1	0
           502	2024-11-21 07:54:32	1	0	1	0
           105	2024-11-21 07:54:44	1	0	1	0
           637	2024-11-21 07:54:54	1	0	1	0
           404	2024-11-21 07:55:30	1	0	1	0
           374	2024-11-21 07:55:34	1	0	1	0
            69	2024-11-21 07:56:17	1	0	1	0
           593	2024-11-21 07:56:39	1	0	1	0
           312	2024-11-21 07:57:23	1	0	1	0
            53	2024-11-21 07:58:11	1	0	1	0
           331	2024-11-21 07:58:36	1	0	1	0
           259	2024-11-21 07:59:03	1	0	15	0
           623	2024-11-21 07:59:17	1	0	1	0
           580	2024-11-21 07:59:51	1	0	1	0
           417	2024-11-21 08:00:36	1	0	15	0
           236	2024-11-21 08:01:50	1	0	1	0
           520	2024-11-21 08:02:03	1	0	1	0
           350	2024-11-21 08:06:35	1	0	1	0
           513	2024-11-21 08:07:20	1	0	1	0
           205	2024-11-21 08:08:08	1	0	1	0
           586	2024-11-21 08:08:13	1	0	1	0
           562	2024-11-21 08:09:12	1	0	1	0
           200	2024-11-21 08:10:19	1	0	1	0
            55	2024-11-21 08:11:39	1	0	1	0
           583	2024-11-21 08:15:22	1	0	1	0
           485	2024-11-21 08:23:30	1	0	1	0
           511	2024-11-21 08:43:50	1	0	1	0
            87	2024-11-21 08:52:21	1	0	1	0
           206	2024-11-21 08:53:50	1	0	1	0
           275	2024-11-21 08:53:57	1	0	1	0
            45	2024-11-21 08:57:39	1	0	1	0
           460	2024-11-21 11:03:25	1	0	1	0
           460	2024-11-21 11:21:52	1	0	1	0
           581	2024-11-21 11:30:07	1	0	1	0
           632	2024-11-21 11:30:26	1	0	1	0
           387	2024-11-21 11:30:44	1	0	15	0
           566	2024-11-21 11:31:03	1	0	1	0
           422	2024-11-21 11:33:31	1	0	1	0
           600	2024-11-21 11:33:43	1	0	1	0
           664	2024-11-21 11:33:48	1	0	1	0
           119	2024-11-21 11:35:11	1	0	15	0
           196	2024-11-21 11:37:28	1	0	1	0
           632	2024-11-21 11:49:15	1	0	1	0
           600	2024-11-21 11:59:53	1	0	1	0
           664	2024-11-21 12:00:08	1	0	1	0
           581	2024-11-21 12:00:15	1	0	1	0
           476	2024-11-21 12:00:50	1	0	1	0
            53	2024-11-21 12:00:58	1	0	1	0
           121	2024-11-21 12:01:07	1	0	1	0
           635	2024-11-21 12:01:14	1	0	1	0
           119	2024-11-21 12:01:22	1	0	15	0
            69	2024-11-21 12:01:27	1	0	1	0
           648	2024-11-21 12:01:31	1	0	1	0
           606	2024-11-21 12:01:39	1	0	1	0
           196	2024-11-21 12:01:44	1	0	1	0
           422	2024-11-21 12:01:50	1	0	1	0
           387	2024-11-21 12:01:57	1	0	15	0
            77	2024-11-21 12:02:02	1	0	1	0
           586	2024-11-21 12:02:09	1	0	1	0
            27	2024-11-21 12:02:19	1	0	15	0
           350	2024-11-21 12:02:31	1	0	1	0
           493	2024-11-21 12:02:37	1	0	1	0
           149	2024-11-21 12:02:41	1	0	1	0
           660	2024-11-21 12:03:10	1	0	1	0
           663	2024-11-21 12:03:14	1	0	1	0
           417	2024-11-21 12:03:21	1	0	15	0
           637	2024-11-21 12:03:31	1	0	1	0
           659	2024-11-21 12:03:42	1	0	1	0
           655	2024-11-21 12:03:45	1	0	1	0
           114	2024-11-21 12:03:58	1	0	1	0
           623	2024-11-21 12:04:01	1	0	1	0
           511	2024-11-21 12:04:07	1	0	1	0
           236	2024-11-21 12:04:15	1	0	1	0
           513	2024-11-21 12:04:20	1	0	1	0
           562	2024-11-21 12:04:22	1	0	1	0
           520	2024-11-21 12:05:19	1	0	1	0
           604	2024-11-21 12:05:26	1	0	1	0
           125	2024-11-21 12:05:43	1	0	1	0
            83	2024-11-21 12:06:10	1	0	1	0
           467	2024-11-21 12:06:16	1	0	1	0
           579	2024-11-21 12:06:20	1	0	1	0
           288	2024-11-21 12:06:28	1	0	1	0
           370	2024-11-21 12:06:47	1	0	1	0
            93	2024-11-21 12:06:55	1	0	1	0
           631	2024-11-21 12:07:00	1	0	1	0
           523	2024-11-21 12:07:05	1	0	1	0
            88	2024-11-21 12:07:11	1	0	15	0
            87	2024-11-21 12:07:23	1	0	1	0
           443	2024-11-21 12:07:31	1	0	1	0
           335	2024-11-21 12:07:45	1	0	1	0
           529	2024-11-21 12:08:34	1	0	1	0
           444	2024-11-21 12:08:38	1	0	1	0
           640	2024-11-21 12:08:41	1	0	1	0
           200	2024-11-21 12:08:51	1	0	1	0
           404	2024-11-21 12:09:18	1	0	1	0
           252	2024-11-21 12:09:30	1	0	15	0
           408	2024-11-21 12:09:54	1	0	1	0
           312	2024-11-21 12:10:20	1	0	1	0
           259	2024-11-21 12:10:28	1	0	15	0
           338	2024-11-21 12:10:34	1	0	1	0
           184	2024-11-21 12:11:00	1	0	1	0
           601	2024-11-21 12:12:02	1	0	1	0
           101	2024-11-21 12:12:09	1	0	1	0
           182	2024-11-21 12:12:15	1	0	1	0
           183	2024-11-21 12:12:27	1	0	1	0
           337	2024-11-21 12:12:57	1	0	15	0
            74	2024-11-21 12:13:03	1	0	1	0
           314	2024-11-21 12:13:10	1	0	1	0
            39	2024-11-21 12:14:20	1	0	1	0
            95	2024-11-21 12:15:17	1	0	1	0
            53	2024-11-21 12:16:05	1	0	1	0
           205	2024-11-21 12:16:10	1	0	1	0
            75	2024-11-21 12:16:17	1	0	1	0
            37	2024-11-21 12:16:34	1	0	1	0
            69	2024-11-21 12:17:30	1	0	1	0
            77	2024-11-21 12:18:00	1	0	1	0
           331	2024-11-21 12:18:15	1	0	1	0
           556	2024-11-21 12:18:42	1	0	1	0
           637	2024-11-21 12:20:09	1	0	1	0
           562	2024-11-21 12:21:02	1	0	1	0
           492	2024-11-21 12:25:09	1	0	1	0
           399	2024-11-21 12:26:08	1	0	1	0
           513	2024-11-21 12:27:08	1	0	1	0
           121	2024-11-21 12:27:10	1	0	1	0
           312	2024-11-21 12:27:15	1	0	1	0
           200	2024-11-21 12:27:43	1	0	1	0
            38	2024-11-21 12:27:51	1	0	1	0
           275	2024-11-21 12:28:04	1	0	1	0
           314	2024-11-21 12:28:10	1	0	1	0
           337	2024-11-21 12:28:22	1	0	1	0
           101	2024-11-21 12:28:46	1	0	1	0
           631	2024-11-21 12:28:53	1	0	1	0
           259	2024-11-21 12:29:28	1	0	15	0
            93	2024-11-21 12:29:34	1	0	1	0
            87	2024-11-21 12:29:40	1	0	15	0
           206	2024-11-21 12:30:38	1	0	1	0
           529	2024-11-21 12:30:45	1	0	1	0
           444	2024-11-21 12:30:50	1	0	1	0
           640	2024-11-21 12:30:55	1	0	1	0
           660	2024-11-21 12:31:40	1	0	1	0
            37	2024-11-21 12:32:07	1	0	1	0
           606	2024-11-21 12:32:33	1	0	1	0
           583	2024-11-21 12:32:38	1	0	1	0
            88	2024-11-21 12:32:45	1	0	15	0
           635	2024-11-21 12:33:29	1	0	1	0
            75	2024-11-21 12:34:12	1	0	1	0
           205	2024-11-21 12:34:44	1	0	1	0
            74	2024-11-21 12:34:56	1	0	1	0
           363	2024-11-21 12:35:17	1	0	1	0
           361	2024-11-21 12:35:38	1	0	1	0
           655	2024-11-21 12:36:43	1	0	1	0
           502	2024-11-21 12:36:51	1	0	1	0
           114	2024-11-21 12:37:17	1	0	1	0
           149	2024-11-21 12:38:21	1	0	1	0
           374	2024-11-21 12:38:35	1	0	1	0
            83	2024-11-21 12:39:53	1	0	1	0
           236	2024-11-21 12:40:10	1	0	1	0
           476	2024-11-21 12:41:01	1	0	1	0
           338	2024-11-21 12:41:33	1	0	1	0
           467	2024-11-21 12:42:53	1	0	1	0
           579	2024-11-21 12:42:57	1	0	1	0
            27	2024-11-21 12:43:35	1	0	15	0
           350	2024-11-21 12:43:45	1	0	1	0
           493	2024-11-21 12:43:47	1	0	1	0
           492	2024-11-21 12:43:54	1	0	1	0
           604	2024-11-21 12:44:34	1	0	1	0
           125	2024-11-21 12:44:49	1	0	1	0
           404	2024-11-21 12:45:08	1	0	1	0
           520	2024-11-21 12:45:20	1	0	1	0
           465	2024-11-21 12:45:27	1	0	1	0
           146	2024-11-21 12:45:32	1	0	15	0
           414	2024-11-21 12:45:39	1	0	1	0
            38	2024-11-21 12:46:01	1	0	1	0
           663	2024-11-21 12:46:09	1	0	1	0
           566	2024-11-21 12:46:12	1	0	1	0
           648	2024-11-21 12:46:18	1	0	1	0
           586	2024-11-21 12:46:25	1	0	1	0
           601	2024-11-21 12:46:29	1	0	1	0
           399	2024-11-21 12:47:01	1	0	1	0
            39	2024-11-21 12:47:51	1	0	1	0
           182	2024-11-21 12:47:58	1	0	1	0
           183	2024-11-21 12:48:10	1	0	1	0
           370	2024-11-21 12:48:15	1	0	1	0
            55	2024-11-21 12:49:30	1	0	1	0
           288	2024-11-21 12:49:54	1	0	1	0
           417	2024-11-21 12:50:41	1	0	15	0
           184	2024-11-21 12:51:02	1	0	1	0
           583	2024-11-21 12:51:06	1	0	1	0
           523	2024-11-21 12:51:12	1	0	1	0
           252	2024-11-21 12:51:17	1	0	15	0
           511	2024-11-21 12:52:14	1	0	1	0
           502	2024-11-21 12:52:25	1	0	1	0
           331	2024-11-21 12:52:33	1	0	1	0
           275	2024-11-21 12:53:03	1	0	1	0
           363	2024-11-21 12:54:20	1	0	1	0
           659	2024-11-21 12:54:28	1	0	1	0
           335	2024-11-21 12:54:59	1	0	1	0
           206	2024-11-21 12:55:15	1	0	1	0
           374	2024-11-21 12:55:23	1	0	1	0
           623	2024-11-21 12:56:32	1	0	1	0
           408	2024-11-21 12:57:19	1	0	1	0
           485	2024-11-21 13:00:10	1	0	1	0
            45	2024-11-21 13:04:08	1	0	1	0
           361	2024-11-21 13:08:17	1	0	1	0
           485	2024-11-21 13:33:36	1	0	1	0
           305	2024-11-21 14:00:44	1	0	1	0
           567	2024-11-21 14:42:19	1	0	1	0
           124	2024-11-21 15:14:44	1	0	15	0
            70	2024-11-21 16:00:52	1	0	1	0
            93	2024-11-21 16:05:38	1	0	1	0
           460	2024-11-21 16:14:17	1	0	1	0
           664	2024-11-21 17:00:09	1	0	1	0
           645	2024-11-21 17:00:14	1	0	1	0
           387	2024-11-21 17:00:20	1	0	15	0
           637	2024-11-21 17:00:25	1	0	1	0
            74	2024-11-21 17:00:34	1	0	1	0
           422	2024-11-21 17:00:38	1	0	1	0
            53	2024-11-21 17:00:45	1	0	1	0
            37	2024-11-21 17:00:52	1	0	1	0
           643	2024-11-21 17:01:12	1	0	15	0
           566	2024-11-21 17:01:16	1	0	1	0
           600	2024-11-21 17:01:20	1	0	1	0
           360	2024-11-21 17:01:26	1	0	1	0
           187	2024-11-21 17:01:32	1	0	1	0
           581	2024-11-21 17:01:37	1	0	1	0
           562	2024-11-21 17:01:40	1	0	1	0
           663	2024-11-21 17:01:44	1	0	1	0
           660	2024-11-21 17:01:49	1	0	1	0
           511	2024-11-21 17:01:52	1	0	1	0
           623	2024-11-21 17:01:55	1	0	1	0
            77	2024-11-21 17:02:04	1	0	1	0
           252	2024-11-21 17:02:12	1	0	15	0
           366	2024-11-21 17:02:22	1	0	1	0
           659	2024-11-21 17:02:28	1	0	1	0
           350	2024-11-21 17:02:39	1	0	1	0
           523	2024-11-21 17:02:46	1	0	1	0
           632	2024-11-21 17:03:11	1	0	1	0
           513	2024-11-21 17:04:03	1	0	1	0
           631	2024-11-21 17:04:30	1	0	1	0
           582	2024-11-21 17:04:34	1	0	1	0
           196	2024-11-21 17:05:23	1	0	1	0
           635	2024-11-21 17:06:07	1	0	1	0
           601	2024-11-21 17:06:10	1	0	1	0
           556	2024-11-21 17:06:14	1	0	1	0
           119	2024-11-21 17:06:21	1	0	15	0
           236	2024-11-21 17:07:18	1	0	1	0
           399	2024-11-21 17:07:37	1	0	1	0
           149	2024-11-21 17:07:47	1	0	1	0
           476	2024-11-21 17:07:59	1	0	1	0
           648	2024-11-21 17:08:35	1	0	1	0
           586	2024-11-21 17:08:42	1	0	1	0
           502	2024-11-21 17:09:17	1	0	1	0
           200	2024-11-21 17:10:00	1	0	1	0
           370	2024-11-21 17:10:05	1	0	1	0
           101	2024-11-21 17:11:14	1	0	1	0
           337	2024-11-21 17:11:39	1	0	1	0
           374	2024-11-21 17:11:44	1	0	1	0
           640	2024-11-21 17:11:48	1	0	1	0
           529	2024-11-21 17:12:15	1	0	15	0
           123	2024-11-21 17:12:57	1	0	1	0
           363	2024-11-21 17:13:41	1	0	1	0
            38	2024-11-21 17:14:10	1	0	1	0
           408	2024-11-21 17:14:52	1	0	1	0
           184	2024-11-21 17:16:20	1	0	1	0
           434	2024-11-21 17:16:50	1	0	1	0
           604	2024-11-21 17:18:01	1	0	1	0
           125	2024-11-21 17:18:12	1	0	1	0
           520	2024-11-21 17:18:47	1	0	1	0
            55	2024-11-21 17:19:23	1	0	1	0
           121	2024-11-21 17:22:01	1	0	1	0
           579	2024-11-21 17:22:47	1	0	1	0
            69	2024-11-21 17:27:17	1	0	1	0
           146	2024-11-21 17:27:52	1	0	15	0
            27	2024-11-21 17:30:10	1	0	15	0
           444	2024-11-21 17:31:52	1	0	1	0
           583	2024-11-21 17:32:18	1	0	1	0
           580	2024-11-21 17:34:55	1	0	1	0
           493	2024-11-21 17:35:36	1	0	1	0
           404	2024-11-21 17:36:16	1	0	1	0
           361	2024-11-21 17:41:04	1	0	1	0
           288	2024-11-21 17:43:02	1	0	1	0
           467	2024-11-21 17:44:01	1	0	1	0
           492	2024-11-21 17:44:14	1	0	1	0
            95	2024-11-21 17:50:10	1	0	1	0
           606	2024-11-21 17:50:16	1	0	1	0
           338	2024-11-21 17:51:28	1	0	1	0
           492	2024-11-21 17:59:17	1	0	1	0
           312	2024-11-21 18:02:01	1	0	1	0
           259	2024-11-21 18:03:05	1	0	15	0
           413	2024-11-21 18:07:25	1	0	4	0
           105	2024-11-21 18:07:40	1	0	1	0
           485	2024-11-21 18:09:45	1	0	1	0
           205	2024-11-21 18:22:24	1	0	1	0
            88	2024-11-21 18:24:09	1	0	1	0
           206	2024-11-21 18:24:50	1	0	1	0
           275	2024-11-21 18:25:17	1	0	1	0
           314	2024-11-21 18:28:32	1	0	1	0
           465	2024-11-21 18:31:48	1	0	1	0
            75	2024-11-21 18:31:54	1	0	1	0
            83	2024-11-21 18:33:47	1	0	1	0
           417	2024-11-21 18:40:04	1	0	15	0
           182	2024-11-21 18:52:01	1	0	1	0
            87	2024-11-21 18:52:34	1	0	1	0
           414	2024-11-21 18:57:41	1	0	1	0
            45	2024-11-21 19:01:09	1	0	1	0
           183	2024-11-21 19:03:31	1	0	1	0
           335	2024-11-21 19:50:16	1	0	1	0
           114	2024-11-21 20:18:22	1	0	1	0
           620	2024-11-21 20:26:11	1	0	1	0
           227	2024-11-21 20:51:51	1	0	15	0
           492	2024-11-21 22:26:13	1	0	1	0
           418	2024-11-21 22:38:58	1	0	1	0
           655	2024-11-21 22:54:58	1	0	1	0
           567	2024-11-21 23:00:11	1	0	1	0
           443	2024-11-22 06:02:52	1	0	1	0
           337	2024-11-22 06:04:45	1	0	1	0
           620	2024-11-22 06:06:20	1	0	1	0
           645	2024-11-22 06:10:28	1	0	1	0
            27	2024-11-22 06:17:59	1	0	15	0
           123	2024-11-22 06:19:36	1	0	1	0
           124	2024-11-22 06:24:49	1	0	15	0
           227	2024-11-22 06:24:58	1	0	15	0
           121	2024-11-22 06:25:33	1	0	1	0
           196	2024-11-22 06:29:26	1	0	1	0
           119	2024-11-22 06:29:47	1	0	15	0
           632	2024-11-22 06:30:05	1	0	1	0
           606	2024-11-22 06:34:22	1	0	1	0
           387	2024-11-22 06:39:14	1	0	15	0
           646	2024-11-22 06:44:35	1	0	1	0
           600	2024-11-22 06:46:00	1	0	1	0
           422	2024-11-22 06:46:45	1	0	1	0
           182	2024-11-22 06:52:33	1	0	1	0
           664	2024-11-22 06:52:53	1	0	1	0
           366	2024-11-22 06:54:51	1	0	15	0
           114	2024-11-22 07:00:28	1	0	1	0
           566	2024-11-22 07:01:03	1	0	1	0
           413	2024-11-22 07:01:59	1	0	4	0
           187	2024-11-22 07:03:40	1	0	1	0
           581	2024-11-22 07:06:00	1	0	1	0
           643	2024-11-22 07:12:02	1	0	1	0
           523	2024-11-22 07:12:43	1	0	1	0
           398	2024-11-22 07:12:48	1	0	1	0
           631	2024-11-22 07:13:45	1	0	1	0
           418	2024-11-22 07:16:20	1	0	1	0
           529	2024-11-22 07:17:57	1	0	1	0
           314	2024-11-22 07:22:40	1	0	1	0
           601	2024-11-22 07:25:33	1	0	1	0
           125	2024-11-22 07:26:48	1	0	1	0
            55	2024-11-22 07:27:38	1	0	1	0
            77	2024-11-22 07:29:04	1	0	1	0
           335	2024-11-22 07:29:50	1	0	1	0
           397	2024-11-22 07:31:28	1	0	1	0
            37	2024-11-22 07:31:52	1	0	15	0
           582	2024-11-22 07:31:59	1	0	1	0
           579	2024-11-22 07:35:02	1	0	1	0
           655	2024-11-22 07:35:58	1	0	1	0
            70	2024-11-22 07:36:18	1	0	1	0
            95	2024-11-22 07:38:13	1	0	1	0
           408	2024-11-22 07:39:10	1	0	1	0
           444	2024-11-22 07:39:57	1	0	1	0
           642	2024-11-22 07:40:05	1	0	1	0
           492	2024-11-22 07:40:24	1	0	1	0
           660	2024-11-22 07:42:13	1	0	1	0
           146	2024-11-22 07:44:07	1	0	15	0
           184	2024-11-22 07:44:16	1	0	1	0
           101	2024-11-22 07:44:26	1	0	1	0
           105	2024-11-22 07:44:46	1	0	1	0
           360	2024-11-22 07:45:33	1	0	1	0
           404	2024-11-22 07:45:40	1	0	1	0
           465	2024-11-22 07:46:41	1	0	1	0
            75	2024-11-22 07:46:55	1	0	1	0
           648	2024-11-22 07:47:01	1	0	1	0
           149	2024-11-22 07:47:13	1	0	1	0
           434	2024-11-22 07:47:31	1	0	1	0
           663	2024-11-22 07:48:27	1	0	1	0
           659	2024-11-22 07:48:45	1	0	1	0
           399	2024-11-22 07:49:16	1	0	1	0
           370	2024-11-22 07:50:09	1	0	1	0
           640	2024-11-22 07:50:26	1	0	1	0
           593	2024-11-22 07:50:33	1	0	1	0
            38	2024-11-22 07:50:44	1	0	1	0
           637	2024-11-22 07:51:05	1	0	1	0
           338	2024-11-22 07:51:41	1	0	1	0
            69	2024-11-22 07:51:48	1	0	1	0
           288	2024-11-22 07:52:15	1	0	1	0
           194	2024-11-22 07:52:18	1	0	1	0
           604	2024-11-22 07:52:45	1	0	1	0
           374	2024-11-22 07:53:13	1	0	1	0
           236	2024-11-22 07:54:53	1	0	1	0
           493	2024-11-22 07:54:58	1	0	1	0
           562	2024-11-22 07:55:18	1	0	1	0
           265	2024-11-22 07:56:25	1	0	1	0
            83	2024-11-22 07:57:03	1	0	1	0
            74	2024-11-22 07:57:32	1	0	1	0
           502	2024-11-22 07:57:38	1	0	1	0
           205	2024-11-22 07:58:36	1	0	1	0
           476	2024-11-22 07:58:46	1	0	1	0
           363	2024-11-22 07:59:17	1	0	1	0
            39	2024-11-22 08:00:07	1	0	1	0
           623	2024-11-22 08:00:11	1	0	1	0
           375	2024-11-22 08:01:50	1	0	1	0
           200	2024-11-22 08:02:50	1	0	1	0
           580	2024-11-22 08:04:33	1	0	1	0
           635	2024-11-22 08:04:40	1	0	1	0
           511	2024-11-22 08:04:43	1	0	1	0
            53	2024-11-22 08:06:22	1	0	1	0
           520	2024-11-22 08:07:48	1	0	1	0
           513	2024-11-22 08:10:11	1	0	1	0
           586	2024-11-22 08:12:37	1	0	1	0
           516	2024-11-22 08:15:51	1	0	1	0
           485	2024-11-22 08:23:51	1	0	1	0
           583	2024-11-22 08:24:30	1	0	1	0
           275	2024-11-22 08:34:45	1	0	1	0
            87	2024-11-22 08:49:00	1	0	1	0
            45	2024-11-22 09:09:04	1	0	1	0
           664	2024-11-22 11:30:09	1	0	1	0
           581	2024-11-22 11:30:28	1	0	1	0
           387	2024-11-22 11:31:37	1	0	15	0
           632	2024-11-22 11:32:59	1	0	1	0
           422	2024-11-22 11:33:19	1	0	1	0
           566	2024-11-22 11:33:28	1	0	1	0
           366	2024-11-22 11:33:36	1	0	15	0
           642	2024-11-22 11:34:31	1	0	1	0
           443	2024-11-22 11:45:58	1	0	1	0
           632	2024-11-22 11:55:51	1	0	1	0
           314	2024-11-22 11:56:33	1	0	1	0
           579	2024-11-22 11:56:39	1	0	1	0
           337	2024-11-22 11:56:48	1	0	1	0
           366	2024-11-22 11:57:53	1	0	1	0
           664	2024-11-22 12:00:12	1	0	1	0
           413	2024-11-22 12:00:14	1	0	4	0
           387	2024-11-22 12:00:23	1	0	15	0
           422	2024-11-22 12:00:30	1	0	1	0
           631	2024-11-22 12:00:36	1	0	1	0
           252	2024-11-22 12:00:46	1	0	15	0
           513	2024-11-22 12:01:03	1	0	1	0
           408	2024-11-22 12:01:06	1	0	1	0
           523	2024-11-22 12:01:10	1	0	1	0
            69	2024-11-22 12:01:19	1	0	1	0
           660	2024-11-22 12:01:31	1	0	1	0
           397	2024-11-22 12:01:34	1	0	1	0
           663	2024-11-22 12:01:39	1	0	1	0
            37	2024-11-22 12:01:51	1	0	1	0
           659	2024-11-22 12:02:07	1	0	1	0
           493	2024-11-22 12:02:14	1	0	1	0
           601	2024-11-22 12:02:24	1	0	1	0
           593	2024-11-22 12:02:48	1	0	1	0
           511	2024-11-22 12:02:52	1	0	1	0
           623	2024-11-22 12:02:57	1	0	1	0
           566	2024-11-22 12:03:16	1	0	1	0
           288	2024-11-22 12:03:23	1	0	1	0
           404	2024-11-22 12:03:41	1	0	1	0
           236	2024-11-22 12:03:48	1	0	1	0
           265	2024-11-22 12:03:54	1	0	1	0
           640	2024-11-22 12:04:00	1	0	1	0
           194	2024-11-22 12:04:12	1	0	1	0
           444	2024-11-22 12:04:15	1	0	1	0
           121	2024-11-22 12:04:20	1	0	1	0
           200	2024-11-22 12:04:25	1	0	1	0
           581	2024-11-22 12:04:29	1	0	1	0
           529	2024-11-22 12:04:33	1	0	1	0
           635	2024-11-22 12:04:41	1	0	1	0
           205	2024-11-22 12:05:06	1	0	1	0
           434	2024-11-22 12:05:12	1	0	1	0
           414	2024-11-22 12:05:23	1	0	1	0
           655	2024-11-22 12:05:47	1	0	1	0
           606	2024-11-22 12:06:26	1	0	1	0
           520	2024-11-22 12:06:36	1	0	1	0
           125	2024-11-22 12:06:43	1	0	1	0
           604	2024-11-22 12:06:45	1	0	1	0
           502	2024-11-22 12:07:03	1	0	1	0
            38	2024-11-22 12:07:23	1	0	1	0
            77	2024-11-22 12:08:07	1	0	1	0
            53	2024-11-22 12:08:18	1	0	1	0
           338	2024-11-22 12:09:08	1	0	1	0
            75	2024-11-22 12:09:28	1	0	1	0
           637	2024-11-22 12:09:50	1	0	1	0
           370	2024-11-22 12:10:29	1	0	1	0
           648	2024-11-22 12:11:08	1	0	1	0
           586	2024-11-22 12:11:15	1	0	1	0
           476	2024-11-22 12:11:23	1	0	1	0
           562	2024-11-22 12:11:28	1	0	1	0
            87	2024-11-22 12:12:39	1	0	1	0
           314	2024-11-22 12:12:46	1	0	1	0
           337	2024-11-22 12:12:54	1	0	1	0
           101	2024-11-22 12:13:01	1	0	1	0
           579	2024-11-22 12:13:07	1	0	1	0
           275	2024-11-22 12:13:22	1	0	1	0
           413	2024-11-22 12:15:56	1	0	4	0
           492	2024-11-22 12:16:10	1	0	1	0
           516	2024-11-22 12:16:16	1	0	1	0
           363	2024-11-22 12:16:26	1	0	1	0
           375	2024-11-22 12:16:31	1	0	1	0
           114	2024-11-22 12:16:56	1	0	1	0
           184	2024-11-22 12:17:15	1	0	1	0
            37	2024-11-22 12:17:55	1	0	1	0
           399	2024-11-22 12:18:36	1	0	1	0
           335	2024-11-22 12:19:31	1	0	1	0
           252	2024-11-22 12:20:54	1	0	15	0
           593	2024-11-22 12:20:59	1	0	1	0
           623	2024-11-22 12:21:01	1	0	1	0
           511	2024-11-22 12:21:03	1	0	1	0
           659	2024-11-22 12:21:16	1	0	1	0
           631	2024-11-22 12:21:20	1	0	1	0
           601	2024-11-22 12:21:27	1	0	1	0
            53	2024-11-22 12:23:57	1	0	1	0
           523	2024-11-22 12:24:04	1	0	1	0
            77	2024-11-22 12:24:18	1	0	1	0
           414	2024-11-22 12:24:51	1	0	1	0
           640	2024-11-22 12:25:13	1	0	1	0
           529	2024-11-22 12:25:22	1	0	1	0
           655	2024-11-22 12:27:08	1	0	1	0
           288	2024-11-22 12:27:44	1	0	1	0
           194	2024-11-22 12:27:49	1	0	1	0
           236	2024-11-22 12:33:24	1	0	1	0
           184	2024-11-22 12:34:21	1	0	1	0
           338	2024-11-22 12:35:08	1	0	1	0
            74	2024-11-22 12:35:21	1	0	1	0
           444	2024-11-22 12:35:32	1	0	1	0
           404	2024-11-22 12:35:39	1	0	1	0
           637	2024-11-22 12:37:25	1	0	1	0
           476	2024-11-22 12:37:58	1	0	1	0
           635	2024-11-22 12:38:03	1	0	1	0
           586	2024-11-22 12:38:09	1	0	1	0
           648	2024-11-22 12:38:17	1	0	1	0
           493	2024-11-22 12:38:30	1	0	1	0
           583	2024-11-22 12:39:22	1	0	1	0
           399	2024-11-22 12:40:37	1	0	1	0
           408	2024-11-22 12:40:59	1	0	1	0
           513	2024-11-22 12:41:02	1	0	1	0
            87	2024-11-22 12:44:24	1	0	1	0
           397	2024-11-22 12:45:34	1	0	1	0
           663	2024-11-22 12:45:38	1	0	1	0
           660	2024-11-22 12:45:42	1	0	1	0
           562	2024-11-22 12:46:03	1	0	1	0
           265	2024-11-22 12:47:58	1	0	1	0
           375	2024-11-22 12:48:11	1	0	1	0
           604	2024-11-22 12:48:35	1	0	1	0
           125	2024-11-22 12:48:45	1	0	1	0
           520	2024-11-22 12:48:52	1	0	1	0
           101	2024-11-22 12:49:02	1	0	1	0
           363	2024-11-22 12:49:17	1	0	1	0
           434	2024-11-22 12:51:22	1	0	1	0
            74	2024-11-22 12:52:56	1	0	1	0
            38	2024-11-22 12:55:24	1	0	1	0
           275	2024-11-22 12:55:36	1	0	1	0
           370	2024-11-22 12:55:44	1	0	1	0
           642	2024-11-22 12:56:51	1	0	1	0
           502	2024-11-22 12:57:33	1	0	1	0
           335	2024-11-22 12:58:59	1	0	1	0
           583	2024-11-22 12:59:23	1	0	1	0
           485	2024-11-22 13:15:05	1	0	1	0
            45	2024-11-22 13:30:42	1	0	1	0
           485	2024-11-22 13:34:08	1	0	1	0
           567	2024-11-22 13:43:19	1	0	1	0
           124	2024-11-22 14:02:51	1	0	15	0
           620	2024-11-22 14:10:56	1	0	1	0
           375	2024-11-22 15:23:10	1	0	1	0
            70	2024-11-22 16:01:02	1	0	1	0
           413	2024-11-22 16:08:42	1	0	4	0
           397	2024-11-22 17:00:05	1	0	1	0
           387	2024-11-22 17:00:11	1	0	15	0
            53	2024-11-22 17:00:23	1	0	1	0
           580	2024-11-22 17:00:30	1	0	1	0
           581	2024-11-22 17:01:05	1	0	1	0
           149	2024-11-22 17:01:09	1	0	1	0
            77	2024-11-22 17:01:20	1	0	1	0
           663	2024-11-22 17:01:30	1	0	1	0
           660	2024-11-22 17:01:33	1	0	1	0
           523	2024-11-22 17:02:03	1	0	1	0
           631	2024-11-22 17:02:07	1	0	1	0
           252	2024-11-22 17:02:13	1	0	15	0
           187	2024-11-22 17:02:20	1	0	1	0
           476	2024-11-22 17:02:30	1	0	1	0
           288	2024-11-22 17:02:49	1	0	1	0
            74	2024-11-22 17:03:10	1	0	1	0
           236	2024-11-22 17:03:23	1	0	1	0
           648	2024-11-22 17:03:28	1	0	1	0
           586	2024-11-22 17:03:36	1	0	1	0
           101	2024-11-22 17:04:13	1	0	1	0
           637	2024-11-22 17:04:43	1	0	1	0
           645	2024-11-22 17:05:21	1	0	1	0
            38	2024-11-22 17:06:52	1	0	1	0
           422	2024-11-22 17:08:25	1	0	1	0
           374	2024-11-22 17:08:58	1	0	1	0
           601	2024-11-22 17:09:00	1	0	1	0
           194	2024-11-22 17:09:09	1	0	1	0
           337	2024-11-22 17:09:18	1	0	1	0
           404	2024-11-22 17:09:43	1	0	1	0
           265	2024-11-22 17:10:44	1	0	1	0
           370	2024-11-22 17:11:09	1	0	15	0
           623	2024-11-22 17:11:15	1	0	1	0
           363	2024-11-22 17:11:21	1	0	1	0
           529	2024-11-22 17:11:27	1	0	1	0
            69	2024-11-22 17:11:33	1	0	1	0
           399	2024-11-22 17:12:54	1	0	1	0
           513	2024-11-22 17:13:13	1	0	1	0
           635	2024-11-22 17:13:37	1	0	1	0
           659	2024-11-22 17:13:53	1	0	1	0
           583	2024-11-22 17:14:33	1	0	1	0
           121	2024-11-22 17:17:35	1	0	1	0
           520	2024-11-22 17:18:40	1	0	1	0
           562	2024-11-22 17:20:47	1	0	1	0
           604	2024-11-22 17:21:21	1	0	1	0
           125	2024-11-22 17:21:29	1	0	1	0
           434	2024-11-22 17:21:52	1	0	1	0
           444	2024-11-22 17:23:11	1	0	1	0
            39	2024-11-22 17:25:16	1	0	1	0
           105	2024-11-22 17:26:50	1	0	1	0
           314	2024-11-22 17:27:40	1	0	1	0
           664	2024-11-22 17:28:02	1	0	1	0
           579	2024-11-22 17:28:21	1	0	1	0
           182	2024-11-22 17:28:39	1	0	1	0
            55	2024-11-22 17:29:35	1	0	1	0
           408	2024-11-22 17:31:45	1	0	1	0
           338	2024-11-22 17:31:50	1	0	1	0
           398	2024-11-22 17:32:04	1	0	1	0
           114	2024-11-22 17:38:14	1	0	1	0
           443	2024-11-22 17:40:09	1	0	1	0
           593	2024-11-22 17:40:36	1	0	1	0
           511	2024-11-22 17:40:42	1	0	1	0
           227	2024-11-22 17:40:58	1	0	15	0
           184	2024-11-22 17:59:27	1	0	1	0
            45	2024-11-22 18:01:03	1	0	1	0
           606	2024-11-22 18:01:23	1	0	1	0
           119	2024-11-22 18:01:42	1	0	15	0
           485	2024-11-22 18:05:10	1	0	1	0
           465	2024-11-22 18:05:58	1	0	1	0
            75	2024-11-22 18:06:07	1	0	1	0
           146	2024-11-22 18:06:35	1	0	15	0
            87	2024-11-22 18:15:40	1	0	1	0
            95	2024-11-22 18:21:28	1	0	1	0
            27	2024-11-22 18:32:04	1	0	15	0
           493	2024-11-22 18:32:32	1	0	1	0
           275	2024-11-22 18:43:05	1	0	1	0
           205	2024-11-22 18:51:08	1	0	1	0
           196	2024-11-22 19:03:12	1	0	1	0
           502	2024-11-22 19:15:10	1	0	1	0
           655	2024-11-22 20:11:40	1	0	1	0
           200	2024-11-22 20:15:28	1	0	1	0
            83	2024-11-22 20:49:14	1	0	1	0
           418	2024-11-22 21:24:02	1	0	1	0
           567	2024-11-22 22:01:08	1	0	1	0
           492	2024-11-22 22:06:01	1	0	1	0
           516	2024-11-22 22:06:13	1	0	1	0
           360	2024-11-22 22:15:48	1	0	1	0
           600	2024-11-22 22:16:03	1	0	1	0
           582	2024-11-22 22:17:26	1	0	1	0
           335	2024-11-22 22:18:49	1	0	1	0
           642	2024-11-22 22:19:06	1	0	1	0
           566	2024-11-22 22:19:10	1	0	1	0
           643	2024-11-22 22:19:26	1	0	15	0
           646	2024-11-22 22:20:11	1	0	1	0
           632	2024-11-22 22:20:19	1	0	1	0
           366	2024-11-22 22:21:07	1	0	1	0
           414	2024-11-22 22:30:21	1	0	1	0
           123	2024-11-22 22:30:57	1	0	1	0
           620	2024-11-22 23:01:47	1	0	1	0
           418	2024-11-23 06:01:26	1	0	1	0
           632	2024-11-23 06:01:50	1	0	1	0
           123	2024-11-23 06:15:57	1	0	1	0
           646	2024-11-23 06:34:34	1	0	1	0
           460	2024-11-23 06:46:05	1	0	1	0
           418	2024-11-23 06:53:12	1	0	1	0
           567	2024-11-23 06:56:02	1	0	1	0
           664	2024-11-23 06:57:32	1	0	1	0
           600	2024-11-23 07:06:46	1	0	1	0
           366	2024-11-23 07:07:05	1	0	1	0
           581	2024-11-23 07:15:07	1	0	1	0
           566	2024-11-23 07:15:16	1	0	1	0
           642	2024-11-23 07:26:26	1	0	1	0
           398	2024-11-23 07:39:44	1	0	1	0
            70	2024-11-23 07:58:25	1	0	1	0
           360	2024-11-23 08:02:43	1	0	1	0
           492	2024-11-23 08:18:33	1	0	1	0
           460	2024-11-23 12:13:11	1	0	1	0
           460	2024-11-23 12:35:10	1	0	1	0
           620	2024-11-23 13:35:26	1	0	1	0
           418	2024-11-23 15:00:54	1	0	1	0
           567	2024-11-23 15:00:59	1	0	1	0
            70	2024-11-23 16:00:36	1	0	1	0
           632	2024-11-23 16:59:53	1	0	1	0
           664	2024-11-23 17:00:07	1	0	1	0
           460	2024-11-23 17:08:30	1	0	1	0
           398	2024-11-23 17:19:17	1	0	1	0
           492	2024-11-23 17:27:26	1	0	1	0
           566	2024-11-23 20:00:03	1	0	1	0
           581	2024-11-23 20:07:55	1	0	1	0
           305	2024-11-23 21:38:23	1	0	1	0
           620	2024-11-23 22:08:42	1	0	1	0
           600	2024-11-23 22:13:26	1	0	1	0
           360	2024-11-23 22:14:34	1	0	1	0
           646	2024-11-23 22:16:51	1	0	1	0
           366	2024-11-23 22:18:25	1	0	15	0
           642	2024-11-23 22:18:33	1	0	1	0
           123	2024-11-23 22:20:57	1	0	1	0
           620	2024-11-24 05:38:56	1	0	1	0
           567	2024-11-24 05:57:15	1	0	1	0
           305	2024-11-24 07:00:05	1	0	1	0
           492	2024-11-24 07:41:25	1	0	1	0
           417	2024-11-24 12:34:31	1	0	15	0
           418	2024-11-24 13:54:08	1	0	1	0
           567	2024-11-24 14:01:18	1	0	1	0
           620	2024-11-24 15:03:55	1	0	1	0
           305	2024-11-24 21:48:24	1	0	1	0
           418	2024-11-24 22:00:36	1	0	1	0
           124	2024-11-24 22:23:59	1	0	15	0
           620	2024-11-25 05:36:38	1	0	1	0
           305	2024-11-25 06:11:02	1	0	1	0
           337	2024-11-25 06:16:23	1	0	1	0
           361	2024-11-25 06:16:52	1	0	1	0
           453	2024-11-25 06:17:36	1	0	1	0
            27	2024-11-25 06:17:45	1	0	15	0
            77	2024-11-25 06:19:13	1	0	1	0
           443	2024-11-25 06:23:45	1	0	1	0
            37	2024-11-25 06:24:44	1	0	1	0
           123	2024-11-25 06:24:51	1	0	1	0
           632	2024-11-25 06:26:44	1	0	1	0
           119	2024-11-25 06:26:51	1	0	15	0
           196	2024-11-25 06:28:46	1	0	1	0
           422	2024-11-25 06:31:43	1	0	1	0
           387	2024-11-25 06:34:14	1	0	15	0
           646	2024-11-25 06:36:20	1	0	1	0
           606	2024-11-25 06:38:53	1	0	1	0
           664	2024-11-25 06:48:47	1	0	1	0
           600	2024-11-25 06:49:05	1	0	1	0
            55	2024-11-25 06:49:18	1	0	1	0
            88	2024-11-25 06:52:46	1	0	1	0
            93	2024-11-25 06:56:49	1	0	1	0
           375	2024-11-25 06:58:58	1	0	1	0
           366	2024-11-25 06:59:48	1	0	1	0
           645	2024-11-25 07:00:12	1	0	1	0
           413	2024-11-25 07:00:44	1	0	4	0
           227	2024-11-25 07:02:51	1	0	15	0
           460	2024-11-25 07:03:07	1	0	1	0
           314	2024-11-25 07:07:19	1	0	1	0
           573	2024-11-25 07:07:24	1	0	1	0
           149	2024-11-25 07:07:32	1	0	1	0
           418	2024-11-25 07:08:16	1	0	1	0
           465	2024-11-25 07:08:36	1	0	1	0
            75	2024-11-25 07:08:51	1	0	1	0
           182	2024-11-25 07:09:07	1	0	1	0
           335	2024-11-25 07:12:47	1	0	1	0
           124	2024-11-25 07:14:50	1	0	15	0
           659	2024-11-25 07:15:10	1	0	1	0
           546	2024-11-25 07:16:32	1	0	1	0
           125	2024-11-25 07:16:49	1	0	1	0
           631	2024-11-25 07:17:06	1	0	1	0
           523	2024-11-25 07:17:22	1	0	1	0
           581	2024-11-25 07:18:18	1	0	1	0
           566	2024-11-25 07:18:24	1	0	1	0
           579	2024-11-25 07:18:34	1	0	1	0
           642	2024-11-25 07:20:05	1	0	1	0
           643	2024-11-25 07:20:26	1	0	15	0
            86	2024-11-25 07:20:52	1	0	1	0
           397	2024-11-25 07:21:13	1	0	1	0
           265	2024-11-25 07:22:42	1	0	1	0
           101	2024-11-25 07:28:37	1	0	1	0
           338	2024-11-25 07:29:09	1	0	1	0
           205	2024-11-25 07:32:53	1	0	1	0
           115	2024-11-25 07:33:52	1	0	1	0
           660	2024-11-25 07:33:59	1	0	1	0
           648	2024-11-25 07:34:17	1	0	1	0
           485	2024-11-25 07:34:35	1	0	1	0
            38	2024-11-25 07:35:18	1	0	1	0
            83	2024-11-25 07:35:49	1	0	1	0
           467	2024-11-25 07:36:52	1	0	1	0
           312	2024-11-25 07:37:06	1	0	1	0
            95	2024-11-25 07:37:21	1	0	1	0
           434	2024-11-25 07:37:35	1	0	1	0
           444	2024-11-25 07:38:32	1	0	1	0
           640	2024-11-25 07:39:02	1	0	1	0
           655	2024-11-25 07:40:30	1	0	1	0
            69	2024-11-25 07:40:47	1	0	1	0
           363	2024-11-25 07:40:54	1	0	1	0
            74	2024-11-25 07:42:20	1	0	1	0
           374	2024-11-25 07:42:53	1	0	1	0
           105	2024-11-25 07:44:02	1	0	1	0
           663	2024-11-25 07:44:15	1	0	1	0
           404	2024-11-25 07:44:56	1	0	1	0
           580	2024-11-25 07:45:23	1	0	1	0
           604	2024-11-25 07:46:12	1	0	1	0
           331	2024-11-25 07:46:23	1	0	1	0
           601	2024-11-25 07:47:26	1	0	1	0
           476	2024-11-25 07:47:32	1	0	1	0
           529	2024-11-25 07:47:39	1	0	1	0
           398	2024-11-25 07:49:52	1	0	1	0
            70	2024-11-25 07:51:17	1	0	1	0
           408	2024-11-25 07:52:36	1	0	1	0
           370	2024-11-25 07:53:50	1	0	1	0
           520	2024-11-25 07:54:26	1	0	1	0
           502	2024-11-25 07:54:52	1	0	1	0
            45	2024-11-25 07:54:58	1	0	1	0
           562	2024-11-25 07:55:05	1	0	1	0
           399	2024-11-25 07:55:56	1	0	1	0
           556	2024-11-25 07:56:14	1	0	1	0
           350	2024-11-25 07:57:27	1	0	1	0
           637	2024-11-25 07:57:56	1	0	1	0
           259	2024-11-25 07:59:24	1	0	15	0
           184	2024-11-25 08:02:08	1	0	1	0
            87	2024-11-25 08:02:15	1	0	1	0
           493	2024-11-25 08:02:22	1	0	1	0
           583	2024-11-25 08:02:25	1	0	1	0
           146	2024-11-25 08:02:31	1	0	15	0
           236	2024-11-25 08:02:37	1	0	1	0
           513	2024-11-25 08:02:52	1	0	1	0
            53	2024-11-25 08:06:04	1	0	1	0
           586	2024-11-25 08:07:45	1	0	1	0
           516	2024-11-25 08:13:18	1	0	1	0
           275	2024-11-25 08:37:13	1	0	1	0
           206	2024-11-25 08:37:21	1	0	1	0
           288	2024-11-25 08:52:58	1	0	1	0
           460	2024-11-25 11:10:51	1	0	1	0
           460	2024-11-25 11:30:10	1	0	1	0
           387	2024-11-25 11:32:39	1	0	15	0
           196	2024-11-25 11:32:50	1	0	1	0
           632	2024-11-25 11:33:28	1	0	1	0
           581	2024-11-25 11:33:47	1	0	15	0
           600	2024-11-25 11:34:52	1	0	1	0
           119	2024-11-25 11:35:02	1	0	15	0
           643	2024-11-25 11:35:27	1	0	15	0
           422	2024-11-25 11:37:04	1	0	1	0
           443	2024-11-25 11:39:17	1	0	1	0
           546	2024-11-25 11:52:01	1	0	1	0
           314	2024-11-25 11:52:07	1	0	1	0
           337	2024-11-25 11:52:15	1	0	1	0
           573	2024-11-25 11:52:51	1	0	1	0
           579	2024-11-25 11:55:50	1	0	1	0
           115	2024-11-25 11:57:53	1	0	1	0
            53	2024-11-25 12:00:11	1	0	1	0
           493	2024-11-25 12:00:20	1	0	1	0
           601	2024-11-25 12:00:37	1	0	1	0
            77	2024-11-25 12:01:11	1	0	1	0
            37	2024-11-25 12:01:20	1	0	1	0
           374	2024-11-25 12:01:25	1	0	1	0
           659	2024-11-25 12:01:29	1	0	1	0
           387	2024-11-25 12:01:45	1	0	15	0
           422	2024-11-25 12:01:50	1	0	1	0
           632	2024-11-25 12:01:57	1	0	1	0
           397	2024-11-25 12:02:01	1	0	1	0
           663	2024-11-25 12:02:06	1	0	1	0
           660	2024-11-25 12:02:11	1	0	1	0
           556	2024-11-25 12:02:15	1	0	1	0
           581	2024-11-25 12:02:20	1	0	1	0
           443	2024-11-25 12:02:27	1	0	1	0
            38	2024-11-25 12:02:34	1	0	1	0
           476	2024-11-25 12:02:39	1	0	1	0
           350	2024-11-25 12:02:43	1	0	1	0
           236	2024-11-25 12:02:52	1	0	1	0
           370	2024-11-25 12:03:08	1	0	1	0
           631	2024-11-25 12:03:27	1	0	1	0
            75	2024-11-25 12:03:39	1	0	1	0
           465	2024-11-25 12:03:45	1	0	1	0
           600	2024-11-25 12:04:01	1	0	1	0
           643	2024-11-25 12:04:04	1	0	15	0
            87	2024-11-25 12:04:10	1	0	15	0
           259	2024-11-25 12:04:16	1	0	15	0
           288	2024-11-25 12:04:23	1	0	1	0
           119	2024-11-25 12:04:28	1	0	15	0
           196	2024-11-25 12:04:34	1	0	1	0
           467	2024-11-25 12:04:39	1	0	1	0
           606	2024-11-25 12:04:44	1	0	1	0
           523	2024-11-25 12:04:47	1	0	1	0
           637	2024-11-25 12:04:50	1	0	1	0
           184	2024-11-25 12:04:54	1	0	1	0
           413	2024-11-25 12:05:33	1	0	4	0
           121	2024-11-25 12:05:39	1	0	1	0
           648	2024-11-25 12:06:27	1	0	1	0
           586	2024-11-25 12:06:33	1	0	1	0
           265	2024-11-25 12:06:46	1	0	1	0
           146	2024-11-25 12:06:49	1	0	15	0
            74	2024-11-25 12:06:56	1	0	1	0
           434	2024-11-25 12:07:12	1	0	1	0
           655	2024-11-25 12:07:18	1	0	1	0
           205	2024-11-25 12:07:28	1	0	1	0
           546	2024-11-25 12:07:35	1	0	1	0
            69	2024-11-25 12:07:38	1	0	1	0
            88	2024-11-25 12:07:42	1	0	1	0
           314	2024-11-25 12:07:54	1	0	1	0
           337	2024-11-25 12:08:05	1	0	1	0
           604	2024-11-25 12:08:19	1	0	1	0
           520	2024-11-25 12:08:29	1	0	1	0
           125	2024-11-25 12:08:36	1	0	1	0
           573	2024-11-25 12:09:05	1	0	1	0
           312	2024-11-25 12:10:05	1	0	1	0
           408	2024-11-25 12:10:08	1	0	1	0
           513	2024-11-25 12:10:12	1	0	1	0
           583	2024-11-25 12:10:27	1	0	1	0
           579	2024-11-25 12:10:51	1	0	1	0
            83	2024-11-25 12:11:42	1	0	1	0
           404	2024-11-25 12:12:16	1	0	1	0
           444	2024-11-25 12:13:02	1	0	1	0
           640	2024-11-25 12:13:12	1	0	1	0
           529	2024-11-25 12:13:14	1	0	15	0
           335	2024-11-25 12:14:35	1	0	1	0
           105	2024-11-25 12:15:01	1	0	1	0
           338	2024-11-25 12:15:18	1	0	1	0
           502	2024-11-25 12:15:52	1	0	1	0
           149	2024-11-25 12:16:24	1	0	1	0
           493	2024-11-25 12:16:30	1	0	1	0
           183	2024-11-25 12:16:49	1	0	1	0
            93	2024-11-25 12:16:55	1	0	1	0
           374	2024-11-25 12:17:00	1	0	1	0
           601	2024-11-25 12:17:38	1	0	1	0
            77	2024-11-25 12:18:19	1	0	1	0
            37	2024-11-25 12:18:48	1	0	1	0
           331	2024-11-25 12:18:58	1	0	1	0
           275	2024-11-25 12:19:14	1	0	1	0
           467	2024-11-25 12:19:40	1	0	1	0
           516	2024-11-25 12:20:19	1	0	1	0
           182	2024-11-25 12:20:25	1	0	1	0
           413	2024-11-25 12:20:34	1	0	4	0
           631	2024-11-25 12:20:46	1	0	1	0
            75	2024-11-25 12:20:54	1	0	1	0
           556	2024-11-25 12:22:15	1	0	1	0
           523	2024-11-25 12:22:37	1	0	1	0
           586	2024-11-25 12:22:41	1	0	1	0
           648	2024-11-25 12:22:53	1	0	1	0
            87	2024-11-25 12:23:45	1	0	1	0
           259	2024-11-25 12:24:02	1	0	15	0
            38	2024-11-25 12:24:09	1	0	1	0
           520	2024-11-25 12:24:15	1	0	1	0
           604	2024-11-25 12:24:23	1	0	1	0
           125	2024-11-25 12:24:31	1	0	1	0
           399	2024-11-25 12:24:38	1	0	1	0
           288	2024-11-25 12:24:44	1	0	1	0
           580	2024-11-25 12:24:51	1	0	1	0
           465	2024-11-25 12:25:12	1	0	1	0
            69	2024-11-25 12:25:19	1	0	1	0
           434	2024-11-25 12:25:26	1	0	1	0
           265	2024-11-25 12:25:39	1	0	1	0
           205	2024-11-25 12:26:14	1	0	1	0
            74	2024-11-25 12:26:29	1	0	1	0
           146	2024-11-25 12:27:04	1	0	15	0
           184	2024-11-25 12:28:00	1	0	1	0
           404	2024-11-25 12:28:33	1	0	1	0
            27	2024-11-25 12:28:52	1	0	15	0
           375	2024-11-25 12:31:23	1	0	1	0
           363	2024-11-25 12:31:28	1	0	1	0
            55	2024-11-25 12:31:52	1	0	1	0
           502	2024-11-25 12:31:58	1	0	1	0
           105	2024-11-25 12:32:04	1	0	1	0
            93	2024-11-25 12:32:43	1	0	1	0
           370	2024-11-25 12:33:09	1	0	1	0
           583	2024-11-25 12:34:30	1	0	1	0
           236	2024-11-25 12:34:51	1	0	1	0
            88	2024-11-25 12:35:05	1	0	1	0
            83	2024-11-25 12:35:29	1	0	1	0
           149	2024-11-25 12:35:35	1	0	1	0
           655	2024-11-25 12:35:52	1	0	1	0
           606	2024-11-25 12:36:04	1	0	1	0
           361	2024-11-25 12:36:07	1	0	1	0
           663	2024-11-25 12:36:24	1	0	1	0
           513	2024-11-25 12:39:16	1	0	1	0
           408	2024-11-25 12:39:40	1	0	1	0
           338	2024-11-25 12:39:46	1	0	1	0
           121	2024-11-25 12:40:22	1	0	1	0
            53	2024-11-25 12:40:32	1	0	1	0
           335	2024-11-25 12:40:46	1	0	1	0
           516	2024-11-25 12:40:52	1	0	1	0
           637	2024-11-25 12:45:23	1	0	1	0
           659	2024-11-25 12:45:32	1	0	1	0
           397	2024-11-25 12:45:43	1	0	1	0
           660	2024-11-25 12:45:54	1	0	1	0
           312	2024-11-25 12:45:59	1	0	1	0
           476	2024-11-25 12:46:21	1	0	1	0
            55	2024-11-25 12:48:32	1	0	1	0
           580	2024-11-25 12:49:25	1	0	1	0
           350	2024-11-25 12:50:07	1	0	1	0
           375	2024-11-25 12:52:47	1	0	1	0
           363	2024-11-25 12:52:51	1	0	1	0
           361	2024-11-25 12:52:54	1	0	1	0
           182	2024-11-25 12:54:06	1	0	1	0
           275	2024-11-25 12:54:43	1	0	1	0
           399	2024-11-25 12:55:18	1	0	1	0
           529	2024-11-25 12:57:07	1	0	1	0
           640	2024-11-25 12:57:10	1	0	1	0
           444	2024-11-25 12:57:17	1	0	1	0
           331	2024-11-25 12:57:24	1	0	1	0
            45	2024-11-25 13:06:26	1	0	1	0
           485	2024-11-25 13:15:47	1	0	1	0
            45	2024-11-25 13:26:38	1	0	1	0
           485	2024-11-25 13:52:22	1	0	1	0
           620	2024-11-25 14:15:38	1	0	1	0
           305	2024-11-25 14:32:39	1	0	1	0
           418	2024-11-25 15:04:00	1	0	1	0
            93	2024-11-25 16:00:50	1	0	1	0
            70	2024-11-25 16:05:01	1	0	1	0
           375	2024-11-25 16:17:21	1	0	1	0
           460	2024-11-25 16:33:13	1	0	1	0
           288	2024-11-25 16:39:37	1	0	1	0
           413	2024-11-25 17:00:41	1	0	4	0
            74	2024-11-25 17:00:57	1	0	1	0
           387	2024-11-25 17:01:03	1	0	15	0
           637	2024-11-25 17:01:08	1	0	1	0
           422	2024-11-25 17:01:14	1	0	1	0
           397	2024-11-25 17:01:19	1	0	1	0
           265	2024-11-25 17:01:25	1	0	1	0
            37	2024-11-25 17:01:29	1	0	1	0
            77	2024-11-25 17:01:35	1	0	1	0
           370	2024-11-25 17:01:41	1	0	1	0
           660	2024-11-25 17:01:47	1	0	1	0
           663	2024-11-25 17:01:50	1	0	1	0
            53	2024-11-25 17:02:00	1	0	1	0
           149	2024-11-25 17:02:07	1	0	1	0
           101	2024-11-25 17:02:23	1	0	1	0
            27	2024-11-25 17:03:08	1	0	15	0
           631	2024-11-25 17:03:41	1	0	1	0
           580	2024-11-25 17:03:50	1	0	1	0
           640	2024-11-25 17:03:55	1	0	1	0
           453	2024-11-25 17:04:15	1	0	1	0
           523	2024-11-25 17:04:20	1	0	1	0
           404	2024-11-25 17:04:26	1	0	1	0
           529	2024-11-25 17:04:31	1	0	1	0
           350	2024-11-25 17:04:37	1	0	1	0
           604	2024-11-25 17:05:21	1	0	1	0
           520	2024-11-25 17:05:29	1	0	1	0
           125	2024-11-25 17:05:38	1	0	1	0
           562	2024-11-25 17:05:57	1	0	1	0
           659	2024-11-25 17:06:40	1	0	1	0
           443	2024-11-25 17:06:51	1	0	1	0
           573	2024-11-25 17:06:56	1	0	1	0
            38	2024-11-25 17:07:12	1	0	1	0
           502	2024-11-25 17:07:24	1	0	1	0
           337	2024-11-25 17:07:32	1	0	1	0
            55	2024-11-25 17:08:30	1	0	1	0
           556	2024-11-25 17:09:24	1	0	1	0
           546	2024-11-25 17:10:03	1	0	1	0
           467	2024-11-25 17:10:07	1	0	1	0
           664	2024-11-25 17:10:26	1	0	1	0
           115	2024-11-25 17:10:35	1	0	1	0
           196	2024-11-25 17:10:41	1	0	1	0
           236	2024-11-25 17:10:51	1	0	1	0
           121	2024-11-25 17:11:02	1	0	1	0
           476	2024-11-25 17:12:22	1	0	1	0
           648	2024-11-25 17:12:46	1	0	1	0
           586	2024-11-25 17:12:55	1	0	1	0
           493	2024-11-25 17:13:57	1	0	1	0
           645	2024-11-25 17:15:37	1	0	1	0
           601	2024-11-25 17:15:44	1	0	1	0
           374	2024-11-25 17:15:48	1	0	1	0
           363	2024-11-25 17:15:55	1	0	1	0
           408	2024-11-25 17:16:01	1	0	1	0
           119	2024-11-25 17:16:27	1	0	15	0
           583	2024-11-25 17:17:05	1	0	1	0
           434	2024-11-25 17:17:33	1	0	1	0
           513	2024-11-25 17:17:48	1	0	1	0
           399	2024-11-25 17:18:22	1	0	1	0
            95	2024-11-25 17:21:21	1	0	1	0
           331	2024-11-25 17:21:43	1	0	1	0
           606	2024-11-25 17:22:43	1	0	1	0
           444	2024-11-25 17:26:54	1	0	1	0
            69	2024-11-25 17:32:17	1	0	1	0
           105	2024-11-25 17:33:15	1	0	1	0
           338	2024-11-25 17:33:24	1	0	1	0
           312	2024-11-25 17:33:31	1	0	1	0
           182	2024-11-25 17:38:58	1	0	1	0
           556	2024-11-25 17:42:32	1	0	1	0
           579	2024-11-25 17:57:11	1	0	1	0
           314	2024-11-25 17:57:18	1	0	1	0
            68	2024-11-25 17:57:23	1	0	15	0
           146	2024-11-25 17:57:39	1	0	15	0
           259	2024-11-25 18:00:28	1	0	15	0
            45	2024-11-25 18:03:04	1	0	1	0
            87	2024-11-25 18:07:13	1	0	1	0
           184	2024-11-25 18:12:53	1	0	1	0
           485	2024-11-25 18:18:42	1	0	1	0
            83	2024-11-25 18:43:20	1	0	1	0
           361	2024-11-25 18:44:08	1	0	1	0
           206	2024-11-25 18:52:42	1	0	1	0
           183	2024-11-25 18:53:04	1	0	1	0
            75	2024-11-25 18:54:04	1	0	1	0
           465	2024-11-25 18:54:10	1	0	1	0
           275	2024-11-25 18:56:13	1	0	1	0
            88	2024-11-25 19:26:13	1	0	1	0
           205	2024-11-25 20:07:27	1	0	1	0
           124	2024-11-25 21:31:07	1	0	15	0
           655	2024-11-25 21:51:32	1	0	1	0
           335	2024-11-25 22:21:54	1	0	1	0
           398	2024-11-25 22:22:38	1	0	1	0
           600	2024-11-25 22:28:37	1	0	1	0
           581	2024-11-25 22:31:38	1	0	1	0
           566	2024-11-25 22:32:07	1	0	1	0
           643	2024-11-25 22:32:23	1	0	1	0
           642	2024-11-25 22:32:34	1	0	1	0
           366	2024-11-25 22:34:31	1	0	1	0
           646	2024-11-25 22:45:09	1	0	1	0
           123	2024-11-25 22:45:15	1	0	1	0
           305	2024-11-25 23:00:20	1	0	1	0
           227	2024-11-26 05:40:35	1	0	15	0
           418	2024-11-26 05:52:25	1	0	1	0
           337	2024-11-26 05:59:49	1	0	1	0
           124	2024-11-26 06:06:20	1	0	15	0
           123	2024-11-26 06:22:37	1	0	1	0
           443	2024-11-26 06:24:48	1	0	1	0
           196	2024-11-26 06:25:19	1	0	1	0
           119	2024-11-26 06:25:29	1	0	15	0
           632	2024-11-26 06:25:41	1	0	1	0
           664	2024-11-26 06:32:59	1	0	1	0
           387	2024-11-26 06:34:27	1	0	15	0
           460	2024-11-26 06:38:50	1	0	1	0
           600	2024-11-26 06:41:30	1	0	1	0
           422	2024-11-26 06:42:29	1	0	1	0
            88	2024-11-26 06:44:08	1	0	15	0
           606	2024-11-26 06:48:04	1	0	1	0
           182	2024-11-26 06:57:59	1	0	1	0
           375	2024-11-26 07:01:25	1	0	1	0
            93	2024-11-26 07:02:06	1	0	1	0
           645	2024-11-26 07:02:21	1	0	1	0
           413	2024-11-26 07:05:06	1	0	4	0
           366	2024-11-26 07:05:51	1	0	1	0
           646	2024-11-26 07:06:11	1	0	1	0
           573	2024-11-26 07:11:27	1	0	1	0
           631	2024-11-26 07:11:37	1	0	1	0
           398	2024-11-26 07:15:43	1	0	1	0
           643	2024-11-26 07:17:04	1	0	1	0
           582	2024-11-26 07:17:28	1	0	1	0
           546	2024-11-26 07:18:04	1	0	1	0
           465	2024-11-26 07:18:13	1	0	1	0
            75	2024-11-26 07:18:24	1	0	1	0
           581	2024-11-26 07:19:01	1	0	1	0
           566	2024-11-26 07:19:37	1	0	1	0
           115	2024-11-26 07:20:52	1	0	1	0
           648	2024-11-26 07:24:25	1	0	1	0
           523	2024-11-26 07:25:06	1	0	1	0
           101	2024-11-26 07:25:28	1	0	1	0
           314	2024-11-26 07:26:35	1	0	1	0
            70	2024-11-26 07:26:41	1	0	15	0
           529	2024-11-26 07:27:21	1	0	1	0
            77	2024-11-26 07:28:16	1	0	1	0
           579	2024-11-26 07:28:25	1	0	1	0
           642	2024-11-26 07:28:39	1	0	1	0
            95	2024-11-26 07:30:10	1	0	1	0
           660	2024-11-26 07:33:03	1	0	1	0
           397	2024-11-26 07:33:15	1	0	1	0
            37	2024-11-26 07:34:14	1	0	1	0
            74	2024-11-26 07:34:21	1	0	1	0
           265	2024-11-26 07:34:32	1	0	1	0
           434	2024-11-26 07:34:37	1	0	1	0
           205	2024-11-26 07:35:32	1	0	1	0
           663	2024-11-26 07:36:10	1	0	1	0
           601	2024-11-26 07:37:23	1	0	1	0
           444	2024-11-26 07:37:41	1	0	1	0
           149	2024-11-26 07:38:25	1	0	1	0
           586	2024-11-26 07:42:08	1	0	1	0
            69	2024-11-26 07:42:38	1	0	1	0
           105	2024-11-26 07:43:10	1	0	1	0
           374	2024-11-26 07:43:16	1	0	1	0
           556	2024-11-26 07:43:24	1	0	1	0
           370	2024-11-26 07:43:46	1	0	1	0
           404	2024-11-26 07:44:04	1	0	1	0
           640	2024-11-26 07:44:35	1	0	1	0
           184	2024-11-26 07:44:46	1	0	1	0
           146	2024-11-26 07:44:53	1	0	15	0
           363	2024-11-26 07:45:24	1	0	1	0
           476	2024-11-26 07:45:35	1	0	1	0
           125	2024-11-26 07:45:40	1	0	1	0
           194	2024-11-26 07:46:51	1	0	1	0
           288	2024-11-26 07:46:57	1	0	1	0
            38	2024-11-26 07:47:16	1	0	1	0
            83	2024-11-26 07:47:23	1	0	1	0
            53	2024-11-26 07:47:36	1	0	1	0
           493	2024-11-26 07:47:42	1	0	1	0
           335	2024-11-26 07:47:59	1	0	1	0
           467	2024-11-26 07:49:05	1	0	1	0
           502	2024-11-26 07:49:15	1	0	1	0
           360	2024-11-26 07:49:22	1	0	1	0
           200	2024-11-26 07:52:04	1	0	1	0
           604	2024-11-26 07:52:22	1	0	1	0
           338	2024-11-26 07:52:30	1	0	1	0
            55	2024-11-26 07:53:01	1	0	1	0
           399	2024-11-26 07:54:20	1	0	1	0
           408	2024-11-26 07:55:55	1	0	1	0
           637	2024-11-26 07:56:03	1	0	1	0
           236	2024-11-26 07:56:40	1	0	1	0
           583	2024-11-26 07:57:17	1	0	1	0
           331	2024-11-26 07:57:53	1	0	1	0
           562	2024-11-26 07:58:34	1	0	1	0
           635	2024-11-26 07:58:52	1	0	1	0
           513	2024-11-26 07:59:12	1	0	1	0
           520	2024-11-26 08:00:29	1	0	1	0
           121	2024-11-26 08:00:32	1	0	1	0
            45	2024-11-26 08:00:43	1	0	1	0
            40	2024-11-26 08:01:28	1	0	1	0
           655	2024-11-26 08:02:23	1	0	1	0
           312	2024-11-26 08:02:33	1	0	1	0
           259	2024-11-26 08:26:41	1	0	15	0
            87	2024-11-26 08:27:19	1	0	1	0
           485	2024-11-26 08:37:34	1	0	1	0
           275	2024-11-26 08:48:33	1	0	1	0
           206	2024-11-26 08:48:53	1	0	1	0
           183	2024-11-26 08:59:06	1	0	15	0
           460	2024-11-26 11:06:58	1	0	1	0
           387	2024-11-26 11:30:29	1	0	15	0
           422	2024-11-26 11:30:36	1	0	1	0
           443	2024-11-26 11:30:43	1	0	1	0
           460	2024-11-26 11:31:15	1	0	1	0
           632	2024-11-26 11:31:38	1	0	1	0
           360	2024-11-26 11:33:24	1	0	1	0
           196	2024-11-26 11:33:59	1	0	1	0
           600	2024-11-26 11:34:51	1	0	1	0
           581	2024-11-26 11:36:25	1	0	1	0
           643	2024-11-26 11:37:54	1	0	1	0
           119	2024-11-26 11:43:29	1	0	15	0
           337	2024-11-26 11:52:35	1	0	1	0
           579	2024-11-26 11:52:40	1	0	1	0
           314	2024-11-26 11:52:52	1	0	1	0
           546	2024-11-26 11:53:39	1	0	1	0
           573	2024-11-26 11:53:42	1	0	1	0
           581	2024-11-26 11:53:47	1	0	1	0
           635	2024-11-26 11:58:02	1	0	1	0
           600	2024-11-26 11:58:21	1	0	1	0
           443	2024-11-26 11:58:23	1	0	1	0
            40	2024-11-26 12:00:04	1	0	1	0
           422	2024-11-26 12:00:09	1	0	1	0
           196	2024-11-26 12:00:15	1	0	1	0
           387	2024-11-26 12:00:22	1	0	15	0
           444	2024-11-26 12:00:28	1	0	1	0
           194	2024-11-26 12:00:36	1	0	1	0
           640	2024-11-26 12:00:39	1	0	1	0
           404	2024-11-26 12:00:44	1	0	1	0
           360	2024-11-26 12:00:50	1	0	1	0
           643	2024-11-26 12:01:02	1	0	1	0
           119	2024-11-26 12:01:12	1	0	15	0
           397	2024-11-26 12:01:17	1	0	1	0
           663	2024-11-26 12:01:27	1	0	1	0
           660	2024-11-26 12:01:30	1	0	1	0
            37	2024-11-26 12:01:36	1	0	1	0
           632	2024-11-26 12:01:42	1	0	1	0
           562	2024-11-26 12:01:46	1	0	1	0
           476	2024-11-26 12:01:51	1	0	1	0
            75	2024-11-26 12:01:58	1	0	1	0
           350	2024-11-26 12:02:05	1	0	1	0
           399	2024-11-26 12:02:14	1	0	1	0
           467	2024-11-26 12:02:22	1	0	1	0
           520	2024-11-26 12:02:29	1	0	1	0
           604	2024-11-26 12:02:36	1	0	1	0
           125	2024-11-26 12:02:43	1	0	1	0
           523	2024-11-26 12:02:48	1	0	1	0
           259	2024-11-26 12:02:53	1	0	15	0
           375	2024-11-26 12:02:59	1	0	1	0
           637	2024-11-26 12:03:11	1	0	1	0
            69	2024-11-26 12:03:19	1	0	1	0
           265	2024-11-26 12:03:23	1	0	1	0
            38	2024-11-26 12:03:36	1	0	1	0
            74	2024-11-26 12:03:42	1	0	1	0
           655	2024-11-26 12:03:47	1	0	1	0
           586	2024-11-26 12:03:56	1	0	1	0
           648	2024-11-26 12:04:05	1	0	1	0
           606	2024-11-26 12:04:12	1	0	1	0
            27	2024-11-26 12:04:41	1	0	15	0
           453	2024-11-26 12:04:48	1	0	1	0
           370	2024-11-26 12:04:58	1	0	1	0
            53	2024-11-26 12:05:08	1	0	1	0
           184	2024-11-26 12:05:16	1	0	1	0
           601	2024-11-26 12:05:19	1	0	1	0
           288	2024-11-26 12:05:25	1	0	1	0
           312	2024-11-26 12:05:36	1	0	1	0
           465	2024-11-26 12:05:44	1	0	1	0
           502	2024-11-26 12:05:51	1	0	1	0
           121	2024-11-26 12:06:02	1	0	1	0
           556	2024-11-26 12:06:19	1	0	1	0
           101	2024-11-26 12:06:53	1	0	1	0
           631	2024-11-26 12:07:44	1	0	1	0
            87	2024-11-26 12:08:05	1	0	1	0
           493	2024-11-26 12:08:22	1	0	1	0
            77	2024-11-26 12:08:31	1	0	1	0
            88	2024-11-26 12:08:41	1	0	15	0
           183	2024-11-26 12:08:47	1	0	1	0
            93	2024-11-26 12:08:55	1	0	1	0
           275	2024-11-26 12:09:02	1	0	1	0
           434	2024-11-26 12:09:08	1	0	1	0
           182	2024-11-26 12:09:13	1	0	1	0
           579	2024-11-26 12:09:19	1	0	1	0
           314	2024-11-26 12:09:25	1	0	1	0
           337	2024-11-26 12:09:32	1	0	1	0
           331	2024-11-26 12:09:37	1	0	1	0
           573	2024-11-26 12:09:55	1	0	1	0
           546	2024-11-26 12:10:20	1	0	1	0
           205	2024-11-26 12:11:08	1	0	1	0
           236	2024-11-26 12:11:27	1	0	1	0
           149	2024-11-26 12:11:45	1	0	1	0
           105	2024-11-26 12:16:54	1	0	1	0
            95	2024-11-26 12:17:07	1	0	1	0
           338	2024-11-26 12:17:13	1	0	1	0
            37	2024-11-26 12:18:08	1	0	1	0
           513	2024-11-26 12:18:14	1	0	1	0
           206	2024-11-26 12:18:24	1	0	1	0
           408	2024-11-26 12:18:31	1	0	1	0
            69	2024-11-26 12:19:02	1	0	1	0
            83	2024-11-26 12:19:08	1	0	1	0
           516	2024-11-26 12:21:05	1	0	1	0
            40	2024-11-26 12:21:42	1	0	1	0
            75	2024-11-26 12:22:04	1	0	1	0
            38	2024-11-26 12:22:21	1	0	1	0
           335	2024-11-26 12:23:03	1	0	1	0
           265	2024-11-26 12:23:27	1	0	1	0
            74	2024-11-26 12:23:36	1	0	1	0
           115	2024-11-26 12:23:43	1	0	1	0
           259	2024-11-26 12:23:56	1	0	15	0
            88	2024-11-26 12:24:13	1	0	15	0
           376	2024-11-26 12:24:24	1	0	1	0
           562	2024-11-26 12:25:09	1	0	1	0
           370	2024-11-26 12:25:25	1	0	1	0
           502	2024-11-26 12:25:40	1	0	1	0
           529	2024-11-26 12:25:52	1	0	1	0
           101	2024-11-26 12:26:01	1	0	1	0
            53	2024-11-26 12:26:20	1	0	1	0
           476	2024-11-26 12:27:05	1	0	1	0
            77	2024-11-26 12:27:24	1	0	1	0
           331	2024-11-26 12:29:15	1	0	1	0
           583	2024-11-26 12:29:43	1	0	1	0
           637	2024-11-26 12:30:14	1	0	1	0
           631	2024-11-26 12:32:46	1	0	1	0
            55	2024-11-26 12:33:30	1	0	1	0
           200	2024-11-26 12:33:46	1	0	1	0
           363	2024-11-26 12:34:09	1	0	1	0
           121	2024-11-26 12:34:24	1	0	1	0
           601	2024-11-26 12:34:26	1	0	1	0
           404	2024-11-26 12:34:56	1	0	1	0
           312	2024-11-26 12:35:31	1	0	1	0
           149	2024-11-26 12:35:36	1	0	1	0
           375	2024-11-26 12:35:43	1	0	1	0
            83	2024-11-26 12:36:15	1	0	1	0
           350	2024-11-26 12:36:55	1	0	1	0
           655	2024-11-26 12:37:50	1	0	1	0
           236	2024-11-26 12:38:05	1	0	1	0
           434	2024-11-26 12:38:35	1	0	1	0
           115	2024-11-26 12:38:50	1	0	1	0
           184	2024-11-26 12:39:19	1	0	1	0
           529	2024-11-26 12:41:00	1	0	1	0
           640	2024-11-26 12:41:09	1	0	1	0
           194	2024-11-26 12:41:17	1	0	1	0
           288	2024-11-26 12:41:21	1	0	1	0
           516	2024-11-26 12:41:40	1	0	1	0
           206	2024-11-26 12:42:38	1	0	1	0
           335	2024-11-26 12:42:58	1	0	1	0
           182	2024-11-26 12:45:12	1	0	1	0
           183	2024-11-26 12:45:19	1	0	1	0
            93	2024-11-26 12:45:25	1	0	1	0
           397	2024-11-26 12:45:30	1	0	1	0
           660	2024-11-26 12:45:35	1	0	1	0
           663	2024-11-26 12:45:39	1	0	1	0
           586	2024-11-26 12:45:44	1	0	1	0
           648	2024-11-26 12:45:51	1	0	1	0
           146	2024-11-26 12:47:12	1	0	15	0
           413	2024-11-26 12:48:03	1	0	4	0
            95	2024-11-26 12:49:05	1	0	1	0
           376	2024-11-26 12:49:16	1	0	1	0
           275	2024-11-26 12:49:22	1	0	1	0
           105	2024-11-26 12:49:26	1	0	1	0
           513	2024-11-26 12:49:33	1	0	1	0
           338	2024-11-26 12:49:42	1	0	1	0
           465	2024-11-26 12:50:01	1	0	1	0
            55	2024-11-26 12:50:07	1	0	1	0
            87	2024-11-26 12:50:14	1	0	1	0
           583	2024-11-26 12:50:23	1	0	1	0
           467	2024-11-26 12:50:33	1	0	1	0
           363	2024-11-26 12:52:07	1	0	1	0
           604	2024-11-26 12:52:40	1	0	1	0
           520	2024-11-26 12:52:49	1	0	1	0
           125	2024-11-26 12:52:52	1	0	1	0
           399	2024-11-26 12:53:02	1	0	1	0
           635	2024-11-26 12:53:08	1	0	1	0
           493	2024-11-26 12:54:48	1	0	1	0
           200	2024-11-26 12:57:35	1	0	1	0
           444	2024-11-26 12:58:40	1	0	1	0
            45	2024-11-26 13:01:23	1	0	1	0
           523	2024-11-26 13:01:42	1	0	1	0
           485	2024-11-26 13:10:47	1	0	1	0
            45	2024-11-26 13:19:19	1	0	1	0
           485	2024-11-26 13:36:19	1	0	1	0
           305	2024-11-26 13:47:41	1	0	1	0
           582	2024-11-26 13:48:00	1	0	1	0
           418	2024-11-26 14:13:35	1	0	1	0
           124	2024-11-26 14:35:21	1	0	15	0
            70	2024-11-26 16:00:15	1	0	1	0
            93	2024-11-26 16:05:09	1	0	1	0
           413	2024-11-26 16:20:50	1	0	4	0
           460	2024-11-26 16:22:48	1	0	1	0
           443	2024-11-26 17:00:05	1	0	1	0
           581	2024-11-26 17:00:09	1	0	1	0
           288	2024-11-26 17:00:56	1	0	1	0
           637	2024-11-26 17:01:03	1	0	1	0
           387	2024-11-26 17:01:17	1	0	15	0
           601	2024-11-26 17:01:22	1	0	1	0
           422	2024-11-26 17:01:27	1	0	1	0
           566	2024-11-26 17:01:32	1	0	1	0
           265	2024-11-26 17:01:36	1	0	1	0
           375	2024-11-26 17:01:45	1	0	1	0
           660	2024-11-26 17:01:51	1	0	1	0
           663	2024-11-26 17:01:55	1	0	1	0
            77	2024-11-26 17:02:01	1	0	1	0
            37	2024-11-26 17:02:09	1	0	1	0
           645	2024-11-26 17:02:15	1	0	1	0
           194	2024-11-26 17:02:23	1	0	1	0
            53	2024-11-26 17:02:31	1	0	1	0
           350	2024-11-26 17:02:49	1	0	1	0
           331	2024-11-26 17:02:53	1	0	1	0
           562	2024-11-26 17:02:58	1	0	1	0
           635	2024-11-26 17:03:02	1	0	1	0
           397	2024-11-26 17:03:07	1	0	1	0
           648	2024-11-26 17:03:11	1	0	1	0
           476	2024-11-26 17:03:20	1	0	1	0
            38	2024-11-26 17:03:28	1	0	1	0
           586	2024-11-26 17:03:37	1	0	1	0
           363	2024-11-26 17:03:47	1	0	1	0
           632	2024-11-26 17:04:04	1	0	1	0
           631	2024-11-26 17:04:10	1	0	1	0
            74	2024-11-26 17:04:18	1	0	1	0
           523	2024-11-26 17:04:36	1	0	1	0
           227	2024-11-26 17:04:56	1	0	15	0
           196	2024-11-26 17:05:43	1	0	1	0
           119	2024-11-26 17:06:02	1	0	15	0
           399	2024-11-26 17:10:00	1	0	1	0
           529	2024-11-26 17:10:17	1	0	1	0
           640	2024-11-26 17:10:26	1	0	1	0
           370	2024-11-26 17:10:37	1	0	1	0
            83	2024-11-26 17:10:58	1	0	1	0
           121	2024-11-26 17:13:58	1	0	1	0
           115	2024-11-26 17:14:05	1	0	1	0
           149	2024-11-26 17:15:00	1	0	1	0
           404	2024-11-26 17:15:30	1	0	1	0
           434	2024-11-26 17:16:02	1	0	1	0
           579	2024-11-26 17:16:26	1	0	1	0
           444	2024-11-26 17:16:36	1	0	1	0
           604	2024-11-26 17:17:37	1	0	1	0
           520	2024-11-26 17:17:57	1	0	1	0
           125	2024-11-26 17:18:03	1	0	1	0
           546	2024-11-26 17:18:48	1	0	1	0
           337	2024-11-26 17:18:57	1	0	1	0
           467	2024-11-26 17:19:03	1	0	1	0
           664	2024-11-26 17:19:34	1	0	1	0
            69	2024-11-26 17:21:18	1	0	1	0
           583	2024-11-26 17:22:07	1	0	1	0
           502	2024-11-26 17:26:20	1	0	1	0
           236	2024-11-26 17:33:12	1	0	1	0
           573	2024-11-26 17:33:33	1	0	1	0
           314	2024-11-26 17:33:38	1	0	1	0
            55	2024-11-26 17:34:01	1	0	1	0
           101	2024-11-26 17:39:37	1	0	1	0
            27	2024-11-26 17:39:52	1	0	15	0
           658	2024-11-26 17:40:11	1	0	1	0
           513	2024-11-26 17:40:17	1	0	1	0
           105	2024-11-26 17:44:42	1	0	1	0
           338	2024-11-26 17:45:20	1	0	1	0
           453	2024-11-26 17:48:59	1	0	1	0
           493	2024-11-26 17:51:27	1	0	1	0
           182	2024-11-26 17:58:18	1	0	1	0
           312	2024-11-26 17:58:38	1	0	1	0
            95	2024-11-26 18:00:39	1	0	1	0
           465	2024-11-26 18:01:12	1	0	1	0
            75	2024-11-26 18:01:19	1	0	1	0
           606	2024-11-26 18:01:32	1	0	1	0
           206	2024-11-26 18:04:10	1	0	1	0
            87	2024-11-26 18:06:59	1	0	1	0
            45	2024-11-26 18:10:04	1	0	1	0
           408	2024-11-26 18:10:22	1	0	1	0
           259	2024-11-26 18:13:52	1	0	15	0
           183	2024-11-26 18:14:34	1	0	1	0
           275	2024-11-26 18:18:49	1	0	1	0
           485	2024-11-26 18:30:54	1	0	1	0
           146	2024-11-26 18:36:07	1	0	15	0
           184	2024-11-26 18:36:14	1	0	1	0
            88	2024-11-26 19:24:07	1	0	1	0
           556	2024-11-26 20:10:05	1	0	1	0
           205	2024-11-26 20:16:29	1	0	1	0
           655	2024-11-26 20:17:22	1	0	1	0
           200	2024-11-26 20:28:27	1	0	1	0
           600	2024-11-26 21:00:02	1	0	1	0
           398	2024-11-26 21:00:06	1	0	1	0
           642	2024-11-26 21:02:13	1	0	1	0
           366	2024-11-26 21:02:34	1	0	1	0
           643	2024-11-26 21:02:40	1	0	1	0
           335	2024-11-26 21:04:09	1	0	1	0
           646	2024-11-26 21:04:58	1	0	1	0
           123	2024-11-26 21:07:15	1	0	1	0
           360	2024-11-26 21:19:34	1	0	1	0
           516	2024-11-26 21:29:52	1	0	1	0
           567	2024-11-26 21:58:08	1	0	1	0
           305	2024-11-26 22:00:43	1	0	1	0
           124	2024-11-26 23:02:02	1	0	15	0
           337	2024-11-27 06:03:43	1	0	1	0
           183	2024-11-27 06:15:31	1	0	1	0
           123	2024-11-27 06:23:59	1	0	1	0
           443	2024-11-27 06:25:20	1	0	1	0
           119	2024-11-27 06:35:56	1	0	15	0
           196	2024-11-27 06:36:04	1	0	1	0
           632	2024-11-27 06:37:11	1	0	1	0
            88	2024-11-27 06:43:02	1	0	15	0
           387	2024-11-27 06:43:27	1	0	15	0
           305	2024-11-27 06:46:09	1	0	1	0
           460	2024-11-27 06:48:57	1	0	1	0
           422	2024-11-27 06:49:30	1	0	1	0
            93	2024-11-27 06:50:24	1	0	1	0
           606	2024-11-27 06:51:09	1	0	1	0
           182	2024-11-27 06:55:40	1	0	1	0
           146	2024-11-27 06:56:00	1	0	15	0
           227	2024-11-27 06:56:07	1	0	15	0
           184	2024-11-27 06:56:14	1	0	1	0
            27	2024-11-27 06:57:41	1	0	15	0
           453	2024-11-27 06:58:47	1	0	1	0
           366	2024-11-27 06:59:26	1	0	1	0
           645	2024-11-27 06:59:44	1	0	1	0
           413	2024-11-27 07:00:32	1	0	1	0
           567	2024-11-27 07:00:43	1	0	1	0
           573	2024-11-27 07:04:45	1	0	1	0
           465	2024-11-27 07:12:08	1	0	1	0
           600	2024-11-27 07:12:13	1	0	1	0
            75	2024-11-27 07:12:23	1	0	1	0
           643	2024-11-27 07:12:49	1	0	1	0
           642	2024-11-27 07:13:01	1	0	1	0
           631	2024-11-27 07:13:18	1	0	1	0
           579	2024-11-27 07:14:04	1	0	1	0
           546	2024-11-27 07:19:43	1	0	1	0
           523	2024-11-27 07:20:34	1	0	1	0
           581	2024-11-27 07:23:43	1	0	1	0
           566	2024-11-27 07:23:47	1	0	1	0
            77	2024-11-27 07:24:40	1	0	1	0
           601	2024-11-27 07:26:49	1	0	1	0
           659	2024-11-27 07:26:57	1	0	1	0
           101	2024-11-27 07:27:09	1	0	1	0
           360	2024-11-27 07:30:47	1	0	1	0
            37	2024-11-27 07:31:17	1	0	1	0
           125	2024-11-27 07:32:04	1	0	1	0
           648	2024-11-27 07:32:34	1	0	1	0
           434	2024-11-27 07:33:11	1	0	1	0
           397	2024-11-27 07:35:50	1	0	1	0
           355	2024-11-27 07:36:01	1	0	1	0
           205	2024-11-27 07:38:30	1	0	1	0
            95	2024-11-27 07:38:48	1	0	1	0
           663	2024-11-27 07:38:56	1	0	1	0
           444	2024-11-27 07:39:58	1	0	1	0
           314	2024-11-27 07:40:13	1	0	1	0
           149	2024-11-27 07:41:27	1	0	1	0
           265	2024-11-27 07:41:36	1	0	1	0
           398	2024-11-27 07:42:10	1	0	1	0
           660	2024-11-27 07:42:26	1	0	1	0
            69	2024-11-27 07:44:03	1	0	1	0
           640	2024-11-27 07:44:25	1	0	1	0
           476	2024-11-27 07:45:43	1	0	1	0
           529	2024-11-27 07:45:52	1	0	1	0
           374	2024-11-27 07:46:01	1	0	1	0
           288	2024-11-27 07:46:18	1	0	1	0
           194	2024-11-27 07:46:23	1	0	1	0
            53	2024-11-27 07:47:12	1	0	1	0
           105	2024-11-27 07:47:27	1	0	1	0
           404	2024-11-27 07:48:19	1	0	1	0
            74	2024-11-27 07:49:09	1	0	1	0
           312	2024-11-27 07:49:32	1	0	1	0
           200	2024-11-27 07:51:17	1	0	1	0
           467	2024-11-27 07:52:00	1	0	1	0
           399	2024-11-27 07:52:14	1	0	1	0
           493	2024-11-27 07:52:18	1	0	1	0
           335	2024-11-27 07:52:24	1	0	1	0
            83	2024-11-27 07:52:30	1	0	1	0
            55	2024-11-27 07:52:39	1	0	1	0
           556	2024-11-27 07:52:47	1	0	1	0
            70	2024-11-27 07:54:10	1	0	15	0
            40	2024-11-27 07:55:51	1	0	1	0
           580	2024-11-27 07:56:04	1	0	1	0
            38	2024-11-27 07:56:11	1	0	1	0
           637	2024-11-27 07:57:02	1	0	1	0
           562	2024-11-27 07:58:00	1	0	1	0
           583	2024-11-27 07:59:14	1	0	1	0
           604	2024-11-27 07:59:56	1	0	1	0
           516	2024-11-27 08:00:07	1	0	1	0
           363	2024-11-27 08:00:18	1	0	1	0
           586	2024-11-27 08:00:29	1	0	1	0
           408	2024-11-27 08:01:50	1	0	1	0
           635	2024-11-27 08:02:12	1	0	1	0
           513	2024-11-27 08:02:20	1	0	1	0
           331	2024-11-27 08:03:19	1	0	1	0
           655	2024-11-27 08:04:02	1	0	1	0
           520	2024-11-27 08:04:34	1	0	1	0
           350	2024-11-27 08:04:39	1	0	1	0
           236	2024-11-27 08:07:09	1	0	1	0
           502	2024-11-27 08:07:15	1	0	1	0
           121	2024-11-27 08:09:34	1	0	1	0
           370	2024-11-27 08:09:39	1	0	1	0
            87	2024-11-27 08:39:33	1	0	1	0
           485	2024-11-27 08:46:57	1	0	1	0
           206	2024-11-27 08:51:36	1	0	1	0
           275	2024-11-27 08:51:40	1	0	1	0
           259	2024-11-27 08:52:39	1	0	15	0
            45	2024-11-27 09:03:25	1	0	1	0
           460	2024-11-27 11:03:35	1	0	1	0
           600	2024-11-27 11:30:39	1	0	1	0
           643	2024-11-27 11:30:57	1	0	15	0
           119	2024-11-27 11:31:18	1	0	15	0
           632	2024-11-27 11:34:37	1	0	1	0
           387	2024-11-27 11:38:03	1	0	15	0
           460	2024-11-27 11:38:24	1	0	1	0
           443	2024-11-27 11:38:29	1	0	1	0
           422	2024-11-27 11:38:36	1	0	1	0
           196	2024-11-27 11:45:37	1	0	1	0
           337	2024-11-27 11:53:39	1	0	1	0
           314	2024-11-27 11:53:45	1	0	1	0
           546	2024-11-27 11:54:41	1	0	1	0
           579	2024-11-27 11:56:09	1	0	1	0
           573	2024-11-27 11:56:20	1	0	1	0
           443	2024-11-27 11:59:59	1	0	1	0
           422	2024-11-27 12:00:09	1	0	1	0
           387	2024-11-27 12:00:18	1	0	15	0
            53	2024-11-27 12:00:23	1	0	1	0
           643	2024-11-27 12:00:32	1	0	1	0
           635	2024-11-27 12:00:39	1	0	1	0
           413	2024-11-27 12:00:43	1	0	1	0
           397	2024-11-27 12:00:49	1	0	1	0
            74	2024-11-27 12:00:54	1	0	1	0
           205	2024-11-27 12:01:00	1	0	1	0
           655	2024-11-27 12:01:05	1	0	1	0
            37	2024-11-27 12:01:21	1	0	1	0
           434	2024-11-27 12:01:29	1	0	1	0
           467	2024-11-27 12:01:33	1	0	1	0
           660	2024-11-27 12:01:37	1	0	1	0
           663	2024-11-27 12:01:40	1	0	1	0
           331	2024-11-27 12:01:56	1	0	1	0
           632	2024-11-27 12:02:01	1	0	1	0
           236	2024-11-27 12:02:09	1	0	1	0
           105	2024-11-27 12:02:16	1	0	1	0
            77	2024-11-27 12:02:20	1	0	1	0
           335	2024-11-27 12:02:31	1	0	1	0
           631	2024-11-27 12:02:37	1	0	1	0
           476	2024-11-27 12:02:43	1	0	1	0
            75	2024-11-27 12:02:49	1	0	1	0
           265	2024-11-27 12:02:55	1	0	1	0
            69	2024-11-27 12:02:58	1	0	1	0
           493	2024-11-27 12:03:07	1	0	1	0
           556	2024-11-27 12:03:11	1	0	1	0
           350	2024-11-27 12:03:16	1	0	1	0
            38	2024-11-27 12:03:21	1	0	1	0
            83	2024-11-27 12:03:27	1	0	1	0
           259	2024-11-27 12:03:37	1	0	15	0
           648	2024-11-27 12:03:47	1	0	1	0
           586	2024-11-27 12:03:53	1	0	1	0
           101	2024-11-27 12:04:17	1	0	1	0
           182	2024-11-27 12:04:29	1	0	1	0
            93	2024-11-27 12:04:38	1	0	1	0
            88	2024-11-27 12:04:43	1	0	1	0
           183	2024-11-27 12:04:51	1	0	1	0
           399	2024-11-27 12:05:21	1	0	1	0
           606	2024-11-27 12:05:57	1	0	1	0
            55	2024-11-27 12:06:15	1	0	1	0
           516	2024-11-27 12:06:48	1	0	1	0
           601	2024-11-27 12:07:11	1	0	1	0
           502	2024-11-27 12:07:30	1	0	1	0
           465	2024-11-27 12:07:52	1	0	1	0
           184	2024-11-27 12:08:22	1	0	1	0
           194	2024-11-27 12:08:31	1	0	1	0
           363	2024-11-27 12:08:54	1	0	1	0
           361	2024-11-27 12:09:05	1	0	1	0
           370	2024-11-27 12:09:09	1	0	1	0
           375	2024-11-27 12:09:15	1	0	1	0
           337	2024-11-27 12:09:26	1	0	1	0
           314	2024-11-27 12:09:56	1	0	1	0
           583	2024-11-27 12:10:14	1	0	1	0
           355	2024-11-27 12:11:24	1	0	1	0
           523	2024-11-27 12:11:30	1	0	1	0
           146	2024-11-27 12:11:54	1	0	15	0
           312	2024-11-27 12:12:00	1	0	1	0
           408	2024-11-27 12:12:05	1	0	1	0
           338	2024-11-27 12:12:09	1	0	1	0
           579	2024-11-27 12:12:26	1	0	1	0
           573	2024-11-27 12:12:30	1	0	1	0
           119	2024-11-27 12:12:49	1	0	15	0
           206	2024-11-27 12:13:35	1	0	1	0
           637	2024-11-27 12:15:28	1	0	1	0
           413	2024-11-27 12:16:58	1	0	1	0
           275	2024-11-27 12:17:38	1	0	1	0
           331	2024-11-27 12:17:44	1	0	1	0
           635	2024-11-27 12:18:27	1	0	1	0
           288	2024-11-27 12:18:46	1	0	1	0
            38	2024-11-27 12:20:14	1	0	1	0
           259	2024-11-27 12:20:48	1	0	15	0
           604	2024-11-27 12:21:53	1	0	1	0
           520	2024-11-27 12:22:00	1	0	1	0
           493	2024-11-27 12:22:08	1	0	1	0
            55	2024-11-27 12:22:34	1	0	1	0
           121	2024-11-27 12:22:42	1	0	1	0
            87	2024-11-27 12:23:15	1	0	1	0
           659	2024-11-27 12:23:35	1	0	1	0
           631	2024-11-27 12:24:00	1	0	1	0
           194	2024-11-27 12:24:04	1	0	1	0
           529	2024-11-27 12:24:27	1	0	1	0
           580	2024-11-27 12:25:14	1	0	1	0
           101	2024-11-27 12:26:08	1	0	1	0
           355	2024-11-27 12:27:03	1	0	1	0
           523	2024-11-27 12:27:08	1	0	1	0
           655	2024-11-27 12:27:32	1	0	1	0
           640	2024-11-27 12:28:00	1	0	1	0
           404	2024-11-27 12:28:06	1	0	1	0
           125	2024-11-27 12:28:53	1	0	1	0
           105	2024-11-27 12:29:57	1	0	1	0
           312	2024-11-27 12:30:49	1	0	1	0
           370	2024-11-27 12:31:25	1	0	1	0
           476	2024-11-27 12:33:01	1	0	1	0
           149	2024-11-27 12:33:06	1	0	1	0
            37	2024-11-27 12:33:29	1	0	1	0
           606	2024-11-27 12:33:33	1	0	1	0
           583	2024-11-27 12:33:37	1	0	1	0
           338	2024-11-27 12:33:59	1	0	1	0
           513	2024-11-27 12:35:32	1	0	1	0
           648	2024-11-27 12:36:05	1	0	1	0
           586	2024-11-27 12:36:12	1	0	1	0
           265	2024-11-27 12:36:18	1	0	1	0
           205	2024-11-27 12:36:57	1	0	1	0
           434	2024-11-27 12:37:02	1	0	1	0
            74	2024-11-27 12:37:32	1	0	1	0
            83	2024-11-27 12:37:36	1	0	1	0
           556	2024-11-27 12:37:42	1	0	1	0
           546	2024-11-27 12:38:09	1	0	1	0
           467	2024-11-27 12:38:11	1	0	1	0
           374	2024-11-27 12:38:15	1	0	1	0
            69	2024-11-27 12:38:59	1	0	1	0
           520	2024-11-27 12:39:19	1	0	1	0
           604	2024-11-27 12:39:23	1	0	1	0
           502	2024-11-27 12:40:23	1	0	1	0
           236	2024-11-27 12:40:38	1	0	1	0
           121	2024-11-27 12:41:25	1	0	1	0
           183	2024-11-27 12:41:33	1	0	1	0
           182	2024-11-27 12:41:40	1	0	1	0
            93	2024-11-27 12:41:47	1	0	1	0
           601	2024-11-27 12:41:52	1	0	1	0
           288	2024-11-27 12:43:48	1	0	1	0
            87	2024-11-27 12:44:30	1	0	1	0
           444	2024-11-27 12:45:04	1	0	1	0
           397	2024-11-27 12:45:26	1	0	1	0
           196	2024-11-27 12:45:30	1	0	1	0
           660	2024-11-27 12:45:35	1	0	1	0
           663	2024-11-27 12:45:38	1	0	1	0
           516	2024-11-27 12:45:43	1	0	1	0
           465	2024-11-27 12:45:49	1	0	1	0
            75	2024-11-27 12:45:54	1	0	1	0
           275	2024-11-27 12:46:38	1	0	1	0
           206	2024-11-27 12:46:42	1	0	1	0
           659	2024-11-27 12:47:01	1	0	1	0
           361	2024-11-27 12:47:36	1	0	1	0
           363	2024-11-27 12:47:40	1	0	1	0
           580	2024-11-27 12:48:12	1	0	1	0
           149	2024-11-27 12:48:21	1	0	15	0
           184	2024-11-27 12:48:31	1	0	1	0
           637	2024-11-27 12:48:37	1	0	1	0
           146	2024-11-27 12:49:09	1	0	15	0
            40	2024-11-27 12:50:01	1	0	1	0
            88	2024-11-27 12:50:52	1	0	1	0
            77	2024-11-27 12:51:50	1	0	1	0
           529	2024-11-27 12:52:02	1	0	1	0
           335	2024-11-27 12:53:53	1	0	1	0
           350	2024-11-27 12:54:01	1	0	1	0
           338	2024-11-27 12:54:48	1	0	1	0
           374	2024-11-27 12:54:54	1	0	1	0
           513	2024-11-27 12:55:42	1	0	1	0
           640	2024-11-27 12:55:52	1	0	1	0
           404	2024-11-27 12:55:58	1	0	1	0
           600	2024-11-27 12:57:21	1	0	1	0
           444	2024-11-27 13:00:04	1	0	1	0
           399	2024-11-27 13:01:23	1	0	1	0
            45	2024-11-27 13:14:28	1	0	1	0
           485	2024-11-27 13:14:36	1	0	1	0
           124	2024-11-27 13:26:14	1	0	15	0
            45	2024-11-27 13:32:27	1	0	1	0
           485	2024-11-27 13:37:10	1	0	1	0
           305	2024-11-27 15:02:38	1	0	1	0
            70	2024-11-27 16:02:56	1	0	1	0
           413	2024-11-27 16:14:02	1	0	1	0
           460	2024-11-27 16:37:17	1	0	1	0
           600	2024-11-27 17:00:11	1	0	1	0
           443	2024-11-27 17:00:15	1	0	1	0
           493	2024-11-27 17:00:46	1	0	1	0
           422	2024-11-27 17:00:55	1	0	1	0
           387	2024-11-27 17:01:03	1	0	15	0
           637	2024-11-27 17:01:07	1	0	1	0
            53	2024-11-27 17:01:14	1	0	1	0
            74	2024-11-27 17:01:21	1	0	1	0
            37	2024-11-27 17:01:35	1	0	1	0
           631	2024-11-27 17:01:41	1	0	1	0
           663	2024-11-27 17:01:45	1	0	1	0
            77	2024-11-27 17:01:49	1	0	1	0
           350	2024-11-27 17:01:57	1	0	1	0
           562	2024-11-27 17:02:31	1	0	1	0
           635	2024-11-27 17:02:34	1	0	1	0
           397	2024-11-27 17:02:39	1	0	1	0
           660	2024-11-27 17:02:44	1	0	1	0
           659	2024-11-27 17:02:50	1	0	1	0
           601	2024-11-27 17:02:54	1	0	1	0
           182	2024-11-27 17:03:08	1	0	1	0
           288	2024-11-27 17:03:37	1	0	1	0
           149	2024-11-27 17:04:01	1	0	1	0
           101	2024-11-27 17:04:15	1	0	1	0
           604	2024-11-27 17:05:26	1	0	1	0
           520	2024-11-27 17:05:40	1	0	1	0
           643	2024-11-27 17:05:48	1	0	1	0
           476	2024-11-27 17:05:55	1	0	1	0
           648	2024-11-27 17:05:59	1	0	1	0
           586	2024-11-27 17:06:06	1	0	1	0
           119	2024-11-27 17:06:19	1	0	15	0
           374	2024-11-27 17:06:39	1	0	1	0
           523	2024-11-27 17:06:56	1	0	1	0
           513	2024-11-27 17:07:59	1	0	1	0
           502	2024-11-27 17:08:28	1	0	1	0
           546	2024-11-27 17:08:32	1	0	1	0
           645	2024-11-27 17:09:21	1	0	1	0
           265	2024-11-27 17:09:32	1	0	1	0
           194	2024-11-27 17:10:40	1	0	1	0
           529	2024-11-27 17:10:44	1	0	1	0
           444	2024-11-27 17:10:48	1	0	1	0
           404	2024-11-27 17:10:50	1	0	1	0
           640	2024-11-27 17:10:56	1	0	1	0
           331	2024-11-27 17:11:06	1	0	1	0
           236	2024-11-27 17:11:52	1	0	1	0
            38	2024-11-27 17:12:33	1	0	1	0
            95	2024-11-27 17:13:40	1	0	1	0
            40	2024-11-27 17:13:55	1	0	1	0
           434	2024-11-27 17:14:09	1	0	1	0
           370	2024-11-27 17:15:49	1	0	1	0
           399	2024-11-27 17:16:27	1	0	1	0
           375	2024-11-27 17:17:09	1	0	1	0
           363	2024-11-27 17:17:15	1	0	1	0
           105	2024-11-27 17:17:48	1	0	1	0
           408	2024-11-27 17:17:53	1	0	1	0
           606	2024-11-27 17:20:03	1	0	1	0
           580	2024-11-27 17:20:32	1	0	1	0
           556	2024-11-27 17:21:40	1	0	1	0
           355	2024-11-27 17:29:47	1	0	1	0
            93	2024-11-27 17:34:30	1	0	1	0
            55	2024-11-27 17:37:32	1	0	1	0
           361	2024-11-27 17:38:03	1	0	1	0
           312	2024-11-27 17:45:39	1	0	1	0
            69	2024-11-27 17:45:55	1	0	1	0
           444	2024-11-27 17:46:44	1	0	1	0
           640	2024-11-27 17:46:51	1	0	1	0
           194	2024-11-27 17:46:56	1	0	1	0
           404	2024-11-27 17:47:09	1	0	1	0
           337	2024-11-27 17:49:11	1	0	1	0
           573	2024-11-27 17:49:19	1	0	1	0
           467	2024-11-27 17:49:28	1	0	1	0
           579	2024-11-27 17:49:34	1	0	1	0
           314	2024-11-27 17:49:42	1	0	1	0
           335	2024-11-27 17:50:02	1	0	1	0
            83	2024-11-27 17:50:12	1	0	1	0
           146	2024-11-27 18:00:50	1	0	15	0
           259	2024-11-27 18:04:15	1	0	15	0
            87	2024-11-27 18:07:49	1	0	1	0
           183	2024-11-27 18:09:28	1	0	1	0
           184	2024-11-27 18:10:00	1	0	1	0
           196	2024-11-27 18:16:11	1	0	1	0
            45	2024-11-27 18:19:14	1	0	1	0
           206	2024-11-27 18:24:25	1	0	1	0
           275	2024-11-27 18:25:00	1	0	1	0
           485	2024-11-27 18:27:39	1	0	1	0
           205	2024-11-27 18:35:09	1	0	1	0
           583	2024-11-27 19:05:20	1	0	1	0
           655	2024-11-27 19:39:01	1	0	1	0
           465	2024-11-27 20:11:12	1	0	1	0
            75	2024-11-27 20:11:19	1	0	1	0
            88	2024-11-27 20:31:43	1	0	1	0
           567	2024-11-27 21:51:58	1	0	1	0
           620	2024-11-27 21:52:06	1	0	1	0
           124	2024-11-27 22:00:06	1	0	15	0
           404	2024-11-27 22:01:23	1	0	1	0
           529	2024-11-27 22:01:31	1	0	1	0
           194	2024-11-27 22:01:46	1	0	1	0
           640	2024-11-27 22:01:50	1	0	1	0
           444	2024-11-27 22:02:01	1	0	1	0
           200	2024-11-27 22:02:09	1	0	1	0
           398	2024-11-27 23:07:30	1	0	1	0
           360	2024-11-27 23:08:03	1	0	1	0
           305	2024-11-28 05:54:45	1	0	1	0
           567	2024-11-28 06:00:08	1	0	1	0
           337	2024-11-28 06:04:20	1	0	1	0
           119	2024-11-28 06:09:47	1	0	15	0
           196	2024-11-28 06:09:54	1	0	1	0
           123	2024-11-28 06:11:13	1	0	1	0
           632	2024-11-28 06:28:55	1	0	1	0
           387	2024-11-28 06:44:50	1	0	15	0
           606	2024-11-28 06:46:59	1	0	1	0
           366	2024-11-28 06:48:51	1	0	1	0
           443	2024-11-28 06:49:47	1	0	1	0
            93	2024-11-28 06:50:23	1	0	1	0
           182	2024-11-28 06:54:15	1	0	1	0
            27	2024-11-28 06:54:25	1	0	15	0
           183	2024-11-28 06:54:31	1	0	1	0
           453	2024-11-28 06:55:33	1	0	1	0
           422	2024-11-28 06:58:56	1	0	1	0
           664	2024-11-28 06:59:02	1	0	1	0
           413	2024-11-28 07:00:18	1	0	1	0
           124	2024-11-28 07:05:05	1	0	15	0
           460	2024-11-28 07:06:39	1	0	1	0
           314	2024-11-28 07:07:03	1	0	1	0
           631	2024-11-28 07:13:13	1	0	1	0
           573	2024-11-28 07:13:52	1	0	1	0
           620	2024-11-28 07:14:05	1	0	1	0
           101	2024-11-28 07:15:51	1	0	1	0
           227	2024-11-28 07:17:50	1	0	15	0
           643	2024-11-28 07:18:43	1	0	15	0
           645	2024-11-28 07:20:17	1	0	1	0
           115	2024-11-28 07:22:44	1	0	1	0
            37	2024-11-28 07:22:49	1	0	1	0
           546	2024-11-28 07:23:43	1	0	1	0
           149	2024-11-28 07:24:48	1	0	1	0
           581	2024-11-28 07:26:19	1	0	1	0
           566	2024-11-28 07:26:22	1	0	1	0
            77	2024-11-28 07:28:28	1	0	1	0
            74	2024-11-28 07:30:43	1	0	1	0
           434	2024-11-28 07:31:16	1	0	1	0
           648	2024-11-28 07:32:02	1	0	1	0
           265	2024-11-28 07:33:01	1	0	1	0
           194	2024-11-28 07:33:51	1	0	1	0
            95	2024-11-28 07:34:23	1	0	1	0
           465	2024-11-28 07:34:42	1	0	1	0
           579	2024-11-28 07:34:51	1	0	1	0
            75	2024-11-28 07:35:11	1	0	1	0
           397	2024-11-28 07:35:28	1	0	1	0
           659	2024-11-28 07:37:12	1	0	1	0
            70	2024-11-28 07:37:47	1	0	15	0
           660	2024-11-28 07:39:13	1	0	1	0
           125	2024-11-28 07:39:54	1	0	1	0
            38	2024-11-28 07:40:37	1	0	1	0
           398	2024-11-28 07:41:01	1	0	1	0
           601	2024-11-28 07:42:31	1	0	1	0
           529	2024-11-28 07:42:36	1	0	1	0
           355	2024-11-28 07:42:42	1	0	1	0
           663	2024-11-28 07:42:47	1	0	1	0
           444	2024-11-28 07:43:18	1	0	1	0
           604	2024-11-28 07:43:43	1	0	1	0
           467	2024-11-28 07:44:20	1	0	1	0
           408	2024-11-28 07:44:51	1	0	1	0
           640	2024-11-28 07:46:34	1	0	1	0
           523	2024-11-28 07:46:46	1	0	1	0
           335	2024-11-28 07:46:59	1	0	1	0
            83	2024-11-28 07:47:04	1	0	1	0
           493	2024-11-28 07:48:54	1	0	1	0
           370	2024-11-28 07:49:09	1	0	1	0
           502	2024-11-28 07:49:30	1	0	1	0
           655	2024-11-28 07:50:14	1	0	1	0
           580	2024-11-28 07:50:24	1	0	1	0
           105	2024-11-28 07:51:09	1	0	1	0
            53	2024-11-28 07:51:15	1	0	1	0
            55	2024-11-28 07:51:22	1	0	1	0
           399	2024-11-28 07:52:16	1	0	1	0
           404	2024-11-28 07:52:21	1	0	1	0
           513	2024-11-28 07:52:28	1	0	1	0
            69	2024-11-28 07:54:49	1	0	1	0
           361	2024-11-28 07:55:24	1	0	1	0
           476	2024-11-28 07:55:28	1	0	1	0
           637	2024-11-28 07:55:39	1	0	1	0
           338	2024-11-28 07:55:46	1	0	1	0
           363	2024-11-28 07:56:39	1	0	1	0
           350	2024-11-28 07:56:43	1	0	1	0
           184	2024-11-28 07:56:48	1	0	1	0
           146	2024-11-28 07:56:55	1	0	15	0
           236	2024-11-28 07:57:07	1	0	1	0
           312	2024-11-28 07:57:55	1	0	1	0
           635	2024-11-28 07:58:17	1	0	1	0
           200	2024-11-28 07:58:36	1	0	1	0
            86	2024-11-28 07:58:53	1	0	1	0
           520	2024-11-28 07:59:28	1	0	1	0
           562	2024-11-28 08:01:29	1	0	1	0
           583	2024-11-28 08:02:23	1	0	1	0
           586	2024-11-28 08:02:50	1	0	1	0
           205	2024-11-28 08:03:30	1	0	1	0
           516	2024-11-28 08:18:11	1	0	1	0
           259	2024-11-28 08:24:46	1	0	15	0
            87	2024-11-28 08:25:02	1	0	1	0
           485	2024-11-28 08:33:53	1	0	1	0
           275	2024-11-28 08:45:40	1	0	1	0
           206	2024-11-28 08:45:47	1	0	1	0
           460	2024-11-28 11:11:22	1	0	1	0
           632	2024-11-28 11:30:25	1	0	1	0
           443	2024-11-28 11:30:35	1	0	1	0
           643	2024-11-28 11:30:52	1	0	15	0
           366	2024-11-28 11:31:21	1	0	15	0
           581	2024-11-28 11:31:38	1	0	1	0
           664	2024-11-28 11:31:57	1	0	1	0
           387	2024-11-28 11:32:12	1	0	15	0
           422	2024-11-28 11:32:37	1	0	1	0
           119	2024-11-28 11:35:23	1	0	15	0
           460	2024-11-28 11:39:40	1	0	1	0
           314	2024-11-28 11:47:36	1	0	1	0
           337	2024-11-28 11:48:15	1	0	1	0
           573	2024-11-28 11:51:59	1	0	1	0
           546	2024-11-28 11:52:11	1	0	1	0
           566	2024-11-28 11:53:27	1	0	1	0
           123	2024-11-28 11:53:50	1	0	1	0
           632	2024-11-28 11:54:57	1	0	1	0
           366	2024-11-28 11:55:25	1	0	15	0
           579	2024-11-28 11:57:13	1	0	1	0
           422	2024-11-28 12:00:05	1	0	1	0
           664	2024-11-28 12:00:09	1	0	1	0
           643	2024-11-28 12:00:15	1	0	15	0
           443	2024-11-28 12:00:21	1	0	1	0
           387	2024-11-28 12:00:30	1	0	15	0
           350	2024-11-28 12:00:37	1	0	1	0
           397	2024-11-28 12:00:42	1	0	1	0
            53	2024-11-28 12:00:47	1	0	1	0
           660	2024-11-28 12:00:55	1	0	1	0
           663	2024-11-28 12:00:58	1	0	1	0
           265	2024-11-28 12:01:04	1	0	1	0
            37	2024-11-28 12:01:11	1	0	1	0
           194	2024-11-28 12:01:20	1	0	1	0
           631	2024-11-28 12:01:28	1	0	1	0
           119	2024-11-28 12:01:35	1	0	15	0
           562	2024-11-28 12:01:38	1	0	1	0
           659	2024-11-28 12:01:43	1	0	1	0
            69	2024-11-28 12:01:55	1	0	1	0
           236	2024-11-28 12:02:04	1	0	1	0
           637	2024-11-28 12:02:11	1	0	1	0
           399	2024-11-28 12:02:32	1	0	1	0
           556	2024-11-28 12:02:54	1	0	1	0
           635	2024-11-28 12:04:02	1	0	1	0
           398	2024-11-28 12:04:27	1	0	1	0
            75	2024-11-28 12:04:45	1	0	1	0
           476	2024-11-28 12:05:08	1	0	1	0
           586	2024-11-28 12:05:17	1	0	1	0
           648	2024-11-28 12:05:24	1	0	1	0
           655	2024-11-28 12:05:33	1	0	1	0
           206	2024-11-28 12:05:41	1	0	1	0
           259	2024-11-28 12:05:46	1	0	15	0
           312	2024-11-28 12:06:17	1	0	1	0
           513	2024-11-28 12:06:20	1	0	1	0
           606	2024-11-28 12:06:55	1	0	1	0
           502	2024-11-28 12:06:59	1	0	1	0
           149	2024-11-28 12:07:23	1	0	1	0
           581	2024-11-28 12:07:31	1	0	1	0
           314	2024-11-28 12:07:37	1	0	1	0
            38	2024-11-28 12:07:44	1	0	1	0
           337	2024-11-28 12:07:57	1	0	1	0
            77	2024-11-28 12:09:26	1	0	1	0
           583	2024-11-28 12:09:31	1	0	1	0
           516	2024-11-28 12:10:16	1	0	1	0
           604	2024-11-28 12:10:39	1	0	1	0
           520	2024-11-28 12:10:52	1	0	1	0
           125	2024-11-28 12:10:58	1	0	1	0
            27	2024-11-28 12:11:07	1	0	15	0
           370	2024-11-28 12:11:32	1	0	1	0
            87	2024-11-28 12:11:41	1	0	1	0
           335	2024-11-28 12:11:49	1	0	1	0
           465	2024-11-28 12:11:55	1	0	1	0
           467	2024-11-28 12:12:13	1	0	1	0
           101	2024-11-28 12:12:20	1	0	1	0
           546	2024-11-28 12:12:26	1	0	1	0
           573	2024-11-28 12:12:34	1	0	1	0
           579	2024-11-28 12:13:09	1	0	1	0
           493	2024-11-28 12:15:00	1	0	1	0
           601	2024-11-28 12:15:03	1	0	1	0
           408	2024-11-28 12:15:13	1	0	1	0
           640	2024-11-28 12:15:22	1	0	1	0
           404	2024-11-28 12:15:38	1	0	1	0
           434	2024-11-28 12:15:45	1	0	1	0
            53	2024-11-28 12:15:55	1	0	1	0
            74	2024-11-28 12:16:03	1	0	1	0
           413	2024-11-28 12:17:01	1	0	1	0
           184	2024-11-28 12:17:38	1	0	1	0
           182	2024-11-28 12:17:47	1	0	1	0
           183	2024-11-28 12:17:53	1	0	1	0
            37	2024-11-28 12:18:54	1	0	1	0
            93	2024-11-28 12:19:02	1	0	1	0
           631	2024-11-28 12:19:46	1	0	1	0
           361	2024-11-28 12:19:57	1	0	1	0
            69	2024-11-28 12:20:05	1	0	1	0
           453	2024-11-28 12:20:56	1	0	1	0
           355	2024-11-28 12:21:13	1	0	1	0
           655	2024-11-28 12:21:19	1	0	1	0
           338	2024-11-28 12:22:47	1	0	1	0
           275	2024-11-28 12:23:06	1	0	1	0
           502	2024-11-28 12:23:12	1	0	1	0
           556	2024-11-28 12:23:47	1	0	1	0
            75	2024-11-28 12:24:01	1	0	1	0
           529	2024-11-28 12:24:48	1	0	1	0
           206	2024-11-28 12:25:06	1	0	1	0
           149	2024-11-28 12:25:50	1	0	1	0
           265	2024-11-28 12:25:57	1	0	1	0
            38	2024-11-28 12:26:32	1	0	1	0
           583	2024-11-28 12:27:15	1	0	1	0
           363	2024-11-28 12:27:39	1	0	1	0
            83	2024-11-28 12:28:57	1	0	1	0
           465	2024-11-28 12:29:15	1	0	1	0
            77	2024-11-28 12:29:37	1	0	1	0
           335	2024-11-28 12:30:14	1	0	1	0
            55	2024-11-28 12:31:06	1	0	1	0
           516	2024-11-28 12:32:29	1	0	1	0
           413	2024-11-28 12:33:40	1	0	1	0
           637	2024-11-28 12:33:46	1	0	1	0
           580	2024-11-28 12:34:12	1	0	1	0
           370	2024-11-28 12:34:32	1	0	1	0
           562	2024-11-28 12:34:43	1	0	1	0
           434	2024-11-28 12:34:53	1	0	1	0
            74	2024-11-28 12:35:08	1	0	1	0
           444	2024-11-28 12:35:32	1	0	1	0
           200	2024-11-28 12:35:42	1	0	1	0
           476	2024-11-28 12:36:18	1	0	1	0
           408	2024-11-28 12:36:32	1	0	1	0
           513	2024-11-28 12:36:35	1	0	1	0
           523	2024-11-28 12:37:02	1	0	1	0
           648	2024-11-28 12:37:19	1	0	1	0
           586	2024-11-28 12:37:33	1	0	1	0
           121	2024-11-28 12:38:00	1	0	1	0
           606	2024-11-28 12:40:11	1	0	1	0
           659	2024-11-28 12:40:48	1	0	1	0
           259	2024-11-28 12:41:36	1	0	15	0
            93	2024-11-28 12:41:41	1	0	1	0
            87	2024-11-28 12:41:48	1	0	1	0
           275	2024-11-28 12:42:26	1	0	1	0
           105	2024-11-28 12:42:43	1	0	1	0
           361	2024-11-28 12:44:14	1	0	1	0
           566	2024-11-28 12:44:56	1	0	1	0
           601	2024-11-28 12:45:22	1	0	1	0
           312	2024-11-28 12:45:29	1	0	1	0
           635	2024-11-28 12:46:40	1	0	1	0
           182	2024-11-28 12:46:56	1	0	1	0
           184	2024-11-28 12:47:00	1	0	1	0
           183	2024-11-28 12:47:09	1	0	1	0
           123	2024-11-28 12:47:48	1	0	1	0
           236	2024-11-28 12:48:04	1	0	1	0
           355	2024-11-28 12:48:17	1	0	1	0
           660	2024-11-28 12:48:27	1	0	1	0
           663	2024-11-28 12:48:32	1	0	1	0
            55	2024-11-28 12:48:45	1	0	1	0
           101	2024-11-28 12:49:19	1	0	1	0
           397	2024-11-28 12:51:14	1	0	1	0
           363	2024-11-28 12:51:31	1	0	1	0
           467	2024-11-28 12:51:36	1	0	1	0
            83	2024-11-28 12:51:53	1	0	1	0
           338	2024-11-28 12:52:22	1	0	1	0
           580	2024-11-28 12:52:29	1	0	1	0
           194	2024-11-28 12:52:38	1	0	15	0
           520	2024-11-28 12:53:15	1	0	1	0
           604	2024-11-28 12:53:23	1	0	1	0
           125	2024-11-28 12:53:32	1	0	1	0
           121	2024-11-28 12:53:37	1	0	1	0
           200	2024-11-28 12:53:43	1	0	1	0
           529	2024-11-28 12:56:03	1	0	1	0
           640	2024-11-28 12:56:06	1	0	1	0
           404	2024-11-28 12:56:14	1	0	1	0
           350	2024-11-28 12:57:31	1	0	1	0
           399	2024-11-28 12:57:48	1	0	1	0
           444	2024-11-28 12:59:13	1	0	1	0
           493	2024-11-28 12:59:20	1	0	1	0
           453	2024-11-28 12:59:30	1	0	1	0
            27	2024-11-28 12:59:35	1	0	15	0
           523	2024-11-28 13:02:47	1	0	1	0
           485	2024-11-28 13:13:47	1	0	1	0
           485	2024-11-28 13:52:17	1	0	1	0
           305	2024-11-28 14:02:49	1	0	1	0
           567	2024-11-28 14:35:40	1	0	1	0
           124	2024-11-28 15:06:27	1	0	15	0
            70	2024-11-28 16:04:22	1	0	15	0
            93	2024-11-28 16:11:53	1	0	1	0
           413	2024-11-28 16:38:57	1	0	1	0
           387	2024-11-28 17:00:05	1	0	15	0
           581	2024-11-28 17:00:09	1	0	1	0
           422	2024-11-28 17:00:14	1	0	1	0
           664	2024-11-28 17:00:19	1	0	1	0
           643	2024-11-28 17:00:24	1	0	15	0
           397	2024-11-28 17:00:34	1	0	1	0
            53	2024-11-28 17:00:41	1	0	1	0
           366	2024-11-28 17:00:51	1	0	1	0
           443	2024-11-28 17:00:55	1	0	1	0
           566	2024-11-28 17:01:03	1	0	1	0
           637	2024-11-28 17:01:06	1	0	1	0
           493	2024-11-28 17:01:12	1	0	1	0
            37	2024-11-28 17:01:16	1	0	1	0
           350	2024-11-28 17:01:26	1	0	1	0
            74	2024-11-28 17:01:30	1	0	1	0
           149	2024-11-28 17:01:43	1	0	1	0
           562	2024-11-28 17:01:49	1	0	1	0
           632	2024-11-28 17:02:01	1	0	1	0
           123	2024-11-28 17:02:15	1	0	1	0
           663	2024-11-28 17:02:22	1	0	1	0
           659	2024-11-28 17:02:26	1	0	1	0
           115	2024-11-28 17:02:32	1	0	1	0
           476	2024-11-28 17:02:43	1	0	1	0
           648	2024-11-28 17:02:49	1	0	1	0
           601	2024-11-28 17:02:56	1	0	1	0
           586	2024-11-28 17:03:02	1	0	1	0
           453	2024-11-28 17:03:17	1	0	1	0
           196	2024-11-28 17:03:24	1	0	1	0
           121	2024-11-28 17:03:34	1	0	1	0
           660	2024-11-28 17:03:38	1	0	1	0
           631	2024-11-28 17:03:42	1	0	1	0
           529	2024-11-28 17:04:33	1	0	1	0
           194	2024-11-28 17:04:49	1	0	1	0
           404	2024-11-28 17:04:52	1	0	1	0
           640	2024-11-28 17:04:57	1	0	1	0
           444	2024-11-28 17:05:06	1	0	1	0
           502	2024-11-28 17:05:44	1	0	1	0
           119	2024-11-28 17:05:55	1	0	15	0
           227	2024-11-28 17:06:54	1	0	15	0
           556	2024-11-28 17:07:29	1	0	1	0
           523	2024-11-28 17:07:36	1	0	1	0
           635	2024-11-28 17:07:43	1	0	1	0
           399	2024-11-28 17:08:11	1	0	1	0
           460	2024-11-28 17:09:23	1	0	1	0
            86	2024-11-28 17:09:30	1	0	1	0
           398	2024-11-28 17:09:46	1	0	1	0
           513	2024-11-28 17:10:18	1	0	1	0
            38	2024-11-28 17:11:03	1	0	1	0
           546	2024-11-28 17:11:50	1	0	1	0
           467	2024-11-28 17:11:56	1	0	1	0
           337	2024-11-28 17:12:12	1	0	15	0
           579	2024-11-28 17:12:24	1	0	1	0
           573	2024-11-28 17:12:29	1	0	1	0
           265	2024-11-28 17:13:07	1	0	1	0
           580	2024-11-28 17:15:42	1	0	1	0
           370	2024-11-28 17:17:40	1	0	1	0
           363	2024-11-28 17:18:26	1	0	1	0
            69	2024-11-28 17:18:39	1	0	1	0
           434	2024-11-28 17:19:45	1	0	1	0
           604	2024-11-28 17:20:03	1	0	1	0
           520	2024-11-28 17:20:13	1	0	1	0
           125	2024-11-28 17:20:22	1	0	1	0
           105	2024-11-28 17:22:44	1	0	1	0
           338	2024-11-28 17:22:51	1	0	1	0
           408	2024-11-28 17:22:59	1	0	1	0
           194	2024-11-28 17:27:55	1	0	1	0
           640	2024-11-28 17:27:58	1	0	1	0
           529	2024-11-28 17:28:07	1	0	1	0
           444	2024-11-28 17:28:15	1	0	1	0
           404	2024-11-28 17:28:31	1	0	1	0
           236	2024-11-28 17:32:20	1	0	1	0
           355	2024-11-28 17:33:53	1	0	1	0
            77	2024-11-28 17:44:42	1	0	1	0
            55	2024-11-28 17:47:37	1	0	1	0
           606	2024-11-28 17:53:41	1	0	1	0
           361	2024-11-28 17:53:52	1	0	1	0
           101	2024-11-28 18:00:21	1	0	1	0
           485	2024-11-28 18:04:55	1	0	1	0
           583	2024-11-28 18:06:09	1	0	1	0
           312	2024-11-28 18:06:59	1	0	1	0
            87	2024-11-28 18:10:54	1	0	1	0
           182	2024-11-28 18:12:48	1	0	1	0
           259	2024-11-28 18:24:48	1	0	15	0
           184	2024-11-28 18:47:28	1	0	1	0
           183	2024-11-28 18:49:16	1	0	1	0
           335	2024-11-28 19:05:35	1	0	1	0
            83	2024-11-28 19:06:13	1	0	1	0
           146	2024-11-28 19:28:17	1	0	15	0
            95	2024-11-28 19:35:43	1	0	1	0
           655	2024-11-28 19:52:20	1	0	1	0
           200	2024-11-28 20:06:14	1	0	1	0
           206	2024-11-28 20:06:43	1	0	1	0
           275	2024-11-28 20:06:52	1	0	1	0
           205	2024-11-28 20:25:26	1	0	1	0
           314	2024-11-28 20:25:36	1	0	1	0
            75	2024-11-28 20:26:20	1	0	1	0
           465	2024-11-28 20:26:25	1	0	1	0
           620	2024-11-28 21:07:24	1	0	1	0
           529	2024-11-28 22:00:03	1	0	1	0
           640	2024-11-28 22:00:07	1	0	1	0
           194	2024-11-28 22:00:12	1	0	1	0
           404	2024-11-28 22:00:17	1	0	1	0
           444	2024-11-28 22:00:28	1	0	1	0
           196	2024-11-28 22:00:42	1	0	1	0
           119	2024-11-28 22:01:00	1	0	15	0
           418	2024-11-28 22:29:56	1	0	1	0
           516	2024-11-28 22:47:43	1	0	1	0
           567	2024-11-28 23:00:05	1	0	1	0
           620	2024-11-29 06:01:29	1	0	1	0
           124	2024-11-29 06:03:06	1	0	15	0
           337	2024-11-29 06:05:17	1	0	1	0
           123	2024-11-29 06:22:40	1	0	1	0
            70	2024-11-29 06:23:30	1	0	1	0
           387	2024-11-29 06:30:54	1	0	15	0
            88	2024-11-29 06:36:14	1	0	1	0
           664	2024-11-29 06:36:53	1	0	1	0
           606	2024-11-29 06:37:41	1	0	1	0
            27	2024-11-29 06:42:44	1	0	15	0
           453	2024-11-29 06:44:13	1	0	1	0
           422	2024-11-29 06:50:46	1	0	1	0
           196	2024-11-29 06:52:24	1	0	1	0
           119	2024-11-29 06:52:36	1	0	15	0
           632	2024-11-29 06:52:45	1	0	1	0
           443	2024-11-29 06:56:51	1	0	1	0
           460	2024-11-29 07:01:13	1	0	1	0
           413	2024-11-29 07:04:06	1	0	4	0
           600	2024-11-29 07:09:52	1	0	1	0
           314	2024-11-29 07:11:21	1	0	1	0
           227	2024-11-29 07:12:04	1	0	15	0
           418	2024-11-29 07:13:28	1	0	1	0
           182	2024-11-29 07:14:29	1	0	1	0
           631	2024-11-29 07:17:16	1	0	1	0
           642	2024-11-29 07:17:50	1	0	1	0
           643	2024-11-29 07:18:05	1	0	15	0
           366	2024-11-29 07:18:12	1	0	1	0
           573	2024-11-29 07:19:14	1	0	1	0
           546	2024-11-29 07:19:43	1	0	1	0
           115	2024-11-29 07:24:40	1	0	1	0
            37	2024-11-29 07:25:11	1	0	1	0
           645	2024-11-29 07:26:38	1	0	1	0
           434	2024-11-29 07:27:19	1	0	1	0
           465	2024-11-29 07:28:31	1	0	1	0
            75	2024-11-29 07:28:58	1	0	1	0
           397	2024-11-29 07:29:07	1	0	1	0
            77	2024-11-29 07:31:51	1	0	1	0
           659	2024-11-29 07:32:22	1	0	1	0
           579	2024-11-29 07:32:28	1	0	1	0
           581	2024-11-29 07:32:49	1	0	1	0
           566	2024-11-29 07:33:02	1	0	1	0
           146	2024-11-29 07:38:18	1	0	15	0
           184	2024-11-29 07:38:25	1	0	1	0
           663	2024-11-29 07:40:23	1	0	1	0
           660	2024-11-29 07:41:30	1	0	1	0
           101	2024-11-29 07:42:21	1	0	1	0
           265	2024-11-29 07:43:05	1	0	1	0
           149	2024-11-29 07:43:56	1	0	1	0
           467	2024-11-29 07:44:03	1	0	1	0
           355	2024-11-29 07:44:10	1	0	1	0
           648	2024-11-29 07:44:49	1	0	1	0
            74	2024-11-29 07:45:45	1	0	1	0
           125	2024-11-29 07:45:50	1	0	1	0
           444	2024-11-29 07:47:16	1	0	1	0
           493	2024-11-29 07:47:31	1	0	1	0
            83	2024-11-29 07:48:13	1	0	1	0
           200	2024-11-29 07:48:37	1	0	1	0
           640	2024-11-29 07:49:33	1	0	1	0
            38	2024-11-29 07:50:10	1	0	1	0
           194	2024-11-29 07:50:50	1	0	1	0
            53	2024-11-29 07:51:43	1	0	1	0
           205	2024-11-29 07:51:57	1	0	1	0
           338	2024-11-29 07:52:41	1	0	1	0
           476	2024-11-29 07:52:45	1	0	1	0
           604	2024-11-29 07:54:17	1	0	1	0
           580	2024-11-29 07:54:47	1	0	1	0
            55	2024-11-29 07:55:49	1	0	1	0
           374	2024-11-29 07:56:16	1	0	1	0
           331	2024-11-29 07:56:29	1	0	1	0
           583	2024-11-29 07:56:32	1	0	1	0
           502	2024-11-29 07:56:46	1	0	1	0
           556	2024-11-29 07:56:50	1	0	1	0
           529	2024-11-29 07:56:54	1	0	1	0
           637	2024-11-29 07:56:59	1	0	1	0
           363	2024-11-29 07:57:07	1	0	1	0
           399	2024-11-29 07:57:29	1	0	1	0
           105	2024-11-29 07:57:52	1	0	1	0
            69	2024-11-29 07:58:01	1	0	1	0
           404	2024-11-29 07:58:31	1	0	1	0
           408	2024-11-29 07:59:50	1	0	1	0
           586	2024-11-29 07:59:54	1	0	1	0
           655	2024-11-29 08:00:19	1	0	1	0
           520	2024-11-29 08:00:31	1	0	1	0
           562	2024-11-29 08:02:09	1	0	1	0
           635	2024-11-29 08:05:11	1	0	1	0
           350	2024-11-29 08:07:06	1	0	1	0
           370	2024-11-29 08:07:39	1	0	1	0
           312	2024-11-29 08:09:14	1	0	1	0
           513	2024-11-29 08:10:10	1	0	1	0
           516	2024-11-29 08:13:46	1	0	1	0
           398	2024-11-29 08:21:47	1	0	1	0
           485	2024-11-29 08:36:55	1	0	1	0
            87	2024-11-29 08:37:00	1	0	1	0
           259	2024-11-29 08:49:35	1	0	15	0
           275	2024-11-29 08:56:30	1	0	1	0
           206	2024-11-29 08:56:42	1	0	1	0
           601	2024-11-29 09:50:59	1	0	1	0
           375	2024-11-29 10:07:35	1	0	1	0
           460	2024-11-29 11:00:04	1	0	1	0
           460	2024-11-29 11:25:29	1	0	1	0
           566	2024-11-29 11:30:17	1	0	1	0
           366	2024-11-29 11:30:26	1	0	1	0
           600	2024-11-29 11:30:30	1	0	1	0
           123	2024-11-29 11:30:36	1	0	1	0
           387	2024-11-29 11:30:45	1	0	15	0
           422	2024-11-29 11:31:15	1	0	1	0
           642	2024-11-29 11:31:25	1	0	1	0
           632	2024-11-29 11:31:40	1	0	1	0
           443	2024-11-29 11:31:45	1	0	1	0
           581	2024-11-29 11:32:23	1	0	1	0
           643	2024-11-29 11:36:00	1	0	15	0
           119	2024-11-29 11:36:08	1	0	15	0
           664	2024-11-29 11:36:49	1	0	1	0
           196	2024-11-29 11:40:51	1	0	1	0
           632	2024-11-29 11:50:06	1	0	1	0
           337	2024-11-29 11:50:46	1	0	1	0
           115	2024-11-29 11:51:37	1	0	1	0
           338	2024-11-29 11:55:15	1	0	1	0
            53	2024-11-29 11:57:42	1	0	1	0
           546	2024-11-29 11:58:20	1	0	1	0
           579	2024-11-29 11:58:25	1	0	1	0
           573	2024-11-29 11:58:31	1	0	1	0
           387	2024-11-29 12:00:09	1	0	15	0
           422	2024-11-29 12:00:16	1	0	1	0
           581	2024-11-29 12:00:20	1	0	1	0
           397	2024-11-29 12:00:23	1	0	1	0
           664	2024-11-29 12:00:27	1	0	1	0
           606	2024-11-29 12:00:33	1	0	1	0
           363	2024-11-29 12:00:38	1	0	1	0
           361	2024-11-29 12:00:44	1	0	1	0
           663	2024-11-29 12:00:48	1	0	1	0
           660	2024-11-29 12:00:52	1	0	1	0
           476	2024-11-29 12:01:00	1	0	1	0
           600	2024-11-29 12:01:06	1	0	1	0
           648	2024-11-29 12:01:10	1	0	1	0
           586	2024-11-29 12:01:18	1	0	1	0
           350	2024-11-29 12:01:24	1	0	1	0
            37	2024-11-29 12:01:31	1	0	1	0
           556	2024-11-29 12:01:35	1	0	1	0
           434	2024-11-29 12:01:40	1	0	1	0
           655	2024-11-29 12:01:45	1	0	1	0
           119	2024-11-29 12:01:57	1	0	15	0
           631	2024-11-29 12:02:04	1	0	1	0
           467	2024-11-29 12:02:10	1	0	1	0
           314	2024-11-29 12:02:15	1	0	1	0
           643	2024-11-29 12:02:18	1	0	15	0
           259	2024-11-29 12:02:38	1	0	15	0
           196	2024-11-29 12:02:46	1	0	1	0
            88	2024-11-29 12:02:56	1	0	15	0
           601	2024-11-29 12:03:03	1	0	1	0
           121	2024-11-29 12:03:06	1	0	1	0
           637	2024-11-29 12:03:19	1	0	1	0
           493	2024-11-29 12:03:29	1	0	1	0
           149	2024-11-29 12:04:00	1	0	1	0
           566	2024-11-29 12:04:11	1	0	1	0
           123	2024-11-29 12:04:45	1	0	1	0
           635	2024-11-29 12:04:52	1	0	1	0
            87	2024-11-29 12:05:01	1	0	1	0
           265	2024-11-29 12:05:08	1	0	1	0
           101	2024-11-29 12:05:14	1	0	1	0
           366	2024-11-29 12:05:22	1	0	1	0
            75	2024-11-29 12:05:42	1	0	1	0
           465	2024-11-29 12:05:51	1	0	1	0
           399	2024-11-29 12:06:06	1	0	1	0
            69	2024-11-29 12:06:24	1	0	1	0
            55	2024-11-29 12:06:42	1	0	1	0
           115	2024-11-29 12:06:52	1	0	1	0
           374	2024-11-29 12:07:06	1	0	1	0
           337	2024-11-29 12:07:23	1	0	1	0
            74	2024-11-29 12:08:06	1	0	1	0
           205	2024-11-29 12:08:21	1	0	15	0
           312	2024-11-29 12:09:39	1	0	1	0
            27	2024-11-29 12:09:45	1	0	15	0
           331	2024-11-29 12:09:53	1	0	1	0
           453	2024-11-29 12:10:00	1	0	1	0
           502	2024-11-29 12:11:48	1	0	1	0
           604	2024-11-29 12:12:40	1	0	1	0
           520	2024-11-29 12:12:50	1	0	1	0
           125	2024-11-29 12:12:55	1	0	1	0
           529	2024-11-29 12:13:00	1	0	1	0
           516	2024-11-29 12:14:47	1	0	1	0
           105	2024-11-29 12:15:04	1	0	1	0
           580	2024-11-29 12:15:20	1	0	1	0
            53	2024-11-29 12:15:36	1	0	1	0
           275	2024-11-29 12:15:44	1	0	1	0
           642	2024-11-29 12:16:02	1	0	1	0
            83	2024-11-29 12:17:00	1	0	1	0
           314	2024-11-29 12:17:46	1	0	1	0
           467	2024-11-29 12:17:58	1	0	1	0
           355	2024-11-29 12:18:03	1	0	1	0
           259	2024-11-29 12:18:41	1	0	15	0
            37	2024-11-29 12:18:56	1	0	1	0
            38	2024-11-29 12:19:13	1	0	1	0
           631	2024-11-29 12:19:39	1	0	1	0
           579	2024-11-29 12:21:25	1	0	1	0
           546	2024-11-29 12:21:28	1	0	1	0
           573	2024-11-29 12:21:40	1	0	1	0
            55	2024-11-29 12:21:47	1	0	1	0
           635	2024-11-29 12:21:57	1	0	1	0
            69	2024-11-29 12:22:15	1	0	1	0
           465	2024-11-29 12:22:37	1	0	1	0
           370	2024-11-29 12:22:48	1	0	1	0
           184	2024-11-29 12:23:54	1	0	1	0
           338	2024-11-29 12:24:12	1	0	1	0
            87	2024-11-29 12:24:29	1	0	1	0
            75	2024-11-29 12:24:36	1	0	1	0
           513	2024-11-29 12:25:01	1	0	1	0
           331	2024-11-29 12:25:17	1	0	1	0
           659	2024-11-29 12:26:23	1	0	1	0
           121	2024-11-29 12:26:28	1	0	15	0
           601	2024-11-29 12:26:30	1	0	1	0
           434	2024-11-29 12:27:00	1	0	1	0
            74	2024-11-29 12:28:17	1	0	1	0
           502	2024-11-29 12:28:23	1	0	1	0
           205	2024-11-29 12:28:31	1	0	1	0
           265	2024-11-29 12:28:36	1	0	1	0
           556	2024-11-29 12:28:57	1	0	1	0
           182	2024-11-29 12:29:42	1	0	1	0
           105	2024-11-29 12:30:11	1	0	1	0
           640	2024-11-29 12:30:19	1	0	1	0
           194	2024-11-29 12:30:27	1	0	1	0
           444	2024-11-29 12:30:34	1	0	1	0
           404	2024-11-29 12:30:39	1	0	1	0
           200	2024-11-29 12:30:54	1	0	1	0
           476	2024-11-29 12:30:59	1	0	1	0
           374	2024-11-29 12:31:13	1	0	1	0
           413	2024-11-29 12:31:19	1	0	1	0
            38	2024-11-29 12:34:15	1	0	1	0
           355	2024-11-29 12:35:12	1	0	1	0
           146	2024-11-29 12:35:31	1	0	15	0
            88	2024-11-29 12:36:28	1	0	15	0
           648	2024-11-29 12:36:49	1	0	1	0
           586	2024-11-29 12:36:57	1	0	1	0
           606	2024-11-29 12:37:53	1	0	1	0
           493	2024-11-29 12:39:55	1	0	1	0
           453	2024-11-29 12:40:10	1	0	1	0
            27	2024-11-29 12:40:16	1	0	15	0
           206	2024-11-29 12:44:42	1	0	1	0
           637	2024-11-29 12:44:48	1	0	1	0
           397	2024-11-29 12:45:14	1	0	1	0
           663	2024-11-29 12:45:18	1	0	1	0
           660	2024-11-29 12:45:23	1	0	1	0
           516	2024-11-29 12:47:33	1	0	1	0
           413	2024-11-29 12:48:24	1	0	1	0
           275	2024-11-29 12:50:24	1	0	1	0
           513	2024-11-29 12:50:45	1	0	1	0
           350	2024-11-29 12:50:56	1	0	1	0
           101	2024-11-29 12:51:16	1	0	1	0
           529	2024-11-29 12:51:37	1	0	1	0
           184	2024-11-29 12:51:41	1	0	1	0
           604	2024-11-29 12:51:52	1	0	1	0
           520	2024-11-29 12:52:02	1	0	1	0
           125	2024-11-29 12:52:05	1	0	1	0
           194	2024-11-29 12:52:08	1	0	1	0
           404	2024-11-29 12:52:12	1	0	1	0
           444	2024-11-29 12:52:20	1	0	1	0
           640	2024-11-29 12:52:25	1	0	1	0
           659	2024-11-29 12:53:24	1	0	1	0
           375	2024-11-29 12:53:41	1	0	1	0
           236	2024-11-29 12:54:07	1	0	1	0
           361	2024-11-29 12:54:15	1	0	1	0
           363	2024-11-29 12:54:20	1	0	1	0
           182	2024-11-29 12:54:52	1	0	1	0
           580	2024-11-29 12:55:28	1	0	1	0
            83	2024-11-29 12:55:34	1	0	1	0
           399	2024-11-29 12:56:29	1	0	1	0
           146	2024-11-29 12:58:07	1	0	15	0
           370	2024-11-29 12:58:40	1	0	1	0
           206	2024-11-29 12:59:44	1	0	1	0
           485	2024-11-29 13:14:25	1	0	1	0
           485	2024-11-29 13:39:14	1	0	1	0
           567	2024-11-29 13:41:46	1	0	1	0
           124	2024-11-29 14:11:48	1	0	15	0
           620	2024-11-29 14:15:16	1	0	1	0
            70	2024-11-29 16:07:12	1	0	1	0
           413	2024-11-29 16:22:18	1	0	4	0
           182	2024-11-29 16:45:50	1	0	1	0
           460	2024-11-29 16:48:56	1	0	1	0
           600	2024-11-29 17:00:15	1	0	1	0
           643	2024-11-29 17:00:22	1	0	1	0
           664	2024-11-29 17:00:30	1	0	1	0
           422	2024-11-29 17:00:38	1	0	1	0
           387	2024-11-29 17:00:45	1	0	15	0
           581	2024-11-29 17:00:50	1	0	1	0
           637	2024-11-29 17:00:57	1	0	1	0
           556	2024-11-29 17:01:01	1	0	1	0
           566	2024-11-29 17:01:10	1	0	1	0
           443	2024-11-29 17:01:13	1	0	1	0
           397	2024-11-29 17:01:20	1	0	1	0
           149	2024-11-29 17:01:28	1	0	1	0
           562	2024-11-29 17:02:02	1	0	1	0
           663	2024-11-29 17:02:08	1	0	1	0
           660	2024-11-29 17:02:12	1	0	1	0
           631	2024-11-29 17:02:25	1	0	1	0
           374	2024-11-29 17:02:34	1	0	1	0
            38	2024-11-29 17:02:40	1	0	1	0
           659	2024-11-29 17:02:47	1	0	1	0
           350	2024-11-29 17:02:53	1	0	1	0
            53	2024-11-29 17:03:02	1	0	1	0
           632	2024-11-29 17:04:10	1	0	1	0
            74	2024-11-29 17:04:25	1	0	1	0
           513	2024-11-29 17:04:39	1	0	1	0
           580	2024-11-29 17:05:18	1	0	1	0
           606	2024-11-29 17:06:04	1	0	1	0
           370	2024-11-29 17:06:21	1	0	1	0
           601	2024-11-29 17:06:33	1	0	1	0
           648	2024-11-29 17:07:20	1	0	1	0
           586	2024-11-29 17:07:28	1	0	1	0
           115	2024-11-29 17:07:52	1	0	1	0
           635	2024-11-29 17:08:22	1	0	1	0
           493	2024-11-29 17:08:53	1	0	1	0
           227	2024-11-29 17:09:03	1	0	15	0
           119	2024-11-29 17:09:50	1	0	15	0
           355	2024-11-29 17:12:24	1	0	1	0
           573	2024-11-29 17:13:40	1	0	1	0
           121	2024-11-29 17:14:19	1	0	1	0
           361	2024-11-29 17:14:32	1	0	1	0
           399	2024-11-29 17:15:35	1	0	1	0
           467	2024-11-29 17:19:29	1	0	1	0
           337	2024-11-29 17:19:37	1	0	1	0
           363	2024-11-29 17:19:43	1	0	1	0
           579	2024-11-29 17:21:21	1	0	1	0
            27	2024-11-29 17:22:51	1	0	15	0
           398	2024-11-29 17:23:13	1	0	1	0
           434	2024-11-29 17:25:09	1	0	1	0
           502	2024-11-29 17:25:40	1	0	1	0
           546	2024-11-29 17:26:45	1	0	1	0
           520	2024-11-29 17:28:50	1	0	1	0
           604	2024-11-29 17:28:56	1	0	1	0
           236	2024-11-29 17:29:12	1	0	1	0
           125	2024-11-29 17:29:57	1	0	1	0
           101	2024-11-29 17:32:33	1	0	1	0
           338	2024-11-29 17:35:25	1	0	1	0
           314	2024-11-29 17:37:05	1	0	1	0
           583	2024-11-29 17:38:02	1	0	1	0
           408	2024-11-29 17:40:43	1	0	1	0
            55	2024-11-29 17:43:00	1	0	1	0
           105	2024-11-29 17:43:37	1	0	1	0
           331	2024-11-29 17:46:57	1	0	1	0
           312	2024-11-29 17:55:05	1	0	1	0
           404	2024-11-29 17:57:03	1	0	1	0
            87	2024-11-29 18:02:46	1	0	1	0
           642	2024-11-29 18:05:37	1	0	1	0
           366	2024-11-29 18:06:17	1	0	1	0
           453	2024-11-29 18:06:44	1	0	1	0
           123	2024-11-29 18:07:28	1	0	1	0
            69	2024-11-29 18:12:55	1	0	1	0
            77	2024-11-29 18:15:12	1	0	1	0
           265	2024-11-29 18:15:50	1	0	1	0
           476	2024-11-29 18:20:42	1	0	1	0
           259	2024-11-29 18:22:53	1	0	15	0
           205	2024-11-29 18:24:58	1	0	1	0
           194	2024-11-29 18:30:49	1	0	1	0
           529	2024-11-29 18:30:53	1	0	1	0
           485	2024-11-29 18:30:59	1	0	1	0
           516	2024-11-29 18:50:10	1	0	1	0
            88	2024-11-29 18:58:55	1	0	15	0
           465	2024-11-29 19:06:27	1	0	1	0
            75	2024-11-29 19:07:08	1	0	1	0
           206	2024-11-29 19:09:54	1	0	1	0
           275	2024-11-29 19:10:07	1	0	1	0
           184	2024-11-29 19:33:16	1	0	1	0
           146	2024-11-29 19:41:20	1	0	15	0
           418	2024-11-29 21:25:01	1	0	1	0
           567	2024-11-29 22:01:07	1	0	1	0
           655	2024-11-29 22:10:05	1	0	1	0
           444	2024-11-29 22:12:52	1	0	1	0
           640	2024-11-29 22:12:57	1	0	1	0
           200	2024-11-29 22:13:06	1	0	1	0
           645	2024-11-29 22:15:21	1	0	1	0
           196	2024-11-29 22:22:02	1	0	1	0
           119	2024-11-29 22:22:08	1	0	15	0
           620	2024-11-29 23:02:26	1	0	1	0
           418	2024-11-30 06:00:08	1	0	1	0
           123	2024-11-30 06:09:53	1	0	1	0
           646	2024-11-30 06:46:17	1	0	1	0
           600	2024-11-30 06:53:09	1	0	1	0
           664	2024-11-30 06:53:33	1	0	1	0
           567	2024-11-30 06:54:13	1	0	1	0
           366	2024-11-30 06:57:39	1	0	15	0
           582	2024-11-30 07:11:24	1	0	1	0
           581	2024-11-30 07:19:01	1	0	1	0
           566	2024-11-30 07:19:10	1	0	1	0
           642	2024-11-30 07:25:10	1	0	1	0
           398	2024-11-30 07:48:55	1	0	1	0
            87	2024-11-30 08:07:34	1	0	1	0
           184	2024-11-30 09:29:04	1	0	1	0
           600	2024-11-30 11:30:55	1	0	1	0
           581	2024-11-30 11:31:01	1	0	1	0
           566	2024-11-30 11:31:14	1	0	15	0
           664	2024-11-30 11:32:17	1	0	1	0
           581	2024-11-30 11:55:19	1	0	1	0
           566	2024-11-30 11:55:42	1	0	15	0
            87	2024-11-30 12:36:29	1	0	1	0
           184	2024-11-30 12:38:42	1	0	1	0
            87	2024-11-30 12:52:05	1	0	1	0
           600	2024-11-30 12:54:26	1	0	1	0
           184	2024-11-30 13:00:57	1	0	1	0
           620	2024-11-30 13:08:18	1	0	1	0
           418	2024-11-30 13:43:36	1	0	1	0
           184	2024-11-30 14:40:21	1	0	1	0
           567	2024-11-30 15:00:39	1	0	1	0
            87	2024-11-30 16:17:30	1	0	1	0
           582	2024-11-30 17:00:06	1	0	1	0
           600	2024-11-30 17:00:14	1	0	1	0
           566	2024-11-30 17:00:17	1	0	1	0
           366	2024-11-30 17:00:24	1	0	1	0
           642	2024-11-30 17:00:43	1	0	1	0
           581	2024-11-30 17:00:49	1	0	1	0
           646	2024-11-30 17:01:19	1	0	1	0
           123	2024-11-30 17:01:46	1	0	1	0
           196	2024-11-30 17:02:58	1	0	1	0
           119	2024-11-30 17:04:53	1	0	15	0
           398	2024-11-30 20:54:00	1	0	1	0
           305	2024-11-30 21:40:14	1	0	1	0
           620	2024-11-30 22:00:26	1	0	1	0
           119	2024-11-30 22:01:11	1	0	15	0
           196	2024-11-30 22:02:03	1	0	1	0
           418	2024-11-30 22:04:55	1	0	1	0
