           427	2025-01-07 09:22:48	1	0	1	0
            59	2025-01-07 09:22:53	1	0	1	0
           278	2025-01-07 11:05:00	1	0	1	0
           385	2025-01-07 11:05:06	1	0	1	0
           387	2025-01-07 11:05:20	1	0	1	0
           271	2025-01-07 11:06:34	1	0	1	0
           239	2025-01-07 11:09:34	1	0	1	0
           299	2025-01-07 11:11:25	1	0	1	0
           236	2025-01-07 11:15:22	1	0	15	0
           238	2025-01-07 11:15:52	1	0	1	0
           400	2025-01-07 11:18:50	1	0	1	0
           212	2025-01-07 11:35:28	1	0	1	0
           355	2025-01-07 11:35:34	1	1	1	0
           213	2025-01-07 11:35:39	1	1	1	0
            58	2025-01-07 11:35:44	1	1	1	0
            83	2025-01-07 11:36:01	1	1	1	0
           398	2025-01-07 11:36:13	1	1	1	0
            40	2025-01-07 11:36:31	1	1	1	0
           382	2025-01-07 11:37:33	1	1	1	0
           379	2025-01-07 11:39:03	1	1	1	0
           412	2025-01-07 11:42:37	1	1	1	0
            91	2025-01-07 11:46:11	1	1	1	0
           413	2025-01-07 11:46:36	1	1	1	0
           249	2025-01-07 11:56:18	1	1	1	0
            36	2025-01-07 11:56:35	1	1	1	0
            91	2025-01-07 12:01:10	1	0	1	0
           114	2025-01-07 12:01:26	1	0	1	0
           382	2025-01-07 12:01:43	1	0	1	0
           416	2025-01-07 12:01:51	1	0	1	0
           241	2025-01-07 12:03:30	1	0	1	0
           354	2025-01-07 12:03:39	1	0	1	0
           427	2025-01-07 12:03:53	1	0	4	0
           355	2025-01-07 12:04:04	1	0	1	0
            40	2025-01-07 12:04:14	1	0	1	0
           212	2025-01-07 12:04:27	1	0	1	0
           340	2025-01-07 12:05:57	1	1	1	0
           303	2025-01-07 12:06:23	1	1	1	0
           304	2025-01-07 12:07:49	1	1	1	0
           292	2025-01-07 12:08:23	1	1	1	0
           386	2025-01-07 12:08:36	1	1	1	0
            76	2025-01-07 12:09:45	1	1	1	0
           266	2025-01-07 12:10:13	1	1	1	0
            83	2025-01-07 12:10:33	1	1	1	0
           271	2025-01-07 12:10:42	1	1	1	0
           278	2025-01-07 12:10:49	1	1	1	0
           385	2025-01-07 12:11:04	1	1	1	0
           387	2025-01-07 12:11:11	1	1	1	0
           426	2025-01-07 12:11:29	1	1	1	0
           398	2025-01-07 12:11:35	1	1	1	0
            39	2025-01-07 12:11:59	1	1	1	0
           265	2025-01-07 12:13:27	1	1	1	0
           245	2025-01-07 12:13:34	1	1	1	0
           115	2025-01-07 12:14:14	1	1	15	0
           243	2025-01-07 12:14:53	1	1	1	0
            67	2025-01-07 12:15:09	1	1	1	0
           263	2025-01-07 12:15:47	1	1	1	0
           369	2025-01-07 12:16:34	1	1	1	0
           301	2025-01-07 12:22:01	1	1	1	0
           292	2025-01-07 12:24:18	1	1	1	0
           115	2025-01-07 12:24:22	1	1	1	0
           265	2025-01-07 12:24:42	1	1	1	0
           241	2025-01-07 12:25:57	1	1	1	0
           360	2025-01-07 12:26:08	1	1	1	0
           262	2025-01-07 12:26:15	1	1	1	0
           118	2025-01-07 12:26:34	1	1	1	0
           303	2025-01-07 12:29:51	1	1	1	0
           299	2025-01-07 12:30:18	1	1	1	0
           238	2025-01-07 12:30:28	1	1	1	0
            58	2025-01-07 12:30:33	1	1	1	0
            61	2025-01-07 12:30:37	1	1	1	0
           361	2025-01-07 12:31:58	1	1	1	0
           416	2025-01-07 12:34:14	1	1	1	0
           335	2025-01-07 12:36:22	1	1	1	0
           340	2025-01-07 12:37:02	1	0	1	0
           118	2025-01-07 12:37:59	1	0	1	0
           264	2025-01-07 12:42:29	1	0	1	0
           331	2025-01-07 12:44:12	1	0	1	0
           264	2025-01-07 12:44:49	1	0	1	0
            61	2025-01-07 12:45:26	1	0	1	0
           426	2025-01-07 12:45:40	1	0	1	0
            30	2025-01-07 12:45:51	1	0	1	0
           213	2025-01-07 12:46:32	1	0	1	0
            39	2025-01-07 12:47:19	1	0	1	0
           243	2025-01-07 12:47:33	1	0	1	0
           386	2025-01-07 12:48:09	1	0	1	0
           331	2025-01-07 12:49:23	1	0	1	0
           379	2025-01-07 12:53:57	1	0	1	0
           236	2025-01-07 12:54:53	1	0	1	0
            36	2025-01-07 12:55:29	1	0	1	0
           249	2025-01-07 12:55:33	1	0	1	0
           412	2025-01-07 12:56:41	1	0	1	0
           239	2025-01-07 12:56:49	1	0	1	0
           263	2025-01-07 12:58:41	1	0	1	0
           427	2025-01-07 12:58:49	1	0	1	0
            76	2025-01-07 13:01:42	1	0	1	0
           400	2025-01-07 16:13:48	1	0	1	0
           278	2025-01-07 17:01:07	1	0	1	0
           387	2025-01-07 17:01:36	1	0	1	0
            58	2025-01-07 17:01:58	1	0	15	0
           212	2025-01-07 17:02:07	1	0	1	0
           299	2025-01-07 17:02:21	1	0	1	0
           238	2025-01-07 17:02:42	1	0	1	0
           236	2025-01-07 17:02:53	1	0	1	0
           379	2025-01-07 17:02:58	1	0	1	0
           239	2025-01-07 17:03:11	1	0	1	0
           271	2025-01-07 17:03:25	1	0	1	0
           385	2025-01-07 17:03:30	1	0	1	0
           427	2025-01-07 17:03:36	1	0	4	0
            83	2025-01-07 17:03:43	1	0	1	0
           355	2025-01-07 17:04:05	1	1	1	0
           340	2025-01-07 17:05:09	1	1	1	0
           266	2025-01-07 17:05:37	1	1	1	0
           213	2025-01-07 17:06:20	1	1	1	0
           331	2025-01-07 17:07:08	1	1	1	0
           241	2025-01-07 17:07:20	1	1	1	0
           312	2025-01-07 17:07:33	1	1	1	0
            91	2025-01-07 17:07:43	1	1	1	0
           303	2025-01-07 17:07:50	1	1	1	0
            67	2025-01-07 17:08:16	1	1	1	0
           426	2025-01-07 17:08:47	1	1	1	0
           398	2025-01-07 17:08:58	1	1	1	0
            40	2025-01-07 17:09:13	1	1	1	0
           265	2025-01-07 17:09:24	1	1	1	0
           360	2025-01-07 17:09:26	1	1	1	0
           301	2025-01-07 17:09:31	1	1	1	0
           230	2025-01-07 17:09:38	1	1	1	0
           382	2025-01-07 17:11:22	1	1	15	0
           386	2025-01-07 17:11:32	1	1	1	0
           416	2025-01-07 17:11:40	1	1	1	0
           383	2025-01-07 17:11:46	1	1	1	0
           249	2025-01-07 17:12:10	1	1	1	0
            36	2025-01-07 17:12:13	1	1	1	0
            30	2025-01-07 17:13:21	1	1	1	0
           245	2025-01-07 17:15:49	1	1	1	0
           118	2025-01-07 17:16:09	1	1	1	0
           304	2025-01-07 17:17:21	1	1	1	0
            61	2025-01-07 17:17:56	1	1	1	0
           354	2025-01-07 17:18:22	1	1	1	0
           263	2025-01-07 17:18:56	1	1	1	0
            76	2025-01-07 17:19:40	1	1	1	0
           369	2025-01-07 17:21:06	1	1	1	0
            39	2025-01-07 17:24:23	1	1	1	0
           264	2025-01-07 17:39:24	1	1	1	0
           243	2025-01-07 17:39:50	1	1	1	0
           292	2025-01-07 18:05:09	1	1	1	0
           262	2025-01-07 18:13:53	1	1	1	0
           123	2025-01-07 22:04:39	1	1	1	0
           387	2025-01-08 06:02:16	1	1	1	0
           271	2025-01-08 06:12:58	1	1	1	0
           385	2025-01-08 06:38:14	1	1	1	0
           299	2025-01-08 06:46:03	1	1	1	0
           238	2025-01-08 06:46:52	1	1	1	0
           412	2025-01-08 06:48:49	1	1	1	0
           355	2025-01-08 06:52:52	1	1	1	0
           236	2025-01-08 06:56:53	1	1	1	0
           278	2025-01-08 06:58:20	1	1	1	0
            58	2025-01-08 07:03:47	1	1	1	0
           345	2025-01-08 07:08:06	1	1	1	0
            83	2025-01-08 07:08:52	1	1	1	0
           302	2025-01-08 07:15:31	1	1	1	0
            67	2025-01-08 07:16:33	1	1	1	0
           100	2025-01-08 07:16:42	1	1	1	0
           301	2025-01-08 07:22:33	1	1	1	0
           123	2025-01-08 07:25:55	1	1	1	0
           266	2025-01-08 07:26:16	1	1	1	0
            64	2025-01-08 07:27:03	1	1	1	0
           213	2025-01-08 07:27:59	1	1	1	0
           241	2025-01-08 07:28:36	1	1	1	0
           379	2025-01-08 07:30:15	1	1	1	0
           212	2025-01-08 07:31:49	1	0	1	0
           340	2025-01-08 07:33:10	1	0	1	0
           353	2025-01-08 07:33:13	1	0	1	0
            36	2025-01-08 07:33:54	1	0	1	0
           249	2025-01-08 07:34:01	1	0	1	0
           400	2025-01-08 07:36:43	1	0	1	0
           265	2025-01-08 07:37:19	1	0	1	0
            39	2025-01-08 07:37:37	1	0	1	0
           234	2025-01-08 07:38:17	1	0	1	0
           115	2025-01-08 07:38:48	1	0	1	0
           304	2025-01-08 07:41:53	1	0	1	0
            30	2025-01-08 07:43:12	1	0	15	0
           245	2025-01-08 07:43:47	1	0	1	0
           292	2025-01-08 07:44:19	1	0	1	0
           426	2025-01-08 07:45:17	1	0	1	0
           303	2025-01-08 07:46:07	1	0	1	0
           331	2025-01-08 07:46:12	1	0	1	0
           386	2025-01-08 07:52:24	1	0	1	0
           427	2025-01-08 07:57:54	1	0	1	0
           416	2025-01-08 07:58:01	1	0	1	0
           415	2025-01-08 08:00:32	1	0	1	0
            61	2025-01-08 08:02:14	1	0	1	0
           243	2025-01-08 08:03:04	1	0	1	0
           264	2025-01-08 08:04:13	1	0	1	0
           263	2025-01-08 08:06:48	1	0	1	0
            76	2025-01-08 08:17:49	1	0	1	0
           354	2025-01-08 08:19:03	1	0	1	0
           118	2025-01-08 08:41:55	1	0	1	0
           278	2025-01-08 11:06:19	1	0	1	0
           385	2025-01-08 11:06:45	1	0	1	0
           271	2025-01-08 11:06:52	1	0	1	0
           400	2025-01-08 11:08:00	1	0	1	0
           299	2025-01-08 11:09:34	1	0	1	0
           407	2025-01-08 11:10:38	1	0	1	0
           400	2025-01-08 11:13:02	1	0	1	0
           238	2025-01-08 11:16:18	1	0	1	0
           355	2025-01-08 11:34:08	1	0	1	0
           213	2025-01-08 11:35:02	1	0	1	0
            83	2025-01-08 11:35:18	1	0	1	0
            58	2025-01-08 11:35:52	1	0	1	0
           398	2025-01-08 11:37:53	1	0	1	0
           212	2025-01-08 11:39:29	1	0	1	0
            40	2025-01-08 11:40:49	1	1	1	0
           417	2025-01-08 11:41:06	1	1	1	0
           397	2025-01-08 11:41:13	1	1	1	0
           369	2025-01-08 11:42:13	1	1	1	0
           382	2025-01-08 11:51:56	1	1	1	0
           340	2025-01-08 12:01:03	1	1	1	0
           236	2025-01-08 12:03:09	1	1	15	0
           243	2025-01-08 12:03:17	1	1	1	0
           212	2025-01-08 12:03:27	1	1	1	0
           292	2025-01-08 12:03:45	1	1	1	0
           427	2025-01-08 12:03:47	1	1	4	0
           386	2025-01-08 12:04:15	1	1	1	0
           241	2025-01-08 12:04:55	1	1	1	0
            36	2025-01-08 12:05:09	1	1	1	0
           398	2025-01-08 12:06:45	1	0	1	0
           301	2025-01-08 12:06:51	1	0	1	0
           371	2025-01-08 12:06:59	1	0	1	0
           416	2025-01-08 12:07:00	1	0	1	0
            40	2025-01-08 12:07:13	1	0	1	0
           383	2025-01-08 12:07:19	1	0	1	0
           426	2025-01-08 12:07:26	1	0	1	0
           263	2025-01-08 12:07:36	1	0	1	0
           303	2025-01-08 12:07:54	1	0	1	0
           310	2025-01-08 12:08:03	1	0	1	0
            67	2025-01-08 12:08:09	1	0	1	0
           331	2025-01-08 12:08:15	1	0	1	0
           115	2025-01-08 12:08:33	1	0	1	0
           304	2025-01-08 12:08:36	1	0	1	0
           417	2025-01-08 12:08:43	1	0	1	0
           335	2025-01-08 12:08:53	1	0	1	0
           360	2025-01-08 12:09:02	1	0	1	0
           264	2025-01-08 12:09:06	1	0	1	0
           345	2025-01-08 12:09:32	1	1	1	0
            76	2025-01-08 12:09:40	1	1	1	0
           271	2025-01-08 12:11:19	1	1	1	0
            83	2025-01-08 12:11:38	1	1	1	0
           278	2025-01-08 12:11:56	1	1	1	0
           385	2025-01-08 12:12:08	1	1	1	0
           302	2025-01-08 12:12:38	1	1	1	0
           264	2025-01-08 12:16:57	1	1	1	0
            67	2025-01-08 12:17:48	1	1	1	0
           299	2025-01-08 12:18:54	1	1	1	0
           238	2025-01-08 12:19:01	1	1	1	0
           427	2025-01-08 12:19:08	1	1	4	0
           304	2025-01-08 12:20:11	1	1	1	0
           115	2025-01-08 12:20:12	1	1	1	0
           355	2025-01-08 12:21:31	1	0	1	0
           426	2025-01-08 12:22:11	1	0	1	0
           369	2025-01-08 12:22:28	1	0	1	0
           386	2025-01-08 12:22:34	1	0	1	0
           399	2025-01-08 12:22:40	1	0	1	0
           354	2025-01-08 12:23:36	1	0	1	0
            39	2025-01-08 12:26:11	1	0	1	0
           416	2025-01-08 12:26:26	1	0	1	0
           303	2025-01-08 12:26:28	1	0	1	0
           383	2025-01-08 12:26:34	1	0	1	0
           118	2025-01-08 12:27:25	1	0	1	0
           331	2025-01-08 12:31:44	1	0	1	0
           243	2025-01-08 12:32:54	1	0	1	0
           301	2025-01-08 12:33:02	1	0	1	0
           265	2025-01-08 12:33:14	1	0	1	0
           245	2025-01-08 12:33:21	1	0	1	0
           345	2025-01-08 12:37:14	1	0	1	0
           335	2025-01-08 12:37:25	1	0	1	0
           255	2025-01-08 12:38:04	1	0	1	0
           310	2025-01-08 12:38:07	1	0	1	0
           361	2025-01-08 12:39:19	1	0	1	0
           360	2025-01-08 12:40:23	1	0	1	0
           340	2025-01-08 12:40:29	1	0	1	0
           382	2025-01-08 12:40:54	1	0	15	0
           263	2025-01-08 12:41:05	1	0	1	0
           302	2025-01-08 12:42:34	1	0	1	0
           241	2025-01-08 12:42:41	1	0	1	0
           354	2025-01-08 12:43:18	1	0	1	0
           234	2025-01-08 12:43:23	1	0	1	0
           352	2025-01-08 12:43:31	1	0	1	0
           265	2025-01-08 12:45:22	1	0	1	0
           245	2025-01-08 12:45:27	1	0	1	0
           379	2025-01-08 12:46:42	1	0	1	0
           213	2025-01-08 12:47:29	1	0	1	0
           266	2025-01-08 12:51:12	1	0	1	0
            58	2025-01-08 12:51:55	1	0	15	0
            36	2025-01-08 12:54:11	1	0	1	0
           249	2025-01-08 12:54:16	1	0	1	0
           312	2025-01-08 12:56:03	1	0	1	0
           239	2025-01-08 12:58:23	1	0	1	0
           230	2025-01-08 13:07:55	1	0	1	0
           298	2025-01-08 14:22:52	1	0	1	0
           123	2025-01-08 15:30:29	1	0	1	0
           400	2025-01-08 17:00:42	1	0	1	0
           353	2025-01-08 17:00:49	1	0	1	0
           278	2025-01-08 17:01:33	1	0	1	0
           238	2025-01-08 17:01:39	1	0	1	0
           299	2025-01-08 17:01:48	1	0	1	0
           417	2025-01-08 17:02:51	1	0	1	0
           212	2025-01-08 17:02:53	1	0	1	0
           397	2025-01-08 17:03:30	1	1	1	0
            83	2025-01-08 17:03:37	1	1	1	0
           303	2025-01-08 17:03:43	1	1	1	0
           426	2025-01-08 17:03:50	1	1	1	0
           385	2025-01-08 17:04:13	1	1	1	0
            67	2025-01-08 17:04:28	1	1	1	0
           340	2025-01-08 17:04:34	1	1	1	0
           379	2025-01-08 17:04:39	1	1	1	0
           312	2025-01-08 17:04:45	1	1	1	0
           355	2025-01-08 17:05:07	1	1	1	0
           301	2025-01-08 17:05:16	1	1	1	0
           310	2025-01-08 17:06:30	1	1	1	0
           118	2025-01-08 17:06:40	1	1	1	0
           241	2025-01-08 17:08:13	1	1	1	0
           412	2025-01-08 17:08:52	1	1	1	0
           398	2025-01-08 17:10:09	1	1	1	0
           234	2025-01-08 17:10:15	1	1	1	0
           427	2025-01-08 17:10:42	1	1	1	0
           413	2025-01-08 17:10:51	1	1	1	0
            40	2025-01-08 17:11:07	1	1	1	0
           331	2025-01-08 17:11:12	1	1	1	0
           386	2025-01-08 17:12:41	1	1	1	0
           265	2025-01-08 17:13:29	1	1	1	0
           360	2025-01-08 17:13:47	1	1	1	0
           345	2025-01-08 17:13:51	1	1	1	0
           383	2025-01-08 17:13:56	1	1	1	0
           416	2025-01-08 17:13:59	1	1	1	0
           245	2025-01-08 17:14:36	1	1	1	0
           230	2025-01-08 17:15:03	1	1	1	0
           236	2025-01-08 17:15:21	1	1	15	0
            36	2025-01-08 17:15:33	1	1	1	0
           249	2025-01-08 17:15:38	1	1	1	0
           304	2025-01-08 17:16:25	1	1	1	0
           273	2025-01-08 17:16:38	1	1	1	0
            39	2025-01-08 17:16:44	1	1	1	0
           239	2025-01-08 17:17:06	1	1	1	0
           352	2025-01-08 17:17:11	1	1	1	0
           369	2025-01-08 17:17:54	1	1	1	0
           415	2025-01-08 17:18:00	1	1	1	0
           399	2025-01-08 17:18:03	1	1	1	0
           263	2025-01-08 17:20:42	1	1	1	0
           354	2025-01-08 17:24:07	1	1	1	0
            76	2025-01-08 17:33:13	1	1	1	0
           262	2025-01-08 17:36:21	1	1	1	0
            92	2025-01-08 17:42:55	1	1	1	0
           264	2025-01-08 17:49:35	1	1	1	0
           115	2025-01-08 17:58:24	1	1	1	0
           292	2025-01-08 18:50:57	1	1	1	0
           243	2025-01-08 18:57:13	1	1	1	0
           266	2025-01-08 21:04:56	1	1	1	0
            30	2025-01-08 22:26:52	1	1	1	0
           271	2025-01-09 06:02:55	1	1	1	0
           385	2025-01-09 06:24:25	1	1	1	0
           387	2025-01-09 06:41:48	1	1	1	0
           382	2025-01-09 06:44:24	1	1	1	0
           412	2025-01-09 06:48:25	1	1	1	0
           351	2025-01-09 06:48:38	1	1	1	0
           299	2025-01-09 06:50:01	1	1	1	0
           238	2025-01-09 06:50:12	1	1	1	0
           413	2025-01-09 06:50:58	1	1	1	0
           278	2025-01-09 06:52:50	1	1	1	0
           355	2025-01-09 06:55:12	1	0	1	0
            58	2025-01-09 07:04:14	1	0	1	0
            83	2025-01-09 07:05:04	1	0	1	0
           236	2025-01-09 07:14:52	1	0	15	0
           398	2025-01-09 07:16:22	1	0	1	0
           340	2025-01-09 07:16:34	1	0	1	0
            67	2025-01-09 07:18:06	1	0	1	0
            91	2025-01-09 07:20:45	1	0	1	0
           213	2025-01-09 07:24:20	1	0	1	0
           266	2025-01-09 07:24:29	1	0	1	0
           239	2025-01-09 07:25:07	1	0	1	0
           303	2025-01-09 07:25:21	1	0	1	0
           417	2025-01-09 07:25:29	1	0	1	0
            30	2025-01-09 07:25:45	1	0	15	0
           212	2025-01-09 07:27:07	1	0	1	0
            39	2025-01-09 07:28:39	1	0	1	0
           264	2025-01-09 07:30:30	1	0	1	0
            36	2025-01-09 07:32:19	1	0	1	0
           249	2025-01-09 07:32:28	1	0	1	0
           426	2025-01-09 07:32:33	1	0	1	0
           234	2025-01-09 07:34:07	1	0	1	0
           379	2025-01-09 07:34:49	1	0	1	0
           427	2025-01-09 07:35:11	1	0	4	0
           241	2025-01-09 07:36:30	1	0	1	0
           301	2025-01-09 07:41:16	1	0	1	0
           374	2025-01-09 07:41:30	1	0	1	0
           383	2025-01-09 07:41:35	1	0	1	0
           265	2025-01-09 07:41:46	1	0	1	0
           331	2025-01-09 07:43:40	1	0	1	0
           230	2025-01-09 07:46:21	1	0	1	0
           304	2025-01-09 07:48:28	1	0	1	0
           360	2025-01-09 07:48:36	1	0	1	0
           400	2025-01-09 07:48:52	1	0	1	0
           345	2025-01-09 07:53:45	1	0	1	0
           245	2025-01-09 07:56:37	1	0	1	0
           416	2025-01-09 07:56:43	1	0	1	0
           415	2025-01-09 07:58:15	1	0	1	0
           310	2025-01-09 08:05:38	1	0	1	0
           243	2025-01-09 08:17:30	1	0	1	0
           262	2025-01-09 08:26:01	1	0	1	0
            76	2025-01-09 08:39:31	1	0	1	0
           118	2025-01-09 08:56:01	1	0	1	0
           278	2025-01-09 11:05:54	1	0	1	0
           385	2025-01-09 11:06:00	1	0	1	0
           271	2025-01-09 11:07:40	1	0	1	0
           238	2025-01-09 11:08:01	1	0	1	0
           387	2025-01-09 11:14:03	1	0	1	0
           299	2025-01-09 11:14:47	1	0	1	0
           400	2025-01-09 11:16:30	1	0	1	0
           236	2025-01-09 11:17:36	1	0	1	0
           400	2025-01-09 11:21:18	1	0	1	0
           382	2025-01-09 11:31:10	1	1	1	0
            58	2025-01-09 11:32:20	1	1	1	0
           213	2025-01-09 11:34:01	1	1	1	0
           355	2025-01-09 11:35:15	1	1	1	0
           212	2025-01-09 11:35:30	1	1	1	0
            83	2025-01-09 11:35:40	1	1	1	0
           234	2025-01-09 11:37:09	1	1	1	0
           379	2025-01-09 11:38:53	1	1	1	0
           417	2025-01-09 11:39:31	1	1	1	0
           397	2025-01-09 11:39:39	1	1	1	0
           398	2025-01-09 11:40:11	1	1	1	0
           427	2025-01-09 11:40:19	1	1	1	0
            91	2025-01-09 11:40:31	1	1	1	0
           412	2025-01-09 11:43:06	1	1	1	0
           413	2025-01-09 11:43:31	1	1	1	0
           369	2025-01-09 11:50:29	1	1	1	0
           427	2025-01-09 11:55:13	1	1	4	0
           304	2025-01-09 12:00:57	1	1	1	0
           273	2025-01-09 12:00:59	1	1	1	0
           375	2025-01-09 12:01:04	1	1	1	0
           417	2025-01-09 12:01:18	1	1	1	0
           397	2025-01-09 12:01:32	1	0	1	0
           301	2025-01-09 12:01:55	1	0	1	0
            91	2025-01-09 12:02:04	1	0	1	0
           426	2025-01-09 12:03:12	1	0	1	0
           387	2025-01-09 12:03:56	1	0	1	0
            67	2025-01-09 12:04:19	1	0	1	0
           241	2025-01-09 12:04:29	1	0	1	0
           264	2025-01-09 12:05:18	1	0	1	0
           353	2025-01-09 12:05:29	1	0	1	0
           360	2025-01-09 12:06:15	1	0	1	0
           262	2025-01-09 12:06:18	1	0	1	0
           303	2025-01-09 12:06:31	1	0	1	0
            76	2025-01-09 12:07:24	1	0	1	0
           416	2025-01-09 12:07:51	1	0	1	0
           383	2025-01-09 12:07:54	1	0	1	0
           278	2025-01-09 12:08:45	1	0	1	0
           385	2025-01-09 12:09:08	1	0	1	0
           415	2025-01-09 12:09:21	1	0	1	0
           271	2025-01-09 12:09:34	1	0	1	0
           340	2025-01-09 12:10:20	1	0	1	0
           292	2025-01-09 12:10:43	1	0	1	0
           115	2025-01-09 12:10:50	1	0	1	0
           345	2025-01-09 12:10:53	1	0	1	0
           264	2025-01-09 12:11:06	1	0	1	0
           426	2025-01-09 12:12:27	1	0	1	0
           212	2025-01-09 12:12:49	1	0	1	0
           310	2025-01-09 12:14:46	1	0	1	0
           398	2025-01-09 12:15:00	1	0	1	0
           273	2025-01-09 12:15:07	1	0	1	0
           382	2025-01-09 12:15:49	1	0	1	0
           413	2025-01-09 12:16:17	1	0	1	0
           355	2025-01-09 12:17:03	1	0	1	0
           243	2025-01-09 12:17:15	1	0	1	0
            83	2025-01-09 12:18:03	1	0	1	0
            67	2025-01-09 12:20:34	1	0	1	0
            61	2025-01-09 12:23:06	1	0	1	0
           292	2025-01-09 12:24:10	1	0	1	0
            87	2025-01-09 12:25:46	1	0	1	0
           226	2025-01-09 12:25:55	1	0	1	0
           383	2025-01-09 12:28:01	1	0	1	0
           416	2025-01-09 12:28:06	1	0	1	0
           415	2025-01-09 12:28:55	1	0	1	0
           369	2025-01-09 12:28:57	1	0	1	0
           118	2025-01-09 12:30:02	1	0	1	0
           331	2025-01-09 12:30:27	1	0	1	0
           310	2025-01-09 12:31:41	1	0	1	0
           262	2025-01-09 12:31:44	1	0	1	0
           360	2025-01-09 12:31:53	1	0	1	0
           299	2025-01-09 12:32:58	1	0	1	0
           238	2025-01-09 12:33:00	1	0	1	0
           241	2025-01-09 12:33:30	1	0	1	0
           345	2025-01-09 12:34:13	1	0	1	0
           243	2025-01-09 12:35:32	1	0	1	0
            87	2025-01-09 12:35:37	1	0	1	0
           118	2025-01-09 12:37:05	1	0	1	0
           335	2025-01-09 12:37:32	1	0	1	0
           255	2025-01-09 12:37:40	1	0	1	0
           266	2025-01-09 12:38:13	1	0	1	0
           340	2025-01-09 12:39:00	1	0	1	0
           331	2025-01-09 12:40:28	1	0	1	0
           265	2025-01-09 12:40:56	1	0	1	0
           245	2025-01-09 12:41:01	1	0	1	0
            58	2025-01-09 12:45:06	1	0	1	0
           412	2025-01-09 12:45:15	1	0	1	0
           301	2025-01-09 12:45:35	1	0	1	0
           352	2025-01-09 12:50:26	1	0	1	0
           213	2025-01-09 12:50:49	1	0	1	0
           361	2025-01-09 12:52:03	1	0	1	0
           249	2025-01-09 12:54:42	1	0	1	0
           374	2025-01-09 12:55:15	1	0	1	0
           265	2025-01-09 12:55:27	1	0	1	0
           245	2025-01-09 12:55:33	1	0	1	0
           239	2025-01-09 12:57:29	1	0	1	0
           230	2025-01-09 12:59:27	1	0	1	0
           236	2025-01-09 13:01:44	1	0	15	0
           263	2025-01-09 13:05:25	1	0	1	0
            76	2025-01-09 13:09:24	1	0	1	0
           400	2025-01-09 16:57:04	1	0	1	0
            91	2025-01-09 17:01:16	1	1	1	0
           397	2025-01-09 17:01:25	1	1	1	0
           234	2025-01-09 17:01:27	1	1	1	0
           299	2025-01-09 17:01:32	1	1	1	0
           238	2025-01-09 17:01:41	1	1	1	0
           303	2025-01-09 17:01:43	1	1	1	0
            67	2025-01-09 17:01:51	1	1	1	0
            61	2025-01-09 17:02:05	1	1	1	0
           426	2025-01-09 17:02:23	1	1	1	0
           236	2025-01-09 17:02:28	1	1	1	0
           264	2025-01-09 17:02:31	1	1	1	0
           239	2025-01-09 17:02:36	1	1	1	0
           387	2025-01-09 17:02:41	1	1	1	0
           382	2025-01-09 17:02:51	1	1	1	0
           417	2025-01-09 17:03:00	1	1	1	0
           340	2025-01-09 17:03:08	1	1	1	0
           371	2025-01-09 17:03:20	1	1	1	0
           301	2025-01-09 17:03:30	1	1	1	0
           278	2025-01-09 17:03:44	1	1	1	0
           212	2025-01-09 17:03:47	1	1	1	0
           250	2025-01-09 17:03:55	1	1	1	0
            58	2025-01-09 17:04:00	1	1	1	0
           241	2025-01-09 17:04:20	1	1	1	0
            83	2025-01-09 17:04:37	1	1	1	0
           230	2025-01-09 17:04:41	1	1	1	0
           271	2025-01-09 17:04:46	1	1	1	0
           331	2025-01-09 17:04:55	1	1	1	0
           379	2025-01-09 17:05:03	1	1	1	0
           118	2025-01-09 17:05:15	1	1	1	0
           385	2025-01-09 17:05:26	1	1	1	0
           255	2025-01-09 17:05:35	1	1	1	0
           273	2025-01-09 17:05:47	1	1	1	0
           304	2025-01-09 17:05:49	1	1	1	0
           355	2025-01-09 17:05:57	1	1	1	0
           213	2025-01-09 17:05:59	1	1	1	0
           360	2025-01-09 17:06:14	1	1	1	0
           427	2025-01-09 17:06:51	1	1	4	0
            76	2025-01-09 17:06:56	1	1	1	0
           398	2025-01-09 17:07:36	1	1	1	0
           265	2025-01-09 17:08:38	1	1	1	0
           412	2025-01-09 17:10:01	1	1	1	0
           413	2025-01-09 17:10:32	1	1	1	0
           263	2025-01-09 17:11:15	1	1	1	0
           352	2025-01-09 17:13:58	1	1	1	0
           115	2025-01-09 17:15:06	1	1	15	0
           383	2025-01-09 17:17:38	1	1	1	0
           415	2025-01-09 17:20:25	1	1	1	0
           399	2025-01-09 17:20:36	1	1	1	0
           369	2025-01-09 17:20:42	1	1	1	0
           226	2025-01-09 17:22:35	1	1	1	0
           292	2025-01-09 17:28:00	1	1	1	0
           245	2025-01-09 17:28:15	1	1	1	0
           262	2025-01-09 17:55:40	1	1	1	0
           345	2025-01-09 17:56:04	1	1	1	0
            87	2025-01-09 19:38:53	1	1	1	0
           266	2025-01-09 19:39:38	1	1	1	0
           271	2025-01-10 06:07:51	1	1	1	0
           385	2025-01-10 06:23:23	1	1	1	0
           278	2025-01-10 06:47:21	1	1	1	0
           355	2025-01-10 06:48:41	1	1	1	0
           387	2025-01-10 06:50:47	1	1	1	0
           351	2025-01-10 06:54:23	1	1	1	0
           299	2025-01-10 06:57:28	1	1	1	0
           238	2025-01-10 06:57:43	1	1	1	0
           236	2025-01-10 06:58:58	1	1	1	0
           239	2025-01-10 06:59:12	1	1	1	0
            83	2025-01-10 07:03:52	1	1	1	0
           212	2025-01-10 07:11:55	1	1	1	0
            67	2025-01-10 07:13:13	1	1	1	0
           115	2025-01-10 07:13:19	1	1	1	0
           383	2025-01-10 07:13:24	1	1	1	0
           213	2025-01-10 07:14:37	1	1	1	0
           304	2025-01-10 07:15:10	1	1	1	0
            21	2025-01-10 07:18:53	1	1	15	0
            58	2025-01-10 07:19:30	1	1	1	0
           417	2025-01-10 07:23:44	1	1	1	0
           398	2025-01-10 07:25:15	1	1	1	0
           331	2025-01-10 07:25:27	1	1	1	0
           382	2025-01-10 07:25:37	1	0	1	0
           397	2025-01-10 07:25:50	1	0	1	0
           340	2025-01-10 07:25:56	1	0	1	0
           303	2025-01-10 07:27:06	1	0	1	0
           335	2025-01-10 07:30:09	1	0	1	0
           255	2025-01-10 07:31:41	1	0	1	0
           427	2025-01-10 07:32:02	1	0	4	0
           379	2025-01-10 07:32:16	1	0	1	0
           305	2025-01-10 07:37:23	1	0	1	0
           345	2025-01-10 07:43:12	1	0	1	0
           245	2025-01-10 07:43:53	1	0	1	0
           273	2025-01-10 07:44:07	1	0	1	0
           426	2025-01-10 07:45:01	1	0	1	0
           360	2025-01-10 07:50:34	1	0	1	0
           265	2025-01-10 07:50:42	1	0	1	0
           243	2025-01-10 07:51:50	1	0	1	0
           292	2025-01-10 07:53:36	1	0	1	0
           416	2025-01-10 07:56:45	1	0	1	0
            30	2025-01-10 07:57:52	1	0	1	0
           415	2025-01-10 08:00:16	1	0	1	0
           262	2025-01-10 08:00:46	1	0	1	0
           250	2025-01-10 08:01:24	1	0	1	0
           118	2025-01-10 08:05:24	1	0	1	0
           263	2025-01-10 08:11:42	1	0	1	0
            76	2025-01-10 08:18:57	1	0	1	0
           239	2025-01-10 11:03:51	1	0	1	0
           271	2025-01-10 11:07:52	1	0	1	0
           278	2025-01-10 11:08:55	1	0	1	0
           385	2025-01-10 11:09:06	1	0	1	0
           299	2025-01-10 11:13:06	1	0	1	0
           236	2025-01-10 11:26:48	1	0	1	0
           238	2025-01-10 11:27:10	1	0	1	0
           382	2025-01-10 11:31:18	1	1	1	0
           234	2025-01-10 11:33:12	1	1	1	0
           213	2025-01-10 11:33:29	1	1	1	0
           212	2025-01-10 11:36:02	1	1	1	0
           398	2025-01-10 11:36:06	1	1	1	0
            40	2025-01-10 11:37:43	1	1	1	0
            58	2025-01-10 11:38:25	1	1	1	0
           355	2025-01-10 11:39:41	1	1	1	0
           397	2025-01-10 11:41:29	1	1	1	0
            83	2025-01-10 11:43:49	1	1	1	0
           413	2025-01-10 11:56:09	1	1	1	0
           263	2025-01-10 12:00:17	1	1	1	0
           401	2025-01-10 12:00:40	1	0	1	0
           397	2025-01-10 12:00:45	1	0	1	0
            67	2025-01-10 12:01:24	1	0	1	0
           304	2025-01-10 12:02:02	1	0	1	0
           273	2025-01-10 12:02:06	1	0	1	0
           278	2025-01-10 12:02:41	1	0	1	0
           340	2025-01-10 12:02:56	1	1	1	0
           385	2025-01-10 12:03:19	1	1	1	0
           331	2025-01-10 12:03:40	1	1	1	0
           415	2025-01-10 12:03:49	1	1	1	0
           271	2025-01-10 12:04:14	1	1	1	0
           241	2025-01-10 12:04:20	1	1	1	0
           212	2025-01-10 12:04:26	1	1	1	0
            76	2025-01-10 12:04:32	1	1	1	0
           303	2025-01-10 12:05:08	1	1	1	0
           398	2025-01-10 12:06:05	1	1	1	0
           234	2025-01-10 12:07:16	1	1	1	0
           360	2025-01-10 12:07:29	1	1	1	0
           335	2025-01-10 12:07:40	1	1	1	0
           255	2025-01-10 12:08:14	1	1	1	0
           292	2025-01-10 12:10:16	1	1	1	0
           383	2025-01-10 12:12:48	1	1	1	0
           416	2025-01-10 12:12:54	1	1	1	0
           243	2025-01-10 12:13:13	1	1	1	0
           304	2025-01-10 12:14:27	1	1	1	0
           273	2025-01-10 12:14:29	1	1	1	0
           303	2025-01-10 12:15:09	1	1	1	0
           115	2025-01-10 12:15:48	1	1	1	0
           226	2025-01-10 12:15:53	1	1	1	0
           361	2025-01-10 12:16:24	1	1	1	0
           371	2025-01-10 12:17:03	1	1	1	0
           355	2025-01-10 12:17:19	1	1	1	0
           241	2025-01-10 12:17:52	1	1	1	0
            67	2025-01-10 12:18:28	1	1	1	0
           382	2025-01-10 12:19:02	1	0	1	0
            30	2025-01-10 12:19:10	1	0	1	0
           239	2025-01-10 12:25:02	1	0	1	0
            40	2025-01-10 12:26:05	1	0	1	0
           118	2025-01-10 12:27:11	1	0	1	0
           226	2025-01-10 12:27:59	1	0	1	0
           115	2025-01-10 12:28:15	1	0	1	0
           292	2025-01-10 12:28:23	1	0	1	0
            83	2025-01-10 12:28:30	1	0	1	0
           331	2025-01-10 12:31:11	1	0	1	0
           305	2025-01-10 12:31:19	1	0	1	0
           299	2025-01-10 12:31:23	1	0	1	0
           413	2025-01-10 12:31:38	1	0	1	0
           360	2025-01-10 12:33:18	1	0	1	0
           335	2025-01-10 12:33:27	1	1	1	0
           374	2025-01-10 12:33:47	1	1	1	0
           262	2025-01-10 12:37:02	1	1	1	0
           238	2025-01-10 12:37:28	1	1	1	0
           118	2025-01-10 12:38:30	1	1	1	0
           243	2025-01-10 12:41:51	1	1	1	0
           340	2025-01-10 12:42:07	1	0	1	0
           245	2025-01-10 12:43:48	1	0	1	0
           265	2025-01-10 12:43:51	1	0	1	0
           415	2025-01-10 12:48:51	1	0	1	0
           213	2025-01-10 12:48:55	1	0	1	0
           262	2025-01-10 12:53:47	1	0	1	0
           245	2025-01-10 12:54:37	1	0	1	0
           265	2025-01-10 12:54:44	1	0	1	0
           236	2025-01-10 12:55:41	1	0	1	0
           383	2025-01-10 12:55:50	1	0	1	0
           416	2025-01-10 12:55:53	1	0	1	0
            58	2025-01-10 12:56:15	1	0	1	0
           250	2025-01-10 12:56:48	1	0	1	0
           361	2025-01-10 12:58:49	1	0	1	0
           263	2025-01-10 13:04:31	1	0	1	0
            76	2025-01-10 13:14:08	1	0	1	0
           382	2025-01-10 17:00:56	1	1	1	0
            71	2025-01-10 17:01:02	1	1	1	0
           278	2025-01-10 17:01:20	1	1	1	0
            83	2025-01-10 17:01:27	1	1	1	0
           213	2025-01-10 17:02:01	1	1	1	0
           299	2025-01-10 17:02:42	1	1	1	0
           238	2025-01-10 17:02:47	1	1	1	0
           239	2025-01-10 17:02:54	1	1	1	0
           303	2025-01-10 17:02:56	1	1	1	0
            67	2025-01-10 17:03:08	1	1	1	0
           398	2025-01-10 17:03:37	1	1	1	0
           397	2025-01-10 17:03:45	1	1	1	0
           355	2025-01-10 17:03:53	1	1	1	0
           271	2025-01-10 17:03:57	1	1	1	0
            58	2025-01-10 17:04:05	1	1	1	0
           385	2025-01-10 17:04:21	1	1	1	0
           234	2025-01-10 17:05:07	1	1	1	0
           379	2025-01-10 17:05:17	1	1	1	0
           241	2025-01-10 17:06:09	1	1	1	0
           212	2025-01-10 17:06:15	1	1	1	0
           255	2025-01-10 17:06:25	1	1	1	0
           340	2025-01-10 17:06:35	1	1	1	0
           360	2025-01-10 17:06:40	1	1	1	0
           304	2025-01-10 17:08:59	1	1	1	0
           118	2025-01-10 17:09:09	1	1	1	0
           115	2025-01-10 17:11:14	1	1	1	0
           265	2025-01-10 17:11:19	1	1	1	0
           383	2025-01-10 17:12:20	1	1	1	0
           236	2025-01-10 17:14:32	1	1	1	0
           331	2025-01-10 17:15:10	1	1	1	0
           226	2025-01-10 17:17:48	1	1	1	0
           245	2025-01-10 17:17:52	1	1	1	0
           243	2025-01-10 17:20:10	1	1	1	0
           413	2025-01-10 17:20:53	1	1	1	0
           415	2025-01-10 17:25:25	1	1	1	0
           292	2025-01-10 17:49:08	1	1	1	0
           123	2025-01-10 21:55:37	1	1	1	0
           351	2025-01-11 06:50:04	1	1	1	0
           123	2025-01-11 07:23:16	1	1	1	0
            59	2025-01-11 09:20:34	1	1	1	0
           398	2025-01-11 09:28:48	1	0	1	0
           340	2025-01-11 09:28:55	1	0	1	0
           235	2025-01-11 09:59:55	1	0	1	0
           398	2025-01-11 12:16:46	1	1	1	0
           340	2025-01-11 12:26:20	1	1	1	0
           351	2025-01-11 15:05:23	1	1	1	0
           351	2025-01-12 06:49:26	1	1	1	0
           123	2025-01-12 07:26:51	1	1	1	0
            59	2025-01-12 09:12:53	1	1	1	0
           230	2025-01-12 13:56:34	1	1	1	0
           351	2025-01-12 15:05:53	1	1	1	0
           230	2025-01-12 20:06:31	1	1	1	0
           271	2025-01-13 06:14:21	1	1	1	0
           385	2025-01-13 06:39:41	1	1	1	0
           278	2025-01-13 06:51:44	1	1	1	0
           299	2025-01-13 06:53:31	1	1	1	0
           238	2025-01-13 06:54:41	1	1	1	0
           302	2025-01-13 07:02:27	1	1	1	0
            83	2025-01-13 07:03:26	1	1	1	0
           387	2025-01-13 07:03:47	1	1	1	0
           236	2025-01-13 07:04:19	1	1	1	0
           115	2025-01-13 07:09:03	1	1	1	0
            87	2025-01-13 07:09:08	1	1	1	0
           383	2025-01-13 07:12:11	1	1	1	0
           304	2025-01-13 07:12:19	1	1	1	0
           239	2025-01-13 07:13:10	1	1	1	0
           212	2025-01-13 07:13:22	1	1	1	0
            67	2025-01-13 07:17:40	1	1	1	0
           371	2025-01-13 07:20:29	1	1	1	0
           382	2025-01-13 07:20:49	1	0	1	0
           265	2025-01-13 07:22:58	1	0	1	0
           361	2025-01-13 07:24:57	1	0	1	0
           303	2025-01-13 07:25:33	1	0	1	0
           379	2025-01-13 07:27:55	1	0	1	0
           365	2025-01-13 07:29:44	1	0	1	0
           374	2025-01-13 07:31:25	1	0	1	0
            63	2025-01-13 07:32:56	1	0	1	0
           213	2025-01-13 07:33:01	1	0	1	0
           398	2025-01-13 07:34:02	1	0	1	0
           340	2025-01-13 07:34:10	1	0	1	0
           416	2025-01-13 07:34:30	1	0	1	0
           427	2025-01-13 07:35:19	1	0	4	0
           292	2025-01-13 07:35:32	1	0	1	0
           234	2025-01-13 07:36:01	1	0	1	0
            21	2025-01-13 07:36:29	1	0	15	0
           402	2025-01-13 07:37:32	1	0	1	0
           426	2025-01-13 07:38:08	1	0	1	0
           400	2025-01-13 07:38:13	1	0	1	0
           230	2025-01-13 07:38:23	1	0	1	0
            76	2025-01-13 07:38:35	1	0	1	0
           231	2025-01-13 07:42:21	1	0	1	0
           305	2025-01-13 07:43:15	1	0	1	0
           226	2025-01-13 07:43:46	1	0	1	0
            91	2025-01-13 07:44:55	1	0	1	0
           263	2025-01-13 07:50:24	1	0	1	0
           245	2025-01-13 07:52:32	1	0	1	0
           243	2025-01-13 07:57:49	1	0	1	0
           250	2025-01-13 07:58:46	1	0	1	0
           301	2025-01-13 08:00:11	1	0	1	0
           415	2025-01-13 08:00:18	1	0	1	0
           399	2025-01-13 08:01:59	1	0	1	0
           264	2025-01-13 08:02:43	1	0	1	0
           419	2025-01-13 08:05:19	1	0	1	0
           118	2025-01-13 08:12:49	1	0	1	0
           405	2025-01-13 08:35:55	1	0	1	0
           299	2025-01-13 11:02:06	1	0	1	0
           236	2025-01-13 11:03:14	1	0	1	0
           271	2025-01-13 11:08:47	1	0	1	0
           278	2025-01-13 11:09:25	1	0	1	0
           385	2025-01-13 11:09:41	1	0	15	0
           400	2025-01-13 11:18:29	1	0	1	0
           400	2025-01-13 11:25:43	1	0	1	0
            58	2025-01-13 11:30:59	1	0	1	0
           397	2025-01-13 11:31:56	1	0	1	0
           401	2025-01-13 11:32:09	1	1	1	0
           398	2025-01-13 11:32:58	1	1	1	0
           213	2025-01-13 11:34:12	1	1	1	0
           382	2025-01-13 11:34:19	1	1	1	0
           371	2025-01-13 11:35:17	1	1	1	0
            83	2025-01-13 11:35:28	1	1	1	0
           379	2025-01-13 11:35:40	1	1	1	0
           212	2025-01-13 11:37:53	1	1	1	0
           234	2025-01-13 11:39:46	1	1	1	0
           369	2025-01-13 11:54:34	1	1	1	0
           399	2025-01-13 11:54:36	1	1	1	0
           226	2025-01-13 12:01:48	1	1	1	0
           234	2025-01-13 12:02:40	1	1	1	0
           212	2025-01-13 12:02:47	1	1	1	0
           416	2025-01-13 12:04:51	1	1	1	0
           383	2025-01-13 12:04:52	1	1	1	0
           305	2025-01-13 12:04:57	1	1	1	0
           397	2025-01-13 12:05:05	1	0	1	0
           303	2025-01-13 12:06:09	1	0	1	0
            67	2025-01-13 12:06:15	1	0	1	0
           340	2025-01-13 12:06:31	1	1	1	0
           426	2025-01-13 12:06:37	1	1	1	0
           250	2025-01-13 12:06:48	1	1	1	0
            21	2025-01-13 12:07:06	1	1	15	0
            58	2025-01-13 12:07:12	1	1	15	0
           271	2025-01-13 12:07:19	1	1	1	0
           419	2025-01-13 12:07:27	1	1	1	0
           264	2025-01-13 12:07:59	1	1	1	0
           301	2025-01-13 12:09:02	1	1	1	0
           361	2025-01-13 12:09:36	1	1	1	0
           314	2025-01-13 12:09:40	1	1	1	0
           115	2025-01-13 12:11:54	1	1	1	0
           292	2025-01-13 12:11:58	1	1	1	0
           415	2025-01-13 12:12:07	1	1	1	0
           266	2025-01-13 12:13:11	1	1	1	0
           265	2025-01-13 12:13:19	1	1	1	0
           245	2025-01-13 12:13:26	1	1	1	0
           398	2025-01-13 12:14:06	1	1	1	0
           426	2025-01-13 12:14:41	1	1	1	0
           303	2025-01-13 12:14:47	1	1	1	0
            67	2025-01-13 12:14:59	1	1	1	0
           365	2025-01-13 12:16:48	1	1	1	0
           263	2025-01-13 12:16:52	1	1	1	0
           404	2025-01-13 12:16:56	1	1	1	0
           226	2025-01-13 12:20:28	1	1	1	0
           118	2025-01-13 12:21:35	1	1	1	0
           243	2025-01-13 12:22:09	1	1	1	0
           273	2025-01-13 12:23:07	1	1	1	0
           304	2025-01-13 12:23:10	1	1	1	0
           264	2025-01-13 12:24:31	1	1	1	0
           245	2025-01-13 12:26:41	1	1	1	0
           265	2025-01-13 12:26:50	1	1	1	0
           404	2025-01-13 12:30:11	1	1	15	0
           365	2025-01-13 12:30:15	1	1	1	0
           301	2025-01-13 12:30:26	1	1	1	0
           340	2025-01-13 12:30:54	1	0	1	0
           118	2025-01-13 12:31:17	1	0	1	0
           314	2025-01-13 12:31:42	1	0	1	0
           361	2025-01-13 12:31:47	1	0	1	0
           369	2025-01-13 12:32:14	1	0	1	0
           399	2025-01-13 12:32:28	1	0	1	0
           374	2025-01-13 12:32:35	1	0	1	0
            83	2025-01-13 12:32:42	1	0	1	0
           115	2025-01-13 12:34:48	1	0	1	0
           292	2025-01-13 12:35:08	1	0	1	0
           416	2025-01-13 12:35:26	1	0	1	0
           383	2025-01-13 12:35:32	1	0	1	0
           304	2025-01-13 12:38:14	1	0	1	0
           273	2025-01-13 12:38:18	1	0	1	0
           299	2025-01-13 12:41:09	1	0	1	0
           238	2025-01-13 12:41:27	1	0	1	0
           382	2025-01-13 12:43:44	1	0	15	0
            21	2025-01-13 12:45:20	1	0	15	0
           250	2025-01-13 12:49:36	1	0	1	0
           243	2025-01-13 12:50:05	1	0	1	0
           374	2025-01-13 12:50:52	1	0	1	0
           376	2025-01-13 12:50:56	1	0	1	0
           379	2025-01-13 12:51:28	1	0	1	0
           213	2025-01-13 12:52:00	1	0	1	0
           419	2025-01-13 12:52:52	1	0	1	0
           415	2025-01-13 12:53:40	1	0	1	0
           239	2025-01-13 12:57:40	1	0	1	0
           236	2025-01-13 13:01:20	1	0	15	0
           263	2025-01-13 13:03:12	1	0	1	0
            76	2025-01-13 13:18:23	1	0	1	0
           298	2025-01-13 14:29:26	1	0	1	0
           123	2025-01-13 15:10:54	1	0	1	0
           298	2025-01-13 16:13:10	1	0	1	0
           236	2025-01-13 16:45:35	1	0	1	0
            58	2025-01-13 17:03:02	1	0	15	0
           212	2025-01-13 17:03:25	1	0	1	0
           271	2025-01-13 17:03:34	1	0	1	0
            67	2025-01-13 17:04:23	1	0	1	0
           405	2025-01-13 17:04:38	1	0	1	0
           397	2025-01-13 17:04:50	1	1	1	0
           213	2025-01-13 17:04:53	1	1	1	0
           417	2025-01-13 17:04:57	1	1	1	0
           278	2025-01-13 17:06:00	1	1	1	0
           398	2025-01-13 17:06:07	1	1	1	0
           385	2025-01-13 17:06:15	1	1	1	0
            83	2025-01-13 17:06:40	1	1	1	0
           239	2025-01-13 17:06:58	1	1	1	0
           303	2025-01-13 17:07:08	1	1	1	0
           426	2025-01-13 17:07:14	1	1	1	0
           379	2025-01-13 17:08:02	1	1	1	0
           404	2025-01-13 17:08:53	1	1	1	0
           402	2025-01-13 17:08:56	1	1	1	0
           250	2025-01-13 17:09:23	1	1	1	0
           299	2025-01-13 17:09:59	1	1	1	0
           312	2025-01-13 17:10:16	1	1	1	0
           238	2025-01-13 17:10:35	1	1	1	0
           340	2025-01-13 17:10:38	1	1	1	0
           226	2025-01-13 17:10:49	1	1	1	0
           419	2025-01-13 17:11:10	1	1	1	0
           382	2025-01-13 17:11:19	1	1	15	0
           365	2025-01-13 17:11:49	1	1	1	0
           314	2025-01-13 17:12:43	1	1	1	0
           416	2025-01-13 17:13:45	1	1	1	0
           383	2025-01-13 17:13:52	1	1	1	0
           234	2025-01-13 17:13:55	1	1	1	0
           305	2025-01-13 17:14:06	1	1	1	0
           265	2025-01-13 17:15:21	1	1	1	0
           264	2025-01-13 17:16:36	1	1	1	0
           118	2025-01-13 17:16:44	1	1	1	0
           273	2025-01-13 17:19:45	1	1	1	0
           245	2025-01-13 17:19:56	1	1	1	0
            76	2025-01-13 17:19:59	1	1	1	0
           374	2025-01-13 17:23:02	1	1	1	0
           301	2025-01-13 17:23:10	1	1	1	0
           304	2025-01-13 17:37:47	1	1	1	0
           400	2025-01-13 17:38:38	1	1	1	0
           115	2025-01-13 17:40:31	1	1	15	0
            21	2025-01-13 17:45:57	1	1	15	0
           369	2025-01-13 17:51:01	1	1	1	0
           292	2025-01-13 18:09:03	1	1	1	0
           243	2025-01-13 18:16:03	1	1	1	0
           415	2025-01-13 18:21:29	1	1	1	0
           252	2025-01-13 18:21:35	1	1	1	0
           247	2025-01-13 22:54:49	1	1	1	0
            88	2025-01-13 23:03:10	1	1	1	0
           271	2025-01-14 06:18:23	1	1	1	0
            81	2025-01-14 06:19:35	1	0	1	0
            78	2025-01-14 06:23:15	1	0	1	0
           385	2025-01-14 06:30:07	1	0	1	0
           239	2025-01-14 06:55:59	1	0	1	0
            88	2025-01-14 06:56:14	1	0	1	0
           278	2025-01-14 06:59:15	1	0	1	0
           299	2025-01-14 07:02:57	1	0	1	0
            74	2025-01-14 07:03:29	1	0	15	0
           238	2025-01-14 07:03:44	1	0	15	0
           247	2025-01-14 07:05:59	1	0	1	0
           302	2025-01-14 07:08:26	1	0	1	0
           205	2025-01-14 07:10:05	1	0	1	0
           303	2025-01-14 07:11:17	1	0	1	0
           231	2025-01-14 07:12:15	1	0	1	0
            58	2025-01-14 07:12:25	1	0	15	0
            83	2025-01-14 07:12:50	1	0	1	0
           361	2025-01-14 07:13:57	1	0	1	0
           236	2025-01-14 07:14:24	1	0	1	0
           304	2025-01-14 07:15:45	1	0	1	0
           213	2025-01-14 07:15:56	1	0	1	0
            87	2025-01-14 07:17:08	1	0	1	0
            21	2025-01-14 07:21:40	1	0	15	0
           212	2025-01-14 07:22:16	1	0	1	0
           266	2025-01-14 07:23:48	1	0	1	0
           417	2025-01-14 07:26:46	1	0	1	0
           397	2025-01-14 07:26:59	1	0	1	0
           398	2025-01-14 07:27:34	1	0	1	0
           340	2025-01-14 07:27:53	1	0	1	0
           404	2025-01-14 07:28:16	1	0	1	0
            36	2025-01-14 07:29:25	1	0	1	0
           219	2025-01-14 07:29:27	1	0	1	0
           221	2025-01-14 07:29:30	1	0	1	0
           379	2025-01-14 07:31:17	1	0	1	0
            91	2025-01-14 07:34:32	1	0	1	0
           314	2025-01-14 07:34:51	1	0	1	0
           331	2025-01-14 07:41:14	1	0	1	0
           375	2025-01-14 07:41:23	1	0	1	0
           369	2025-01-14 07:41:28	1	0	1	0
           265	2025-01-14 07:42:16	1	0	1	0
            63	2025-01-14 07:42:37	1	0	1	0
            61	2025-01-14 07:45:39	1	0	1	0
           365	2025-01-14 07:45:41	1	0	1	0
            94	2025-01-14 07:45:47	1	0	1	0
           292	2025-01-14 07:46:35	1	0	1	0
           114	2025-01-14 07:46:58	1	0	1	0
           426	2025-01-14 07:48:45	1	0	1	0
           415	2025-01-14 07:49:00	1	0	1	0
           374	2025-01-14 07:49:19	1	0	1	0
           287	2025-01-14 07:51:01	1	0	1	0
           353	2025-01-14 07:52:15	1	0	1	0
           226	2025-01-14 07:55:36	1	0	1	0
           312	2025-01-14 07:56:39	1	0	1	0
           354	2025-01-14 07:57:14	1	0	1	0
           245	2025-01-14 07:57:25	1	0	1	0
           427	2025-01-14 07:57:46	1	0	1	0
           264	2025-01-14 07:58:56	1	0	1	0
           252	2025-01-14 07:59:37	1	0	1	0
           402	2025-01-14 07:59:59	1	0	1	0
           419	2025-01-14 08:00:13	1	0	1	0
           232	2025-01-14 08:01:27	1	0	1	0
           400	2025-01-14 08:08:39	1	0	1	0
           263	2025-01-14 08:15:08	1	0	1	0
            76	2025-01-14 08:21:32	1	0	1	0
           243	2025-01-14 08:26:05	1	0	1	0
           405	2025-01-14 08:27:52	1	0	1	0
           118	2025-01-14 08:28:54	1	0	1	0
           332	2025-01-14 09:19:46	1	0	1	0
           301	2025-01-14 10:36:09	1	0	1	0
           239	2025-01-14 11:04:41	1	0	1	0
           278	2025-01-14 11:06:40	1	0	1	0
           385	2025-01-14 11:06:49	1	0	1	0
           271	2025-01-14 11:06:59	1	0	1	0
           299	2025-01-14 11:12:13	1	0	1	0
           400	2025-01-14 11:22:21	1	0	1	0
           236	2025-01-14 11:23:36	1	0	15	0
           400	2025-01-14 11:27:55	1	0	1	0
           401	2025-01-14 11:31:06	1	1	1	0
           398	2025-01-14 11:31:09	1	1	1	0
            83	2025-01-14 11:32:10	1	1	1	0
           234	2025-01-14 11:33:57	1	1	1	0
           379	2025-01-14 11:35:23	1	1	1	0
           212	2025-01-14 11:37:51	1	1	1	0
           213	2025-01-14 11:37:58	1	1	1	0
           397	2025-01-14 11:38:11	1	1	1	0
           417	2025-01-14 11:42:07	1	1	1	0
           369	2025-01-14 11:48:54	1	1	1	0
           399	2025-01-14 11:48:58	1	1	1	0
            74	2025-01-14 11:53:02	1	1	15	0
           292	2025-01-14 12:01:02	1	1	1	0
           401	2025-01-14 12:01:13	1	1	1	0
           365	2025-01-14 12:01:16	1	1	1	0
           331	2025-01-14 12:01:23	1	1	1	0
           404	2025-01-14 12:01:28	1	1	1	0
           417	2025-01-14 12:01:32	1	1	1	0
           397	2025-01-14 12:01:42	1	0	1	0
           243	2025-01-14 12:01:56	1	0	1	0
            78	2025-01-14 12:02:49	1	0	1	0
           303	2025-01-14 12:03:11	1	0	1	0
           332	2025-01-14 12:03:20	1	0	1	0
           426	2025-01-14 12:03:23	1	0	1	0
           205	2025-01-14 12:03:27	1	0	1	0
           340	2025-01-14 12:04:30	1	1	1	0
            76	2025-01-14 12:04:32	1	1	1	0
            63	2025-01-14 12:05:01	1	1	1	0
           415	2025-01-14 12:05:34	1	1	1	0
           365	2025-01-14 12:05:40	1	1	1	0
           273	2025-01-14 12:06:23	1	1	1	0
           304	2025-01-14 12:06:34	1	1	1	0
           115	2025-01-14 12:06:40	1	1	1	0
           419	2025-01-14 12:06:53	1	1	1	0
           271	2025-01-14 12:07:11	1	1	1	0
           278	2025-01-14 12:07:14	1	1	1	0
           385	2025-01-14 12:07:22	1	1	1	0
           213	2025-01-14 12:08:13	1	1	1	0
           212	2025-01-14 12:08:19	1	1	1	0
           301	2025-01-14 12:08:31	1	1	1	0
            70	2025-01-14 12:08:48	1	1	1	0
            83	2025-01-14 12:09:29	1	1	1	0
           305	2025-01-14 12:11:02	1	1	1	0
           383	2025-01-14 12:11:08	1	1	1	0
           250	2025-01-14 12:11:53	1	1	1	0
           361	2025-01-14 12:12:22	1	1	1	0
           314	2025-01-14 12:12:24	1	1	1	0
            74	2025-01-14 12:13:02	1	1	15	0
           359	2025-01-14 12:13:15	1	1	1	0
           405	2025-01-14 12:14:38	1	1	1	0
           305	2025-01-14 12:15:34	1	1	1	0
           287	2025-01-14 12:15:50	1	1	1	0
           226	2025-01-14 12:16:01	1	1	1	0
           332	2025-01-14 12:16:42	1	1	1	0
           303	2025-01-14 12:16:45	1	1	1	0
           426	2025-01-14 12:18:35	1	1	1	0
           264	2025-01-14 12:20:04	1	1	1	0
           353	2025-01-14 12:20:10	1	1	1	0
           427	2025-01-14 12:20:58	1	1	1	0
            76	2025-01-14 12:21:50	1	1	1	0
            94	2025-01-14 12:22:20	1	1	1	0
           238	2025-01-14 12:22:24	1	1	1	0
           299	2025-01-14 12:22:28	1	1	1	0
           302	2025-01-14 12:23:55	1	1	1	0
           354	2025-01-14 12:24:06	1	1	1	0
           118	2025-01-14 12:25:03	1	1	1	0
           304	2025-01-14 12:25:45	1	1	15	0
           273	2025-01-14 12:25:49	1	1	1	0
           375	2025-01-14 12:26:51	1	1	1	0
           402	2025-01-14 12:26:54	1	1	1	0
           234	2025-01-14 12:27:52	1	1	1	0
           226	2025-01-14 12:28:42	1	1	1	0
           266	2025-01-14 12:28:53	1	1	1	0
           287	2025-01-14 12:28:56	1	1	1	0
            87	2025-01-14 12:29:03	1	1	1	0
           264	2025-01-14 12:29:16	1	1	1	0
           353	2025-01-14 12:29:21	1	1	1	0
           243	2025-01-14 12:29:44	1	1	1	0
           265	2025-01-14 12:30:18	1	1	1	0
           245	2025-01-14 12:30:32	1	1	1	0
           374	2025-01-14 12:31:26	1	1	1	0
           301	2025-01-14 12:31:32	1	1	1	0
           405	2025-01-14 12:31:56	1	1	15	0
           376	2025-01-14 12:33:12	1	1	1	0
           114	2025-01-14 12:34:35	1	1	1	0
            91	2025-01-14 12:34:47	1	1	1	0
            61	2025-01-14 12:35:13	1	1	1	0
            94	2025-01-14 12:35:19	1	1	1	0
           375	2025-01-14 12:36:56	1	1	1	0
           402	2025-01-14 12:37:06	1	1	1	0
           340	2025-01-14 12:41:22	1	0	1	0
            63	2025-01-14 12:41:37	1	0	1	0
           265	2025-01-14 12:42:14	1	0	1	0
           245	2025-01-14 12:42:18	1	0	1	0
           415	2025-01-14 12:43:07	1	0	1	0
           361	2025-01-14 12:44:36	1	0	1	0
           266	2025-01-14 12:45:15	1	0	1	0
            70	2025-01-14 12:45:23	1	0	1	0
           374	2025-01-14 12:46:28	1	0	1	0
           376	2025-01-14 12:46:36	1	0	1	0
           419	2025-01-14 12:47:20	1	0	1	0
           379	2025-01-14 12:52:25	1	0	1	0
           236	2025-01-14 12:56:09	1	0	1	0
           354	2025-01-14 12:58:30	1	0	1	0
           239	2025-01-14 12:59:13	1	0	1	0
           115	2025-01-14 12:59:38	1	0	1	0
           247	2025-01-14 14:55:57	1	0	1	0
            88	2025-01-14 15:11:37	1	0	1	0
            74	2025-01-14 17:01:09	1	0	15	0
           212	2025-01-14 17:01:18	1	0	1	0
           278	2025-01-14 17:01:33	1	0	1	0
           303	2025-01-14 17:01:37	1	0	1	0
           332	2025-01-14 17:01:40	1	0	1	0
           426	2025-01-14 17:01:42	1	0	1	0
           299	2025-01-14 17:01:54	1	0	1	0
            17	2025-01-14 17:02:12	1	0	1	0
           385	2025-01-14 17:02:51	1	0	1	0
           397	2025-01-14 17:03:10	1	1	1	0
           402	2025-01-14 17:03:36	1	1	1	0
           331	2025-01-14 17:03:44	1	1	1	0
            83	2025-01-14 17:03:47	1	1	1	0
           405	2025-01-14 17:03:58	1	1	1	0
           239	2025-01-14 17:04:21	1	1	1	0
           234	2025-01-14 17:04:40	1	1	1	0
            91	2025-01-14 17:04:50	1	1	1	0
           264	2025-01-14 17:05:06	1	1	1	0
           417	2025-01-14 17:05:13	1	1	1	0
           419	2025-01-14 17:05:44	1	1	1	0
           114	2025-01-14 17:05:53	1	1	1	0
           376	2025-01-14 17:05:59	1	1	1	0
           340	2025-01-14 17:06:28	1	1	1	0
            63	2025-01-14 17:06:34	1	1	1	0
           398	2025-01-14 17:06:42	1	1	1	0
           401	2025-01-14 17:07:46	1	1	1	0
           302	2025-01-14 17:08:22	1	1	1	0
           118	2025-01-14 17:09:59	1	1	1	0
           365	2025-01-14 17:10:27	1	1	1	0
            61	2025-01-14 17:10:37	1	1	1	0
           205	2025-01-14 17:10:40	1	1	1	0
           271	2025-01-14 17:10:46	1	1	1	0
           427	2025-01-14 17:11:33	1	1	1	0
            94	2025-01-14 17:11:47	1	1	1	0
           382	2025-01-14 17:11:53	1	1	1	0
           301	2025-01-14 17:14:39	1	1	1	0
           353	2025-01-14 17:17:46	1	1	1	0
            76	2025-01-14 17:18:20	1	1	1	0
           273	2025-01-14 17:21:38	1	1	1	0
           374	2025-01-14 17:21:49	1	1	1	0
           354	2025-01-14 17:21:56	1	1	1	0
           245	2025-01-14 17:22:58	1	1	1	0
           115	2025-01-14 17:23:23	1	1	15	0
           265	2025-01-14 17:24:11	1	1	1	0
            70	2025-01-14 17:25:15	1	1	1	0
           304	2025-01-14 17:28:07	1	1	1	0
            78	2025-01-14 17:30:48	1	1	1	0
           243	2025-01-14 17:31:39	1	1	1	0
           292	2025-01-14 17:33:13	1	1	1	0
            87	2025-01-14 17:33:53	1	1	1	0
           236	2025-01-14 17:35:34	1	1	1	0
           400	2025-01-14 17:37:01	1	1	1	0
           334	2025-01-14 17:37:03	1	1	1	0
           226	2025-01-14 17:37:42	1	1	1	0
           287	2025-01-14 17:37:53	1	1	1	0
           404	2025-01-14 17:40:29	1	1	1	0
           375	2025-01-14 17:40:36	1	1	1	0
           305	2025-01-14 17:40:47	1	1	1	0
           383	2025-01-14 17:40:52	1	1	1	0
           415	2025-01-14 17:42:52	1	1	1	0
           266	2025-01-14 18:52:55	1	1	1	0
           123	2025-01-14 22:01:11	1	0	1	0
           247	2025-01-14 23:04:57	1	0	1	0
           271	2025-01-15 06:11:17	1	0	1	0
           385	2025-01-15 06:15:53	1	0	1	0
            78	2025-01-15 06:23:03	1	0	1	0
           302	2025-01-15 06:26:55	1	0	1	0
            87	2025-01-15 06:45:35	1	0	1	0
           351	2025-01-15 06:49:07	1	0	1	0
           239	2025-01-15 06:52:19	1	0	1	0
           299	2025-01-15 06:53:29	1	0	1	0
           278	2025-01-15 06:54:06	1	0	1	0
           417	2025-01-15 06:59:06	1	0	1	0
           238	2025-01-15 07:00:41	1	0	1	0
           266	2025-01-15 07:04:24	1	0	1	0
           115	2025-01-15 07:08:25	1	0	15	0
           236	2025-01-15 07:09:39	1	0	15	0
           123	2025-01-15 07:10:11	1	1	1	0
           205	2025-01-15 07:10:58	1	1	1	0
           304	2025-01-15 07:11:17	1	1	1	0
           303	2025-01-15 07:12:38	1	1	1	0
            17	2025-01-15 07:14:08	1	1	1	0
            83	2025-01-15 07:14:25	1	1	1	0
            74	2025-01-15 07:15:42	1	1	15	0
            91	2025-01-15 07:16:40	1	0	1	0
           361	2025-01-15 07:16:45	1	0	1	0
            67	2025-01-15 07:21:42	1	0	1	0
           404	2025-01-15 07:23:36	1	0	1	0
           212	2025-01-15 07:23:46	1	0	1	0
           397	2025-01-15 07:24:20	1	0	1	0
           371	2025-01-15 07:24:27	1	0	1	0
           382	2025-01-15 07:25:11	1	0	1	0
           398	2025-01-15 07:25:44	1	0	1	0
           340	2025-01-15 07:25:58	1	0	1	0
           219	2025-01-15 07:28:30	1	0	1	0
           221	2025-01-15 07:28:34	1	0	1	0
           213	2025-01-15 07:29:10	1	0	1	0
           379	2025-01-15 07:29:29	1	0	1	0
           376	2025-01-15 07:30:37	1	0	1	0
            61	2025-01-15 07:30:44	1	0	1	0
            94	2025-01-15 07:30:51	1	0	1	0
           365	2025-01-15 07:30:56	1	0	1	0
           301	2025-01-15 07:31:01	1	0	1	0
           402	2025-01-15 07:31:30	1	0	1	0
            63	2025-01-15 07:34:45	1	0	1	0
           305	2025-01-15 07:35:47	1	0	1	0
           369	2025-01-15 07:35:51	1	0	1	0
           314	2025-01-15 07:36:05	1	0	1	0
           265	2025-01-15 07:40:25	1	0	1	0
           399	2025-01-15 07:43:23	1	0	1	0
           273	2025-01-15 07:44:12	1	0	1	0
           426	2025-01-15 07:44:35	1	0	1	0
           287	2025-01-15 07:45:01	1	0	1	0
           354	2025-01-15 07:45:47	1	0	1	0
           427	2025-01-15 07:46:14	1	0	1	0
           375	2025-01-15 07:46:25	1	0	1	0
           264	2025-01-15 07:46:41	1	0	1	0
           386	2025-01-15 07:47:09	1	0	1	0
           374	2025-01-15 07:47:34	1	0	1	0
           400	2025-01-15 07:49:07	1	0	1	0
           312	2025-01-15 07:49:47	1	0	1	0
           263	2025-01-15 07:50:49	1	0	1	0
           226	2025-01-15 07:53:33	1	0	1	0
           232	2025-01-15 07:54:06	1	0	1	0
           405	2025-01-15 07:54:23	1	0	1	0
           331	2025-01-15 07:54:48	1	0	1	0
           245	2025-01-15 07:55:50	1	0	1	0
           292	2025-01-15 07:56:11	1	0	1	0
           250	2025-01-15 07:57:01	1	0	1	0
           353	2025-01-15 07:57:08	1	0	1	0
            68	2025-01-15 07:58:19	1	0	1	0
           415	2025-01-15 07:59:07	1	0	1	0
           252	2025-01-15 07:59:14	1	0	1	0
           419	2025-01-15 08:00:21	1	0	1	0
           359	2025-01-15 08:02:38	1	0	1	0
           243	2025-01-15 08:09:50	1	0	1	0
            71	2025-01-15 08:17:28	1	0	1	0
           332	2025-01-15 08:23:27	1	0	1	0
           334	2025-01-15 08:23:29	1	0	1	0
            76	2025-01-15 08:31:36	1	0	1	0
           278	2025-01-15 11:08:00	1	0	1	0
           385	2025-01-15 11:08:09	1	0	1	0
           271	2025-01-15 11:08:19	1	0	1	0
           239	2025-01-15 11:08:28	1	0	1	0
           238	2025-01-15 11:09:43	1	0	1	0
           299	2025-01-15 11:09:51	1	0	1	0
           236	2025-01-15 11:10:00	1	0	1	0
           400	2025-01-15 11:12:07	1	0	1	0
           400	2025-01-15 11:21:56	1	0	1	0
           398	2025-01-15 11:32:11	1	0	1	0
           397	2025-01-15 11:35:14	1	1	1	0
           221	2025-01-15 11:37:53	1	1	15	0
            91	2025-01-15 11:41:00	1	1	1	0
           382	2025-01-15 11:41:46	1	1	1	0
           398	2025-01-15 11:42:13	1	1	1	0
           213	2025-01-15 11:46:04	1	1	1	0
           231	2025-01-15 11:48:22	1	1	1	0
           305	2025-01-15 11:55:32	1	1	1	0
           212	2025-01-15 11:58:29	1	1	1	0
           399	2025-01-15 11:58:58	1	1	1	0
           369	2025-01-15 11:59:16	1	1	1	0
           383	2025-01-15 12:04:16	1	1	1	0
           354	2025-01-15 12:04:23	1	1	1	0
            17	2025-01-15 12:04:34	1	1	1	0
            67	2025-01-15 12:04:45	1	1	1	0
           426	2025-01-15 12:04:50	1	1	1	0
           427	2025-01-15 12:05:39	1	1	4	0
           332	2025-01-15 12:05:52	1	1	1	0
           303	2025-01-15 12:05:55	1	1	1	0
           292	2025-01-15 12:06:00	1	1	1	0
           243	2025-01-15 12:08:13	1	1	1	0
            94	2025-01-15 12:08:21	1	1	1	0
           250	2025-01-15 12:08:25	1	1	1	0
           304	2025-01-15 12:08:33	1	1	1	0
           302	2025-01-15 12:08:38	1	1	1	0
           361	2025-01-15 12:08:42	1	1	1	0
           263	2025-01-15 12:08:58	1	1	1	0
           415	2025-01-15 12:09:03	1	1	1	0
           115	2025-01-15 12:09:10	1	1	1	0
           212	2025-01-15 12:09:17	1	1	1	0
           402	2025-01-15 12:09:27	1	1	1	0
           340	2025-01-15 12:09:41	1	1	1	0
            76	2025-01-15 12:09:47	1	1	1	0
            67	2025-01-15 12:10:52	1	1	1	0
            17	2025-01-15 12:10:55	1	1	1	0
           376	2025-01-15 12:12:49	1	1	1	0
           374	2025-01-15 12:12:57	1	1	1	0
           231	2025-01-15 12:13:07	1	1	1	0
            63	2025-01-15 12:14:10	1	1	1	0
           405	2025-01-15 12:14:26	1	1	1	0
           359	2025-01-15 12:14:28	1	1	1	0
            68	2025-01-15 12:14:37	1	1	1	0
           301	2025-01-15 12:14:44	1	1	1	0
           226	2025-01-15 12:15:05	1	1	1	0
           287	2025-01-15 12:15:14	1	1	1	0
           353	2025-01-15 12:16:07	1	1	1	0
           305	2025-01-15 12:16:31	1	1	1	0
           243	2025-01-15 12:16:45	1	1	1	0
           382	2025-01-15 12:17:21	1	0	1	0
           397	2025-01-15 12:17:34	1	0	1	0
            94	2025-01-15 12:17:50	1	0	1	0
           273	2025-01-15 12:17:53	1	0	1	0
           304	2025-01-15 12:17:58	1	0	1	0
           419	2025-01-15 12:19:09	1	0	1	0
           383	2025-01-15 12:19:21	1	0	1	0
           427	2025-01-15 12:20:07	1	0	1	0
           303	2025-01-15 12:21:12	1	0	1	0
           426	2025-01-15 12:21:16	1	0	1	0
           332	2025-01-15 12:21:23	1	0	1	0
            91	2025-01-15 12:23:42	1	0	1	0
           278	2025-01-15 12:24:15	1	0	1	0
           385	2025-01-15 12:24:23	1	0	1	0
           226	2025-01-15 12:24:42	1	0	1	0
           287	2025-01-15 12:24:49	1	0	1	0
           265	2025-01-15 12:29:43	1	0	1	0
           245	2025-01-15 12:29:49	1	0	1	0
           299	2025-01-15 12:30:27	1	0	1	0
           331	2025-01-15 12:32:10	1	0	1	0
           404	2025-01-15 12:32:22	1	0	1	0
           374	2025-01-15 12:32:37	1	0	1	0
           376	2025-01-15 12:32:45	1	0	1	0
           365	2025-01-15 12:33:12	1	0	1	0
           375	2025-01-15 12:33:36	1	0	1	0
           354	2025-01-15 12:33:49	1	0	1	0
           402	2025-01-15 12:37:41	1	0	1	0
           271	2025-01-15 12:39:37	1	0	1	0
           331	2025-01-15 12:39:48	1	0	1	0
           365	2025-01-15 12:40:08	1	0	1	0
           359	2025-01-15 12:40:39	1	0	1	0
           405	2025-01-15 12:40:44	1	0	1	0
            71	2025-01-15 12:40:55	1	0	1	0
            87	2025-01-15 12:41:23	1	0	1	0
           265	2025-01-15 12:42:05	1	0	1	0
           245	2025-01-15 12:42:14	1	0	1	0
            83	2025-01-15 12:43:10	1	0	1	0
           250	2025-01-15 12:43:16	1	0	1	0
           301	2025-01-15 12:44:53	1	0	1	0
           238	2025-01-15 12:46:13	1	0	1	0
           340	2025-01-15 12:46:39	1	0	1	0
            63	2025-01-15 12:47:05	1	0	1	0
           399	2025-01-15 12:47:19	1	0	1	0
           369	2025-01-15 12:47:21	1	0	1	0
           292	2025-01-15 12:48:55	1	0	1	0
           419	2025-01-15 12:49:23	1	0	1	0
           239	2025-01-15 12:49:57	1	0	1	0
           236	2025-01-15 12:50:22	1	0	1	0
           213	2025-01-15 12:52:00	1	0	1	0
           361	2025-01-15 12:55:28	1	0	1	0
           314	2025-01-15 12:55:31	1	0	1	0
            71	2025-01-15 12:57:01	1	0	1	0
           263	2025-01-15 12:59:51	1	0	1	0
            76	2025-01-15 13:07:57	1	0	1	0
           351	2025-01-15 15:07:49	1	0	1	0
           123	2025-01-15 15:10:01	1	0	1	0
           298	2025-01-15 15:22:42	1	0	1	0
           298	2025-01-15 16:42:02	1	0	1	0
           332	2025-01-15 17:03:39	1	0	1	0
            71	2025-01-15 17:03:47	1	0	1	0
           361	2025-01-15 17:03:50	1	0	1	0
           205	2025-01-15 17:04:01	1	1	1	0
           314	2025-01-15 17:04:15	1	1	1	0
           359	2025-01-15 17:04:20	1	1	1	0
           236	2025-01-15 17:04:28	1	1	1	0
           250	2025-01-15 17:04:54	1	1	1	0
           301	2025-01-15 17:09:16	1	1	1	0
           397	2025-01-15 17:10:02	1	1	1	0
           114	2025-01-15 17:10:12	1	1	1	0
           340	2025-01-15 17:10:19	1	1	1	0
           416	2025-01-15 17:10:29	1	1	1	0
           212	2025-01-15 17:10:54	1	1	1	0
           398	2025-01-15 17:10:58	1	1	1	0
           302	2025-01-15 17:11:03	1	1	1	0
           299	2025-01-15 17:11:10	1	1	1	0
           238	2025-01-15 17:11:19	1	1	1	0
            67	2025-01-15 17:11:26	1	1	1	0
            63	2025-01-15 17:11:32	1	1	1	0
           244	2025-01-15 17:11:40	1	1	1	0
           118	2025-01-15 17:11:49	1	1	1	0
           379	2025-01-15 17:11:54	1	1	1	0
           383	2025-01-15 17:11:59	1	1	1	0
           382	2025-01-15 17:12:10	1	1	1	0
           399	2025-01-15 17:12:14	1	1	1	0
           354	2025-01-15 17:12:26	1	1	1	0
           305	2025-01-15 17:12:36	1	1	1	0
           271	2025-01-15 17:12:41	1	1	1	0
           239	2025-01-15 17:12:54	1	1	1	0
           427	2025-01-15 17:13:10	1	1	1	0
           418	2025-01-15 17:13:17	1	1	1	0
           419	2025-01-15 17:13:24	1	1	1	0
           385	2025-01-15 17:13:32	1	1	1	0
           365	2025-01-15 17:13:49	1	1	1	0
           226	2025-01-15 17:14:00	1	1	1	0
           287	2025-01-15 17:14:10	1	1	1	0
           213	2025-01-15 17:15:14	1	1	1	0
           304	2025-01-15 17:15:52	1	1	1	0
           273	2025-01-15 17:15:55	1	1	1	0
           265	2025-01-15 17:16:17	1	1	1	0
           405	2025-01-15 17:16:37	1	1	1	0
           374	2025-01-15 17:17:07	1	1	1	0
           245	2025-01-15 17:19:39	1	1	1	0
           221	2025-01-15 17:21:17	1	1	15	0
           231	2025-01-15 17:24:08	1	1	1	0
           369	2025-01-15 17:32:01	1	1	1	0
           415	2025-01-15 17:32:11	1	1	1	0
           400	2025-01-15 17:38:00	1	1	1	0
            76	2025-01-15 17:38:29	1	1	1	0
           263	2025-01-15 17:44:07	1	1	1	0
            87	2025-01-15 17:45:08	1	1	1	0
           404	2025-01-15 17:52:50	1	1	1	0
           243	2025-01-15 17:57:05	1	1	1	0
           292	2025-01-15 18:06:08	1	1	1	0
           264	2025-01-15 21:36:18	1	1	1	0
            88	2025-01-15 22:48:04	1	1	1	0
           286	2025-01-15 23:13:32	1	1	1	0
           385	2025-01-16 06:22:41	1	1	15	0
           299	2025-01-16 06:30:37	1	1	1	0
           238	2025-01-16 06:30:50	1	1	1	0
           271	2025-01-16 06:37:07	1	1	1	0
           302	2025-01-16 06:46:04	1	1	1	0
           351	2025-01-16 06:47:46	1	1	1	0
           278	2025-01-16 06:48:40	1	1	1	0
           239	2025-01-16 06:57:16	1	1	1	0
           387	2025-01-16 06:59:19	1	1	1	0
            58	2025-01-16 07:09:37	1	1	1	0
            91	2025-01-16 07:12:41	1	0	1	0
            17	2025-01-16 07:14:33	1	0	1	0
            83	2025-01-16 07:15:24	1	0	1	0
           303	2025-01-16 07:18:14	1	0	1	0
           398	2025-01-16 07:18:20	1	0	1	0
           340	2025-01-16 07:18:28	1	0	1	0
           213	2025-01-16 07:20:04	1	0	1	0
           397	2025-01-16 07:21:20	1	0	1	0
           212	2025-01-16 07:21:25	1	0	1	0
           266	2025-01-16 07:21:29	1	0	1	0
            67	2025-01-16 07:23:23	1	0	1	0
           234	2025-01-16 07:24:33	1	0	1	0
           255	2025-01-16 07:25:09	1	0	1	0
           365	2025-01-16 07:25:28	1	0	1	0
           264	2025-01-16 07:26:58	1	0	1	0
           382	2025-01-16 07:27:48	1	0	15	0
           404	2025-01-16 07:27:57	1	0	1	0
           304	2025-01-16 07:28:54	1	0	1	0
           115	2025-01-16 07:33:27	1	0	1	0
           379	2025-01-16 07:33:42	1	0	1	0
           287	2025-01-16 07:34:24	1	0	1	0
           273	2025-01-16 07:36:04	1	0	1	0
           428	2025-01-16 07:38:00	1	0	15	0
           402	2025-01-16 07:38:09	1	0	1	0
           305	2025-01-16 07:39:07	1	0	1	0
           383	2025-01-16 07:39:09	1	0	1	0
           241	2025-01-16 07:39:34	1	0	1	0
           369	2025-01-16 07:40:03	1	0	1	0
           265	2025-01-16 07:42:14	1	0	1	0
           353	2025-01-16 07:43:30	1	0	1	0
           427	2025-01-16 07:43:37	1	0	1	0
           426	2025-01-16 07:43:47	1	0	1	0
           232	2025-01-16 07:45:31	1	0	1	0
           111	2025-01-16 07:47:12	1	0	1	0
           361	2025-01-16 07:47:50	1	0	1	0
           374	2025-01-16 07:49:37	1	0	1	0
           314	2025-01-16 07:49:48	1	0	1	0
           399	2025-01-16 07:49:58	1	0	1	0
           245	2025-01-16 07:50:11	1	0	1	0
            21	2025-01-16 07:50:42	1	0	15	0
           262	2025-01-16 07:53:26	1	0	1	0
           226	2025-01-16 07:54:25	1	0	1	0
           118	2025-01-16 07:56:02	1	0	1	0
            63	2025-01-16 07:56:07	1	0	1	0
            70	2025-01-16 07:56:25	1	0	1	0
           360	2025-01-16 07:57:21	1	0	1	0
            68	2025-01-16 07:58:31	1	0	1	0
           292	2025-01-16 08:00:22	1	0	1	0
           332	2025-01-16 08:01:05	1	0	1	0
           415	2025-01-16 08:02:06	1	0	1	0
           416	2025-01-16 08:02:10	1	0	1	0
           419	2025-01-16 08:06:36	1	0	1	0
           359	2025-01-16 08:07:43	1	0	1	0
           230	2025-01-16 08:09:42	1	0	1	0
           263	2025-01-16 08:11:30	1	0	1	0
           418	2025-01-16 08:18:50	1	0	1	0
           243	2025-01-16 08:20:41	1	0	1	0
            76	2025-01-16 08:24:44	1	0	1	0
            71	2025-01-16 08:39:08	1	0	1	0
           405	2025-01-16 08:39:31	1	0	1	0
           239	2025-01-16 11:08:44	1	0	1	0
           387	2025-01-16 11:11:40	1	0	15	0
           271	2025-01-16 11:11:58	1	0	1	0
           278	2025-01-16 11:12:13	1	0	1	0
           385	2025-01-16 11:12:28	1	0	1	0
           238	2025-01-16 11:17:45	1	0	1	0
           299	2025-01-16 11:20:31	1	0	1	0
           398	2025-01-16 11:36:37	1	0	1	0
           379	2025-01-16 11:36:47	1	0	1	0
           221	2025-01-16 11:38:15	1	0	15	0
           382	2025-01-16 11:38:36	1	1	1	0
           244	2025-01-16 11:38:48	1	1	1	0
            83	2025-01-16 11:39:09	1	1	1	0
            58	2025-01-16 11:39:15	1	1	1	0
           234	2025-01-16 11:40:31	1	1	1	0
           397	2025-01-16 11:41:09	1	1	1	0
           212	2025-01-16 11:47:32	1	1	1	0
           213	2025-01-16 11:49:33	1	1	1	0
            36	2025-01-16 11:49:42	1	1	1	0
            91	2025-01-16 11:49:54	1	1	1	0
           417	2025-01-16 11:50:53	1	1	1	0
           400	2025-01-16 11:53:10	1	1	1	0
            67	2025-01-16 12:04:43	1	1	1	0
           303	2025-01-16 12:04:55	1	1	1	0
           369	2025-01-16 12:06:03	1	1	1	0
           399	2025-01-16 12:06:06	1	1	1	0
           427	2025-01-16 12:06:57	1	1	1	0
           264	2025-01-16 12:07:47	1	1	1	0
           241	2025-01-16 12:07:49	1	1	1	0
           273	2025-01-16 12:08:05	1	1	1	0
           304	2025-01-16 12:08:08	1	1	1	0
           302	2025-01-16 12:08:10	1	1	1	0
           404	2025-01-16 12:08:17	1	1	1	0
           265	2025-01-16 12:08:25	1	1	1	0
           245	2025-01-16 12:08:28	1	1	1	0
           419	2025-01-16 12:08:54	1	1	1	0
            76	2025-01-16 12:09:13	1	1	1	0
           332	2025-01-16 12:09:22	1	1	1	0
           426	2025-01-16 12:09:26	1	1	1	0
           212	2025-01-16 12:09:34	1	1	1	0
           340	2025-01-16 12:10:16	1	1	1	0
           417	2025-01-16 12:10:21	1	1	1	0
            63	2025-01-16 12:10:57	1	1	1	0
           383	2025-01-16 12:11:32	1	1	1	0
           262	2025-01-16 12:12:13	1	1	1	0
           118	2025-01-16 12:12:17	1	1	1	0
           271	2025-01-16 12:12:31	1	1	1	0
           397	2025-01-16 12:13:09	1	1	1	0
           360	2025-01-16 12:13:50	1	1	1	0
           408	2025-01-16 12:13:56	1	1	1	0
           428	2025-01-16 12:14:18	1	1	1	0
           371	2025-01-16 12:14:31	1	1	1	0
           387	2025-01-16 12:14:51	1	1	1	0
           278	2025-01-16 12:15:01	1	1	1	0
           385	2025-01-16 12:15:13	1	1	1	0
            91	2025-01-16 12:15:22	1	0	1	0
           264	2025-01-16 12:15:27	1	0	1	0
           353	2025-01-16 12:15:33	1	0	1	0
           305	2025-01-16 12:17:10	1	0	1	0
           383	2025-01-16 12:17:18	1	0	1	0
            71	2025-01-16 12:18:08	1	0	1	0
           405	2025-01-16 12:18:12	1	0	1	0
           234	2025-01-16 12:18:28	1	0	1	0
           118	2025-01-16 12:18:37	1	0	1	0
           226	2025-01-16 12:18:52	1	0	1	0
           402	2025-01-16 12:20:13	1	0	1	0
           345	2025-01-16 12:20:51	1	0	1	0
           343	2025-01-16 12:20:54	1	0	1	0
           243	2025-01-16 12:21:20	1	0	1	0
           238	2025-01-16 12:22:41	1	0	1	0
           299	2025-01-16 12:22:51	1	0	1	0
           427	2025-01-16 12:24:03	1	0	1	0
           426	2025-01-16 12:24:08	1	0	1	0
           332	2025-01-16 12:24:13	1	0	1	0
           303	2025-01-16 12:24:16	1	0	1	0
           382	2025-01-16 12:25:09	1	0	15	0
           266	2025-01-16 12:25:22	1	0	1	0
           404	2025-01-16 12:27:08	1	0	1	0
           263	2025-01-16 12:28:09	1	0	1	0
           115	2025-01-16 12:28:31	1	0	15	0
           273	2025-01-16 12:30:44	1	0	1	0
           304	2025-01-16 12:30:45	1	0	1	0
           245	2025-01-16 12:31:06	1	0	1	0
           265	2025-01-16 12:31:15	1	0	1	0
           374	2025-01-16 12:31:49	1	0	1	0
           292	2025-01-16 12:32:32	1	0	1	0
           365	2025-01-16 12:33:55	1	0	1	0
           374	2025-01-16 12:34:17	1	0	1	0
            21	2025-01-16 12:35:20	1	0	15	0
           114	2025-01-16 12:35:48	1	0	1	0
           287	2025-01-16 12:36:44	1	0	1	0
           405	2025-01-16 12:37:20	1	0	1	0
            71	2025-01-16 12:37:23	1	0	1	0
           314	2025-01-16 12:37:37	1	0	1	0
           213	2025-01-16 12:38:31	1	0	1	0
            64	2025-01-16 12:38:42	1	0	1	0
           418	2025-01-16 12:39:42	1	0	1	0
           226	2025-01-16 12:41:35	1	0	1	0
           263	2025-01-16 12:44:29	1	0	1	0
           340	2025-01-16 12:45:01	1	0	1	0
           241	2025-01-16 12:45:15	1	0	1	0
           302	2025-01-16 12:45:17	1	0	1	0
           266	2025-01-16 12:46:14	1	0	1	0
           360	2025-01-16 12:46:26	1	0	1	0
           408	2025-01-16 12:46:40	1	0	1	0
           428	2025-01-16 12:47:04	1	0	1	0
           345	2025-01-16 12:47:20	1	0	1	0
           343	2025-01-16 12:47:23	1	0	1	0
           255	2025-01-16 12:47:48	1	0	1	0
           419	2025-01-16 12:48:42	1	0	1	0
           398	2025-01-16 12:49:33	1	0	1	0
           239	2025-01-16 12:49:38	1	0	1	0
           243	2025-01-16 12:49:49	1	0	1	0
           292	2025-01-16 12:50:26	1	0	1	0
            59	2025-01-16 12:51:13	1	0	1	0
           262	2025-01-16 12:51:36	1	0	1	0
           232	2025-01-16 12:52:41	1	1	1	0
            63	2025-01-16 12:52:59	1	1	1	0
           314	2025-01-16 12:54:06	1	1	1	0
           352	2025-01-16 12:55:22	1	1	1	0
           379	2025-01-16 12:55:28	1	1	1	0
            58	2025-01-16 12:55:40	1	1	1	0
           232	2025-01-16 12:56:08	1	0	1	0
            83	2025-01-16 12:56:41	1	0	1	0
           399	2025-01-16 13:00:26	1	0	1	0
            76	2025-01-16 13:16:34	1	0	1	0
           287	2025-01-16 14:36:51	1	0	1	0
           286	2025-01-16 14:55:27	1	0	1	0
           351	2025-01-16 15:08:56	1	0	1	0
           343	2025-01-16 16:05:40	1	0	1	0
           360	2025-01-16 17:05:58	1	0	1	0
           361	2025-01-16 17:06:00	1	0	1	0
           408	2025-01-16 17:06:15	1	0	1	0
            71	2025-01-16 17:07:40	1	0	1	0
            91	2025-01-16 17:08:11	1	1	1	0
           428	2025-01-16 17:08:16	1	1	1	0
            67	2025-01-16 17:08:25	1	1	1	0
           340	2025-01-16 17:08:48	1	1	1	0
           398	2025-01-16 17:09:03	1	1	1	0
           255	2025-01-16 17:09:10	1	1	1	0
           212	2025-01-16 17:09:12	1	1	1	0
           426	2025-01-16 17:09:35	1	1	1	0
           365	2025-01-16 17:10:00	1	1	1	0
           278	2025-01-16 17:10:06	1	1	1	0
            36	2025-01-16 17:10:09	1	1	1	0
           397	2025-01-16 17:10:16	1	1	1	0
           238	2025-01-16 17:10:19	1	1	1	0
           299	2025-01-16 17:10:25	1	1	1	0
           371	2025-01-16 17:10:33	1	1	15	0
            61	2025-01-16 17:10:36	1	1	1	0
           245	2025-01-16 17:10:41	1	1	1	0
           230	2025-01-16 17:10:53	1	1	1	0
           249	2025-01-16 17:10:58	1	1	1	0
           243	2025-01-16 17:11:00	1	1	1	0
           382	2025-01-16 17:11:23	1	1	15	0
           118	2025-01-16 17:11:31	1	1	1	0
           213	2025-01-16 17:11:34	1	1	1	0
           387	2025-01-16 17:11:41	1	1	1	0
           239	2025-01-16 17:11:45	1	1	1	0
            58	2025-01-16 17:11:51	1	1	1	0
           265	2025-01-16 17:12:05	1	1	1	0
           374	2025-01-16 17:12:23	1	1	1	0
           241	2025-01-16 17:12:29	1	1	1	0
           427	2025-01-16 17:12:34	1	1	4	0
           418	2025-01-16 17:12:44	1	1	1	0
           379	2025-01-16 17:12:50	1	1	1	0
           419	2025-01-16 17:13:04	1	1	1	0
            83	2025-01-16 17:13:20	1	1	1	0
           271	2025-01-16 17:13:22	1	1	1	0
           417	2025-01-16 17:13:33	1	1	1	0
            64	2025-01-16 17:13:41	1	1	1	0
           385	2025-01-16 17:13:48	1	1	1	0
           402	2025-01-16 17:14:45	1	1	1	0
           226	2025-01-16 17:15:27	1	1	1	0
            76	2025-01-16 17:16:28	1	1	1	0
           359	2025-01-16 17:16:32	1	1	1	0
           383	2025-01-16 17:26:15	1	1	1	0
           305	2025-01-16 17:26:22	1	1	1	0
           273	2025-01-16 17:27:28	1	1	1	0
           405	2025-01-16 17:30:49	1	1	1	0
           263	2025-01-16 17:35:21	1	1	1	0
           264	2025-01-16 17:38:09	1	1	1	0
           334	2025-01-16 17:38:21	1	1	1	0
           369	2025-01-16 17:47:59	1	1	1	0
           399	2025-01-16 17:48:05	1	1	1	0
           404	2025-01-16 17:48:18	1	1	1	0
            87	2025-01-16 17:52:38	1	1	1	0
           304	2025-01-16 18:04:31	1	1	15	0
            81	2025-01-16 18:31:05	1	1	1	0
           262	2025-01-16 18:51:00	1	1	1	0
           345	2025-01-16 18:51:11	1	1	1	0
           266	2025-01-16 18:54:41	1	1	1	0
           115	2025-01-16 18:56:13	1	1	15	0
           292	2025-01-16 19:54:20	1	1	1	0
            88	2025-01-16 22:48:27	1	1	1	0
           286	2025-01-16 23:09:34	1	1	1	0
           271	2025-01-17 06:14:58	1	1	1	0
           385	2025-01-17 06:33:10	1	1	1	0
            87	2025-01-17 06:38:20	1	1	1	0
           238	2025-01-17 06:38:35	1	1	15	0
           299	2025-01-17 06:38:56	1	0	1	0
           355	2025-01-17 06:48:11	1	0	1	0
           387	2025-01-17 06:52:16	1	0	1	0
           351	2025-01-17 06:52:27	1	0	1	0
           247	2025-01-17 06:55:40	1	0	1	0
            83	2025-01-17 07:08:58	1	0	1	0
            58	2025-01-17 07:11:27	1	0	15	0
           236	2025-01-17 07:12:35	1	0	1	0
           255	2025-01-17 07:14:42	1	0	1	0
           244	2025-01-17 07:16:44	1	0	1	0
            67	2025-01-17 07:18:16	1	0	1	0
           266	2025-01-17 07:19:45	1	0	1	0
            91	2025-01-17 07:23:02	1	0	1	0
           371	2025-01-17 07:23:45	1	0	1	0
           213	2025-01-17 07:25:27	1	0	1	0
           398	2025-01-17 07:27:02	1	0	1	0
           340	2025-01-17 07:27:18	1	0	1	0
           397	2025-01-17 07:28:02	1	0	1	0
           382	2025-01-17 07:28:46	1	0	1	0
           264	2025-01-17 07:28:53	1	0	1	0
            59	2025-01-17 07:29:06	1	0	1	0
           417	2025-01-17 07:29:27	1	0	1	0
           115	2025-01-17 07:32:14	1	0	1	0
           212	2025-01-17 07:32:21	1	0	1	0
           241	2025-01-17 07:33:00	1	0	1	0
           428	2025-01-17 07:33:06	1	0	1	0
            64	2025-01-17 07:33:32	1	0	1	0
           404	2025-01-17 07:34:28	1	0	1	0
           331	2025-01-17 07:34:41	1	0	1	0
           231	2025-01-17 07:34:57	1	0	1	0
           360	2025-01-17 07:38:13	1	0	1	0
           365	2025-01-17 07:40:26	1	0	1	0
            36	2025-01-17 07:40:38	1	0	1	0
            61	2025-01-17 07:40:51	1	0	1	0
           305	2025-01-17 07:40:53	1	0	1	0
           361	2025-01-17 07:41:39	1	0	1	0
           400	2025-01-17 07:42:33	1	0	1	0
           345	2025-01-17 07:44:45	1	0	1	0
           427	2025-01-17 07:45:08	1	0	4	0
           304	2025-01-17 07:46:04	1	0	1	0
           383	2025-01-17 07:47:07	1	0	1	0
            63	2025-01-17 07:47:15	1	0	1	0
           239	2025-01-17 07:47:39	1	0	1	0
           273	2025-01-17 07:48:34	1	0	1	0
           359	2025-01-17 07:49:21	1	0	1	0
           402	2025-01-17 07:51:42	1	0	1	0
           332	2025-01-17 07:52:20	1	0	1	0
           374	2025-01-17 07:54:35	1	0	1	0
           245	2025-01-17 07:54:46	1	0	1	0
           426	2025-01-17 07:54:53	1	0	1	0
           265	2025-01-17 07:55:13	1	0	1	0
           262	2025-01-17 07:57:05	1	0	1	0
           226	2025-01-17 07:58:06	1	0	1	0
           419	2025-01-17 08:02:19	1	0	1	0
           418	2025-01-17 08:03:54	1	0	1	0
           292	2025-01-17 08:04:13	1	0	1	0
           243	2025-01-17 08:09:02	1	0	1	0
           408	2025-01-17 08:11:16	1	0	1	0
           263	2025-01-17 08:12:08	1	0	1	0
           118	2025-01-17 08:18:01	1	0	1	0
            71	2025-01-17 08:19:49	1	0	1	0
           230	2025-01-17 08:23:07	1	0	1	0
            76	2025-01-17 08:24:27	1	0	1	0
           299	2025-01-17 11:05:10	1	0	1	0
           238	2025-01-17 11:05:14	1	0	1	0
           236	2025-01-17 11:05:35	1	0	1	0
           271	2025-01-17 11:10:08	1	0	1	0
           278	2025-01-17 11:12:43	1	0	1	0
           385	2025-01-17 11:12:52	1	0	1	0
           400	2025-01-17 11:13:28	1	0	1	0
           239	2025-01-17 11:14:02	1	0	1	0
           299	2025-01-17 11:17:57	1	0	1	0
           400	2025-01-17 11:18:03	1	0	1	0
           398	2025-01-17 11:34:27	1	0	1	0
           221	2025-01-17 11:35:43	1	0	15	0
           212	2025-01-17 11:37:50	1	0	1	0
           397	2025-01-17 11:38:50	1	1	1	0
           382	2025-01-17 11:39:29	1	1	1	0
           221	2025-01-17 11:40:02	1	1	15	0
           355	2025-01-17 11:40:43	1	1	1	0
           213	2025-01-17 11:41:25	1	1	1	0
            58	2025-01-17 11:42:38	1	1	15	0
            91	2025-01-17 11:43:34	1	1	1	0
            36	2025-01-17 11:46:21	1	1	1	0
           417	2025-01-17 11:46:44	1	1	1	0
           231	2025-01-17 11:51:04	1	1	1	0
           129	2025-01-17 11:52:41	1	1	1	0
           399	2025-01-17 11:52:54	1	1	1	0
           369	2025-01-17 11:52:55	1	1	1	0
            67	2025-01-17 12:03:47	1	1	1	0
           299	2025-01-17 12:07:11	1	1	1	0
           238	2025-01-17 12:07:14	1	1	1	0
           265	2025-01-17 12:07:45	1	1	1	0
           345	2025-01-17 12:07:51	1	1	1	0
           245	2025-01-17 12:07:53	1	1	1	0
           255	2025-01-17 12:08:08	1	1	1	0
           408	2025-01-17 12:08:10	1	1	1	0
           428	2025-01-17 12:08:26	1	1	1	0
           266	2025-01-17 12:08:48	1	1	1	0
           359	2025-01-17 12:09:03	1	1	1	0
            71	2025-01-17 12:09:05	1	1	1	0
           415	2025-01-17 12:09:13	1	1	1	0
           427	2025-01-17 12:09:19	1	1	4	0
           343	2025-01-17 12:09:24	1	1	1	0
           263	2025-01-17 12:09:42	1	1	1	0
           212	2025-01-17 12:09:48	1	1	1	0
           241	2025-01-17 12:10:07	1	1	1	0
           365	2025-01-17 12:10:22	1	1	1	0
           404	2025-01-17 12:10:32	1	1	1	0
           271	2025-01-17 12:10:50	1	1	1	0
           115	2025-01-17 12:11:06	1	1	1	0
           387	2025-01-17 12:11:13	1	1	1	0
           278	2025-01-17 12:11:22	1	1	1	0
           385	2025-01-17 12:11:34	1	1	1	0
           360	2025-01-17 12:11:40	1	1	1	0
           305	2025-01-17 12:11:45	1	1	1	0
           302	2025-01-17 12:11:49	1	1	1	0
           304	2025-01-17 12:11:51	1	1	1	0
           273	2025-01-17 12:11:54	1	1	1	0
            61	2025-01-17 12:12:19	1	1	1	0
           340	2025-01-17 12:12:23	1	1	1	0
            63	2025-01-17 12:12:36	1	1	1	0
           397	2025-01-17 12:12:56	1	1	1	0
            76	2025-01-17 12:13:06	1	1	1	0
           371	2025-01-17 12:14:15	1	1	1	0
           264	2025-01-17 12:14:36	1	1	1	0
            67	2025-01-17 12:14:51	1	1	1	0
           314	2025-01-17 12:15:03	1	1	1	0
           230	2025-01-17 12:15:07	1	1	1	0
           243	2025-01-17 12:15:11	1	1	1	0
           226	2025-01-17 12:15:30	1	1	1	0
           118	2025-01-17 12:15:49	1	1	1	0
           355	2025-01-17 12:16:28	1	0	1	0
           383	2025-01-17 12:16:59	1	0	1	0
            91	2025-01-17 12:17:06	1	0	1	0
           129	2025-01-17 12:22:22	1	0	1	0
           241	2025-01-17 12:22:37	1	0	1	0
           427	2025-01-17 12:23:31	1	0	4	0
           359	2025-01-17 12:24:28	1	0	1	0
           365	2025-01-17 12:24:46	1	0	1	0
           404	2025-01-17 12:24:56	1	0	1	0
           418	2025-01-17 12:25:18	1	0	1	0
           426	2025-01-17 12:25:25	1	0	1	0
           428	2025-01-17 12:25:53	1	0	1	0
           335	2025-01-17 12:26:00	1	0	1	0
           419	2025-01-17 12:26:07	1	0	1	0
           226	2025-01-17 12:26:15	1	0	1	0
           402	2025-01-17 12:26:38	1	0	1	0
           332	2025-01-17 12:26:46	1	0	1	0
            71	2025-01-17 12:26:49	1	0	1	0
           264	2025-01-17 12:27:09	1	0	1	0
           292	2025-01-17 12:27:52	1	0	1	0
           230	2025-01-17 12:28:39	1	0	1	0
           111	2025-01-17 12:28:41	1	0	1	0
           398	2025-01-17 12:28:48	1	0	1	0
           305	2025-01-17 12:28:56	1	0	1	0
           314	2025-01-17 12:29:19	1	0	1	0
           273	2025-01-17 12:29:23	1	0	1	0
           304	2025-01-17 12:29:24	1	0	1	0
           382	2025-01-17 12:31:08	1	0	1	0
           118	2025-01-17 12:31:55	1	0	1	0
           426	2025-01-17 12:35:38	1	0	1	0
           263	2025-01-17 12:36:32	1	0	1	0
           399	2025-01-17 12:36:36	1	0	1	0
           369	2025-01-17 12:36:37	1	0	1	0
           418	2025-01-17 12:37:05	1	0	1	0
           419	2025-01-17 12:37:12	1	0	1	0
           345	2025-01-17 12:38:45	1	0	1	0
           266	2025-01-17 12:38:48	1	0	1	0
           352	2025-01-17 12:39:35	1	0	1	0
            87	2025-01-17 12:40:03	1	0	1	0
           331	2025-01-17 12:40:34	1	0	1	0
            64	2025-01-17 12:40:58	1	0	1	0
           115	2025-01-17 12:41:06	1	0	1	0
           213	2025-01-17 12:41:13	1	0	1	0
           243	2025-01-17 12:41:18	1	0	1	0
            59	2025-01-17 12:44:38	1	0	1	0
            58	2025-01-17 12:44:54	1	0	1	0
            70	2025-01-17 12:45:37	1	0	1	0
           374	2025-01-17 12:46:30	1	0	1	0
           332	2025-01-17 12:46:34	1	0	1	0
           402	2025-01-17 12:47:44	1	0	1	0
            64	2025-01-17 12:48:16	1	0	1	0
           292	2025-01-17 12:52:59	1	0	1	0
           262	2025-01-17 12:54:46	1	0	1	0
           239	2025-01-17 12:55:17	1	0	1	0
           383	2025-01-17 12:59:03	1	0	1	0
           236	2025-01-17 13:00:16	1	0	1	0
           340	2025-01-17 13:00:37	1	0	1	0
            63	2025-01-17 13:00:41	1	0	1	0
            21	2025-01-17 13:01:19	1	0	15	0
            76	2025-01-17 13:03:25	1	0	1	0
           245	2025-01-17 13:04:35	1	0	1	0
           265	2025-01-17 13:04:44	1	0	1	0
           408	2025-01-17 13:20:05	1	0	1	0
           298	2025-01-17 14:51:43	1	0	1	0
           286	2025-01-17 15:01:33	1	0	1	0
           247	2025-01-17 15:09:26	1	0	1	0
           351	2025-01-17 15:10:20	1	0	1	0
           262	2025-01-17 16:12:28	1	0	1	0
           400	2025-01-17 16:12:43	1	0	1	0
           264	2025-01-17 16:17:14	1	0	1	0
           236	2025-01-17 17:04:00	1	0	1	0
           359	2025-01-17 17:04:05	1	0	1	0
           331	2025-01-17 17:04:21	1	0	1	0
           332	2025-01-17 17:04:35	1	0	1	0
           398	2025-01-17 17:05:32	1	0	1	0
            71	2025-01-17 17:05:51	1	0	1	0
           427	2025-01-17 17:07:50	1	0	4	0
           238	2025-01-17 17:08:02	1	0	1	0
           355	2025-01-17 17:08:07	1	0	1	0
           299	2025-01-17 17:08:21	1	0	1	0
           255	2025-01-17 17:08:29	1	0	1	0
           428	2025-01-17 17:08:53	1	0	1	0
            70	2025-01-17 17:09:00	1	0	1	0
           385	2025-01-17 17:09:06	1	0	1	0
           426	2025-01-17 17:09:15	1	0	1	0
           278	2025-01-17 17:09:23	1	0	1	0
           404	2025-01-17 17:09:27	1	0	1	0
           382	2025-01-17 17:09:53	1	0	1	0
           340	2025-01-17 17:09:57	1	0	1	0
           365	2025-01-17 17:10:04	1	0	1	0
           212	2025-01-17 17:10:18	1	0	1	0
            91	2025-01-17 17:10:42	1	0	1	0
           111	2025-01-17 17:10:46	1	0	1	0
            61	2025-01-17 17:10:52	1	0	1	0
           397	2025-01-17 17:11:00	1	0	1	0
            64	2025-01-17 17:11:08	1	0	1	0
           213	2025-01-17 17:11:14	1	0	1	0
           239	2025-01-17 17:11:30	1	0	1	0
           271	2025-01-17 17:11:43	1	0	1	0
           263	2025-01-17 17:12:04	1	0	1	0
           118	2025-01-17 17:12:28	1	0	1	0
            36	2025-01-17 17:12:39	1	0	1	0
           417	2025-01-17 17:12:49	1	0	1	0
           249	2025-01-17 17:13:12	1	0	1	0
           226	2025-01-17 17:13:39	1	0	1	0
           418	2025-01-17 17:13:41	1	0	1	0
           374	2025-01-17 17:13:47	1	0	1	0
           419	2025-01-17 17:13:57	1	0	1	0
           129	2025-01-17 17:14:05	1	0	1	0
           360	2025-01-17 17:14:57	1	0	1	0
           265	2025-01-17 17:16:00	1	0	1	0
           273	2025-01-17 17:16:26	1	0	1	0
           304	2025-01-17 17:16:28	1	0	1	0
           245	2025-01-17 17:17:06	1	0	1	0
           230	2025-01-17 17:18:44	1	0	1	0
           369	2025-01-17 17:18:54	1	0	1	0
           399	2025-01-17 17:19:08	1	0	1	0
           402	2025-01-17 17:21:40	1	0	1	0
            76	2025-01-17 17:21:44	1	0	1	0
           241	2025-01-17 17:24:09	1	0	1	0
            21	2025-01-17 17:25:40	1	0	15	0
           408	2025-01-17 17:29:59	1	0	1	0
           292	2025-01-17 17:50:03	1	0	1	0
           266	2025-01-17 18:02:06	1	0	1	0
           123	2025-01-17 22:01:18	1	0	1	0
           351	2025-01-18 06:59:31	1	0	1	0
           123	2025-01-18 07:13:31	1	0	1	0
           351	2025-01-18 15:07:39	1	0	1	0
           123	2025-01-18 22:04:17	1	0	1	0
           351	2025-01-19 07:00:13	1	0	1	0
           123	2025-01-19 07:13:44	1	0	1	0
           351	2025-01-19 15:12:36	1	0	1	0
            83	2025-01-20 05:57:53	1	0	1	0
           271	2025-01-20 06:13:57	1	0	1	0
           385	2025-01-20 06:15:30	1	0	1	0
           404	2025-01-20 06:50:13	1	0	15	0
           355	2025-01-20 06:51:40	1	0	1	0
           387	2025-01-20 06:52:32	1	0	1	0
           361	2025-01-20 06:53:51	1	0	1	0
           278	2025-01-20 06:55:26	1	0	1	0
           299	2025-01-20 06:58:59	1	0	1	0
           238	2025-01-20 06:59:37	1	0	15	0
           428	2025-01-20 07:01:10	1	0	1	0
           115	2025-01-20 07:01:16	1	0	1	0
           236	2025-01-20 07:09:27	1	0	1	0
           302	2025-01-20 07:09:37	1	0	1	0
           344	2025-01-20 07:09:57	1	0	1	0
           398	2025-01-20 07:13:07	1	0	1	0
           340	2025-01-20 07:13:19	1	0	1	0
           255	2025-01-20 07:14:33	1	0	1	0
            58	2025-01-20 07:16:05	1	0	15	0
           331	2025-01-20 07:18:34	1	0	1	0
           212	2025-01-20 07:19:03	1	0	1	0
            87	2025-01-20 07:19:21	1	0	1	0
           397	2025-01-20 07:19:50	1	0	1	0
           241	2025-01-20 07:21:19	1	0	1	0
           360	2025-01-20 07:21:31	1	0	1	0
           234	2025-01-20 07:23:19	1	0	1	0
           417	2025-01-20 07:25:10	1	0	1	0
           332	2025-01-20 07:25:37	1	0	1	0
           376	2025-01-20 07:25:42	1	0	1	0
           303	2025-01-20 07:26:21	1	0	1	0
            61	2025-01-20 07:27:07	1	0	1	0
           382	2025-01-20 07:27:43	1	0	1	0
            70	2025-01-20 07:28:53	1	0	1	0
            67	2025-01-20 07:29:00	1	0	1	0
           305	2025-01-20 07:29:04	1	0	1	0
           304	2025-01-20 07:29:10	1	0	1	0
           335	2025-01-20 07:29:20	1	0	1	0
           266	2025-01-20 07:30:42	1	0	1	0
           273	2025-01-20 07:31:24	1	0	1	0
           111	2025-01-20 07:32:57	1	0	1	0
           213	2025-01-20 07:33:08	1	0	1	0
           353	2025-01-20 07:33:25	1	0	1	0
           400	2025-01-20 07:33:27	1	0	1	0
           415	2025-01-20 07:34:42	1	0	1	0
           352	2025-01-20 07:35:33	1	0	1	0
           427	2025-01-20 07:35:45	1	0	4	0
            63	2025-01-20 07:40:13	1	0	1	0
           310	2025-01-20 07:40:59	1	0	1	0
           345	2025-01-20 07:42:29	1	0	1	0
           408	2025-01-20 07:43:16	1	0	1	0
           402	2025-01-20 07:44:38	1	0	1	0
           292	2025-01-20 07:45:36	1	0	1	0
           369	2025-01-20 07:45:53	1	0	1	0
            76	2025-01-20 07:46:50	1	0	1	0
           264	2025-01-20 07:47:37	1	0	1	0
           245	2025-01-20 07:47:50	1	0	1	0
           265	2025-01-20 07:48:51	1	0	1	0
           301	2025-01-20 07:50:09	1	0	1	0
            21	2025-01-20 07:50:24	1	0	15	0
           426	2025-01-20 07:50:32	1	0	1	0
           287	2025-01-20 07:51:12	1	0	1	0
           416	2025-01-20 07:51:19	1	0	1	0
           263	2025-01-20 07:51:49	1	0	1	0
           354	2025-01-20 07:52:09	1	0	1	0
           419	2025-01-20 07:52:17	1	0	1	0
           226	2025-01-20 07:58:14	1	0	1	0
            71	2025-01-20 07:58:25	1	0	1	0
           230	2025-01-20 08:01:12	1	0	1	0
           243	2025-01-20 08:05:32	1	0	1	0
           118	2025-01-20 08:18:02	1	0	1	0
           405	2025-01-20 08:25:55	1	0	1	0
           278	2025-01-20 11:08:15	1	0	1	0
           385	2025-01-20 11:08:21	1	0	1	0
           387	2025-01-20 11:08:44	1	0	1	0
           236	2025-01-20 11:08:56	1	0	1	0
           271	2025-01-20 11:09:05	1	0	1	0
           238	2025-01-20 11:09:43	1	0	1	0
           299	2025-01-20 11:09:57	1	0	1	0
           400	2025-01-20 11:32:16	1	0	1	0
           382	2025-01-20 11:37:40	1	0	1	0
           400	2025-01-20 11:37:46	1	0	1	0
            58	2025-01-20 11:37:56	1	0	15	0
           213	2025-01-20 11:38:18	1	1	1	0
           234	2025-01-20 11:41:10	1	1	1	0
           397	2025-01-20 11:41:45	1	1	1	0
           212	2025-01-20 11:43:18	1	1	1	0
           355	2025-01-20 11:43:30	1	1	1	0
           399	2025-01-20 11:45:45	1	1	1	0
           369	2025-01-20 11:45:47	1	1	15	0
           417	2025-01-20 11:47:45	1	1	1	0
           398	2025-01-20 11:49:28	1	1	1	0
           353	2025-01-20 11:51:06	1	1	1	0
            36	2025-01-20 11:55:41	1	1	1	0
            67	2025-01-20 12:02:33	1	1	1	0
           305	2025-01-20 12:04:54	1	1	1	0
           129	2025-01-20 12:06:24	1	1	1	0
           266	2025-01-20 12:06:28	1	1	1	0
           428	2025-01-20 12:06:45	1	1	1	0
           408	2025-01-20 12:06:53	1	1	1	0
           404	2025-01-20 12:07:54	1	1	1	0
           340	2025-01-20 12:08:07	1	1	1	0
           365	2025-01-20 12:08:14	1	1	1	0
           230	2025-01-20 12:08:21	1	1	1	0
           332	2025-01-20 12:08:27	1	1	1	0
           303	2025-01-20 12:08:33	1	1	1	0
           273	2025-01-20 12:08:40	1	1	1	0
           304	2025-01-20 12:08:41	1	1	1	0
           255	2025-01-20 12:08:51	1	1	1	0
           355	2025-01-20 12:09:02	1	1	1	0
           415	2025-01-20 12:09:08	1	1	1	0
           417	2025-01-20 12:09:15	1	1	1	0
           427	2025-01-20 12:09:17	1	1	4	0
           299	2025-01-20 12:09:48	1	1	1	0
           238	2025-01-20 12:09:52	1	1	1	0
           354	2025-01-20 12:10:48	1	1	1	0
           345	2025-01-20 12:12:09	1	1	1	0
           265	2025-01-20 12:12:37	1	1	1	0
           245	2025-01-20 12:12:44	1	1	1	0
           361	2025-01-20 12:14:33	1	1	1	0
           314	2025-01-20 12:14:40	1	1	1	0
           418	2025-01-20 12:14:42	1	1	1	0
           419	2025-01-20 12:15:17	1	1	1	0
            92	2025-01-20 12:15:33	1	1	1	0
           118	2025-01-20 12:16:24	1	1	1	0
           226	2025-01-20 12:16:32	1	1	1	0
            61	2025-01-20 12:16:47	1	1	1	0
           287	2025-01-20 12:17:00	1	1	1	0
           292	2025-01-20 12:17:06	1	1	1	0
           305	2025-01-20 12:17:09	1	1	1	0
           264	2025-01-20 12:17:17	1	1	1	0
           115	2025-01-20 12:17:32	1	1	1	0
           263	2025-01-20 12:17:46	1	1	1	0
           271	2025-01-20 12:18:29	1	1	1	0
           387	2025-01-20 12:19:24	1	1	1	0
           278	2025-01-20 12:19:52	1	1	1	0
           385	2025-01-20 12:19:56	1	1	1	0
           302	2025-01-20 12:21:12	1	1	1	0
            71	2025-01-20 12:21:24	1	1	1	0
           405	2025-01-20 12:21:30	1	1	1	0
           243	2025-01-20 12:21:33	1	1	1	0
           426	2025-01-20 12:22:06	1	1	1	0
           397	2025-01-20 12:22:34	1	0	1	0
           427	2025-01-20 12:22:41	1	0	4	0
           331	2025-01-20 12:22:59	1	0	1	0
           360	2025-01-20 12:23:01	1	0	1	0
           408	2025-01-20 12:23:05	1	0	1	0
           119	2025-01-20 12:23:10	1	0	1	0
           265	2025-01-20 12:24:01	1	0	1	0
           245	2025-01-20 12:24:05	1	0	1	0
           115	2025-01-20 12:24:13	1	0	1	0
           264	2025-01-20 12:24:18	1	0	1	0
            61	2025-01-20 12:25:54	1	0	1	0
            63	2025-01-20 12:27:00	1	0	1	0
           340	2025-01-20 12:27:31	1	0	1	0
           226	2025-01-20 12:29:50	1	0	1	0
           287	2025-01-20 12:29:58	1	0	1	0
           266	2025-01-20 12:30:05	1	0	1	0
           255	2025-01-20 12:30:19	1	0	1	0
           428	2025-01-20 12:30:33	1	0	1	0
           111	2025-01-20 12:30:52	1	0	1	0
           402	2025-01-20 12:30:56	1	0	1	0
           118	2025-01-20 12:31:02	1	0	1	0
           301	2025-01-20 12:31:07	1	0	1	0
           343	2025-01-20 12:31:10	1	0	1	0
           404	2025-01-20 12:31:17	1	0	1	0
           365	2025-01-20 12:31:24	1	0	1	0
           344	2025-01-20 12:31:40	1	0	1	0
           353	2025-01-20 12:31:44	1	0	1	0
           129	2025-01-20 12:32:03	1	0	1	0
           331	2025-01-20 12:32:10	1	0	1	0
           376	2025-01-20 12:32:20	1	1	1	0
           399	2025-01-20 12:33:15	1	0	1	0
           369	2025-01-20 12:33:19	1	0	1	0
           230	2025-01-20 12:35:19	1	0	1	0
           382	2025-01-20 12:36:54	1	0	1	0
           352	2025-01-20 12:37:20	1	0	1	0
           376	2025-01-20 12:39:31	1	0	1	0
           273	2025-01-20 12:40:22	1	0	1	0
           304	2025-01-20 12:40:23	1	0	1	0
           405	2025-01-20 12:40:48	1	0	1	0
           344	2025-01-20 12:42:07	1	0	1	0
           418	2025-01-20 12:42:26	1	0	1	0
           332	2025-01-20 12:43:53	1	0	1	0
            67	2025-01-20 12:43:57	1	0	1	0
           361	2025-01-20 12:44:17	1	0	1	0
            71	2025-01-20 12:45:12	1	0	1	0
           212	2025-01-20 12:45:32	1	0	1	0
           234	2025-01-20 12:48:04	1	0	1	0
           360	2025-01-20 12:48:18	1	0	1	0
           243	2025-01-20 12:48:26	1	0	1	0
           301	2025-01-20 12:48:28	1	0	1	0
           354	2025-01-20 12:48:43	1	0	1	0
            63	2025-01-20 12:48:52	1	0	1	0
           213	2025-01-20 12:50:06	1	0	1	0
           426	2025-01-20 12:51:47	1	0	1	0
           292	2025-01-20 12:52:29	1	0	1	0
           415	2025-01-20 12:54:21	1	0	1	0
           263	2025-01-20 12:54:43	1	0	1	0
            58	2025-01-20 12:55:52	1	0	15	0
           402	2025-01-20 12:56:31	1	0	1	0
           419	2025-01-20 12:57:24	1	0	1	0
           236	2025-01-20 12:59:01	1	0	1	0
           398	2025-01-20 13:13:52	1	0	1	0
           298	2025-01-20 14:00:08	1	0	1	0
           123	2025-01-20 15:17:18	1	0	1	0
           400	2025-01-20 16:12:53	1	0	1	0
           298	2025-01-20 16:33:15	1	0	1	0
           236	2025-01-20 17:04:43	1	0	1	0
            71	2025-01-20 17:05:31	1	0	1	0
           303	2025-01-20 17:06:52	1	0	1	0
           332	2025-01-20 17:06:59	1	1	1	0
           299	2025-01-20 17:07:48	1	1	1	0
           226	2025-01-20 17:07:58	1	1	1	0
           399	2025-01-20 17:08:07	1	1	1	0
           428	2025-01-20 17:08:47	1	1	1	0
           387	2025-01-20 17:08:50	1	1	1	0
           408	2025-01-20 17:09:07	1	1	1	0
            36	2025-01-20 17:09:14	1	1	1	0
           249	2025-01-20 17:09:19	1	1	1	0
           278	2025-01-20 17:09:37	1	1	1	0
            58	2025-01-20 17:09:47	1	1	1	0
           301	2025-01-20 17:10:02	1	1	1	0
           398	2025-01-20 17:10:06	1	1	1	0
           354	2025-01-20 17:10:12	1	1	1	0
           265	2025-01-20 17:10:24	1	1	1	0
           213	2025-01-20 17:10:29	1	1	1	0
           397	2025-01-20 17:10:39	1	1	1	0
           344	2025-01-20 17:11:04	1	1	1	0
           402	2025-01-20 17:11:20	1	1	1	0
           426	2025-01-20 17:11:32	1	1	1	0
           241	2025-01-20 17:11:38	1	1	1	0
           352	2025-01-20 17:11:43	1	1	1	0
           271	2025-01-20 17:11:51	1	1	1	0
           385	2025-01-20 17:11:59	1	1	1	0
           418	2025-01-20 17:12:03	1	1	1	0
           419	2025-01-20 17:12:10	1	1	1	0
           382	2025-01-20 17:12:22	1	1	1	0
           427	2025-01-20 17:12:43	1	1	4	0
           365	2025-01-20 17:13:17	1	1	1	0
           340	2025-01-20 17:13:54	1	1	1	0
           118	2025-01-20 17:14:10	1	1	1	0
            67	2025-01-20 17:16:46	1	1	1	0
           417	2025-01-20 17:18:24	1	1	1	0
           287	2025-01-20 17:18:46	1	1	1	0
           263	2025-01-20 17:20:36	1	1	1	0
           245	2025-01-20 17:21:57	1	1	1	0
           331	2025-01-20 17:24:11	1	1	1	0
            76	2025-01-20 17:25:09	1	1	1	0
           273	2025-01-20 17:25:40	1	1	1	0
           111	2025-01-20 17:26:07	1	1	1	0
           345	2025-01-20 17:26:22	1	1	1	0
           292	2025-01-20 17:26:51	1	1	1	0
           305	2025-01-20 17:31:29	1	1	1	0
           343	2025-01-20 17:31:52	1	1	1	0
           115	2025-01-20 17:33:38	1	1	1	0
           243	2025-01-20 17:35:20	1	1	1	0
            21	2025-01-20 17:36:38	1	1	15	0
           129	2025-01-20 17:38:24	1	1	1	0
           404	2025-01-20 17:47:07	1	1	1	0
           353	2025-01-20 18:00:40	1	1	1	0
           304	2025-01-20 18:00:59	1	1	1	0
           266	2025-01-20 18:17:17	1	1	1	0
            87	2025-01-20 18:19:23	1	1	1	0
           369	2025-01-20 18:23:16	1	1	1	0
           264	2025-01-20 20:17:54	1	1	1	0
            83	2025-01-21 05:44:34	1	1	1	0
           271	2025-01-21 06:07:44	1	1	1	0
           385	2025-01-21 06:26:04	1	1	1	0
           299	2025-01-21 06:37:13	1	1	1	0
           238	2025-01-21 06:37:30	1	1	1	0
           278	2025-01-21 06:53:44	1	1	1	0
           355	2025-01-21 06:54:06	1	1	1	0
           239	2025-01-21 07:00:58	1	1	1	0
           387	2025-01-21 07:04:25	1	1	1	0
           115	2025-01-21 07:07:26	1	1	1	0
           383	2025-01-21 07:07:58	1	1	1	0
           236	2025-01-21 07:13:12	1	1	1	0
           266	2025-01-21 07:16:15	1	1	1	0
           302	2025-01-21 07:16:32	1	1	1	0
           397	2025-01-21 07:16:45	1	0	1	0
            58	2025-01-21 07:17:58	1	0	15	0
           212	2025-01-21 07:19:52	1	0	1	0
           331	2025-01-21 07:23:26	1	0	1	0
           371	2025-01-21 07:23:56	1	0	1	0
           398	2025-01-21 07:24:34	1	0	1	0
           340	2025-01-21 07:24:47	1	0	1	0
           335	2025-01-21 07:25:29	1	0	1	0
           382	2025-01-21 07:26:40	1	0	1	0
            61	2025-01-21 07:27:19	1	0	1	0
           303	2025-01-21 07:27:46	1	0	1	0
           301	2025-01-21 07:28:54	1	0	1	0
           361	2025-01-21 07:33:28	1	0	1	0
           332	2025-01-21 07:33:35	1	0	1	0
           365	2025-01-21 07:34:47	1	0	1	0
           304	2025-01-21 07:35:40	1	0	1	0
           404	2025-01-21 07:36:03	1	0	1	0
           213	2025-01-21 07:36:22	1	0	1	0
            67	2025-01-21 07:36:45	1	0	1	0
           399	2025-01-21 07:37:07	1	0	1	0
           400	2025-01-21 07:38:59	1	0	1	0
           402	2025-01-21 07:39:58	1	0	1	0
           360	2025-01-21 07:40:15	1	0	1	0
           344	2025-01-21 07:41:48	1	0	1	0
           249	2025-01-21 07:41:59	1	0	1	0
           314	2025-01-21 07:42:06	1	0	1	0
           427	2025-01-21 07:42:23	1	0	4	0
           408	2025-01-21 07:42:32	1	0	1	0
           265	2025-01-21 07:43:27	1	0	1	0
           114	2025-01-21 07:43:56	1	0	1	0
           273	2025-01-21 07:44:26	1	0	1	0
           264	2025-01-21 07:46:59	1	0	1	0
           345	2025-01-21 07:47:06	1	0	1	0
           418	2025-01-21 07:47:14	1	0	1	0
           129	2025-01-21 07:47:24	1	0	1	0
           376	2025-01-21 07:48:02	1	0	1	0
           243	2025-01-21 07:49:07	1	0	1	0
           426	2025-01-21 07:51:02	1	0	1	0
           352	2025-01-21 07:51:11	1	0	1	0
           419	2025-01-21 07:52:31	1	0	1	0
           287	2025-01-21 07:54:15	1	0	1	0
           369	2025-01-21 07:55:16	1	0	1	0
           245	2025-01-21 07:56:34	1	0	1	0
           111	2025-01-21 07:57:02	1	0	1	0
           359	2025-01-21 07:57:21	1	0	1	0
            21	2025-01-21 07:57:26	1	0	15	0
           374	2025-01-21 07:58:50	1	0	1	0
            63	2025-01-21 08:00:10	1	0	1	0
           415	2025-01-21 08:00:53	1	0	1	0
           252	2025-01-21 08:01:23	1	0	1	0
           292	2025-01-21 08:02:51	1	0	1	0
           354	2025-01-21 08:06:13	1	0	1	0
           263	2025-01-21 08:06:41	1	0	1	0
           428	2025-01-21 08:08:05	1	0	1	0
            71	2025-01-21 08:10:12	1	0	1	0
            76	2025-01-21 08:10:20	1	0	1	0
           405	2025-01-21 08:38:31	1	0	1	0
           236	2025-01-21 11:05:05	1	0	1	0
           239	2025-01-21 11:07:30	1	0	1	0
           238	2025-01-21 11:07:41	1	0	1	0
           299	2025-01-21 11:07:50	1	0	1	0
           271	2025-01-21 11:09:35	1	0	1	0
           387	2025-01-21 11:09:56	1	0	15	0
           400	2025-01-21 11:10:05	1	0	1	0
           278	2025-01-21 11:10:48	1	0	1	0
           385	2025-01-21 11:11:00	1	0	1	0
           400	2025-01-21 11:15:57	1	0	1	0
           355	2025-01-21 11:39:34	1	0	1	0
           382	2025-01-21 11:39:44	1	1	1	0
           398	2025-01-21 11:40:20	1	1	1	0
           212	2025-01-21 11:42:31	1	1	1	0
           397	2025-01-21 11:43:15	1	1	1	0
           353	2025-01-21 11:44:54	1	1	1	0
            67	2025-01-21 11:45:10	1	1	1	0
           369	2025-01-21 11:50:34	1	1	1	0
            36	2025-01-21 12:01:09	1	1	1	0
           426	2025-01-21 12:03:21	1	1	1	0
           273	2025-01-21 12:06:30	1	1	1	0
           304	2025-01-21 12:06:40	1	1	1	0
            76	2025-01-21 12:06:51	1	1	1	0
           354	2025-01-21 12:06:59	1	1	1	0
           302	2025-01-21 12:07:22	1	1	1	0
           305	2025-01-21 12:07:31	1	1	1	0
           340	2025-01-21 12:07:36	1	1	1	0
           383	2025-01-21 12:07:49	1	1	1	0
           299	2025-01-21 12:08:15	1	1	1	0
           238	2025-01-21 12:08:20	1	1	1	0
           278	2025-01-21 12:08:34	1	1	1	0
           385	2025-01-21 12:08:43	1	1	1	0
           292	2025-01-21 12:09:13	1	1	1	0
           397	2025-01-21 12:09:41	1	0	1	0
           115	2025-01-21 12:09:51	1	0	1	0
           271	2025-01-21 12:10:56	1	0	1	0
            21	2025-01-21 12:11:04	1	0	15	0
           426	2025-01-21 12:11:26	1	0	1	0
           382	2025-01-21 12:12:21	1	0	1	0
           408	2025-01-21 12:13:15	1	0	1	0
           360	2025-01-21 12:13:17	1	0	1	0
           119	2025-01-21 12:13:20	1	0	1	0
           111	2025-01-21 12:13:28	1	0	1	0
           345	2025-01-21 12:13:42	1	0	1	0
           343	2025-01-21 12:13:56	1	0	1	0
           428	2025-01-21 12:14:22	1	0	1	0
           266	2025-01-21 12:14:25	1	0	1	0
           129	2025-01-21 12:14:35	1	0	1	0
           344	2025-01-21 12:14:48	1	0	1	0
           427	2025-01-21 12:15:01	1	0	4	0
           243	2025-01-21 12:15:42	1	0	1	0
           355	2025-01-21 12:16:34	1	0	1	0
            71	2025-01-21 12:16:46	1	0	1	0
           245	2025-01-21 12:16:52	1	0	1	0
           265	2025-01-21 12:16:59	1	0	1	0
           304	2025-01-21 12:17:03	1	0	1	0
           273	2025-01-21 12:17:12	1	0	1	0
           359	2025-01-21 12:17:29	1	0	1	0
           405	2025-01-21 12:17:33	1	0	1	0
           419	2025-01-21 12:17:38	1	0	1	0
            61	2025-01-21 12:17:44	1	0	1	0
           331	2025-01-21 12:17:47	1	0	1	0
           365	2025-01-21 12:17:51	1	0	1	0
           404	2025-01-21 12:18:01	1	0	1	0
           115	2025-01-21 12:18:16	1	0	1	0
           418	2025-01-21 12:18:19	1	0	1	0
           292	2025-01-21 12:19:12	1	0	1	0
           287	2025-01-21 12:19:55	1	0	1	0
           263	2025-01-21 12:20:51	1	0	1	0
           352	2025-01-21 12:20:57	1	0	1	0
           241	2025-01-21 12:22:53	1	0	1	0
            61	2025-01-21 12:23:08	1	0	1	0
           212	2025-01-21 12:27:16	1	0	1	0
           255	2025-01-21 12:29:28	1	0	1	0
            63	2025-01-21 12:29:30	1	0	1	0
            67	2025-01-21 12:29:40	1	0	1	0
           332	2025-01-21 12:29:48	1	0	1	0
            87	2025-01-21 12:30:03	1	0	1	0
           387	2025-01-21 12:30:13	1	0	1	0
           129	2025-01-21 12:31:03	1	0	1	0
           244	2025-01-21 12:31:14	1	0	1	0
           352	2025-01-21 12:31:31	1	0	1	0
           383	2025-01-21 12:31:50	1	0	1	0
           305	2025-01-21 12:32:02	1	0	1	0
           344	2025-01-21 12:32:10	1	0	1	0
           369	2025-01-21 12:32:25	1	0	1	0
           399	2025-01-21 12:32:32	1	0	1	0
           353	2025-01-21 12:32:49	1	0	1	0
           287	2025-01-21 12:33:42	1	0	1	0
           301	2025-01-21 12:34:41	1	0	1	0
            21	2025-01-21 12:34:57	1	0	15	0
           376	2025-01-21 12:36:50	1	1	1	0
           402	2025-01-21 12:37:19	1	0	1	0
           361	2025-01-21 12:37:39	1	0	1	0
           314	2025-01-21 12:37:44	1	0	1	0
            87	2025-01-21 12:38:07	1	0	1	0
           340	2025-01-21 12:38:22	1	0	1	0
           264	2025-01-21 12:38:47	1	0	1	0
           119	2025-01-21 12:42:24	1	0	1	0
           343	2025-01-21 12:42:27	1	0	1	0
           428	2025-01-21 12:42:43	1	0	1	0
           345	2025-01-21 12:43:03	1	0	1	0
           360	2025-01-21 12:43:08	1	0	1	0
           255	2025-01-21 12:43:21	1	0	1	0
           111	2025-01-21 12:43:26	1	0	1	0
           264	2025-01-21 12:45:12	1	0	1	0
           239	2025-01-21 12:45:59	1	0	1	0
           359	2025-01-21 12:47:05	1	0	1	0
            71	2025-01-21 12:47:12	1	0	1	0
           354	2025-01-21 12:48:10	1	0	1	0
           374	2025-01-21 12:48:24	1	0	1	0
           404	2025-01-21 12:48:28	1	0	1	0
           365	2025-01-21 12:48:32	1	0	1	0
           331	2025-01-21 12:48:38	1	0	1	0
           418	2025-01-21 12:48:57	1	0	1	0
           419	2025-01-21 12:49:02	1	0	1	0
           266	2025-01-21 12:51:53	1	0	1	0
           415	2025-01-21 12:52:08	1	0	1	0
           263	2025-01-21 12:52:17	1	0	1	0
           332	2025-01-21 12:52:32	1	0	1	0
           402	2025-01-21 12:54:29	1	0	1	0
           374	2025-01-21 12:54:34	1	0	1	0
           376	2025-01-21 12:54:38	1	0	1	0
           405	2025-01-21 12:55:19	1	0	1	0
            63	2025-01-21 12:55:35	1	0	1	0
           236	2025-01-21 13:00:18	1	0	1	0
           249	2025-01-21 13:01:10	1	0	1	0
           427	2025-01-21 13:01:11	1	0	4	0
            76	2025-01-21 13:03:08	1	0	1	0
           301	2025-01-21 13:05:41	1	0	1	0
           408	2025-01-21 13:07:56	1	0	1	0
           398	2025-01-21 13:11:23	1	0	1	0
           286	2025-01-21 15:08:17	1	0	1	0
           400	2025-01-21 16:11:30	1	0	1	0
           353	2025-01-21 16:53:45	1	0	1	0
            71	2025-01-21 17:05:06	1	0	1	0
           359	2025-01-21 17:05:09	1	0	1	0
           361	2025-01-21 17:05:17	1	1	1	0
           401	2025-01-21 17:05:21	1	1	1	0
           428	2025-01-21 17:05:46	1	1	1	0
            58	2025-01-21 17:05:58	1	1	1	0
           332	2025-01-21 17:07:36	1	1	1	0
           335	2025-01-21 17:07:38	1	1	1	0
           344	2025-01-21 17:08:04	1	1	1	0
            67	2025-01-21 17:08:14	1	1	1	0
           382	2025-01-21 17:08:17	1	1	1	0
           426	2025-01-21 17:08:30	1	1	1	0
           265	2025-01-21 17:08:34	1	1	1	0
           398	2025-01-21 17:08:41	1	1	1	0
           331	2025-01-21 17:08:43	1	1	1	0
           365	2025-01-21 17:08:58	1	1	1	0
           383	2025-01-21 17:09:13	1	1	1	0
           387	2025-01-21 17:09:28	1	1	1	0
           340	2025-01-21 17:09:55	1	1	1	0
           371	2025-01-21 17:09:59	1	1	1	0
            61	2025-01-21 17:10:06	1	1	1	0
           376	2025-01-21 17:10:15	1	1	1	0
           271	2025-01-21 17:10:51	1	1	1	0
           385	2025-01-21 17:10:57	1	1	1	0
           402	2025-01-21 17:11:10	1	1	1	0
           427	2025-01-21 17:11:26	1	1	4	0
           379	2025-01-21 17:11:30	1	1	1	0
           405	2025-01-21 17:11:35	1	1	1	0
           360	2025-01-21 17:12:35	1	1	1	0
           292	2025-01-21 17:12:48	1	1	1	0
           238	2025-01-21 17:13:13	1	1	1	0
           299	2025-01-21 17:13:29	1	1	1	0
           239	2025-01-21 17:13:36	1	1	1	0
           236	2025-01-21 17:15:01	1	1	1	0
           301	2025-01-21 17:15:08	1	1	1	0
           354	2025-01-21 17:15:15	1	1	1	0
           419	2025-01-21 17:15:23	1	1	1	0
           418	2025-01-21 17:16:36	1	1	1	0
           374	2025-01-21 17:17:26	1	1	1	0
           245	2025-01-21 17:20:55	1	1	1	0
           404	2025-01-21 17:21:32	1	1	1	0
            21	2025-01-21 17:27:59	1	1	15	0
           304	2025-01-21 17:30:21	1	1	1	0
           273	2025-01-21 17:30:23	1	1	1	0
           263	2025-01-21 17:30:40	1	1	1	0
           287	2025-01-21 17:34:03	1	1	1	0
           266	2025-01-21 17:35:00	1	1	1	0
           408	2025-01-21 17:38:19	1	1	1	0
           243	2025-01-21 17:40:45	1	1	1	0
           264	2025-01-21 17:46:27	1	1	1	0
           369	2025-01-21 18:19:23	1	1	1	0
           399	2025-01-21 18:19:31	1	1	1	0
           415	2025-01-21 18:19:34	1	1	1	0
           345	2025-01-21 18:54:18	1	1	1	0
           111	2025-01-21 18:54:28	1	1	1	0
           119	2025-01-21 18:54:45	1	1	1	0
           115	2025-01-21 19:02:29	1	1	1	0
           271	2025-01-22 06:01:04	1	1	1	0
           385	2025-01-22 06:34:02	1	1	1	0
           299	2025-01-22 06:47:12	1	1	1	0
           238	2025-01-22 06:47:41	1	1	1	0
           351	2025-01-22 06:51:24	1	1	1	0
           278	2025-01-22 06:57:55	1	1	1	0
           387	2025-01-22 06:59:07	1	1	1	0
           302	2025-01-22 07:03:01	1	1	1	0
           239	2025-01-22 07:05:36	1	1	1	0
            83	2025-01-22 07:05:47	1	1	1	0
            58	2025-01-22 07:07:53	1	1	15	0
           236	2025-01-22 07:11:17	1	1	1	0
           376	2025-01-22 07:17:09	1	0	1	0
           397	2025-01-22 07:19:09	1	0	1	0
           234	2025-01-22 07:19:38	1	0	1	0
           123	2025-01-22 07:21:11	1	0	1	0
           399	2025-01-22 07:22:06	1	0	1	0
           371	2025-01-22 07:23:50	1	0	1	0
           241	2025-01-22 07:24:51	1	0	1	0
           382	2025-01-22 07:28:22	1	0	1	0
           111	2025-01-22 07:28:29	1	0	1	0
           221	2025-01-22 07:30:34	1	0	15	0
           212	2025-01-22 07:30:38	1	0	1	0
           398	2025-01-22 07:31:07	1	0	1	0
           340	2025-01-22 07:31:16	1	0	1	0
           369	2025-01-22 07:31:53	1	0	1	0
           427	2025-01-22 07:34:55	1	0	1	0
           360	2025-01-22 07:35:00	1	0	1	0
           400	2025-01-22 07:36:07	1	0	1	0
           383	2025-01-22 07:36:47	1	0	1	0
           305	2025-01-22 07:37:59	1	0	1	0
            63	2025-01-22 07:38:13	1	0	1	0
           287	2025-01-22 07:39:21	1	0	1	0
           344	2025-01-22 07:39:36	1	0	1	0
           374	2025-01-22 07:39:57	1	0	1	0
           428	2025-01-22 07:40:22	1	0	1	0
           404	2025-01-22 07:41:07	1	0	15	0
           304	2025-01-22 07:43:21	1	0	1	0
           273	2025-01-22 07:43:34	1	0	1	0
           245	2025-01-22 07:43:42	1	0	1	0
           415	2025-01-22 07:46:06	1	0	1	0
           426	2025-01-22 07:46:37	1	0	1	0
           402	2025-01-22 07:47:21	1	0	1	0
           365	2025-01-22 07:47:35	1	0	1	0
           408	2025-01-22 07:48:23	1	0	1	0
           264	2025-01-22 07:49:29	1	0	1	0
           345	2025-01-22 07:49:41	1	0	1	0
           314	2025-01-22 07:50:44	1	0	1	0
           265	2025-01-22 07:50:49	1	0	1	0
           419	2025-01-22 07:51:46	1	0	1	0
            76	2025-01-22 07:53:32	1	0	1	0
           226	2025-01-22 07:56:01	1	0	1	0
           343	2025-01-22 07:56:22	1	0	1	0
           292	2025-01-22 07:56:39	1	0	1	0
           418	2025-01-22 07:57:48	1	0	1	0
           263	2025-01-22 08:01:35	1	0	1	0
           129	2025-01-22 08:01:50	1	0	1	0
            21	2025-01-22 08:03:24	1	0	15	0
           354	2025-01-22 08:03:47	1	0	1	0
           243	2025-01-22 08:08:27	1	0	1	0
           332	2025-01-22 08:16:07	1	0	1	0
           118	2025-01-22 08:17:57	1	0	1	0
           119	2025-01-22 08:32:02	1	0	1	0
           405	2025-01-22 08:32:46	1	0	1	0
           301	2025-01-22 09:32:12	1	0	1	0
           262	2025-01-22 09:38:11	1	0	1	0
           385	2025-01-22 11:07:48	1	0	1	0
           278	2025-01-22 11:07:56	1	0	1	0
           239	2025-01-22 11:08:06	1	0	1	0
           400	2025-01-22 11:08:34	1	0	1	0
           238	2025-01-22 11:09:00	1	0	1	0
           236	2025-01-22 11:10:00	1	0	1	0
           271	2025-01-22 11:10:32	1	0	1	0
           400	2025-01-22 11:15:30	1	0	1	0
           299	2025-01-22 11:15:37	1	0	1	0
            58	2025-01-22 11:36:55	1	0	15	0
           397	2025-01-22 11:38:37	1	1	1	0
           398	2025-01-22 11:39:34	1	1	1	0
           212	2025-01-22 11:40:26	1	1	1	0
           371	2025-01-22 11:41:09	1	1	1	0
           382	2025-01-22 11:42:26	1	1	1	0
           244	2025-01-22 11:44:10	1	1	1	0
           399	2025-01-22 11:44:40	1	1	1	0
           353	2025-01-22 11:47:24	1	1	1	0
           369	2025-01-22 11:52:28	1	1	1	0
           305	2025-01-22 11:57:17	1	1	1	0
           383	2025-01-22 12:00:39	1	1	1	0
           129	2025-01-22 12:04:22	1	1	1	0
           332	2025-01-22 12:05:13	1	1	1	0
           303	2025-01-22 12:05:21	1	1	1	0
           427	2025-01-22 12:06:00	1	1	4	0
           418	2025-01-22 12:06:32	1	1	1	0
           314	2025-01-22 12:07:19	1	1	15	0
           361	2025-01-22 12:07:24	1	1	1	0
           426	2025-01-22 12:07:38	1	1	1	0
           292	2025-01-22 12:07:49	1	1	1	0
           241	2025-01-22 12:07:53	1	1	1	0
           304	2025-01-22 12:08:23	1	1	1	0
           273	2025-01-22 12:08:27	1	1	1	0
            76	2025-01-22 12:08:35	1	1	1	0
           302	2025-01-22 12:08:41	1	1	1	0
           118	2025-01-22 12:09:04	1	1	1	0
           382	2025-01-22 12:09:17	1	0	1	0
           419	2025-01-22 12:09:22	1	0	1	0
           278	2025-01-22 12:10:04	1	0	1	0
           360	2025-01-22 12:10:18	1	0	1	0
           408	2025-01-22 12:10:23	1	0	1	0
           119	2025-01-22 12:10:28	1	0	1	0
           385	2025-01-22 12:10:39	1	0	1	0
           271	2025-01-22 12:10:43	1	0	1	0
           340	2025-01-22 12:11:14	1	0	1	0
            63	2025-01-22 12:11:18	1	0	1	0
           301	2025-01-22 12:11:35	1	0	1	0
           243	2025-01-22 12:11:38	1	0	1	0
           344	2025-01-22 12:12:29	1	0	1	0
           397	2025-01-22 12:13:01	1	1	1	0
           428	2025-01-22 12:13:30	1	1	1	0
           226	2025-01-22 12:14:12	1	1	1	0
           262	2025-01-22 12:15:47	1	1	1	0
           287	2025-01-22 12:16:05	1	1	1	0
           212	2025-01-22 12:16:14	1	1	1	0
           302	2025-01-22 12:16:31	1	1	1	0
           383	2025-01-22 12:17:42	1	1	1	0
           238	2025-01-22 12:18:00	1	1	1	0
           404	2025-01-22 12:18:47	1	1	1	0
           331	2025-01-22 12:18:49	1	1	1	0
           365	2025-01-22 12:19:15	1	1	1	0
           292	2025-01-22 12:19:50	1	1	1	0
           402	2025-01-22 12:20:07	1	1	1	0
           332	2025-01-22 12:21:19	1	1	1	0
           426	2025-01-22 12:21:30	1	1	1	0
           305	2025-01-22 12:22:02	1	1	1	0
           427	2025-01-22 12:22:14	1	1	4	0
           118	2025-01-22 12:22:40	1	1	1	0
            76	2025-01-22 12:23:54	1	1	1	0
            71	2025-01-22 12:24:51	1	1	1	0
           359	2025-01-22 12:24:55	1	1	1	0
           263	2025-01-22 12:25:00	1	1	1	0
           405	2025-01-22 12:25:05	1	1	1	0
           129	2025-01-22 12:25:13	1	1	1	0
           299	2025-01-22 12:25:21	1	1	1	0
           343	2025-01-22 12:26:28	1	1	1	0
           255	2025-01-22 12:26:37	1	1	1	0
           265	2025-01-22 12:27:44	1	1	1	0
           245	2025-01-22 12:27:49	1	1	1	0
           374	2025-01-22 12:27:55	1	1	1	0
           226	2025-01-22 12:28:07	1	1	1	0
           287	2025-01-22 12:28:15	1	1	1	0
           344	2025-01-22 12:30:11	1	1	15	0
           398	2025-01-22 12:31:04	1	1	1	0
           304	2025-01-22 12:31:47	1	1	1	0
           419	2025-01-22 12:31:55	1	1	1	0
           273	2025-01-22 12:31:56	1	1	1	0
           236	2025-01-22 12:32:21	1	1	1	0
           376	2025-01-22 12:34:52	1	1	1	0
           244	2025-01-22 12:35:10	1	1	1	0
            87	2025-01-22 12:37:00	1	1	1	0
           428	2025-01-22 12:38:46	1	1	1	0
           408	2025-01-22 12:38:49	1	1	1	0
           119	2025-01-22 12:38:55	1	1	1	0
           360	2025-01-22 12:39:05	1	1	1	0
           365	2025-01-22 12:39:10	1	1	1	0
           331	2025-01-22 12:39:16	1	1	1	0
           404	2025-01-22 12:39:22	1	1	15	0
           369	2025-01-22 12:39:38	1	1	1	0
           415	2025-01-22 12:39:50	1	0	1	0
            63	2025-01-22 12:39:57	1	0	1	0
           340	2025-01-22 12:40:15	1	0	1	0
           352	2025-01-22 12:41:00	1	0	1	0
           264	2025-01-22 12:41:53	1	0	1	0
           265	2025-01-22 12:42:52	1	0	1	0
           245	2025-01-22 12:42:57	1	0	1	0
           374	2025-01-22 12:43:04	1	0	1	0
            87	2025-01-22 12:43:44	1	0	1	0
           301	2025-01-22 12:46:40	1	0	1	0
           111	2025-01-22 12:47:32	1	0	1	0
            71	2025-01-22 12:47:47	1	0	1	0
           418	2025-01-22 12:47:55	1	0	1	0
           402	2025-01-22 12:48:08	1	0	1	0
           405	2025-01-22 12:48:11	1	0	1	0
           243	2025-01-22 12:49:26	1	0	1	0
            83	2025-01-22 12:49:40	1	0	1	0
           239	2025-01-22 12:50:06	1	0	1	0
           345	2025-01-22 12:50:38	1	0	1	0
           376	2025-01-22 12:51:15	1	0	1	0
           264	2025-01-22 12:51:23	1	0	1	0
           266	2025-01-22 12:53:10	1	0	1	0
           354	2025-01-22 12:58:04	1	0	1	0
           263	2025-01-22 12:58:54	1	0	1	0
           298	2025-01-22 13:39:38	1	0	1	0
           286	2025-01-22 14:56:22	1	0	1	0
           351	2025-01-22 15:07:32	1	0	1	0
           123	2025-01-22 15:18:47	1	0	1	0
           298	2025-01-22 16:08:27	1	0	1	0
           353	2025-01-22 16:41:01	1	0	1	0
            58	2025-01-22 17:07:11	1	0	1	0
           361	2025-01-22 17:07:15	1	0	1	0
           397	2025-01-22 17:07:24	1	0	1	0
           314	2025-01-22 17:07:27	1	0	1	0
            71	2025-01-22 17:07:36	1	0	1	0
           331	2025-01-22 17:07:42	1	0	1	0
           332	2025-01-22 17:07:55	1	0	1	0
           129	2025-01-22 17:07:57	1	0	1	0
           365	2025-01-22 17:08:24	1	0	1	0
           278	2025-01-22 17:08:32	1	0	1	0
           212	2025-01-22 17:08:45	1	0	1	0
           385	2025-01-22 17:09:01	1	0	1	0
           344	2025-01-22 17:09:07	1	0	1	0
            61	2025-01-22 17:09:29	1	0	1	0
           118	2025-01-22 17:09:37	1	0	1	0
           271	2025-01-22 17:10:09	1	0	1	0
           382	2025-01-22 17:10:28	1	1	1	0
           405	2025-01-22 17:10:32	1	1	1	0
           376	2025-01-22 17:10:51	1	1	1	0
           374	2025-01-22 17:10:54	1	1	1	0
           402	2025-01-22 17:11:08	1	1	1	0
           398	2025-01-22 17:11:12	1	1	1	0
           241	2025-01-22 17:11:32	1	1	1	0
           427	2025-01-22 17:12:30	1	1	4	0
           428	2025-01-22 17:12:34	1	1	1	0
           236	2025-01-22 17:13:04	1	1	1	0
           340	2025-01-22 17:14:09	1	1	1	0
           408	2025-01-22 17:14:11	1	1	1	0
           383	2025-01-22 17:14:21	1	1	1	0
           360	2025-01-22 17:14:53	1	1	1	0
           354	2025-01-22 17:14:58	1	1	1	0
           418	2025-01-22 17:16:33	1	1	1	0
           419	2025-01-22 17:16:40	1	1	1	0
           273	2025-01-22 17:17:43	1	1	1	0
           245	2025-01-22 17:17:53	1	1	1	0
            87	2025-01-22 17:18:03	1	1	1	0
           343	2025-01-22 17:18:27	1	1	1	0
           265	2025-01-22 17:18:56	1	1	1	0
           287	2025-01-22 17:19:10	1	1	1	0
           226	2025-01-22 17:19:23	1	1	1	0
           345	2025-01-22 17:19:46	1	1	1	0
           239	2025-01-22 17:20:36	1	1	1	0
           299	2025-01-22 17:20:50	1	1	1	0
           238	2025-01-22 17:22:28	1	1	1	0
           404	2025-01-22 17:27:06	1	1	1	0
           263	2025-01-22 17:31:01	1	1	1	0
           305	2025-01-22 17:31:11	1	1	1	0
           264	2025-01-22 17:38:52	1	1	1	0
           266	2025-01-22 17:56:27	1	1	1	0
           304	2025-01-22 18:15:03	1	1	1	0
           111	2025-01-22 18:18:56	1	1	1	0
           243	2025-01-22 18:20:17	1	1	1	0
           119	2025-01-22 19:01:19	1	1	1	0
           415	2025-01-22 19:33:52	1	1	1	0
           369	2025-01-22 19:33:57	1	1	1	0
           399	2025-01-22 19:34:08	1	1	1	0
           292	2025-01-22 20:18:28	1	1	1	0
            88	2025-01-22 22:46:59	1	1	1	0
           286	2025-01-22 23:07:02	1	1	1	0
           271	2025-01-23 06:16:13	1	1	1	0
           299	2025-01-23 06:52:59	1	1	1	0
           238	2025-01-23 06:53:36	1	1	1	0
           351	2025-01-23 06:56:45	1	1	1	0
           239	2025-01-23 07:00:14	1	1	1	0
            58	2025-01-23 07:02:59	1	1	15	0
           236	2025-01-23 07:05:25	1	1	1	0
           387	2025-01-23 07:05:42	1	1	1	0
           278	2025-01-23 07:07:20	1	1	1	0
           397	2025-01-23 07:13:34	1	1	1	0
           241	2025-01-23 07:14:41	1	1	1	0
           302	2025-01-23 07:18:38	1	1	1	0
           255	2025-01-23 07:18:48	1	1	1	0
           371	2025-01-23 07:19:59	1	1	1	0
            87	2025-01-23 07:20:34	1	1	1	0
           361	2025-01-23 07:20:42	1	1	1	0
           398	2025-01-23 07:20:52	1	0	1	0
           340	2025-01-23 07:20:59	1	0	1	0
           404	2025-01-23 07:21:05	1	0	1	0
           331	2025-01-23 07:21:11	1	0	1	0
           345	2025-01-23 07:21:21	1	0	1	0
            67	2025-01-23 07:25:20	1	0	1	0
           234	2025-01-23 07:26:31	1	0	1	0
           382	2025-01-23 07:28:13	1	0	1	0
           265	2025-01-23 07:32:24	1	0	1	0
           266	2025-01-23 07:32:27	1	0	1	0
           115	2025-01-23 07:33:06	1	0	1	0
           427	2025-01-23 07:33:29	1	0	4	0
           369	2025-01-23 07:34:27	1	0	1	0
           376	2025-01-23 07:35:17	1	0	1	0
           287	2025-01-23 07:38:38	1	0	1	0
           304	2025-01-23 07:39:12	1	0	1	0
           415	2025-01-23 07:41:24	1	0	1	0
           399	2025-01-23 07:41:27	1	0	1	0
           301	2025-01-23 07:44:10	1	0	1	0
           400	2025-01-23 07:46:27	1	0	1	0
           332	2025-01-23 07:48:22	1	0	1	0
           428	2025-01-23 07:48:31	1	0	1	0
           245	2025-01-23 07:48:34	1	0	1	0
           402	2025-01-23 07:48:36	1	0	1	0
           360	2025-01-23 07:48:47	1	0	1	0
           386	2025-01-23 07:48:56	1	0	1	0
           352	2025-01-23 07:49:03	1	0	1	0
           111	2025-01-23 07:50:09	1	0	1	0
           374	2025-01-23 07:50:33	1	0	1	0
           359	2025-01-23 07:51:27	1	0	1	0
           408	2025-01-23 07:51:54	1	0	1	0
           426	2025-01-23 07:53:40	1	0	1	0
           226	2025-01-23 07:54:37	1	0	1	0
           353	2025-01-23 07:55:27	1	0	1	0
           383	2025-01-23 07:57:17	1	0	1	0
            63	2025-01-23 07:57:26	1	0	1	0
           262	2025-01-23 07:59:10	1	0	1	0
           264	2025-01-23 07:59:20	1	0	1	0
           419	2025-01-23 07:59:36	1	0	1	0
           231	2025-01-23 08:00:01	1	0	1	0
           418	2025-01-23 08:00:18	1	0	1	0
           292	2025-01-23 08:00:53	1	0	1	0
           365	2025-01-23 08:02:35	1	0	1	0
            76	2025-01-23 08:03:43	1	0	1	0
           118	2025-01-23 08:04:50	1	0	1	0
           263	2025-01-23 08:12:09	1	0	1	0
           243	2025-01-23 08:19:08	1	0	1	0
           129	2025-01-23 08:20:34	1	0	1	0
            71	2025-01-23 08:22:48	1	0	1	0
           405	2025-01-23 08:44:19	1	0	1	0
           119	2025-01-23 08:50:01	1	0	1	0
           400	2025-01-23 11:08:40	1	0	1	0
           271	2025-01-23 11:10:14	1	0	1	0
           278	2025-01-23 11:10:36	1	0	1	0
           385	2025-01-23 11:10:47	1	0	1	0
           387	2025-01-23 11:10:55	1	0	1	0
           299	2025-01-23 11:13:05	1	0	1	0
           238	2025-01-23 11:13:18	1	0	1	0
           239	2025-01-23 11:14:18	1	0	1	0
           400	2025-01-23 11:19:32	1	0	1	0
           371	2025-01-23 11:36:59	1	0	1	0
            58	2025-01-23 11:37:54	1	0	15	0
           382	2025-01-23 11:38:25	1	0	1	0
           397	2025-01-23 11:39:57	1	1	1	0
           398	2025-01-23 11:44:07	1	1	1	0
           399	2025-01-23 11:47:26	1	1	1	0
           369	2025-01-23 11:47:46	1	1	1	0
           417	2025-01-23 11:50:20	1	1	1	0
           129	2025-01-23 12:00:40	1	1	1	0
           231	2025-01-23 12:01:28	1	1	1	0
           305	2025-01-23 12:05:30	1	1	1	0
           428	2025-01-23 12:07:31	1	1	1	0
           266	2025-01-23 12:07:36	1	1	1	0
           119	2025-01-23 12:07:41	1	1	1	0
           118	2025-01-23 12:07:50	1	1	1	0
           353	2025-01-23 12:07:54	1	1	1	0
           264	2025-01-23 12:07:56	1	1	1	0
           310	2025-01-23 12:08:06	1	1	1	0
           226	2025-01-23 12:08:09	1	1	1	0
           383	2025-01-23 12:08:32	1	1	1	0
           345	2025-01-23 12:08:35	1	1	1	0
            61	2025-01-23 12:08:37	1	1	1	0
           287	2025-01-23 12:08:46	1	1	1	0
           343	2025-01-23 12:08:54	1	1	1	0
           278	2025-01-23 12:09:01	1	1	1	0
           385	2025-01-23 12:09:08	1	1	1	0
           292	2025-01-23 12:09:16	1	1	1	0
           255	2025-01-23 12:09:31	1	1	1	0
           299	2025-01-23 12:09:38	1	1	1	0
            67	2025-01-23 12:10:06	1	1	1	0
           115	2025-01-23 12:10:12	1	1	1	0
           238	2025-01-23 12:10:26	1	1	1	0
           304	2025-01-23 12:10:28	1	1	1	0
           273	2025-01-23 12:10:32	1	1	1	0
           354	2025-01-23 12:10:36	1	1	1	0
           230	2025-01-23 12:10:40	1	1	1	0
           241	2025-01-23 12:10:44	1	1	1	0
            63	2025-01-23 12:10:48	1	1	1	0
           340	2025-01-23 12:10:51	1	1	1	0
           415	2025-01-23 12:11:03	1	1	1	0
           404	2025-01-23 12:11:18	1	1	1	0
           402	2025-01-23 12:11:28	1	1	1	0
           408	2025-01-23 12:11:34	1	1	1	0
           360	2025-01-23 12:11:42	1	1	1	0
           419	2025-01-23 12:12:03	1	1	1	0
           427	2025-01-23 12:12:04	1	1	4	0
           418	2025-01-23 12:12:27	1	1	1	0
            76	2025-01-23 12:12:31	1	1	1	0
           332	2025-01-23 12:13:15	1	1	1	0
           426	2025-01-23 12:14:23	1	1	1	0
           365	2025-01-23 12:14:32	1	1	1	0
           331	2025-01-23 12:14:41	1	1	1	0
           361	2025-01-23 12:15:05	1	1	1	0
           371	2025-01-23 12:15:31	1	1	1	0
            61	2025-01-23 12:15:48	1	1	1	0
           264	2025-01-23 12:16:23	1	1	1	0
           353	2025-01-23 12:16:25	1	1	1	0
           305	2025-01-23 12:16:30	1	1	1	0
           359	2025-01-23 12:16:34	1	1	1	0
            71	2025-01-23 12:16:41	1	1	1	0
           383	2025-01-23 12:16:49	1	1	1	0
           118	2025-01-23 12:17:06	1	1	1	0
           405	2025-01-23 12:17:25	1	1	1	0
           292	2025-01-23 12:18:04	1	1	1	0
           287	2025-01-23 12:18:40	1	1	1	0
           271	2025-01-23 12:19:02	1	1	1	0
           244	2025-01-23 12:19:46	1	1	1	0
           245	2025-01-23 12:20:00	1	1	1	0
           265	2025-01-23 12:20:11	1	1	1	0
           386	2025-01-23 12:20:24	1	1	1	0
           129	2025-01-23 12:20:53	1	1	1	0
           302	2025-01-23 12:21:59	1	1	1	0
           241	2025-01-23 12:22:14	1	1	1	0
           354	2025-01-23 12:22:23	1	1	1	0
           304	2025-01-23 12:22:29	1	1	1	0
           273	2025-01-23 12:22:31	1	1	1	0
            67	2025-01-23 12:22:39	1	1	1	0
           263	2025-01-23 12:23:09	1	1	1	0
            87	2025-01-23 12:25:12	1	1	1	0
           230	2025-01-23 12:25:22	1	1	1	0
           417	2025-01-23 12:25:28	1	1	1	0
           426	2025-01-23 12:25:52	1	1	1	0
           408	2025-01-23 12:27:52	1	1	1	0
           119	2025-01-23 12:28:09	1	1	1	0
           310	2025-01-23 12:28:13	1	1	1	0
           262	2025-01-23 12:28:18	1	1	1	0
           428	2025-01-23 12:28:30	1	1	1	0
           340	2025-01-23 12:28:38	1	1	1	0
           332	2025-01-23 12:29:28	1	1	1	0
           360	2025-01-23 12:29:34	1	1	1	0
            76	2025-01-23 12:29:38	1	1	1	0
           255	2025-01-23 12:29:47	1	1	1	0
           343	2025-01-23 12:29:50	1	1	1	0
           402	2025-01-23 12:30:15	1	1	1	0
           314	2025-01-23 12:30:22	1	1	1	0
           361	2025-01-23 12:30:28	1	1	1	0
           382	2025-01-23 12:30:40	1	0	1	0
           345	2025-01-23 12:31:03	1	0	1	0
           376	2025-01-23 12:31:50	1	0	1	0
           245	2025-01-23 12:32:42	1	0	1	0
           265	2025-01-23 12:32:44	1	0	1	0
           115	2025-01-23 12:32:52	1	0	1	0
           419	2025-01-23 12:35:24	1	0	1	0
           301	2025-01-23 12:35:37	1	0	1	0
           404	2025-01-23 12:35:41	1	0	1	0
           331	2025-01-23 12:35:45	1	0	1	0
           365	2025-01-23 12:35:56	1	0	1	0
           415	2025-01-23 12:36:10	1	0	1	0
           386	2025-01-23 12:36:22	1	0	1	0
           369	2025-01-23 12:36:28	1	0	1	0
           399	2025-01-23 12:36:49	1	0	1	0
           374	2025-01-23 12:37:23	1	0	1	0
           243	2025-01-23 12:37:34	1	0	1	0
           418	2025-01-23 12:39:40	1	0	1	0
           427	2025-01-23 12:41:27	1	0	4	0
            63	2025-01-23 12:48:30	1	0	1	0
           234	2025-01-23 12:50:49	1	0	1	0
           405	2025-01-23 12:52:39	1	0	1	0
            71	2025-01-23 12:52:49	1	0	1	0
           374	2025-01-23 12:55:56	1	0	1	0
           376	2025-01-23 12:56:01	1	0	1	0
            36	2025-01-23 12:57:16	1	0	1	0
           266	2025-01-23 12:57:19	1	0	1	0
           398	2025-01-23 12:57:29	1	0	1	0
           352	2025-01-23 12:58:11	1	0	1	0
            58	2025-01-23 12:58:22	1	0	15	0
           236	2025-01-23 13:02:00	1	0	1	0
           286	2025-01-23 15:02:52	1	0	15	0
           351	2025-01-23 15:15:22	1	0	1	0
           400	2025-01-23 16:21:46	1	0	1	0
           353	2025-01-23 16:51:11	1	0	1	0
           359	2025-01-23 17:03:40	1	0	1	0
            71	2025-01-23 17:04:09	1	0	1	0
           302	2025-01-23 17:07:10	1	0	1	0
            67	2025-01-23 17:07:12	1	0	1	0
           397	2025-01-23 17:07:27	1	0	1	0
           332	2025-01-23 17:07:34	1	0	1	0
           303	2025-01-23 17:07:38	1	0	1	0
           278	2025-01-23 17:07:45	1	0	1	0
           405	2025-01-23 17:08:02	1	0	1	0
           239	2025-01-23 17:08:21	1	0	1	0
           354	2025-01-23 17:08:41	1	0	1	0
           426	2025-01-23 17:08:43	1	0	1	0
            58	2025-01-23 17:08:47	1	0	1	0
           398	2025-01-23 17:08:50	1	0	1	0
           376	2025-01-23 17:09:09	1	0	1	0
           241	2025-01-23 17:09:11	1	0	1	0
           305	2025-01-23 17:09:17	1	0	1	0
           310	2025-01-23 17:09:42	1	0	1	0
           428	2025-01-23 17:09:46	1	0	1	0
           419	2025-01-23 17:10:32	1	0	1	0
           402	2025-01-23 17:10:49	1	0	1	0
           383	2025-01-23 17:10:56	1	0	1	0
           417	2025-01-23 17:11:12	1	0	1	0
           236	2025-01-23 17:11:23	1	0	1	0
           299	2025-01-23 17:11:59	1	0	1	0
           385	2025-01-23 17:12:09	1	0	1	0
           340	2025-01-23 17:12:18	1	0	1	0
            63	2025-01-23 17:12:52	1	0	1	0
           387	2025-01-23 17:13:05	1	0	1	0
           408	2025-01-23 17:13:10	1	0	1	0
           382	2025-01-23 17:13:30	1	1	1	0
           386	2025-01-23 17:14:19	1	1	1	0
           374	2025-01-23 17:16:11	1	1	1	0
           118	2025-01-23 17:18:53	1	1	1	0
           301	2025-01-23 17:20:11	1	1	1	0
           273	2025-01-23 17:20:23	1	1	1	0
           245	2025-01-23 17:20:45	1	1	1	0
           243	2025-01-23 17:20:56	1	1	1	0
           427	2025-01-23 17:21:05	1	1	1	0
           255	2025-01-23 17:21:32	1	1	1	0
           265	2025-01-23 17:22:00	1	1	1	0
           365	2025-01-23 17:22:03	1	1	1	0
           331	2025-01-23 17:22:08	1	1	1	0
            76	2025-01-23 17:22:32	1	1	1	0
           404	2025-01-23 17:24:42	1	1	1	0
           343	2025-01-23 17:25:19	1	1	15	0
           304	2025-01-23 17:26:02	1	1	1	0
           360	2025-01-23 17:28:19	1	1	1	0
           129	2025-01-23 17:34:15	1	1	1	0
           369	2025-01-23 17:34:46	1	1	1	0
           264	2025-01-23 17:37:46	1	1	1	0
           371	2025-01-23 17:41:34	1	1	1	0
           230	2025-01-23 17:48:28	1	1	1	0
           271	2025-01-23 18:10:16	1	1	1	0
           266	2025-01-23 18:13:52	1	1	1	0
           226	2025-01-23 18:17:38	1	1	1	0
           287	2025-01-23 18:17:47	1	1	1	0
           415	2025-01-23 18:54:51	1	1	1	0
           292	2025-01-23 18:59:35	1	1	1	0
           119	2025-01-23 19:17:13	1	1	1	0
           262	2025-01-23 19:20:21	1	1	1	0
           345	2025-01-23 19:20:25	1	1	1	0
           115	2025-01-23 21:44:15	1	1	1	0
           129	2025-01-24 05:25:37	1	1	1	0
            83	2025-01-24 05:46:05	1	1	1	0
           271	2025-01-24 06:10:46	1	1	1	0
           385	2025-01-24 06:25:37	1	1	1	0
            87	2025-01-24 06:40:59	1	1	1	0
           278	2025-01-24 06:50:16	1	1	1	0
           387	2025-01-24 06:50:42	1	1	1	0
           239	2025-01-24 06:52:22	1	1	1	0
           299	2025-01-24 06:55:41	1	1	1	0
           238	2025-01-24 06:55:59	1	1	1	0
           351	2025-01-24 07:01:19	1	1	1	0
           212	2025-01-24 07:12:27	1	1	1	0
           236	2025-01-24 07:13:33	1	1	1	0
           264	2025-01-24 07:18:08	1	1	1	0
           369	2025-01-24 07:19:09	1	1	1	0
           397	2025-01-24 07:24:12	1	1	1	0
           417	2025-01-24 07:24:22	1	1	1	0
           331	2025-01-24 07:24:36	1	1	1	0
            58	2025-01-24 07:24:57	1	1	15	0
           241	2025-01-24 07:27:08	1	1	1	0
           382	2025-01-24 07:30:22	1	1	1	0
           303	2025-01-24 07:30:26	1	1	1	0
           287	2025-01-24 07:30:48	1	1	1	0
           345	2025-01-24 07:31:37	1	1	1	0
           266	2025-01-24 07:31:49	1	1	1	0
           340	2025-01-24 07:32:13	1	1	1	0
           115	2025-01-24 07:32:36	1	1	1	0
           361	2025-01-24 07:33:33	1	1	1	0
            36	2025-01-24 07:37:45	1	1	1	0
           376	2025-01-24 07:38:15	1	0	1	0
           399	2025-01-24 07:38:31	1	0	1	0
           353	2025-01-24 07:38:36	1	0	1	0
           427	2025-01-24 07:40:20	1	0	1	0
           404	2025-01-24 07:41:36	1	0	1	0
           265	2025-01-24 07:42:32	1	0	1	0
           304	2025-01-24 07:44:02	1	0	1	0
            30	2025-01-24 07:45:28	1	0	1	0
           314	2025-01-24 07:45:39	1	0	1	0
           426	2025-01-24 07:45:42	1	0	1	0
           400	2025-01-24 07:45:51	1	0	1	0
            67	2025-01-24 07:45:57	1	0	1	0
           301	2025-01-24 07:46:07	1	0	1	0
           273	2025-01-24 07:46:27	1	0	1	0
           374	2025-01-24 07:47:36	1	0	1	0
           114	2025-01-24 07:48:02	1	0	1	0
           428	2025-01-24 07:48:15	1	0	1	0
           231	2025-01-24 07:48:33	1	0	1	0
           402	2025-01-24 07:50:23	1	0	1	0
           245	2025-01-24 07:53:10	1	0	1	0
           111	2025-01-24 07:56:45	1	0	1	0
            21	2025-01-24 07:57:49	1	0	15	0
            76	2025-01-24 07:58:01	1	0	1	0
           332	2025-01-24 07:58:31	1	0	1	0
           418	2025-01-24 07:59:39	1	0	1	0
           243	2025-01-24 08:00:11	1	0	1	0
           292	2025-01-24 08:00:44	1	0	1	0
           383	2025-01-24 08:01:28	1	0	1	0
           359	2025-01-24 08:01:38	1	0	1	0
           415	2025-01-24 08:03:13	1	0	1	0
            71	2025-01-24 08:05:34	1	0	1	0
           235	2025-01-24 08:05:57	1	0	1	0
           310	2025-01-24 08:07:31	1	0	1	0
           263	2025-01-24 08:13:10	1	0	1	0
           354	2025-01-24 08:14:52	1	0	1	0
           343	2025-01-24 08:32:39	1	0	1	0
           118	2025-01-24 08:49:50	1	0	1	0
           119	2025-01-24 08:58:40	1	0	1	0
           387	2025-01-24 11:08:29	1	0	1	0
           385	2025-01-24 11:08:42	1	0	1	0
           278	2025-01-24 11:08:50	1	0	1	0
           236	2025-01-24 11:08:58	1	0	1	0
           299	2025-01-24 11:09:36	1	0	1	0
           400	2025-01-24 11:10:16	1	0	1	0
           238	2025-01-24 11:10:55	1	0	1	0
           400	2025-01-24 11:17:54	1	0	1	0
           239	2025-01-24 11:21:13	1	0	1	0
           382	2025-01-24 11:37:34	1	1	1	0
           397	2025-01-24 11:37:39	1	1	1	0
           212	2025-01-24 11:37:50	1	1	1	0
           417	2025-01-24 11:44:05	1	1	1	0
            58	2025-01-24 11:44:42	1	1	1	0
           399	2025-01-24 11:54:11	1	1	1	0
           369	2025-01-24 11:54:21	1	1	1	0
            67	2025-01-24 12:04:29	1	1	1	0
           426	2025-01-24 12:07:11	1	1	1	0
           243	2025-01-24 12:07:16	1	1	1	0
           332	2025-01-24 12:07:57	1	1	1	0
           343	2025-01-24 12:08:04	1	1	1	0
           273	2025-01-24 12:08:47	1	1	1	0
           304	2025-01-24 12:08:53	1	1	1	0
           212	2025-01-24 12:09:02	1	1	1	0
           386	2025-01-24 12:09:14	1	1	1	0
           382	2025-01-24 12:09:22	1	0	1	0
           235	2025-01-24 12:09:28	1	0	1	0
           404	2025-01-24 12:09:52	1	0	1	0
           354	2025-01-24 12:10:45	1	0	1	0
           266	2025-01-24 12:10:51	1	0	1	0
            67	2025-01-24 12:10:58	1	0	1	0
           241	2025-01-24 12:12:23	1	0	1	0
           383	2025-01-24 12:12:36	1	0	1	0
           314	2025-01-24 12:12:51	1	0	1	0
           361	2025-01-24 12:12:55	1	0	1	0
           428	2025-01-24 12:13:04	1	0	1	0
           278	2025-01-24 12:13:14	1	0	1	0
           385	2025-01-24 12:13:26	1	0	1	0
           387	2025-01-24 12:13:34	1	0	1	0
           271	2025-01-24 12:13:40	1	0	1	0
           397	2025-01-24 12:14:12	1	0	1	0
           115	2025-01-24 12:14:17	1	0	1	0
           417	2025-01-24 12:15:08	1	0	1	0
           265	2025-01-24 12:15:28	1	0	1	0
           245	2025-01-24 12:15:37	1	0	1	0
            63	2025-01-24 12:16:02	1	0	1	0
           415	2025-01-24 12:16:29	1	0	1	0
           287	2025-01-24 12:16:56	1	0	1	0
           426	2025-01-24 12:17:17	1	0	1	0
           264	2025-01-24 12:17:26	1	0	1	0
           340	2025-01-24 12:18:29	1	0	1	0
           255	2025-01-24 12:18:46	1	0	1	0
            71	2025-01-24 12:18:50	1	0	1	0
           332	2025-01-24 12:18:56	1	0	1	0
           359	2025-01-24 12:19:00	1	0	1	0
           262	2025-01-24 12:19:03	1	0	1	0
           119	2025-01-24 12:19:15	1	0	1	0
           231	2025-01-24 12:19:23	1	0	1	0
           111	2025-01-24 12:19:36	1	0	1	0
           305	2025-01-24 12:19:39	1	0	1	0
           343	2025-01-24 12:19:48	1	0	1	0
           263	2025-01-24 12:20:07	1	0	1	0
           118	2025-01-24 12:20:20	1	0	1	0
           304	2025-01-24 12:21:25	1	0	1	0
           273	2025-01-24 12:21:33	1	0	1	0
           299	2025-01-24 12:22:10	1	0	1	0
           238	2025-01-24 12:22:15	1	0	1	0
           243	2025-01-24 12:22:29	1	0	1	0
           404	2025-01-24 12:23:08	1	0	1	0
           314	2025-01-24 12:23:10	1	0	1	0
           418	2025-01-24 12:23:38	1	0	1	0
            76	2025-01-24 12:24:13	1	0	1	0
           427	2025-01-24 12:24:18	1	0	4	0
           353	2025-01-24 12:24:34	1	0	1	0
           115	2025-01-24 12:25:06	1	0	1	0
           264	2025-01-24 12:25:57	1	0	1	0
           265	2025-01-24 12:26:16	1	0	1	0
           245	2025-01-24 12:26:20	1	0	1	0
           287	2025-01-24 12:26:44	1	0	1	0
           263	2025-01-24 12:26:53	1	0	1	0
           118	2025-01-24 12:27:18	1	0	1	0
           383	2025-01-24 12:27:55	1	0	1	0
           305	2025-01-24 12:28:01	1	0	1	0
           402	2025-01-24 12:30:58	1	0	1	0
           262	2025-01-24 12:33:07	1	0	1	0
           255	2025-01-24 12:33:15	1	0	1	0
           292	2025-01-24 12:33:23	1	0	1	0
           374	2025-01-24 12:33:38	1	0	1	0
           359	2025-01-24 12:34:57	1	0	1	0
           241	2025-01-24 12:35:39	1	0	1	0
           376	2025-01-24 12:36:08	1	0	1	0
            76	2025-01-24 12:36:13	1	0	1	0
           301	2025-01-24 12:36:16	1	0	1	0
           418	2025-01-24 12:36:47	1	0	1	0
           428	2025-01-24 12:37:05	1	0	1	0
           266	2025-01-24 12:37:55	1	0	1	0
           427	2025-01-24 12:38:04	1	0	4	0
           402	2025-01-24 12:38:16	1	0	1	0
           231	2025-01-24 12:39:46	1	0	1	0
            63	2025-01-24 12:40:17	1	0	1	0
           340	2025-01-24 12:41:35	1	0	1	0
           415	2025-01-24 12:45:07	1	0	1	0
           292	2025-01-24 12:48:57	1	0	1	0
           301	2025-01-24 12:57:43	1	0	1	0
            58	2025-01-24 12:57:49	1	0	1	0
           354	2025-01-24 12:59:25	1	0	1	0
           374	2025-01-24 12:59:56	1	0	1	0
           236	2025-01-24 13:00:47	1	0	1	0
           239	2025-01-24 13:00:58	1	0	1	0
           334	2025-01-24 13:02:31	1	0	1	0
            71	2025-01-24 13:16:31	1	0	1	0
           119	2025-01-24 13:20:45	1	0	1	0
           286	2025-01-24 15:02:53	1	0	1	0
           351	2025-01-24 15:08:54	1	0	1	0
           243	2025-01-24 15:37:53	1	0	1	0
           400	2025-01-24 16:08:26	1	0	1	0
            71	2025-01-24 17:05:06	1	0	1	0
           359	2025-01-24 17:05:19	1	0	1	0
           332	2025-01-24 17:06:02	1	0	1	0
            67	2025-01-24 17:06:33	1	0	1	0
           345	2025-01-24 17:07:54	1	0	1	0
           340	2025-01-24 17:08:06	1	0	1	0
           278	2025-01-24 17:08:38	1	0	1	0
           212	2025-01-24 17:08:43	1	0	1	0
           376	2025-01-24 17:08:52	1	0	1	0
           385	2025-01-24 17:09:10	1	0	1	0
           271	2025-01-24 17:09:18	1	0	1	0
           239	2025-01-24 17:09:35	1	0	1	0
           397	2025-01-24 17:09:42	1	0	1	0
           255	2025-01-24 17:09:57	1	0	1	0
           265	2025-01-24 17:10:11	1	0	1	0
           404	2025-01-24 17:10:17	1	0	1	0
            61	2025-01-24 17:10:26	1	0	1	0
           402	2025-01-24 17:10:33	1	0	1	0
           305	2025-01-24 17:10:35	1	0	1	0
           374	2025-01-24 17:10:39	1	0	1	0
           244	2025-01-24 17:10:47	1	0	1	0
           418	2025-01-24 17:10:56	1	0	1	0
           241	2025-01-24 17:11:07	1	0	1	0
            58	2025-01-24 17:11:26	1	0	1	0
           343	2025-01-24 17:11:37	1	0	1	0
            76	2025-01-24 17:12:03	1	0	1	0
           354	2025-01-24 17:12:21	1	0	1	0
           399	2025-01-24 17:12:34	1	0	1	0
           382	2025-01-24 17:12:53	1	0	1	0
           314	2025-01-24 17:12:56	1	0	1	0
           427	2025-01-24 17:13:00	1	0	4	0
           118	2025-01-24 17:13:14	1	0	1	0
            63	2025-01-24 17:13:20	1	0	1	0
           383	2025-01-24 17:14:01	1	0	1	0
           119	2025-01-24 17:16:12	1	0	1	0
           238	2025-01-24 17:16:44	1	0	1	0
           299	2025-01-24 17:16:53	1	0	1	0
           301	2025-01-24 17:23:14	1	0	1	0
           115	2025-01-24 17:23:24	1	0	1	0
           245	2025-01-24 17:25:51	1	0	1	0
           353	2025-01-24 17:34:43	1	0	1	0
            87	2025-01-24 17:37:12	1	0	1	0
           273	2025-01-24 17:39:19	1	0	1	0
           236	2025-01-24 17:40:09	1	0	1	0
           263	2025-01-24 17:42:34	1	0	1	0
            76	2025-01-24 17:43:17	1	0	1	0
           231	2025-01-24 17:49:01	1	0	1	0
           292	2025-01-24 17:49:18	1	0	1	0
           417	2025-01-24 17:57:01	1	0	1	0
           287	2025-01-24 18:01:24	1	0	1	0
           266	2025-01-24 18:11:04	1	0	1	0
           304	2025-01-24 18:26:18	1	0	1	0
           415	2025-01-24 19:31:18	1	0	1	0
           369	2025-01-24 19:31:21	1	0	1	0
           252	2025-01-24 19:31:26	1	0	1	0
           351	2025-01-25 06:55:04	1	0	1	0
           123	2025-01-25 07:12:21	1	0	1	0
           351	2025-01-25 15:07:30	1	0	1	0
           351	2025-01-26 07:02:47	1	0	1	0
           123	2025-01-26 07:07:17	1	0	1	0
           351	2025-01-26 15:07:59	1	0	1	0
            83	2025-01-27 04:53:42	1	0	1	0
           271	2025-01-27 06:10:32	1	0	1	0
           385	2025-01-27 06:17:21	1	0	1	0
           387	2025-01-27 06:44:52	1	0	1	0
           419	2025-01-27 06:51:57	1	0	1	0
           236	2025-01-27 06:54:26	1	0	1	0
           404	2025-01-27 06:54:42	1	0	1	0
           299	2025-01-27 06:56:02	1	0	1	0
           238	2025-01-27 06:56:19	1	0	1	0
           286	2025-01-27 06:58:23	1	0	1	0
           123	2025-01-27 06:59:44	1	0	1	0
           302	2025-01-27 07:00:10	1	0	1	0
            58	2025-01-27 07:01:30	1	0	15	0
            87	2025-01-27 07:07:47	1	0	1	0
           212	2025-01-27 07:09:44	1	0	1	0
           397	2025-01-27 07:09:47	1	0	1	0
           398	2025-01-27 07:12:24	1	0	1	0
           340	2025-01-27 07:12:37	1	0	1	0
           331	2025-01-27 07:13:08	1	0	1	0
           417	2025-01-27 07:15:57	1	0	1	0
            64	2025-01-27 07:16:23	1	0	1	0
           376	2025-01-27 07:16:51	1	0	1	0
           264	2025-01-27 07:17:13	1	0	1	0
           386	2025-01-27 07:17:18	1	0	1	0
           360	2025-01-27 07:18:12	1	0	1	0
           418	2025-01-27 07:18:28	1	0	1	0
            67	2025-01-27 07:18:57	1	0	1	0
           383	2025-01-27 07:20:33	1	0	1	0
           345	2025-01-27 07:21:47	1	0	1	0
           428	2025-01-27 07:22:11	1	0	1	0
           304	2025-01-27 07:25:51	1	0	1	0
           426	2025-01-27 07:25:58	1	0	1	0
           241	2025-01-27 07:27:35	1	0	1	0
           399	2025-01-27 07:28:01	1	0	1	0
           382	2025-01-27 07:28:18	1	0	1	0
           314	2025-01-27 07:31:00	1	0	1	0
           415	2025-01-27 07:31:05	1	0	1	0
           365	2025-01-27 07:31:20	1	0	1	0
            61	2025-01-27 07:31:26	1	0	1	0
           265	2025-01-27 07:34:06	1	0	1	0
           273	2025-01-27 07:34:29	1	0	1	0
           400	2025-01-27 07:35:12	1	0	1	0
           332	2025-01-27 07:35:59	1	0	1	0
           255	2025-01-27 07:36:04	1	0	1	0
           230	2025-01-27 07:36:19	1	0	1	0
           374	2025-01-27 07:36:33	1	0	1	0
            71	2025-01-27 07:37:00	1	0	1	0
           427	2025-01-27 07:37:39	1	0	4	0
            76	2025-01-27 07:39:03	1	0	1	0
           354	2025-01-27 07:39:08	1	0	1	0
           245	2025-01-27 07:39:50	1	0	1	0
           344	2025-01-27 07:40:27	1	0	1	0
           408	2025-01-27 07:40:34	1	0	1	0
           115	2025-01-27 07:44:21	1	0	1	0
           111	2025-01-27 07:44:41	1	0	1	0
           287	2025-01-27 07:47:22	1	0	1	0
           352	2025-01-27 07:48:12	1	0	1	0
           243	2025-01-27 07:50:10	1	0	1	0
           402	2025-01-27 07:53:35	1	0	1	0
           359	2025-01-27 07:53:50	1	0	1	0
           301	2025-01-27 07:54:30	1	0	1	0
           292	2025-01-27 08:00:06	1	0	1	0
           263	2025-01-27 08:06:34	1	0	1	0
           266	2025-01-27 08:08:19	1	0	1	0
           429	2025-01-27 08:13:01	1	0	15	0
           424	2025-01-27 08:14:16	1	0	1	0
           405	2025-01-27 08:20:23	1	0	1	0
           119	2025-01-27 08:44:41	1	0	1	0
           385	2025-01-27 11:08:23	1	0	1	0
           236	2025-01-27 11:08:48	1	0	1	0
           271	2025-01-27 11:09:20	1	0	1	0
           400	2025-01-27 11:09:26	1	0	1	0
           387	2025-01-27 11:09:33	1	0	1	0
           238	2025-01-27 11:10:00	1	0	15	0
           239	2025-01-27 11:10:14	1	0	1	0
           299	2025-01-27 11:11:39	1	0	1	0
           400	2025-01-27 11:15:32	1	0	1	0
            58	2025-01-27 11:37:13	1	0	1	0
           382	2025-01-27 11:38:08	1	1	1	0
           212	2025-01-27 11:39:32	1	1	1	0
           397	2025-01-27 11:40:38	1	1	1	0
           398	2025-01-27 11:41:59	1	1	1	0
           417	2025-01-27 11:44:32	1	1	1	0
           371	2025-01-27 11:45:39	1	1	1	0
           427	2025-01-27 11:47:40	1	1	4	0
           399	2025-01-27 11:53:38	1	1	1	0
           426	2025-01-27 12:00:08	1	1	1	0
            67	2025-01-27 12:00:15	1	1	1	0
           332	2025-01-27 12:04:40	1	1	1	0
           345	2025-01-27 12:07:13	1	1	1	0
            76	2025-01-27 12:07:32	1	1	1	0
           305	2025-01-27 12:07:38	1	1	1	0
           415	2025-01-27 12:07:41	1	1	1	0
           383	2025-01-27 12:07:48	1	1	1	0
            63	2025-01-27 12:07:53	1	1	1	0
           243	2025-01-27 12:08:02	1	1	1	0
           302	2025-01-27 12:08:04	1	1	1	0
           241	2025-01-27 12:08:09	1	1	1	0
           340	2025-01-27 12:08:15	1	1	1	0
           427	2025-01-27 12:08:21	1	1	1	0
           429	2025-01-27 12:08:48	1	1	1	0
            61	2025-01-27 12:08:56	1	1	1	0
           424	2025-01-27 12:09:07	1	1	1	0
           304	2025-01-27 12:09:13	1	1	1	0
           273	2025-01-27 12:09:15	1	1	1	0
           292	2025-01-27 12:09:38	1	1	1	0
            71	2025-01-27 12:09:44	1	1	1	0
           359	2025-01-27 12:09:56	1	1	1	0
           212	2025-01-27 12:10:00	1	1	1	0
            21	2025-01-27 12:10:01	1	1	15	0
           265	2025-01-27 12:10:12	1	1	1	0
           419	2025-01-27 12:10:19	1	1	1	0
           245	2025-01-27 12:10:24	1	1	1	0
           266	2025-01-27 12:10:31	1	1	1	0
           365	2025-01-27 12:11:09	1	1	1	0
           404	2025-01-27 12:11:13	1	1	1	0
           418	2025-01-27 12:11:19	1	1	1	0
           115	2025-01-27 12:11:24	1	1	1	0
           382	2025-01-27 12:11:35	1	0	1	0
           119	2025-01-27 12:11:38	1	0	1	0
           408	2025-01-27 12:11:43	1	0	1	0
            87	2025-01-27 12:13:40	1	0	1	0
           314	2025-01-27 12:14:25	1	0	1	0
           429	2025-01-27 12:14:44	1	0	15	0
           385	2025-01-27 12:14:59	1	0	1	0
            61	2025-01-27 12:15:11	1	0	1	0
           386	2025-01-27 12:15:30	1	0	1	0
           271	2025-01-27 12:15:33	1	0	1	0
           426	2025-01-27 12:16:03	1	0	1	0
            67	2025-01-27 12:16:44	1	0	1	0
           397	2025-01-27 12:16:52	1	0	1	0
           303	2025-01-27 12:16:55	1	0	1	0
           332	2025-01-27 12:17:04	1	0	1	0
           354	2025-01-27 12:17:13	1	0	1	0
           287	2025-01-27 12:17:46	1	0	1	0
           402	2025-01-27 12:17:56	1	0	1	0
            76	2025-01-27 12:18:06	1	0	1	0
           343	2025-01-27 12:18:37	1	0	1	0
           273	2025-01-27 12:20:01	1	0	1	0
           304	2025-01-27 12:20:07	1	0	15	0
           376	2025-01-27 12:20:14	1	0	1	0
           360	2025-01-27 12:20:30	1	0	1	0
           302	2025-01-27 12:20:47	1	0	1	0
           365	2025-01-27 12:21:14	1	0	1	0
           241	2025-01-27 12:21:19	1	0	1	0
           404	2025-01-27 12:21:23	1	0	1	0
           245	2025-01-27 12:21:31	1	0	1	0
           265	2025-01-27 12:21:33	1	0	1	0
           292	2025-01-27 12:22:05	1	0	1	0
           344	2025-01-27 12:23:55	1	0	1	0
           354	2025-01-27 12:24:44	1	0	1	0
            87	2025-01-27 12:25:52	1	0	1	0
           417	2025-01-27 12:26:21	1	0	1	0
           374	2025-01-27 12:27:11	1	0	1	0
           287	2025-01-27 12:28:25	1	0	1	0
           428	2025-01-27 12:32:33	1	0	1	0
            21	2025-01-27 12:32:47	1	0	15	0
            71	2025-01-27 12:33:00	1	0	1	0
           359	2025-01-27 12:33:02	1	0	1	0
           387	2025-01-27 12:33:19	1	0	1	0
           243	2025-01-27 12:34:33	1	0	1	0
           402	2025-01-27 12:35:21	1	0	1	0
           383	2025-01-27 12:36:04	1	0	1	0
           244	2025-01-27 12:36:21	1	0	1	0
           376	2025-01-27 12:36:55	1	0	1	0
           374	2025-01-27 12:36:57	1	0	1	0
           418	2025-01-27 12:37:07	1	0	1	0
           415	2025-01-27 12:37:40	1	0	1	0
           299	2025-01-27 12:40:32	1	0	1	0
           238	2025-01-27 12:40:57	1	0	1	0
           398	2025-01-27 12:41:33	1	0	1	0
           266	2025-01-27 12:42:05	1	0	1	0
            64	2025-01-27 12:42:23	1	0	1	0
           255	2025-01-27 12:42:30	1	0	1	0
           264	2025-01-27 12:42:35	1	0	1	0
           262	2025-01-27 12:42:50	1	0	1	0
           331	2025-01-27 12:45:11	1	0	1	0
           399	2025-01-27 12:45:20	1	0	1	0
           369	2025-01-27 12:45:23	1	0	1	0
           386	2025-01-27 12:45:30	1	0	1	0
           340	2025-01-27 12:45:51	1	0	1	0
            63	2025-01-27 12:46:19	1	0	1	0
           405	2025-01-27 12:48:14	1	0	1	0
           262	2025-01-27 12:48:20	1	0	1	0
           264	2025-01-27 12:49:12	1	0	1	0
           344	2025-01-27 12:49:22	1	0	1	0
           419	2025-01-27 12:49:58	1	0	1	0
            68	2025-01-27 12:51:11	1	0	15	0
           331	2025-01-27 12:51:54	1	0	15	0
           408	2025-01-27 12:53:48	1	0	1	0
           360	2025-01-27 12:54:09	1	0	1	0
           119	2025-01-27 12:54:17	1	0	1	0
           115	2025-01-27 12:55:51	1	0	1	0
           239	2025-01-27 12:57:39	1	0	1	0
            58	2025-01-27 12:58:43	1	0	1	0
           405	2025-01-27 13:00:50	1	0	1	0
           230	2025-01-27 13:03:12	1	0	1	0
           298	2025-01-27 14:06:21	1	0	1	0
           286	2025-01-27 15:11:40	1	0	1	0
           123	2025-01-27 15:15:39	1	0	1	0
           298	2025-01-27 16:08:12	1	0	1	0
           400	2025-01-27 16:30:37	1	0	1	0
           236	2025-01-27 17:04:53	1	0	1	0
           359	2025-01-27 17:06:19	1	0	1	0
           238	2025-01-27 17:06:25	1	0	1	0
            71	2025-01-27 17:06:28	1	0	1	0
           340	2025-01-27 17:07:09	1	0	1	0
           424	2025-01-27 17:07:19	1	0	1	0
           382	2025-01-27 17:07:26	1	1	15	0
           299	2025-01-27 17:07:48	1	1	1	0
           399	2025-01-27 17:07:56	1	1	1	0
           332	2025-01-27 17:08:03	1	1	1	0
           397	2025-01-27 17:08:22	1	1	1	0
            67	2025-01-27 17:08:41	1	1	1	0
           376	2025-01-27 17:08:58	1	1	1	0
           398	2025-01-27 17:09:16	1	1	1	0
            58	2025-01-27 17:09:25	1	1	1	0
           212	2025-01-27 17:09:33	1	1	1	0
           387	2025-01-27 17:09:38	1	1	1	0
           360	2025-01-27 17:09:43	1	1	1	0
           331	2025-01-27 17:09:50	1	1	1	0
           426	2025-01-27 17:10:02	1	1	1	0
            63	2025-01-27 17:10:05	1	1	1	0
           344	2025-01-27 17:10:10	1	1	1	0
           427	2025-01-27 17:10:21	1	1	4	0
           244	2025-01-27 17:10:39	1	1	1	0
           255	2025-01-27 17:10:46	1	1	1	0
           271	2025-01-27 17:11:06	1	1	1	0
            64	2025-01-27 17:11:15	1	1	1	0
           385	2025-01-27 17:11:28	1	1	1	0
           429	2025-01-27 17:11:51	1	1	1	0
           383	2025-01-27 17:12:13	1	1	1	0
           417	2025-01-27 17:12:36	1	1	1	0
           354	2025-01-27 17:12:48	1	1	1	0
           419	2025-01-27 17:12:54	1	1	1	0
           241	2025-01-27 17:12:58	1	1	1	0
           301	2025-01-27 17:13:33	1	1	1	0
            76	2025-01-27 17:14:26	1	1	1	0
            61	2025-01-27 17:14:32	1	1	1	0
           365	2025-01-27 17:15:18	1	1	1	0
           239	2025-01-27 17:16:37	1	1	1	0
           404	2025-01-27 17:17:24	1	1	1	0
           402	2025-01-27 17:17:35	1	1	1	0
           273	2025-01-27 17:18:55	1	1	1	0
           245	2025-01-27 17:20:55	1	1	1	0
           265	2025-01-27 17:20:58	1	1	1	0
           119	2025-01-27 17:21:45	1	1	1	0
           374	2025-01-27 17:22:09	1	1	1	0
           408	2025-01-27 17:23:13	1	1	1	0
           418	2025-01-27 17:28:34	1	1	1	0
           129	2025-01-27 17:31:05	1	1	1	0
           415	2025-01-27 17:32:43	1	1	1	0
           343	2025-01-27 17:35:12	1	1	1	0
           230	2025-01-27 17:36:57	1	1	1	0
           264	2025-01-27 17:37:03	1	1	1	0
           111	2025-01-27 17:43:56	1	1	1	0
           115	2025-01-27 17:48:01	1	1	1	0
           292	2025-01-27 17:51:07	1	1	1	0
            21	2025-01-27 17:52:26	1	1	15	0
           304	2025-01-27 17:55:17	1	1	1	0
           345	2025-01-27 18:20:17	1	1	1	0
           262	2025-01-27 18:20:23	1	1	1	0
           243	2025-01-27 18:25:24	1	1	1	0
           385	2025-01-28 05:57:50	1	1	1	0
           271	2025-01-28 05:57:59	1	1	1	0
           331	2025-01-28 06:08:27	1	1	1	0
           429	2025-01-28 06:24:18	1	1	15	0
           299	2025-01-28 06:26:39	1	1	1	0
           238	2025-01-28 06:27:05	1	1	1	0
           387	2025-01-28 06:37:23	1	1	1	0
           302	2025-01-28 07:00:32	1	1	1	0
           286	2025-01-28 07:00:51	1	1	1	0
            21	2025-01-28 07:03:44	1	1	15	0
           236	2025-01-28 07:06:04	1	1	1	0
           417	2025-01-28 07:07:48	1	1	1	0
           419	2025-01-28 07:09:58	1	1	1	0
           428	2025-01-28 07:10:07	1	1	1	0
            70	2025-01-28 07:17:15	1	1	1	0
           404	2025-01-28 07:19:50	1	1	1	0
            58	2025-01-28 07:20:29	1	1	1	0
           397	2025-01-28 07:20:36	1	1	1	0
           241	2025-01-28 07:20:58	1	1	1	0
           424	2025-01-28 07:21:26	1	1	1	0
           398	2025-01-28 07:22:23	1	1	1	0
           304	2025-01-28 07:22:28	1	1	1	0
           340	2025-01-28 07:22:36	1	0	1	0
            64	2025-01-28 07:23:15	1	0	1	0
           371	2025-01-28 07:23:28	1	0	1	0
           430	2025-01-28 07:25:07	1	0	1	0
           255	2025-01-28 07:25:23	1	0	1	0
           262	2025-01-28 07:26:26	1	0	1	0
           244	2025-01-28 07:26:40	1	0	1	0
           382	2025-01-28 07:27:21	1	0	1	0
            67	2025-01-28 07:27:47	1	0	1	0
           266	2025-01-28 07:29:24	1	0	1	0
           426	2025-01-28 07:29:43	1	0	1	0
           360	2025-01-28 07:29:49	1	0	1	0
           212	2025-01-28 07:30:36	1	0	1	0
           427	2025-01-28 07:31:31	1	0	4	0
           400	2025-01-28 07:31:44	1	0	1	0
            59	2025-01-28 07:33:35	1	0	1	0
           115	2025-01-28 07:34:21	1	0	1	0
           344	2025-01-28 07:34:29	1	0	1	0
           415	2025-01-28 07:37:17	1	0	1	0
           418	2025-01-28 07:37:37	1	0	1	0
           264	2025-01-28 07:38:19	1	0	1	0
           376	2025-01-28 07:38:48	1	0	1	0
           230	2025-01-28 07:38:53	1	0	1	0
           273	2025-01-28 07:39:13	1	0	1	0
           359	2025-01-28 07:39:18	1	0	1	0
           265	2025-01-28 07:40:02	1	0	1	0
           239	2025-01-28 07:40:32	1	0	1	0
           408	2025-01-28 07:42:04	1	0	1	0
           245	2025-01-28 07:42:10	1	0	1	0
           399	2025-01-28 07:42:24	1	0	1	0
           111	2025-01-28 07:42:39	1	0	1	0
           231	2025-01-28 07:46:50	1	0	1	0
           386	2025-01-28 07:47:55	1	0	1	0
           383	2025-01-28 07:49:55	1	0	1	0
           374	2025-01-28 07:50:26	1	0	1	0
            71	2025-01-28 07:51:50	1	0	1	0
           226	2025-01-28 07:54:10	1	0	1	0
           301	2025-01-28 07:54:37	1	0	1	0
           332	2025-01-28 07:54:42	1	0	1	0
           369	2025-01-28 07:54:47	1	0	1	0
            61	2025-01-28 07:54:54	1	0	1	0
           287	2025-01-28 07:57:59	1	0	1	0
           354	2025-01-28 07:58:16	1	0	1	0
           292	2025-01-28 08:02:23	1	0	1	0
           129	2025-01-28 08:02:34	1	0	1	0
           243	2025-01-28 08:03:24	1	0	1	0
            76	2025-01-28 08:04:48	1	0	1	0
           402	2025-01-28 08:10:10	1	0	1	0
           118	2025-01-28 08:11:10	1	0	1	0
           343	2025-01-28 08:15:22	1	0	1	0
           353	2025-01-28 08:19:51	1	0	1	0
           263	2025-01-28 08:25:10	1	0	1	0
           119	2025-01-28 08:39:01	1	0	1	0
           405	2025-01-28 08:49:53	1	0	1	0
           236	2025-01-28 11:05:38	1	0	1	0
           238	2025-01-28 11:05:43	1	0	1	0
           400	2025-01-28 11:08:08	1	0	1	0
           238	2025-01-28 11:08:25	1	0	15	0
           385	2025-01-28 11:08:49	1	0	15	0
           271	2025-01-28 11:10:07	1	0	1	0
           387	2025-01-28 11:14:28	1	0	1	0
           400	2025-01-28 11:15:02	1	0	1	0
           239	2025-01-28 11:19:58	1	0	1	0
           299	2025-01-28 11:21:18	1	0	1	0
           212	2025-01-28 11:37:32	1	0	1	0
           382	2025-01-28 11:37:49	1	1	1	0
           398	2025-01-28 11:40:39	1	1	1	0
           427	2025-01-28 11:45:51	1	1	4	0
           371	2025-01-28 11:46:06	1	1	1	0
           231	2025-01-28 11:46:33	1	1	1	0
           353	2025-01-28 11:51:53	1	1	1	0
           417	2025-01-28 11:53:11	1	1	1	0
           430	2025-01-28 12:02:28	1	1	1	0
           426	2025-01-28 12:06:24	1	1	1	0
            67	2025-01-28 12:06:31	1	1	1	0
           129	2025-01-28 12:06:36	1	1	1	0
           292	2025-01-28 12:06:43	1	1	1	0
           115	2025-01-28 12:06:47	1	1	1	0
           302	2025-01-28 12:07:12	1	1	1	0
           241	2025-01-28 12:07:18	1	1	1	0
           360	2025-01-28 12:07:22	1	1	1	0
           230	2025-01-28 12:07:37	1	1	1	0
           418	2025-01-28 12:07:42	1	1	1	0
           427	2025-01-28 12:07:46	1	1	4	0
           408	2025-01-28 12:08:02	1	1	1	0
           428	2025-01-28 12:08:20	1	1	1	0
           369	2025-01-28 12:08:47	1	1	1	0
           263	2025-01-28 12:08:57	1	1	1	0
           415	2025-01-28 12:09:05	1	1	1	0
           371	2025-01-28 12:09:11	1	1	1	0
           340	2025-01-28 12:09:18	1	1	1	0
           424	2025-01-28 12:09:24	1	1	1	0
           382	2025-01-28 12:09:34	1	0	1	0
            59	2025-01-28 12:09:44	1	0	1	0
           266	2025-01-28 12:09:51	1	0	1	0
           332	2025-01-28 12:10:00	1	0	1	0
           303	2025-01-28 12:10:06	1	0	1	0
           402	2025-01-28 12:10:10	1	0	1	0
           404	2025-01-28 12:10:14	1	0	1	0
           265	2025-01-28 12:10:24	1	0	1	0
           304	2025-01-28 12:10:31	1	0	1	0
           273	2025-01-28 12:10:36	1	0	1	0
           212	2025-01-28 12:10:42	1	0	1	0
           354	2025-01-28 12:10:47	1	0	1	0
           419	2025-01-28 12:11:13	1	0	1	0
           119	2025-01-28 12:11:25	1	0	1	0
           405	2025-01-28 12:11:41	1	0	1	0
           359	2025-01-28 12:11:47	1	0	1	0
           417	2025-01-28 12:12:32	1	0	1	0
           301	2025-01-28 12:12:52	1	0	1	0
           299	2025-01-28 12:12:59	1	0	1	0
           238	2025-01-28 12:13:09	1	0	1	0
           399	2025-01-28 12:13:41	1	0	1	0
           385	2025-01-28 12:14:18	1	0	1	0
           344	2025-01-28 12:15:39	1	0	1	0
           353	2025-01-28 12:15:44	1	0	1	0
           383	2025-01-28 12:15:58	1	0	1	0
           343	2025-01-28 12:16:39	1	0	1	0
            64	2025-01-28 12:17:59	1	0	1	0
            67	2025-01-28 12:18:13	1	0	1	0
           245	2025-01-28 12:18:22	1	0	1	0
           292	2025-01-28 12:18:25	1	0	1	0
            61	2025-01-28 12:18:28	1	0	1	0
            76	2025-01-28 12:18:34	1	0	1	0
           243	2025-01-28 12:18:40	1	0	1	0
           305	2025-01-28 12:19:12	1	0	1	0
           111	2025-01-28 12:19:15	1	0	1	0
            71	2025-01-28 12:19:30	1	0	1	0
           241	2025-01-28 12:19:42	1	0	1	0
           429	2025-01-28 12:19:47	1	0	1	0
            63	2025-01-28 12:20:12	1	0	1	0
           352	2025-01-28 12:20:17	1	0	1	0
           304	2025-01-28 12:20:23	1	0	1	0
           273	2025-01-28 12:20:39	1	0	1	0
           226	2025-01-28 12:20:50	1	0	1	0
           287	2025-01-28 12:21:39	1	0	1	0
           255	2025-01-28 12:22:07	1	0	1	0
           265	2025-01-28 12:22:16	1	0	1	0
           262	2025-01-28 12:22:19	1	0	1	0
           387	2025-01-28 12:22:30	1	0	1	0
           402	2025-01-28 12:22:38	1	0	1	0
           426	2025-01-28 12:23:07	1	0	1	0
           332	2025-01-28 12:23:13	1	0	1	0
           303	2025-01-28 12:23:39	1	0	1	0
           129	2025-01-28 12:23:56	1	0	1	0
           404	2025-01-28 12:25:02	1	0	1	0
           245	2025-01-28 12:25:30	1	0	1	0
           301	2025-01-28 12:26:47	1	0	1	0
           266	2025-01-28 12:27:09	1	0	1	0
           359	2025-01-28 12:27:13	1	0	1	0
           405	2025-01-28 12:27:18	1	0	1	0
            76	2025-01-28 12:27:28	1	0	1	0
           383	2025-01-28 12:29:06	1	0	1	0
           374	2025-01-28 12:31:17	1	0	1	0
           428	2025-01-28 12:31:27	1	0	1	0
            71	2025-01-28 12:31:57	1	0	1	0
           226	2025-01-28 12:32:08	1	0	1	0
           287	2025-01-28 12:32:17	1	0	1	0
           115	2025-01-28 12:33:25	1	0	15	0
           314	2025-01-28 12:33:46	1	0	1	0
           118	2025-01-28 12:34:29	1	0	1	0
           376	2025-01-28 12:34:57	1	0	1	0
           398	2025-01-28 12:35:20	1	0	1	0
           271	2025-01-28 12:36:07	1	0	1	0
           399	2025-01-28 12:38:37	1	0	1	0
            87	2025-01-28 12:38:45	1	0	1	0
           418	2025-01-28 12:39:28	1	0	1	0
            59	2025-01-28 12:43:33	1	0	1	0
           243	2025-01-28 15:39:50	1	0	1	0
           118	2025-01-28 15:40:04	1	0	1	0
            63	2025-01-28 15:40:44	1	0	1	0
           415	2025-01-28 15:41:40	1	0	1	0
           429	2025-01-28 15:42:23	1	0	1	0
           263	2025-01-28 15:42:39	1	0	1	0
           344	2025-01-28 15:42:58	1	0	1	0
           360	2025-01-28 15:43:25	1	0	1	0
           408	2025-01-28 15:43:32	1	0	1	0
           119	2025-01-28 15:43:38	1	0	1	0
            64	2025-01-28 15:44:04	1	0	1	0
           352	2025-01-28 15:46:23	1	0	1	0
           430	2025-01-28 15:46:49	1	0	1	0
           419	2025-01-28 15:47:13	1	0	1	0
           374	2025-01-28 15:50:19	1	0	1	0
           239	2025-01-28 15:51:59	1	0	1	0
           305	2025-01-28 15:52:03	1	0	1	0
           236	2025-01-28 15:52:15	1	0	1	0
           264	2025-01-28 15:52:44	1	0	1	0
           343	2025-01-28 15:56:33	1	0	1	0
           231	2025-01-28 15:57:18	1	0	1	0
           264	2025-01-28 15:57:25	1	0	1	0
            36	2025-01-28 15:58:16	1	0	1	0
           230	2025-01-28 15:58:46	1	0	1	0
           298	2025-01-28 17:09:05	1	0	1	0
           247	2025-01-28 17:28:24	1	0	1	0
           286	2025-01-28 18:04:23	1	0	15	0
           298	2025-01-28 19:06:16	1	0	1	0
           400	2025-01-28 19:37:18	1	0	1	0
           405	2025-01-28 20:00:33	1	0	1	0
           398	2025-01-28 20:01:27	1	0	1	0
           243	2025-01-28 20:01:48	1	0	1	0
           345	2025-01-28 20:02:13	1	0	1	0
            67	2025-01-28 20:02:33	1	0	1	0
           360	2025-01-28 20:02:37	1	0	1	0
           387	2025-01-28 20:02:44	1	0	1	0
           303	2025-01-28 20:02:52	1	0	1	0
           332	2025-01-28 20:02:56	1	0	1	0
           430	2025-01-28 20:03:06	1	0	1	0
           264	2025-01-28 20:03:10	1	0	1	0
           239	2025-01-28 20:03:37	1	0	1	0
           376	2025-01-28 20:03:44	1	0	1	0
           382	2025-01-28 20:03:48	1	0	1	0
           399	2025-01-28 20:04:12	1	0	1	0
           255	2025-01-28 20:04:19	1	0	1	0
           397	2025-01-28 20:04:22	1	0	1	0
           426	2025-01-28 20:04:35	1	0	1	0
           238	2025-01-28 20:04:46	1	0	1	0
            64	2025-01-28 20:05:02	1	0	1	0
           111	2025-01-28 20:05:31	1	0	1	0
           271	2025-01-28 20:05:41	1	0	1	0
           385	2025-01-28 20:05:48	1	0	1	0
           305	2025-01-28 20:06:33	1	0	1	0
           301	2025-01-28 20:06:39	1	0	1	0
           427	2025-01-28 20:07:31	1	0	4	0
           408	2025-01-28 20:07:49	1	0	1	0
           119	2025-01-28 20:07:55	1	0	1	0
           415	2025-01-28 20:08:07	1	0	1	0
           383	2025-01-28 20:08:19	1	0	1	0
           402	2025-01-28 20:08:26	1	0	1	0
           118	2025-01-28 20:08:32	1	0	1	0
           129	2025-01-28 20:08:38	1	0	1	0
           231	2025-01-28 20:08:58	1	0	1	0
           340	2025-01-28 20:10:02	1	0	1	0
           429	2025-01-28 20:10:12	1	0	1	0
           424	2025-01-28 20:10:21	1	0	1	0
           236	2025-01-28 20:10:31	1	0	1	0
            63	2025-01-28 20:10:38	1	0	1	0
           263	2025-01-28 20:10:50	1	0	1	0
           419	2025-01-28 20:11:20	1	0	1	0
           230	2025-01-28 20:11:41	1	0	1	0
            61	2025-01-28 20:11:54	1	0	1	0
           417	2025-01-28 20:14:02	1	0	1	0
           111	2025-01-28 20:14:09	1	0	1	0
           344	2025-01-28 20:18:54	1	0	1	0
           265	2025-01-28 20:19:40	1	0	1	0
           374	2025-01-28 20:19:46	1	0	1	0
           245	2025-01-28 20:23:12	1	0	1	0
            76	2025-01-28 20:24:43	1	0	1	0
           226	2025-01-28 20:24:57	1	0	1	0
           304	2025-01-28 20:31:07	1	0	1	0
           273	2025-01-28 20:31:11	1	0	1	0
           353	2025-01-28 20:31:52	1	0	1	0
           369	2025-01-28 20:41:22	1	0	1	0
           252	2025-01-28 20:41:28	1	0	1	0
           418	2025-01-28 20:50:22	1	0	1	0
           404	2025-01-28 20:56:55	1	0	1	0
           292	2025-01-28 21:07:22	1	0	1	0
           115	2025-01-28 21:07:27	1	0	1	0
           343	2025-01-28 21:59:18	1	0	1	0
           266	2025-01-28 22:42:01	1	0	1	0
           247	2025-01-29 02:24:37	1	0	1	0
           351	2025-01-29 09:53:35	1	0	1	0
           123	2025-01-29 10:28:35	1	0	1	0
           286	2025-01-29 17:57:17	1	0	15	0
           351	2025-01-29 18:03:25	1	0	1	0
           123	2025-01-29 18:07:01	1	0	1	0
           286	2025-01-30 02:05:42	1	0	1	0
           271	2025-01-30 09:05:47	1	0	1	0
           404	2025-01-30 09:29:38	1	0	1	0
           385	2025-01-30 09:30:56	1	0	1	0
           238	2025-01-30 09:45:22	1	0	1	0
           351	2025-01-30 09:51:15	1	0	1	0
            58	2025-01-30 09:59:19	1	0	15	0
           428	2025-01-30 10:06:07	1	0	1	0
           429	2025-01-30 10:06:24	1	0	1	0
            83	2025-01-30 10:08:00	1	0	1	0
           304	2025-01-30 10:10:42	1	0	1	0
           419	2025-01-30 10:11:35	1	0	1	0
           397	2025-01-30 10:11:52	1	0	1	0
           239	2025-01-30 10:13:43	1	0	1	0
            61	2025-01-30 10:14:20	1	0	1	0
            67	2025-01-30 10:19:57	1	0	1	0
           383	2025-01-30 10:20:49	1	0	1	0
           111	2025-01-30 10:21:06	1	0	1	0
            59	2025-01-30 10:21:45	1	0	1	0
           255	2025-01-30 10:22:10	1	0	1	0
           344	2025-01-30 10:22:36	1	0	1	0
           212	2025-01-30 10:25:00	1	0	1	0
           236	2025-01-30 10:25:08	1	0	1	0
           303	2025-01-30 10:27:55	1	0	1	0
           118	2025-01-30 10:28:01	1	0	1	0
           266	2025-01-30 10:28:39	1	0	1	0
           265	2025-01-30 10:31:13	1	0	1	0
           398	2025-01-30 10:32:17	1	0	1	0
           430	2025-01-30 10:33:09	1	0	1	0
           427	2025-01-30 10:35:30	1	0	1	0
           305	2025-01-30 10:37:44	1	0	1	0
           400	2025-01-30 10:37:59	1	0	1	0
           273	2025-01-30 10:38:57	1	0	1	0
           369	2025-01-30 10:39:00	1	0	1	0
           231	2025-01-30 10:40:12	1	0	1	0
           418	2025-01-30 10:40:36	1	0	1	0
           399	2025-01-30 10:43:03	1	0	15	0
           245	2025-01-30 10:43:50	1	0	1	0
           352	2025-01-30 10:44:23	1	0	1	0
           332	2025-01-30 10:45:43	1	0	1	0
            63	2025-01-30 10:45:58	1	0	1	0
           226	2025-01-30 10:48:40	1	0	1	0
           374	2025-01-30 10:50:09	1	0	1	0
           301	2025-01-30 10:50:37	1	0	1	0
           408	2025-01-30 10:51:31	1	0	1	0
           402	2025-01-30 10:52:15	1	0	1	0
           312	2025-01-30 10:52:21	1	0	1	0
            71	2025-01-30 10:53:48	1	0	1	0
            76	2025-01-30 10:53:50	1	0	1	0
           343	2025-01-30 11:04:13	1	0	1	0
           262	2025-01-30 11:21:14	1	0	1	0
           243	2025-01-30 11:28:22	1	0	1	0
           119	2025-01-30 11:33:27	1	0	1	0
           405	2025-01-30 11:42:57	1	0	1	0
           238	2025-01-30 14:02:18	1	0	1	0
           299	2025-01-30 14:02:22	1	0	1	0
           271	2025-01-30 14:04:50	1	0	1	0
           239	2025-01-30 14:04:56	1	0	1	0
           385	2025-01-30 14:05:17	1	0	1	0
           400	2025-01-30 14:06:18	1	0	1	0
           400	2025-01-30 14:12:27	1	0	1	0
           387	2025-01-30 14:17:48	1	0	15	0
           236	2025-01-30 14:21:06	1	0	1	0
           383	2025-01-30 14:32:54	1	0	1	0
           212	2025-01-30 14:34:35	1	0	1	0
           398	2025-01-30 14:35:59	1	0	1	0
            67	2025-01-30 14:39:29	1	0	1	0
           244	2025-01-30 14:46:21	1	0	1	0
           369	2025-01-30 14:51:13	1	0	1	0
           399	2025-01-30 14:51:34	1	0	15	0
           430	2025-01-30 14:58:01	1	0	1	0
            63	2025-01-30 15:03:08	1	0	1	0
           265	2025-01-30 15:03:12	1	0	1	0
           418	2025-01-30 15:03:17	1	0	1	0
            61	2025-01-30 15:03:26	1	0	1	0
           344	2025-01-30 15:03:34	1	0	1	0
           212	2025-01-30 15:03:53	1	0	1	0
           404	2025-01-30 15:04:09	1	0	1	0
           402	2025-01-30 15:04:15	1	0	1	0
            71	2025-01-30 15:04:38	1	0	1	0
           303	2025-01-30 15:04:59	1	0	1	0
           332	2025-01-30 15:05:04	1	0	1	0
           292	2025-01-30 15:05:12	1	0	1	0
           429	2025-01-30 15:05:32	1	0	1	0
           243	2025-01-30 15:05:38	1	0	1	0
           343	2025-01-30 15:05:40	1	0	1	0
           305	2025-01-30 15:05:46	1	0	1	0
           427	2025-01-30 15:05:52	1	0	1	0
           118	2025-01-30 15:06:05	1	0	1	0
           304	2025-01-30 15:06:10	1	0	1	0
           273	2025-01-30 15:06:15	1	0	1	0
           271	2025-01-30 15:06:24	1	0	1	0
           419	2025-01-30 15:06:33	1	0	1	0
           405	2025-01-30 15:08:25	1	0	15	0
           408	2025-01-30 15:09:36	1	0	1	0
           266	2025-01-30 15:09:56	1	0	1	0
           331	2025-01-30 15:10:00	1	0	1	0
            61	2025-01-30 15:10:33	1	0	1	0
           428	2025-01-30 15:10:47	1	0	1	0
           360	2025-01-30 15:11:16	1	0	1	0
           262	2025-01-30 15:11:24	1	0	1	0
           119	2025-01-30 15:11:35	1	0	1	0
           301	2025-01-30 15:12:28	1	0	1	0
           429	2025-01-30 15:13:16	1	0	1	0
            76	2025-01-30 15:14:06	1	0	1	0
           245	2025-01-30 15:14:09	1	0	1	0
           265	2025-01-30 15:14:18	1	0	1	0
           385	2025-01-30 15:15:17	1	0	15	0
           303	2025-01-30 15:15:24	1	0	1	0
           332	2025-01-30 15:15:33	1	0	1	0
           402	2025-01-30 15:15:49	1	0	1	0
           273	2025-01-30 15:16:00	1	0	1	0
           304	2025-01-30 15:16:43	1	0	1	0
           419	2025-01-30 15:17:04	1	0	1	0
           398	2025-01-30 15:17:35	1	0	1	0
           352	2025-01-30 15:17:52	1	0	1	0
           387	2025-01-30 15:17:57	1	0	15	0
           118	2025-01-30 15:18:03	1	0	1	0
           226	2025-01-30 15:20:15	1	0	1	0
           111	2025-01-30 15:22:48	1	0	1	0
            63	2025-01-30 15:24:42	1	0	1	0
           344	2025-01-30 15:25:03	1	0	1	0
           352	2025-01-30 15:26:26	1	0	1	0
           405	2025-01-30 15:28:07	1	0	1	0
            71	2025-01-30 15:29:11	1	0	1	0
           427	2025-01-30 15:30:46	1	0	4	0
           331	2025-01-30 15:30:59	1	0	1	0
           404	2025-01-30 15:31:02	1	0	1	0
           418	2025-01-30 15:31:13	1	0	1	0
           374	2025-01-30 15:31:25	1	0	1	0
           383	2025-01-30 15:33:11	1	0	1	0
           305	2025-01-30 15:33:14	1	0	1	0
           226	2025-01-30 15:33:43	1	0	1	0
            67	2025-01-30 15:35:19	1	0	1	0
            76	2025-01-30 15:35:22	1	0	1	0
           399	2025-01-30 15:37:00	1	0	15	0
           369	2025-01-30 15:37:03	1	0	1	0
           111	2025-01-30 15:38:27	1	0	1	0
           408	2025-01-30 15:38:34	1	0	1	0
           428	2025-01-30 15:38:40	1	0	1	0
           266	2025-01-30 15:39:27	1	0	1	0
           255	2025-01-30 15:39:56	1	0	1	0
           262	2025-01-30 15:40:12	1	0	1	0
           243	2025-01-30 15:41:21	1	0	1	0
           343	2025-01-30 15:41:49	1	0	1	0
           360	2025-01-30 15:42:13	1	0	1	0
           299	2025-01-30 15:44:56	1	0	1	0
           238	2025-01-30 15:45:19	1	0	1	0
           430	2025-01-30 15:48:10	1	0	1	0
           374	2025-01-30 15:50:07	1	0	1	0
            58	2025-01-30 15:50:14	1	0	1	0
           236	2025-01-30 15:52:58	1	0	1	0
           239	2025-01-30 15:54:47	1	0	1	0
           119	2025-01-30 16:03:29	1	0	1	0
           351	2025-01-30 18:03:58	1	0	1	0
           343	2025-01-30 19:00:31	1	0	1	0
           400	2025-01-30 19:11:12	1	0	1	0
            67	2025-01-30 20:01:29	1	0	1	0
           430	2025-01-30 20:01:55	1	0	1	0
           212	2025-01-30 20:02:09	1	0	1	0
           428	2025-01-30 20:02:15	1	0	1	0
           387	2025-01-30 20:02:48	1	0	1	0
           405	2025-01-30 20:02:59	1	0	1	0
           271	2025-01-30 20:03:13	1	0	1	0
           402	2025-01-30 20:03:22	1	0	1	0
           404	2025-01-30 20:03:39	1	0	1	0
           236	2025-01-30 20:03:44	1	0	1	0
           408	2025-01-30 20:04:03	1	0	1	0
            61	2025-01-30 20:04:26	1	0	1	0
           344	2025-01-30 20:05:02	1	0	1	0
           424	2025-01-30 20:06:53	1	0	1	0
           239	2025-01-30 20:08:04	1	0	1	0
           299	2025-01-30 20:08:23	1	0	1	0
           429	2025-01-30 20:08:56	1	0	1	0
            63	2025-01-30 20:09:04	1	0	1	0
           332	2025-01-30 20:09:18	1	0	1	0
            76	2025-01-30 20:09:29	1	0	1	0
           383	2025-01-30 20:10:04	1	0	1	0
           265	2025-01-30 20:11:15	1	0	1	0
           245	2025-01-30 20:11:18	1	0	1	0
           427	2025-01-30 20:11:30	1	0	1	0
           301	2025-01-30 20:11:35	1	0	1	0
           398	2025-01-30 20:11:38	1	0	1	0
           419	2025-01-30 20:12:56	1	0	1	0
           238	2025-01-30 20:13:32	1	0	1	0
           119	2025-01-30 20:14:17	1	0	1	0
           111	2025-01-30 20:14:56	1	0	1	0
            21	2025-01-30 20:18:23	1	0	15	0
           273	2025-01-30 20:19:14	1	0	1	0
           243	2025-01-30 20:30:46	1	0	1	0
           331	2025-01-30 20:34:55	1	0	1	0
            87	2025-01-30 20:39:59	1	0	1	0
           369	2025-01-30 20:48:27	1	0	1	0
           399	2025-01-30 20:48:36	1	0	15	0
           347	2025-01-30 21:05:23	1	0	15	0
           226	2025-01-30 21:37:52	1	0	1	0
           304	2025-01-30 21:50:46	1	0	1	0
           262	2025-01-31 00:01:41	1	0	1	0
           427	2025-01-31 07:27:52	1	0	4	0
           369	2025-01-31 07:27:57	1	0	1	0
           262	2025-01-31 07:28:00	1	0	1	0
           265	2025-01-31 07:28:10	1	0	1	0
           118	2025-01-31 07:28:34	1	0	1	0
           353	2025-01-31 07:29:39	1	0	1	0
           345	2025-01-31 07:30:27	1	0	1	0
           430	2025-01-31 07:32:45	1	0	1	0
           383	2025-01-31 07:33:35	1	0	1	0
            63	2025-01-31 07:33:40	1	0	1	0
           424	2025-01-31 07:34:22	1	0	1	0
           419	2025-01-31 07:35:47	1	0	1	0
           305	2025-01-31 07:37:15	1	0	1	0
           344	2025-01-31 07:37:56	1	0	1	0
           273	2025-01-31 07:38:10	1	0	1	0
            71	2025-01-31 07:38:17	1	0	1	0
           415	2025-01-31 07:40:55	1	0	1	0
           374	2025-01-31 07:43:05	1	0	1	0
           304	2025-01-31 07:45:33	1	0	1	0
           301	2025-01-31 07:46:03	1	0	1	0
           402	2025-01-31 07:46:25	1	0	1	0
           354	2025-01-31 07:46:34	1	0	1	0
           292	2025-01-31 07:47:52	1	0	1	0
           243	2025-01-31 07:49:13	1	0	1	0
           226	2025-01-31 07:51:17	1	0	1	0
           399	2025-01-31 07:53:18	1	0	1	0
           245	2025-01-31 07:57:17	1	0	1	0
           343	2025-01-31 07:58:19	1	0	1	0
            76	2025-01-31 07:58:42	1	0	1	0
           352	2025-01-31 08:00:05	1	0	1	0
           332	2025-01-31 08:01:56	1	0	1	0
           129	2025-01-31 08:02:09	1	0	1	0
           263	2025-01-31 08:11:28	1	0	1	0
           405	2025-01-31 08:23:41	1	0	1	0
           119	2025-01-31 08:31:33	1	0	1	0
           429	2025-01-31 09:22:11	1	0	1	0
           387	2025-01-31 09:48:57	1	0	1	0
           299	2025-01-31 09:49:05	1	0	1	0
           238	2025-01-31 09:49:19	1	0	15	0
           239	2025-01-31 09:52:36	1	0	1	0
           123	2025-01-31 09:54:02	1	0	1	0
           351	2025-01-31 09:55:03	1	0	1	0
           331	2025-01-31 09:58:18	1	0	1	0
            58	2025-01-31 10:05:40	1	0	1	0
           236	2025-01-31 10:09:34	1	0	1	0
           244	2025-01-31 10:13:40	1	0	1	0
           404	2025-01-31 10:13:57	1	0	1	0
            67	2025-01-31 10:15:39	1	0	1	0
           398	2025-01-31 10:15:57	1	0	1	0
           340	2025-01-31 10:16:16	1	0	1	0
           400	2025-01-31 10:17:42	1	0	1	0
           302	2025-01-31 10:18:10	1	0	1	0
           303	2025-01-31 10:18:26	1	0	1	0
           418	2025-01-31 10:20:34	1	0	1	0
           376	2025-01-31 10:21:52	1	0	1	0
           212	2025-01-31 10:22:09	1	0	1	0
           314	2025-01-31 10:23:25	1	0	1	0
           360	2025-01-31 10:24:37	1	0	1	0
           266	2025-01-31 10:24:55	1	0	1	0
           239	2025-01-31 11:01:38	1	0	15	0
           238	2025-01-31 11:03:10	1	0	1	0
           400	2025-01-31 11:03:39	1	0	1	0
           387	2025-01-31 11:04:34	1	0	1	0
           271	2025-01-31 11:04:45	1	0	1	0
           385	2025-01-31 11:05:22	1	0	1	0
           236	2025-01-31 11:06:05	1	0	1	0
           299	2025-01-31 11:06:48	1	0	1	0
           400	2025-01-31 11:09:51	1	0	1	0
           398	2025-01-31 11:30:19	1	0	1	0
            58	2025-01-31 11:30:54	1	0	1	0
           305	2025-01-31 11:42:59	1	0	1	0
           383	2025-01-31 11:43:39	1	0	1	0
           212	2025-01-31 11:44:36	1	0	1	0
           353	2025-01-31 11:44:44	1	0	1	0
           399	2025-01-31 11:51:42	1	0	1	0
            67	2025-01-31 11:54:47	1	0	1	0
           266	2025-01-31 12:00:54	1	0	1	0
           303	2025-01-31 12:00:59	1	0	1	0
           415	2025-01-31 12:01:11	1	0	1	0
           305	2025-01-31 12:01:19	1	0	1	0
           332	2025-01-31 12:01:34	1	0	1	0
           383	2025-01-31 12:01:44	1	0	1	0
           129	2025-01-31 12:01:54	1	0	1	0
           119	2025-01-31 12:01:58	1	0	1	0
           292	2025-01-31 12:02:06	1	0	1	0
           404	2025-01-31 12:02:12	1	0	1	0
           331	2025-01-31 12:02:18	1	0	1	0
           212	2025-01-31 12:02:23	1	0	1	0
            71	2025-01-31 12:02:51	1	0	1	0
           405	2025-01-31 12:02:57	1	0	1	0
            63	2025-01-31 12:03:09	1	0	1	0
           263	2025-01-31 12:03:19	1	0	1	0
           359	2025-01-31 12:03:24	1	0	1	0
           340	2025-01-31 12:04:14	1	0	1	0
           424	2025-01-31 12:04:17	1	0	1	0
           427	2025-01-31 12:04:25	1	0	1	0
           241	2025-01-31 12:04:34	1	0	1	0
            67	2025-01-31 12:05:06	1	0	1	0
           430	2025-01-31 12:05:32	1	0	1	0
           418	2025-01-31 12:06:01	1	0	1	0
            76	2025-01-31 12:06:04	1	0	1	0
           118	2025-01-31 12:06:22	1	0	1	0
           343	2025-01-31 12:06:26	1	0	1	0
           345	2025-01-31 12:06:32	1	0	1	0
           226	2025-01-31 12:07:21	1	0	1	0
           419	2025-01-31 12:07:39	1	0	1	0
            61	2025-01-31 12:08:25	1	0	1	0
           301	2025-01-31 12:09:03	1	0	1	0
           303	2025-01-31 12:10:04	1	0	1	0
           332	2025-01-31 12:10:06	1	0	1	0
           271	2025-01-31 12:10:13	1	0	1	0
           385	2025-01-31 12:10:27	1	0	1	0
           278	2025-01-31 12:10:34	1	0	1	0
           287	2025-01-31 12:10:42	1	0	1	0
           402	2025-01-31 12:10:48	1	0	1	0
           429	2025-01-31 12:11:16	1	0	1	0
           360	2025-01-31 12:11:40	1	0	1	0
           243	2025-01-31 12:13:44	1	0	1	0
           429	2025-01-31 12:15:06	1	0	1	0
           245	2025-01-31 12:16:20	1	0	1	0
           374	2025-01-31 12:16:28	1	0	1	0
           265	2025-01-31 12:16:40	1	0	1	0
           129	2025-01-31 12:16:57	1	0	1	0
           427	2025-01-31 12:17:35	1	0	4	0
           231	2025-01-31 12:18:22	1	0	1	0
           118	2025-01-31 12:18:35	1	0	1	0
           292	2025-01-31 12:20:19	1	0	1	0
           419	2025-01-31 12:20:32	1	0	1	0
           304	2025-01-31 12:20:35	1	0	1	0
           273	2025-01-31 12:20:40	1	0	1	0
           344	2025-01-31 12:20:58	1	0	1	0
           404	2025-01-31 12:22:18	1	0	1	0
           331	2025-01-31 12:22:20	1	0	1	0
           405	2025-01-31 12:25:54	1	0	1	0
            71	2025-01-31 12:26:09	1	0	1	0
           226	2025-01-31 12:26:12	1	0	1	0
           287	2025-01-31 12:26:28	1	0	1	0
           245	2025-01-31 12:26:35	1	0	1	0
           265	2025-01-31 12:26:48	1	0	1	0
            61	2025-01-31 12:27:12	1	0	1	0
           299	2025-01-31 12:30:38	1	0	1	0
           238	2025-01-31 12:30:44	1	0	1	0
           304	2025-01-31 12:31:11	1	0	1	0
           273	2025-01-31 12:31:13	1	0	1	0
           402	2025-01-31 12:32:18	1	0	1	0
           374	2025-01-31 12:32:24	1	0	1	0
           387	2025-01-31 12:32:31	1	0	1	0
           266	2025-01-31 12:32:51	1	0	1	0
           399	2025-01-31 12:37:41	1	0	1	0
           231	2025-01-31 12:37:51	1	0	1	0
           369	2025-01-31 12:38:41	1	0	1	0
           241	2025-01-31 12:41:24	1	0	1	0
            63	2025-01-31 12:41:39	1	0	1	0
           263	2025-01-31 12:41:45	1	0	1	0
           415	2025-01-31 12:41:51	1	0	1	0
           354	2025-01-31 12:41:55	1	0	1	0
           344	2025-01-31 12:42:47	1	0	1	0
           340	2025-01-31 12:43:01	1	0	1	0
           301	2025-01-31 12:43:28	1	0	1	0
            70	2025-01-31 12:46:05	1	0	1	0
           343	2025-01-31 12:47:06	1	0	1	0
           360	2025-01-31 12:47:18	1	0	1	0
           119	2025-01-31 12:47:22	1	0	1	0
           345	2025-01-31 12:47:30	1	0	1	0
           243	2025-01-31 12:47:56	1	0	1	0
           239	2025-01-31 12:48:03	1	0	1	0
            58	2025-01-31 12:52:31	1	0	1	0
           262	2025-01-31 12:52:39	1	0	1	0
           430	2025-01-31 12:52:44	1	0	1	0
           236	2025-01-31 12:57:40	1	0	1	0
            76	2025-01-31 12:59:21	1	0	1	0
           418	2025-01-31 13:01:09	1	0	1	0
           374	2025-01-31 14:07:16	1	0	1	0
           286	2025-01-31 14:56:39	1	0	1	0
           351	2025-01-31 15:02:59	1	0	1	0
           353	2025-01-31 16:32:03	1	0	1	0
           360	2025-01-31 17:00:40	1	0	1	0
           343	2025-01-31 17:00:45	1	0	1	0
           359	2025-01-31 17:00:47	1	0	1	0
            71	2025-01-31 17:00:49	1	0	1	0
           278	2025-01-31 17:01:04	1	0	1	0
           397	2025-01-31 17:01:07	1	0	1	0
           355	2025-01-31 17:01:13	1	0	1	0
           344	2025-01-31 17:01:18	1	0	1	0
           265	2025-01-31 17:01:36	1	0	1	0
           239	2025-01-31 17:01:42	1	0	1	0
           212	2025-01-31 17:01:52	1	0	1	0
           314	2025-01-31 17:01:55	1	0	1	0
           361	2025-01-31 17:02:07	1	0	1	0
           238	2025-01-31 17:02:35	1	0	1	0
           299	2025-01-31 17:02:38	1	0	1	0
           385	2025-01-31 17:02:45	1	0	1	0
           303	2025-01-31 17:02:53	1	0	1	0
           332	2025-01-31 17:02:59	1	0	1	0
           244	2025-01-31 17:03:03	1	0	1	0
            67	2025-01-31 17:03:06	1	0	1	0
           352	2025-01-31 17:03:14	1	0	1	0
           236	2025-01-31 17:03:25	1	0	1	0
           271	2025-01-31 17:03:31	1	0	1	0
           398	2025-01-31 17:03:38	1	0	1	0
           402	2025-01-31 17:03:47	1	0	1	0
           430	2025-01-31 17:04:22	1	0	1	0
           387	2025-01-31 17:04:43	1	0	1	0
           427	2025-01-31 17:05:05	1	0	1	0
           245	2025-01-31 17:06:20	1	0	1	0
            61	2025-01-31 17:06:25	1	0	1	0
           340	2025-01-31 17:07:01	1	0	1	0
           331	2025-01-31 17:07:12	1	0	1	0
           383	2025-01-31 17:09:48	1	0	1	0
            63	2025-01-31 17:12:19	1	0	1	0
           429	2025-01-31 17:12:45	1	0	1	0
            76	2025-01-31 17:13:23	1	0	1	0
           399	2025-01-31 17:13:50	1	0	1	0
           415	2025-01-31 17:14:03	1	0	1	0
           263	2025-01-31 17:14:15	1	0	1	0
           418	2025-01-31 17:14:45	1	0	1	0
           119	2025-01-31 17:15:19	1	0	1	0
           354	2025-01-31 17:18:23	1	0	1	0
           404	2025-01-31 17:18:35	1	0	1	0
           301	2025-01-31 17:19:02	1	0	1	0
           419	2025-01-31 17:20:15	1	0	1	0
           226	2025-01-31 17:22:08	1	0	1	0
           287	2025-01-31 17:33:24	1	0	1	0
           305	2025-01-31 17:39:23	1	0	1	0
           273	2025-01-31 17:50:16	1	0	1	0
           292	2025-01-31 18:01:55	1	0	1	0
           231	2025-01-31 18:13:28	1	0	1	0
           304	2025-01-31 18:28:29	1	0	1	0
           262	2025-01-31 18:36:49	1	0	1	0
           243	2025-01-31 18:47:49	1	0	1	0
           118	2025-01-31 20:20:46	1	0	1	0
           129	2025-01-31 20:38:07	1	0	1	0
           266	2025-01-31 20:57:34	1	0	1	0
           286	2025-01-31 23:03:26	1	0	1	0
           351	2025-02-01 06:55:50	1	0	1	0
           123	2025-02-01 14:52:17	1	0	1	0
           351	2025-02-01 15:02:53	1	0	1	0
           123	2025-02-01 23:07:56	1	0	1	0
           351	2025-02-02 06:51:53	1	0	1	0
           351	2025-02-02 15:03:52	1	0	1	0
           212	2025-02-03 03:52:32	1	0	1	0
           344	2025-02-03 05:01:00	1	0	1	0
            64	2025-02-03 05:27:52	1	0	1	0
           387	2025-02-03 05:42:58	1	0	1	0
           271	2025-02-03 06:01:38	1	0	1	0
           385	2025-02-03 06:08:43	1	0	1	0
           301	2025-02-03 06:12:15	1	0	1	0
           399	2025-02-03 06:12:33	1	0	1	0
           238	2025-02-03 06:26:27	1	0	1	0
           302	2025-02-03 06:27:19	1	0	1	0
           429	2025-02-03 06:35:31	1	0	15	0
           231	2025-02-03 06:35:43	1	0	1	0
           361	2025-02-03 06:41:43	1	0	1	0
           236	2025-02-03 06:42:18	1	0	1	0
           331	2025-02-03 06:47:09	1	0	1	0
            58	2025-02-03 06:50:05	1	0	1	0
           340	2025-02-03 06:50:25	1	0	1	0
           398	2025-02-03 06:50:38	1	0	1	0
            83	2025-02-03 06:50:47	1	0	1	0
           404	2025-02-03 06:51:32	1	0	1	0
           123	2025-02-03 06:52:38	1	0	1	0
           241	2025-02-03 06:53:26	1	0	1	0
           129	2025-02-03 06:54:09	1	0	1	0
           111	2025-02-03 06:54:14	1	0	1	0
           419	2025-02-03 06:55:32	1	0	1	0
           359	2025-02-03 07:00:40	1	0	1	0
           278	2025-02-03 07:01:31	1	0	1	0
           304	2025-02-03 07:03:49	1	0	1	0
           402	2025-02-03 07:05:28	1	0	1	0
           244	2025-02-03 07:05:33	1	0	1	0
           314	2025-02-03 07:05:57	1	0	1	0
           383	2025-02-03 07:08:19	1	0	1	0
           418	2025-02-03 07:10:08	1	0	1	0
           239	2025-02-03 07:10:46	1	0	1	0
           374	2025-02-03 07:11:51	1	0	1	0
           115	2025-02-03 07:11:55	1	0	1	0
           360	2025-02-03 07:14:48	1	0	1	0
           207	2025-02-03 07:15:09	1	0	1	0
            59	2025-02-03 07:16:26	1	0	1	0
           430	2025-02-03 07:16:32	1	0	1	0
           266	2025-02-03 07:16:38	1	0	1	0
            71	2025-02-03 07:16:45	1	0	1	0
           405	2025-02-03 07:18:22	1	0	1	0
           400	2025-02-03 07:18:42	1	0	1	0
           305	2025-02-03 07:18:50	1	0	1	0
           245	2025-02-03 07:19:01	1	0	1	0
           265	2025-02-03 07:19:42	1	0	1	0
           416	2025-02-03 07:20:28	1	0	15	0
            87	2025-02-03 07:21:36	1	0	1	0
            92	2025-02-03 07:21:42	1	0	1	0
           292	2025-02-03 07:22:06	1	0	1	0
           273	2025-02-03 07:22:23	1	0	1	0
            61	2025-02-03 07:22:32	1	0	1	0
           234	2025-02-03 07:23:30	1	0	1	0
           427	2025-02-03 07:23:32	1	0	4	0
           332	2025-02-03 07:23:45	1	0	1	0
           415	2025-02-03 07:24:11	1	0	1	0
           226	2025-02-03 07:26:49	1	0	1	0
           230	2025-02-03 07:27:23	1	0	1	0
           287	2025-02-03 07:28:24	1	0	1	0
           264	2025-02-03 07:30:50	1	0	1	0
           345	2025-02-03 07:31:40	1	0	1	0
           343	2025-02-03 07:31:43	1	0	1	0
           354	2025-02-03 07:35:07	1	0	1	0
           243	2025-02-03 07:41:28	1	0	1	0
           250	2025-02-03 07:55:26	1	0	1	0
           119	2025-02-03 08:07:18	1	0	1	0
           236	2025-02-03 11:01:06	1	0	1	0
           299	2025-02-03 11:01:33	1	0	1	0
           238	2025-02-03 11:01:56	1	0	1	0
           279	2025-02-03 11:01:59	1	0	15	0
           400	2025-02-03 11:04:11	1	0	1	0
           271	2025-02-03 11:04:36	1	0	1	0
           387	2025-02-03 11:07:49	1	0	1	0
           239	2025-02-03 11:07:57	1	0	1	0
           400	2025-02-03 11:10:04	1	0	1	0
           385	2025-02-03 11:11:03	1	0	1	0
           398	2025-02-03 11:31:46	1	0	1	0
           382	2025-02-03 11:32:13	1	1	1	0
           230	2025-02-03 11:33:35	1	1	1	0
           129	2025-02-03 11:33:44	1	1	1	0
            58	2025-02-03 11:43:15	1	1	1	0
            83	2025-02-03 11:44:44	1	1	1	0
           430	2025-02-03 11:50:18	1	1	1	0
           399	2025-02-03 11:53:59	1	1	1	0
           369	2025-02-03 11:54:04	1	1	1	0
           383	2025-02-03 12:00:45	1	1	1	0
           292	2025-02-03 12:01:10	1	1	1	0
           354	2025-02-03 12:01:30	1	1	1	0
           419	2025-02-03 12:01:45	1	1	1	0
           230	2025-02-03 12:02:16	1	1	1	0
           264	2025-02-03 12:02:23	1	1	1	0
           343	2025-02-03 12:02:26	1	1	1	0
           353	2025-02-03 12:02:30	1	1	1	0
           408	2025-02-03 12:02:36	1	1	15	0
           360	2025-02-03 12:02:41	1	1	1	0
           231	2025-02-03 12:02:50	1	1	1	0
           226	2025-02-03 12:03:00	1	1	1	0
           427	2025-02-03 12:03:13	1	1	4	0
           287	2025-02-03 12:03:25	1	1	1	0
           418	2025-02-03 12:03:37	1	1	1	0
           115	2025-02-03 12:03:48	1	1	1	0
           243	2025-02-03 12:03:53	1	1	1	0
           241	2025-02-03 12:04:49	1	1	1	0
           404	2025-02-03 12:04:54	1	1	1	0
           266	2025-02-03 12:06:00	1	1	1	0
           429	2025-02-03 12:06:12	1	1	1	0
           271	2025-02-03 12:06:17	1	1	1	0
           278	2025-02-03 12:06:34	1	1	1	0
           385	2025-02-03 12:06:38	1	1	1	0
           387	2025-02-03 12:06:41	1	1	1	0
           244	2025-02-03 12:07:13	1	1	1	0
           273	2025-02-03 12:08:56	1	1	1	0
           304	2025-02-03 12:09:00	1	1	1	0
           238	2025-02-03 12:09:09	1	1	1	0
           299	2025-02-03 12:09:35	1	1	1	0
           382	2025-02-03 12:09:52	1	0	1	0
           119	2025-02-03 12:10:34	1	0	1	0
           264	2025-02-03 12:11:24	1	0	1	0
           353	2025-02-03 12:11:35	1	0	1	0
           427	2025-02-03 12:12:13	1	0	1	0
           429	2025-02-03 12:13:09	1	0	1	0
           292	2025-02-03 12:13:49	1	0	1	0
            87	2025-02-03 12:13:59	1	0	1	0
           340	2025-02-03 12:14:04	1	0	1	0
           424	2025-02-03 12:14:13	1	0	1	0
            63	2025-02-03 12:14:18	1	0	1	0
            71	2025-02-03 12:14:27	1	0	1	0
           361	2025-02-03 12:14:35	1	0	1	0
           314	2025-02-03 12:14:36	1	0	1	0
           405	2025-02-03 12:14:48	1	0	1	0
           301	2025-02-03 12:15:04	1	0	1	0
           302	2025-02-03 12:15:15	1	0	1	0
           241	2025-02-03 12:15:23	1	0	1	0
           226	2025-02-03 12:18:03	1	0	1	0
           332	2025-02-03 12:19:57	1	0	1	0
           303	2025-02-03 12:20:02	1	0	1	0
           129	2025-02-03 12:22:10	1	0	1	0
           402	2025-02-03 12:22:33	1	0	1	0
           404	2025-02-03 12:22:42	1	0	1	0
           343	2025-02-03 12:25:10	1	0	1	0
           111	2025-02-03 12:25:34	1	0	1	0
           115	2025-02-03 12:26:53	1	0	15	0
           383	2025-02-03 12:28:44	1	0	1	0
           243	2025-02-03 12:29:14	1	0	1	0
           265	2025-02-03 12:29:20	1	0	1	0
           245	2025-02-03 12:29:38	1	0	1	0
           430	2025-02-03 12:29:50	1	0	1	0
           340	2025-02-03 12:30:04	1	0	1	0
           118	2025-02-03 12:30:28	1	0	1	0
           418	2025-02-03 12:30:33	1	0	1	0
            63	2025-02-03 12:30:37	1	0	1	0
           304	2025-02-03 12:30:51	1	0	15	0
           273	2025-02-03 12:30:53	1	0	1	0
           402	2025-02-03 12:33:53	1	0	1	0
           314	2025-02-03 12:36:22	1	0	1	0
           250	2025-02-03 12:36:37	1	0	1	0
           331	2025-02-03 12:36:43	1	0	1	0
           398	2025-02-03 12:36:59	1	0	1	0
           408	2025-02-03 12:37:34	1	0	1	0
           360	2025-02-03 12:38:23	1	0	1	0
           119	2025-02-03 12:38:49	1	0	1	0
           405	2025-02-03 12:38:53	1	0	1	0
            61	2025-02-03 12:38:58	1	0	1	0
           359	2025-02-03 12:39:02	1	0	1	0
           374	2025-02-03 12:39:45	1	0	1	0
            83	2025-02-03 12:41:03	1	0	1	0
            71	2025-02-03 12:41:13	1	0	1	0
           345	2025-02-03 12:41:39	1	0	1	0
           332	2025-02-03 12:43:47	1	0	1	0
           303	2025-02-03 12:43:51	1	0	1	0
           265	2025-02-03 12:43:55	1	0	1	0
           245	2025-02-03 12:44:03	1	0	1	0
           111	2025-02-03 12:44:09	1	0	1	0
           239	2025-02-03 12:44:27	1	0	1	0
           374	2025-02-03 12:44:41	1	0	1	0
           231	2025-02-03 12:47:25	1	0	1	0
            70	2025-02-03 12:48:12	1	0	1	0
           262	2025-02-03 12:48:56	1	0	1	0
           354	2025-02-03 12:49:18	1	0	1	0
            59	2025-02-03 12:50:24	1	0	1	0
            58	2025-02-03 12:51:08	1	0	1	0
           419	2025-02-03 12:51:31	1	0	1	0
           266	2025-02-03 12:52:08	1	0	1	0
           236	2025-02-03 12:52:44	1	0	1	0
           118	2025-02-03 12:54:12	1	0	1	0
           369	2025-02-03 12:55:10	1	0	1	0
           399	2025-02-03 12:55:16	1	0	1	0
           415	2025-02-03 12:56:17	1	0	1	0
            61	2025-02-03 13:00:25	1	0	1	0
           298	2025-02-03 13:48:39	1	0	1	0
           286	2025-02-03 15:00:03	1	0	1	0
           247	2025-02-03 15:01:07	1	0	1	0
           123	2025-02-03 15:08:47	1	0	1	0
           298	2025-02-03 16:05:39	1	0	1	0
           400	2025-02-03 16:12:37	1	0	1	0
           250	2025-02-03 16:54:04	1	0	1	0
           236	2025-02-03 17:00:17	1	0	1	0
           278	2025-02-03 17:00:33	1	0	1	0
           332	2025-02-03 17:00:36	1	0	1	0
           303	2025-02-03 17:00:42	1	0	1	0
           387	2025-02-03 17:00:48	1	0	1	0
           344	2025-02-03 17:01:16	1	0	1	0
           212	2025-02-03 17:01:38	1	0	1	0
           385	2025-02-03 17:01:45	1	0	15	0
            83	2025-02-03 17:01:57	1	0	1	0
            71	2025-02-03 17:02:05	1	0	1	0
           359	2025-02-03 17:02:07	1	0	1	0
            58	2025-02-03 17:02:10	1	0	1	0
           398	2025-02-03 17:02:28	1	0	1	0
           314	2025-02-03 17:02:41	1	0	1	0
           239	2025-02-03 17:02:43	1	0	1	0
           241	2025-02-03 17:03:14	1	0	1	0
           244	2025-02-03 17:03:44	1	0	1	0
           430	2025-02-03 17:03:49	1	0	1	0
           402	2025-02-03 17:03:58	1	0	1	0
           397	2025-02-03 17:04:03	1	0	1	0
           277	2025-02-03 17:04:09	1	0	1	0
           279	2025-02-03 17:04:15	1	0	15	0
           371	2025-02-03 17:04:26	1	0	1	0
           419	2025-02-03 17:04:31	1	0	1	0
           418	2025-02-03 17:04:36	1	0	1	0
            59	2025-02-03 17:04:41	1	0	1	0
           382	2025-02-03 17:04:52	1	1	1	0
           340	2025-02-03 17:05:05	1	1	1	0
           230	2025-02-03 17:05:07	1	1	1	0
           408	2025-02-03 17:05:38	1	1	1	0
           207	2025-02-03 17:07:14	1	1	1	0
           374	2025-02-03 17:07:27	1	1	1	0
           255	2025-02-03 17:07:39	1	1	1	0
           369	2025-02-03 17:07:46	1	1	1	0
           415	2025-02-03 17:08:00	1	1	1	0
            63	2025-02-03 17:08:06	1	1	1	0
           249	2025-02-03 17:08:20	1	1	1	0
            36	2025-02-03 17:08:31	1	1	1	0
           129	2025-02-03 17:08:36	1	1	1	0
           354	2025-02-03 17:08:54	1	1	1	0
           399	2025-02-03 17:08:59	1	1	1	0
           383	2025-02-03 17:10:32	1	1	1	0
           265	2025-02-03 17:12:17	1	1	1	0
           273	2025-02-03 17:12:28	1	1	1	0
           118	2025-02-03 17:12:51	1	1	1	0
            64	2025-02-03 17:15:25	1	1	1	0
           264	2025-02-03 17:16:15	1	1	1	0
           353	2025-02-03 17:16:19	1	1	1	0
           429	2025-02-03 17:17:56	1	1	1	0
           231	2025-02-03 17:18:18	1	1	1	0
           360	2025-02-03 17:19:50	1	1	1	0
           405	2025-02-03 17:22:34	1	1	1	0
           119	2025-02-03 17:23:57	1	1	1	0
           301	2025-02-03 17:26:13	1	1	1	0
           427	2025-02-03 17:36:03	1	1	1	0
           226	2025-02-03 17:43:14	1	1	1	0
            87	2025-02-03 17:52:41	1	1	1	0
           266	2025-02-03 17:54:13	1	1	1	0
           115	2025-02-03 18:01:16	1	1	1	0
           292	2025-02-03 18:01:21	1	1	1	0
           304	2025-02-03 18:03:46	1	1	1	0
           404	2025-02-03 18:19:25	1	1	15	0
           243	2025-02-03 18:47:48	1	1	1	0
           286	2025-02-03 23:03:53	1	1	1	0
           387	2025-02-04 05:50:15	1	1	1	0
           271	2025-02-04 05:54:05	1	1	1	0
           385	2025-02-04 06:03:48	1	1	1	0
           279	2025-02-04 06:06:21	1	1	15	0
           277	2025-02-04 06:17:02	1	1	1	0
           355	2025-02-04 06:36:38	1	1	1	0
           299	2025-02-04 06:41:25	1	1	1	0
           238	2025-02-04 06:41:42	1	1	1	0
           239	2025-02-04 06:49:27	1	1	1	0
           429	2025-02-04 06:50:23	1	1	1	0
           278	2025-02-04 06:51:14	1	1	1	0
           123	2025-02-04 06:52:29	1	1	1	0
           236	2025-02-04 06:52:35	1	1	1	0
            87	2025-02-04 06:54:53	1	1	1	0
           262	2025-02-04 06:55:30	1	1	1	0
            83	2025-02-04 06:56:19	1	1	1	0
           404	2025-02-04 07:02:45	1	1	1	0
           383	2025-02-04 07:08:49	1	1	1	0
            63	2025-02-04 07:08:53	1	1	1	0
           244	2025-02-04 07:09:22	1	1	1	0
           419	2025-02-04 07:10:24	1	1	1	0
           304	2025-02-04 07:11:40	1	1	1	0
            67	2025-02-04 07:13:07	1	1	1	0
           397	2025-02-04 07:13:14	1	1	1	0
           430	2025-02-04 07:14:10	1	1	1	0
           264	2025-02-04 07:14:20	1	1	1	0
           360	2025-02-04 07:16:21	1	1	1	0
            70	2025-02-04 07:16:41	1	1	1	0
           398	2025-02-04 07:19:10	1	1	1	0
           340	2025-02-04 07:19:19	1	0	1	0
           401	2025-02-04 07:20:18	1	0	1	0
           345	2025-02-04 07:21:27	1	0	1	0
           402	2025-02-04 07:21:44	1	0	1	0
           417	2025-02-04 07:22:37	1	0	1	0
           111	2025-02-04 07:23:46	1	0	1	0
           353	2025-02-04 07:24:39	1	0	1	0
           343	2025-02-04 07:25:12	1	0	1	0
           382	2025-02-04 07:25:44	1	0	1	0
            59	2025-02-04 07:26:25	1	0	1	0
           234	2025-02-04 07:26:31	1	0	1	0
           427	2025-02-04 07:26:38	1	0	1	0
           273	2025-02-04 07:26:52	1	0	1	0
           344	2025-02-04 07:27:17	1	0	1	0
           305	2025-02-04 07:28:19	1	0	1	0
           303	2025-02-04 07:28:35	1	0	1	0
           265	2025-02-04 07:28:49	1	0	1	0
           115	2025-02-04 07:30:37	1	0	1	0
            61	2025-02-04 07:31:49	1	0	1	0
           301	2025-02-04 07:32:21	1	0	1	0
           245	2025-02-04 07:33:38	1	0	1	0
           408	2025-02-04 07:33:44	1	0	1	0
           418	2025-02-04 07:35:23	1	0	1	0
           242	2025-02-04 07:36:27	1	0	1	0
           354	2025-02-04 07:39:03	1	0	1	0
           292	2025-02-04 07:39:08	1	0	1	0
           332	2025-02-04 07:40:47	1	0	1	0
           226	2025-02-04 07:44:41	1	0	1	0
           118	2025-02-04 07:44:45	1	0	1	0
           352	2025-02-04 07:46:02	1	0	1	0
           230	2025-02-04 07:47:43	1	0	1	0
           243	2025-02-04 07:50:00	1	0	1	0
           374	2025-02-04 07:50:59	1	0	1	0
           359	2025-02-04 07:52:35	1	0	1	0
            71	2025-02-04 07:52:51	1	0	1	0
           399	2025-02-04 07:52:58	1	0	1	0
           400	2025-02-04 07:54:57	1	0	1	0
           252	2025-02-04 07:55:04	1	0	1	0
           129	2025-02-04 07:58:11	1	0	1	0
           263	2025-02-04 07:58:33	1	0	1	0
            76	2025-02-04 07:58:45	1	0	1	0
           405	2025-02-04 08:10:11	1	0	1	0
           119	2025-02-04 08:10:40	1	0	1	0
           250	2025-02-04 08:10:42	1	0	1	0
           415	2025-02-04 08:15:21	1	0	1	0
           279	2025-02-04 11:01:39	1	0	15	0
           277	2025-02-04 11:03:03	1	0	1	0
           299	2025-02-04 11:03:32	1	0	1	0
           271	2025-02-04 11:04:24	1	0	1	0
           239	2025-02-04 11:04:35	1	0	1	0
           400	2025-02-04 11:05:01	1	0	1	0
           400	2025-02-04 11:09:40	1	0	1	0
           385	2025-02-04 11:09:54	1	0	15	0
           278	2025-02-04 11:10:43	1	0	1	0
           398	2025-02-04 11:31:37	1	0	1	0
            83	2025-02-04 11:31:58	1	0	1	0
           236	2025-02-04 11:32:24	1	0	1	0
           382	2025-02-04 11:32:43	1	1	1	0
           417	2025-02-04 11:33:43	1	1	1	0
           397	2025-02-04 11:34:24	1	1	1	0
           369	2025-02-04 11:34:48	1	1	1	0
           129	2025-02-04 11:39:26	1	1	1	0
           399	2025-02-04 11:48:52	1	1	1	0
           353	2025-02-04 11:49:13	1	1	1	0
           430	2025-02-04 11:54:54	1	1	1	0
           278	2025-02-04 11:56:44	1	1	1	0
            67	2025-02-04 11:57:16	1	1	1	0
           385	2025-02-04 11:57:32	1	1	1	0
           115	2025-02-04 12:00:31	1	1	1	0
           265	2025-02-04 12:00:48	1	1	1	0
           266	2025-02-04 12:01:02	1	1	1	0
           239	2025-02-04 12:01:12	1	1	1	0
           428	2025-02-04 12:01:39	1	1	1	0
           345	2025-02-04 12:01:43	1	1	1	0
           408	2025-02-04 12:01:49	1	1	1	0
           119	2025-02-04 12:01:55	1	1	1	0
           353	2025-02-04 12:02:55	1	1	1	0
           118	2025-02-04 12:03:47	1	1	1	0
           340	2025-02-04 12:03:58	1	1	1	0
            59	2025-02-04 12:04:09	1	1	1	0
            63	2025-02-04 12:04:19	1	1	1	0
           417	2025-02-04 12:04:29	1	1	1	0
           262	2025-02-04 12:05:14	1	1	1	0
           271	2025-02-04 12:05:25	1	1	1	0
           382	2025-02-04 12:06:09	1	0	1	0
           111	2025-02-04 12:06:20	1	0	1	0
           234	2025-02-04 12:06:34	1	0	1	0
           354	2025-02-04 12:06:38	1	0	1	0
            76	2025-02-04 12:06:42	1	0	1	0
           343	2025-02-04 12:06:49	1	0	1	0
           304	2025-02-04 12:07:11	1	0	1	0
           273	2025-02-04 12:07:17	1	0	1	0
           332	2025-02-04 12:07:30	1	1	1	0
           397	2025-02-04 12:07:53	1	0	1	0
           419	2025-02-04 12:08:01	1	0	1	0
           404	2025-02-04 12:08:07	1	0	15	0
           429	2025-02-04 12:08:23	1	0	1	0
           250	2025-02-04 12:08:27	1	0	1	0
           299	2025-02-04 12:08:38	1	0	1	0
           360	2025-02-04 12:09:05	1	0	1	0
            61	2025-02-04 12:09:15	1	0	1	0
           405	2025-02-04 12:09:31	1	0	1	0
           301	2025-02-04 12:09:55	1	0	1	0
           277	2025-02-04 12:10:52	1	0	1	0
           265	2025-02-04 12:11:39	1	0	1	0
           245	2025-02-04 12:11:46	1	0	1	0
           352	2025-02-04 12:12:27	1	0	1	0
           230	2025-02-04 12:13:20	1	0	1	0
            67	2025-02-04 12:13:23	1	0	1	0
           129	2025-02-04 12:13:37	1	0	1	0
           303	2025-02-04 12:13:41	1	0	1	0
           118	2025-02-04 12:13:56	1	0	1	0
           238	2025-02-04 12:14:38	1	0	1	0
           398	2025-02-04 12:15:26	1	0	1	0
           368	2025-02-04 12:15:32	1	0	1	0
           427	2025-02-04 12:15:58	1	0	4	0
           111	2025-02-04 12:17:05	1	0	1	0
            87	2025-02-04 12:17:10	1	0	1	0
           273	2025-02-04 12:17:16	1	0	1	0
           304	2025-02-04 12:17:18	1	0	1	0
            61	2025-02-04 12:17:32	1	0	1	0
           243	2025-02-04 12:17:39	1	0	1	0
           419	2025-02-04 12:17:51	1	0	1	0
           279	2025-02-04 12:18:31	1	0	15	0
           344	2025-02-04 12:19:05	1	0	1	0
           402	2025-02-04 12:20:31	1	0	1	0
           230	2025-02-04 12:20:41	1	0	1	0
           429	2025-02-04 12:21:16	1	0	1	0
            83	2025-02-04 12:25:03	1	0	1	0
           332	2025-02-04 12:25:30	1	0	1	0
           263	2025-02-04 12:29:19	1	0	1	0
           418	2025-02-04 12:30:52	1	0	1	0
           301	2025-02-04 12:30:57	1	0	1	0
           234	2025-02-04 12:31:03	1	0	1	0
           343	2025-02-04 12:31:14	1	0	1	0
           402	2025-02-04 12:31:38	1	0	1	0
           264	2025-02-04 12:31:48	1	0	1	0
           119	2025-02-04 12:32:36	1	0	1	0
           241	2025-02-04 12:32:43	1	0	1	0
           244	2025-02-04 12:32:55	1	0	1	0
           404	2025-02-04 12:34:12	1	0	15	0
           374	2025-02-04 12:34:28	1	0	1	0
            63	2025-02-04 12:35:06	1	0	1	0
           292	2025-02-04 12:38:21	1	0	1	0
           264	2025-02-04 12:39:00	1	0	1	0
           340	2025-02-04 12:39:13	1	0	1	0
           369	2025-02-04 12:39:21	1	0	1	0
           399	2025-02-04 12:39:30	1	0	1	0
           427	2025-02-04 12:39:34	1	0	4	0
           352	2025-02-04 12:41:11	1	0	1	0
           344	2025-02-04 12:41:21	1	0	1	0
           354	2025-02-04 12:41:27	1	0	1	0
            59	2025-02-04 12:43:37	1	0	1	0
           360	2025-02-04 12:43:53	1	0	1	0
           243	2025-02-04 12:44:06	1	0	1	0
            70	2025-02-04 12:45:03	1	0	1	0
           408	2025-02-04 12:45:16	1	0	1	0
           428	2025-02-04 12:45:28	1	0	1	0
           266	2025-02-04 12:46:05	1	0	1	0
           430	2025-02-04 12:46:41	1	0	1	0
           292	2025-02-04 12:50:00	1	0	1	0
           374	2025-02-04 12:50:40	1	0	1	0
           345	2025-02-04 12:52:01	1	0	1	0
           221	2025-02-04 12:52:13	1	0	15	0
           415	2025-02-04 12:52:31	1	0	1	0
           263	2025-02-04 12:52:34	1	0	1	0
            36	2025-02-04 12:52:38	1	0	1	0
           245	2025-02-04 12:54:36	1	0	1	0
           236	2025-02-04 12:54:55	1	0	1	0
           115	2025-02-04 12:55:41	1	0	1	0
           262	2025-02-04 12:56:10	1	0	1	0
           242	2025-02-04 12:56:46	1	0	1	0
            76	2025-02-04 13:00:01	1	0	1	0
           286	2025-02-04 14:54:27	1	0	1	0
           123	2025-02-04 15:13:08	1	0	1	0
           400	2025-02-04 16:05:30	1	0	1	0
           299	2025-02-04 17:00:23	1	1	1	0
            67	2025-02-04 17:00:54	1	1	1	0
           345	2025-02-04 17:00:57	1	1	1	0
           376	2025-02-04 17:01:28	1	1	1	0
           430	2025-02-04 17:01:33	1	1	1	0
           408	2025-02-04 17:01:37	1	1	1	0
           340	2025-02-04 17:01:43	1	1	1	0
           332	2025-02-04 17:02:14	1	1	1	0
            63	2025-02-04 17:02:17	1	1	1	0
            36	2025-02-04 17:02:26	1	1	1	0
           303	2025-02-04 17:02:34	1	1	1	0
            59	2025-02-04 17:02:40	1	1	1	0
           241	2025-02-04 17:02:46	1	1	1	0
           245	2025-02-04 17:02:57	1	1	1	0
           355	2025-02-04 17:03:10	1	1	1	0
           382	2025-02-04 17:03:43	1	1	1	0
           369	2025-02-04 17:03:45	1	1	1	0
           265	2025-02-04 17:03:55	1	1	1	0
           399	2025-02-04 17:04:03	1	1	1	0
           278	2025-02-04 17:04:42	1	1	1	0
           379	2025-02-04 17:04:56	1	1	1	0
           385	2025-02-04 17:05:05	1	1	1	0
           344	2025-02-04 17:05:12	1	1	1	0
           419	2025-02-04 17:05:36	1	1	1	0
           397	2025-02-04 17:05:57	1	1	1	0
           405	2025-02-04 17:06:12	1	1	1	0
            61	2025-02-04 17:06:32	1	1	1	0
           343	2025-02-04 17:06:37	1	1	1	0
           236	2025-02-04 17:06:57	1	1	1	0
           239	2025-02-04 17:07:06	1	1	1	0
            83	2025-02-04 17:07:54	1	1	1	0
           244	2025-02-04 17:08:17	1	1	1	0
           402	2025-02-04 17:08:36	1	1	1	0
           279	2025-02-04 17:09:17	1	1	15	0
           301	2025-02-04 17:09:40	1	1	1	0
           118	2025-02-04 17:09:47	1	1	1	0
           429	2025-02-04 17:10:13	1	1	1	0
           360	2025-02-04 17:10:18	1	1	1	0
           417	2025-02-04 17:11:10	1	1	1	0
           119	2025-02-04 17:12:23	1	1	1	0
           374	2025-02-04 17:12:44	1	1	1	0
           352	2025-02-04 17:12:50	1	1	1	0
           354	2025-02-04 17:13:41	1	1	1	0
            76	2025-02-04 17:14:00	1	1	1	0
           305	2025-02-04 17:16:22	1	1	1	0
           383	2025-02-04 17:16:27	1	1	1	0
           263	2025-02-04 17:19:45	1	1	1	0
           273	2025-02-04 17:22:01	1	1	1	0
           245	2025-02-04 17:22:12	1	1	1	0
           243	2025-02-04 17:26:08	1	1	1	0
           415	2025-02-04 17:26:32	1	1	1	0
            21	2025-02-04 17:26:54	1	1	15	0
           111	2025-02-04 17:27:14	1	1	1	0
           427	2025-02-04 17:33:02	1	1	1	0
           353	2025-02-04 17:36:23	1	1	1	0
           264	2025-02-04 17:42:10	1	1	1	0
           404	2025-02-04 18:06:18	1	1	1	0
           266	2025-02-04 18:11:13	1	1	1	0
           129	2025-02-04 18:25:15	1	1	1	0
           230	2025-02-04 18:26:19	1	1	1	0
           262	2025-02-04 18:29:48	1	1	1	0
           304	2025-02-04 18:38:57	1	1	1	0
           115	2025-02-04 18:39:03	1	1	1	0
           292	2025-02-04 18:39:14	1	1	1	0
           286	2025-02-04 23:03:24	1	1	1	0
           279	2025-02-05 06:12:47	1	1	15	0
           277	2025-02-05 06:17:09	1	1	1	0
           271	2025-02-05 06:18:49	1	1	1	0
           385	2025-02-05 06:19:11	1	1	1	0
           355	2025-02-05 06:39:30	1	1	1	0
           429	2025-02-05 06:40:59	1	1	1	0
           278	2025-02-05 06:45:44	1	1	1	0
           387	2025-02-05 06:46:23	1	1	1	0
           299	2025-02-05 06:47:31	1	1	1	0
           238	2025-02-05 06:47:46	1	1	1	0
           239	2025-02-05 06:49:43	1	1	1	0
           351	2025-02-05 06:51:32	1	1	1	0
           236	2025-02-05 06:57:06	1	1	1	0
            83	2025-02-05 07:01:26	1	1	1	0
           361	2025-02-05 07:08:27	1	1	1	0
           266	2025-02-05 07:08:55	1	1	1	0
           244	2025-02-05 07:09:19	1	1	1	0
           241	2025-02-05 07:09:22	1	1	1	0
            63	2025-02-05 07:11:54	1	1	1	0
           383	2025-02-05 07:11:58	1	1	1	0
           304	2025-02-05 07:12:22	1	1	1	0
            61	2025-02-05 07:13:00	1	1	1	0
           404	2025-02-05 07:13:35	1	1	1	0
           111	2025-02-05 07:16:00	1	1	1	0
           427	2025-02-05 07:17:49	1	1	4	0
           234	2025-02-05 07:17:57	1	1	1	0
           382	2025-02-05 07:18:24	1	1	1	0
           371	2025-02-05 07:18:47	1	1	1	0
            67	2025-02-05 07:18:56	1	1	1	0
           255	2025-02-05 07:19:31	1	1	1	0
           353	2025-02-05 07:20:07	1	1	1	0
           418	2025-02-05 07:20:27	1	1	1	0
           397	2025-02-05 07:20:39	1	0	1	0
           262	2025-02-05 07:20:42	1	0	1	0
            64	2025-02-05 07:21:56	1	0	1	0
           360	2025-02-05 07:22:01	1	0	1	0
           369	2025-02-05 07:22:32	1	0	1	0
           398	2025-02-05 07:23:33	1	0	1	0
           340	2025-02-05 07:23:42	1	0	1	0
           273	2025-02-05 07:24:14	1	0	1	0
           430	2025-02-05 07:26:18	1	0	1	0
           379	2025-02-05 07:27:05	1	0	1	0
           419	2025-02-05 07:30:25	1	0	1	0
           226	2025-02-05 07:30:57	1	0	1	0
           402	2025-02-05 07:31:13	1	0	1	0
           305	2025-02-05 07:31:29	1	0	1	0
           424	2025-02-05 07:32:01	1	0	1	0
           115	2025-02-05 07:32:26	1	0	1	0
           408	2025-02-05 07:32:36	1	0	1	0
           245	2025-02-05 07:33:18	1	0	1	0
           265	2025-02-05 07:34:16	1	0	1	0
           332	2025-02-05 07:34:24	1	0	1	0
           231	2025-02-05 07:34:35	1	0	1	0
            71	2025-02-05 07:35:19	1	0	1	0
           400	2025-02-05 07:36:33	1	0	1	0
           352	2025-02-05 07:36:51	1	0	1	0
           243	2025-02-05 07:39:01	1	0	1	0
            59	2025-02-05 07:41:44	1	0	1	0
           344	2025-02-05 07:42:06	1	0	1	0
           118	2025-02-05 07:44:28	1	0	1	0
           354	2025-02-05 07:45:50	1	0	1	0
           301	2025-02-05 07:47:14	1	0	1	0
           374	2025-02-05 07:47:25	1	0	1	0
           250	2025-02-05 07:47:59	1	0	1	0
           359	2025-02-05 07:49:46	1	0	1	0
           264	2025-02-05 07:50:32	1	0	1	0
           263	2025-02-05 07:52:07	1	0	1	0
           399	2025-02-05 07:53:44	1	0	1	0
           415	2025-02-05 07:55:27	1	0	1	0
           292	2025-02-05 07:55:44	1	0	1	0
            76	2025-02-05 07:59:58	1	0	1	0
           230	2025-02-05 08:03:00	1	0	1	0
           343	2025-02-05 08:10:34	1	0	1	0
           345	2025-02-05 08:15:10	1	0	1	0
           119	2025-02-05 08:19:13	1	0	1	0
           238	2025-02-05 11:02:09	1	0	15	0
           279	2025-02-05 11:02:26	1	0	15	0
           278	2025-02-05 11:02:44	1	0	1	0
           277	2025-02-05 11:02:48	1	0	1	0
           385	2025-02-05 11:02:57	1	0	1	0
           236	2025-02-05 11:03:06	1	0	1	0
           276	2025-02-05 11:03:19	1	0	1	0
           400	2025-02-05 11:04:31	1	0	1	0
           271	2025-02-05 11:04:51	1	0	1	0
           400	2025-02-05 11:10:07	1	0	1	0
           239	2025-02-05 11:10:33	1	0	1	0
            83	2025-02-05 11:31:27	1	0	1	0
           382	2025-02-05 11:32:04	1	0	15	0
           383	2025-02-05 11:32:53	1	0	1	0
           397	2025-02-05 11:33:22	1	0	1	0
           379	2025-02-05 11:33:34	1	0	1	0
           398	2025-02-05 11:38:25	1	1	1	0
           234	2025-02-05 11:38:52	1	1	1	0
           244	2025-02-05 11:42:56	1	1	1	0
           399	2025-02-05 11:52:01	1	1	1	0
           430	2025-02-05 11:52:27	1	1	1	0
           305	2025-02-05 11:52:56	1	1	1	0
            67	2025-02-05 11:54:29	1	1	1	0
           369	2025-02-05 11:59:02	1	1	1	0
           404	2025-02-05 12:00:23	1	1	1	0
           397	2025-02-05 12:00:30	1	1	1	0
           265	2025-02-05 12:00:33	1	1	1	0
           243	2025-02-05 12:00:49	1	1	1	0
           230	2025-02-05 12:00:54	1	1	1	0
           278	2025-02-05 12:01:09	1	1	1	0
           385	2025-02-05 12:01:17	1	1	1	0
           115	2025-02-05 12:01:24	1	1	1	0
           245	2025-02-05 12:01:27	1	1	1	0
            87	2025-02-05 12:01:34	1	1	1	0
           427	2025-02-05 12:01:40	1	1	4	0
           383	2025-02-05 12:01:48	1	1	1	0
            94	2025-02-05 12:02:04	1	1	1	0
            76	2025-02-05 12:02:08	1	1	1	0
           305	2025-02-05 12:02:24	1	1	1	0
           277	2025-02-05 12:02:37	1	1	1	0
           424	2025-02-05 12:02:49	1	1	1	0
           340	2025-02-05 12:02:57	1	1	1	0
           360	2025-02-05 12:03:03	1	1	1	0
            63	2025-02-05 12:03:08	1	1	1	0
           419	2025-02-05 12:03:20	1	1	1	0
           353	2025-02-05 12:03:46	1	1	1	0
           264	2025-02-05 12:03:49	1	1	1	0
           332	2025-02-05 12:03:58	1	1	1	0
           415	2025-02-05 12:04:12	1	1	1	0
           359	2025-02-05 12:04:18	1	1	1	0
           271	2025-02-05 12:04:23	1	1	1	0
           304	2025-02-05 12:05:01	1	1	1	0
           273	2025-02-05 12:05:05	1	1	1	0
           292	2025-02-05 12:05:12	1	1	1	0
           241	2025-02-05 12:05:30	1	1	1	0
           429	2025-02-05 12:06:30	1	1	1	0
           408	2025-02-05 12:06:54	1	1	1	0
           119	2025-02-05 12:07:48	1	1	1	0
           345	2025-02-05 12:09:09	1	1	1	0
           266	2025-02-05 12:09:11	1	1	1	0
           244	2025-02-05 12:10:02	1	1	1	0
           264	2025-02-05 12:11:19	1	1	1	0
           353	2025-02-05 12:11:24	1	1	1	0
           111	2025-02-05 12:11:53	1	1	1	0
           302	2025-02-05 12:11:58	1	1	15	0
           301	2025-02-05 12:12:08	1	1	1	0
            67	2025-02-05 12:13:18	1	1	1	0
           118	2025-02-05 12:13:34	1	1	1	0
           332	2025-02-05 12:14:57	1	0	1	0
            61	2025-02-05 12:15:20	1	0	1	0
           344	2025-02-05 12:15:50	1	0	1	0
            94	2025-02-05 12:16:01	1	0	1	0
           226	2025-02-05 12:17:26	1	0	1	0
           234	2025-02-05 12:17:58	1	0	1	0
           354	2025-02-05 12:18:02	1	0	1	0
           118	2025-02-05 12:19:20	1	0	1	0
           262	2025-02-05 12:19:53	1	0	1	0
           239	2025-02-05 12:21:12	1	0	1	0
           263	2025-02-05 12:21:21	1	0	1	0
           429	2025-02-05 12:21:45	1	0	1	0
           418	2025-02-05 12:21:53	1	0	1	0
           374	2025-02-05 12:22:43	1	0	1	0
           273	2025-02-05 12:22:47	1	0	1	0
           314	2025-02-05 12:23:25	1	0	1	0
           361	2025-02-05 12:23:29	1	0	1	0
           226	2025-02-05 12:26:08	1	0	1	0
           371	2025-02-05 12:26:26	1	0	1	0
           369	2025-02-05 12:26:42	1	0	1	0
           428	2025-02-05 12:27:55	1	0	1	0
           404	2025-02-05 12:28:16	1	0	1	0
           276	2025-02-05 12:29:04	1	0	1	0
           427	2025-02-05 12:30:11	1	0	1	0
           230	2025-02-05 12:30:18	1	0	1	0
           299	2025-02-05 12:30:37	1	0	1	0
            63	2025-02-05 12:31:27	1	0	1	0
           340	2025-02-05 12:31:42	1	0	1	0
           424	2025-02-05 12:31:50	1	0	1	0
           419	2025-02-05 12:32:02	1	0	1	0
           402	2025-02-05 12:32:13	1	0	1	0
           279	2025-02-05 12:32:44	1	0	15	0
           343	2025-02-05 12:35:35	1	0	1	0
           241	2025-02-05 12:35:51	1	0	1	0
           418	2025-02-05 12:36:06	1	0	1	0
           262	2025-02-05 12:36:11	1	0	1	0
           408	2025-02-05 12:36:39	1	0	1	0
           360	2025-02-05 12:36:42	1	0	1	0
           119	2025-02-05 12:36:46	1	0	1	0
           344	2025-02-05 12:38:50	1	0	1	0
           236	2025-02-05 12:39:08	1	0	1	0
           359	2025-02-05 12:41:07	1	0	1	0
           314	2025-02-05 12:41:56	1	0	1	0
           361	2025-02-05 12:42:02	1	0	1	0
            83	2025-02-05 12:42:56	1	0	1	0
           301	2025-02-05 12:43:01	1	0	1	0
           398	2025-02-05 12:43:08	1	0	1	0
           304	2025-02-05 12:43:12	1	0	1	0
           382	2025-02-05 12:43:32	1	0	1	0
           374	2025-02-05 12:44:01	1	0	1	0
           402	2025-02-05 12:44:11	1	0	1	0
           376	2025-02-05 12:44:19	1	0	1	0
           266	2025-02-05 12:44:24	1	0	1	0
           415	2025-02-05 12:46:46	1	0	1	0
           430	2025-02-05 12:47:21	1	0	1	0
           243	2025-02-05 12:47:25	1	0	1	0
           250	2025-02-05 12:48:31	1	0	1	0
           343	2025-02-05 12:49:15	1	0	1	0
           255	2025-02-05 12:49:45	1	0	1	0
            36	2025-02-05 12:51:46	1	0	1	0
           379	2025-02-05 12:52:26	1	0	1	0
           292	2025-02-05 12:54:59	1	0	1	0
           265	2025-02-05 12:55:40	1	0	1	0
           245	2025-02-05 12:55:45	1	0	1	0
            76	2025-02-05 12:55:53	1	0	1	0
           263	2025-02-05 12:55:55	1	0	1	0
           115	2025-02-05 12:56:11	1	0	1	0
           354	2025-02-05 12:59:25	1	0	1	0
           298	2025-02-05 14:01:13	1	0	1	0
           123	2025-02-05 14:39:29	1	0	1	0
           351	2025-02-05 15:07:53	1	0	1	0
           431	2025-02-05 15:40:27	1	0	1	0
           298	2025-02-05 16:07:14	1	0	1	0
           400	2025-02-05 16:08:52	1	0	1	0
           250	2025-02-05 16:52:51	1	0	1	0
           244	2025-02-05 17:00:25	1	0	1	0
           359	2025-02-05 17:00:27	1	0	1	0
           344	2025-02-05 17:01:10	1	1	1	0
           332	2025-02-05 17:01:14	1	1	1	0
           408	2025-02-05 17:01:24	1	1	1	0
           303	2025-02-05 17:01:30	1	1	1	0
            94	2025-02-05 17:01:35	1	1	1	0
            67	2025-02-05 17:01:43	1	1	1	0
           234	2025-02-05 17:02:02	1	1	1	0
           382	2025-02-05 17:02:17	1	1	1	0
           376	2025-02-05 17:02:20	1	1	1	0
           430	2025-02-05 17:02:51	1	1	1	0
           419	2025-02-05 17:02:57	1	1	1	0
           397	2025-02-05 17:02:59	1	1	1	0
           424	2025-02-05 17:03:11	1	1	1	0
           340	2025-02-05 17:03:17	1	1	1	0
           278	2025-02-05 17:03:24	1	1	1	0
           239	2025-02-05 17:03:30	1	1	1	0
           276	2025-02-05 17:03:41	1	1	1	0
           277	2025-02-05 17:03:45	1	1	1	0
           264	2025-02-05 17:03:55	1	1	1	0
           415	2025-02-05 17:04:00	1	1	1	0
           369	2025-02-05 17:04:02	1	1	1	0
            63	2025-02-05 17:04:13	1	1	1	0
           399	2025-02-05 17:04:22	1	1	1	0
           255	2025-02-05 17:04:30	1	1	1	0
           398	2025-02-05 17:04:50	1	1	1	0
           265	2025-02-05 17:05:11	1	1	1	0
            83	2025-02-05 17:05:21	1	1	1	0
           271	2025-02-05 17:05:26	1	1	1	0
           371	2025-02-05 17:05:32	1	1	1	0
           385	2025-02-05 17:05:54	1	1	1	0
           236	2025-02-05 17:05:59	1	1	1	0
           279	2025-02-05 17:07:01	1	1	15	0
           118	2025-02-05 17:07:21	1	1	1	0
           354	2025-02-05 17:07:33	1	1	1	0
           241	2025-02-05 17:07:48	1	1	1	0
           402	2025-02-05 17:08:02	1	1	1	0
           374	2025-02-05 17:09:20	1	1	1	0
           360	2025-02-05 17:10:58	1	1	1	0
           119	2025-02-05 17:12:11	1	1	1	0
            64	2025-02-05 17:12:19	1	1	1	0
           429	2025-02-05 17:12:26	1	1	1	0
           353	2025-02-05 17:12:41	1	1	1	0
           273	2025-02-05 17:14:17	1	1	1	0
           245	2025-02-05 17:14:19	1	1	1	0
           383	2025-02-05 17:14:37	1	1	1	0
           305	2025-02-05 17:14:39	1	1	1	0
           263	2025-02-05 17:19:08	1	1	1	0
           243	2025-02-05 17:20:52	1	1	1	0
           418	2025-02-05 17:29:32	1	1	1	0
           262	2025-02-05 17:35:55	1	1	1	0
           427	2025-02-05 17:41:22	1	1	4	0
           226	2025-02-05 17:42:05	1	1	1	0
            76	2025-02-05 17:47:27	1	1	1	0
           301	2025-02-05 17:49:48	1	1	1	0
           115	2025-02-05 17:56:21	1	1	1	0
           345	2025-02-05 17:58:02	1	1	1	0
           343	2025-02-05 17:58:26	1	1	1	0
           266	2025-02-05 17:59:46	1	1	1	0
           111	2025-02-05 17:59:51	1	1	1	0
           129	2025-02-05 18:01:37	1	1	1	0
           230	2025-02-05 18:02:41	1	1	1	0
           404	2025-02-05 18:20:38	1	1	1	0
           292	2025-02-05 21:00:12	1	1	1	0
           123	2025-02-05 23:38:27	1	1	1	0
           286	2025-02-05 23:39:22	1	1	15	0
           276	2025-02-06 06:13:25	1	1	1	0
           271	2025-02-06 06:14:35	1	1	1	0
           385	2025-02-06 06:15:02	1	1	1	0
           279	2025-02-06 06:20:14	1	1	15	0
           277	2025-02-06 06:21:16	1	1	1	0
           429	2025-02-06 06:24:41	1	1	1	0
           387	2025-02-06 06:30:19	1	1	1	0
           355	2025-02-06 06:36:56	1	1	1	0
           299	2025-02-06 06:46:08	1	1	1	0
           238	2025-02-06 06:46:21	1	1	1	0
           278	2025-02-06 06:47:18	1	1	1	0
           431	2025-02-06 06:47:45	1	1	1	0
           242	2025-02-06 06:50:17	1	1	1	0
           351	2025-02-06 06:54:24	1	1	1	0
           241	2025-02-06 06:56:43	1	1	1	0
           419	2025-02-06 06:56:49	1	1	1	0
            83	2025-02-06 06:57:42	1	1	1	0
           404	2025-02-06 06:58:02	1	1	1	0
           345	2025-02-06 07:00:26	1	1	1	0
            58	2025-02-06 07:02:08	1	1	15	0
           286	2025-02-06 07:04:38	1	1	1	0
            64	2025-02-06 07:05:30	1	1	1	0
           397	2025-02-06 07:08:10	1	0	1	0
           331	2025-02-06 07:12:23	1	0	1	0
            63	2025-02-06 07:12:34	1	0	1	0
           383	2025-02-06 07:12:46	1	0	1	0
           255	2025-02-06 07:14:43	1	0	1	0
           304	2025-02-06 07:15:50	1	0	1	0
           212	2025-02-06 07:17:21	1	0	1	0
           115	2025-02-06 07:17:37	1	0	1	0
           302	2025-02-06 07:17:46	1	0	1	0
           430	2025-02-06 07:17:51	1	0	1	0
           236	2025-02-06 07:17:57	1	0	1	0
            94	2025-02-06 07:18:24	1	0	1	0
            61	2025-02-06 07:18:49	1	0	1	0
           382	2025-02-06 07:20:04	1	0	1	0
           360	2025-02-06 07:20:33	1	0	1	0
           234	2025-02-06 07:21:35	1	0	1	0
           369	2025-02-06 07:22:18	1	0	1	0
           340	2025-02-06 07:23:08	1	0	1	0
           398	2025-02-06 07:23:18	1	0	1	0
           379	2025-02-06 07:23:27	1	0	1	0
           417	2025-02-06 07:23:39	1	0	1	0
           273	2025-02-06 07:23:46	1	0	1	0
           303	2025-02-06 07:25:53	1	0	1	0
            67	2025-02-06 07:27:29	1	0	1	0
           314	2025-02-06 07:27:39	1	0	1	0
           262	2025-02-06 07:28:39	1	0	1	0
           353	2025-02-06 07:28:43	1	0	1	0
           427	2025-02-06 07:29:18	1	0	1	0
           266	2025-02-06 07:29:23	1	0	1	0
           305	2025-02-06 07:29:28	1	0	1	0
           245	2025-02-06 07:29:32	1	0	1	0
           418	2025-02-06 07:30:27	1	0	1	0
           361	2025-02-06 07:30:55	1	0	1	0
           231	2025-02-06 07:31:18	1	0	1	0
            59	2025-02-06 07:32:30	1	0	1	0
           344	2025-02-06 07:32:42	1	0	1	0
           207	2025-02-06 07:32:48	1	0	1	0
           111	2025-02-06 07:34:52	1	0	1	0
           265	2025-02-06 07:36:20	1	0	1	0
           408	2025-02-06 07:37:17	1	0	1	0
           424	2025-02-06 07:38:10	1	0	1	0
           402	2025-02-06 07:39:51	1	0	1	0
           400	2025-02-06 07:40:13	1	0	1	0
           376	2025-02-06 07:44:02	1	0	1	0
           374	2025-02-06 07:44:15	1	0	1	0
           118	2025-02-06 07:44:21	1	0	1	0
           301	2025-02-06 07:47:18	1	0	1	0
           332	2025-02-06 07:47:35	1	0	1	0
            76	2025-02-06 07:54:13	1	0	1	0
           354	2025-02-06 07:54:54	1	0	1	0
           415	2025-02-06 07:56:19	1	0	1	0
           263	2025-02-06 07:56:27	1	0	1	0
           264	2025-02-06 07:56:55	1	0	1	0
           243	2025-02-06 07:58:08	1	0	1	0
           292	2025-02-06 07:59:48	1	0	1	0
           230	2025-02-06 08:00:31	1	0	1	0
           129	2025-02-06 08:05:23	1	0	1	0
           250	2025-02-06 08:12:06	1	0	1	0
           343	2025-02-06 08:13:12	1	0	1	0
            71	2025-02-06 08:21:19	1	0	1	0
           119	2025-02-06 08:23:44	1	0	1	0
           405	2025-02-06 08:27:56	1	0	1	0
           299	2025-02-06 11:01:28	1	0	1	0
           278	2025-02-06 11:01:33	1	0	1	0
           238	2025-02-06 11:01:38	1	0	1	0
           385	2025-02-06 11:01:45	1	0	1	0
           239	2025-02-06 11:02:20	1	0	1	0
           276	2025-02-06 11:02:39	1	0	1	0
           236	2025-02-06 11:02:45	1	0	1	0
           279	2025-02-06 11:02:48	1	0	15	0
           277	2025-02-06 11:03:03	1	0	1	0
           271	2025-02-06 11:03:29	1	0	1	0
           400	2025-02-06 11:05:23	1	0	1	0
           400	2025-02-06 11:12:00	1	0	1	0
            58	2025-02-06 11:29:40	1	0	1	0
           397	2025-02-06 11:30:23	1	0	1	0
           382	2025-02-06 11:31:49	1	1	1	0
           305	2025-02-06 11:32:18	1	1	1	0
           234	2025-02-06 11:33:07	1	1	1	0
           398	2025-02-06 11:33:11	1	1	1	0
           369	2025-02-06 11:34:40	1	1	1	0
           417	2025-02-06 11:36:27	1	1	1	0
           212	2025-02-06 11:36:31	1	1	1	0
           371	2025-02-06 11:37:39	1	1	1	0
            83	2025-02-06 11:41:27	1	1	1	0
           430	2025-02-06 11:46:32	1	1	1	0
            67	2025-02-06 11:59:41	1	1	1	0
           230	2025-02-06 11:59:48	1	1	1	0
           402	2025-02-06 11:59:53	1	1	1	0
           419	2025-02-06 12:00:53	1	1	1	0
           354	2025-02-06 12:01:13	1	1	1	0
           212	2025-02-06 12:01:31	1	1	1	0
           241	2025-02-06 12:01:50	1	1	1	0
           115	2025-02-06 12:02:17	1	1	1	0
           111	2025-02-06 12:02:21	1	1	1	0
           304	2025-02-06 12:02:27	1	1	1	0
           273	2025-02-06 12:02:30	1	1	1	0
           271	2025-02-06 12:02:38	1	1	1	0
           278	2025-02-06 12:02:48	1	1	1	0
           385	2025-02-06 12:02:54	1	1	1	0
           382	2025-02-06 12:03:07	1	1	1	0
           408	2025-02-06 12:03:12	1	1	1	0
           119	2025-02-06 12:03:29	1	1	1	0
           353	2025-02-06 12:03:34	1	1	1	0
           386	2025-02-06 12:04:06	1	1	1	0
           340	2025-02-06 12:04:08	1	1	1	0
           424	2025-02-06 12:04:27	1	1	1	0
           234	2025-02-06 12:04:36	1	1	1	0
           292	2025-02-06 12:04:42	1	1	1	0
            94	2025-02-06 12:04:50	1	1	1	0
           359	2025-02-06 12:04:56	1	1	1	0
            63	2025-02-06 12:05:02	1	1	1	0
           207	2025-02-06 12:05:06	1	1	1	0
           405	2025-02-06 12:05:09	1	1	1	0
           404	2025-02-06 12:05:19	1	1	1	0
           415	2025-02-06 12:05:28	1	1	1	0
           242	2025-02-06 12:05:41	1	1	1	0
           360	2025-02-06 12:05:57	1	1	1	0
            71	2025-02-06 12:06:34	1	1	1	0
           301	2025-02-06 12:06:47	1	1	1	0
           345	2025-02-06 12:07:07	1	1	1	0
           397	2025-02-06 12:07:24	1	1	1	0
           287	2025-02-06 12:07:58	1	1	1	0
            76	2025-02-06 12:08:07	1	1	1	0
           383	2025-02-06 12:08:27	1	1	1	0
           429	2025-02-06 12:08:51	1	1	1	0
           277	2025-02-06 12:09:01	1	1	1	0
           353	2025-02-06 12:09:11	1	1	1	0
           343	2025-02-06 12:09:15	1	1	1	0
            61	2025-02-06 12:09:36	1	1	1	0
           332	2025-02-06 12:09:42	1	1	1	0
           263	2025-02-06 12:10:15	1	1	1	0
           427	2025-02-06 12:10:28	1	1	1	0
            64	2025-02-06 12:11:32	1	1	1	0
           250	2025-02-06 12:12:37	1	1	1	0
           304	2025-02-06 12:12:54	1	1	1	0
           273	2025-02-06 12:13:02	1	1	1	0
           243	2025-02-06 12:13:11	1	1	1	0
           302	2025-02-06 12:13:57	1	1	1	0
           331	2025-02-06 12:14:01	1	1	1	0
           429	2025-02-06 12:14:09	1	1	1	0
            61	2025-02-06 12:14:14	1	1	1	0
            67	2025-02-06 12:14:16	1	1	1	0
           230	2025-02-06 12:14:28	1	1	1	0
            94	2025-02-06 12:14:37	1	1	1	0
           118	2025-02-06 12:15:13	1	1	1	0
           402	2025-02-06 12:16:33	1	1	1	0
           303	2025-02-06 12:16:40	1	1	1	0
           332	2025-02-06 12:16:44	1	1	1	0
            59	2025-02-06 12:16:47	1	1	1	0
           231	2025-02-06 12:17:38	1	1	1	0
           287	2025-02-06 12:18:08	1	1	1	0
           266	2025-02-06 12:18:29	1	1	1	0
           265	2025-02-06 12:18:49	1	1	1	0
           245	2025-02-06 12:18:52	1	1	1	0
           343	2025-02-06 12:19:45	1	1	1	0
           344	2025-02-06 12:20:10	1	1	1	0
           292	2025-02-06 12:20:30	1	1	1	0
           376	2025-02-06 12:20:38	1	1	1	0
           305	2025-02-06 12:20:55	1	1	1	0
           383	2025-02-06 12:20:59	1	1	1	0
           314	2025-02-06 12:23:32	1	1	1	0
           279	2025-02-06 12:25:11	1	1	15	0
           374	2025-02-06 12:26:07	1	1	1	0
           241	2025-02-06 12:28:07	1	1	1	0
           301	2025-02-06 12:28:26	1	1	1	0
           405	2025-02-06 12:29:59	1	1	1	0
            71	2025-02-06 12:30:07	1	1	1	0
           359	2025-02-06 12:30:10	1	1	1	0
           299	2025-02-06 12:31:03	1	1	1	0
           238	2025-02-06 12:31:09	1	1	1	0
           331	2025-02-06 12:31:15	1	1	1	0
           245	2025-02-06 12:32:52	1	1	1	0
           265	2025-02-06 12:33:01	1	1	1	0
           404	2025-02-06 12:33:40	1	1	1	0
           340	2025-02-06 12:35:33	1	0	1	0
           432	2025-02-06 12:37:54	1	0	15	0
           276	2025-02-06 12:38:15	1	0	1	0
           408	2025-02-06 12:38:19	1	0	1	0
           428	2025-02-06 12:38:27	1	0	1	0
           119	2025-02-06 12:38:31	1	0	1	0
           243	2025-02-06 12:38:38	1	0	1	0
           266	2025-02-06 12:39:58	1	0	1	0
           369	2025-02-06 12:40:05	1	0	1	0
           386	2025-02-06 12:40:10	1	0	1	0
           415	2025-02-06 12:40:27	1	0	1	0
            83	2025-02-06 12:40:50	1	0	1	0
           427	2025-02-06 12:41:04	1	0	1	0
           430	2025-02-06 12:44:30	1	0	1	0
           374	2025-02-06 12:44:50	1	0	1	0
           376	2025-02-06 12:44:52	1	0	1	0
           111	2025-02-06 12:45:42	1	0	1	0
           231	2025-02-06 12:46:25	1	0	1	0
           239	2025-02-06 12:47:15	1	0	1	0
           250	2025-02-06 12:47:53	1	0	1	0
           361	2025-02-06 12:48:41	1	0	1	0
           360	2025-02-06 12:51:45	1	0	1	0
           263	2025-02-06 12:51:50	1	0	1	0
            58	2025-02-06 12:52:36	1	0	1	0
           345	2025-02-06 12:52:51	1	0	1	0
           354	2025-02-06 12:52:59	1	0	1	0
           419	2025-02-06 12:55:15	1	0	1	0
            76	2025-02-06 12:55:26	1	0	1	0
           236	2025-02-06 12:55:32	1	0	1	0
           262	2025-02-06 12:56:16	1	0	1	0
           398	2025-02-06 13:04:30	1	0	1	0
           351	2025-02-06 15:10:58	1	0	1	0
           431	2025-02-06 15:11:50	1	0	15	0
           343	2025-02-06 16:28:56	1	0	1	0
           400	2025-02-06 16:31:17	1	0	1	0
           243	2025-02-06 16:46:11	1	0	1	0
           250	2025-02-06 16:57:25	1	0	1	0
           301	2025-02-06 17:00:16	1	0	1	0
            71	2025-02-06 17:00:22	1	0	1	0
            67	2025-02-06 17:00:25	1	0	1	0
           303	2025-02-06 17:00:32	1	0	1	0
           426	2025-02-06 17:00:36	1	0	1	0
           344	2025-02-06 17:00:41	1	0	1	0
           332	2025-02-06 17:00:54	1	0	1	0
           236	2025-02-06 17:01:04	1	0	1	0
            94	2025-02-06 17:01:11	1	0	1	0
           278	2025-02-06 17:01:31	1	0	1	0
           340	2025-02-06 17:01:42	1	0	1	0
            63	2025-02-06 17:01:44	1	0	1	0
           424	2025-02-06 17:02:05	1	0	1	0
           382	2025-02-06 17:02:30	1	0	1	0
           299	2025-02-06 17:02:34	1	0	1	0
           238	2025-02-06 17:02:52	1	0	1	0
           361	2025-02-06 17:02:59	1	0	1	0
           376	2025-02-06 17:03:03	1	0	1	0
           432	2025-02-06 17:03:10	1	0	1	0
           397	2025-02-06 17:03:24	1	0	1	0
           207	2025-02-06 17:03:33	1	0	1	0
           345	2025-02-06 17:03:38	1	0	1	0
            59	2025-02-06 17:03:40	1	0	1	0
           241	2025-02-06 17:03:45	1	0	1	0
           398	2025-02-06 17:03:51	1	0	1	0
           271	2025-02-06 17:03:56	1	0	1	0
           385	2025-02-06 17:04:09	1	0	1	0
           419	2025-02-06 17:04:16	1	0	1	0
           239	2025-02-06 17:04:33	1	0	1	0
           430	2025-02-06 17:04:43	1	0	1	0
           279	2025-02-06 17:05:00	1	0	15	0
           276	2025-02-06 17:05:29	1	0	1	0
           277	2025-02-06 17:05:40	1	0	1	0
           119	2025-02-06 17:05:50	1	0	1	0
            61	2025-02-06 17:05:58	1	0	1	0
           290	2025-02-06 17:06:03	1	0	1	0
           331	2025-02-06 17:06:35	1	0	1	0
           386	2025-02-06 17:06:53	1	0	1	0
           369	2025-02-06 17:06:55	1	0	1	0
           405	2025-02-06 17:07:02	1	0	1	0
           415	2025-02-06 17:07:18	1	0	1	0
           255	2025-02-06 17:07:33	1	0	1	0
           360	2025-02-06 17:08:06	1	0	1	0
           118	2025-02-06 17:09:06	1	0	1	0
           374	2025-02-06 17:09:17	1	0	1	0
           402	2025-02-06 17:09:28	1	0	1	0
           408	2025-02-06 17:09:43	1	0	1	0
            58	2025-02-06 17:09:51	1	0	1	0
           265	2025-02-06 17:11:04	1	0	1	0
           379	2025-02-06 17:11:08	1	0	1	0
           404	2025-02-06 17:11:20	1	0	1	0
            76	2025-02-06 17:11:24	1	0	1	0
            64	2025-02-06 17:12:08	1	0	1	0
           305	2025-02-06 17:12:26	1	0	1	0
           383	2025-02-06 17:12:28	1	0	1	0
           273	2025-02-06 17:12:38	1	0	1	0
           245	2025-02-06 17:12:58	1	0	1	0
           252	2025-02-06 17:14:27	1	0	1	0
           354	2025-02-06 17:14:41	1	0	1	0
           429	2025-02-06 17:15:28	1	0	1	0
           427	2025-02-06 17:15:38	1	0	1	0
           304	2025-02-06 17:16:58	1	0	1	0
           263	2025-02-06 17:17:36	1	0	1	0
           418	2025-02-06 17:19:09	1	0	1	0
           231	2025-02-06 17:27:43	1	0	1	0
           230	2025-02-06 17:28:09	1	0	1	0
           264	2025-02-06 17:33:29	1	0	1	0
           353	2025-02-06 17:33:42	1	0	1	0
           115	2025-02-06 17:41:33	1	0	1	0
           292	2025-02-06 17:41:39	1	0	1	0
           242	2025-02-06 17:43:50	1	0	1	0
           266	2025-02-06 21:01:44	1	0	1	0
           286	2025-02-06 22:47:37	1	0	1	0
           271	2025-02-07 05:58:06	1	0	1	0
           385	2025-02-07 06:19:04	1	0	1	0
           276	2025-02-07 06:24:17	1	0	1	0
           279	2025-02-07 06:24:23	1	0	15	0
           277	2025-02-07 06:25:05	1	0	1	0
            87	2025-02-07 06:28:04	1	0	1	0
           404	2025-02-07 06:30:32	1	0	1	0
           355	2025-02-07 06:36:49	1	0	1	0
           387	2025-02-07 06:45:52	1	0	1	0
           431	2025-02-07 06:50:20	1	0	1	0
           299	2025-02-07 06:52:19	1	0	1	0
           238	2025-02-07 06:52:32	1	0	1	0
           239	2025-02-07 06:52:39	1	0	1	0
           278	2025-02-07 06:54:31	1	0	1	0
           241	2025-02-07 06:57:00	1	0	1	0
           286	2025-02-07 07:01:34	1	0	1	0
           417	2025-02-07 07:05:05	1	0	1	0
           432	2025-02-07 07:11:08	1	0	1	0
           376	2025-02-07 07:11:20	1	0	1	0
           304	2025-02-07 07:12:57	1	0	1	0
           331	2025-02-07 07:14:03	1	0	1	0
            63	2025-02-07 07:14:30	1	0	1	0
           383	2025-02-07 07:14:42	1	0	1	0
            58	2025-02-07 07:15:40	1	0	15	0
           397	2025-02-07 07:17:06	1	0	1	0
           244	2025-02-07 07:17:18	1	0	1	0
           236	2025-02-07 07:20:01	1	0	1	0
            64	2025-02-07 07:20:12	1	0	1	0
           243	2025-02-07 07:21:45	1	0	1	0
           418	2025-02-07 07:21:56	1	0	1	0
           212	2025-02-07 07:22:14	1	0	1	0
           398	2025-02-07 07:22:23	1	0	1	0
           340	2025-02-07 07:22:35	1	0	1	0
           115	2025-02-07 07:23:18	1	0	1	0
           234	2025-02-07 07:23:44	1	0	1	0
           382	2025-02-07 07:24:18	1	0	1	0
           379	2025-02-07 07:27:09	1	0	1	0
           353	2025-02-07 07:28:26	1	0	1	0
           427	2025-02-07 07:28:47	1	0	1	0
           430	2025-02-07 07:29:50	1	0	1	0
           360	2025-02-07 07:30:48	1	0	1	0
           399	2025-02-07 07:31:05	1	0	1	0
           305	2025-02-07 07:31:11	1	0	1	0
           303	2025-02-07 07:33:50	1	0	1	0
           273	2025-02-07 07:34:14	1	0	1	0
           111	2025-02-07 07:34:18	1	0	1	0
            61	2025-02-07 07:34:24	1	0	1	0
            94	2025-02-07 07:34:28	1	0	1	0
           400	2025-02-07 07:36:10	1	0	1	0
           402	2025-02-07 07:37:26	1	0	1	0
            59	2025-02-07 07:37:38	1	0	1	0
           419	2025-02-07 07:37:58	1	0	1	0
           344	2025-02-07 07:38:06	1	0	1	0
           369	2025-02-07 07:38:12	1	0	1	0
            67	2025-02-07 07:38:47	1	0	1	0
           207	2025-02-07 07:38:53	1	0	1	0
           265	2025-02-07 07:40:11	1	0	1	0
           245	2025-02-07 07:40:18	1	0	1	0
           118	2025-02-07 07:41:53	1	0	1	0
           374	2025-02-07 07:44:29	1	0	1	0
           424	2025-02-07 07:45:48	1	0	1	0
           226	2025-02-07 07:46:37	1	0	1	0
           332	2025-02-07 07:49:46	1	0	1	0
           429	2025-02-07 07:50:02	1	0	1	0
           354	2025-02-07 07:50:07	1	0	1	0
           264	2025-02-07 07:50:29	1	0	1	0
           359	2025-02-07 07:50:37	1	0	1	0
           426	2025-02-07 07:54:37	1	0	1	0
           408	2025-02-07 07:57:09	1	0	1	0
           415	2025-02-07 07:57:50	1	0	1	0
           250	2025-02-07 08:00:45	1	0	1	0
           235	2025-02-07 08:01:09	1	0	1	0
            76	2025-02-07 08:03:59	1	0	1	0
           230	2025-02-07 08:04:35	1	0	1	0
           263	2025-02-07 08:07:51	1	0	1	0
           343	2025-02-07 08:13:15	1	0	1	0
           129	2025-02-07 08:13:20	1	0	1	0
           301	2025-02-07 08:14:07	1	0	1	0
           292	2025-02-07 08:22:27	1	0	1	0
           119	2025-02-07 08:33:27	1	0	1	0
            71	2025-02-07 08:40:33	1	0	1	0
           405	2025-02-07 08:44:08	1	0	1	0
           400	2025-02-07 11:01:18	1	0	1	0
           238	2025-02-07 11:03:43	1	0	1	0
           236	2025-02-07 11:04:07	1	0	1	0
           276	2025-02-07 11:04:43	1	0	1	0
           279	2025-02-07 11:04:48	1	0	15	0
           277	2025-02-07 11:05:01	1	0	1	0
           239	2025-02-07 11:05:06	1	0	1	0
           271	2025-02-07 11:05:20	1	0	1	0
           278	2025-02-07 11:06:10	1	0	1	0
           385	2025-02-07 11:06:22	1	0	1	0
           400	2025-02-07 11:06:31	1	0	1	0
           417	2025-02-07 11:31:00	1	0	1	0
           382	2025-02-07 11:31:26	1	0	15	0
           234	2025-02-07 11:31:59	1	0	1	0
            83	2025-02-07 11:32:26	1	0	1	0
           379	2025-02-07 11:32:52	1	0	1	0
           397	2025-02-07 11:33:28	1	1	1	0
           398	2025-02-07 11:35:40	1	1	1	0
           212	2025-02-07 11:35:43	1	1	1	0
            58	2025-02-07 11:35:54	1	1	15	0
           368	2025-02-07 11:37:41	1	1	1	0
           207	2025-02-07 11:41:56	1	1	1	0
            67	2025-02-07 11:56:31	1	1	1	0
           419	2025-02-07 12:00:52	1	1	1	0
            30	2025-02-07 12:00:57	1	1	1	0
           368	2025-02-07 12:01:13	1	1	1	0
           241	2025-02-07 12:01:23	1	1	1	0
           212	2025-02-07 12:01:29	1	1	1	0
           402	2025-02-07 12:01:46	1	1	1	0
           404	2025-02-07 12:01:48	1	1	1	0
           305	2025-02-07 12:01:53	1	1	1	0
           332	2025-02-07 12:01:56	1	1	1	0
           271	2025-02-07 12:02:17	1	1	1	0
           432	2025-02-07 12:02:23	1	1	1	0
           278	2025-02-07 12:02:30	1	1	1	0
           385	2025-02-07 12:02:40	1	1	1	0
           230	2025-02-07 12:02:45	1	1	1	0
           383	2025-02-07 12:02:53	1	1	1	0
           277	2025-02-07 12:03:01	1	1	1	0
           430	2025-02-07 12:03:08	1	1	1	0
           235	2025-02-07 12:03:12	1	1	1	0
           250	2025-02-07 12:03:47	1	1	1	0
           408	2025-02-07 12:03:58	1	1	1	0
           360	2025-02-07 12:04:13	1	1	1	0
           343	2025-02-07 12:04:36	1	1	1	0
           238	2025-02-07 12:04:55	1	1	1	0
           353	2025-02-07 12:05:04	1	1	1	0
           264	2025-02-07 12:05:09	1	1	1	0
           429	2025-02-07 12:05:34	1	1	1	0
           314	2025-02-07 12:05:39	1	1	1	0
           299	2025-02-07 12:06:04	1	1	1	0
           354	2025-02-07 12:06:14	1	1	1	0
           119	2025-02-07 12:06:17	1	1	1	0
           415	2025-02-07 12:06:37	1	1	1	0
           369	2025-02-07 12:06:54	1	1	1	0
           399	2025-02-07 12:06:59	1	1	1	0
            94	2025-02-07 12:07:07	1	1	1	0
           418	2025-02-07 12:07:16	1	1	1	0
           340	2025-02-07 12:08:25	1	1	1	0
            59	2025-02-07 12:08:31	1	1	1	0
            63	2025-02-07 12:08:45	1	1	1	0
           424	2025-02-07 12:08:56	1	1	1	0
           304	2025-02-07 12:10:05	1	1	1	0
           273	2025-02-07 12:10:07	1	1	1	0
            87	2025-02-07 12:11:50	1	1	1	0
           264	2025-02-07 12:12:13	1	1	1	0
           353	2025-02-07 12:12:20	1	1	1	0
           382	2025-02-07 12:12:42	1	0	1	0
           303	2025-02-07 12:12:44	1	0	1	0
           245	2025-02-07 12:12:53	1	0	1	0
           265	2025-02-07 12:13:02	1	0	1	0
           332	2025-02-07 12:13:05	1	0	1	0
           417	2025-02-07 12:13:10	1	0	1	0
           344	2025-02-07 12:13:25	1	0	1	0
            67	2025-02-07 12:13:46	1	0	1	0
            94	2025-02-07 12:14:01	1	0	1	0
           331	2025-02-07 12:14:29	1	0	1	0
           266	2025-02-07 12:15:30	1	0	1	0
           118	2025-02-07 12:15:38	1	0	1	0
           383	2025-02-07 12:15:51	1	0	1	0
           207	2025-02-07 12:15:55	1	0	1	0
           305	2025-02-07 12:15:58	1	0	1	0
           255	2025-02-07 12:16:23	1	0	1	0
           111	2025-02-07 12:16:33	1	0	1	0
           115	2025-02-07 12:16:55	1	0	1	0
           374	2025-02-07 12:17:00	1	0	1	0
           429	2025-02-07 12:17:06	1	0	1	0
           397	2025-02-07 12:17:17	1	0	1	0
           292	2025-02-07 12:17:30	1	0	1	0
            61	2025-02-07 12:17:49	1	0	1	0
            87	2025-02-07 12:18:20	1	0	1	0
           427	2025-02-07 12:18:30	1	0	1	0
           235	2025-02-07 12:19:13	1	0	1	0
           226	2025-02-07 12:19:22	1	0	1	0
           279	2025-02-07 12:19:30	1	0	15	0
           243	2025-02-07 12:19:45	1	0	1	0
           245	2025-02-07 12:20:43	1	0	1	0
           287	2025-02-07 12:22:05	1	0	1	0
           359	2025-02-07 12:23:34	1	0	1	0
            71	2025-02-07 12:23:41	1	0	1	0
           301	2025-02-07 12:23:52	1	0	1	0
           118	2025-02-07 12:24:06	1	0	1	0
           376	2025-02-07 12:25:55	1	1	1	0
           250	2025-02-07 12:26:41	1	1	1	0
            61	2025-02-07 12:27:08	1	1	1	0
            92	2025-02-07 12:28:33	1	1	1	0
           405	2025-02-07 12:28:50	1	1	1	0
           230	2025-02-07 12:29:53	1	1	1	0
            59	2025-02-07 12:30:06	1	1	1	0
           266	2025-02-07 12:30:20	1	1	1	0
           111	2025-02-07 12:30:32	1	1	1	0
           276	2025-02-07 12:30:42	1	1	1	0
           402	2025-02-07 12:31:29	1	1	1	0
           415	2025-02-07 12:31:38	1	1	1	0
           404	2025-02-07 12:32:29	1	1	1	0
           287	2025-02-07 12:32:46	1	1	1	0
           226	2025-02-07 12:32:55	1	1	1	0
           360	2025-02-07 12:33:07	1	1	1	0
           263	2025-02-07 12:33:13	1	1	1	0
           424	2025-02-07 12:33:41	1	1	1	0
           340	2025-02-07 12:33:53	1	0	1	0
           241	2025-02-07 12:34:10	1	0	1	0
           354	2025-02-07 12:34:14	1	0	1	0
           369	2025-02-07 12:35:42	1	0	1	0
           428	2025-02-07 12:38:01	1	0	15	0
           408	2025-02-07 12:38:11	1	0	1	0
           119	2025-02-07 12:38:15	1	0	1	0
           419	2025-02-07 12:38:20	1	0	1	0
           344	2025-02-07 12:38:29	1	0	1	0
            63	2025-02-07 12:39:26	1	0	1	0
           263	2025-02-07 12:40:39	1	0	1	0
           418	2025-02-07 12:41:21	1	0	1	0
           243	2025-02-07 12:41:24	1	0	1	0
           331	2025-02-07 12:42:24	1	0	1	0
           262	2025-02-07 12:42:44	1	0	1	0
            83	2025-02-07 12:43:24	1	0	1	0
           432	2025-02-07 12:44:41	1	0	1	0
           273	2025-02-07 12:44:53	1	0	1	0
           304	2025-02-07 12:44:54	1	0	1	0
           234	2025-02-07 12:45:11	1	0	1	0
           115	2025-02-07 12:45:50	1	0	1	0
           374	2025-02-07 12:45:55	1	0	1	0
           359	2025-02-07 12:46:59	1	0	1	0
           405	2025-02-07 12:47:18	1	0	1	0
           262	2025-02-07 12:47:30	1	0	1	0
           301	2025-02-07 12:50:29	1	0	1	0
            58	2025-02-07 12:51:22	1	0	15	0
           343	2025-02-07 12:51:46	1	0	1	0
            36	2025-02-07 12:53:29	1	0	1	0
            76	2025-02-07 12:54:03	1	0	1	0
           239	2025-02-07 12:54:18	1	0	1	0
           430	2025-02-07 12:55:22	1	0	1	0
           236	2025-02-07 12:57:23	1	0	1	0
            71	2025-02-07 12:58:44	1	0	1	0
           265	2025-02-07 12:59:38	1	0	1	0
           427	2025-02-07 13:07:23	1	0	1	0
           398	2025-02-07 13:12:08	1	0	1	0
           123	2025-02-07 14:51:45	1	0	1	0
           431	2025-02-07 15:01:27	1	0	15	0
           400	2025-02-07 16:12:09	1	0	1	0
           250	2025-02-07 16:47:59	1	0	1	0
           314	2025-02-07 17:00:11	1	0	1	0
           343	2025-02-07 17:00:13	1	0	1	0
           238	2025-02-07 17:00:21	1	0	1	0
           236	2025-02-07 17:00:25	1	0	1	0
           432	2025-02-07 17:00:28	1	0	1	0
           398	2025-02-07 17:00:32	1	0	1	0
            94	2025-02-07 17:00:48	1	0	1	0
            67	2025-02-07 17:00:53	1	0	1	0
            61	2025-02-07 17:00:57	1	0	1	0
           344	2025-02-07 17:01:08	1	0	1	0
           212	2025-02-07 17:01:16	1	0	1	0
            58	2025-02-07 17:01:22	1	0	15	0
           371	2025-02-07 17:01:30	1	0	1	0
           244	2025-02-07 17:01:38	1	0	1	0
           402	2025-02-07 17:01:40	1	0	1	0
           397	2025-02-07 17:01:43	1	0	1	0
           234	2025-02-07 17:01:47	1	0	1	0
           383	2025-02-07 17:01:49	1	0	1	0
           265	2025-02-07 17:01:55	1	0	1	0
           239	2025-02-07 17:02:00	1	0	1	0
           264	2025-02-07 17:02:02	1	0	1	0
            59	2025-02-07 17:02:07	1	0	1	0
           382	2025-02-07 17:02:31	1	0	1	0
           379	2025-02-07 17:02:33	1	0	1	0
           276	2025-02-07 17:02:45	1	0	1	0
           430	2025-02-07 17:02:51	1	0	1	0
            71	2025-02-07 17:02:57	1	0	1	0
           419	2025-02-07 17:03:04	1	0	1	0
           340	2025-02-07 17:03:07	1	0	1	0
           359	2025-02-07 17:03:15	1	0	1	0
           279	2025-02-07 17:03:21	1	0	15	0
           424	2025-02-07 17:03:42	1	0	1	0
           417	2025-02-07 17:03:48	1	0	1	0
           332	2025-02-07 17:04:05	1	0	1	0
           408	2025-02-07 17:04:26	1	0	1	0
           255	2025-02-07 17:04:49	1	0	1	0
            83	2025-02-07 17:04:58	1	0	1	0
           271	2025-02-07 17:05:05	1	0	1	0
            64	2025-02-07 17:05:29	1	0	1	0
           385	2025-02-07 17:05:39	1	0	1	0
           301	2025-02-07 17:05:51	1	0	1	0
           374	2025-02-07 17:06:05	1	0	1	0
           230	2025-02-07 17:06:29	1	0	1	0
           427	2025-02-07 17:07:05	1	0	1	0
           118	2025-02-07 17:07:17	1	0	1	0
            63	2025-02-07 17:07:47	1	0	1	0
           241	2025-02-07 17:07:55	1	0	1	0
           207	2025-02-07 17:08:35	1	0	1	0
            36	2025-02-07 17:09:11	1	0	1	0
           354	2025-02-07 17:10:48	1	0	1	0
           245	2025-02-07 17:10:56	1	0	1	0
           360	2025-02-07 17:11:27	1	0	1	0
           119	2025-02-07 17:11:31	1	0	1	0
           368	2025-02-07 17:11:44	1	0	1	0
           263	2025-02-07 17:12:15	1	0	1	0
           369	2025-02-07 17:12:18	1	0	1	0
           415	2025-02-07 17:12:26	1	0	1	0
           429	2025-02-07 17:13:31	1	0	1	0
           305	2025-02-07 17:13:36	1	0	1	0
           243	2025-02-07 17:15:23	1	0	1	0
           262	2025-02-07 17:15:36	1	0	1	0
           111	2025-02-07 17:16:30	1	0	1	0
           235	2025-02-07 17:17:54	1	0	1	0
           273	2025-02-07 17:19:56	1	0	1	0
           304	2025-02-07 17:20:02	1	0	1	0
            76	2025-02-07 17:22:54	1	0	1	0
           418	2025-02-07 17:24:43	1	0	1	0
           405	2025-02-07 17:26:24	1	0	1	0
            87	2025-02-07 17:28:57	1	0	1	0
           115	2025-02-07 17:36:47	1	0	1	0
           353	2025-02-07 17:40:20	1	0	1	0
           347	2025-02-07 18:02:07	1	0	1	0
           226	2025-02-07 18:05:31	1	0	1	0
           287	2025-02-07 18:05:37	1	0	1	0
           266	2025-02-07 18:50:44	1	0	1	0
           331	2025-02-07 19:21:59	1	0	1	0
           404	2025-02-07 19:24:13	1	0	1	0
           286	2025-02-07 22:59:26	1	0	1	0
           123	2025-02-07 23:16:04	1	0	1	0
           351	2025-02-08 06:51:35	1	0	1	0
           286	2025-02-08 07:03:46	1	0	1	0
           123	2025-02-08 14:39:50	1	0	1	0
           351	2025-02-08 15:03:21	1	0	1	0
           247	2025-02-08 22:59:08	1	0	1	0
           123	2025-02-08 23:03:54	1	0	1	0
           351	2025-02-09 06:53:35	1	0	1	0
           247	2025-02-09 07:08:14	1	0	1	0
            88	2025-02-09 14:44:07	1	0	1	0
           351	2025-02-09 15:00:24	1	0	1	0
           247	2025-02-09 22:51:04	1	0	1	0
            88	2025-02-09 23:09:21	1	0	1	0
           118	2025-02-10 05:41:42	1	0	1	0
           271	2025-02-10 06:15:36	1	0	1	0
           276	2025-02-10 06:16:24	1	0	1	0
            78	2025-02-10 06:19:06	1	0	15	0
           279	2025-02-10 06:27:41	1	0	15	0
           355	2025-02-10 06:42:27	1	0	1	0
           277	2025-02-10 06:43:04	1	0	1	0
           302	2025-02-10 06:48:15	1	0	1	0
            58	2025-02-10 06:55:46	1	0	15	0
            17	2025-02-10 06:58:12	1	0	1	0
            40	2025-02-10 06:58:22	1	0	1	0
           376	2025-02-10 06:58:37	1	0	1	0
           236	2025-02-10 07:04:28	1	0	15	0
           429	2025-02-10 07:05:20	1	0	1	0
           255	2025-02-10 07:05:38	1	0	1	0
            83	2025-02-10 07:05:50	1	0	1	0
           397	2025-02-10 07:09:39	1	0	1	0
           241	2025-02-10 07:10:38	1	0	1	0
           404	2025-02-10 07:12:21	1	0	1	0
            64	2025-02-10 07:12:34	1	0	1	0
           432	2025-02-10 07:12:51	1	0	1	0
           247	2025-02-10 07:13:07	1	0	1	0
           331	2025-02-10 07:15:06	1	0	1	0
           402	2025-02-10 07:15:24	1	0	1	0
           212	2025-02-10 07:16:12	1	0	1	0
            71	2025-02-10 07:19:40	1	0	1	0
           360	2025-02-10 07:19:47	1	0	1	0
           426	2025-02-10 07:20:00	1	0	1	0
            59	2025-02-10 07:21:36	1	0	1	0
           344	2025-02-10 07:21:45	1	0	1	0
            87	2025-02-10 07:22:45	1	0	1	0
           382	2025-02-10 07:23:58	1	0	1	0
           424	2025-02-10 07:24:32	1	0	1	0
           383	2025-02-10 07:25:44	1	0	1	0
           345	2025-02-10 07:25:51	1	0	1	0
           226	2025-02-10 07:26:06	1	0	1	0
           264	2025-02-10 07:26:44	1	0	1	0
           303	2025-02-10 07:27:19	1	0	1	0
           234	2025-02-10 07:28:28	1	0	1	0
           340	2025-02-10 07:29:03	1	0	1	0
           398	2025-02-10 07:29:09	1	0	1	0
           430	2025-02-10 07:29:15	1	0	1	0
           273	2025-02-10 07:30:05	1	0	1	0
           427	2025-02-10 07:30:28	1	0	1	0
           418	2025-02-10 07:31:17	1	0	1	0
           111	2025-02-10 07:31:30	1	0	1	0
            61	2025-02-10 07:34:11	1	0	1	0
           301	2025-02-10 07:34:24	1	0	1	0
           417	2025-02-10 07:36:17	1	0	1	0
           265	2025-02-10 07:36:38	1	0	1	0
            76	2025-02-10 07:38:06	1	0	1	0
           419	2025-02-10 07:38:56	1	0	1	0
           304	2025-02-10 07:39:46	1	0	1	0
           263	2025-02-10 07:39:52	1	0	1	0
           374	2025-02-10 07:39:58	1	0	1	0
           353	2025-02-10 07:40:31	1	0	1	0
           231	2025-02-10 07:42:46	1	0	1	0
           415	2025-02-10 07:43:55	1	0	1	0
           400	2025-02-10 07:45:31	1	0	1	0
           207	2025-02-10 07:46:52	1	0	1	0
           408	2025-02-10 07:48:19	1	0	1	0
           332	2025-02-10 07:49:48	1	0	1	0
           245	2025-02-10 07:52:52	1	0	1	0
           292	2025-02-10 07:55:27	1	0	1	0
           354	2025-02-10 07:55:43	1	0	1	0
           230	2025-02-10 08:07:24	1	0	1	0
           343	2025-02-10 08:11:28	1	0	1	0
           243	2025-02-10 08:11:54	1	0	1	0
           405	2025-02-10 08:22:41	1	0	1	0
           119	2025-02-10 08:41:34	1	0	1	0
           236	2025-02-10 11:01:51	1	0	15	0
           238	2025-02-10 11:02:32	1	0	1	0
           299	2025-02-10 11:02:39	1	0	1	0
           279	2025-02-10 11:03:38	1	0	15	0
           277	2025-02-10 11:03:49	1	0	1	0
           400	2025-02-10 11:04:07	1	0	1	0
           271	2025-02-10 11:04:17	1	0	1	0
           385	2025-02-10 11:04:26	1	0	1	0
           400	2025-02-10 11:08:48	1	0	1	0
            40	2025-02-10 11:30:04	1	0	1	0
            58	2025-02-10 11:30:44	1	0	1	0
           379	2025-02-10 11:31:37	1	0	1	0
           382	2025-02-10 11:32:31	1	1	1	0
           294	2025-02-10 11:32:34	1	1	1	0
           234	2025-02-10 11:32:38	1	1	1	0
           212	2025-02-10 11:32:47	1	1	1	0
           207	2025-02-10 11:35:03	1	1	1	0
           430	2025-02-10 11:43:50	1	1	1	0
           265	2025-02-10 11:44:50	1	1	1	0
           398	2025-02-10 11:57:27	1	1	1	0
           369	2025-02-10 11:58:05	1	1	1	0
           399	2025-02-10 11:58:17	1	1	1	0
           331	2025-02-10 12:01:16	1	1	15	0
           303	2025-02-10 12:02:19	1	1	1	0
           332	2025-02-10 12:02:25	1	1	1	0
           345	2025-02-10 12:02:36	1	1	1	0
           343	2025-02-10 12:02:39	1	1	1	0
           207	2025-02-10 12:02:51	1	1	1	0
           241	2025-02-10 12:02:58	1	1	1	0
           277	2025-02-10 12:03:10	1	1	1	0
           408	2025-02-10 12:03:15	1	1	1	0
           119	2025-02-10 12:03:23	1	1	1	0
           299	2025-02-10 12:03:31	1	1	1	0
           417	2025-02-10 12:03:38	1	1	1	0
           266	2025-02-10 12:03:44	1	1	1	0
           243	2025-02-10 12:04:04	1	1	1	0
           419	2025-02-10 12:04:52	1	1	1	0
           383	2025-02-10 12:04:59	1	1	1	0
            94	2025-02-10 12:05:19	1	1	1	0
           230	2025-02-10 12:05:36	1	1	1	0
           382	2025-02-10 12:05:44	1	0	1	0
           360	2025-02-10 12:05:51	1	0	1	0
           404	2025-02-10 12:05:57	1	0	1	0
           386	2025-02-10 12:06:03	1	0	1	0
           279	2025-02-10 12:06:10	1	0	15	0
           432	2025-02-10 12:06:32	1	0	1	0
           427	2025-02-10 12:06:34	1	0	1	0
           429	2025-02-10 12:06:40	1	0	1	0
           368	2025-02-10 12:06:46	1	0	1	0
            76	2025-02-10 12:06:57	1	0	1	0
           234	2025-02-10 12:07:00	1	0	1	0
           354	2025-02-10 12:07:03	1	0	1	0
           273	2025-02-10 12:07:30	1	0	1	0
           304	2025-02-10 12:07:41	1	0	1	0
           115	2025-02-10 12:07:48	1	0	1	0
           301	2025-02-10 12:08:06	1	0	1	0
           292	2025-02-10 12:09:04	1	0	1	0
            59	2025-02-10 12:09:08	1	0	1	0
           212	2025-02-10 12:09:39	1	0	1	0
           415	2025-02-10 12:10:18	1	0	1	0
            94	2025-02-10 12:10:52	1	0	1	0
            40	2025-02-10 12:11:04	1	0	1	0
           418	2025-02-10 12:11:10	1	0	1	0
            71	2025-02-10 12:11:28	1	0	1	0
           340	2025-02-10 12:11:36	1	1	1	0
           405	2025-02-10 12:11:39	1	1	1	0
           359	2025-02-10 12:11:43	1	1	1	0
           424	2025-02-10 12:11:56	1	1	1	0
           271	2025-02-10 12:12:01	1	1	1	0
           385	2025-02-10 12:12:16	1	1	1	0
           226	2025-02-10 12:14:45	1	1	1	0
           287	2025-02-10 12:14:57	1	1	1	0
           344	2025-02-10 12:17:04	1	1	1	0
           332	2025-02-10 12:17:20	1	1	1	0
           303	2025-02-10 12:17:30	1	1	1	0
           230	2025-02-10 12:19:29	1	1	1	0
           244	2025-02-10 12:19:35	1	1	1	0
           118	2025-02-10 12:19:42	1	1	1	0
           264	2025-02-10 12:19:47	1	1	1	0
           353	2025-02-10 12:19:52	1	1	1	0
            61	2025-02-10 12:19:55	1	1	1	0
           427	2025-02-10 12:20:06	1	1	1	0
           404	2025-02-10 12:21:41	1	1	1	0
           429	2025-02-10 12:21:47	1	1	1	0
           361	2025-02-10 12:22:14	1	1	1	0
           360	2025-02-10 12:22:39	1	1	1	0
           119	2025-02-10 12:22:42	1	1	1	0
           292	2025-02-10 12:23:05	1	1	15	0
           302	2025-02-10 12:24:04	1	1	1	0
           241	2025-02-10 12:24:07	1	1	1	0
           402	2025-02-10 12:24:18	1	1	1	0
           354	2025-02-10 12:24:21	1	1	1	0
           417	2025-02-10 12:25:36	1	1	1	0
           287	2025-02-10 12:26:36	1	1	1	0
           264	2025-02-10 12:26:43	1	1	1	0
           353	2025-02-10 12:26:46	1	1	1	0
           226	2025-02-10 12:27:06	1	1	1	0
           383	2025-02-10 12:27:24	1	1	1	0
           301	2025-02-10 12:27:32	1	1	1	0
           118	2025-02-10 12:27:47	1	1	1	0
           304	2025-02-10 12:28:42	1	1	1	0
           273	2025-02-10 12:28:47	1	1	1	0
           419	2025-02-10 12:29:01	1	1	1	0
           266	2025-02-10 12:29:24	1	1	1	0
           343	2025-02-10 12:30:13	1	1	1	0
           238	2025-02-10 12:32:19	1	1	1	0
           245	2025-02-10 12:32:36	1	1	1	0
           408	2025-02-10 12:32:39	1	1	1	0
           115	2025-02-10 12:32:53	1	1	1	0
           430	2025-02-10 12:35:19	1	1	1	0
            71	2025-02-10 12:35:34	1	1	1	0
           405	2025-02-10 12:35:37	1	1	1	0
           398	2025-02-10 12:36:23	1	1	1	0
           344	2025-02-10 12:36:30	1	1	1	0
           432	2025-02-10 12:37:08	1	1	1	0
           276	2025-02-10 12:38:14	1	1	1	0
           243	2025-02-10 12:38:42	1	1	1	0
           399	2025-02-10 12:39:04	1	1	1	0
           369	2025-02-10 12:39:05	1	1	1	0
           402	2025-02-10 12:39:16	1	1	1	0
           376	2025-02-10 12:39:20	1	1	1	0
           345	2025-02-10 12:40:29	1	1	1	0
           255	2025-02-10 12:41:06	1	1	1	0
           245	2025-02-10 12:42:11	1	1	1	0
           361	2025-02-10 12:42:18	1	1	1	0
           340	2025-02-10 12:45:02	1	1	1	0
            59	2025-02-10 12:45:09	1	1	1	0
           424	2025-02-10 12:46:13	1	1	1	0
           236	2025-02-10 12:48:02	1	1	1	0
           415	2025-02-10 12:48:15	1	1	1	0
            58	2025-02-10 12:51:56	1	1	15	0
           265	2025-02-10 12:52:59	1	1	1	0
           374	2025-02-10 12:53:10	1	1	1	0
           374	2025-02-10 12:56:21	1	1	1	0
           312	2025-02-10 12:56:34	1	1	1	0
           312	2025-02-10 12:58:47	1	1	1	0
            76	2025-02-10 12:59:15	1	1	1	0
           298	2025-02-10 14:11:32	1	1	1	0
           123	2025-02-10 14:45:25	1	1	1	0
           286	2025-02-10 14:57:18	1	1	1	0
           247	2025-02-10 15:10:10	1	1	1	0
           431	2025-02-10 15:10:46	1	1	15	0
           400	2025-02-10 16:28:34	1	1	1	0
           344	2025-02-10 17:01:40	1	1	1	0
            71	2025-02-10 17:02:23	1	1	1	0
           361	2025-02-10 17:02:27	1	1	1	0
           432	2025-02-10 17:02:38	1	1	1	0
           397	2025-02-10 17:02:45	1	1	1	0
           212	2025-02-10 17:03:22	1	1	1	0
           271	2025-02-10 17:03:41	1	1	1	0
           385	2025-02-10 17:03:45	1	1	1	0
           244	2025-02-10 17:03:52	1	1	1	0
           382	2025-02-10 17:04:07	1	1	1	0
           299	2025-02-10 17:04:16	1	1	1	0
           238	2025-02-10 17:04:32	1	1	1	0
           236	2025-02-10 17:04:35	1	1	1	0
           340	2025-02-10 17:04:40	1	1	1	0
           371	2025-02-10 17:04:45	1	1	1	0
           424	2025-02-10 17:04:58	1	1	1	0
           376	2025-02-10 17:05:24	1	1	1	0
           419	2025-02-10 17:05:29	1	1	1	0
            61	2025-02-10 17:06:13	1	1	1	0
           332	2025-02-10 17:06:17	1	1	1	0
           234	2025-02-10 17:06:40	1	1	1	0
            94	2025-02-10 17:06:43	1	1	1	0
           301	2025-02-10 17:06:51	1	1	1	0
           398	2025-02-10 17:07:05	1	1	1	0
           374	2025-02-10 17:07:12	1	1	1	0
           352	2025-02-10 17:07:17	1	1	1	0
           277	2025-02-10 17:07:36	1	1	1	0
            40	2025-02-10 17:07:56	1	1	1	0
           207	2025-02-10 17:08:20	1	1	1	0
           279	2025-02-10 17:08:30	1	1	15	0
           354	2025-02-10 17:08:42	1	1	1	0
           241	2025-02-10 17:08:49	1	1	1	0
           405	2025-02-10 17:09:05	1	1	1	0
           430	2025-02-10 17:09:09	1	1	1	0
           383	2025-02-10 17:09:24	1	1	1	0
           118	2025-02-10 17:09:30	1	1	1	0
           230	2025-02-10 17:09:37	1	1	1	0
           402	2025-02-10 17:10:59	1	1	1	0
           429	2025-02-10 17:11:51	1	1	1	0
            58	2025-02-10 17:12:01	1	1	15	0
           427	2025-02-10 17:12:25	1	1	1	0
           369	2025-02-10 17:12:44	1	1	1	0
           415	2025-02-10 17:12:49	1	1	1	0
           408	2025-02-10 17:13:00	1	1	1	0
           343	2025-02-10 17:13:07	1	1	1	0
           119	2025-02-10 17:13:59	1	1	1	0
           399	2025-02-10 17:14:32	1	1	1	0
           360	2025-02-10 17:15:10	1	1	1	0
           345	2025-02-10 17:15:30	1	1	1	0
           265	2025-02-10 17:17:52	1	1	1	0
           245	2025-02-10 17:18:00	1	1	1	0
           273	2025-02-10 17:18:02	1	1	1	0
            76	2025-02-10 17:18:44	1	1	1	0
           418	2025-02-10 17:20:34	1	1	1	0
            36	2025-02-10 17:22:47	1	1	1	0
           264	2025-02-10 17:26:19	1	1	1	0
           243	2025-02-10 17:31:59	1	1	1	0
           115	2025-02-10 17:34:44	1	1	1	0
           353	2025-02-10 17:46:51	1	1	1	0
           292	2025-02-10 17:50:07	1	1	1	0
           304	2025-02-10 17:52:01	1	1	1	0
           404	2025-02-10 18:12:54	1	1	1	0
           226	2025-02-10 18:15:54	1	1	1	0
           266	2025-02-10 18:33:15	1	1	1	0
            88	2025-02-10 22:40:43	1	1	1	0
           286	2025-02-10 23:04:18	1	1	15	0
           123	2025-02-10 23:06:15	1	1	1	0
           271	2025-02-11 06:03:24	1	1	1	0
           385	2025-02-11 06:09:31	1	1	1	0
            83	2025-02-11 06:10:36	1	1	1	0
           279	2025-02-11 06:14:04	1	1	15	0
           276	2025-02-11 06:14:57	1	1	1	0
           277	2025-02-11 06:15:02	1	1	1	0
           387	2025-02-11 06:36:28	1	1	1	0
           429	2025-02-11 06:39:18	1	1	1	0
           355	2025-02-11 06:40:38	1	1	1	0
           236	2025-02-11 06:46:13	1	1	1	0
           123	2025-02-11 06:50:56	1	1	1	0
           299	2025-02-11 06:54:44	1	1	1	0
           238	2025-02-11 06:54:50	1	1	1	0
           432	2025-02-11 06:58:06	1	1	1	0
            40	2025-02-11 07:03:09	1	1	1	0
           262	2025-02-11 07:04:31	1	1	1	0
           383	2025-02-11 07:05:49	1	1	1	0
           304	2025-02-11 07:06:56	1	1	1	0
           397	2025-02-11 07:07:19	1	0	1	0
            58	2025-02-11 07:07:26	1	0	1	0
           241	2025-02-11 07:07:54	1	0	1	0
            63	2025-02-11 07:10:26	1	0	1	0
           398	2025-02-11 07:11:51	1	0	1	0
           340	2025-02-11 07:12:04	1	0	1	0
           424	2025-02-11 07:13:02	1	0	1	0
           404	2025-02-11 07:13:15	1	0	1	0
           361	2025-02-11 07:13:45	1	0	1	0
           212	2025-02-11 07:13:54	1	0	1	0
           244	2025-02-11 07:14:15	1	0	1	0
           418	2025-02-11 07:14:58	1	0	1	0
           303	2025-02-11 07:15:33	1	0	1	0
           400	2025-02-11 07:16:17	1	0	1	0
           231	2025-02-11 07:16:57	1	0	1	0
           353	2025-02-11 07:20:27	1	0	1	0
           400	2025-02-11 07:20:30	1	0	1	0
            61	2025-02-11 07:20:38	1	0	1	0
           273	2025-02-11 07:20:44	1	0	1	0
           129	2025-02-11 07:22:09	1	0	1	0
           417	2025-02-11 07:23:00	1	0	1	0
           314	2025-02-11 07:23:04	1	0	1	0
            67	2025-02-11 07:23:07	1	0	1	0
           382	2025-02-11 07:24:08	1	0	1	0
           234	2025-02-11 07:24:19	1	0	1	0
           360	2025-02-11 07:24:49	1	0	1	0
           379	2025-02-11 07:25:09	1	0	1	0
            36	2025-02-11 07:25:51	1	0	1	0
           345	2025-02-11 07:28:09	1	0	1	0
           427	2025-02-11 07:29:23	1	0	1	0
           408	2025-02-11 07:30:12	1	0	1	0
           368	2025-02-11 07:30:18	1	0	1	0
            64	2025-02-11 07:31:25	1	0	1	0
            59	2025-02-11 07:32:59	1	0	1	0
           344	2025-02-11 07:33:19	1	0	1	0
           287	2025-02-11 07:33:56	1	0	1	0
           426	2025-02-11 07:34:34	1	0	1	0
           207	2025-02-11 07:34:54	1	0	1	0
           332	2025-02-11 07:35:02	1	0	1	0
           428	2025-02-11 07:35:08	1	0	1	0
           331	2025-02-11 07:35:14	1	0	1	0
           118	2025-02-11 07:35:39	1	0	1	0
           430	2025-02-11 07:35:44	1	0	1	0
           376	2025-02-11 07:36:27	1	0	1	0
           265	2025-02-11 07:38:07	1	0	1	0
           245	2025-02-11 07:38:35	1	0	1	0
           374	2025-02-11 07:39:12	1	0	1	0
           402	2025-02-11 07:41:36	1	0	1	0
           419	2025-02-11 07:41:43	1	0	1	0
           369	2025-02-11 07:46:00	1	0	1	0
            76	2025-02-11 07:46:03	1	0	1	0
           115	2025-02-11 07:50:06	1	0	1	0
           264	2025-02-11 07:52:25	1	0	1	0
            71	2025-02-11 07:52:36	1	0	1	0
           301	2025-02-11 07:52:46	1	0	1	0
           226	2025-02-11 07:54:47	1	0	1	0
           292	2025-02-11 07:54:55	1	0	1	0
            92	2025-02-11 07:56:27	1	0	1	0
           415	2025-02-11 07:59:08	1	0	1	0
           243	2025-02-11 08:00:33	1	0	1	0
           263	2025-02-11 08:04:02	1	0	1	0
           354	2025-02-11 08:06:06	1	0	1	0
           343	2025-02-11 08:16:30	1	0	15	0
           119	2025-02-11 08:21:29	1	0	1	0
           230	2025-02-11 08:24:16	1	0	1	0
           433	2025-02-11 08:53:03	1	0	15	0
           276	2025-02-11 11:02:58	1	0	1	0
           279	2025-02-11 11:03:15	1	0	15	0
           277	2025-02-11 11:03:38	1	0	15	0
           400	2025-02-11 11:04:07	1	0	1	0
           385	2025-02-11 11:04:25	1	0	1	0
           271	2025-02-11 11:05:24	1	0	1	0
           400	2025-02-11 11:09:41	1	0	1	0
           299	2025-02-11 11:11:43	1	0	1	0
           238	2025-02-11 11:11:48	1	0	1	0
           236	2025-02-11 11:11:54	1	0	1	0
           398	2025-02-11 11:33:29	1	1	1	0
           212	2025-02-11 11:34:12	1	1	1	0
            58	2025-02-11 11:34:52	1	1	15	0
           369	2025-02-11 11:36:57	1	1	1	0
           368	2025-02-11 11:41:57	1	1	1	0
           430	2025-02-11 11:42:03	1	1	1	0
           382	2025-02-11 11:47:12	1	1	1	0
           353	2025-02-11 11:49:58	1	1	1	0
            67	2025-02-11 11:57:23	1	1	1	0
           244	2025-02-11 11:58:48	1	1	1	0
           345	2025-02-11 12:01:24	1	1	1	0
           243	2025-02-11 12:01:31	1	1	1	0
           241	2025-02-11 12:02:19	1	1	1	0
           273	2025-02-11 12:02:27	1	1	1	0
           304	2025-02-11 12:02:37	1	1	1	0
           234	2025-02-11 12:02:45	1	1	1	0
            76	2025-02-11 12:02:47	1	1	1	0
           226	2025-02-11 12:03:09	1	1	1	0
           368	2025-02-11 12:03:17	1	1	1	0
            36	2025-02-11 12:03:25	1	1	1	0
           354	2025-02-11 12:03:38	1	1	1	0
           303	2025-02-11 12:03:45	1	1	1	0
           433	2025-02-11 12:03:47	1	1	1	0
           340	2025-02-11 12:04:00	1	1	1	0
           424	2025-02-11 12:04:04	1	1	1	0
           360	2025-02-11 12:04:11	1	1	1	0
            92	2025-02-11 12:04:24	1	1	1	0
           419	2025-02-11 12:04:28	1	1	1	0
           292	2025-02-11 12:04:44	1	1	1	0
           115	2025-02-11 12:04:48	1	1	1	0
           383	2025-02-11 12:04:54	1	1	1	0
           416	2025-02-11 12:05:01	1	1	15	0
           371	2025-02-11 12:05:08	1	1	15	0
            63	2025-02-11 12:05:12	1	1	1	0
           301	2025-02-11 12:05:16	1	1	1	0
           305	2025-02-11 12:05:19	1	1	1	0
           429	2025-02-11 12:05:26	1	1	1	0
           404	2025-02-11 12:05:31	1	1	1	0
           277	2025-02-11 12:05:45	1	1	1	0
            61	2025-02-11 12:05:56	1	1	1	0
           314	2025-02-11 12:06:12	1	1	1	0
           432	2025-02-11 12:06:17	1	1	1	0
           361	2025-02-11 12:06:24	1	1	1	0
            94	2025-02-11 12:06:31	1	1	1	0
           385	2025-02-11 12:06:55	1	1	1	0
           287	2025-02-11 12:07:08	1	1	1	0
           332	2025-02-11 12:07:51	1	1	1	0
           408	2025-02-11 12:08:45	1	1	1	0
           119	2025-02-11 12:08:48	1	1	1	0
           418	2025-02-11 12:09:52	1	1	1	0
           271	2025-02-11 12:10:05	1	1	1	0
           279	2025-02-11 12:10:11	1	1	15	0
           118	2025-02-11 12:11:03	1	1	1	0
            67	2025-02-11 12:11:18	1	1	1	0
           230	2025-02-11 12:11:25	1	1	1	0
           241	2025-02-11 12:11:33	1	1	1	0
           304	2025-02-11 12:11:38	1	1	1	0
           273	2025-02-11 12:11:40	1	1	1	0
           354	2025-02-11 12:11:44	1	1	1	0
           212	2025-02-11 12:13:16	1	1	1	0
            94	2025-02-11 12:16:15	1	1	1	0
            61	2025-02-11 12:16:22	1	1	1	0
           397	2025-02-11 12:16:34	1	1	1	0
           118	2025-02-11 12:17:23	1	1	1	0
           287	2025-02-11 12:17:37	1	1	1	0
           234	2025-02-11 12:18:08	1	1	1	0
           244	2025-02-11 12:18:12	1	1	1	0
           115	2025-02-11 12:18:27	1	1	1	0
           292	2025-02-11 12:18:29	1	1	1	0
           299	2025-02-11 12:18:59	1	1	1	0
           432	2025-02-11 12:19:10	1	1	1	0
           303	2025-02-11 12:19:28	1	1	1	0
           344	2025-02-11 12:19:48	1	1	1	0
            59	2025-02-11 12:20:33	1	1	1	0
           417	2025-02-11 12:20:43	1	1	1	0
            71	2025-02-11 12:21:35	1	1	1	0
           343	2025-02-11 12:22:26	1	1	1	0
           345	2025-02-11 12:22:28	1	1	1	0
           402	2025-02-11 12:24:08	1	1	1	0
           408	2025-02-11 12:24:42	1	1	1	0
           119	2025-02-11 12:24:59	1	1	1	0
           245	2025-02-11 12:25:36	1	1	1	0
           265	2025-02-11 12:25:47	1	1	1	0
            87	2025-02-11 12:26:05	1	1	1	0
           404	2025-02-11 12:27:34	1	1	1	0
           243	2025-02-11 12:28:56	1	1	1	0
           376	2025-02-11 12:29:53	1	1	1	0
            92	2025-02-11 12:30:19	1	1	15	0
           276	2025-02-11 12:30:41	1	1	1	0
           305	2025-02-11 12:31:50	1	1	1	0
           383	2025-02-11 12:31:52	1	1	1	0
           263	2025-02-11 12:32:16	1	1	1	0
           360	2025-02-11 12:32:21	1	1	1	0
           398	2025-02-11 12:33:02	1	1	1	0
           262	2025-02-11 12:34:56	1	1	1	0
           264	2025-02-11 12:36:17	1	1	1	0
           402	2025-02-11 12:37:27	1	1	1	0
           397	2025-02-11 12:39:07	1	0	1	0
           265	2025-02-11 12:39:18	1	0	1	0
           245	2025-02-11 12:39:21	1	0	1	0
           376	2025-02-11 12:39:30	1	0	1	0
           369	2025-02-11 12:39:49	1	0	1	0
           415	2025-02-11 12:39:55	1	0	1	0
           430	2025-02-11 12:40:20	1	0	1	0
           238	2025-02-11 12:40:44	1	0	1	0
           417	2025-02-11 12:40:51	1	0	1	0
           382	2025-02-11 12:41:08	1	0	1	0
           419	2025-02-11 12:41:23	1	0	1	0
            63	2025-02-11 12:42:56	1	0	1	0
           340	2025-02-11 12:42:59	1	0	1	0
           424	2025-02-11 12:43:12	1	0	1	0
            59	2025-02-11 12:43:25	1	0	1	0
           359	2025-02-11 12:43:40	1	0	1	0
            71	2025-02-11 12:43:48	1	0	1	0
           433	2025-02-11 12:44:21	1	0	1	0
           226	2025-02-11 12:44:27	1	0	1	0
           230	2025-02-11 12:44:38	1	0	1	0
           129	2025-02-11 12:44:45	1	0	1	0
           344	2025-02-11 12:45:17	1	0	1	0
           374	2025-02-11 12:46:11	1	0	1	0
           429	2025-02-11 12:46:55	1	0	1	0
            76	2025-02-11 12:49:27	1	0	1	0
           263	2025-02-11 12:50:05	1	0	1	0
           236	2025-02-11 12:50:11	1	0	1	0
            58	2025-02-11 12:50:26	1	0	1	0
            36	2025-02-11 12:50:34	1	0	1	0
           301	2025-02-11 12:50:41	1	0	1	0
           427	2025-02-11 12:51:12	1	0	1	0
            70	2025-02-11 12:51:17	1	0	1	0
           331	2025-02-11 12:52:21	1	0	1	0
           418	2025-02-11 12:52:27	1	0	1	0
           129	2025-02-11 12:53:44	1	0	1	0
           427	2025-02-11 12:58:03	1	0	1	0
           207	2025-02-11 13:02:21	1	0	1	0
           266	2025-02-11 13:10:14	1	0	1	0
